iteration,exploration_rate,ranking_strategy,accuracy,precision,recall,kickout,training_set_size,training_default_rate,n_rejects_total,n_explored,n_explored_defaulted,n_explored_repaid,exploration_default_rate,reject_default_rate,exploration_cost,explored_risk_mean,run,dataset,model
0,0.0,least_risky,0.7825,0.5335051546391752,0.07852807283763277,0.06701030927835051,60000,0.22338333333333332,0,0,0,0,0.0,0.0,0.0,0.0,0,lendingclub_imb77,gbdt
1,0.0,least_risky,0.7811076923076923,0.5084745762711864,0.050519225371877634,0.01694915254237288,81250,0.2208123076923077,702,0,0,0,0.0,0.0,0.0,0.0,0,lendingclub_imb77,gbdt
2,0.0,least_risky,0.7812652305292913,0.5661538461538461,0.04060913705583756,0.13230769230769232,102590,0.21955356272541182,612,0,0,0,0.0,0.0,0.0,0.0,0,lendingclub_imb77,gbdt
3,0.0,least_risky,0.7844820636839984,0.592814371257485,0.036605657237936774,0.18562874251497005,124049,0.21880063523285154,493,0,0,0,0.0,0.0,0.0,0.0,0,lendingclub_imb77,gbdt
4,0.0,least_risky,0.7876069697907001,0.5837696335078534,0.03571428571428571,0.16753926701570682,145485,0.21822180980857134,516,0,0,0,0.0,0.0,0.0,0.0,0,lendingclub_imb77,gbdt
5,0.0,least_risky,0.7848260569921793,0.6016713091922006,0.02977667493796526,0.20334261838440112,166865,0.2180864770922602,572,0,0,0,0.0,0.0,0.0,0.0,0,lendingclub_imb77,gbdt
6,0.0,least_risky,0.7843392368763442,0.6218274111675127,0.029812606473594547,0.2436548223350254,188302,0.2178415523998683,515,0,0,0,0.0,0.0,0.0,0.0,0,lendingclub_imb77,gbdt
7,0.0,least_risky,0.785457232059868,0.6373056994818653,0.027009222661396576,0.27461139896373055,209795,0.2179365571152792,459,0,0,0,0.0,0.0,0.0,0.0,0,lendingclub_imb77,gbdt
8,0.0,least_risky,0.7845252507782774,0.6355140186915887,0.020290431668987467,0.27102803738317754,231278,0.21750879893461547,469,0,0,0,0.0,0.0,0.0,0.0,0,lendingclub_imb77,gbdt
9,0.0,least_risky,0.7817005874325046,0.5739348370927319,0.02063806777217015,0.14786967418546365,252793,0.21740317176504095,437,0,0,0,0.0,0.0,0.0,0.0,0,lendingclub_imb77,gbdt
10,0.0,least_risky,0.7817678047357772,0.5776081424936387,0.018864788498296352,0.15521628498727735,274291,0.2176119522696698,454,0,0,0,0.0,0.0,0.0,0.0,0,lendingclub_imb77,gbdt
0,0.0,least_risky,0.7815,0.5657894736842105,0.08046407185628743,0.13157894736842105,60000,0.22658333333333333,0,0,0,0,0.0,0.0,0.0,0.0,1,lendingclub_imb77,gbdt
1,0.0,least_risky,0.777572737897521,0.5443786982248521,0.050466264399341744,0.08875739644970414,81285,0.2231900104570339,667,0,0,0,0.0,0.0,0.0,0.0,1,lendingclub_imb77,gbdt
2,0.0,least_risky,0.7816002338953318,0.6011560693641619,0.04569420035149385,0.2023121387283237,102610,0.21991034012279506,627,0,0,0,0.0,0.0,0.0,0.0,1,lendingclub_imb77,gbdt
3,0.0,least_risky,0.7841880341880342,0.5860058309037901,0.03713968957871397,0.17201166180758018,124017,0.21962311618568423,545,0,0,0,0.0,0.0,0.0,0.0,1,lendingclub_imb77,gbdt
4,0.0,least_risky,0.7817656765676567,0.5777777777777777,0.03247970018738289,0.15555555555555556,145437,0.2187063814572633,532,0,0,0,0.0,0.0,0.0,0.0,1,lendingclub_imb77,gbdt
5,0.0,least_risky,0.7837198154473006,0.5804597701149425,0.027766323024054983,0.16091954022988506,166890,0.218071783809695,499,0,0,0,0.0,0.0,0.0,0.0,1,lendingclub_imb77,gbdt
6,0.0,least_risky,0.7815378082119064,0.6242038216560509,0.02358887952822241,0.2484076433121019,188382,0.21773842511492605,460,0,0,0,0.0,0.0,0.0,0.0,1,lendingclub_imb77,gbdt
7,0.0,least_risky,0.7831110052405907,0.5846560846560847,0.02410295561129894,0.1693121693121693,209899,0.2176713562237076,435,0,0,0,0.0,0.0,0.0,0.0,1,lendingclub_imb77,gbdt
8,0.0,least_risky,0.7858948596616322,0.5690072639225182,0.023580172586795102,0.13801452784503632,231405,0.21755796115036408,446,0,0,0,0.0,0.0,0.0,0.0,1,lendingclub_imb77,gbdt
9,0.0,least_risky,0.7840702364945029,0.5946666666666667,0.02028932763169866,0.18933333333333333,252858,0.21750943217141636,499,0,0,0,0.0,0.0,0.0,0.0,1,lendingclub_imb77,gbdt
10,0.0,least_risky,0.7824185436256287,0.6,0.017982017982017984,0.2,274377,0.21760205848157826,433,0,0,0,0.0,0.0,0.0,0.0,1,lendingclub_imb77,gbdt
0,0.0,least_risky,0.7783333333333333,0.5588235294117647,0.06342729970326409,0.11764705882352941,60000,0.2216,0,0,0,0,0.0,0.0,0.0,0.0,2,lendingclub_imb77,gbdt
1,0.0,least_risky,0.7778255528255529,0.5548172757475083,0.04575342465753424,0.10963455149501661,81398,0.2194402810879874,554,0,0,0,0.0,0.0,0.0,0.0,2,lendingclub_imb77,gbdt
2,0.0,least_risky,0.7815097457833082,0.580952380952381,0.04025516937967444,0.1619047619047619,102863,0.2190778025140235,487,0,0,0,0.0,0.0,0.0,0.0,2,lendingclub_imb77,gbdt
3,0.0,least_risky,0.7846135275419467,0.5718562874251497,0.03536382151453434,0.1437125748502994,124265,0.21817084456604838,550,0,0,0,0.0,0.0,0.0,0.0,2,lendingclub_imb77,gbdt
4,0.0,least_risky,0.7841111873713109,0.5250737463126843,0.028218135700697526,0.05014749262536873,145697,0.21760914775184115,520,0,0,0,0.0,0.0,0.0,0.0,2,lendingclub_imb77,gbdt
5,0.0,least_risky,0.782102680708473,0.5884244372990354,0.024938675388389207,0.17684887459807075,167119,0.2170010591255333,530,0,0,0,0.0,0.0,0.0,0.0,2,lendingclub_imb77,gbdt
6,0.0,least_risky,0.7849436713055004,0.5661971830985916,0.02463235294117647,0.1323943661971831,188625,0.21671570576540755,446,0,0,0,0.0,0.0,0.0,0.0,2,lendingclub_imb77,gbdt
7,0.0,least_risky,0.7832107930616032,0.6028169014084507,0.023301393728222996,0.2056338028169014,210131,0.2172501915471777,446,0,0,0,0.0,0.0,0.0,0.0,2,lendingclub_imb77,gbdt
8,0.0,least_risky,0.782462275759342,0.5703125,0.02161681966242227,0.140625,231614,0.2173875499753901,469,0,0,0,0.0,0.0,0.0,0.0,2,lendingclub_imb77,gbdt
9,0.0,least_risky,0.7794721871049305,0.5880829015544041,0.02021011396011396,0.17616580310880828,253120,0.21795986093552466,446,0,0,0,0.0,0.0,0.0,0.0,2,lendingclub_imb77,gbdt
10,0.0,least_risky,0.7805366439727673,0.5567282321899736,0.017439457806430282,0.11345646437994723,274670,0.21778133760512616,402,0,0,0,0.0,0.0,0.0,0.0,2,lendingclub_imb77,gbdt
0,0.0,least_risky,0.7776666666666666,0.526813880126183,0.062197392923649904,0.05362776025236593,60000,0.22273333333333334,0,0,0,0,0.0,0.0,0.0,0.0,3,lendingclub_imb77,gbdt
1,0.0,least_risky,0.7820504945021193,0.5874587458745875,0.04943071369064149,0.17491749174917492,81395,0.22034523005098594,557,0,0,0,0.0,0.0,0.0,0.0,3,lendingclub_imb77,gbdt
2,0.0,least_risky,0.7785339296130663,0.5787965616045845,0.04380828453697679,0.15759312320916904,102857,0.21887669288429568,490,0,0,0,0.0,0.0,0.0,0.0,3,lendingclub_imb77,gbdt
3,0.0,least_risky,0.7786539003097719,0.5955414012738853,0.033620999640417114,0.1910828025477707,124285,0.21829665687733837,524,0,0,0,0.0,0.0,0.0,0.0,3,lendingclub_imb77,gbdt
4,0.0,least_risky,0.7859715314697308,0.5813953488372093,0.03176620076238882,0.16279069767441862,145773,0.21800333395073163,464,0,0,0,0.0,0.0,0.0,0.0,3,lendingclub_imb77,gbdt
5,0.0,least_risky,0.7834459661503499,0.5994475138121547,0.029669127700300793,0.19889502762430938,167210,0.2175647389510197,515,0,0,0,0.0,0.0,0.0,0.0,3,lendingclub_imb77,gbdt
6,0.0,least_risky,0.7798860474360673,0.6585365853658537,0.022508038585209004,0.3170731707317073,188671,0.21782361889214558,491,0,0,0,0.0,0.0,0.0,0.0,3,lendingclub_imb77,gbdt
7,0.0,least_risky,0.781591152336782,0.5980707395498392,0.020121159671138037,0.19614147909967847,210223,0.21771642493923118,400,0,0,0,0.0,0.0,0.0,0.0,3,lendingclub_imb77,gbdt
8,0.0,least_risky,0.7824539453815954,0.6495176848874598,0.01984672823737473,0.2990353697749196,231786,0.21813655699653992,389,0,0,0,0.0,0.0,0.0,0.0,3,lendingclub_imb77,gbdt
9,0.0,least_risky,0.7831372858608984,0.6467065868263473,0.019484033916651634,0.2934131736526946,253340,0.21831136022736244,398,0,0,0,0.0,0.0,0.0,0.0,3,lendingclub_imb77,gbdt
10,0.0,least_risky,0.7849346964019355,0.5994475138121547,0.018242959226565783,0.19889502762430938,274869,0.21798383957448822,423,0,0,0,0.0,0.0,0.0,0.0,3,lendingclub_imb77,gbdt
0,0.0,least_risky,0.7716666666666666,0.5641025641025641,0.06330935251798561,0.1282051282051282,60000,0.22443333333333335,0,0,0,0,0.0,0.0,0.0,0.0,4,lendingclub_imb77,gbdt
1,0.0,least_risky,0.7835463258785943,0.603988603988604,0.058954393770856504,0.20797720797720798,81377,0.22106983545719305,575,0,0,0,0.0,0.0,0.0,0.0,4,lendingclub_imb77,gbdt
2,0.0,least_risky,0.7808805643395768,0.573170731707317,0.04130052724077329,0.14634146341463414,102771,0.22009127088380964,558,0,0,0,0.0,0.0,0.0,0.0,4,lendingclub_imb77,gbdt
3,0.0,least_risky,0.7808825897890159,0.538961038961039,0.030369557263080865,0.07792207792207792,124176,0.2195593351372246,547,0,0,0,0.0,0.0,0.0,0.0,4,lendingclub_imb77,gbdt
4,0.0,least_risky,0.7829638273045507,0.5497382198952879,0.03300848789688777,0.09947643979057591,145687,0.21885274595537008,441,0,0,0,0.0,0.0,0.0,0.0,4,lendingclub_imb77,gbdt
5,0.0,least_risky,0.7873740243428332,0.5911602209944752,0.029821627647714604,0.18232044198895028,167192,0.2183417866883583,447,0,0,0,0.0,0.0,0.0,0.0,4,lendingclub_imb77,gbdt
6,0.0,least_risky,0.785244859020564,0.5506172839506173,0.027378759975445057,0.10123456790123457,188678,0.2178950381072515,466,0,0,0,0.0,0.0,0.0,0.0,4,lendingclub_imb77,gbdt
7,0.0,least_risky,0.7825145711906745,0.5825825825825826,0.0210938349461781,0.16516516516516516,210172,0.21795005995089736,458,0,0,0,0.0,0.0,0.0,0.0,4,lendingclub_imb77,gbdt
8,0.0,least_risky,0.7822643301104972,0.5943661971830986,0.02077589602205593,0.18873239436619718,231680,0.2182493093922652,444,0,0,0,0.0,0.0,0.0,0.0,4,lendingclub_imb77,gbdt
9,0.0,least_risky,0.7835367057615606,0.6317280453257791,0.020170043415340087,0.26345609065155806,253227,0.218156041812287,405,0,0,0,0.0,0.0,0.0,0.0,4,lendingclub_imb77,gbdt
10,0.0,least_risky,0.7840896684741075,0.5763097949886105,0.021201709544959358,0.15261958997722094,274789,0.2179017355134303,390,0,0,0,0.0,0.0,0.0,0.0,4,lendingclub_imb77,gbdt
0,0.01,least_risky,0.7825,0.5335051546391752,0.07852807283763277,0.06701030927835051,60000,0.22338333333333332,0,0,0,0,0.0,0.0,0.0,0.0,0,lendingclub_imb77,gbdt
1,0.01,least_risky,0.7809500369185332,0.5414364640883977,0.05459610027855153,0.08287292817679558,81258,0.22082748775505182,702,8,3,5,0.375,0.5270655270655271,3.0,0.5011370850836177,0,lendingclub_imb77,gbdt
2,0.01,least_risky,0.7822930370803489,0.5329153605015674,0.03787034974381822,0.06583072100313479,102612,0.21964292675320626,605,7,3,4,0.42857142857142855,0.5256198347107438,3.0,0.5003677406431141,0,lendingclub_imb77,gbdt
3,0.01,least_risky,0.7853688029020556,0.5893854748603352,0.039153831879755054,0.1787709497206704,124047,0.21884447024111828,523,6,4,2,0.6666666666666666,0.5621414913957935,4.0,0.5002478711667386,0,lendingclub_imb77,gbdt
4,0.01,least_risky,0.7870080769891734,0.5691056910569106,0.03361075544174136,0.13821138211382114,145473,0.21815732128986134,532,6,4,2,0.6666666666666666,0.6146616541353384,4.0,0.5003984937400053,0,lendingclub_imb77,gbdt
5,0.01,least_risky,0.7842332354527477,0.5845272206303725,0.02809917355371901,0.16905444126074498,166869,0.21803930028944862,562,6,2,4,0.3333333333333333,0.5622775800711743,2.0,0.5007372936204212,0,lendingclub_imb77,gbdt
6,0.01,least_risky,0.7848400371697862,0.6352201257861635,0.024664224664224663,0.27044025157232704,188323,0.21772168030458308,504,6,3,3,0.5,0.6170634920634921,3.0,0.5004251528565894,0,lendingclub_imb77,gbdt
7,0.01,least_risky,0.785009767951589,0.5971014492753624,0.02265977340226598,0.19420289855072465,209868,0.21792269426496655,412,5,1,4,0.2,0.5558252427184466,1.0,0.5004166731935629,0,lendingclub_imb77,gbdt
8,0.01,least_risky,0.7851416470384857,0.5699745547073791,0.022404480896179236,0.13994910941475827,231384,0.2175733845036822,441,5,2,3,0.4,0.5804988662131519,2.0,0.5002779800467453,0,lendingclub_imb77,gbdt
9,0.01,least_risky,0.7830024519496955,0.6175637393767706,0.019716017002803655,0.23512747875354106,252856,0.21741228208941057,485,5,1,4,0.2,0.6185567010309279,1.0,0.5002223405162555,0,lendingclub_imb77,gbdt
10,0.01,least_risky,0.7819304991162054,0.5803108808290155,0.01862166431124782,0.16062176165803108,274385,0.21765038176285148,428,5,1,4,0.2,0.544392523364486,1.0,0.5004112203213079,0,lendingclub_imb77,gbdt
0,0.01,least_risky,0.7815,0.5657894736842105,0.08046407185628743,0.13157894736842105,60000,0.22658333333333333,0,0,0,0,0.0,0.0,0.0,0.0,1,lendingclub_imb77,gbdt
1,0.01,least_risky,0.77932222153884,0.5138888888888888,0.05141745414118955,0.027777777777777776,81292,0.22320769571421542,667,7,3,4,0.42857142857142855,0.5487256371814093,3.0,0.5004778527761092,1,lendingclub_imb77,gbdt
2,0.01,least_risky,0.7835322777101096,0.6327868852459017,0.04266136162687887,0.26557377049180325,102622,0.219904114127575,629,7,1,6,0.14285714285714285,0.5310015898251192,1.0,0.5005595791587911,1,lendingclub_imb77,gbdt
3,0.01,least_risky,0.7825105782792666,0.6262626262626263,0.03399122807017544,0.25252525252525254,124073,0.21974966350454975,507,6,3,3,0.5,0.5621301775147929,3.0,0.5005809738521898,1,lendingclub_imb77,gbdt
4,0.01,least_risky,0.7840233636832159,0.56951871657754,0.03360681603029347,0.13903743315508021,145525,0.21891771173337915,506,6,5,1,0.8333333333333334,0.5474308300395256,5.0,0.5005521099589202,1,lendingclub_imb77,gbdt
5,0.01,least_risky,0.7797143113826251,0.5971014492753624,0.0277515829179577,0.19420289855072465,166961,0.21827852013344434,522,6,3,3,0.5,0.578544061302682,3.0,0.5002479520012454,1,lendingclub_imb77,gbdt
6,0.01,least_risky,0.7815094840164478,0.5952380952380952,0.024096385542168676,0.19047619047619047,188472,0.21800055180610384,446,5,4,1,0.8,0.5538116591928252,4.0,0.5002894098377387,1,lendingclub_imb77,gbdt
7,0.01,least_risky,0.7819419972379638,0.581081081081081,0.02332393143848991,0.16216216216216217,209988,0.2178695925481456,441,5,2,3,0.4,0.6281179138321995,2.0,0.5004946769213978,1,lendingclub_imb77,gbdt
8,0.01,least_risky,0.7835129473252274,0.5786924939467313,0.02368916641887204,0.15738498789346247,231514,0.21778380573097092,431,5,2,3,0.4,0.6264501160092807,2.0,0.5005178084705184,1,lendingclub_imb77,gbdt
9,0.01,least_risky,0.7812012095100693,0.5683060109289617,0.018703354014926715,0.1366120218579235,252991,0.21776268721021697,480,5,4,1,0.8,0.56875,4.0,0.5006928764979359,1,lendingclub_imb77,gbdt
10,0.01,least_risky,0.7818635486103522,0.6024691358024692,0.02023217247097844,0.20493827160493827,274527,0.21781464118283447,421,5,4,1,0.8,0.6033254156769596,4.0,0.5006267584152931,1,lendingclub_imb77,gbdt
0,0.01,least_risky,0.7783333333333333,0.5588235294117647,0.06342729970326409,0.11764705882352941,60000,0.2216,0,0,0,0,0.0,0.0,0.0,0.0,2,lendingclub_imb77,gbdt
1,0.01,least_risky,0.783121429887599,0.5680933852140078,0.04094223219293326,0.13618677042801555,81404,0.2194609601493784,554,6,3,3,0.5,0.5379061371841155,3.0,0.500908555937361,2,lendingclub_imb77,gbdt
2,0.01,least_risky,0.7802507532316065,0.6,0.03734439834024896,0.2,102890,0.2191369423656332,471,5,2,3,0.4,0.554140127388535,2.0,0.5005013956127046,2,lendingclub_imb77,gbdt
3,0.01,least_risky,0.7820667470848411,0.5988023952095808,0.03645643456069996,0.19760479041916168,124350,0.21825492561318857,497,5,4,1,0.8,0.6096579476861167,4.0,0.5004395321630959,2,lendingclub_imb77,gbdt
4,0.01,least_risky,0.7835826015367727,0.544,0.03216650898770104,0.088,145760,0.21765916575192096,548,6,2,4,0.3333333333333333,0.5802919708029197,2.0,0.5004414750730669,2,lendingclub_imb77,gbdt
5,0.01,least_risky,0.7846632372293336,0.5628571428571428,0.027194919933738265,0.12571428571428572,167176,0.21707063214815525,542,6,5,1,0.8333333333333334,0.5885608856088561,5.0,0.5005331502238825,2,lendingclub_imb77,gbdt
6,0.01,least_risky,0.7836849358634581,0.584958217270195,0.02553812477198103,0.16991643454038996,188656,0.21679140870155203,477,5,4,1,0.8,0.5870020964360587,4.0,0.5003645565982149,2,lendingclub_imb77,gbdt
7,0.01,least_risky,0.7837683504247067,0.6116207951070336,0.021831677764436196,0.22324159021406728,210142,0.21726261289984866,471,5,2,3,0.4,0.5902335456475584,2.0,0.5005911864853547,2,lendingclub_imb77,gbdt
8,0.01,least_risky,0.7875458666091085,0.5930521091811415,0.024097600322645695,0.18610421836228289,231649,0.21741082413479013,450,5,1,4,0.2,0.5977777777777777,1.0,0.5003730376395208,2,lendingclub_imb77,gbdt
9,0.01,least_risky,0.7829376209852645,0.6156156156156156,0.018525212362190492,0.23123123123123124,253130,0.2179077944139375,476,5,4,1,0.8,0.6470588235294118,4.0,0.500164973669125,2,lendingclub_imb77,gbdt
10,0.01,least_risky,0.7823483373072933,0.5760869565217391,0.01764607957383053,0.15217391304347827,274703,0.21779885913149838,383,4,2,2,0.5,0.5613577023498695,2.0,0.5008440746391066,2,lendingclub_imb77,gbdt
0,0.01,least_risky,0.7776666666666666,0.526813880126183,0.062197392923649904,0.05362776025236593,60000,0.22273333333333334,0,0,0,0,0.0,0.0,0.0,0.0,3,lendingclub_imb77,gbdt
1,0.01,least_risky,0.7794975738590996,0.5602409638554217,0.0512396694214876,0.12048192771084337,81401,0.22037812803282514,557,6,4,2,0.6666666666666666,0.5709156193895871,4.0,0.5004995805372133,3,lendingclub_imb77,gbdt
2,0.01,least_risky,0.7810570331112948,0.5783132530120482,0.04215148188803513,0.1566265060240964,102832,0.21888128209117785,527,6,2,4,0.3333333333333333,0.540796963946869,2.0,0.5003237940004596,3,lendingclub_imb77,gbdt
3,0.01,least_risky,0.7795253419147224,0.6019736842105263,0.03301461302543749,0.20394736842105263,124296,0.21838192701293685,493,5,1,4,0.2,0.5780933062880325,1.0,0.5002712104949102,3,lendingclub_imb77,gbdt
4,0.01,least_risky,0.7839849108367627,0.6080246913580247,0.030931072381849584,0.21604938271604937,145799,0.21814278561581354,454,5,3,2,0.6,0.5925110132158591,3.0,0.500420671120033,3,lendingclub_imb77,gbdt
5,0.01,least_risky,0.7853598756575801,0.5811209439528023,0.027224986180210062,0.16224188790560473,167280,0.21776661884265902,476,5,3,2,0.6,0.5777310924369747,3.0,0.5002620369208047,3,lendingclub_imb77,gbdt
6,0.01,least_risky,0.7805091255860772,0.6282894736842105,0.022835963653754184,0.2565789473684211,188753,0.2179991841189279,484,5,4,1,0.8,0.5723140495867769,4.0,0.5006560832870551,3,lendingclub_imb77,gbdt
7,0.01,least_risky,0.7808346213292118,0.6045751633986928,0.01993319685378731,0.20915032679738563,210272,0.21782738548166183,438,5,4,1,0.8,0.5981735159817352,4.0,0.500356968788788,3,lendingclub_imb77,gbdt
8,0.01,least_risky,0.7826640210499073,0.6223404255319149,0.023011112203756515,0.24468085106382978,231829,0.21825569708707712,399,4,3,1,0.75,0.5939849624060151,3.0,0.5003587588094529,3,lendingclub_imb77,gbdt
9,0.01,least_risky,0.7858341062935407,0.6073298429319371,0.021218218401316994,0.21465968586387435,253354,0.21839797279695602,432,5,3,2,0.6,0.6342592592592593,3.0,0.5004158529722671,3,lendingclub_imb77,gbdt
10,0.01,least_risky,0.7824853104364119,0.5894206549118388,0.01945460591952112,0.17884130982367757,274854,0.21804303375610323,457,5,3,2,0.6,0.5864332603938731,3.0,0.5002171002641228,3,lendingclub_imb77,gbdt
0,0.01,least_risky,0.7716666666666666,0.5641025641025641,0.06330935251798561,0.1282051282051282,60000,0.22443333333333335,0,0,0,0,0.0,0.0,0.0,0.0,4,lendingclub_imb77,gbdt
1,0.01,least_risky,0.7807949867911778,0.5601173020527859,0.052923247436963146,0.12023460410557185,81383,0.2211026872934151,575,6,4,2,0.6666666666666666,0.5721739130434783,4.0,0.5002681681329156,4,lendingclub_imb77,gbdt
2,0.01,least_risky,0.7813731691888472,0.6292517006802721,0.04049026045086452,0.2585034013605442,102754,0.22003036378145863,587,6,2,4,0.3333333333333333,0.575809199318569,2.0,0.5002922070055077,4,lendingclub_imb77,gbdt
3,0.01,least_risky,0.7837848717845497,0.5562130177514792,0.03475688667036421,0.11242603550295859,124204,0.21961450516891565,508,6,3,3,0.5,0.6141732283464567,3.0,0.5002534036100611,4,lendingclub_imb77,gbdt
4,0.01,least_risky,0.7856186717007037,0.5777777777777777,0.03300539511266265,0.15555555555555556,145671,0.21881500092674588,490,5,3,2,0.6,0.5653061224489796,3.0,0.5007404487264129,4,lendingclub_imb77,gbdt
5,0.01,least_risky,0.7829415634906394,0.5895953757225434,0.027868852459016394,0.1791907514450867,167187,0.21833037257681517,441,5,3,2,0.6,0.5873015873015873,3.0,0.5004051059497259,4,lendingclub_imb77,gbdt
6,0.01,least_risky,0.7827146755689797,0.5828729281767956,0.02554170197312674,0.16574585635359115,188712,0.2179829581584637,432,5,3,2,0.6,0.5856481481481481,3.0,0.50022373173199,4,lendingclub_imb77,gbdt
7,0.01,least_risky,0.7851740867579908,0.5502283105022832,0.0265506224523521,0.1004566210045662,210236,0.21809300024734107,433,5,1,4,0.2,0.5889145496535797,1.0,0.5003061866046572,4,lendingclub_imb77,gbdt
8,0.01,least_risky,0.7824013122396564,0.5795795795795796,0.019042920572274295,0.15915915915915915,231665,0.21823754127727538,529,6,4,2,0.6666666666666666,0.5746691871455577,4.0,0.5004293057838363,4,lendingclub_imb77,gbdt
9,0.01,least_risky,0.7839908383682818,0.5771144278606966,0.02108707507725868,0.15422885572139303,253229,0.21814642082857807,392,4,2,2,0.5,0.6301020408163265,2.0,0.5003618602869273,4,lendingclub_imb77,gbdt
10,0.01,least_risky,0.7826340114269078,0.5672371638141809,0.019331722356470293,0.13447432762836187,274789,0.21790537466929172,396,4,2,2,0.5,0.5681818181818182,2.0,0.500174928075071,4,lendingclub_imb77,gbdt
0,0.02,least_risky,0.7825,0.5335051546391752,0.07852807283763277,0.06701030927835051,60000,0.22338333333333332,0,0,0,0,0.0,0.0,0.0,0.0,0,lendingclub_imb77,gbdt
1,0.02,least_risky,0.7824401648926352,0.5746478873239437,0.05684034550013931,0.14929577464788732,81265,0.2208207715498677,702,15,4,11,0.26666666666666666,0.5270655270655271,4.0,0.5015379967412623,0,lendingclub_imb77,gbdt
2,0.02,least_risky,0.7854150428682775,0.5602605863192183,0.03872129671319226,0.12052117263843648,102638,0.2196262592801886,591,12,3,9,0.25,0.5329949238578681,3.0,0.5010708816247532,0,lendingclub_imb77,gbdt
3,0.02,least_risky,0.7840222383369592,0.5732647814910026,0.041159099298634184,0.14652956298200515,124108,0.2188255390466368,492,10,5,5,0.5,0.5853658536585366,5.0,0.5005826941949609,0,lendingclub_imb77,gbdt
4,0.02,least_risky,0.7837067069818582,0.56797583081571,0.02965299684542587,0.13595166163141995,145519,0.21815020718943917,553,12,7,5,0.5833333333333334,0.6003616636528029,7.0,0.500663156513664,0,lendingclub_imb77,gbdt
5,0.02,least_risky,0.784522775598215,0.6028985507246377,0.028626479493531518,0.20579710144927535,166953,0.21811527795247765,529,11,7,4,0.6363636363636364,0.5652173913043478,7.0,0.500854590084576,0,lendingclub_imb77,gbdt
6,0.02,least_risky,0.7825279303664783,0.6019108280254777,0.022884126407555393,0.20382165605095542,188415,0.2178435899477218,501,11,4,7,0.36363636363636365,0.5988023952095808,4.0,0.5010661608312845,0,lendingclub_imb77,gbdt
7,0.02,least_risky,0.7842973828971496,0.5989717223650386,0.025506294471811713,0.19794344473007713,209962,0.2179823015593298,414,9,4,5,0.4444444444444444,0.5845410628019324,4.0,0.5005478340386695,0,lendingclub_imb77,gbdt
8,0.02,least_risky,0.7824659191565666,0.574585635359116,0.02054726859626593,0.14917127071823205,231431,0.21754216159460055,493,10,7,3,0.7,0.59026369168357,7.0,0.5007077547886892,0,lendingclub_imb77,gbdt
9,0.02,least_risky,0.7847117893571598,0.5901639344262295,0.019713425207629826,0.18032786885245902,252936,0.21743444982129867,457,10,5,5,0.5,0.6214442013129103,5.0,0.500479466880357,0,lendingclub_imb77,gbdt
10,0.02,least_risky,0.7818317607198805,0.5698324022346368,0.01696183586929409,0.13966480446927373,274487,0.2177042992928627,410,9,5,4,0.5555555555555556,0.5439024390243903,5.0,0.5011911832210473,0,lendingclub_imb77,gbdt
0,0.02,least_risky,0.7815,0.5657894736842105,0.08046407185628743,0.13157894736842105,60000,0.22658333333333333,0,0,0,0,0.0,0.0,0.0,0.0,1,lendingclub_imb77,gbdt
1,0.02,least_risky,0.7799507995079951,0.5238095238095238,0.04897050639955482,0.047619047619047616,81299,0.22321307765163162,667,14,5,9,0.35714285714285715,0.5487256371814093,5.0,0.5009894466005572,1,lendingclub_imb77,gbdt
2,0.02,least_risky,0.7821343334469826,0.6045016077170418,0.041427941824592335,0.2090032154340836,102654,0.21998168605217527,610,13,4,9,0.3076923076923077,0.5311475409836065,4.0,0.5005953155770567,1,lendingclub_imb77,gbdt
3,0.02,least_risky,0.7813985337952147,0.5864197530864198,0.034652562465803394,0.1728395061728395,124126,0.21986529816476805,490,10,3,7,0.3,0.5591836734693878,3.0,0.500832690882936,1,lendingclub_imb77,gbdt
4,0.02,least_risky,0.7816707886782083,0.5885885885885885,0.03055339049103663,0.17717717717717718,145557,0.21889706438027715,532,11,5,6,0.45454545454545453,0.5620300751879699,5.0,0.5008749850201893,1,lendingclub_imb77,gbdt
5,0.02,least_risky,0.7816157322877069,0.5645645645645646,0.02561656901485216,0.12912912912912913,167042,0.21828043246608636,477,10,6,4,0.6,0.610062893081761,6.0,0.5010552068333418,1,lendingclub_imb77,gbdt
6,0.02,least_risky,0.7831667152820132,0.5757575757575758,0.023094688221709007,0.15151515151515152,188553,0.2179758476396557,451,10,6,4,0.6,0.5631929046563193,6.0,0.5005726539548533,1,lendingclub_imb77,gbdt
7,0.02,least_risky,0.7824006855021065,0.5552631578947368,0.022974738675958187,0.11052631578947368,210064,0.21790025896869525,451,10,4,6,0.4,0.5964523281596452,4.0,0.5009501543730591,1,lendingclub_imb77,gbdt
8,0.02,least_risky,0.7820285849993523,0.5926829268292683,0.023889107353519467,0.18536585365853658,231589,0.21783418037989716,436,9,6,3,0.6666666666666666,0.6169724770642202,6.0,0.5004179493708013,1,lendingclub_imb77,gbdt
9,0.02,least_risky,0.7851272324956535,0.6045197740112994,0.01954337899543379,0.20903954802259886,253077,0.21781117999660182,474,10,3,7,0.3,0.5675105485232067,3.0,0.5008402944218341,1,lendingclub_imb77,gbdt
10,0.02,least_risky,0.7835087208243819,0.5859375,0.018817429121016978,0.171875,274630,0.2178858828241634,408,9,4,5,0.4444444444444444,0.5955882352941176,4.0,0.5004840233758453,1,lendingclub_imb77,gbdt
0,0.02,least_risky,0.7783333333333333,0.5588235294117647,0.06342729970326409,0.11764705882352941,60000,0.2216,0,0,0,0,0.0,0.0,0.0,0.0,2,lendingclub_imb77,gbdt
1,0.02,least_risky,0.7804937968308562,0.5755102040816327,0.0390473553032401,0.1510204081632653,81410,0.21949391966588871,554,12,7,5,0.5833333333333334,0.5379061371841155,7.0,0.501170606662444,2,lendingclub_imb77,gbdt
2,0.02,least_risky,0.781698012343879,0.5558912386706949,0.04062706999337602,0.11178247734138973,102884,0.21911084327981029,488,10,4,6,0.4,0.555327868852459,4.0,0.5007314183594607,2,lendingclub_imb77,gbdt
3,0.02,least_risky,0.7844328238133548,0.5836177474402731,0.0316198224852071,0.16723549488054607,124298,0.2181772836248371,549,11,7,4,0.6363636363636364,0.5883424408014571,7.0,0.500492109646848,2,lendingclub_imb77,gbdt
4,0.02,least_risky,0.784035948272905,0.5377906976744186,0.0292628914900348,0.0755813953488372,145764,0.21772865728163332,496,10,7,3,0.7,0.5866935483870968,7.0,0.5005463682041211,2,lendingclub_imb77,gbdt
5,0.02,least_risky,0.7838047963638538,0.5683890577507599,0.02570446735395189,0.13677811550151975,167207,0.2172098058095654,520,11,5,6,0.45454545454545453,0.5769230769230769,5.0,0.5007001382485791,2,lendingclub_imb77,gbdt
6,0.02,least_risky,0.784378146362143,0.5773480662983426,0.025506468147424945,0.15469613259668508,188707,0.21694478742177026,462,10,5,5,0.5,0.5865800865800865,5.0,0.5002829078454837,2,lendingclub_imb77,gbdt
7,0.02,least_risky,0.7821970598030353,0.60790273556231,0.021675517502980385,0.21580547112462006,210188,0.2174386739490361,481,10,6,4,0.6,0.5717255717255717,6.0,0.5010385560957582,2,lendingclub_imb77,gbdt
8,0.02,least_risky,0.78282730195723,0.584,0.0216253579539844,0.168,231702,0.21757688755384072,447,9,5,4,0.5555555555555556,0.6040268456375839,5.0,0.500571399607042,2,lendingclub_imb77,gbdt
9,0.02,least_risky,0.7804280862491114,0.5956416464891041,0.021966246986338065,0.19128329297820823,253220,0.21815417423584235,443,9,5,4,0.5555555555555556,0.6252821670428894,5.0,0.5005385606734101,2,lendingclub_imb77,gbdt
10,0.02,least_risky,0.7828246983676366,0.5771428571428572,0.016850183516850182,0.15428571428571428,274752,0.2179529175401817,429,9,3,6,0.3333333333333333,0.5710955710955711,3.0,0.5004039153780488,2,lendingclub_imb77,gbdt
0,0.02,least_risky,0.7776666666666666,0.526813880126183,0.062197392923649904,0.05362776025236593,60000,0.22273333333333334,0,0,0,0,0.0,0.0,0.0,0.0,3,lendingclub_imb77,gbdt
1,0.02,least_risky,0.7833804200958113,0.5691823899371069,0.05068608232987958,0.13836477987421383,81407,0.2203987372093309,557,12,7,5,0.5833333333333334,0.5709156193895871,7.0,0.5010806137303274,3,lendingclub_imb77,gbdt
2,0.02,least_risky,0.7788849462888252,0.5555555555555556,0.03925845147219193,0.1111111111111111,102861,0.21891679062035174,509,11,8,3,0.7272727272727273,0.5579567779960707,8.0,0.500682033484548,3,lendingclub_imb77,gbdt
3,0.02,least_risky,0.7769734990147585,0.5608974358974359,0.03133954154727794,0.12179487179487179,124333,0.21840541127456106,490,10,7,3,0.7,0.5918367346938775,7.0,0.5012713762559001,3,lendingclub_imb77,gbdt
4,0.02,least_risky,0.7840024685432166,0.5875370919881305,0.031136971221890235,0.17507418397626112,145834,0.2181110029211295,461,10,6,4,0.6,0.6073752711496746,6.0,0.5004891796400661,3,lendingclub_imb77,gbdt
5,0.02,least_risky,0.7817029797662811,0.6300940438871473,0.027209963449302828,0.2601880877742947,167294,0.21770057503556614,503,11,7,4,0.6363636363636364,0.5765407554671969,7.0,0.5009197067904558,3,lendingclub_imb77,gbdt
6,0.02,least_risky,0.7815321875910283,0.6146496815286624,0.0231915404950733,0.22929936305732485,188815,0.21804411725763315,440,9,4,5,0.4444444444444444,0.5613636363636364,4.0,0.5013764391502735,3,lendingclub_imb77,gbdt
7,0.02,least_risky,0.7813272485263358,0.6334310850439883,0.023248304811107522,0.2668621700879765,210356,0.2179020327444903,420,9,6,3,0.6666666666666666,0.6,6.0,0.5004430858303774,3,lendingclub_imb77,gbdt
8,0.02,least_risky,0.7817041093527661,0.6310975609756098,0.020272255410831455,0.2621951219512195,231910,0.21825708248889655,407,9,4,5,0.4444444444444444,0.6240786240786241,4.0,0.5006791274233078,3,lendingclub_imb77,gbdt
9,0.02,least_risky,0.780964592168853,0.569364161849711,0.017664992826398853,0.13872832369942195,253472,0.21846199974750663,398,8,6,2,0.75,0.635678391959799,6.0,0.5004167022069602,3,lendingclub_imb77,gbdt
10,0.02,least_risky,0.7808806952474455,0.5815085158150851,0.019721099100585858,0.1630170316301703,275009,0.2181346792286798,424,9,8,1,0.8888888888888888,0.6037735849056604,8.0,0.5003611724775558,3,lendingclub_imb77,gbdt
0,0.02,least_risky,0.7716666666666666,0.5641025641025641,0.06330935251798561,0.1282051282051282,60000,0.22443333333333335,0,0,0,0,0.0,0.0,0.0,0.0,4,lendingclub_imb77,gbdt
1,0.02,least_risky,0.7797640987836344,0.6023738872403561,0.05555555555555555,0.20474777448071216,81389,0.22113553428596003,575,12,8,4,0.6666666666666666,0.5721739130434783,8.0,0.5006365357120187,4,lendingclub_imb77,gbdt
2,0.02,least_risky,0.775346462436178,0.5817610062893082,0.039597602739726026,0.16352201257861634,102821,0.22023711109598235,531,11,5,6,0.45454545454545453,0.5819209039548022,5.0,0.500737552483606,4,lendingclub_imb77,gbdt
3,0.02,least_risky,0.7801914876498511,0.5722070844686649,0.03806416530723219,0.1444141689373297,124289,0.21990683004932055,494,10,3,7,0.3,0.5931174089068826,3.0,0.5003911714678836,4,lendingclub_imb77,gbdt
4,0.02,least_risky,0.785082304526749,0.5667506297229219,0.03560126582278481,0.13350125944584382,145800,0.2191838134430727,451,10,7,3,0.7,0.5631929046563193,7.0,0.5006154005749608,4,lendingclub_imb77,gbdt
5,0.02,least_risky,0.7864614465032875,0.5671641791044776,0.031671065425753576,0.13432835820895522,167298,0.2186099056772944,464,10,1,9,0.1,0.5775862068965517,1.0,0.5006008322159092,4,lendingclub_imb77,gbdt
6,0.02,least_risky,0.7836198447805472,0.5172413793103449,0.02383280371547299,0.034482758620689655,188762,0.21811593435119356,498,10,6,4,0.6,0.5843373493975904,6.0,0.5008530434608737,4,lendingclub_imb77,gbdt
7,0.02,least_risky,0.7827627199239182,0.5343915343915344,0.022045181709047255,0.06878306878306878,210296,0.2182400045649941,427,9,4,5,0.4444444444444444,0.585480093676815,4.0,0.5006189815343217,4,lendingclub_imb77,gbdt
8,0.02,least_risky,0.7842380048325854,0.6074270557029178,0.022713747272366594,0.21485411140583555,231759,0.21842085959984295,499,10,4,6,0.4,0.5711422845691383,4.0,0.5008329232500526,4,lendingclub_imb77,gbdt
9,0.02,least_risky,0.7830833004342677,0.551487414187643,0.0218415805691499,0.10297482837528604,253297,0.21826156646150566,423,9,4,5,0.4444444444444444,0.6335697399527187,4.0,0.501012226965614,4,lendingclub_imb77,gbdt
10,0.02,least_risky,0.7829527881379059,0.569047619047619,0.019936603269936605,0.1380952380952381,274821,0.21795641526666448,437,9,4,5,0.4444444444444444,0.5720823798627003,4.0,0.5007592201091651,4,lendingclub_imb77,gbdt
0,0.05,least_risky,0.7825,0.5335051546391752,0.07852807283763277,0.06701030927835051,60000,0.22338333333333332,0,0,0,0,0.0,0.0,0.0,0.0,0,lendingclub_imb77,gbdt
1,0.05,least_risky,0.7810923852872432,0.5730994152046783,0.0543086727625381,0.14619883040935672,81286,0.22086214108210517,702,36,12,24,0.3333333333333333,0.5270655270655271,12.0,0.5026471051113526,0,lendingclub_imb77,gbdt
2,0.05,least_risky,0.7819439033891702,0.5129682997118156,0.039670158234900825,0.025936599423631124,102680,0.2197409427347098,588,30,15,15,0.5,0.5340136054421769,15.0,0.5018408550406194,0,lendingclub_imb77,gbdt
3,0.05,least_risky,0.7833212531207215,0.5537190082644629,0.037084870848708484,0.10743801652892562,124166,0.2189810415089477,491,25,13,12,0.52,0.5804480651731161,13.0,0.5010896778305738,0,lendingclub_imb77,gbdt
4,0.05,least_risky,0.7846719088006043,0.5506172839506173,0.03532953105196451,0.10123456790123457,145613,0.21836649200277447,532,27,16,11,0.5925925925925926,0.6033834586466166,16.0,0.5016884706665278,0,lendingclub_imb77,gbdt
5,0.05,least_risky,0.7861205915813424,0.5653333333333334,0.029473098846100377,0.13066666666666665,167006,0.21818976563716275,589,30,15,15,0.5,0.568760611205433,15.0,0.5017016065323683,0,lendingclub_imb77,gbdt
6,0.05,least_risky,0.7896161090918739,0.6177285318559557,0.027822832189644417,0.23545706371191136,188464,0.21788246031072248,521,27,15,12,0.5555555555555556,0.6084452975047985,15.0,0.501353948529245,0,lendingclub_imb77,gbdt
7,0.05,least_risky,0.7835103090329032,0.59375,0.02075822134819185,0.1875,210010,0.21798961954192658,428,22,13,9,0.5909090909090909,0.6004672897196262,13.0,0.5018604866803058,0,lendingclub_imb77,gbdt
8,0.05,least_risky,0.7864654185830581,0.6005221932114883,0.02307846678707606,0.2010443864229765,231555,0.21765455291399452,429,22,16,6,0.7272727272727273,0.6037296037296037,16.0,0.5016141827883603,0,lendingclub_imb77,gbdt
9,0.05,least_risky,0.784338135040607,0.5644329896907216,0.019974461875228017,0.12886597938144329,253034,0.2175478394207893,498,25,17,8,0.68,0.6004016064257028,17.0,0.5012795165686863,0,lendingclub_imb77,gbdt
10,0.05,least_risky,0.7841509159109946,0.5697399527186762,0.020230000839419122,0.13947990543735225,274589,0.21779095302433818,418,21,11,10,0.5238095238095238,0.5574162679425837,11.0,0.5019004061518714,0,lendingclub_imb77,gbdt
0,0.05,least_risky,0.7815,0.5657894736842105,0.08046407185628743,0.13157894736842105,60000,0.22658333333333333,0,0,0,0,0.0,0.0,0.0,0.0,1,lendingclub_imb77,gbdt
1,0.05,least_risky,0.7766232169208067,0.5446428571428571,0.049959049959049956,0.08928571428571429,81319,0.22330574650450694,667,34,17,17,0.5,0.5487256371814093,17.0,0.502326969397549,1,lendingclub_imb77,gbdt
2,0.05,least_risky,0.7824732229795521,0.5555555555555556,0.03886298023539862,0.1111111111111111,102696,0.22007673132351796,606,31,12,19,0.3870967741935484,0.5363036303630363,12.0,0.5016275835420209,1,lendingclub_imb77,gbdt
3,0.05,least_risky,0.781062467276169,0.5545454545454546,0.03344298245614035,0.10909090909090909,124143,0.2197868587032696,532,27,15,12,0.5555555555555556,0.5845864661654135,15.0,0.5020592879284999,1,lendingclub_imb77,gbdt
4,0.05,least_risky,0.7794642857142857,0.5977337110481586,0.03250654752734555,0.1954674220963173,145598,0.2188491600159343,524,27,11,16,0.4074074074074074,0.566793893129771,11.0,0.5011573309955486,1,lendingclub_imb77,gbdt
5,0.05,least_risky,0.7820140655394284,0.5732484076433121,0.02455661664392906,0.1464968152866242,167075,0.21825527457728566,500,25,14,11,0.56,0.596,14.0,0.5014311743381553,1,lendingclub_imb77,gbdt
6,0.05,least_risky,0.7809501086898892,0.5920245398773006,0.023188754055028234,0.18404907975460122,188607,0.21799296950802463,443,23,11,12,0.4782608695652174,0.5575620767494357,11.0,0.5017317308836726,1,lendingclub_imb77,gbdt
7,0.05,least_risky,0.7809659766833215,0.5833333333333334,0.024163969795037755,0.16666666666666666,210149,0.2179643966899676,432,22,14,8,0.6363636363636364,0.6064814814814815,14.0,0.5020646595248335,1,lendingclub_imb77,gbdt
8,0.05,least_risky,0.7817510844465546,0.5882352941176471,0.02258888234138676,0.17647058823529413,231681,0.21787716731195048,443,23,17,6,0.7391304347826086,0.636568848758465,17.0,0.501836734605422,1,lendingclub_imb77,gbdt
9,0.05,least_risky,0.7838099375938068,0.5626535626535627,0.020821967630478267,0.12530712530712532,253180,0.21787265976775416,477,24,12,12,0.5,0.5660377358490566,12.0,0.5013014651537767,1,lendingclub_imb77,gbdt
10,0.05,least_risky,0.7835939064120998,0.5990675990675991,0.021461377870563673,0.19813519813519814,274713,0.21790377594070903,442,23,16,7,0.6956521739130435,0.6108597285067874,16.0,0.5010873744619085,1,lendingclub_imb77,gbdt
0,0.05,least_risky,0.7783333333333333,0.5588235294117647,0.06342729970326409,0.11764705882352941,60000,0.2216,0,0,0,0,0.0,0.0,0.0,0.0,2,lendingclub_imb77,gbdt
1,0.05,least_risky,0.7791354537639691,0.5703703703703704,0.04236588720770289,0.14074074074074075,81426,0.21953675730110775,554,28,14,14,0.5,0.5379061371841155,14.0,0.5022752516008725,2,lendingclub_imb77,gbdt
2,0.05,least_risky,0.780336150782085,0.5900621118012422,0.04148471615720524,0.18012422360248448,102928,0.21927949634696098,474,24,15,9,0.625,0.5527426160337553,15.0,0.5022061285610532,2,lendingclub_imb77,gbdt
3,0.05,least_risky,0.7791894499839177,0.5394736842105263,0.02973168963016679,0.07894736842105263,124359,0.21838387249817062,549,28,17,11,0.6071428571428571,0.5846994535519126,17.0,0.5011417370072081,2,lendingclub_imb77,gbdt
4,0.05,least_risky,0.7806692724405129,0.5175202156334232,0.02995319812792512,0.03504043126684636,145830,0.21791126654323528,507,26,13,13,0.5,0.5818540433925049,13.0,0.5016571990203935,2,lendingclub_imb77,gbdt
5,0.05,least_risky,0.7818002451346746,0.5548387096774193,0.023455611618709942,0.10967741935483871,167252,0.21733073446057447,558,28,14,14,0.5,0.5734767025089605,14.0,0.5014792588402351,2,lendingclub_imb77,gbdt
6,0.05,least_risky,0.7853207607140965,0.5927051671732523,0.02387950036737693,0.18541033434650456,188770,0.21704190284473168,457,23,14,9,0.6086956521739131,0.6083150984682714,14.0,0.5015522364718338,2,lendingclub_imb77,gbdt
7,0.05,least_risky,0.7835235378031383,0.5962059620596206,0.023975588491717523,0.19241192411924118,210300,0.21761768901569187,445,23,14,9,0.6086956521739131,0.5685393258426966,14.0,0.5013631012027254,2,lendingclub_imb77,gbdt
8,0.05,least_risky,0.7828750134799957,0.5860215053763441,0.02151811272332445,0.17204301075268819,231821,0.21773264717174026,454,23,12,11,0.5217391304347826,0.6101321585903083,12.0,0.5014590884632958,2,lendingclub_imb77,gbdt
9,0.05,least_risky,0.7832711626897192,0.6125356125356125,0.019439421338155516,0.22507122507122507,253331,0.21825201021588356,466,24,13,11,0.5416666666666666,0.6394849785407726,13.0,0.5014214787589859,2,lendingclub_imb77,gbdt
10,0.05,least_risky,0.783828022697512,0.5963541666666666,0.01914715719063545,0.19270833333333334,274919,0.21811879135308945,384,20,8,12,0.4,0.5651041666666666,8.0,0.5014653162672895,2,lendingclub_imb77,gbdt
0,0.05,least_risky,0.7776666666666666,0.526813880126183,0.062197392923649904,0.05362776025236593,60000,0.22273333333333334,0,0,0,0,0.0,0.0,0.0,0.0,3,lendingclub_imb77,gbdt
1,0.05,least_risky,0.7797973595333129,0.5659163987138264,0.0485249517507582,0.13183279742765272,81423,0.2205028063323631,557,28,19,9,0.6785714285714286,0.5709156193895871,19.0,0.5024335743810092,3,lendingclub_imb77,gbdt
2,0.05,least_risky,0.7818862057237258,0.5636363636363636,0.04105054071948797,0.12727272727272726,102901,0.21909408071836037,499,25,12,13,0.48,0.5470941883767535,12.0,0.502157954691173,3,lendingclub_imb77,gbdt
3,0.05,least_risky,0.781427135678392,0.5329512893982808,0.03406593406593406,0.0659025787965616,124371,0.21855577264796455,508,26,15,11,0.5769230769230769,0.5866141732283464,15.0,0.5013479308926576,3,lendingclub_imb77,gbdt
4,0.05,least_risky,0.7858097686375322,0.6269592476489029,0.0315955766192733,0.25391849529780564,145872,0.21825298892179446,475,24,15,9,0.625,0.6042105263157894,15.0,0.501383811737581,3,lendingclub_imb77,gbdt
5,0.05,least_risky,0.7839856587989245,0.5828877005347594,0.029895776193088315,0.1657754010695187,167350,0.21786077083955782,499,25,14,11,0.56,0.5751503006012024,14.0,0.502164196582249,3,lendingclub_imb77,gbdt
6,0.05,least_risky,0.7811432656411342,0.6050955414012739,0.022803648583773404,0.21019108280254778,188841,0.21813589209970294,486,25,12,13,0.48,0.5576131687242798,12.0,0.5016351004418274,3,lendingclub_imb77,gbdt
7,0.05,least_risky,0.7807805666476516,0.6079545454545454,0.023013227228734272,0.2159090909090909,210356,0.21794957120310332,460,23,14,9,0.6086956521739131,0.5934782608695652,14.0,0.5015900681299926,3,lendingclub_imb77,gbdt
8,0.05,least_risky,0.7811482655283186,0.6205882352941177,0.02061956415518421,0.2411764705882353,231911,0.2183121973515702,418,21,7,14,0.3333333333333333,0.6076555023923444,7.0,0.501463992533296,3,lendingclub_imb77,gbdt
9,0.05,least_risky,0.7798575908795046,0.6139896373056994,0.021068539425726732,0.22797927461139897,253495,0.2185407996212943,388,20,10,10,0.5,0.6314432989690721,10.0,0.5014864770475739,3,lendingclub_imb77,gbdt
10,0.05,least_risky,0.7809608637958301,0.5724815724815725,0.01924188620034685,0.14496314496314497,275061,0.21824977005100687,407,21,8,13,0.38095238095238093,0.5847665847665847,8.0,0.5018012567483019,3,lendingclub_imb77,gbdt
0,0.05,least_risky,0.7716666666666666,0.5641025641025641,0.06330935251798561,0.1282051282051282,60000,0.22443333333333335,0,0,0,0,0.0,0.0,0.0,0.0,4,lendingclub_imb77,gbdt
1,0.05,least_risky,0.7823977398354011,0.5811965811965812,0.056666666666666664,0.1623931623931624,81406,0.22118762744760828,575,29,16,13,0.5517241379310345,0.5721739130434783,16.0,0.5014764319270013,4,lendingclub_imb77,gbdt
2,0.05,least_risky,0.7779669260700389,0.5816023738872403,0.04242424242424243,0.1632047477744807,102797,0.22016206698639065,591,30,17,13,0.5666666666666667,0.5786802030456852,17.0,0.5017074146039064,4,lendingclub_imb77,gbdt
3,0.05,least_risky,0.7819981491168069,0.5956284153005464,0.03972303206997085,0.1912568306010929,124263,0.21988846237415804,512,26,14,12,0.5384615384615384,0.583984375,14.0,0.5012466161936524,4,lendingclub_imb77,gbdt
4,0.05,least_risky,0.7834750994649472,0.543640897755611,0.034341524889729046,0.08728179551122195,145780,0.2191452874193991,458,23,14,9,0.6086956521739131,0.574235807860262,14.0,0.5015824553628496,4,lendingclub_imb77,gbdt
5,0.05,least_risky,0.7842070655747504,0.5811965811965812,0.028033530300948194,0.1623931623931624,167286,0.21863754289061846,470,24,13,11,0.5416666666666666,0.5702127659574469,13.0,0.5010885557264223,4,lendingclub_imb77,gbdt
6,0.05,least_risky,0.7837773423017849,0.5508474576271186,0.023777588099012315,0.1016949152542373,188810,0.21821407764419257,451,23,16,7,0.6956521739130435,0.6075388026607539,16.0,0.5022075649246367,4,lendingclub_imb77,gbdt
7,0.05,least_risky,0.784636227509329,0.5591397849462365,0.0228445908841296,0.11827956989247312,210362,0.21828562192791473,422,22,8,14,0.36363636363636365,0.6137440758293838,8.0,0.5025784977514668,4,lendingclub_imb77,gbdt
8,0.05,least_risky,0.7825936947427438,0.6095717884130982,0.023797816894483233,0.21914357682619648,231869,0.2185328784787962,469,24,9,15,0.375,0.5628997867803838,9.0,0.5008582721598324,4,lendingclub_imb77,gbdt
9,0.05,least_risky,0.779492137403074,0.6040609137055838,0.021140522295256706,0.20812182741116753,253415,0.21841643154509402,428,22,14,8,0.6363636363636364,0.6144859813084113,14.0,0.5013840549190743,4,lendingclub_imb77,gbdt
10,0.05,least_risky,0.7822711155559596,0.5588235294117647,0.022111388196176227,0.11764705882352941,274975,0.21813255750522775,413,21,12,9,0.5714285714285714,0.5835351089588378,12.0,0.5012799493543573,4,lendingclub_imb77,gbdt
0,0.1,least_risky,0.7825,0.5335051546391752,0.07852807283763277,0.06701030927835051,60000,0.22338333333333332,0,0,0,0,0.0,0.0,0.0,0.0,0,lendingclub_imb77,gbdt
1,0.1,least_risky,0.7816784506609283,0.5496894409937888,0.049399944180854034,0.09937888198757763,81321,0.22097613162651714,702,71,29,42,0.4084507042253521,0.5270655270655271,29.0,0.5045765650544269,0,lendingclub_imb77,gbdt
2,0.1,least_risky,0.7825790754257907,0.5426829268292683,0.03959074733096085,0.08536585365853659,102746,0.2198041772915734,586,59,22,37,0.3728813559322034,0.5409556313993175,22.0,0.5036155208691585,0,lendingclub_imb77,gbdt
3,0.1,least_risky,0.7828833541222388,0.5780821917808219,0.038694296717403265,0.15616438356164383,124261,0.21919186228985763,486,49,29,20,0.5918367346938775,0.565843621399177,29.0,0.5032454844613518,0,lendingclub_imb77,gbdt
4,0.1,least_risky,0.7879027001063574,0.5703703703703704,0.037025164289148906,0.14074074074074075,145732,0.2185793099662394,535,54,26,28,0.48148148148148145,0.6,26.0,0.502308901846384,0,lendingclub_imb77,gbdt
5,0.1,least_risky,0.783782975414249,0.5914786967418546,0.03231991235278006,0.18295739348370926,167168,0.21848080972434916,574,58,28,30,0.4827586206896552,0.5592334494773519,28.0,0.5033512332135215,0,lendingclub_imb77,gbdt
6,0.1,least_risky,0.7836792027775569,0.5696969696969697,0.02290448343079922,0.1393939393939394,188651,0.2182177671997498,522,53,26,27,0.49056603773584906,0.5900383141762452,26.0,0.5033159750802936,0,lendingclub_imb77,gbdt
7,0.1,least_risky,0.788265791476408,0.5802139037433155,0.024210643757670423,0.16042780748663102,210240,0.2183742389649924,404,41,16,25,0.3902439024390244,0.5767326732673267,16.0,0.5029134185719916,0,lendingclub_imb77,gbdt
8,0.1,least_risky,0.7850670923760624,0.5899705014749262,0.019952114924181964,0.17994100294985252,231770,0.21795745782456746,469,47,28,19,0.5957446808510638,0.6076759061833689,28.0,0.5026174875764982,0,lendingclub_imb77,gbdt
9,0.1,least_risky,0.7826576132012159,0.5778894472361809,0.020771245371624673,0.15577889447236182,253310,0.2178634874264735,458,46,27,19,0.5869565217391305,0.6244541484716157,27.0,0.501845580006671,0,lendingclub_imb77,gbdt
10,0.1,least_risky,0.783137789904502,0.5496828752642706,0.02172278385830061,0.09936575052854123,274871,0.21809503367033992,435,44,22,22,0.5,0.5494252873563218,22.0,0.5034104421555724,0,lendingclub_imb77,gbdt
0,0.1,least_risky,0.7815,0.5657894736842105,0.08046407185628743,0.13157894736842105,60000,0.22658333333333333,0,0,0,0,0.0,0.0,0.0,0.0,1,lendingclub_imb77,gbdt
1,0.1,least_risky,0.7815131215045172,0.5338983050847458,0.05280804694048617,0.06779661016949153,81352,0.22346100894876586,667,67,37,30,0.5522388059701493,0.5487256371814093,37.0,0.5040168989148844,1,lendingclub_imb77,gbdt
2,0.1,least_risky,0.7873065316849995,0.6052631578947368,0.04660063034669068,0.21052631578947367,102727,0.22024394755030324,642,65,29,36,0.4461538461538462,0.5264797507788161,29.0,0.5039625501004034,1,lendingclub_imb77,gbdt
3,0.1,least_risky,0.7827557058326289,0.5486725663716814,0.03425414364640884,0.09734513274336283,124215,0.22007003985025964,516,52,22,30,0.4230769230769231,0.563953488372093,22.0,0.5047790443485377,1,lendingclub_imb77,gbdt
4,0.1,least_risky,0.7804015788570448,0.5747422680412371,0.03454151177199504,0.14948453608247422,145674,0.21913999752872854,548,55,28,27,0.509090909090909,0.5583941605839416,28.0,0.5036687048105265,1,lendingclub_imb77,gbdt
5,0.1,least_risky,0.7840691553003111,0.5680473372781065,0.0264280798348245,0.13609467455621302,167156,0.21846658211491063,523,53,24,29,0.4528301886792453,0.6003824091778203,24.0,0.5029447893718875,1,lendingclub_imb77,gbdt
6,0.1,least_risky,0.7828828828828829,0.6156156156156156,0.024785394752750576,0.23123123123123124,188699,0.21815165952124813,455,46,26,20,0.5652173913043478,0.5824175824175825,26.0,0.5033387472332672,1,lendingclub_imb77,gbdt
7,0.1,least_risky,0.78534741047225,0.6049723756906077,0.02405800285620125,0.20994475138121546,210268,0.21814541442349764,426,43,26,17,0.6046511627906976,0.6103286384976526,26.0,0.5029450229939048,1,lendingclub_imb77,gbdt
8,0.1,least_risky,0.7821032653237286,0.5653104925053534,0.025974025974025976,0.13062098501070663,231827,0.21808503754955202,437,44,29,15,0.6590909090909091,0.6361556064073226,29.0,0.503751215157139,1,lendingclub_imb77,gbdt
9,0.1,least_risky,0.7833175430285805,0.5519630484988453,0.021681937766488253,0.10392609699769054,253316,0.21802412796665036,515,52,28,24,0.5384615384615384,0.5786407766990291,28.0,0.502432770360124,1,lendingclub_imb77,gbdt
10,0.1,least_risky,0.7815473050406563,0.5720823798627003,0.0207090788601723,0.14416475972540047,274863,0.21806136147826372,450,45,25,20,0.5555555555555556,0.6022222222222222,25.0,0.5032593387755955,1,lendingclub_imb77,gbdt
0,0.1,least_risky,0.7783333333333333,0.5588235294117647,0.06342729970326409,0.11764705882352941,60000,0.2216,0,0,0,0,0.0,0.0,0.0,0.0,2,lendingclub_imb77,gbdt
1,0.1,least_risky,0.779632926155546,0.5842696629213483,0.04291609353507565,0.16853932584269662,81454,0.21964544405431286,554,56,29,27,0.5178571428571429,0.5379061371841155,29.0,0.5041941735483937,2,lendingclub_imb77,gbdt
2,0.1,least_risky,0.778705636743215,0.60828025477707,0.0412883700821444,0.21656050955414013,102983,0.21942456521950224,471,48,21,27,0.4375,0.5435244161358811,21.0,0.5023355565286137,2,lendingclub_imb77,gbdt
3,0.1,least_risky,0.7800449871465296,0.6027397260273972,0.031791907514450865,0.2054794520547945,124476,0.21859635592403354,510,51,27,24,0.5294117647058824,0.6,27.0,0.503162011120728,2,lendingclub_imb77,gbdt
4,0.1,least_risky,0.7805287309088419,0.5444743935309974,0.03135672151505744,0.0889487870619946,146008,0.21823461728124485,467,47,28,19,0.5957446808510638,0.5910064239828694,28.0,0.5023360570081075,2,lendingclub_imb77,gbdt
5,0.1,least_risky,0.7811212609708043,0.5748663101604278,0.02910124526258798,0.1497326203208556,167487,0.21774227253458478,526,53,29,24,0.5471698113207547,0.5722433460076045,29.0,0.5031848668823936,2,lendingclub_imb77,gbdt
6,0.1,least_risky,0.7847619047619048,0.5576923076923077,0.028347996089931573,0.11538461538461539,188996,0.21743317318885055,493,50,25,25,0.5,0.5801217038539553,25.0,0.5030530872946585,2,lendingclub_imb77,gbdt
7,0.1,least_risky,0.7814459433783013,0.6210826210826211,0.023473672876063313,0.24216524216524216,210516,0.21791217769670715,480,48,27,21,0.5625,0.5833333333333334,27.0,0.5031569905664082,2,lendingclub_imb77,gbdt
8,0.1,least_risky,0.7825084570468208,0.5614035087719298,0.025221674876847292,0.12280701754385964,232053,0.21806225301978427,462,47,32,15,0.6808510638297872,0.6038961038961039,32.0,0.5027123378260775,2,lendingclub_imb77,gbdt
9,0.1,least_risky,0.7819974366558218,0.583756345177665,0.0206797338608164,0.16751269035532995,253573,0.21863132115800973,481,49,32,17,0.6530612244897959,0.6133056133056133,32.0,0.5032011300965114,2,lendingclub_imb77,gbdt
10,0.1,least_risky,0.7797543336846313,0.5727699530516432,0.02002790774029385,0.14553990610328638,275166,0.21846812469563828,399,40,20,20,0.5,0.5714285714285714,20.0,0.5022473655467421,2,lendingclub_imb77,gbdt
0,0.1,least_risky,0.7776666666666666,0.526813880126183,0.062197392923649904,0.05362776025236593,60000,0.22273333333333334,0,0,0,0,0.0,0.0,0.0,0.0,3,lendingclub_imb77,gbdt
1,0.1,least_risky,0.7785280216070223,0.5476190476190477,0.05054945054945055,0.09523809523809523,81451,0.22052522375415895,557,56,27,29,0.48214285714285715,0.5709156193895871,27.0,0.504492732393045,3,lendingclub_imb77,gbdt
2,0.1,least_risky,0.7794831940936467,0.5223097112860893,0.04366908053543998,0.04461942257217848,102936,0.21905844408175953,519,52,30,22,0.5769230769230769,0.5684007707129094,30.0,0.5034458178973448,3,lendingclub_imb77,gbdt
3,0.1,least_risky,0.7807965917768579,0.580952380952381,0.0332425068119891,0.1619047619047619,124403,0.21853170743470818,539,54,25,29,0.46296296296296297,0.5714285714285714,25.0,0.5034685269921357,3,lendingclub_imb77,gbdt
4,0.1,least_risky,0.7826504042757297,0.6068111455108359,0.030562919070637767,0.21362229102167182,145936,0.21831487775463218,466,47,28,19,0.5957446808510638,0.6030042918454935,28.0,0.5019949650046344,3,lendingclub_imb77,gbdt
5,0.1,least_risky,0.782694374776066,0.6169014084507042,0.029751392473848663,0.23380281690140844,167459,0.21796977170531295,477,48,21,27,0.4375,0.5765199161425576,21.0,0.5032038500993702,3,lendingclub_imb77,gbdt
6,0.1,least_risky,0.7792269636762877,0.6130952380952381,0.02446265289158057,0.2261904761904762,188994,0.21830322655745685,464,47,27,20,0.574468085106383,0.5668103448275862,27.0,0.5032483033113663,3,lendingclub_imb77,gbdt
7,0.1,least_risky,0.7827594395630492,0.6175548589341693,0.021359644367342515,0.23510971786833856,210550,0.21815245784849205,440,44,24,20,0.5454545454545454,0.5977272727272728,24.0,0.5032529635552839,3,lendingclub_imb77,gbdt
8,0.1,least_risky,0.780637518845574,0.64,0.024861610177721667,0.28,232148,0.21857608077605664,394,40,25,15,0.625,0.6192893401015228,25.0,0.5024943368588667,3,lendingclub_imb77,gbdt
9,0.1,least_risky,0.7810030544881269,0.6044568245125348,0.019395781194136576,0.20891364902506965,253722,0.21874729034139728,421,43,16,27,0.37209302325581395,0.6223277909738717,16.0,0.5026969635820608,3,lendingclub_imb77,gbdt
10,0.1,least_risky,0.7816217197857078,0.6033254156769596,0.02097093791281374,0.20665083135391923,275321,0.21846135964928212,393,40,21,19,0.525,0.6055979643765903,21.0,0.5029196055537258,3,lendingclub_imb77,gbdt
0,0.1,least_risky,0.7716666666666666,0.5641025641025641,0.06330935251798561,0.1282051282051282,60000,0.22443333333333335,0,0,0,0,0.0,0.0,0.0,0.0,4,lendingclub_imb77,gbdt
1,0.1,least_risky,0.783692515503162,0.5623188405797102,0.05440269209197981,0.1246376811594203,81435,0.22126849634677964,575,58,29,29,0.5,0.5721739130434783,29.0,0.5034929173311804,4,lendingclub_imb77,gbdt
2,0.1,least_risky,0.7824312506073268,0.5795148247978437,0.04738814194401587,0.15902964959568733,102909,0.22042775656162242,532,54,32,22,0.5925925925925926,0.5977443609022557,32.0,0.5040658447525638,4,lendingclub_imb77,gbdt
3,0.1,least_risky,0.7835001809190689,0.5768194070080862,0.03932377802278574,0.15363881401617252,124365,0.2200538736782857,552,56,24,32,0.42857142857142855,0.5760869565217391,24.0,0.503574704201368,4,lendingclub_imb77,gbdt
4,0.1,least_risky,0.7828203194625352,0.5665024630541872,0.03599374021909233,0.1330049261083744,145867,0.21930251530503816,501,51,29,22,0.5686274509803921,0.5568862275449101,29.0,0.5029739479113491,4,lendingclub_imb77,gbdt
5,0.1,least_risky,0.784474776739046,0.5749385749385749,0.03215610828638175,0.14987714987714987,167405,0.21879872166303277,460,46,24,22,0.5217391304347826,0.5826086956521739,24.0,0.5023765195580261,4,lendingclub_imb77,gbdt
6,0.1,least_risky,0.7823854764866224,0.5802816901408451,0.024879227053140097,0.16056338028169015,188933,0.2183472447904813,472,48,22,26,0.4583333333333333,0.5953389830508474,22.0,0.5030290343898317,4,lendingclub_imb77,gbdt
7,0.1,least_risky,0.7827181606574509,0.5704057279236276,0.02595850982947757,0.14081145584725538,210508,0.21849050867425465,419,42,25,17,0.5952380952380952,0.60381861575179,25.0,0.5030253944608324,4,lendingclub_imb77,gbdt
8,0.1,least_risky,0.7832776640448228,0.5683060109289617,0.020579796180864748,0.1366120218579235,232025,0.21871781058075637,484,49,23,26,0.46938775510204084,0.5702479338842975,23.0,0.5028924365486506,4,lendingclub_imb77,gbdt
9,0.1,least_risky,0.7823386762879281,0.5844504021447721,0.01963433306313609,0.16890080428954424,253604,0.21859276667560448,415,42,25,17,0.5952380952380952,0.6385542168674698,25.0,0.5029598441790029,4,lendingclub_imb77,gbdt
10,0.1,least_risky,0.784626843979362,0.5673913043478261,0.021901485273139214,0.13478260869565217,275217,0.21835860430133314,377,38,23,15,0.6052631578947368,0.5915119363395226,23.0,0.5034402785007094,4,lendingclub_imb77,gbdt
0,0.15,least_risky,0.7825,0.5335051546391752,0.07852807283763277,0.06701030927835051,60000,0.22338333333333332,0,0,0,0,0.0,0.0,0.0,0.0,0,lendingclub_imb77,gbdt
1,0.15,least_risky,0.7814036381514258,0.5142857142857142,0.0554932735426009,0.02857142857142857,81356,0.2211023157480702,702,106,47,59,0.44339622641509435,0.5270655270655271,47.0,0.5065762304281355,0,lendingclub_imb77,gbdt
2,0.15,least_risky,0.7799289779637106,0.5272727272727272,0.03830911492734478,0.05454545454545454,102781,0.21993364532355203,621,94,43,51,0.4574468085106383,0.5394524959742351,43.0,0.5051566649438309,0,lendingclub_imb77,gbdt
3,0.15,least_risky,0.7849674254001447,0.589041095890411,0.03972653362897265,0.1780821917808219,124328,0.21927482144006177,477,72,35,37,0.4861111111111111,0.5807127882599581,35.0,0.5036423981036504,0,lendingclub_imb77,gbdt
4,0.15,least_risky,0.7869167209517606,0.5707196029776674,0.03667091836734694,0.141439205955335,145833,0.21877764292032667,526,79,38,41,0.4810126582278481,0.5836501901140685,38.0,0.5047788634521657,0,lendingclub_imb77,gbdt
5,0.15,least_risky,0.7846383741781231,0.5272727272727272,0.03208852005532503,0.05454545454545454,167298,0.21871749811713231,574,87,43,44,0.4942528735632184,0.5557491289198606,43.0,0.5047002118034386,0,lendingclub_imb77,gbdt
6,0.15,least_risky,0.7835933568193256,0.5745721271393643,0.028550601385007895,0.1491442542787286,188763,0.21839555421348464,573,86,50,36,0.5813953488372093,0.5968586387434555,50.0,0.5043381847011187,0,lendingclub_imb77,gbdt
7,0.15,least_risky,0.7849587601911056,0.5449871465295629,0.02334287601849813,0.08997429305912596,210353,0.21850888744158628,427,65,30,35,0.46153846153846156,0.5901639344262295,30.0,0.5037586518055015,0,lendingclub_imb77,gbdt
8,0.15,least_risky,0.7829930359414415,0.5647921760391198,0.022830598932595373,0.1295843520782396,231901,0.21811031431516034,476,72,33,39,0.4583333333333333,0.5861344537815126,33.0,0.5039872241715694,0,lendingclub_imb77,gbdt
9,0.15,least_risky,0.7830890331235574,0.5594713656387665,0.022988505747126436,0.11894273127753303,253445,0.2180315255775415,481,73,51,22,0.6986301369863014,0.6278586278586279,51.0,0.5052091097019967,0,lendingclub_imb77,gbdt
10,0.15,least_risky,0.7827976147189295,0.5605381165919282,0.02083159736688609,0.1210762331838565,275017,0.21825559874480488,448,68,42,26,0.6176470588235294,0.5691964285714286,42.0,0.5057114270106949,0,lendingclub_imb77,gbdt
0,0.15,least_risky,0.7815,0.5657894736842105,0.08046407185628743,0.13157894736842105,60000,0.22658333333333333,0,0,0,0,0.0,0.0,0.0,0.0,1,lendingclub_imb77,gbdt
1,0.15,least_risky,0.7789654748740632,0.5272206303724928,0.05087088747580868,0.054441260744985676,81386,0.22353967512840045,667,101,51,50,0.504950495049505,0.5487256371814093,51.0,0.5056737897204883,1,lendingclub_imb77,gbdt
2,0.15,least_risky,0.786346396965866,0.564327485380117,0.04348805768364128,0.1286549707602339,102829,0.22041447451594395,599,90,38,52,0.4222222222222222,0.5358931552587646,38.0,0.5059776259230296,1,lendingclub_imb77,gbdt
3,0.15,least_risky,0.7795649201817524,0.6042944785276073,0.035495495495495494,0.2085889570552147,124345,0.2203305319876151,513,77,39,38,0.5064935064935064,0.5594541910331384,39.0,0.5052144816221515,1,lendingclub_imb77,gbdt
4,0.15,least_risky,0.7820438106338486,0.6044568245125348,0.03373231773667029,0.20891364902506965,145851,0.21944998663019108,525,79,38,41,0.4810126582278481,0.5580952380952381,38.0,0.5044942748023249,1,lendingclub_imb77,gbdt
5,0.15,least_risky,0.7817736491532005,0.5747663551401869,0.033378561736770694,0.14953271028037382,167391,0.21889468370461973,485,73,43,30,0.589041095890411,0.6061855670103092,43.0,0.5049091401301287,1,lendingclub_imb77,gbdt
6,0.15,least_risky,0.782976921448232,0.5699745547073791,0.027135069654754693,0.13994910941475827,188916,0.2184992271697474,503,76,37,39,0.4868421052631579,0.5685884691848907,37.0,0.5045472808794734,1,lendingclub_imb77,gbdt
7,0.15,least_risky,0.7853087211650394,0.5947242206235012,0.02720491443615621,0.18944844124700239,210465,0.21840686099826576,475,72,36,36,0.5,0.6,36.0,0.5041618627833186,1,lendingclub_imb77,gbdt
8,0.15,least_risky,0.782338871290969,0.578088578088578,0.024390243902439025,0.1561771561771562,232033,0.2183137743338232,452,68,33,35,0.4852941176470588,0.6238938053097345,33.0,0.5045823518313036,1,lendingclub_imb77,gbdt
9,0.15,least_risky,0.7830116134629415,0.5815450643776824,0.024456276509340312,0.1630901287553648,253585,0.21834887710235226,471,71,39,32,0.5492957746478874,0.564755838641189,39.0,0.5041881637723039,1,lendingclub_imb77,gbdt
10,0.15,least_risky,0.7797808348628855,0.6162790697674418,0.021689310852840073,0.23255813953488372,275135,0.21840551002235267,474,72,36,36,0.5,0.5675105485232067,36.0,0.503722910345276,1,lendingclub_imb77,gbdt
0,0.15,least_risky,0.7783333333333333,0.5588235294117647,0.06342729970326409,0.11764705882352941,60000,0.2216,0,0,0,0,0.0,0.0,0.0,0.0,2,lendingclub_imb77,gbdt
1,0.15,least_risky,0.7811253604957967,0.5765124555160143,0.04487534626038781,0.15302491103202848,81482,0.21970496551385582,554,84,40,44,0.47619047619047616,0.5379061371841155,40.0,0.5060619158961731,2,lendingclub_imb77,gbdt
2,0.15,least_risky,0.7797408144444984,0.6063829787234043,0.0371900826446281,0.2127659574468085,103012,0.21943074593251272,497,75,34,41,0.4533333333333333,0.5492957746478874,34.0,0.5046197469968916,2,lendingclub_imb77,gbdt
3,0.15,least_risky,0.7860670548082714,0.568,0.03959843837144451,0.136,124525,0.21868701064043364,517,78,43,35,0.5512820512820513,0.5938104448742747,43.0,0.5043577815225658,2,lendingclub_imb77,gbdt
4,0.15,least_risky,0.7838189475125826,0.5271084337349398,0.027637397346809856,0.05421686746987952,146034,0.2182505443937713,522,79,44,35,0.5569620253164557,0.5862068965517241,44.0,0.5058020038384167,2,lendingclub_imb77,gbdt
5,0.15,least_risky,0.7825749664329404,0.5642317380352645,0.030526028890705915,0.12846347607052896,167571,0.2178240865066151,489,74,44,30,0.5945945945945946,0.5971370143149284,44.0,0.5044652791889053,2,lendingclub_imb77,gbdt
6,0.15,least_risky,0.7846170117130694,0.5701357466063348,0.03070175438596491,0.14027149321266968,189101,0.2175081041348274,497,75,39,36,0.52,0.5935613682092555,39.0,0.504707713271049,2,lendingclub_imb77,gbdt
7,0.15,least_risky,0.7820421532326972,0.5965770171149144,0.026344202116173613,0.19315403422982885,210657,0.21803215653882851,467,71,42,29,0.5915492957746479,0.5910064239828694,42.0,0.505007789284791,2,lendingclub_imb77,gbdt
8,0.15,least_risky,0.7823428079242033,0.6014319809069213,0.024722849014029234,0.20286396181384247,232199,0.21814908763603633,483,73,39,34,0.5342465753424658,0.6004140786749482,39.0,0.5050850735105186,2,lendingclub_imb77,gbdt
9,0.15,least_risky,0.781475351696418,0.578088578088578,0.02222620541315648,0.1561771561771562,253766,0.21873694663587714,454,69,35,34,0.5072463768115942,0.6189427312775331,35.0,0.5040967398616152,2,lendingclub_imb77,gbdt
10,0.15,least_risky,0.7802774448923266,0.5815085158150851,0.019641683103221563,0.1630170316301703,275369,0.2185903278873076,411,62,36,26,0.5806451612903226,0.5717761557177615,36.0,0.5038126969602948,2,lendingclub_imb77,gbdt
0,0.15,least_risky,0.7776666666666666,0.526813880126183,0.062197392923649904,0.05362776025236593,60000,0.22273333333333334,0,0,0,0,0.0,0.0,0.0,0.0,3,lendingclub_imb77,gbdt
1,0.15,least_risky,0.7793323514973,0.5663430420711975,0.04811657959857025,0.13268608414239483,81479,0.2205967181727807,557,84,39,45,0.4642857142857143,0.5709156193895871,39.0,0.5062203992690477,3,lendingclub_imb77,gbdt
2,0.15,least_risky,0.7818172992913309,0.5722713864306784,0.042693661971830985,0.14454277286135694,103010,0.2192796815843122,496,75,37,38,0.49333333333333335,0.5544354838709677,37.0,0.5048816657369843,3,lendingclub_imb77,gbdt
3,0.15,least_risky,0.7796827946195543,0.5734265734265734,0.029661783324290106,0.14685314685314685,124523,0.21881901335496254,517,78,38,40,0.48717948717948717,0.5764023210831721,38.0,0.5060571548482652,3,lendingclub_imb77,gbdt
4,0.15,least_risky,0.7840889649272883,0.5750708215297451,0.0319031903190319,0.1501416430594901,146121,0.21873652657728868,417,63,40,23,0.6349206349206349,0.6067146282973621,40.0,0.5050347579378661,3,lendingclub_imb77,gbdt
5,0.15,least_risky,0.7818176395144212,0.6016042780748663,0.03044242998241104,0.20320855614973263,167633,0.21833409889460906,518,78,44,34,0.5641025641025641,0.581081081081081,44.0,0.5058525130343661,3,lendingclub_imb77,gbdt
6,0.15,least_risky,0.7798303337826052,0.5753424657534246,0.025041736227045076,0.1506849315068493,189193,0.21867088105796725,462,70,35,35,0.5,0.5562770562770563,35.0,0.5044770084784727,3,lendingclub_imb77,gbdt
7,0.15,least_risky,0.7808436936509443,0.6385135135135135,0.020281146045713058,0.27702702702702703,210739,0.2184692913983648,478,72,38,34,0.5277777777777778,0.5899581589958159,38.0,0.5042324676770474,3,lendingclub_imb77,gbdt
8,0.15,least_risky,0.7798218435321457,0.6366120218579235,0.022549114487564116,0.273224043715847,232379,0.21897417580762463,368,56,31,25,0.5535714285714286,0.5842391304347826,31.0,0.5049638321924996,3,lendingclub_imb77,gbdt
9,0.15,least_risky,0.7836614173228347,0.6112412177985949,0.02354533152909337,0.2224824355971897,253999,0.21920952444694664,391,59,37,22,0.6271186440677966,0.6342710997442456,37.0,0.5043669239762424,3,lendingclub_imb77,gbdt
10,0.15,least_risky,0.7836783569497614,0.5871743486973948,0.024396336386344714,0.1743486973947896,275584,0.21888788899210404,432,65,38,27,0.5846153846153846,0.5972222222222222,38.0,0.5029821463516589,3,lendingclub_imb77,gbdt
0,0.15,least_risky,0.7716666666666666,0.5641025641025641,0.06330935251798561,0.1282051282051282,60000,0.22443333333333335,0,0,0,0,0.0,0.0,0.0,0.0,4,lendingclub_imb77,gbdt
1,0.15,least_risky,0.7802737371877494,0.553921568627451,0.06236203090507726,0.10784313725490197,81464,0.221459785917706,575,87,51,36,0.5862068965517241,0.5721739130434783,51.0,0.5055868783640338,4,lendingclub_imb77,gbdt
2,0.15,least_risky,0.7800456820722166,0.5702479338842975,0.04522613065326633,0.14049586776859505,102885,0.22049861495844875,625,94,43,51,0.4574468085106383,0.5584,43.0,0.5048713023746024,4,lendingclub_imb77,gbdt
3,0.15,least_risky,0.7817538498653049,0.5889724310776943,0.042735042735042736,0.17794486215538846,124352,0.2201653371075656,571,86,46,40,0.5348837209302325,0.5796847635726795,46.0,0.5057151316934656,4,lendingclub_imb77,gbdt
4,0.15,least_risky,0.7860227584315876,0.5925925925925926,0.03548233803263108,0.18518518518518517,145876,0.21937124681236117,504,76,38,38,0.5,0.5694444444444444,38.0,0.5048110598243873,4,lendingclub_imb77,gbdt
5,0.15,least_risky,0.7843365579839962,0.5365296803652968,0.03239145416953825,0.0730593607305936,167457,0.21896367425667485,437,66,40,26,0.6060606060606061,0.5881006864988558,40.0,0.5048564522518194,4,lendingclub_imb77,gbdt
6,0.15,least_risky,0.7858711469771134,0.5673758865248227,0.029447852760736196,0.1347517730496454,188974,0.21850095780371903,512,77,35,42,0.45454545454545453,0.576171875,35.0,0.5040835779623116,4,lendingclub_imb77,gbdt
7,0.15,least_risky,0.783100197116869,0.5684210526315789,0.02351660315732172,0.1368421052631579,210535,0.2186144821526112,461,70,36,34,0.5142857142857142,0.5856832971800434,36.0,0.5043710965377077,4,lendingclub_imb77,gbdt
8,0.15,least_risky,0.7821366250888645,0.5642857142857143,0.023310711124225437,0.12857142857142856,232093,0.21890362914866024,464,70,45,25,0.6428571428571429,0.5862068965517241,45.0,0.5039554838673883,4,lendingclub_imb77,gbdt
9,0.15,least_risky,0.7813978240302744,0.5804878048780487,0.02133189925607242,0.16097560975609757,253678,0.21879705768730437,432,65,39,26,0.6,0.6226851851851852,39.0,0.5038910925040815,4,lendingclub_imb77,gbdt
10,0.15,least_risky,0.782586585786673,0.5575221238938053,0.02095982699825335,0.11504424778761062,275302,0.21858540802464202,387,59,33,26,0.559322033898305,0.5684754521963824,33.0,0.5046142817237815,4,lendingclub_imb77,gbdt
0,0.2,least_risky,0.7825,0.5335051546391752,0.07852807283763277,0.06701030927835051,60000,0.22338333333333332,0,0,0,0,0.0,0.0,0.0,0.0,0,lendingclub_imb77,gbdt
1,0.2,least_risky,0.7859205110879046,0.5407608695652174,0.05661450924608819,0.08152173913043478,81391,0.2211915322332936,702,141,62,79,0.4397163120567376,0.5270655270655271,62.0,0.5086496728148444,0,lendingclub_imb77,gbdt
2,0.2,least_risky,0.7799163993389715,0.5,0.037102473498233215,0.0,102867,0.22012890431333665,595,119,55,64,0.46218487394957986,0.5428571428571428,55.0,0.5069636977297376,0,lendingclub_imb77,gbdt
3,0.2,least_risky,0.7819307129651957,0.6127167630057804,0.038517441860465115,0.2254335260115607,124407,0.21944102823796088,515,103,54,49,0.5242718446601942,0.5766990291262136,54.0,0.5054320101326548,0,lendingclub_imb77,gbdt
4,0.2,least_risky,0.7834532374100719,0.5653206650831354,0.03732747804265998,0.13064133016627077,145949,0.218987454521785,513,103,58,45,0.5631067961165048,0.6023391812865497,58.0,0.5069233278634069,0,lendingclub_imb77,gbdt
5,0.2,least_risky,0.7824035360172023,0.5669856459330144,0.0322800326886407,0.1339712918660287,167418,0.21887132805313647,604,121,62,59,0.512396694214876,0.5662251655629139,62.0,0.5061923591046459,0,lendingclub_imb77,gbdt
6,0.2,least_risky,0.7834197713801863,0.590047393364929,0.030141629342694588,0.18009478672985782,188960,0.2186547417442845,513,103,52,51,0.5048543689320388,0.5925925925925926,52.0,0.5070526753124721,0,lendingclub_imb77,gbdt
7,0.2,least_risky,0.7855565318577976,0.5875831485587583,0.029092106707651774,0.17516629711751663,210541,0.2187839898167103,464,93,51,42,0.5483870967741935,0.5732758620689655,51.0,0.5048930455965421,0,lendingclub_imb77,gbdt
8,0.2,least_risky,0.7822584119598466,0.5924932975871313,0.02171563329075366,0.18498659517426275,232109,0.21835861599507128,480,96,54,42,0.5625,0.6166666666666667,54.0,0.5049336051197376,0,lendingclub_imb77,gbdt
9,0.2,least_risky,0.7838647381074371,0.5851703406813628,0.026418167013480504,0.17034068136272545,253726,0.21835759835413004,419,84,50,34,0.5952380952380952,0.6205250596658711,50.0,0.5057821965082373,0,lendingclub_imb77,gbdt
10,0.2,least_risky,0.7810649812938143,0.5793991416309013,0.022260697501855057,0.15879828326180256,275307,0.21857054125031328,464,93,51,42,0.5483870967741935,0.5560344827586207,51.0,0.5064585947933071,0,lendingclub_imb77,gbdt
0,0.2,least_risky,0.7815,0.5657894736842105,0.08046407185628743,0.13157894736842105,60000,0.22658333333333333,0,0,0,0,0.0,0.0,0.0,0.0,1,lendingclub_imb77,gbdt
1,0.2,least_risky,0.7788626873004176,0.5767045454545454,0.05554035567715458,0.1534090909090909,81419,0.2236333042655891,667,134,66,68,0.4925373134328358,0.5487256371814093,66.0,0.5077681605156302,1,lendingclub_imb77,gbdt
2,0.2,least_risky,0.7829996111975117,0.5265822784810127,0.0463664734730272,0.053164556962025315,102878,0.2206011003324326,617,124,58,66,0.46774193548387094,0.5283630470016207,58.0,0.5068536519338079,1,lendingclub_imb77,gbdt
3,0.2,least_risky,0.7767860732521208,0.6011396011396012,0.037524453138893826,0.2022792022792023,124365,0.22036746673099344,582,117,58,59,0.49572649572649574,0.5618556701030928,58.0,0.5065436776451441,1,lendingclub_imb77,gbdt
4,0.2,least_risky,0.7836115014222558,0.5674300254452926,0.03502434427516884,0.13486005089058525,145895,0.2195277425545769,528,106,64,42,0.6037735849056604,0.5814393939393939,64.0,0.5060936166474804,1,lendingclub_imb77,gbdt
5,0.2,least_risky,0.7796291319537758,0.6049046321525886,0.029770685262169774,0.2098092643051771,167445,0.21902117113081906,503,101,64,37,0.6336633663366337,0.6023856858846919,64.0,0.5062611008450363,1,lendingclub_imb77,gbdt
6,0.2,least_risky,0.780598751719031,0.5673758865248227,0.028732192026816712,0.1347517730496454,189059,0.21878355434017951,423,85,47,38,0.5529411764705883,0.5768321513002365,47.0,0.5059341139054865,1,lendingclub_imb77,gbdt
7,0.2,least_risky,0.7821319218627614,0.5873015873015873,0.027981849611063096,0.1746031746031746,210651,0.21874095067196453,450,90,48,42,0.5333333333333333,0.6022222222222222,48.0,0.5069524518268926,1,lendingclub_imb77,gbdt
8,0.2,least_risky,0.7827509741867424,0.569593147751606,0.026191413942497046,0.139186295503212,232245,0.2186785506684751,448,90,50,40,0.5555555555555556,0.6227678571428571,50.0,0.505323350671924,1,lendingclub_imb77,gbdt
9,0.2,least_risky,0.7800803719171067,0.5626477541371159,0.021217794419185164,0.12529550827423167,253817,0.21869299534704137,476,96,54,42,0.5625,0.5756302521008403,54.0,0.5054929103166571,1,lendingclub_imb77,gbdt
10,0.2,least_risky,0.7814689757833206,0.5708502024291497,0.023290386521308225,0.1417004048582996,275430,0.2187488654104491,424,85,46,39,0.5411764705882353,0.6084905660377359,46.0,0.5054954422990928,1,lendingclub_imb77,gbdt
0,0.2,least_risky,0.7783333333333333,0.5588235294117647,0.06342729970326409,0.11764705882352941,60000,0.2216,0,0,0,0,0.0,0.0,0.0,0.0,2,lendingclub_imb77,gbdt
1,0.2,least_risky,0.7783707520549625,0.5913978494623656,0.04503275109170306,0.1827956989247312,81509,0.21976714227876676,554,111,51,60,0.4594594594594595,0.5379061371841155,51.0,0.5079608176334379,2,lendingclub_imb77,gbdt
2,0.2,least_risky,0.7793140251297724,0.5501432664756447,0.041884816753926704,0.10028653295128939,103062,0.21951834817876617,499,100,53,47,0.53,0.5671342685370742,53.0,0.5074048713068708,2,lendingclub_imb77,gbdt
3,0.2,least_risky,0.7852297812562713,0.5882352941176471,0.03878832656076838,0.17647058823529413,124573,0.21878737768216228,552,111,56,55,0.5045045045045045,0.5742753623188406,56.0,0.506916080345882,2,lendingclub_imb77,gbdt
4,0.2,least_risky,0.783291693760909,0.5470737913486005,0.03375726173653635,0.09414758269720101,146095,0.21837845237687806,538,108,66,42,0.6111111111111112,0.5929368029739777,66.0,0.5072687716789327,2,lendingclub_imb77,gbdt
5,0.2,least_risky,0.7830807779501253,0.5664893617021277,0.02909041245561322,0.13297872340425532,167616,0.21794458762886598,539,108,59,49,0.5462962962962963,0.5732838589981447,59.0,0.5068526337973491,2,lendingclub_imb77,gbdt
6,0.2,least_risky,0.7862202019134203,0.5829145728643216,0.02844880441446965,0.1658291457286432,189188,0.21767236822631456,475,95,48,47,0.5052631578947369,0.5978947368421053,48.0,0.5054836409263944,2,lendingclub_imb77,gbdt
7,0.2,least_risky,0.7833420315984249,0.6143617021276596,0.025056947608200455,0.22872340425531915,210770,0.21821891160981163,463,93,50,43,0.5376344086021505,0.5831533477321814,50.0,0.5064511835625091,2,lendingclub_imb77,gbdt
8,0.2,least_risky,0.7843525412058355,0.5663900414937759,0.02706722189173111,0.13278008298755187,232368,0.21839926323762307,443,89,49,40,0.550561797752809,0.6072234762979684,49.0,0.5050549508532326,2,lendingclub_imb77,gbdt
9,0.2,least_risky,0.7806875910684047,0.5838150289017341,0.026993318485523384,0.1676300578034682,253928,0.21895970511326046,490,98,52,46,0.5306122448979592,0.6142857142857143,52.0,0.5058854607790253,2,lendingclub_imb77,gbdt
10,0.2,least_risky,0.7820966483386865,0.5538160469667319,0.02346016745419879,0.10763209393346379,275533,0.21878323104673486,434,87,49,38,0.5632183908045977,0.5783410138248848,49.0,0.5055259908783242,2,lendingclub_imb77,gbdt
0,0.2,least_risky,0.7776666666666666,0.526813880126183,0.062197392923649904,0.05362776025236593,60000,0.22273333333333334,0,0,0,0,0.0,0.0,0.0,0.0,3,lendingclub_imb77,gbdt
1,0.2,least_risky,0.7835234940498098,0.558282208588957,0.05102326885337819,0.1165644171779141,81507,0.22070497012526533,557,112,54,58,0.48214285714285715,0.5709156193895871,54.0,0.5079634143406417,3,lendingclub_imb77,gbdt
2,0.2,least_risky,0.7822478889643794,0.5623100303951368,0.040856890459363956,0.12462006079027356,103029,0.21941395141173844,538,108,55,53,0.5092592592592593,0.5390334572490706,55.0,0.5084115764143674,3,lendingclub_imb77,gbdt
3,0.2,least_risky,0.7796283661757033,0.5648854961832062,0.04005774088776615,0.1297709923664122,124583,0.21911496753168572,498,100,54,46,0.54,0.5662650602409639,54.0,0.5062086225397836,3,lendingclub_imb77,gbdt
4,0.2,least_risky,0.7830921345239317,0.5927051671732523,0.030463990001562257,0.18541033434650456,146143,0.21883360817829112,491,99,50,49,0.5050505050505051,0.5987780040733197,50.0,0.5076114811028596,3,lendingclub_imb77,gbdt
5,0.2,least_risky,0.782266479830655,0.579746835443038,0.031088786315503665,0.15949367088607594,167705,0.2185385051131451,488,98,53,45,0.5408163265306123,0.5717213114754098,53.0,0.506254936690543,3,lendingclub_imb77,gbdt
6,0.2,least_risky,0.7816784214280054,0.6346666666666667,0.028448481950753047,0.2693333333333333,189285,0.21889214676281799,465,93,48,45,0.5161290322580645,0.5548387096774193,48.0,0.507939819244565,3,lendingclub_imb77,gbdt
7,0.2,least_risky,0.7823303457106274,0.6066838046272494,0.025477707006369428,0.2133676092544987,210869,0.21872821514779317,461,93,46,47,0.4946236559139785,0.5835140997830802,46.0,0.5058128780100715,3,lendingclub_imb77,gbdt
8,0.2,least_risky,0.781309818260028,0.6041131105398457,0.02292906625036589,0.20822622107969152,232473,0.21911361749536507,436,88,47,41,0.5340909090909091,0.5986238532110092,47.0,0.5051316284564797,3,lendingclub_imb77,gbdt
9,0.2,least_risky,0.7806044150631567,0.5804347826086956,0.023786191536748328,0.1608695652173913,254127,0.2193903048475762,373,75,46,29,0.6133333333333333,0.6327077747989276,46.0,0.5062898089726716,3,lendingclub_imb77,gbdt
10,0.2,least_risky,0.7813038353431861,0.5859030837004405,0.02191464821222607,0.17180616740088106,275723,0.21906406066958506,445,89,50,39,0.5617977528089888,0.5955056179775281,50.0,0.5063538872080366,3,lendingclub_imb77,gbdt
0,0.2,least_risky,0.7716666666666666,0.5641025641025641,0.06330935251798561,0.1282051282051282,60000,0.22443333333333335,0,0,0,0,0.0,0.0,0.0,0.0,4,lendingclub_imb77,gbdt
1,0.2,least_risky,0.7761825878888275,0.5590551181102362,0.057676685621445976,0.11811023622047244,81492,0.2214941343935601,575,115,60,55,0.5217391304347826,0.5721739130434783,60.0,0.5078479942950722,4,lendingclub_imb77,gbdt
2,0.2,least_risky,0.7784358464003107,0.5617977528089888,0.043402777777777776,0.12359550561797752,102994,0.2207701419500165,563,113,59,54,0.5221238938053098,0.5719360568383659,59.0,0.5071535794774985,4,lendingclub_imb77,gbdt
3,0.2,least_risky,0.7827885310416834,0.5472636815920398,0.04038920506700936,0.0945273631840796,124509,0.22047402195825203,547,110,59,51,0.5363636363636364,0.5904936014625228,59.0,0.5078585648459336,4,lendingclub_imb77,gbdt
4,0.2,least_risky,0.7818735667590786,0.5687203791469194,0.03731923495568341,0.13744075829383887,146083,0.21975863036766768,473,95,47,48,0.49473684210526314,0.5644820295983086,47.0,0.5069089571201838,4,lendingclub_imb77,gbdt
5,0.2,least_risky,0.783221996898485,0.5655339805825242,0.03181756110883518,0.13106796116504854,167658,0.2192797242004557,472,95,46,49,0.4842105263157895,0.5677966101694916,46.0,0.505126572929315,4,lendingclub_imb77,gbdt
6,0.2,least_risky,0.7807140403266298,0.5446009389671361,0.02783109404990403,0.0892018779342723,189201,0.21878319882030223,512,103,49,54,0.47572815533980584,0.591796875,49.0,0.5062403541538014,4,lendingclub_imb77,gbdt
7,0.2,least_risky,0.7854415217855364,0.5777310924369747,0.030153508771929825,0.15546218487394958,210805,0.2189606508384526,435,87,58,29,0.6666666666666666,0.6045977011494252,58.0,0.5058736782913481,4,lendingclub_imb77,gbdt
8,0.2,least_risky,0.7832411611542682,0.5720620842572062,0.025448806470704282,0.14412416851441243,232353,0.21914070401501165,505,101,49,52,0.48514851485148514,0.5861386138613861,49.0,0.5070212775782132,4,lendingclub_imb77,gbdt
9,0.2,least_risky,0.7853359847217026,0.5655737704918032,0.02516640831585666,0.13114754098360656,253952,0.21901776713709678,442,89,50,39,0.5617977528089888,0.6244343891402715,50.0,0.5060281340212796,4,lendingclub_imb77,gbdt
10,0.2,least_risky,0.783023660908695,0.5621181262729125,0.022963640901905318,0.12423625254582485,275560,0.2187436492959791,431,87,54,33,0.6206896551724138,0.5962877030162413,54.0,0.5050173493873845,4,lendingclub_imb77,gbdt
0,0.3,least_risky,0.7825,0.5335051546391752,0.07852807283763277,0.06701030927835051,60000,0.22338333333333332,0,0,0,0,0.0,0.0,0.0,0.0,0,lendingclub_imb77,gbdt
1,0.3,least_risky,0.7789848401153869,0.5271084337349398,0.048355899419729204,0.05421686746987952,81461,0.2214433900885086,702,211,98,113,0.46445497630331756,0.5270655270655271,98.0,0.5130259700960476,0,lendingclub_imb77,gbdt
2,0.3,least_risky,0.7760578416149069,0.5227963525835866,0.037149028077753776,0.04559270516717325,103037,0.22056154585246077,538,162,73,89,0.4506172839506173,0.5483271375464684,73.0,0.5122572764051466,0,lendingclub_imb77,gbdt
3,0.3,least_risky,0.7840612842417679,0.5744125326370757,0.04043374379709612,0.14882506527415143,124662,0.21999486611798302,468,141,78,63,0.5531914893617021,0.594017094017094,78.0,0.512048991726057,0,lendingclub_imb77,gbdt
4,0.3,least_risky,0.7870449495812681,0.5506912442396313,0.038093720114759325,0.10138248847926268,146271,0.21956505390678946,490,147,75,72,0.5102040816326531,0.6040816326530613,75.0,0.5092493324310617,0,lendingclub_imb77,gbdt
5,0.3,least_risky,0.7853078733355179,0.6104417670682731,0.04154708213748804,0.22088353413654618,167845,0.2196192916083291,540,162,88,74,0.5432098765432098,0.562962962962963,88.0,0.5092250621716329,0,lendingclub_imb77,gbdt
6,0.3,least_risky,0.7820658342792282,0.5816554809843401,0.03121623244086925,0.16331096196868009,189415,0.21939128368925376,546,164,96,68,0.5853658536585366,0.6007326007326007,96.0,0.5098966466888988,0,lendingclub_imb77,gbdt
7,0.3,least_risky,0.7836634132474178,0.5757575757575758,0.028906759400130405,0.15151515151515152,211060,0.2195394674500142,439,132,71,61,0.5378787878787878,0.5740318906605922,71.0,0.5084332674180244,0,lendingclub_imb77,gbdt
8,0.3,least_risky,0.7835915508090336,0.5676190476190476,0.029382764740682313,0.13523809523809524,232681,0.21914982314843068,474,143,83,60,0.5804195804195804,0.609704641350211,83.0,0.5088809253940461,0,lendingclub_imb77,gbdt
9,0.3,least_risky,0.7820290994887927,0.5604982206405694,0.028240989779451317,0.12099644128113879,254298,0.2190933471753612,479,144,84,60,0.5833333333333334,0.6075156576200418,84.0,0.5086064056028536,0,lendingclub_imb77,gbdt
10,0.3,least_risky,0.7807193983872429,0.5641952983725136,0.025632599408478476,0.12839059674502712,275923,0.21927494264704284,468,141,74,67,0.524822695035461,0.5641025641025641,74.0,0.5112800211546882,0,lendingclub_imb77,gbdt
0,0.3,least_risky,0.7815,0.5657894736842105,0.08046407185628743,0.13157894736842105,60000,0.22658333333333333,0,0,0,0,0.0,0.0,0.0,0.0,1,lendingclub_imb77,gbdt
1,0.3,least_risky,0.7765369984047122,0.5399449035812672,0.053391446472350855,0.07988980716253444,81486,0.2239034926244999,667,201,103,98,0.5124378109452736,0.5487256371814093,103.0,0.5124189202163635,1,lendingclub_imb77,gbdt
2,0.3,least_risky,0.781272753749818,0.5736677115987461,0.040193279156600044,0.14733542319749215,103004,0.22088462583977322,621,187,85,102,0.45454545454545453,0.5362318840579711,85.0,0.5110167800683424,1,lendingclub_imb77,gbdt
3,0.3,least_risky,0.7805817452357071,0.5639810426540285,0.043092522179974654,0.12796208530805686,124624,0.22097669790730518,475,143,75,68,0.5244755244755245,0.5642105263157895,75.0,0.5089801095215144,1,lendingclub_imb77,gbdt
4,0.3,least_risky,0.7782528389656588,0.5794871794871795,0.03453017570664629,0.15897435897435896,146178,0.2201015200645788,569,171,92,79,0.5380116959064327,0.5659050966608085,92.0,0.5107247692153184,1,lendingclub_imb77,gbdt
5,0.3,least_risky,0.7831942789034565,0.5893719806763285,0.033197278911564626,0.178743961352657,167797,0.2196403988152351,477,144,76,68,0.5277777777777778,0.5870020964360587,76.0,0.5091153702252663,1,lendingclub_imb77,gbdt
6,0.3,least_risky,0.7814174475386036,0.5676767676767677,0.033660757067561095,0.13535353535353536,189423,0.21935562207334908,466,140,76,64,0.5428571428571428,0.5708154506437768,76.0,0.5080116945555305,1,lendingclub_imb77,gbdt
7,0.3,least_risky,0.7809131186769968,0.5891304347826087,0.029049201414942653,0.1782608695652174,211031,0.21925214778871352,492,148,84,64,0.5675675675675675,0.6178861788617886,84.0,0.5104180726009374,1,lendingclub_imb77,gbdt
8,0.3,least_risky,0.7811183701538726,0.5809935205183585,0.02621832358674464,0.16198704103671707,232659,0.2192178252291981,464,140,85,55,0.6071428571428571,0.6228448275862069,85.0,0.5089011703951211,1,lendingclub_imb77,gbdt
9,0.3,least_risky,0.7806158565361019,0.5683453237410072,0.028131398557820708,0.1366906474820144,254280,0.2192543652666352,474,143,77,66,0.5384615384615384,0.5675105485232067,77.0,0.508543824952316,1,lendingclub_imb77,gbdt
10,0.3,least_risky,0.7804900148599181,0.5872420262664165,0.02564312633131247,0.17448405253283303,275907,0.2192949073419667,465,140,77,63,0.55,0.5978494623655914,77.0,0.5089604934164894,1,lendingclub_imb77,gbdt
0,0.3,least_risky,0.7783333333333333,0.5588235294117647,0.06342729970326409,0.11764705882352941,60000,0.2216,0,0,0,0,0.0,0.0,0.0,0.0,2,lendingclub_imb77,gbdt
1,0.3,least_risky,0.7798075154784527,0.5441696113074205,0.042576721039535526,0.08833922261484099,81565,0.21995954146999325,554,167,79,88,0.47305389221556887,0.5379061371841155,79.0,0.5120951047540357,2,lendingclub_imb77,gbdt
2,0.3,least_risky,0.7786122686306812,0.5955678670360111,0.04635618801207417,0.19113573407202217,103187,0.21994049638035798,472,142,79,63,0.5563380281690141,0.5635593220338984,79.0,0.5083666337490583,2,lendingclub_imb77,gbdt
3,0.3,least_risky,0.7837935318398589,0.575,0.04216315307057745,0.15,124764,0.2193180725209195,537,162,86,76,0.5308641975308642,0.5772811918063314,86.0,0.5111279758399508,2,lendingclub_imb77,gbdt
4,0.3,least_risky,0.7836129429049783,0.51931330472103,0.03810423555345615,0.03862660944206009,146333,0.21891166039102594,548,165,94,71,0.5696969696969697,0.593065693430657,94.0,0.5119315221513699,2,lendingclub_imb77,gbdt
5,0.3,least_risky,0.7865523196950748,0.5736607142857143,0.03552667956870335,0.14732142857142858,167907,0.21847808608336758,540,162,87,75,0.5370370370370371,0.5814814814814815,87.0,0.5102527571765466,2,lendingclub_imb77,gbdt
6,0.3,least_risky,0.7822897701786327,0.5509761388286334,0.030609785490479633,0.1019522776572668,189493,0.21818220198107582,523,157,77,80,0.49044585987261147,0.5793499043977055,77.0,0.5096892336061178,2,lendingclub_imb77,gbdt
7,0.3,least_risky,0.7811093742598645,0.5698198198198198,0.027192605331040412,0.13963963963963963,211109,0.21874481902713763,480,144,72,72,0.5,0.5625,72.0,0.5096686721149678,2,lendingclub_imb77,gbdt
8,0.3,least_risky,0.779245891073155,0.5519848771266541,0.028267182962245885,0.10396975425330812,232724,0.21892026606624157,482,145,80,65,0.5517241379310345,0.5933609958506224,80.0,0.509239976589546,2,lendingclub_imb77,gbdt
9,0.3,least_risky,0.7817248904004561,0.5604395604395604,0.0273972602739726,0.12087912087912088,254335,0.2194703835492559,488,147,76,71,0.5170068027210885,0.625,76.0,0.5090754299491411,2,lendingclub_imb77,gbdt
10,0.3,least_risky,0.7807591267324939,0.5585106382978723,0.025889701652009534,0.11702127659574468,275972,0.21929760990245387,451,136,74,62,0.5441176470588235,0.5698447893569845,74.0,0.5087424435287163,2,lendingclub_imb77,gbdt
0,0.3,least_risky,0.7776666666666666,0.526813880126183,0.062197392923649904,0.05362776025236593,60000,0.22273333333333334,0,0,0,0,0.0,0.0,0.0,0.0,3,lendingclub_imb77,gbdt
1,0.3,least_risky,0.780543125114939,0.5870786516853933,0.05738605161998902,0.17415730337078653,81563,0.22100707428613464,557,168,91,77,0.5416666666666666,0.5709156193895871,91.0,0.5119071100259159,3,lendingclub_imb77,gbdt
2,0.3,least_risky,0.7778908597460502,0.5621468926553672,0.04300842878755133,0.12429378531073447,103170,0.21987981002229331,493,148,80,68,0.5405405405405406,0.5537525354969574,80.0,0.512177991641024,3,lendingclub_imb77,gbdt
3,0.3,least_risky,0.7801819128901711,0.574585635359116,0.03754512635379061,0.14917127071823205,124784,0.21953936402102833,484,146,80,66,0.547945205479452,0.5991735537190083,80.0,0.5131182184567662,3,lendingclub_imb77,gbdt
4,0.3,least_risky,0.7829798859406482,0.5941644562334217,0.034858387799564274,0.1883289124668435,146414,0.2194735476115672,461,139,90,49,0.6474820143884892,0.6030368763557483,90.0,0.5109001010703267,3,lendingclub_imb77,gbdt
5,0.3,least_risky,0.7815178571428572,0.5908141962421712,0.038099084544964995,0.18162839248434237,167997,0.21909915058006987,528,159,87,72,0.5471698113207547,0.5833333333333334,87.0,0.5115072402943618,3,lendingclub_imb77,gbdt
6,0.3,least_risky,0.7820205163365945,0.5789473684210527,0.029044647143542966,0.15789473684210525,189601,0.2194133997183559,498,150,82,68,0.5466666666666666,0.5662650602409639,82.0,0.5115638064678586,3,lendingclub_imb77,gbdt
7,0.3,least_risky,0.7813912755331487,0.6238317757009346,0.028580603725112397,0.24766355140186916,211242,0.21931718124236657,445,134,72,62,0.5373134328358209,0.5775280898876405,72.0,0.5110638598474491,3,lendingclub_imb77,gbdt
8,0.3,least_risky,0.7798222260391618,0.6275720164609053,0.029386260718759032,0.2551440329218107,232880,0.21967536928890416,449,135,76,59,0.562962962962963,0.6146993318485523,76.0,0.5094776089796789,3,lendingclub_imb77,gbdt
9,0.3,least_risky,0.7796220633299284,0.5971943887775552,0.026334393778720395,0.19438877755511022,254540,0.21989864068515755,418,126,67,59,0.5317460317460317,0.6148325358851675,67.0,0.5085275075296951,3,lendingclub_imb77,gbdt
10,0.3,least_risky,0.7828086246537647,0.5845896147403685,0.028847743428665897,0.16917922948073702,276182,0.21957260067636558,444,134,77,57,0.5746268656716418,0.6103603603603603,77.0,0.5097256349107979,3,lendingclub_imb77,gbdt
0,0.3,least_risky,0.7716666666666666,0.5641025641025641,0.06330935251798561,0.1282051282051282,60000,0.22443333333333335,0,0,0,0,0.0,0.0,0.0,0.0,4,lendingclub_imb77,gbdt
1,0.3,least_risky,0.7820355610055181,0.5793650793650794,0.06058091286307054,0.15873015873015872,81550,0.2217167381974249,575,173,91,82,0.5260115606936416,0.5721739130434783,91.0,0.5123145808806079,4,lendingclub_imb77,gbdt
2,0.3,least_risky,0.7793996411425246,0.5764075067024129,0.046678245766391666,0.15281501340482573,103105,0.22101740943698173,568,171,81,90,0.47368421052631576,0.5721830985915493,81.0,0.5103915548148207,4,lendingclub_imb77,gbdt
3,0.3,least_risky,0.7843223736968725,0.5764075067024129,0.039551140544518026,0.15281501340482573,124698,0.2208696210043465,513,154,81,73,0.525974025974026,0.5925925925925926,81.0,0.511122433370856,4,lendingclub_imb77,gbdt
4,0.3,least_risky,0.7839860570022554,0.5444191343963554,0.037578616352201256,0.0888382687927107,146309,0.22024619128009898,488,147,76,71,0.5170068027210885,0.5450819672131147,76.0,0.5102350298905277,4,lendingclub_imb77,gbdt
5,0.3,least_risky,0.7820222711844221,0.5569620253164557,0.035796610169491525,0.11392405063291139,167930,0.21979396176978502,474,143,75,68,0.5244755244755245,0.5738396624472574,75.0,0.5105854265919945,4,lendingclub_imb77,gbdt
6,0.3,least_risky,0.7860930122134585,0.5508637236084453,0.03516295025728988,0.1017274472168906,189542,0.21940255985480792,487,147,74,73,0.5034013605442177,0.5790554414784395,74.0,0.5120154099293532,4,lendingclub_imb77,gbdt
7,0.3,least_risky,0.78243163253226,0.5542168674698795,0.029860434923726063,0.10843373493975904,211172,0.21955562290455174,461,139,84,55,0.60431654676259,0.596529284164859,84.0,0.5098805950460725,4,lendingclub_imb77,gbdt
8,0.3,least_risky,0.7849855010202986,0.5529197080291971,0.030095351609058404,0.10583941605839416,232772,0.21978158885089272,504,152,74,78,0.4868421052631579,0.5674603174603174,74.0,0.5092979129858136,4,lendingclub_imb77,gbdt
9,0.3,least_risky,0.7847203113329927,0.5891472868217055,0.027523766410140336,0.17829457364341086,254388,0.21964086356274667,480,144,84,60,0.5833333333333334,0.61875,84.0,0.5082891403334788,4,lendingclub_imb77,gbdt
10,0.3,least_risky,0.7839482693039178,0.5546492659053833,0.0283451438099208,0.10929853181076672,276044,0.21936720233006332,423,127,67,60,0.5275590551181102,0.5815602836879432,67.0,0.5070090502042435,4,lendingclub_imb77,gbdt
0,0.5,least_risky,0.7825,0.5335051546391752,0.07852807283763277,0.06701030927835051,60000,0.22338333333333332,0,0,0,0,0.0,0.0,0.0,0.0,0,lendingclub_imb77,gbdt
1,0.5,least_risky,0.7818761105324429,0.5657142857142857,0.05490848585690516,0.13142857142857142,81601,0.22203159275008885,702,351,177,174,0.5042735042735043,0.5270655270655271,177.0,0.5221944252553258,0,lendingclub_imb77,gbdt
2,0.5,least_risky,0.7773044151820294,0.5373563218390804,0.04042369217466494,0.07471264367816093,103276,0.22137766760912506,554,277,139,138,0.5018050541516246,0.5469314079422383,139.0,0.5199270126946427,0,lendingclub_imb77,gbdt
3,0.5,least_risky,0.7837340480857703,0.5691244239631337,0.04518843761434321,0.1382488479262673,124984,0.22086827113870575,489,245,123,122,0.5020408163265306,0.5725971370143149,123.0,0.5184065882314894,0,lendingclub_imb77,gbdt
4,0.5,least_risky,0.7828117542783118,0.5608365019011406,0.04584304584304584,0.12167300380228137,146670,0.2204745346696666,532,266,142,124,0.5338345864661654,0.6052631578947368,142.0,0.5191403575502958,0,lendingclub_imb77,gbdt
5,0.5,least_risky,0.7806689241371116,0.6044176706827309,0.040197649572649576,0.20883534136546184,168328,0.22062877239674922,588,294,165,129,0.5612244897959183,0.5544217687074829,165.0,0.5168767119961865,0,lendingclub_imb77,gbdt
6,0.5,least_risky,0.7834552439088565,0.6006825938566553,0.04216578821274557,0.20136518771331058,190030,0.22053886228490238,500,250,144,106,0.576,0.598,144.0,0.5167742605805654,0,lendingclub_imb77,gbdt
7,0.5,least_risky,0.7833427788797582,0.5774410774410774,0.037013057084277545,0.15488215488215487,211739,0.22065845215099722,487,244,131,113,0.5368852459016393,0.5728952772073922,131.0,0.517201905064406,0,lendingclub_imb77,gbdt
8,0.5,least_risky,0.7831516267911839,0.5544554455445545,0.0384276051367513,0.10891089108910891,233433,0.22028590644853127,516,258,138,120,0.5348837209302325,0.5813953488372093,138.0,0.5179366512941809,0,lendingclub_imb77,gbdt
9,0.5,least_risky,0.7810160322997922,0.562254259501966,0.03807241746538871,0.12450851900393185,255109,0.22023919187484564,552,276,165,111,0.5978260869565217,0.6014492753623188,165.0,0.5168519612871062,0,lendingclub_imb77,gbdt
10,0.5,least_risky,0.7796542817405127,0.5964912280701754,0.03581267217630854,0.19298245614035087,276812,0.22043842029969798,499,250,131,119,0.524,0.5490981963927856,131.0,0.5192082471171852,0,lendingclub_imb77,gbdt
0,0.5,least_risky,0.7815,0.5657894736842105,0.08046407185628743,0.13157894736842105,60000,0.22658333333333333,0,0,0,0,0.0,0.0,0.0,0.0,1,lendingclub_imb77,gbdt
1,0.5,least_risky,0.7829576084293065,0.5604113110539846,0.060724233983286906,0.12082262210796915,81619,0.22442078437618693,667,334,175,159,0.5239520958083832,0.5487256371814093,175.0,0.5219844256552217,1,lendingclub_imb77,gbdt
2,0.5,least_risky,0.7827434271050211,0.5717761557177615,0.051693796744390674,0.1435523114355231,103264,0.2217326464208243,614,307,154,153,0.501628664495114,0.5358306188925082,154.0,0.5208931362127244,1,lendingclub_imb77,gbdt
3,0.5,least_risky,0.7776932927805347,0.5515789473684211,0.04675231977159172,0.1031578947368421,124939,0.22171619750438215,555,278,141,137,0.5071942446043165,0.5711711711711712,141.0,0.519459401640553,1,lendingclub_imb77,gbdt
4,0.5,least_risky,0.7796876065752677,0.570281124497992,0.04349157733537519,0.14056224899598393,146609,0.22097551992033232,564,282,155,127,0.549645390070922,0.574468085106383,155.0,0.5202184636329877,1,lendingclub_imb77,gbdt
5,0.5,least_risky,0.7787053266391373,0.6035242290748899,0.03632506960095453,0.20704845814977973,168305,0.22059356525355753,512,256,146,110,0.5703125,0.587890625,146.0,0.5178221232973562,1,lendingclub_imb77,gbdt
6,0.5,least_risky,0.7789822659580067,0.5842696629213483,0.03674911660777385,0.16853932584269662,190026,0.2203487943755065,463,232,120,112,0.5172413793103449,0.5637149028077754,120.0,0.5155516878830099,1,lendingclub_imb77,gbdt
7,0.5,least_risky,0.7819598583234947,0.5316265060240963,0.03805519620526089,0.06325301204819277,211746,0.22036307651620338,464,232,136,96,0.5862068965517241,0.6142241379310345,136.0,0.5172820964342688,1,lendingclub_imb77,gbdt
8,0.5,least_risky,0.7820611667951683,0.5799457994579946,0.04157761802992034,0.15989159891598917,233456,0.2203370228222877,485,243,140,103,0.5761316872427984,0.6185567010309279,140.0,0.5178469101437937,1,lendingclub_imb77,gbdt
9,0.5,least_risky,0.7824485076528113,0.57001414427157,0.03598214285714286,0.14002828854314003,255134,0.22035087444244986,549,275,148,127,0.5381818181818182,0.5628415300546448,148.0,0.5185872614690781,1,lendingclub_imb77,gbdt
10,0.5,least_risky,0.7786085825747724,0.5852272727272727,0.03328486023590241,0.17045454545454544,276839,0.22040608440284787,495,248,134,114,0.5403225806451613,0.5858585858585859,134.0,0.5171403531451874,1,lendingclub_imb77,gbdt
0,0.5,least_risky,0.7783333333333333,0.5588235294117647,0.06342729970326409,0.11764705882352941,60000,0.2216,0,0,0,0,0.0,0.0,0.0,0.0,2,lendingclub_imb77,gbdt
1,0.5,least_risky,0.7797979797979798,0.5763888888888888,0.04559187036528426,0.1527777777777778,81675,0.22033670033670033,554,277,134,143,0.48375451263537905,0.5379061371841155,134.0,0.5208659445472038,2,lendingclub_imb77,gbdt
2,0.5,least_risky,0.7765365830069152,0.5502645502645502,0.0446447735565572,0.10052910052910052,103393,0.22056618920042942,468,234,128,106,0.5470085470085471,0.5555555555555556,128.0,0.5167320428918016,2,lendingclub_imb77,gbdt
3,0.5,least_risky,0.7802518488906656,0.576530612244898,0.04066942594925319,0.15306122448979592,125074,0.22010169979372213,542,271,149,122,0.5498154981549815,0.584870848708487,149.0,0.5202744389355174,2,lendingclub_imb77,gbdt
4,0.5,least_risky,0.7806506557656276,0.5219047619047619,0.04240173320953265,0.04380952380952381,146772,0.21984438448750443,508,254,135,119,0.531496062992126,0.5885826771653543,135.0,0.5165750355299332,2,lendingclub_imb77,gbdt
5,0.5,least_risky,0.78274162906673,0.5691202872531418,0.04286100594916171,0.13824057450628366,168437,0.21948859217392852,575,288,159,129,0.5520833333333334,0.5791304347826087,159.0,0.5175953775347418,2,lendingclub_imb77,gbdt
6,0.5,least_risky,0.783832114868774,0.5772058823529411,0.0378131021194605,0.15441176470588236,190130,0.2193131015620891,519,260,143,117,0.55,0.5799614643545279,143.0,0.5183917243836201,2,lendingclub_imb77,gbdt
7,0.5,least_risky,0.7799282477341389,0.5705794947994056,0.04076865909332201,0.1411589895988113,211840,0.21987348942598187,484,242,131,111,0.5413223140495868,0.5867768595041323,131.0,0.5177525712516832,2,lendingclub_imb77,gbdt
8,0.5,least_risky,0.7809656353709453,0.6025848142164781,0.036014289852273826,0.20516962843295639,233525,0.22005780965635371,535,268,150,118,0.5597014925373134,0.5869158878504673,150.0,0.5163709757597358,2,lendingclub_imb77,gbdt
9,0.5,least_risky,0.7809708509637988,0.6087570621468926,0.0380238200264667,0.2175141242937853,255237,0.220669417051603,480,240,130,110,0.5416666666666666,0.6166666666666667,130.0,0.5170000265972823,2,lendingclub_imb77,gbdt
10,0.5,least_risky,0.779073545871394,0.5574866310160428,0.033836416747809156,0.11497326203208556,276970,0.22052207820341554,438,219,116,103,0.5296803652968036,0.5593607305936074,116.0,0.5178361813519229,2,lendingclub_imb77,gbdt
0,0.5,least_risky,0.7776666666666666,0.526813880126183,0.062197392923649904,0.05362776025236593,60000,0.22273333333333334,0,0,0,0,0.0,0.0,0.0,0.0,3,lendingclub_imb77,gbdt
1,0.5,least_risky,0.7814508723599632,0.5703324808184144,0.06151724137931035,0.14066496163682865,81674,0.22145358375982566,557,279,152,127,0.5448028673835126,0.5709156193895871,152.0,0.5205348942909375,3,lendingclub_imb77,gbdt
2,0.5,least_risky,0.7782669698582418,0.5949720670391061,0.04579660288110084,0.18994413407821228,103345,0.22027190478494363,562,281,135,146,0.4804270462633452,0.5516014234875445,135.0,0.5188662663089191,3,lendingclub_imb77,gbdt
3,0.5,least_risky,0.7797504798464492,0.6037296037296037,0.046274790066106845,0.20745920745920746,125039,0.2201153240189061,516,258,148,110,0.5736434108527132,0.5988372093023255,148.0,0.5191639900488446,3,lendingclub_imb77,gbdt
4,0.5,least_risky,0.7838233791012231,0.55,0.03787760212865863,0.1,146752,0.2200924007849978,478,239,137,102,0.5732217573221757,0.602510460251046,137.0,0.5175762570189885,3,lendingclub_imb77,gbdt
5,0.5,least_risky,0.7790245495294921,0.5857418111753372,0.040355767954334265,0.17148362235067438,168435,0.21985335589396504,538,269,148,121,0.550185873605948,0.5780669144981413,148.0,0.5173979037093774,3,lendingclub_imb77,gbdt
6,0.5,least_risky,0.7792153150310298,0.6039215686274509,0.0362267701717243,0.20784313725490197,190139,0.22023361856326162,497,249,130,119,0.5220883534136547,0.5613682092555332,130.0,0.521974977265646,3,lendingclub_imb77,gbdt
7,0.5,least_risky,0.7783861603455193,0.6074950690335306,0.032424465733235076,0.21499013806706113,211853,0.22018097454366944,477,239,136,103,0.5690376569037657,0.5828092243186582,136.0,0.5186770968558386,3,lendingclub_imb77,gbdt
8,0.5,least_risky,0.7784888698630137,0.6034755134281201,0.03645038167938931,0.20695102685624012,233598,0.22064829322168855,415,208,124,84,0.5961538461538461,0.6168674698795181,124.0,0.5154667874034775,3,lendingclub_imb77,gbdt
9,0.5,least_risky,0.7813026279716445,0.5547337278106509,0.03335705390499911,0.10946745562130178,255328,0.22088059280611605,444,222,127,95,0.5720720720720721,0.6261261261261262,127.0,0.5175459745415624,3,lendingclub_imb77,gbdt
10,0.5,least_risky,0.7808478766987312,0.5619834710743802,0.033352407422545575,0.12396694214876033,277044,0.22059672831752358,472,236,131,105,0.5550847457627118,0.5847457627118644,131.0,0.5177042563833977,3,lendingclub_imb77,gbdt
0,0.5,least_risky,0.7716666666666666,0.5641025641025641,0.06330935251798561,0.1282051282051282,60000,0.22443333333333335,0,0,0,0,0.0,0.0,0.0,0.0,4,lendingclub_imb77,gbdt
1,0.5,least_risky,0.7778730178166902,0.5621890547263682,0.06144643828167482,0.12437810945273632,81665,0.22226167880977163,575,288,161,127,0.5590277777777778,0.5721739130434783,161.0,0.5216852784237305,4,lendingclub_imb77,gbdt
2,0.5,least_risky,0.775584264769923,0.5969387755102041,0.04963937208315655,0.19387755102040816,103331,0.2218211378966622,572,286,148,138,0.5174825174825175,0.5751748251748252,148.0,0.522727433049907,4,lendingclub_imb77,gbdt
3,0.5,least_risky,0.7817861856577211,0.582441113490364,0.04915958792698355,0.16488222698072805,125012,0.2218187054042812,542,271,163,108,0.6014760147601476,0.6107011070110702,163.0,0.5188865174298674,4,lendingclub_imb77,gbdt
4,0.5,least_risky,0.7776982585284395,0.5677179962894249,0.04639175257731959,0.13543599257884972,146713,0.2212414714442483,503,252,140,112,0.5555555555555556,0.562624254473161,140.0,0.5167053444061237,4,lendingclub_imb77,gbdt
5,0.5,least_risky,0.7810468188700531,0.5653710247349824,0.042958786414283794,0.13074204946996468,168415,0.22079387227978506,501,251,129,122,0.5139442231075697,0.5708582834331337,129.0,0.5177582227538009,4,lendingclub_imb77,gbdt
6,0.5,least_risky,0.7835520605949031,0.5737704918032787,0.03790157622428107,0.14754098360655737,190114,0.22043615935701738,506,253,135,118,0.5335968379446641,0.5849802371541502,135.0,0.5170916331128855,4,lendingclub_imb77,gbdt
7,0.5,least_risky,0.7823962611528112,0.5516265912305516,0.04197158846319415,0.10325318246110325,211827,0.2206187124398684,479,240,147,93,0.6125,0.6075156576200418,147.0,0.5172341118361786,4,lendingclub_imb77,gbdt
8,0.5,least_risky,0.7827576607636137,0.5784615384615385,0.036693666438957745,0.15692307692307692,233495,0.22086982590633633,568,284,147,137,0.5176056338028169,0.5545774647887324,147.0,0.5167623040581106,4,lendingclub_imb77,gbdt
9,0.5,least_risky,0.7793429069607978,0.569672131147541,0.03669159700835899,0.13934426229508196,255212,0.22080858266852657,471,236,143,93,0.6059322033898306,0.6157112526539278,143.0,0.5167159616579066,4,lendingclub_imb77,gbdt
10,0.5,least_risky,0.7818802246014408,0.5525,0.0363337443485409,0.105,276934,0.22054352300548144,460,230,131,99,0.5695652173913044,0.5826086956521739,131.0,0.5149569070808756,4,lendingclub_imb77,gbdt
0,0.75,least_risky,0.7825,0.5335051546391752,0.07852807283763277,0.06701030927835051,60000,0.22338333333333332,0,0,0,0,0.0,0.0,0.0,0.0,0,lendingclub_imb77,gbdt
1,0.75,least_risky,0.7797750061139643,0.5295629820051414,0.056827586206896555,0.05912596401028278,81777,0.2225931496631082,702,527,262,265,0.4971537001897533,0.5270655270655271,262.0,0.5366874063458037,0,lendingclub_imb77,gbdt
2,0.75,least_risky,0.7837420351419193,0.5354691075514875,0.05187319884726225,0.07093821510297482,103580,0.22226298513226492,598,449,229,220,0.5100222717149221,0.5334448160535117,229.0,0.5336227420998158,0,lendingclub_imb77,gbdt
3,0.75,least_risky,0.7807192408898812,0.5541740674955595,0.05610501708325841,0.108348134991119,125407,0.2219573070083807,501,376,202,174,0.5372340425531915,0.5748502994011976,202.0,0.5286450705990572,0,lendingclub_imb77,gbdt
4,0.75,least_risky,0.7829099307159353,0.5624036979969184,0.05638807353622741,0.12480739599383667,147216,0.22173540919465276,573,430,233,197,0.541860465116279,0.5881326352530541,233.0,0.531193787002944,0,lendingclub_imb77,gbdt
5,0.75,least_risky,0.7832800851970181,0.5643410852713179,0.04912943717100823,0.12868217054263567,169020,0.22194414862146492,592,444,240,204,0.5405405405405406,0.5608108108108109,240.0,0.533501105480964,0,lendingclub_imb77,gbdt
6,0.75,least_risky,0.7807063508698386,0.592747559274756,0.0499823591673527,0.18549511854951187,190839,0.22190432773175295,533,400,223,177,0.5575,0.5891181988742964,223.0,0.5321096796128438,0,lendingclub_imb77,gbdt
7,0.75,least_risky,0.7830022334548019,0.5633293124246079,0.05002678093197643,0.12665862484921592,212671,0.2220942206506764,481,361,195,166,0.5401662049861495,0.5634095634095634,195.0,0.5266304396467113,0,lendingclub_imb77,gbdt
8,0.75,least_risky,0.781956971363995,0.5943970767356882,0.04700895867450149,0.18879415347137637,234493,0.22180619464120463,521,391,222,169,0.5677749360613811,0.5854126679462572,222.0,0.5324532744344338,0,lendingclub_imb77,gbdt
9,0.75,least_risky,0.7825917328287458,0.565843621399177,0.048789142198172625,0.13168724279835392,256315,0.22183641222714237,522,392,235,157,0.5994897959183674,0.60727969348659,235.0,0.5291908956536212,0,lendingclub_imb77,gbdt
10,0.75,least_risky,0.7802326208495874,0.5388127853881278,0.0479285134037368,0.0776255707762557,278135,0.22206482463551871,530,398,214,184,0.5376884422110553,0.5433962264150943,214.0,0.5298624033154229,0,lendingclub_imb77,gbdt
0,0.75,least_risky,0.7815,0.5657894736842105,0.08046407185628743,0.13157894736842105,60000,0.22658333333333333,0,0,0,0,0.0,0.0,0.0,0.0,1,lendingclub_imb77,gbdt
1,0.75,least_risky,0.7778457024086074,0.5394088669950738,0.05973813420621931,0.07881773399014778,81786,0.22497737999168563,667,501,258,243,0.5149700598802395,0.5487256371814093,258.0,0.5371788489057037,1,lendingclub_imb77,gbdt
2,0.75,least_risky,0.7785124764708722,0.5616438356164384,0.0616938950988822,0.1232876712328767,103591,0.22260621096427297,589,442,223,219,0.504524886877828,0.5398981324278438,223.0,0.5391077101881067,1,lendingclub_imb77,gbdt
3,0.75,least_risky,0.7794434255641496,0.579476861167002,0.05132774906433791,0.158953722334004,125410,0.22282912048480982,533,400,215,185,0.5375,0.5816135084427767,215.0,0.5324259573684794,1,lendingclub_imb77,gbdt
4,0.75,least_risky,0.7798003124363241,0.6033613445378151,0.05433630997426971,0.20672268907563024,147228,0.22230146439535958,536,402,222,180,0.5522388059701493,0.5652985074626866,222.0,0.5317484537729804,1,lendingclub_imb77,gbdt
5,0.75,least_risky,0.7794800508710183,0.5406203840472673,0.04872853148715218,0.08124076809453472,169051,0.22199809524936262,518,389,229,160,0.5886889460154242,0.6061776061776062,229.0,0.530431482375453,1,lendingclub_imb77,gbdt
6,0.75,least_risky,0.7798150719019304,0.5931232091690545,0.048500468603561386,0.18624641833810887,190883,0.2218217442098039,482,362,203,159,0.5607734806629834,0.5726141078838174,203.0,0.5292732494059779,1,lendingclub_imb77,gbdt
7,0.75,least_risky,0.7804574195519827,0.5721212121212121,0.04989956655037531,0.14424242424242426,212714,0.22190358885639874,484,363,210,153,0.5785123966942148,0.5950413223140496,210.0,0.5294446841261546,1,lendingclub_imb77,gbdt
8,0.75,least_risky,0.7806983883346125,0.583778014941302,0.0523745691306013,0.16755602988260407,234538,0.22195124031073857,515,387,239,148,0.6175710594315246,0.6271844660194175,239.0,0.5287067765579201,1,lendingclub_imb77,gbdt
9,0.75,least_risky,0.780211421438602,0.5768811341330425,0.046362839614373354,0.15376226826608505,256357,0.22200291000440792,535,402,221,181,0.5497512437810945,0.5719626168224299,221.0,0.5329427268555956,1,lendingclub_imb77,gbdt
10,0.75,least_risky,0.7773643912433948,0.5776892430278885,0.04624093119668341,0.1553784860557769,278190,0.22212516625328013,476,357,195,162,0.5462184873949579,0.5630252100840336,195.0,0.530896301189506,1,lendingclub_imb77,gbdt
0,0.75,least_risky,0.7783333333333333,0.5588235294117647,0.06342729970326409,0.11764705882352941,60000,0.2216,0,0,0,0,0.0,0.0,0.0,0.0,2,lendingclub_imb77,gbdt
1,0.75,least_risky,0.7821304161828515,0.5680473372781065,0.05317086679590141,0.13609467455621302,81814,0.22097684992788522,554,416,217,199,0.5216346153846154,0.5379061371841155,217.0,0.5348556495761053,2,lendingclub_imb77,gbdt
2,0.75,least_risky,0.7810690852952528,0.573170731707317,0.051109177903436276,0.14634146341463414,103639,0.2214031397446907,508,381,208,173,0.5459317585301837,0.5551181102362205,208.0,0.5287060381815099,2,lendingclub_imb77,gbdt
3,0.75,least_risky,0.7819536885735922,0.5821501014198783,0.05169308357348703,0.1643002028397566,125453,0.22118243485608155,553,415,233,182,0.5614457831325301,0.5840867992766727,233.0,0.532490986796876,2,lendingclub_imb77,gbdt
4,0.75,least_risky,0.7825836021049057,0.5763546798029556,0.05402493458519317,0.15270935960591134,147275,0.22115090816499747,521,391,227,164,0.5805626598465473,0.5892514395393474,227.0,0.5292377988361939,2,lendingclub_imb77,gbdt
5,0.75,least_risky,0.781329469513277,0.5661971830985916,0.05367872880224329,0.1323943661971831,169087,0.2209454304588762,560,420,241,179,0.5738095238095238,0.5875,241.0,0.5316810359122611,2,lendingclub_imb77,gbdt
6,0.75,least_risky,0.7797595662764202,0.5555555555555556,0.048869524258125296,0.1111111111111111,190905,0.2208323511694298,536,402,218,184,0.5422885572139303,0.5690298507462687,218.0,0.5324764825890518,2,lendingclub_imb77,gbdt
7,0.75,least_risky,0.7834159870261123,0.5908018867924528,0.05347422350304195,0.18160377358490565,212731,0.22145338479112117,507,381,199,182,0.5223097112860893,0.5522682445759369,199.0,0.5298695347238576,2,lendingclub_imb77,gbdt
8,0.75,least_risky,0.7834363675122575,0.5696594427244582,0.053623469982514084,0.1393188854489164,234548,0.22167743915957502,542,407,230,177,0.5651105651105651,0.5922509225092251,230.0,0.5315610164592598,2,lendingclub_imb77,gbdt
9,0.75,least_risky,0.7778991301634357,0.5492277992277992,0.0495213228894691,0.09845559845559845,256366,0.22233057425711678,536,402,232,170,0.5771144278606966,0.6119402985074627,232.0,0.5316633693854895,2,lendingclub_imb77,gbdt
10,0.75,least_risky,0.7783069734004313,0.5613346418056918,0.045906902086677366,0.12266928361138371,278196,0.2221635106184129,488,366,200,166,0.546448087431694,0.5676229508196722,200.0,0.5304348067510998,2,lendingclub_imb77,gbdt
0,0.75,least_risky,0.7776666666666666,0.526813880126183,0.062197392923649904,0.05362776025236593,60000,0.22273333333333334,0,0,0,0,0.0,0.0,0.0,0.0,3,lendingclub_imb77,gbdt
1,0.75,least_risky,0.7817026217686244,0.5569948186528497,0.059457964601769914,0.11398963730569948,81813,0.22207962059819344,557,418,234,184,0.5598086124401914,0.5709156193895871,234.0,0.5354239203503621,3,lendingclub_imb77,gbdt
2,0.75,least_risky,0.7784425359451896,0.5790697674418605,0.053433476394849785,0.15813953488372093,103630,0.22136446974814242,541,406,218,188,0.5369458128078818,0.5526802218114603,218.0,0.5336458093864671,3,lendingclub_imb77,gbdt
3,0.75,least_risky,0.7762544338607469,0.5655296229802513,0.055389484789871636,0.1310592459605027,125452,0.221423333227051,520,390,226,164,0.5794871794871795,0.5923076923076923,226.0,0.5342946375494726,3,lendingclub_imb77,gbdt
4,0.75,least_risky,0.7844508572398574,0.58147512864494,0.05260707635009311,0.16295025728987994,147273,0.22149341698749941,526,395,237,158,0.6,0.6121673003802282,237.0,0.5333974646682994,3,lendingclub_imb77,gbdt
5,0.75,least_risky,0.7790395079252425,0.6021505376344086,0.051545036160420776,0.20430107526881722,169079,0.2213580633904861,584,438,259,179,0.591324200913242,0.5941780821917808,259.0,0.5342028605956445,3,lendingclub_imb77,gbdt
6,0.75,least_risky,0.7771608171817705,0.5880681818181818,0.04796107506950881,0.17613636363636365,190898,0.22176764554893189,534,401,211,190,0.5261845386533666,0.5543071161048689,211.0,0.5350386623426227,3,lendingclub_imb77,gbdt
7,0.75,least_risky,0.7788459278411094,0.6153846153846154,0.04841907544610247,0.23076923076923078,212724,0.22171922303078168,504,378,209,169,0.5529100529100529,0.5793650793650794,209.0,0.5323906921567062,3,lendingclub_imb77,gbdt
8,0.75,least_risky,0.7810961181812368,0.5886363636363636,0.04968824940047962,0.17727272727272728,234553,0.2221800616491795,493,370,212,158,0.572972972972973,0.5943204868154158,212.0,0.5288391103150311,3,lendingclub_imb77,gbdt
9,0.75,least_risky,0.7809544240107651,0.5976008724100327,0.0480238366488476,0.19520174482006544,256385,0.22247011330616065,480,360,211,149,0.5861111111111111,0.60625,211.0,0.5287801145878986,3,lendingclub_imb77,gbdt
10,0.75,least_risky,0.7819851553654548,0.5699908508691675,0.05071637902963204,0.13998170173833485,278215,0.22222381970777996,491,369,214,155,0.5799457994579946,0.5885947046843177,214.0,0.5291820610288743,3,lendingclub_imb77,gbdt
0,0.75,least_risky,0.7716666666666666,0.5641025641025641,0.06330935251798561,0.1282051282051282,60000,0.22443333333333335,0,0,0,0,0.0,0.0,0.0,0.0,4,lendingclub_imb77,gbdt
1,0.75,least_risky,0.779672411685613,0.5847665847665847,0.06477953184540011,0.16953316953316952,81809,0.22284834186947647,575,432,241,191,0.5578703703703703,0.5721739130434783,241.0,0.5372745590841563,4,lendingclub_imb77,gbdt
2,0.75,least_risky,0.7823401688781665,0.5773195876288659,0.06105538595726123,0.15463917525773196,103623,0.22286558003532034,553,415,235,180,0.5662650602409639,0.5840867992766727,235.0,0.5359615390025289,4,lendingclub_imb77,gbdt
3,0.75,least_risky,0.7805947540460815,0.5909090909090909,0.055714285714285716,0.18181818181818182,125429,0.2231302170949302,586,440,259,181,0.5886363636363636,0.5853242320819113,259.0,0.5344950437933967,4,lendingclub_imb77,gbdt
4,0.75,least_risky,0.7827843803056027,0.5745007680491552,0.05759162303664921,0.1490015360983103,147249,0.22266365136605343,528,396,230,166,0.5808080808080808,0.571969696969697,230.0,0.5328105345849448,4,lendingclub_imb77,gbdt
5,0.75,least_risky,0.779542228530873,0.5682758620689655,0.05454064072014827,0.13655172413793104,169078,0.22232342469156247,494,371,202,169,0.5444743935309974,0.5708502024291497,202.0,0.5288012904325242,4,lendingclub_imb77,gbdt
6,0.75,least_risky,0.7818491356731273,0.5791610284167794,0.05067487568079564,0.15832205683355885,190897,0.22204120546682243,534,401,220,181,0.5486284289276808,0.5749063670411985,220.0,0.5349603729509812,4,lendingclub_imb77,gbdt
7,0.75,least_risky,0.7803032083676108,0.602641056422569,0.05274217272536247,0.20528211284513806,212724,0.22224102593031345,501,376,222,154,0.5904255319148937,0.6027944111776448,222.0,0.5326415613860491,4,lendingclub_imb77,gbdt
8,0.75,least_risky,0.7829748225211589,0.5875402792696026,0.05288600986174224,0.17508055853920515,234535,0.22253395015669303,565,424,235,189,0.5542452830188679,0.5769911504424778,235.0,0.5283623823384155,4,lendingclub_imb77,gbdt
9,0.75,least_risky,0.7814791699173038,0.5641509433962264,0.0527336860670194,0.12830188679245283,256360,0.2224684038071462,509,382,225,157,0.5890052356020943,0.6149312377210217,225.0,0.5286283531375244,4,lendingclub_imb77,gbdt
10,0.75,least_risky,0.781983536431935,0.567703952901598,0.0549182328533073,0.13540790580319595,278188,0.22218068356650897,499,375,207,168,0.552,0.5831663326653307,207.0,0.5278618031436495,4,lendingclub_imb77,gbdt
0,1.0,least_risky,0.7825,0.5335051546391752,0.07852807283763277,0.06701030927835051,60000,0.22338333333333332,0,0,0,0,0.0,0.0,0.0,0.0,0,lendingclub_imb77,gbdt
1,1.0,least_risky,0.7815874565310231,0.564625850340136,0.06846301897167996,0.1292517006802721,81952,0.22343566966028894,702,702,370,332,0.5270655270655271,0.5270655270655271,370.0,0.5610834060649299,0,lendingclub_imb77,gbdt
2,1.0,least_risky,0.7779702612963765,0.5539033457249071,0.06378424657534247,0.10780669144981413,103904,0.2234755158607946,626,626,341,285,0.5447284345047924,0.5447284345047924,341.0,0.5552903504037043,0,lendingclub_imb77,gbdt
3,1.0,least_risky,0.7836484983314794,0.5923190546528804,0.0719798958894274,0.18463810930576072,125856,0.22342200610221205,537,537,316,221,0.5884543761638734,0.5884543761638734,316.0,0.5512731644057611,0,lendingclub_imb77,gbdt
4,1.0,least_risky,0.7821189364724985,0.5636822194199244,0.06832772852338734,0.1273644388398487,147808,0.22347234249837628,605,605,356,249,0.5884297520661157,0.5884297520661157,356.0,0.5526480077401302,0,lendingclub_imb77,gbdt
5,1.0,least_risky,0.7826637606032045,0.56601607347876,0.06578596210301575,0.13203214695752008,169760,0.22380419415645617,642,642,347,295,0.5404984423676013,0.5404984423676013,347.0,0.5560377147868674,0,lendingclub_imb77,gbdt
6,1.0,least_risky,0.7801423988733276,0.5576354679802956,0.06622206622206622,0.11527093596059114,191712,0.2238722667334335,617,617,363,254,0.5883306320907618,0.5883306320907618,363.0,0.5549001721469219,0,lendingclub_imb77,gbdt
7,1.0,least_risky,0.7816207614723983,0.571063829787234,0.07063901463311928,0.14212765957446807,213664,0.22409016025161,562,562,324,238,0.5765124555160143,0.5765124555160143,324.0,0.5529507393100249,0,lendingclub_imb77,gbdt
8,1.0,least_risky,0.7812791783380019,0.5866666666666667,0.06695197337137422,0.17333333333333334,235616,0.22384727692516637,605,605,345,260,0.5702479338842975,0.5702479338842975,345.0,0.5539228731682693,0,lendingclub_imb77,gbdt
9,1.0,least_risky,0.7827580851807275,0.5852066715010877,0.07062839138806232,0.17041334300217548,257568,0.22390980245993292,587,587,356,231,0.606473594548552,0.606473594548552,356.0,0.5534324276774729,0,lendingclub_imb77,gbdt
10,1.0,least_risky,0.7803556096164854,0.5518987341772152,0.07007956280639717,0.10379746835443038,279520,0.22413423010875788,577,577,315,262,0.5459272097053726,0.5459272097053726,315.0,0.5541010322004244,0,lendingclub_imb77,gbdt
0,1.0,least_risky,0.7815,0.5657894736842105,0.08046407185628743,0.13157894736842105,60000,0.22658333333333333,0,0,0,0,0.0,0.0,0.0,0.0,1,lendingclub_imb77,gbdt
1,1.0,least_risky,0.7795131474589714,0.5442477876106194,0.06732348111658457,0.08849557522123894,81952,0.2258395158141351,667,667,366,301,0.5487256371814093,0.5487256371814093,366.0,0.5608315451231857,1,lendingclub_imb77,gbdt
2,1.0,least_risky,0.779413887685867,0.573076923076923,0.06394849785407725,0.14615384615384616,103904,0.22388935940868493,632,632,333,299,0.5268987341772152,0.5268987341772152,333.0,0.5579394172670817,1,lendingclub_imb77,gbdt
3,1.0,least_risky,0.7815429842682345,0.5621301775147929,0.06806376500089557,0.1242603550295858,125856,0.22440725908975337,519,519,300,219,0.5780346820809249,0.5780346820809249,300.0,0.5542239525453605,1,lendingclub_imb77,gbdt
4,1.0,least_risky,0.7812056017860767,0.5895249695493301,0.07316704459561603,0.17904993909866018,147808,0.22399328859060402,630,630,350,280,0.5555555555555556,0.5555555555555556,350.0,0.5537625213706935,1,lendingclub_imb77,gbdt
5,1.0,least_risky,0.7802191328934966,0.5849056603773585,0.06521167499342624,0.16981132075471697,169760,0.22380419415645617,579,579,338,241,0.5837651122625216,0.5837651122625216,338.0,0.5518559112678456,1,lendingclub_imb77,gbdt
6,1.0,least_risky,0.7805075241895522,0.6128691983122363,0.06732329084588644,0.22573839662447256,191712,0.22366362043064597,531,531,293,238,0.551789077212806,0.551789077212806,293.0,0.5501906281708747,1,lendingclub_imb77,gbdt
7,1.0,least_risky,0.7809187279151943,0.5869365225390984,0.06679928803266674,0.17387304507819687,213664,0.22379530477759474,578,578,342,236,0.5916955017301038,0.5916955017301038,342.0,0.5527510366092159,1,lendingclub_imb77,gbdt
8,1.0,least_risky,0.7794754265342501,0.5619707467282525,0.0691746422818156,0.123941493456505,235616,0.2239024514464213,527,527,324,203,0.6148007590132827,0.6148007590132827,324.0,0.5525607310427496,1,lendingclub_imb77,gbdt
9,1.0,least_risky,0.7804674457429048,0.5704989154013015,0.06858484005563283,0.14099783080260303,257568,0.22400298173686173,614,614,350,264,0.5700325732899023,0.5700325732899023,350.0,0.5548459366028935,1,lendingclub_imb77,gbdt
10,1.0,least_risky,0.7793360045792788,0.5865845311430528,0.06807530383668282,0.1731690622861054,279520,0.22413423010875788,576,576,337,239,0.5850694444444444,0.5850694444444444,337.0,0.554995903797233,1,lendingclub_imb77,gbdt
0,1.0,least_risky,0.7783333333333333,0.5588235294117647,0.06342729970326409,0.11764705882352941,60000,0.2216,0,0,0,0,0.0,0.0,0.0,0.0,2,lendingclub_imb77,gbdt
1,1.0,least_risky,0.7759746202184126,0.5758354755784062,0.0600375234521576,0.15167095115681234,81952,0.22159312768449824,554,554,298,256,0.5379061371841155,0.5379061371841155,298.0,0.5555933376144703,2,lendingclub_imb77,gbdt
2,1.0,least_risky,0.7746499206005486,0.5731462925851704,0.06013456686291001,0.1462925851703407,103904,0.2223302279026794,508,508,274,234,0.5393700787401575,0.5393700787401575,274.0,0.5493844695451321,2,lendingclub_imb77,gbdt
3,1.0,least_risky,0.7832512315270936,0.6064516129032258,0.06728704366499642,0.2129032258064516,125856,0.22242086193745234,564,564,338,226,0.599290780141844,0.599290780141844,338.0,0.5541335378606158,2,lendingclub_imb77,gbdt
4,1.0,least_risky,0.77981868615114,0.5646606914212549,0.06671709531013616,0.1293213828425096,147808,0.2225522299198961,584,584,337,247,0.577054794520548,0.577054794520548,337.0,0.5493938158918248,2,lendingclub_imb77,gbdt
5,1.0,least_risky,0.7803958529688972,0.5527522935779816,0.0638579756226815,0.10550458715596331,169760,0.222502356267672,606,606,349,257,0.5759075907590759,0.5759075907590759,349.0,0.5562324882399359,2,lendingclub_imb77,gbdt
6,1.0,least_risky,0.7787340583678899,0.5744456177402323,0.06307246376811594,0.14889123548046462,191712,0.22251084960774495,591,591,341,250,0.5769881556683587,0.5769881556683587,341.0,0.5542572993271802,2,lendingclub_imb77,gbdt
7,1.0,least_risky,0.7795848641565066,0.590778097982709,0.06400915903413822,0.18155619596541786,213664,0.22320559382956418,553,553,311,242,0.5623869801084991,0.5623869801084991,311.0,0.5531560709002621,2,lendingclub_imb77,gbdt
8,1.0,least_risky,0.7811518546812665,0.5814722911497106,0.06688867745004758,0.16294458229942102,235616,0.2235247181855222,563,563,338,225,0.6003552397868561,0.6003552397868561,338.0,0.5518013627102851,2,lendingclub_imb77,gbdt
9,1.0,least_risky,0.7773614939628062,0.5901060070671378,0.07122142613442511,0.18021201413427562,257568,0.22427475462790408,573,573,356,217,0.6212914485165794,0.6212914485165794,356.0,0.5545555553084969,2,lendingclub_imb77,gbdt
10,1.0,least_risky,0.7771715798511735,0.5861386138613861,0.06982229910363265,0.17227722772277226,279520,0.22413423010875788,542,542,299,243,0.551660516605166,0.551660516605166,299.0,0.5551219848093033,2,lendingclub_imb77,gbdt
0,1.0,least_risky,0.7776666666666666,0.526813880126183,0.062197392923649904,0.05362776025236593,60000,0.22273333333333334,0,0,0,0,0.0,0.0,0.0,0.0,3,lendingclub_imb77,gbdt
1,1.0,least_risky,0.7803062656335794,0.6172248803827751,0.06974858069748581,0.23444976076555024,81952,0.22272793830534948,557,557,318,239,0.5709156193895871,0.5709156193895871,318.0,0.5565222736795895,3,lendingclub_imb77,gbdt
2,1.0,least_risky,0.774890524998797,0.5365344467640919,0.054530023339698704,0.07306889352818371,103904,0.22236872497690174,522,522,287,235,0.5498084291187739,0.5498084291187739,287.0,0.5523063996289975,3,lendingclub_imb77,gbdt
3,1.0,least_risky,0.777411409502622,0.5565891472868217,0.06324876673713883,0.11317829457364341,125856,0.22267512077294685,521,521,299,222,0.5738963531669866,0.5738963531669866,299.0,0.5557323618798524,3,lendingclub_imb77,gbdt
4,1.0,least_risky,0.780934984101211,0.5906432748538012,0.06121212121212121,0.18128654970760233,147808,0.22293786533881793,547,547,326,221,0.5959780621572212,0.5959780621572212,326.0,0.5554927527590336,3,lendingclub_imb77,gbdt
5,1.0,least_risky,0.7816034401508011,0.5900692840646651,0.06749438647470611,0.18013856812933027,169760,0.2229441564561734,602,602,339,263,0.5631229235880398,0.5631229235880398,339.0,0.5566073044141079,3,lendingclub_imb77,gbdt
6,1.0,least_risky,0.7777430039381373,0.5870044052863436,0.06140552995391705,0.17400881057268722,191712,0.22346019028542813,575,575,324,251,0.5634782608695652,0.5634782608695652,324.0,0.5585776341915292,3,lendingclub_imb77,gbdt
7,1.0,least_risky,0.7794210563264924,0.5861733203505355,0.06268874310111423,0.17234664070107109,213664,0.22349576905796018,536,536,305,231,0.5690298507462687,0.5690298507462687,305.0,0.5553555538938776,3,lendingclub_imb77,gbdt
8,1.0,least_risky,0.7811518546812665,0.6044158233670653,0.062333965844402275,0.20883164673413063,235616,0.22401704468287384,571,571,337,234,0.5901926444833625,0.5901926444833625,337.0,0.5511673107184355,3,lendingclub_imb77,gbdt
9,1.0,least_risky,0.7800209651745157,0.5955940204563336,0.06539956803455724,0.1911880409126672,257568,0.2243562864952168,526,526,320,206,0.6083650190114068,0.6083650190114068,320.0,0.5486465611379728,3,lendingclub_imb77,gbdt
10,1.0,least_risky,0.7779228677733258,0.5718496683861459,0.06153846153846154,0.14369933677229182,279520,0.22413423010875788,533,533,310,223,0.5816135084427767,0.5816135084427767,310.0,0.5529686530523056,3,lendingclub_imb77,gbdt
0,1.0,least_risky,0.7716666666666666,0.5641025641025641,0.06330935251798561,0.1282051282051282,60000,0.22443333333333335,0,0,0,0,0.0,0.0,0.0,0.0,4,lendingclub_imb77,gbdt
1,1.0,least_risky,0.7781099383808188,0.5820224719101124,0.06981132075471698,0.16404494382022472,81952,0.22353328777821163,575,575,329,246,0.5721739130434783,0.5721739130434783,329.0,0.5629533960311606,4,lendingclub_imb77,gbdt
2,1.0,least_risky,0.7796544920841153,0.5773381294964028,0.06881028938906752,0.15467625899280577,103904,0.22395672928857407,605,605,347,258,0.5735537190082645,0.5735537190082645,347.0,0.5570719098339872,4,lendingclub_imb77,gbdt
3,1.0,least_risky,0.7816224376291118,0.5991379310344828,0.07400177462289263,0.19827586206896552,125856,0.2244390414441902,579,579,334,245,0.5768566493955095,0.5768566493955095,334.0,0.5560486259061941,4,lendingclub_imb77,gbdt
4,1.0,least_risky,0.7836073337392598,0.5804455445544554,0.0718553700015321,0.1608910891089109,147808,0.22406770946092228,550,550,310,240,0.5636363636363636,0.5636363636363636,310.0,0.5559294359367302,4,lendingclub_imb77,gbdt
5,1.0,least_risky,0.7810143732327992,0.5654506437768241,0.0697366679899431,0.13090128755364808,169760,0.22385721017907634,533,533,306,227,0.574108818011257,0.574108818011257,306.0,0.5517658730120499,4,lendingclub_imb77,gbdt
6,1.0,least_risky,0.7792817463422267,0.575076608784474,0.0653890824622532,0.1501532175689479,191712,0.22370013353363377,568,568,325,243,0.5721830985915493,0.5721830985915493,325.0,0.5582079748393428,4,lendingclub_imb77,gbdt
7,1.0,least_risky,0.7818079704209862,0.5765690376569038,0.07247291469443568,0.15313807531380752,213664,0.22397315411112775,527,527,311,216,0.5901328273244781,0.5901328273244781,311.0,0.5528046597686299,4,lendingclub_imb77,gbdt
8,1.0,least_risky,0.7795390883626178,0.5717781402936378,0.06635115948887838,0.14355628058727568,235616,0.22435658019828875,641,641,356,285,0.5553822152886115,0.5553822152886115,356.0,0.5533361508363323,4,lendingclub_imb77,gbdt
9,1.0,least_risky,0.7798462553868851,0.597752808988764,0.06878124461299776,0.19550561797752808,257568,0.2243679339048329,550,550,341,209,0.62,0.62,341.0,0.5551017698339797,4,lendingclub_imb77,gbdt
10,1.0,least_risky,0.7794612192329708,0.5847568988173456,0.07070787320251053,0.16951379763469118,279520,0.22413423010875788,546,546,315,231,0.5769230769230769,0.5769230769230769,315.0,0.551875869039354,4,lendingclub_imb77,gbdt
0,0.0,most_risky,0.7825,0.5335051546391752,0.07852807283763277,0.06701030927835051,60000,0.22338333333333332,0,0,0,0,0.0,0.0,0.0,0.0,0,lendingclub_imb77,gbdt
1,0.0,most_risky,0.7811076923076923,0.5084745762711864,0.050519225371877634,0.01694915254237288,81250,0.2208123076923077,702,0,0,0,0.0,0.0,0.0,0.0,0,lendingclub_imb77,gbdt
2,0.0,most_risky,0.7812652305292913,0.5661538461538461,0.04060913705583756,0.13230769230769232,102590,0.21955356272541182,612,0,0,0,0.0,0.0,0.0,0.0,0,lendingclub_imb77,gbdt
3,0.0,most_risky,0.7844820636839984,0.592814371257485,0.036605657237936774,0.18562874251497005,124049,0.21880063523285154,493,0,0,0,0.0,0.0,0.0,0.0,0,lendingclub_imb77,gbdt
4,0.0,most_risky,0.7876069697907001,0.5837696335078534,0.03571428571428571,0.16753926701570682,145485,0.21822180980857134,516,0,0,0,0.0,0.0,0.0,0.0,0,lendingclub_imb77,gbdt
5,0.0,most_risky,0.7848260569921793,0.6016713091922006,0.02977667493796526,0.20334261838440112,166865,0.2180864770922602,572,0,0,0,0.0,0.0,0.0,0.0,0,lendingclub_imb77,gbdt
6,0.0,most_risky,0.7843392368763442,0.6218274111675127,0.029812606473594547,0.2436548223350254,188302,0.2178415523998683,515,0,0,0,0.0,0.0,0.0,0.0,0,lendingclub_imb77,gbdt
7,0.0,most_risky,0.785457232059868,0.6373056994818653,0.027009222661396576,0.27461139896373055,209795,0.2179365571152792,459,0,0,0,0.0,0.0,0.0,0.0,0,lendingclub_imb77,gbdt
8,0.0,most_risky,0.7845252507782774,0.6355140186915887,0.020290431668987467,0.27102803738317754,231278,0.21750879893461547,469,0,0,0,0.0,0.0,0.0,0.0,0,lendingclub_imb77,gbdt
9,0.0,most_risky,0.7817005874325046,0.5739348370927319,0.02063806777217015,0.14786967418546365,252793,0.21740317176504095,437,0,0,0,0.0,0.0,0.0,0.0,0,lendingclub_imb77,gbdt
10,0.0,most_risky,0.7817678047357772,0.5776081424936387,0.018864788498296352,0.15521628498727735,274291,0.2176119522696698,454,0,0,0,0.0,0.0,0.0,0.0,0,lendingclub_imb77,gbdt
0,0.0,most_risky,0.7815,0.5657894736842105,0.08046407185628743,0.13157894736842105,60000,0.22658333333333333,0,0,0,0,0.0,0.0,0.0,0.0,1,lendingclub_imb77,gbdt
1,0.0,most_risky,0.777572737897521,0.5443786982248521,0.050466264399341744,0.08875739644970414,81285,0.2231900104570339,667,0,0,0,0.0,0.0,0.0,0.0,1,lendingclub_imb77,gbdt
2,0.0,most_risky,0.7816002338953318,0.6011560693641619,0.04569420035149385,0.2023121387283237,102610,0.21991034012279506,627,0,0,0,0.0,0.0,0.0,0.0,1,lendingclub_imb77,gbdt
3,0.0,most_risky,0.7841880341880342,0.5860058309037901,0.03713968957871397,0.17201166180758018,124017,0.21962311618568423,545,0,0,0,0.0,0.0,0.0,0.0,1,lendingclub_imb77,gbdt
4,0.0,most_risky,0.7817656765676567,0.5777777777777777,0.03247970018738289,0.15555555555555556,145437,0.2187063814572633,532,0,0,0,0.0,0.0,0.0,0.0,1,lendingclub_imb77,gbdt
5,0.0,most_risky,0.7837198154473006,0.5804597701149425,0.027766323024054983,0.16091954022988506,166890,0.218071783809695,499,0,0,0,0.0,0.0,0.0,0.0,1,lendingclub_imb77,gbdt
6,0.0,most_risky,0.7815378082119064,0.6242038216560509,0.02358887952822241,0.2484076433121019,188382,0.21773842511492605,460,0,0,0,0.0,0.0,0.0,0.0,1,lendingclub_imb77,gbdt
7,0.0,most_risky,0.7831110052405907,0.5846560846560847,0.02410295561129894,0.1693121693121693,209899,0.2176713562237076,435,0,0,0,0.0,0.0,0.0,0.0,1,lendingclub_imb77,gbdt
8,0.0,most_risky,0.7858948596616322,0.5690072639225182,0.023580172586795102,0.13801452784503632,231405,0.21755796115036408,446,0,0,0,0.0,0.0,0.0,0.0,1,lendingclub_imb77,gbdt
9,0.0,most_risky,0.7840702364945029,0.5946666666666667,0.02028932763169866,0.18933333333333333,252858,0.21750943217141636,499,0,0,0,0.0,0.0,0.0,0.0,1,lendingclub_imb77,gbdt
10,0.0,most_risky,0.7824185436256287,0.6,0.017982017982017984,0.2,274377,0.21760205848157826,433,0,0,0,0.0,0.0,0.0,0.0,1,lendingclub_imb77,gbdt
0,0.0,most_risky,0.7783333333333333,0.5588235294117647,0.06342729970326409,0.11764705882352941,60000,0.2216,0,0,0,0,0.0,0.0,0.0,0.0,2,lendingclub_imb77,gbdt
1,0.0,most_risky,0.7778255528255529,0.5548172757475083,0.04575342465753424,0.10963455149501661,81398,0.2194402810879874,554,0,0,0,0.0,0.0,0.0,0.0,2,lendingclub_imb77,gbdt
2,0.0,most_risky,0.7815097457833082,0.580952380952381,0.04025516937967444,0.1619047619047619,102863,0.2190778025140235,487,0,0,0,0.0,0.0,0.0,0.0,2,lendingclub_imb77,gbdt
3,0.0,most_risky,0.7846135275419467,0.5718562874251497,0.03536382151453434,0.1437125748502994,124265,0.21817084456604838,550,0,0,0,0.0,0.0,0.0,0.0,2,lendingclub_imb77,gbdt
4,0.0,most_risky,0.7841111873713109,0.5250737463126843,0.028218135700697526,0.05014749262536873,145697,0.21760914775184115,520,0,0,0,0.0,0.0,0.0,0.0,2,lendingclub_imb77,gbdt
5,0.0,most_risky,0.782102680708473,0.5884244372990354,0.024938675388389207,0.17684887459807075,167119,0.2170010591255333,530,0,0,0,0.0,0.0,0.0,0.0,2,lendingclub_imb77,gbdt
6,0.0,most_risky,0.7849436713055004,0.5661971830985916,0.02463235294117647,0.1323943661971831,188625,0.21671570576540755,446,0,0,0,0.0,0.0,0.0,0.0,2,lendingclub_imb77,gbdt
7,0.0,most_risky,0.7832107930616032,0.6028169014084507,0.023301393728222996,0.2056338028169014,210131,0.2172501915471777,446,0,0,0,0.0,0.0,0.0,0.0,2,lendingclub_imb77,gbdt
8,0.0,most_risky,0.782462275759342,0.5703125,0.02161681966242227,0.140625,231614,0.2173875499753901,469,0,0,0,0.0,0.0,0.0,0.0,2,lendingclub_imb77,gbdt
9,0.0,most_risky,0.7794721871049305,0.5880829015544041,0.02021011396011396,0.17616580310880828,253120,0.21795986093552466,446,0,0,0,0.0,0.0,0.0,0.0,2,lendingclub_imb77,gbdt
10,0.0,most_risky,0.7805366439727673,0.5567282321899736,0.017439457806430282,0.11345646437994723,274670,0.21778133760512616,402,0,0,0,0.0,0.0,0.0,0.0,2,lendingclub_imb77,gbdt
0,0.0,most_risky,0.7776666666666666,0.526813880126183,0.062197392923649904,0.05362776025236593,60000,0.22273333333333334,0,0,0,0,0.0,0.0,0.0,0.0,3,lendingclub_imb77,gbdt
1,0.0,most_risky,0.7820504945021193,0.5874587458745875,0.04943071369064149,0.17491749174917492,81395,0.22034523005098594,557,0,0,0,0.0,0.0,0.0,0.0,3,lendingclub_imb77,gbdt
2,0.0,most_risky,0.7785339296130663,0.5787965616045845,0.04380828453697679,0.15759312320916904,102857,0.21887669288429568,490,0,0,0,0.0,0.0,0.0,0.0,3,lendingclub_imb77,gbdt
3,0.0,most_risky,0.7786539003097719,0.5955414012738853,0.033620999640417114,0.1910828025477707,124285,0.21829665687733837,524,0,0,0,0.0,0.0,0.0,0.0,3,lendingclub_imb77,gbdt
4,0.0,most_risky,0.7859715314697308,0.5813953488372093,0.03176620076238882,0.16279069767441862,145773,0.21800333395073163,464,0,0,0,0.0,0.0,0.0,0.0,3,lendingclub_imb77,gbdt
5,0.0,most_risky,0.7834459661503499,0.5994475138121547,0.029669127700300793,0.19889502762430938,167210,0.2175647389510197,515,0,0,0,0.0,0.0,0.0,0.0,3,lendingclub_imb77,gbdt
6,0.0,most_risky,0.7798860474360673,0.6585365853658537,0.022508038585209004,0.3170731707317073,188671,0.21782361889214558,491,0,0,0,0.0,0.0,0.0,0.0,3,lendingclub_imb77,gbdt
7,0.0,most_risky,0.781591152336782,0.5980707395498392,0.020121159671138037,0.19614147909967847,210223,0.21771642493923118,400,0,0,0,0.0,0.0,0.0,0.0,3,lendingclub_imb77,gbdt
8,0.0,most_risky,0.7824539453815954,0.6495176848874598,0.01984672823737473,0.2990353697749196,231786,0.21813655699653992,389,0,0,0,0.0,0.0,0.0,0.0,3,lendingclub_imb77,gbdt
9,0.0,most_risky,0.7831372858608984,0.6467065868263473,0.019484033916651634,0.2934131736526946,253340,0.21831136022736244,398,0,0,0,0.0,0.0,0.0,0.0,3,lendingclub_imb77,gbdt
10,0.0,most_risky,0.7849346964019355,0.5994475138121547,0.018242959226565783,0.19889502762430938,274869,0.21798383957448822,423,0,0,0,0.0,0.0,0.0,0.0,3,lendingclub_imb77,gbdt
0,0.0,most_risky,0.7716666666666666,0.5641025641025641,0.06330935251798561,0.1282051282051282,60000,0.22443333333333335,0,0,0,0,0.0,0.0,0.0,0.0,4,lendingclub_imb77,gbdt
1,0.0,most_risky,0.7835463258785943,0.603988603988604,0.058954393770856504,0.20797720797720798,81377,0.22106983545719305,575,0,0,0,0.0,0.0,0.0,0.0,4,lendingclub_imb77,gbdt
2,0.0,most_risky,0.7808805643395768,0.573170731707317,0.04130052724077329,0.14634146341463414,102771,0.22009127088380964,558,0,0,0,0.0,0.0,0.0,0.0,4,lendingclub_imb77,gbdt
3,0.0,most_risky,0.7808825897890159,0.538961038961039,0.030369557263080865,0.07792207792207792,124176,0.2195593351372246,547,0,0,0,0.0,0.0,0.0,0.0,4,lendingclub_imb77,gbdt
4,0.0,most_risky,0.7829638273045507,0.5497382198952879,0.03300848789688777,0.09947643979057591,145687,0.21885274595537008,441,0,0,0,0.0,0.0,0.0,0.0,4,lendingclub_imb77,gbdt
5,0.0,most_risky,0.7873740243428332,0.5911602209944752,0.029821627647714604,0.18232044198895028,167192,0.2183417866883583,447,0,0,0,0.0,0.0,0.0,0.0,4,lendingclub_imb77,gbdt
6,0.0,most_risky,0.785244859020564,0.5506172839506173,0.027378759975445057,0.10123456790123457,188678,0.2178950381072515,466,0,0,0,0.0,0.0,0.0,0.0,4,lendingclub_imb77,gbdt
7,0.0,most_risky,0.7825145711906745,0.5825825825825826,0.0210938349461781,0.16516516516516516,210172,0.21795005995089736,458,0,0,0,0.0,0.0,0.0,0.0,4,lendingclub_imb77,gbdt
8,0.0,most_risky,0.7822643301104972,0.5943661971830986,0.02077589602205593,0.18873239436619718,231680,0.2182493093922652,444,0,0,0,0.0,0.0,0.0,0.0,4,lendingclub_imb77,gbdt
9,0.0,most_risky,0.7835367057615606,0.6317280453257791,0.020170043415340087,0.26345609065155806,253227,0.218156041812287,405,0,0,0,0.0,0.0,0.0,0.0,4,lendingclub_imb77,gbdt
10,0.0,most_risky,0.7840896684741075,0.5763097949886105,0.021201709544959358,0.15261958997722094,274789,0.2179017355134303,390,0,0,0,0.0,0.0,0.0,0.0,4,lendingclub_imb77,gbdt
0,0.01,most_risky,0.7825,0.5335051546391752,0.07852807283763277,0.06701030927835051,60000,0.22338333333333332,0,0,0,0,0.0,0.0,0.0,0.0,0,lendingclub_imb77,gbdt
1,0.01,most_risky,0.780765444253015,0.5393258426966292,0.053467000835421885,0.07865168539325842,81258,0.22085210071623718,702,8,5,3,0.625,0.5270655270655271,5.0,0.7631784747119071,0,lendingclub_imb77,gbdt
2,0.01,most_risky,0.7819351066939492,0.5121951219512195,0.03746654772524532,0.024390243902439025,102626,0.21971040477072087,590,6,4,2,0.6666666666666666,0.5271186440677966,4.0,0.7163663154045331,0,lendingclub_imb77,gbdt
3,0.01,most_risky,0.785918671664047,0.6023391812865497,0.03827573392790784,0.2046783625730994,124061,0.21886813744851324,523,6,4,2,0.6666666666666666,0.5697896749521989,4.0,0.710150273808237,0,lendingclub_imb77,gbdt
4,0.01,most_risky,0.7864998625240582,0.5633074935400517,0.034818719054464146,0.12661498708010335,145477,0.21817194470603601,542,6,4,2,0.6666666666666666,0.6088560885608856,4.0,0.6932818831393757,0,lendingclub_imb77,gbdt
5,0.01,most_risky,0.7879359942466738,0.5895316804407713,0.029963595631475777,0.1790633608815427,166856,0.2180023493311598,579,6,4,2,0.6666666666666666,0.5699481865284974,4.0,0.7339840264294407,0,lendingclub_imb77,gbdt
6,0.01,most_risky,0.7881081368175058,0.622093023255814,0.02654098970606474,0.2441860465116279,188280,0.21762268961121733,534,6,5,1,0.8333333333333334,0.6217228464419475,5.0,0.6769122372728683,0,lendingclub_imb77,gbdt
7,0.01,most_risky,0.7871016945113086,0.6151685393258427,0.024292845257903494,0.2303370786516854,209793,0.21771937099903238,444,5,3,2,0.6,0.5900900900900901,3.0,0.7055404056665331,0,lendingclub_imb77,gbdt
8,0.01,most_risky,0.7837347053482641,0.6207865168539326,0.021902874132804756,0.24157303370786518,231286,0.21734130038134603,464,5,4,1,0.8,0.5905172413793104,4.0,0.6920423989053661,0,lendingclub_imb77,gbdt
9,0.01,most_risky,0.7845840420902725,0.6010928961748634,0.020063839489284085,0.20218579234972678,252789,0.21727606818334658,454,5,3,2,0.6,0.6079295154185022,3.0,0.6862568595393503,0,lendingclub_imb77,gbdt
10,0.01,most_risky,0.7838305782864641,0.5849056603773585,0.02078270342747004,0.16981132075471697,274344,0.21754439681567667,402,5,2,3,0.4,0.554726368159204,2.0,0.6721769782703715,0,lendingclub_imb77,gbdt
0,0.01,most_risky,0.7815,0.5657894736842105,0.08046407185628743,0.13157894736842105,60000,0.22658333333333333,0,0,0,0,0.0,0.0,0.0,0.0,1,lendingclub_imb77,gbdt
1,0.01,most_risky,0.7795067347315333,0.5191256830601093,0.05279244234509586,0.03825136612021858,81292,0.22321999704767997,667,7,4,3,0.5714285714285714,0.5487256371814093,4.0,0.7379577657502201,1,lendingclub_imb77,gbdt
2,0.01,most_risky,0.7828460038986355,0.5666666666666667,0.0452930728241563,0.13333333333333333,102598,0.2198580869022788,653,7,3,4,0.42857142857142855,0.5313935681470138,3.0,0.7331068146964685,1,lendingclub_imb77,gbdt
3,0.01,most_risky,0.781136638452237,0.5718232044198895,0.03775994162714338,0.143646408839779,124050,0.21972591696896412,506,6,4,2,0.6666666666666666,0.5612648221343873,4.0,0.7295945517910752,1,lendingclub_imb77,gbdt
4,0.01,most_risky,0.7831826463611674,0.628482972136223,0.03176838810641627,0.25696594427244585,145441,0.21866598827015765,567,6,4,2,0.6666666666666666,0.5696649029982364,4.0,0.6862876731208193,1,lendingclub_imb77,gbdt
5,0.01,most_risky,0.7830358212531449,0.6006389776357828,0.025728753250307924,0.2012779552715655,166939,0.21816951101899495,459,5,3,2,0.6,0.5882352941176471,3.0,0.6664311153623224,1,lendingclub_imb77,gbdt
6,0.01,most_risky,0.7839974531755717,0.6084507042253521,0.02628056941233727,0.21690140845070421,188466,0.21787484214659408,430,5,2,3,0.4,0.5744186046511628,2.0,0.6729867957230085,1,lendingclub_imb77,gbdt
7,0.01,most_risky,0.7839929513740058,0.5895316804407713,0.023423817863397547,0.1790633608815427,209970,0.21778349287993523,453,5,4,1,0.8,0.609271523178808,4.0,0.6757404300485381,1,lendingclub_imb77,gbdt
8,0.01,most_risky,0.7831346120615172,0.5666666666666667,0.023573692551505546,0.13333333333333333,231480,0.2176905132192846,447,5,5,0,1.0,0.6263982102908278,5.0,0.6741552335642798,1,lendingclub_imb77,gbdt
9,0.01,most_risky,0.7808614520943288,0.5783783783783784,0.01920315865039483,0.15675675675675677,252943,0.21762610548621628,494,5,3,2,0.6,0.582995951417004,3.0,0.7104184652322905,1,lendingclub_imb77,gbdt
10,0.01,most_risky,0.7849570096181872,0.5576470588235294,0.019993251223215793,0.11529411764705882,274476,0.21769480756058818,424,5,2,3,0.4,0.5919811320754716,2.0,0.6889316041541882,1,lendingclub_imb77,gbdt
0,0.01,most_risky,0.7783333333333333,0.5588235294117647,0.06342729970326409,0.11764705882352941,60000,0.2216,0,0,0,0,0.0,0.0,0.0,0.0,2,lendingclub_imb77,gbdt
1,0.01,most_risky,0.7838584853510226,0.5867158671586716,0.0445877734155917,0.17343173431734318,81404,0.21947324455800699,554,6,4,2,0.6666666666666666,0.5379061371841155,4.0,0.7177371869052472,2,lendingclub_imb77,gbdt
2,0.01,most_risky,0.7790629860031104,0.583916083916084,0.03635176316935133,0.16783216783216784,102877,0.2191257521117451,484,5,5,0,1.0,0.5557851239669421,5.0,0.7064873105183225,2,lendingclub_imb77,gbdt
3,0.01,most_risky,0.785880933226066,0.5774647887323944,0.030557108254145704,0.15492957746478872,124298,0.21816119326135577,537,6,4,2,0.6666666666666666,0.5996275605214153,4.0,0.7072157032743,2,lendingclub_imb77,gbdt
4,0.01,most_risky,0.7828920290849225,0.5632530120481928,0.029347143753923416,0.12650602409638553,145779,0.21774741217870885,476,5,3,2,0.6,0.5861344537815126,3.0,0.714162223033863,2,lendingclub_imb77,gbdt
5,0.01,most_risky,0.7847768244192651,0.6017964071856288,0.027659281684326405,0.20359281437125748,167244,0.21728731673483054,492,5,5,0,1.0,0.5792682926829268,5.0,0.6834801881598034,2,lendingclub_imb77,gbdt
6,0.01,most_risky,0.7837143386930148,0.6018518518518519,0.023690924553517193,0.2037037037037037,188752,0.21699902517589217,449,5,2,3,0.4,0.5991091314031181,2.0,0.6735621769619364,2,lendingclub_imb77,gbdt
7,0.01,most_risky,0.7798226216801009,0.6276276276276276,0.02236490101658641,0.2552552552552553,210283,0.21752590556535717,426,5,4,1,0.8,0.596244131455399,4.0,0.6743193238933053,2,lendingclub_imb77,gbdt
8,0.01,most_risky,0.7845171588188348,0.5833333333333334,0.025044722719141325,0.16666666666666666,231802,0.2176598993968991,438,5,5,0,1.0,0.6118721461187214,5.0,0.6824429149163314,2,lendingclub_imb77,gbdt
9,0.01,most_risky,0.7830678431140324,0.5969773299748111,0.021415017619951206,0.19395465994962216,253301,0.21819890170192774,458,5,4,1,0.8,0.62882096069869,4.0,0.6930190396393846,2,lendingclub_imb77,gbdt
10,0.01,most_risky,0.7819941423659748,0.5735294117647058,0.019428761208900698,0.14705882352941177,274854,0.21803939546086284,404,5,5,0,1.0,0.5693069306930693,5.0,0.6859645124251689,2,lendingclub_imb77,gbdt
0,0.01,most_risky,0.7776666666666666,0.526813880126183,0.062197392923649904,0.05362776025236593,60000,0.22273333333333334,0,0,0,0,0.0,0.0,0.0,0.0,3,lendingclub_imb77,gbdt
1,0.01,most_risky,0.7793747312818623,0.5568862275449101,0.0512396694214876,0.11377245508982035,81401,0.22039041289419048,557,6,5,1,0.8333333333333334,0.5709156193895871,5.0,0.7075976106475498,3,lendingclub_imb77,gbdt
2,0.01,most_risky,0.7801925320886814,0.5181818181818182,0.03772336201191264,0.03636363636363636,102837,0.21886091581823663,522,6,4,2,0.6666666666666666,0.553639846743295,4.0,0.7443743662118886,3,lendingclub_imb77,gbdt
3,0.01,most_risky,0.7786628047308713,0.5922330097087378,0.03291958985429034,0.18446601941747573,124290,0.21825569233244832,505,6,5,1,0.8333333333333334,0.6039603960396039,5.0,0.7030031710701993,3,lendingclub_imb77,gbdt
4,0.01,most_risky,0.7847541320897058,0.6,0.03027913578299953,0.2,145809,0.21803180873608624,438,5,5,0,1.0,0.6118721461187214,5.0,0.7085955626884276,3,lendingclub_imb77,gbdt
5,0.01,most_risky,0.7840915884498116,0.584070796460177,0.0271978021978022,0.168141592920354,167270,0.21758833024451485,496,5,4,1,0.8,0.592741935483871,4.0,0.6858512077236585,3,lendingclub_imb77,gbdt
6,0.01,most_risky,0.7815769261329025,0.6085714285714285,0.025591733749849813,0.21714285714285714,188784,0.2179686837867616,443,5,5,0,1.0,0.5530474040632054,5.0,0.7144544569600908,3,lendingclub_imb77,gbdt
7,0.01,most_risky,0.7822768557706025,0.5821325648414986,0.02192316040807467,0.1642651296829971,210288,0.21783934413756373,453,5,5,0,1.0,0.5695364238410596,5.0,0.6716567765720873,3,lendingclub_imb77,gbdt
8,0.01,most_risky,0.781909157572359,0.5837988826815642,0.020546598505701928,0.16759776536312848,231826,0.21819813135713853,419,5,4,1,0.8,0.6157517899761337,4.0,0.7349619331937635,3,lendingclub_imb77,gbdt
9,0.01,most_risky,0.7816416349247074,0.6143250688705234,0.020005382614156277,0.22865013774104684,253341,0.21836970723254429,442,5,3,2,0.6,0.6108597285067874,3.0,0.660193007193047,3,lendingclub_imb77,gbdt
10,0.01,most_risky,0.7830832196452933,0.6173469387755102,0.020138137638345675,0.23469387755102042,274875,0.21804820372896772,423,5,3,2,0.6,0.5957446808510638,3.0,0.6653118144176181,3,lendingclub_imb77,gbdt
0,0.01,most_risky,0.7716666666666666,0.5641025641025641,0.06330935251798561,0.1282051282051282,60000,0.22443333333333335,0,0,0,0,0.0,0.0,0.0,0.0,4,lendingclub_imb77,gbdt
1,0.01,most_risky,0.7812250414695583,0.5727272727272728,0.05236907730673317,0.14545454545454545,81383,0.221114974871902,575,6,5,1,0.8333333333333334,0.5721739130434783,5.0,0.7640041259270419,4,lendingclub_imb77,gbdt
2,0.01,most_risky,0.778864399357758,0.5603448275862069,0.04251144538914323,0.1206896551724138,102762,0.22003269691130964,579,6,5,1,0.8333333333333334,0.5872193436960277,5.0,0.7251952571950736,4,lendingclub_imb77,gbdt
3,0.01,most_risky,0.7853259775298997,0.5808219178082191,0.039332096474953615,0.16164383561643836,124161,0.21952948188239463,559,6,3,3,0.5,0.5974955277280859,3.0,0.7390368615832471,4,lendingclub_imb77,gbdt
4,0.01,most_risky,0.7827519912112058,0.5341772151898734,0.033202202989771834,0.06835443037974684,145636,0.21877145760663572,482,5,2,3,0.4,0.5601659751037344,2.0,0.7029846574909425,4,lendingclub_imb77,gbdt
5,0.01,most_risky,0.7856095736724009,0.5436046511627907,0.025986659255141747,0.0872093023255814,167123,0.21824045762701721,470,5,4,1,0.8,0.5851063829787234,4.0,0.7029009873654397,4,lendingclub_imb77,gbdt
6,0.01,most_risky,0.7846406701481855,0.5805555555555556,0.025543876802737717,0.16111111111111112,188615,0.21784587652095538,465,5,4,1,0.8,0.5849462365591398,4.0,0.7162030140279876,4,lendingclub_imb77,gbdt
7,0.01,most_risky,0.7847489888175113,0.580110497237569,0.023064250411861616,0.16022099447513813,210147,0.2179902639580865,425,5,4,1,0.8,0.5929411764705882,4.0,0.7141809184855338,4,lendingclub_imb77,gbdt
8,0.01,most_risky,0.7859424920127795,0.6139896373056994,0.023690523790483805,0.22797927461139897,231619,0.21826361395222327,485,5,5,0,1.0,0.5525773195876289,5.0,0.6962546871969137,4,lendingclub_imb77,gbdt
9,0.01,most_risky,0.7842978471262098,0.5732984293193717,0.019950806231210712,0.14659685863874344,253146,0.2181033869782655,430,5,1,4,0.2,0.6302325581395349,1.0,0.6566662906618099,4,lendingclub_imb77,gbdt
10,0.01,most_risky,0.783673097925009,0.5276497695852534,0.019229154421026115,0.055299539170506916,274698,0.2178501481627096,405,5,3,2,0.6,0.5728395061728395,3.0,0.6817855264426141,4,lendingclub_imb77,gbdt
0,0.02,most_risky,0.7825,0.5335051546391752,0.07852807283763277,0.06701030927835051,60000,0.22338333333333332,0,0,0,0,0.0,0.0,0.0,0.0,0,lendingclub_imb77,gbdt
1,0.02,most_risky,0.7815787854549929,0.5555555555555556,0.052954292084726864,0.1111111111111111,81265,0.2208946040730942,702,15,10,5,0.6666666666666666,0.5270655270655271,10.0,0.7367134589694365,0,lendingclub_imb77,gbdt
2,0.02,most_risky,0.7832505115463315,0.5533333333333333,0.03704530238785985,0.10666666666666667,102628,0.21958919593093504,602,13,8,5,0.6153846153846154,0.5514950166112956,8.0,0.7059037219592135,0,lendingclub_imb77,gbdt
3,0.02,most_risky,0.7852941176470588,0.6147058823529412,0.0386535971888293,0.22941176470588234,124098,0.21889152121710262,492,10,8,2,0.8,0.5670731707317073,8.0,0.6949515234463491,0,lendingclub_imb77,gbdt
4,0.02,most_risky,0.7862050013740038,0.5773195876288659,0.03564608529598982,0.15463917525773196,145556,0.21833521119019483,505,11,8,3,0.7272727272727273,0.601980198019802,8.0,0.6749004088321406,0,lendingclub_imb77,gbdt
5,0.02,most_risky,0.7850148234659958,0.5683646112600537,0.029322268326417704,0.13672922252010725,166965,0.2182014194591681,555,12,6,6,0.5,0.5693693693693693,6.0,0.691817447765971,0,lendingclub_imb77,gbdt
6,0.02,most_risky,0.7870183632310795,0.6182965299684543,0.024194543883471177,0.23659305993690852,188417,0.21793150299601416,511,11,8,3,0.7272727272727273,0.5949119373776908,8.0,0.6717200121274917,0,lendingclub_imb77,gbdt
7,0.02,most_risky,0.7861310218369728,0.6101694915254238,0.027777777777777776,0.22033898305084745,209964,0.2180564287211141,414,9,7,2,0.7777777777777778,0.5942028985507246,7.0,0.6706616424579461,0,lendingclub_imb77,gbdt
8,0.02,most_risky,0.7850168495636395,0.6111111111111112,0.020841643398484246,0.2222222222222222,231456,0.21765691967371767,470,10,5,5,0.5,0.5808510638297872,5.0,0.6685174342251311,0,lendingclub_imb77,gbdt
9,0.02,most_risky,0.7842276904832494,0.5685785536159601,0.020780167699598978,0.1371571072319202,252973,0.2175568143635882,444,9,5,4,0.5555555555555556,0.6238738738738738,5.0,0.670822809459667,0,lendingclub_imb77,gbdt
10,0.02,most_risky,0.7842362198987213,0.5799086757990868,0.02131766680654637,0.1598173515981735,274489,0.21778650510585124,445,9,4,5,0.4444444444444444,0.5348314606741573,4.0,0.6718360634120546,0,lendingclub_imb77,gbdt
0,0.02,most_risky,0.7815,0.5657894736842105,0.08046407185628743,0.13157894736842105,60000,0.22658333333333333,0,0,0,0,0.0,0.0,0.0,0.0,1,lendingclub_imb77,gbdt
1,0.02,most_risky,0.7797047970479705,0.5161290322580645,0.04898413581964932,0.03225806451612903,81299,0.22324997847452,667,14,8,6,0.5714285714285714,0.5487256371814093,8.0,0.718390627428805,1,lendingclub_imb77,gbdt
2,0.02,most_risky,0.7821024941543258,0.6204620462046204,0.04135503739551254,0.24092409240924093,102636,0.2198838614131494,628,13,7,6,0.5384615384615384,0.5477707006369427,7.0,0.713285432269146,1,lendingclub_imb77,gbdt
3,0.02,most_risky,0.7791428341255136,0.5753012048192772,0.03452015181637448,0.15060240963855423,124129,0.21981164756019947,469,10,9,1,0.9,0.579957356076759,9.0,0.7213392430936562,1,lendingclub_imb77,gbdt
4,0.02,most_risky,0.7809687392648574,0.5967741935483871,0.03442928039702233,0.1935483870967742,145547,0.21885026829821294,545,11,8,3,0.7272727272727273,0.5596330275229358,8.0,0.6818434139912871,1,lendingclub_imb77,gbdt
5,0.02,most_risky,0.7826334221317609,0.553072625698324,0.027123287671232878,0.10614525139664804,167045,0.21825855308449818,464,10,4,6,0.4,0.6099137931034483,4.0,0.6872764826489953,1,lendingclub_imb77,gbdt
6,0.02,most_risky,0.7860135780205791,0.5933147632311978,0.026179941002949854,0.18662952646239556,188540,0.21794314203882464,467,10,7,3,0.7,0.5588865096359743,7.0,0.6858462290040667,1,lendingclub_imb77,gbdt
7,0.02,most_risky,0.7834698152732813,0.5813397129186603,0.026516804888694893,0.16267942583732056,210038,0.21787486073948523,464,10,8,2,0.8,0.5926724137931034,8.0,0.6707229738645129,1,lendingclub_imb77,gbdt
8,0.02,most_risky,0.7842612188485294,0.5902439024390244,0.02404610492845787,0.18048780487804877,231527,0.2177543007942918,473,10,7,3,0.7,0.6152219873150105,7.0,0.6750474325920416,1,lendingclub_imb77,gbdt
9,0.02,most_risky,0.782643925769284,0.5601851851851852,0.021900452488687782,0.12037037037037036,252992,0.2177222995193524,497,10,5,5,0.5,0.5633802816901409,5.0,0.6742225750717853,1,lendingclub_imb77,gbdt
10,0.02,most_risky,0.7813826395846616,0.5825471698113207,0.02046226493248281,0.1650943396226415,274474,0.2177146104913398,480,10,5,5,0.5,0.5916666666666667,5.0,0.6550514657630415,1,lendingclub_imb77,gbdt
0,0.02,most_risky,0.7783333333333333,0.5588235294117647,0.06342729970326409,0.11764705882352941,60000,0.2216,0,0,0,0,0.0,0.0,0.0,0.0,2,lendingclub_imb77,gbdt
1,0.02,most_risky,0.7813536420587152,0.5962264150943396,0.043755192467460534,0.19245283018867926,81410,0.21951848667239895,554,12,9,3,0.75,0.5379061371841155,9.0,0.7015696403301788,2,lendingclub_imb77,gbdt
2,0.02,most_risky,0.7796033443515458,0.6091549295774648,0.037641427328111404,0.21830985915492956,102857,0.21898363747727428,516,11,6,5,0.5454545454545454,0.5697674418604651,6.0,0.6889304321576466,2,lendingclub_imb77,gbdt
3,0.02,most_risky,0.7824530351180659,0.5718954248366013,0.03209831254585473,0.1437908496732026,124294,0.218160168632436,526,11,7,4,0.6363636363636364,0.5836501901140685,7.0,0.6886017473964693,2,lendingclub_imb77,gbdt
4,0.02,most_risky,0.7833544890047686,0.5545454545454546,0.028814359943316013,0.10909090909090909,145742,0.21761743354695284,515,11,6,5,0.5454545454545454,0.5980582524271845,6.0,0.6671406845322762,2,lendingclub_imb77,gbdt
5,0.02,most_risky,0.7836722488038278,0.56047197640118,0.02611683848797251,0.12094395280235988,167196,0.21716428622694323,509,11,7,4,0.6363636363636364,0.5717092337917485,7.0,0.6788587125739234,2,lendingclub_imb77,gbdt
6,0.02,most_risky,0.7865850426670907,0.5609756097560976,0.02556186712768585,0.12195121951219512,188668,0.21680942184154176,490,10,3,7,0.3,0.5979591836734693,3.0,0.6785836049878899,2,lendingclub_imb77,gbdt
7,0.02,most_risky,0.7815443905224093,0.5878787878787879,0.02099339898279407,0.17575757575757575,210177,0.21728352769332515,453,10,6,4,0.6,0.609271523178808,6.0,0.6757995848953219,2,lendingclub_imb77,gbdt
8,0.02,most_risky,0.7827888308661689,0.5818181818181818,0.018972332015810278,0.16363636363636364,231708,0.2174806221623768,430,9,8,1,0.8888888888888888,0.6023255813953489,8.0,0.6488608394627876,2,lendingclub_imb77,gbdt
9,0.02,most_risky,0.7815442933012181,0.5751295336787565,0.019958644250651802,0.15025906735751296,253252,0.21810291725238104,417,9,7,2,0.7777777777777778,0.6330935251798561,7.0,0.6618989204113824,2,lendingclub_imb77,gbdt
10,0.02,most_risky,0.781115255162376,0.609375,0.01931489888567891,0.21875,274824,0.2179977003464035,388,8,5,3,0.625,0.5489690721649485,5.0,0.6601691260501856,2,lendingclub_imb77,gbdt
0,0.02,most_risky,0.7776666666666666,0.526813880126183,0.062197392923649904,0.05362776025236593,60000,0.22273333333333334,0,0,0,0,0.0,0.0,0.0,0.0,3,lendingclub_imb77,gbdt
1,0.02,most_risky,0.7839331777422921,0.5795795795795796,0.05404648557826939,0.15915915915915915,81407,0.22042330512118122,557,12,9,3,0.75,0.5709156193895871,9.0,0.6888189228435281,3,lendingclub_imb77,gbdt
2,0.02,most_risky,0.7813487625808334,0.562874251497006,0.041418814716898,0.12574850299401197,102832,0.2189396296872569,538,11,6,5,0.5454545454545454,0.5353159851301115,6.0,0.7097427398301724,3,lendingclub_imb77,gbdt
3,0.02,most_risky,0.7772593814101275,0.5738161559888579,0.03684492935074227,0.14763231197771587,124312,0.21846643928180706,482,10,7,3,0.7,0.5871369294605809,7.0,0.7013404895094475,3,lendingclub_imb77,gbdt
4,0.02,most_risky,0.7854717563535343,0.6271676300578035,0.03421094119501813,0.2543352601156069,145783,0.21813928921753564,491,10,7,3,0.7,0.5926680244399185,7.0,0.7010856867047208,3,lendingclub_imb77,gbdt
5,0.02,most_risky,0.7858658933963111,0.611764705882353,0.028733250448957037,0.2235294117647059,167252,0.21773730657929352,493,10,6,4,0.6,0.5780933062880325,6.0,0.678667889285197,3,lendingclub_imb77,gbdt
6,0.02,most_risky,0.7816895811809584,0.6067073170731707,0.023944170376609314,0.21341463414634146,188741,0.2180395356599785,473,10,7,3,0.7,0.5581395348837209,7.0,0.6735973889690087,3,lendingclub_imb77,gbdt
7,0.02,most_risky,0.7816327015908496,0.6272727272727273,0.02233732599546779,0.2545454545454545,210264,0.21789750028535557,438,9,7,2,0.7777777777777778,0.58675799086758,7.0,0.674306102280702,3,lendingclub_imb77,gbdt
8,0.02,most_risky,0.7812189966786007,0.6133333333333333,0.022485091406784632,0.22666666666666666,231827,0.2182920884970258,397,8,7,1,0.875,0.6196473551637279,7.0,0.7029237257472741,3,lendingclub_imb77,gbdt
9,0.02,most_risky,0.7822440603046807,0.6104972375690608,0.019883040935672516,0.22099447513812154,253378,0.21846805957896898,410,9,7,2,0.7777777777777778,0.6414634146341464,7.0,0.6574174236046337,3,lendingclub_imb77,gbdt
10,0.02,most_risky,0.78146140976213,0.5989847715736041,0.01951219512195122,0.19796954314720813,274940,0.21820397177566014,398,8,6,2,0.75,0.5804020100502513,6.0,0.6667883276486377,3,lendingclub_imb77,gbdt
0,0.02,most_risky,0.7716666666666666,0.5641025641025641,0.06330935251798561,0.1282051282051282,60000,0.22443333333333335,0,0,0,0,0.0,0.0,0.0,0.0,4,lendingclub_imb77,gbdt
1,0.02,most_risky,0.7792726379162059,0.5927051671732523,0.053366174055829226,0.18541033434650456,81389,0.22113553428596003,575,12,8,4,0.6666666666666666,0.5721739130434783,8.0,0.7414671561950937,4,lendingclub_imb77,gbdt
2,0.02,most_risky,0.7757840991976659,0.576271186440678,0.04372990353697749,0.15254237288135594,102821,0.22025656237539024,531,11,8,3,0.7272727272727273,0.583804143126177,8.0,0.7196338031718758,4,lendingclub_imb77,gbdt
3,0.02,most_risky,0.7847800716326613,0.6246648793565683,0.04282301047601544,0.24932975871313673,124245,0.21984788120246287,539,11,6,5,0.5454545454545454,0.5844155844155844,6.0,0.7211649834493336,4,lendingclub_imb77,gbdt
4,0.02,most_risky,0.7832338206025667,0.5413533834586466,0.03401574803149606,0.08270676691729323,145707,0.21900114613573815,500,10,8,2,0.8,0.57,8.0,0.7193560641661584,4,lendingclub_imb77,gbdt
5,0.02,most_risky,0.7869318181818182,0.5926892950391645,0.031545302946081155,0.185378590078329,167200,0.21848684210526315,469,10,9,1,0.9,0.5778251599147122,9.0,0.6886365672914271,4,lendingclub_imb77,gbdt
6,0.02,most_risky,0.7841017488076312,0.5828877005347594,0.026552984165651643,0.1657754010695187,188696,0.21801204053080087,466,10,9,1,0.9,0.6137339055793991,9.0,0.6910638512173575,4,lendingclub_imb77,gbdt
7,0.02,most_risky,0.7855410225921522,0.5890736342042755,0.02727372704278016,0.17814726840855108,210246,0.21816348467985122,411,9,6,3,0.6666666666666666,0.5961070559610706,6.0,0.6812610925484694,4,lendingclub_imb77,gbdt
8,0.02,most_risky,0.783531848783014,0.6054054054054054,0.022156280909990108,0.21081081081081082,231716,0.21838802672236704,492,10,9,1,0.9,0.5691056910569106,9.0,0.6668241840369049,4,lendingclub_imb77,gbdt
9,0.02,most_risky,0.783669601610929,0.5536992840095465,0.02108515859311097,0.10739856801909307,253268,0.2182312806987065,409,9,1,8,0.1111111111111111,0.6405867970660146,1.0,0.6820026772752273,4,lendingclub_imb77,gbdt
10,0.02,most_risky,0.7835934941600262,0.5622406639004149,0.022668339606859055,0.12448132780082988,274827,0.21797712742925549,402,9,6,3,0.6666666666666666,0.5746268656716418,6.0,0.6653214692571578,4,lendingclub_imb77,gbdt
0,0.05,most_risky,0.7825,0.5335051546391752,0.07852807283763277,0.06701030927835051,60000,0.22338333333333332,0,0,0,0,0.0,0.0,0.0,0.0,0,lendingclub_imb77,gbdt
1,0.05,most_risky,0.7800467462172469,0.547550432276657,0.05264616237184816,0.09510086455331412,81286,0.2210220702211943,702,36,25,11,0.6944444444444444,0.5270655270655271,25.0,0.7001696515083909,0,lendingclub_imb77,gbdt
2,0.05,most_risky,0.7858220945518283,0.5295629820051414,0.046585255540479424,0.05912596401028278,102691,0.21984399801345786,576,29,18,11,0.6206896551724138,0.5503472222222222,18.0,0.6775437252168344,0,lendingclub_imb77,gbdt
3,0.05,most_risky,0.7828083460887779,0.5809018567639257,0.040161379057399596,0.16180371352785147,124130,0.21898010150648514,540,27,22,5,0.8148148148148148,0.5833333333333334,22.0,0.6639856932060553,0,lendingclub_imb77,gbdt
4,0.05,most_risky,0.7875197472353871,0.6193029490616622,0.036806883365200764,0.2386058981233244,145586,0.21840012089074498,523,27,20,7,0.7407407407407407,0.6080305927342257,20.0,0.6749327985537816,0,lendingclub_imb77,gbdt
5,0.05,most_risky,0.7859131319783279,0.6060606060606061,0.03316749585406302,0.21212121212121213,167031,0.21840257197765683,534,27,19,8,0.7037037037037037,0.5561797752808989,19.0,0.6654025252655759,0,lendingclub_imb77,gbdt
6,0.05,most_risky,0.7859663085289826,0.638961038961039,0.030091743119266056,0.2779220779220779,188475,0.21808727948003714,535,27,18,9,0.6666666666666666,0.5981308411214953,18.0,0.6594270519769341,0,lendingclub_imb77,gbdt
7,0.05,most_risky,0.7839440039997143,0.6236842105263158,0.02584796597229796,0.24736842105263157,210014,0.21819497747769195,435,22,15,7,0.6818181818181818,0.5885057471264368,15.0,0.6644502927768602,0,lendingclub_imb77,gbdt
8,0.05,most_risky,0.7855785427374422,0.5917874396135265,0.02448775612193903,0.18357487922705315,231526,0.21781570968271383,464,24,16,8,0.6666666666666666,0.5862068965517241,16.0,0.6480675820533333,0,lendingclub_imb77,gbdt
9,0.05,most_risky,0.7829730050195645,0.5911214953271028,0.022875226039783002,0.1822429906542056,253009,0.21765628890671873,494,25,16,9,0.64,0.6214574898785425,16.0,0.643099104238734,0,lendingclub_imb77,gbdt
10,0.05,most_risky,0.7827211305567191,0.5807127882599581,0.023067954696868755,0.16142557651991615,274551,0.21789758551234562,432,22,12,10,0.5454545454545454,0.5439814814814815,12.0,0.6532506922308912,0,lendingclub_imb77,gbdt
0,0.05,most_risky,0.7815,0.5657894736842105,0.08046407185628743,0.13157894736842105,60000,0.22658333333333333,0,0,0,0,0.0,0.0,0.0,0.0,1,lendingclub_imb77,gbdt
1,0.05,most_risky,0.7762543039842598,0.538235294117647,0.04993178717598908,0.07647058823529412,81319,0.22334263825182307,667,34,20,14,0.5882352941176471,0.5487256371814093,20.0,0.6892665648817793,1,lendingclub_imb77,gbdt
2,0.05,most_risky,0.782570593962999,0.5905044510385756,0.04395847139385907,0.18100890207715134,102697,0.22017196218000526,605,31,22,9,0.7096774193548387,0.5421487603305785,22.0,0.67171960224828,1,lendingclub_imb77,gbdt
3,0.05,most_risky,0.7836488119210633,0.5650969529085873,0.037645322015131946,0.13019390581717452,124147,0.22001337124537845,529,27,20,7,0.7407407407407407,0.5614366729678639,20.0,0.6704706828734354,1,lendingclub_imb77,gbdt
4,0.05,most_risky,0.780395658744333,0.5811209439528023,0.03054737168553264,0.16224188790560473,145578,0.21902347882234954,549,28,19,9,0.6785714285714286,0.5701275045537341,19.0,0.6661325448610016,1,lendingclub_imb77,gbdt
5,0.05,most_risky,0.7832540323787294,0.5989847715736041,0.03223603332878022,0.19796954314720813,167083,0.21843634600767284,471,24,14,10,0.5833333333333334,0.6093418259023354,14.0,0.6520589865607778,1,lendingclub_imb77,gbdt
6,0.05,most_risky,0.7838547189819725,0.5670103092783505,0.02681291895185862,0.13402061855670103,188599,0.21818249301427897,459,23,15,8,0.6521739130434783,0.5424836601307189,15.0,0.6582185195970521,1,lendingclub_imb77,gbdt
7,0.05,most_risky,0.7812306667301194,0.6222826086956522,0.024666092201637225,0.24456521739130435,210127,0.21810619292142372,447,23,17,6,0.7391304347826086,0.6129753914988815,17.0,0.6541786857003106,1,lendingclub_imb77,gbdt
8,0.05,most_risky,0.7788976174033149,0.5752212389380531,0.025210898865509552,0.1504424778761062,231676,0.21802862618484437,425,22,14,8,0.6363636363636364,0.6352941176470588,14.0,0.6639720553853444,1,lendingclub_imb77,gbdt
9,0.05,most_risky,0.7801101917494422,0.5793450881612091,0.020539382032505805,0.15869017632241814,253191,0.21802907686292167,461,24,16,8,0.6666666666666666,0.5770065075921909,16.0,0.6584228552511403,1,lendingclub_imb77,gbdt
10,0.05,most_risky,0.7829908821227729,0.603448275862069,0.020403064623584276,0.20689655172413793,274734,0.2180545545873463,431,22,9,13,0.4090909090909091,0.6009280742459396,9.0,0.656162341490857,1,lendingclub_imb77,gbdt
0,0.05,most_risky,0.7783333333333333,0.5588235294117647,0.06342729970326409,0.11764705882352941,60000,0.2216,0,0,0,0,0.0,0.0,0.0,0.0,2,lendingclub_imb77,gbdt
1,0.05,most_risky,0.7795038683531867,0.5809859154929577,0.04536706076436624,0.1619718309859155,81426,0.2195981627489991,554,28,19,9,0.6785714285714286,0.5379061371841155,19.0,0.6722834841992273,2,lendingclub_imb77,gbdt
2,0.05,most_risky,0.784201321414691,0.5980392156862745,0.0406486006219458,0.19607843137254902,102919,0.21925008987650482,484,25,14,11,0.56,0.5599173553719008,14.0,0.6479210124298785,2,lendingclub_imb77,gbdt
3,0.05,most_risky,0.7816420070762303,0.5865384615384616,0.033363719234275294,0.17307692307692307,124357,0.21840346743649333,542,28,21,7,0.75,0.5867158671586716,21.0,0.6589846933138992,2,lendingclub_imb77,gbdt
4,0.05,most_risky,0.784122085048011,0.5638297872340425,0.03342267066057071,0.1276595744680851,145796,0.21785234162802822,540,27,16,11,0.5925925925925926,0.5851851851851851,16.0,0.657690691418349,2,lendingclub_imb77,gbdt
5,0.05,most_risky,0.7825112107623319,0.577259475218659,0.027019650655021835,0.15451895043731778,167247,0.2173073358565475,528,27,17,10,0.6296296296296297,0.5909090909090909,17.0,0.6522109563405236,2,lendingclub_imb77,gbdt
6,0.05,most_risky,0.7817252159169183,0.5740740740740741,0.026160337552742614,0.14814814814814814,188730,0.21703491760716367,494,25,15,10,0.6,0.5748987854251012,15.0,0.6436377787338724,2,lendingclub_imb77,gbdt
7,0.05,most_risky,0.7832259291846004,0.6284916201117319,0.02443527367506516,0.2569832402234637,210263,0.21757513209646967,442,23,14,9,0.6086956521739131,0.5882352941176471,14.0,0.6401686925587292,2,lendingclub_imb77,gbdt
8,0.05,most_risky,0.7842181331837694,0.6145833333333334,0.02338717669210187,0.22916666666666666,231785,0.2177448928964342,453,23,20,3,0.8695652173913043,0.6026490066225165,20.0,0.6445137333215013,2,lendingclub_imb77,gbdt
9,0.05,most_risky,0.7815213958629401,0.6323185011709602,0.024145948846360222,0.2646370023419204,253320,0.21834043897047212,439,22,17,5,0.7727272727272727,0.6309794988610479,17.0,0.6545202205967451,2,lendingclub_imb77,gbdt
10,0.05,most_risky,0.7811266529639668,0.5798687089715536,0.021889971914753014,0.15973741794310722,274881,0.21815622032806925,412,21,16,5,0.7619047619047619,0.5898058252427184,16.0,0.644983200894685,2,lendingclub_imb77,gbdt
0,0.05,most_risky,0.7776666666666666,0.526813880126183,0.062197392923649904,0.05362776025236593,60000,0.22273333333333334,0,0,0,0,0.0,0.0,0.0,0.0,3,lendingclub_imb77,gbdt
1,0.05,most_risky,0.7798587657353393,0.5676567656765676,0.04743519029233315,0.1353135313531353,81423,0.22047824324822224,557,28,17,11,0.6071428571428571,0.5709156193895871,17.0,0.6656077743639682,3,lendingclub_imb77,gbdt
2,0.05,most_risky,0.7817784256559767,0.5774647887323944,0.045094588649362076,0.15492957746478872,102897,0.21913175311233563,504,26,17,9,0.6538461538461539,0.5416666666666666,17.0,0.6712269999319926,3,lendingclub_imb77,gbdt
3,0.05,most_risky,0.7796003698789853,0.5868945868945868,0.037163990618798486,0.1737891737891738,124362,0.218651999807015,513,26,16,10,0.6153846153846154,0.5692007797270955,16.0,0.6796345674923102,3,lendingclub_imb77,gbdt
4,0.05,most_risky,0.7833344759032015,0.6268221574344023,0.033551810237203494,0.2536443148688047,145868,0.21832752899882085,470,24,15,9,0.625,0.6106382978723405,15.0,0.6756544174698488,3,lendingclub_imb77,gbdt
5,0.05,most_risky,0.7846599737062269,0.6361256544502618,0.03323758719737382,0.27225130890052357,167339,0.21796473027805832,507,26,18,8,0.6923076923076923,0.5641025641025641,18.0,0.6653356769027334,3,lendingclub_imb77,gbdt
6,0.05,most_risky,0.7786633479849601,0.5963060686015831,0.026802656546489563,0.19261213720316622,188829,0.21826096627107064,487,25,18,7,0.72,0.5564681724845996,18.0,0.6691095808771409,3,lendingclub_imb77,gbdt
7,0.05,most_risky,0.7806512954599477,0.5944584382871536,0.025368160808341395,0.1889168765743073,210348,0.21810998916081922,456,23,20,3,0.8695652173913043,0.5877192982456141,20.0,0.6641657012145626,3,lendingclub_imb77,gbdt
8,0.05,most_risky,0.7819824481963042,0.6421052631578947,0.023877091691946375,0.28421052631578947,231884,0.21847130461782616,438,22,14,8,0.6363636363636364,0.5981735159817352,14.0,0.6601224082875977,3,lendingclub_imb77,gbdt
9,0.05,most_risky,0.7818770098841912,0.6469072164948454,0.022470904207699195,0.29381443298969073,253434,0.21862102164666145,424,22,13,9,0.5909090909090909,0.6415094339622641,13.0,0.6485167274821548,3,lendingclub_imb77,gbdt
10,0.05,most_risky,0.7827193716135132,0.5885167464114832,0.020459081836327345,0.17703349282296652,274988,0.21833680015127932,419,21,17,4,0.8095238095238095,0.5871121718377088,17.0,0.6321242842858747,3,lendingclub_imb77,gbdt
0,0.05,most_risky,0.7716666666666666,0.5641025641025641,0.06330935251798561,0.1282051282051282,60000,0.22443333333333335,0,0,0,0,0.0,0.0,0.0,0.0,4,lendingclub_imb77,gbdt
1,0.05,most_risky,0.7830733325144331,0.5977337110481586,0.05859483476811997,0.1954674220963173,81406,0.22121219566125347,575,29,18,11,0.6206896551724138,0.5721739130434783,18.0,0.7095070007758023,4,lendingclub_imb77,gbdt
2,0.05,most_risky,0.7837167452944895,0.5723076923076923,0.04138851802403204,0.14461538461538462,102805,0.22035893195856232,583,30,22,8,0.7333333333333333,0.5608919382504288,22.0,0.6785940169509435,4,lendingclub_imb77,gbdt
3,0.05,most_risky,0.7837794324813846,0.5782828282828283,0.04214206845785793,0.15656565656565657,124221,0.21998695872678534,565,29,21,8,0.7241379310344828,0.5752212389380531,21.0,0.6716347449030851,4,lendingclub_imb77,gbdt
4,0.05,most_risky,0.7832875772134523,0.5707434052757794,0.037339190461248825,0.14148681055155876,145698,0.21919312550618403,501,26,18,8,0.6923076923076923,0.5608782435129741,18.0,0.6857951700121975,4,lendingclub_imb77,gbdt
5,0.05,most_risky,0.7817088853665102,0.6216216216216216,0.034198432008650984,0.24324324324324326,167184,0.2186632692123648,491,25,18,7,0.72,0.570264765784114,18.0,0.6632412785672614,4,lendingclub_imb77,gbdt
6,0.05,most_risky,0.7841110846119194,0.5863636363636363,0.03137541043414812,0.17272727272727273,188685,0.218215544425895,475,24,17,7,0.7083333333333334,0.5978947368421053,17.0,0.678062352042005,4,lendingclub_imb77,gbdt
7,0.05,most_risky,0.7841457902124521,0.5886363636363636,0.02830291771391105,0.17727272727272728,210164,0.218224814906454,498,25,18,7,0.72,0.5983935742971888,18.0,0.6699231563756334,4,lendingclub_imb77,gbdt
8,0.05,most_risky,0.7845888193395208,0.6109785202863962,0.025414474337337435,0.22195704057279236,231647,0.21847034496453654,494,25,18,7,0.72,0.5668016194331984,18.0,0.6588280831797646,4,lendingclub_imb77,gbdt
9,0.05,most_risky,0.7845673770070902,0.6112412177985949,0.02372080341724984,0.2224824355971897,253164,0.2182656301843864,458,23,12,11,0.5217391304347826,0.6353711790393013,12.0,0.6597157991129968,4,lendingclub_imb77,gbdt
10,0.05,most_risky,0.7847847847847848,0.5878787878787879,0.024429147078576227,0.17575757575757575,274725,0.217999817999818,412,21,15,6,0.7142857142857143,0.587378640776699,15.0,0.6466204113431948,4,lendingclub_imb77,gbdt
0,0.1,most_risky,0.7825,0.5335051546391752,0.07852807283763277,0.06701030927835051,60000,0.22338333333333332,0,0,0,0,0.0,0.0,0.0,0.0,0,lendingclub_imb77,gbdt
1,0.1,most_risky,0.7815554872425453,0.5483870967741935,0.05214723926380368,0.0967741935483871,81321,0.22123436750654812,702,71,50,21,0.704225352112676,0.5270655270655271,50.0,0.6729941963507639,0,lendingclub_imb77,gbdt
2,0.1,most_risky,0.7799785867237687,0.5714285714285714,0.04288840262582057,0.14285714285714285,102738,0.220142498393973,595,60,35,25,0.5833333333333334,0.534453781512605,35.0,0.6688117461087721,0,lendingclub_imb77,gbdt
3,0.1,most_risky,0.7850301810865191,0.5948717948717949,0.04283604135893648,0.18974358974358974,124247,0.21937753024217888,493,50,31,19,0.62,0.5882352941176471,31.0,0.6450356040429394,0,lendingclub_imb77,gbdt
4,0.1,most_risky,0.7877758330759463,0.5960264900662252,0.043055334077499605,0.19205298013245034,145695,0.21882700161295857,561,57,44,13,0.7719298245614035,0.5900178253119429,44.0,0.6433568412069292,0,lendingclub_imb77,gbdt
5,0.1,most_risky,0.7846434662916305,0.6085011185682326,0.03729092404716205,0.21700223713646533,167094,0.21869726022478367,615,62,41,21,0.6612903225806451,0.5560975609756098,41.0,0.652093726678975,0,lendingclub_imb77,gbdt
6,0.1,most_risky,0.7855817159826068,0.6431924882629108,0.03337799975636496,0.2863849765258216,188580,0.21846431222823204,518,52,38,14,0.7307692307692307,0.5965250965250966,38.0,0.6354309058135121,0,lendingclub_imb77,gbdt
7,0.1,most_risky,0.7870654579199087,0.6169772256728778,0.03288457294195542,0.23395445134575568,210133,0.21857585433987045,444,45,31,14,0.6888888888888889,0.5855855855855856,31.0,0.6487127807103599,0,lendingclub_imb77,gbdt
8,0.1,most_risky,0.7845964556306257,0.6098130841121495,0.02591085078923856,0.21962616822429906,231631,0.21814869339596168,505,51,32,19,0.6274509803921569,0.5821782178217821,32.0,0.6426579046275892,0,lendingclub_imb77,gbdt
9,0.1,most_risky,0.7864789066203192,0.583969465648855,0.028075970272502065,0.16793893129770993,253160,0.21801627429293727,471,48,30,18,0.625,0.6305732484076433,30.0,0.6299867697259904,0,lendingclub_imb77,gbdt
10,0.1,most_risky,0.7845285766290498,0.5800376647834274,0.02583242472532081,0.160075329566855,274698,0.21820690358138756,461,47,27,20,0.574468085106383,0.5574837310195228,27.0,0.6450722676939512,0,lendingclub_imb77,gbdt
0,0.1,most_risky,0.7815,0.5657894736842105,0.08046407185628743,0.13157894736842105,60000,0.22658333333333333,0,0,0,0,0.0,0.0,0.0,0.0,1,lendingclub_imb77,gbdt
1,0.1,most_risky,0.7821277118800319,0.5526315789473685,0.05277855347668249,0.10526315789473684,81352,0.22353476251352147,667,67,43,24,0.6417910447761194,0.5487256371814093,43.0,0.6669120293127584,1,lendingclub_imb77,gbdt
2,0.1,most_risky,0.7822659139575627,0.5417721518987342,0.04748169514089195,0.08354430379746836,102737,0.22034904659470297,630,63,44,19,0.6984126984126984,0.5492063492063493,44.0,0.6564196959589047,1,lendingclub_imb77,gbdt
3,0.1,most_risky,0.7814462876469641,0.6058201058201058,0.041575889615105305,0.21164021164021163,124177,0.22017764964526443,569,57,38,19,0.6666666666666666,0.5536028119507909,38.0,0.6643581779758981,1,lendingclub_imb77,gbdt
4,0.1,most_risky,0.7851551771491349,0.6197530864197531,0.03949645948072384,0.23950617283950618,145640,0.21932848118648723,544,55,39,16,0.7090909090909091,0.5551470588235294,39.0,0.632551914640054,1,lendingclub_imb77,gbdt
5,0.1,most_risky,0.7845389816310656,0.5864485981308412,0.03449697636063771,0.17289719626168223,167128,0.21877842132975922,516,52,29,23,0.5576923076923077,0.5678294573643411,29.0,0.6368007844589023,1,lendingclub_imb77,gbdt
6,0.1,most_risky,0.7826282866836302,0.6308068459657702,0.031054405392392875,0.2616136919315403,188636,0.2183835535104646,494,50,34,16,0.68,0.5850202429149798,34.0,0.6382592734256106,1,lendingclub_imb77,gbdt
7,0.1,most_risky,0.782242523731354,0.6143790849673203,0.0304601425793908,0.22875816993464052,210161,0.21831833689409547,475,48,30,18,0.625,0.5915789473684211,30.0,0.6420273865896733,1,lendingclub_imb77,gbdt
8,0.1,most_risky,0.7830506279943027,0.5768500948766604,0.029998026445628576,0.15370018975332067,231687,0.21820386987616913,474,48,31,17,0.6458333333333334,0.6244725738396625,31.0,0.645497753297261,1,lendingclub_imb77,gbdt
9,0.1,most_risky,0.7840143779748385,0.6,0.02745311225876597,0.2,253165,0.2181857681749057,527,53,38,15,0.7169811320754716,0.5635673624288425,38.0,0.6336206763741202,1,lendingclub_imb77,gbdt
10,0.1,most_risky,0.7822050712634472,0.6096579476861167,0.02509524598310419,0.2193158953722334,274683,0.21818241390985244,483,49,31,18,0.6326530612244898,0.6024844720496895,31.0,0.6453448095063771,1,lendingclub_imb77,gbdt
0,0.1,most_risky,0.7783333333333333,0.5588235294117647,0.06342729970326409,0.11764705882352941,60000,0.2216,0,0,0,0,0.0,0.0,0.0,0.0,2,lendingclub_imb77,gbdt
1,0.1,most_risky,0.7801853784298078,0.5971223021582733,0.04566712517193948,0.19424460431654678,81454,0.21970682839394015,554,56,34,22,0.6071428571428571,0.5379061371841155,34.0,0.6502270920265663,2,lendingclub_imb77,gbdt
2,0.1,most_risky,0.7814685314685315,0.6258278145695364,0.04130244755244755,0.25165562913907286,102959,0.21942715061335094,497,50,31,19,0.62,0.5553319919517102,31.0,0.6348862277293943,2,lendingclub_imb77,gbdt
3,0.1,most_risky,0.7801751848280296,0.5670391061452514,0.036782025729298784,0.1340782122905028,124437,0.21861664938884737,527,53,35,18,0.660377358490566,0.5977229601518027,35.0,0.651943164664341,2,lendingclub_imb77,gbdt
4,0.1,most_risky,0.7831345942982456,0.5403050108932462,0.038956958843858,0.08061002178649238,145920,0.21817434210526315,522,53,35,18,0.660377358490566,0.5842911877394636,35.0,0.6376601932038989,2,lendingclub_imb77,gbdt
5,0.1,most_risky,0.7828931644359465,0.5921052631578947,0.030666484939348506,0.18421052631578946,167357,0.21760069790925984,573,58,37,21,0.6379310344827587,0.581151832460733,37.0,0.6378286729940904,2,lendingclub_imb77,gbdt
6,0.1,most_risky,0.7837365662554926,0.5531400966183575,0.027879230581933284,0.10628019323671498,188886,0.21735861842592888,470,47,25,22,0.5319148936170213,0.5787234042553191,25.0,0.640696622048065,2,lendingclub_imb77,gbdt
7,0.1,most_risky,0.7826200603569137,0.6063569682151589,0.026854358419057932,0.21271393643031786,210411,0.21787359025906441,475,48,30,18,0.625,0.5810526315789474,30.0,0.6323456363046865,2,lendingclub_imb77,gbdt
8,0.1,most_risky,0.781499924551079,0.6077481840193705,0.024547677261613693,0.21549636803874092,231944,0.21801383092470597,466,47,33,14,0.7021276595744681,0.6094420600858369,33.0,0.6262765898277762,2,lendingclub_imb77,gbdt
9,0.1,most_risky,0.7827587567055854,0.6007677543186181,0.02814748201438849,0.20153550863723607,253518,0.21867086360731783,420,42,31,11,0.7380952380952381,0.6214285714285714,31.0,0.6321923253145981,2,lendingclub_imb77,gbdt
10,0.1,most_risky,0.7811102628421857,0.5911708253358925,0.02537694652714839,0.18234165067178504,275070,0.21848256807358127,445,45,29,16,0.6444444444444445,0.5662921348314607,29.0,0.6277747595023327,2,lendingclub_imb77,gbdt
0,0.1,most_risky,0.7776666666666666,0.526813880126183,0.062197392923649904,0.05362776025236593,60000,0.22273333333333334,0,0,0,0,0.0,0.0,0.0,0.0,3,lendingclub_imb77,gbdt
1,0.1,most_risky,0.7792646246393714,0.56973293768546,0.052703815536645625,0.1394658753709199,81451,0.2206111649949049,557,56,34,22,0.6071428571428571,0.5709156193895871,34.0,0.6470972701633999,3,lendingclub_imb77,gbdt
2,0.1,most_risky,0.7807626912800583,0.536741214057508,0.037037037037037035,0.07348242811501597,102925,0.21915958222006315,532,54,28,26,0.5185185185185185,0.5488721804511278,28.0,0.6471360624861666,3,lendingclub_imb77,gbdt
3,0.1,most_risky,0.7810641375984568,0.5877862595419847,0.04187058183795541,0.17557251908396945,124417,0.2187803917471085,512,52,34,18,0.6538461538461539,0.568359375,34.0,0.6540509716803253,3,lendingclub_imb77,gbdt
4,0.1,most_risky,0.784478327908172,0.5894206549118388,0.03678666876277315,0.17884130982367757,145925,0.2185574781565873,494,50,40,10,0.8,0.5951417004048583,40.0,0.6538790005490123,3,lendingclub_imb77,gbdt
5,0.1,most_risky,0.7852150537634408,0.601010101010101,0.03273277403383303,0.20202020202020202,167399,0.21813750380826646,532,54,33,21,0.6111111111111112,0.5733082706766918,33.0,0.6519281192347876,3,lendingclub_imb77,gbdt
6,0.1,most_risky,0.7793156376531611,0.6044568245125348,0.025790349417637273,0.20891364902506965,188931,0.21848717256564565,467,47,34,13,0.723404255319149,0.5653104925053534,34.0,0.6514470780975636,3,lendingclub_imb77,gbdt
7,0.1,most_risky,0.7801164033733222,0.6174863387978142,0.02419182187968315,0.23497267759562843,210474,0.21837851706148978,455,46,36,10,0.782608695652174,0.5824175824175825,36.0,0.6401016102919691,3,lendingclub_imb77,gbdt
8,0.1,most_risky,0.7844121703154628,0.6275862068965518,0.026986951364175563,0.25517241379310346,232040,0.21875538700224098,429,43,28,15,0.6511627906976745,0.6060606060606061,28.0,0.6348654698018185,3,lendingclub_imb77,gbdt
9,0.1,most_risky,0.7830330034304641,0.6036960985626283,0.026472177201512695,0.20739219712525667,253609,0.2189591063408633,426,43,29,14,0.6744186046511628,0.6197183098591549,29.0,0.624902519851282,3,lendingclub_imb77,gbdt
10,0.1,most_risky,0.7838270034526622,0.615866388308977,0.02456900141584076,0.23173277661795408,275147,0.21863949089032408,461,47,36,11,0.7659574468085106,0.5878524945770065,36.0,0.6256417937794057,3,lendingclub_imb77,gbdt
0,0.1,most_risky,0.7716666666666666,0.5641025641025641,0.06330935251798561,0.1282051282051282,60000,0.22443333333333335,0,0,0,0,0.0,0.0,0.0,0.0,4,lendingclub_imb77,gbdt
1,0.1,most_risky,0.7836311168416529,0.5643835616438356,0.057686922430691685,0.12876712328767123,81435,0.22136673420519432,575,58,37,21,0.6379310344827587,0.5721739130434783,37.0,0.6811589043254448,4,lendingclub_imb77,gbdt
2,0.1,most_risky,0.7810009718172983,0.6,0.045236013986013984,0.2,102896,0.22046532421085369,546,55,35,20,0.6363636363636364,0.6007326007326007,35.0,0.6664992641938788,4,lendingclub_imb77,gbdt
3,0.1,most_risky,0.7815828610474698,0.6135135135135135,0.04113809351214208,0.22702702702702704,124395,0.2202178544153704,504,51,29,22,0.5686274509803921,0.5892857142857143,29.0,0.6538383982734732,4,lendingclub_imb77,gbdt
4,0.1,most_risky,0.7850608189138256,0.5846501128668171,0.0408002520478891,0.16930022573363432,145921,0.2195160395008258,474,48,31,17,0.6458333333333334,0.5590717299578059,31.0,0.6463043495851598,4,lendingclub_imb77,gbdt
5,0.1,most_risky,0.7829540703577614,0.5717488789237668,0.03477905073649754,0.14349775784753363,167429,0.2189943199804096,494,50,35,15,0.7,0.5748987854251012,35.0,0.6359895570044217,4,lendingclub_imb77,gbdt
6,0.1,most_risky,0.784587699798878,0.5686695278969958,0.032301316431009267,0.13733905579399142,188938,0.21859022536493453,493,50,38,12,0.76,0.5841784989858012,38.0,0.6507048160391927,4,lendingclub_imb77,gbdt
7,0.1,most_risky,0.7856837403782191,0.6053215077605322,0.029947345326897763,0.2106430155210643,210458,0.21863269630995258,480,48,32,16,0.6666666666666666,0.6,32.0,0.6497893346119312,4,lendingclub_imb77,gbdt
8,0.1,most_risky,0.7828842422935978,0.5853131749460043,0.0266968771549601,0.17062634989200864,231950,0.21886182366889415,512,52,34,18,0.6538461538461539,0.564453125,34.0,0.639496022622252,4,lendingclub_imb77,gbdt
9,0.1,most_risky,0.7826910181057947,0.5905511811023622,0.027002700270027002,0.18110236220472442,253507,0.21870796467158699,439,44,25,19,0.5681818181818182,0.6241457858769932,25.0,0.6409665649644356,4,lendingclub_imb77,gbdt
10,0.1,most_risky,0.7827643872468826,0.5724258289703316,0.02725610769486455,0.14485165794066318,275067,0.21844859616020823,436,44,31,13,0.7045454545454546,0.5665137614678899,31.0,0.6484112723600695,4,lendingclub_imb77,gbdt
0,0.15,most_risky,0.7825,0.5335051546391752,0.07852807283763277,0.06701030927835051,60000,0.22338333333333332,0,0,0,0,0.0,0.0,0.0,0.0,0,lendingclub_imb77,gbdt
1,0.15,most_risky,0.7814036381514258,0.522077922077922,0.05623950755456072,0.04415584415584416,81356,0.22133585722011898,702,106,66,40,0.6226415094339622,0.5270655270655271,66.0,0.6564085607134101,0,lendingclub_imb77,gbdt
2,0.15,most_risky,0.7821560614905624,0.5411471321695761,0.04810463311904234,0.08229426433915212,102776,0.22022651202615395,627,95,55,40,0.5789473684210527,0.5374800637958532,55.0,0.6479071665631659,0,lendingclub_imb77,gbdt
3,0.15,most_risky,0.7837283225365147,0.5820512820512821,0.041735613164184594,0.1641025641025641,124261,0.21951376538093206,550,83,60,23,0.7228915662650602,0.5745454545454546,60.0,0.6376708909180412,0,lendingclub_imb77,gbdt
4,0.15,most_risky,0.7879536255745352,0.5833333333333334,0.044714148834238264,0.16666666666666666,145766,0.21902912887779044,527,80,56,24,0.7,0.603415559772296,56.0,0.6334728936906391,0,lendingclub_imb77,gbdt
5,0.15,most_risky,0.7850584681640099,0.5833333333333334,0.03853034264483281,0.16666666666666666,167183,0.2188320582834379,630,95,56,39,0.5894736842105263,0.5714285714285714,56.0,0.6434406243632643,0,lendingclub_imb77,gbdt
6,0.15,most_risky,0.7843854348863094,0.6075388026607539,0.03328069962346654,0.21507760532150777,188670,0.2185668097736789,548,83,58,25,0.6987951807228916,0.6058394160583942,58.0,0.638891456671198,0,lendingclub_imb77,gbdt
7,0.15,most_risky,0.787080201693464,0.6026365348399246,0.03531619026597506,0.20527306967984935,210220,0.21867567310436686,474,72,48,24,0.6666666666666666,0.5822784810126582,48.0,0.6291639484514219,0,lendingclub_imb77,gbdt
8,0.15,most_risky,0.7837307152875175,0.6162046908315565,0.028523489932885907,0.232409381663113,231723,0.2182562801275661,529,80,51,29,0.6375,0.5822306238185255,51.0,0.6275102520347428,0,lendingclub_imb77,gbdt
9,0.15,most_risky,0.7830730657611593,0.6104868913857678,0.029353502611201152,0.2209737827715356,253264,0.21814391307094574,484,73,43,30,0.589041095890411,0.6198347107438017,43.0,0.6164202255219354,0,lendingclub_imb77,gbdt
10,0.15,most_risky,0.7809515146002002,0.5919055649241147,0.028891266770927647,0.18381112984822934,274824,0.21837612435595144,462,70,36,34,0.5142857142857142,0.5346320346320347,36.0,0.626516432741848,0,lendingclub_imb77,gbdt
0,0.15,most_risky,0.7815,0.5657894736842105,0.08046407185628743,0.13157894736842105,60000,0.22658333333333333,0,0,0,0,0.0,0.0,0.0,0.0,1,lendingclub_imb77,gbdt
1,0.15,most_risky,0.7792112053077773,0.5358166189111748,0.05167173252279635,0.07163323782234957,81386,0.22371169488609835,667,101,65,36,0.6435643564356436,0.5487256371814093,65.0,0.6514819485814823,1,lendingclub_imb77,gbdt
2,0.15,most_risky,0.7863360077802091,0.58656330749354,0.05088545169244564,0.1731266149870801,102824,0.220862833579709,605,91,65,26,0.7142857142857143,0.5239669421487604,65.0,0.6386551016115225,1,lendingclub_imb77,gbdt
3,0.15,most_risky,0.7818759552731076,0.6094527363184079,0.04445654146252949,0.21890547263681592,124306,0.22073753479317168,554,84,58,26,0.6904761904761905,0.5577617328519856,58.0,0.6426414637164053,1,lendingclub_imb77,gbdt
4,0.15,most_risky,0.7825535126234907,0.6091127098321343,0.039502332814930013,0.2182254196642686,145760,0.21973106476399562,586,88,53,35,0.6022727272727273,0.5614334470989761,53.0,0.6334346517847006,1,lendingclub_imb77,gbdt
5,0.15,most_risky,0.7827997489014438,0.577639751552795,0.0380057212913772,0.15527950310559005,167265,0.21911936149224284,526,79,53,26,0.6708860759493671,0.5988593155893536,53.0,0.6245659671913133,1,lendingclub_imb77,gbdt
6,0.15,most_risky,0.7834860441713892,0.6239130434782608,0.03462002412545235,0.24782608695652175,188808,0.21877780602516841,482,73,50,23,0.684931506849315,0.5809128630705395,50.0,0.6314433636528594,1,lendingclub_imb77,gbdt
7,0.15,most_risky,0.7826190306401388,0.6011673151750972,0.033409017191047684,0.20233463035019456,210342,0.21862966026756425,492,74,44,30,0.5945945945945946,0.6138211382113821,44.0,0.6286279226626699,1,lendingclub_imb77,gbdt
8,0.15,most_risky,0.7801686035229943,0.5846994535519126,0.031198367188259305,0.16939890710382513,231903,0.2185094630082405,460,69,40,29,0.5797101449275363,0.6347826086956522,40.0,0.6338212668520302,1,lendingclub_imb77,gbdt
9,0.15,most_risky,0.7815989897794089,0.5866666666666667,0.027598566308243727,0.17333333333333334,253410,0.21845625665916893,524,79,53,26,0.6708860759493671,0.5877862595419847,53.0,0.6349432744564613,1,lendingclub_imb77,gbdt
10,0.15,most_risky,0.7843101598443382,0.5992578849721707,0.026988636363636364,0.19851576994434136,274955,0.21847211361859215,479,72,43,29,0.5972222222222222,0.5970772442588727,43.0,0.6289773123345108,1,lendingclub_imb77,gbdt
0,0.15,most_risky,0.7783333333333333,0.5588235294117647,0.06342729970326409,0.11764705882352941,60000,0.2216,0,0,0,0,0.0,0.0,0.0,0.0,2,lendingclub_imb77,gbdt
1,0.15,most_risky,0.7821071362827514,0.6040955631399317,0.049003322259136214,0.20819112627986347,81482,0.21982769200559632,554,84,50,34,0.5952380952380952,0.5379061371841155,50.0,0.6364584775764387,2,lendingclub_imb77,gbdt
2,0.15,most_risky,0.7790883937672929,0.5890804597701149,0.04443962714068936,0.1781609195402299,103004,0.2196128305696866,507,77,49,28,0.6363636363636364,0.5542406311637081,49.0,0.6299314723927413,2,lendingclub_imb77,gbdt
3,0.15,most_risky,0.780816965899506,0.587012987012987,0.04091238233164374,0.17402597402597403,124482,0.21877058530550603,558,84,58,26,0.6904761904761905,0.6057347670250897,58.0,0.6341673670827516,2,lendingclub_imb77,gbdt
4,0.15,most_risky,0.784266045619563,0.5765550239234449,0.03787521609303787,0.15311004784688995,145988,0.21834671342850098,525,79,50,29,0.6329113924050633,0.5885714285714285,50.0,0.6250829981164039,2,lendingclub_imb77,gbdt
5,0.15,most_risky,0.7841597755022838,0.6071428571428571,0.03483606557377049,0.21428571428571427,167482,0.21788013040207305,539,81,49,32,0.6049382716049383,0.5769944341372912,49.0,0.6236911249957918,2,lendingclub_imb77,gbdt
6,0.15,most_risky,0.7851399248796488,0.5978021978021978,0.033122260107160253,0.1956043956043956,189027,0.21762499537103167,479,72,47,25,0.6527777777777778,0.5991649269311065,47.0,0.6250930491286607,2,lendingclub_imb77,gbdt
7,0.15,most_risky,0.7830226760061736,0.6152304609218436,0.033178428617745594,0.23046092184368738,210571,0.2181924386548955,480,72,50,22,0.6944444444444444,0.5729166666666666,50.0,0.623756522603695,2,lendingclub_imb77,gbdt
8,0.15,most_risky,0.7823183472997135,0.6268041237113402,0.02972233085647243,0.2536082474226804,232104,0.21834177782373418,493,74,51,23,0.6891891891891891,0.5943204868154158,51.0,0.6269110622248112,2,lendingclub_imb77,gbdt
9,0.15,most_risky,0.7809007588449788,0.605683836589698,0.030351579884290165,0.2113676731793961,253674,0.21895819043339088,450,68,48,20,0.7058823529411765,0.6266666666666667,48.0,0.6235564940928902,2,lendingclub_imb77,gbdt
10,0.15,most_risky,0.7812897366030881,0.5724508050089445,0.026400462008085143,0.1449016100178891,275250,0.2188047229791099,443,67,43,24,0.6417910447761194,0.5530474040632054,43.0,0.6187720355628298,2,lendingclub_imb77,gbdt
0,0.15,most_risky,0.7776666666666666,0.526813880126183,0.062197392923649904,0.05362776025236593,60000,0.22273333333333334,0,0,0,0,0.0,0.0,0.0,0.0,3,lendingclub_imb77,gbdt
1,0.15,most_risky,0.7806210112911144,0.5970588235294118,0.05575391375995606,0.19411764705882353,81479,0.2207685415874029,557,84,53,31,0.6309523809523809,0.5709156193895871,53.0,0.6353451330577919,3,lendingclub_imb77,gbdt
2,0.15,most_risky,0.7824483059897097,0.5833333333333334,0.04927408710954685,0.16666666666666666,103008,0.21950722273998136,498,75,45,30,0.6,0.5502008032128514,45.0,0.6314928141630668,3,lendingclub_imb77,gbdt
3,0.15,most_risky,0.7792812688215218,0.565989847715736,0.04018742115696522,0.1319796954314721,124521,0.21908754346656387,517,78,50,28,0.6410256410256411,0.5802707930367504,50.0,0.6418556529876155,3,lendingclub_imb77,gbdt
4,0.15,most_risky,0.7838439157966798,0.5939849624060151,0.03708920187793427,0.18796992481203006,146075,0.21894232414855383,469,71,53,18,0.7464788732394366,0.5948827292110874,53.0,0.6352603231810158,3,lendingclub_imb77,gbdt
5,0.15,most_risky,0.783606361710381,0.58719646799117,0.036284272268449054,0.17439293598233996,167561,0.2185472753206295,549,83,57,26,0.6867469879518072,0.5719489981785064,57.0,0.6403571457779803,3,lendingclub_imb77,gbdt
6,0.15,most_risky,0.7815003834254436,0.6238532110091743,0.032493131047664554,0.24770642201834864,189083,0.2188298260552244,506,76,55,21,0.7236842105263158,0.575098814229249,55.0,0.6414444026422537,3,lendingclub_imb77,gbdt
7,0.15,most_risky,0.7825994065281899,0.6059907834101382,0.028432432432432434,0.2119815668202765,210623,0.21869406475076322,485,73,46,27,0.6301369863013698,0.5649484536082474,46.0,0.625257092965713,3,lendingclub_imb77,gbdt
8,0.15,most_risky,0.7814242952817796,0.6336633663366337,0.031113271754982984,0.26732673267326734,232184,0.21909347758674155,461,70,47,23,0.6714285714285714,0.5813449023861171,47.0,0.6322412866956276,3,lendingclub_imb77,gbdt
9,0.15,most_risky,0.781179808488001,0.6257197696737045,0.02901130194891875,0.2514395393474088,253768,0.2192908483339113,434,66,48,18,0.7272727272727273,0.631336405529954,48.0,0.620448406461416,3,lendingclub_imb77,gbdt
10,0.15,most_risky,0.7819509271535207,0.6245421245421245,0.028084335364849285,0.2490842490842491,275305,0.2189607889431721,489,74,54,20,0.7297297297297297,0.5828220858895705,54.0,0.6252948027719336,3,lendingclub_imb77,gbdt
0,0.15,most_risky,0.7716666666666666,0.5641025641025641,0.06330935251798561,0.1282051282051282,60000,0.22443333333333335,0,0,0,0,0.0,0.0,0.0,0.0,4,lendingclub_imb77,gbdt
1,0.15,most_risky,0.7802737371877494,0.5608465608465608,0.05846662989520132,0.12169312169312169,81464,0.221459785917706,575,87,51,36,0.5862068965517241,0.5721739130434783,51.0,0.6635796576682316,4,lendingclub_imb77,gbdt
2,0.15,most_risky,0.7797590127295695,0.6055555555555555,0.04729876328921675,0.2111111111111111,102910,0.2207074142454572,596,90,61,29,0.6777777777777778,0.5704697986577181,61.0,0.6427283418230716,4,lendingclub_imb77,gbdt
3,0.15,most_risky,0.7813944143058067,0.5745721271393643,0.042719505544446465,0.1491442542787286,124421,0.22037276665514663,519,78,45,33,0.5769230769230769,0.6088631984585742,45.0,0.6378148291764226,4,lendingclub_imb77,gbdt
4,0.15,most_risky,0.7835782550611448,0.5776805251641138,0.04132102050399124,0.15536105032822758,145963,0.2196310023773148,483,73,45,28,0.6164383561643836,0.5755693581780539,45.0,0.6391722671200262,4,lendingclub_imb77,gbdt
5,0.15,most_risky,0.7809012235153685,0.5776805251641138,0.035613112100364226,0.15536105032822758,167550,0.21926589077887199,430,65,48,17,0.7384615384615385,0.5837209302325581,48.0,0.6362848500882239,4,lendingclub_imb77,gbdt
6,0.15,most_risky,0.7840467440446289,0.5874439461883408,0.03177298083919476,0.17488789237668162,189112,0.2188967384407124,459,69,48,21,0.6956521739130435,0.5969498910675382,48.0,0.6401669110984283,4,lendingclub_imb77,gbdt
7,0.15,most_risky,0.785456616669831,0.6007984031936128,0.032928563614484194,0.20159680638722555,210677,0.2189702720277961,456,69,43,26,0.6231884057971014,0.6052631578947368,43.0,0.6285401326848664,4,lendingclub_imb77,gbdt
8,0.15,most_risky,0.7839269563719368,0.5888888888888889,0.03139190523198421,0.17777777777777778,232188,0.21920598825090012,519,78,55,23,0.7051282051282052,0.5722543352601156,55.0,0.6285067212135849,4,lendingclub_imb77,gbdt
9,0.15,most_risky,0.7809020867406254,0.5778611632270169,0.027495090162470988,0.15572232645403378,253744,0.21905148496122076,466,70,48,22,0.6857142857142857,0.6223175965665236,48.0,0.6299537458234038,4,lendingclub_imb77,gbdt
10,0.15,most_risky,0.7823173721196274,0.5782537067545305,0.0290490772159232,0.15650741350906094,275353,0.21882819508049667,404,61,42,19,0.6885245901639344,0.5693069306930693,42.0,0.6304122578094503,4,lendingclub_imb77,gbdt
0,0.2,most_risky,0.7825,0.5335051546391752,0.07852807283763277,0.06701030927835051,60000,0.22338333333333332,0,0,0,0,0.0,0.0,0.0,0.0,0,lendingclub_imb77,gbdt
1,0.2,most_risky,0.7853676515756496,0.5343915343915344,0.05738636363636364,0.06878306878306878,81391,0.2214864051307884,702,141,86,55,0.6099290780141844,0.5270655270655271,86.0,0.6441370989077269,0,lendingclub_imb77,gbdt
2,0.2,most_risky,0.7824713202411044,0.546242774566474,0.041934768138451296,0.09248554913294797,102859,0.2204571306351413,606,122,74,48,0.6065573770491803,0.5511551155115512,74.0,0.6295977495519417,0,lendingclub_imb77,gbdt
3,0.2,most_risky,0.784207353827607,0.6279683377308707,0.04353393085787452,0.2559366754617414,124423,0.21987092418604276,485,97,62,35,0.6391752577319587,0.5773195876288659,62.0,0.6232829494579537,0,lendingclub_imb77,gbdt
4,0.2,most_risky,0.7831746249229293,0.5435684647302904,0.04111738857501569,0.08713692946058091,145966,0.21942781195620897,512,103,71,32,0.6893203883495146,0.607421875,71.0,0.614359556890921,0,lendingclub_imb77,gbdt
5,0.2,most_risky,0.7841954366264484,0.5777777777777777,0.03916198822401753,0.15555555555555556,167417,0.21939229588393055,627,126,81,45,0.6428571428571429,0.5454545454545454,81.0,0.6256481933152641,0,lendingclub_imb77,gbdt
6,0.2,most_risky,0.7878146256252813,0.6266924564796905,0.039764359351988215,0.25338491295938104,188914,0.21915792371131837,569,114,79,35,0.6929824561403509,0.5852372583479789,79.0,0.6239725491911503,0,lendingclub_imb77,gbdt
7,0.2,most_risky,0.7865168539325843,0.5799648506151143,0.036351619299405155,0.15992970123022848,210482,0.21925390294657024,481,97,64,33,0.6597938144329897,0.577962577962578,64.0,0.6201842108521136,0,lendingclub_imb77,gbdt
8,0.2,most_risky,0.7852632486368828,0.6059602649006622,0.03626634958382877,0.2119205298013245,232004,0.2187634695953518,538,108,63,45,0.5833333333333334,0.5947955390334573,63.0,0.6246235820846111,0,lendingclub_imb77,gbdt
9,0.2,most_risky,0.7845507612211091,0.6,0.033131166832624244,0.2,253537,0.2186150344920071,524,105,63,42,0.6,0.6106870229007634,63.0,0.6154675125440479,0,lendingclub_imb77,gbdt
10,0.2,most_risky,0.7829698291530353,0.5636363636363636,0.030935550935550934,0.12727272727272726,275096,0.21878544217291418,492,99,54,45,0.5454545454545454,0.5528455284552846,54.0,0.6234267428404311,0,lendingclub_imb77,gbdt
0,0.2,most_risky,0.7815,0.5657894736842105,0.08046407185628743,0.13157894736842105,60000,0.22658333333333333,0,0,0,0,0.0,0.0,0.0,0.0,1,lendingclub_imb77,gbdt
1,0.2,most_risky,0.7782485875706214,0.5655737704918032,0.056572834107679694,0.13114754098360656,81419,0.22390351146538276,667,134,88,46,0.6567164179104478,0.5487256371814093,88.0,0.6407928890007357,1,lendingclub_imb77,gbdt
2,0.2,most_risky,0.7847769028871391,0.5891472868217055,0.050700466977985324,0.17829457364341086,102866,0.221044854470865,632,127,87,40,0.6850393700787402,0.5284810126582279,87.0,0.6304988754222952,1,lendingclub_imb77,gbdt
3,0.2,most_risky,0.7798013910666184,0.5683297180043384,0.047292418772563176,0.13665943600867678,124362,0.22098390183496566,571,115,79,36,0.6869565217391305,0.5516637478108581,79.0,0.6281848377570418,1,lendingclub_imb77,gbdt
4,0.2,most_risky,0.78389220325036,0.5789473684210527,0.04482056104058925,0.15789473684210525,145828,0.2199440436678827,608,122,73,49,0.5983606557377049,0.569078947368421,73.0,0.6262642448771955,1,lendingclub_imb77,gbdt
5,0.2,most_risky,0.782717820007171,0.5826086956521739,0.03647250952640174,0.16521739130434782,167336,0.21930726203566478,556,112,70,42,0.625,0.5953237410071942,70.0,0.623117391029538,1,lendingclub_imb77,gbdt
6,0.2,most_risky,0.7819952883877286,0.6071428571428571,0.03466059006956104,0.21428571428571427,188895,0.2189682098520342,492,99,63,36,0.6363636363636364,0.5792682926829268,63.0,0.618839854287399,1,lendingclub_imb77,gbdt
7,0.2,most_risky,0.7838274420372482,0.6221804511278195,0.03586132177681473,0.24436090225563908,210476,0.218903818012505,464,93,62,31,0.6666666666666666,0.6206896551724138,62.0,0.615823494934675,1,lendingclub_imb77,gbdt
8,0.2,most_risky,0.7837319543201896,0.5823008849557522,0.03247778874629812,0.16460176991150444,232049,0.21879430637494668,474,95,61,34,0.6421052631578947,0.6371308016877637,61.0,0.6246693495307479,1,lendingclub_imb77,gbdt
9,0.2,most_risky,0.7827878548895899,0.6046511627906976,0.030357463624932638,0.20930232558139536,253598,0.21885424963919273,504,101,65,36,0.6435643564356436,0.5476190476190477,65.0,0.6140886081539668,1,lendingclub_imb77,gbdt
10,0.2,most_risky,0.7801159388685965,0.5987158908507223,0.030516239875644276,0.19743178170144463,275142,0.21885062985658316,510,102,61,41,0.5980392156862745,0.5901960784313726,61.0,0.6123650481544215,1,lendingclub_imb77,gbdt
0,0.2,most_risky,0.7783333333333333,0.5588235294117647,0.06342729970326409,0.11764705882352941,60000,0.2216,0,0,0,0,0.0,0.0,0.0,0.0,2,lendingclub_imb77,gbdt
1,0.2,most_risky,0.7783094098883573,0.5794392523364486,0.050750341064120054,0.1588785046728972,81509,0.21995117103632728,554,111,66,45,0.5945945945945946,0.5379061371841155,66.0,0.626341523555669,2,lendingclub_imb77,gbdt
2,0.2,most_risky,0.7745378681286692,0.5748502994011976,0.04087715563125399,0.1497005988023952,103053,0.21969277944358728,511,103,64,39,0.6213592233009708,0.5733855185909981,64.0,0.6207631255929199,2,lendingclub_imb77,gbdt
3,0.2,most_risky,0.7810506039568201,0.6082191780821918,0.04010840108401084,0.21643835616438356,124593,0.21917764240366633,515,103,74,29,0.7184466019417476,0.5786407766990291,74.0,0.6260952569807265,2,lendingclub_imb77,gbdt
4,0.2,most_risky,0.7809442353746151,0.5532407407407407,0.03706000930376803,0.10648148148148148,146149,0.2187630431956428,496,100,60,40,0.6,0.6008064516129032,60.0,0.6135682799568127,2,lendingclub_imb77,gbdt
5,0.2,most_risky,0.7815379110885834,0.5807127882599581,0.03741220961642355,0.16142557651991615,167693,0.21838717179607975,510,102,68,34,0.6666666666666666,0.5784313725490197,68.0,0.6245944269876362,2,lendingclub_imb77,gbdt
6,0.2,most_risky,0.7863087532035192,0.5876685934489403,0.03729062232546766,0.17533718689788053,189245,0.2181299373827578,500,100,62,38,0.62,0.58,62.0,0.6210401390022843,2,lendingclub_imb77,gbdt
7,0.2,most_risky,0.7809957541687421,0.6270566727605119,0.03659837814767392,0.25411334552102377,210793,0.21866001242925523,505,101,64,37,0.6336633663366337,0.5643564356435643,64.0,0.615093791381987,2,lendingclub_imb77,gbdt
8,0.2,most_risky,0.7857542500537982,0.5906148867313916,0.03625347636074692,0.18122977346278318,232350,0.21879492145470195,494,99,66,33,0.6666666666666666,0.5991902834008097,66.0,0.6123651285350292,2,lendingclub_imb77,gbdt
9,0.2,most_risky,0.7836970222152198,0.6128,0.03443006112909026,0.2256,253879,0.21932889289779778,529,106,79,27,0.7452830188679245,0.6294896030245747,79.0,0.6223229282538235,2,lendingclub_imb77,gbdt
10,0.2,most_risky,0.7803067428986297,0.5896607431340872,0.029881293491608677,0.17932148626817448,275474,0.2191204977602242,447,90,54,36,0.6,0.5794183445190156,54.0,0.6216954263592649,2,lendingclub_imb77,gbdt
0,0.2,most_risky,0.7776666666666666,0.526813880126183,0.062197392923649904,0.05362776025236593,60000,0.22273333333333334,0,0,0,0,0.0,0.0,0.0,0.0,3,lendingclub_imb77,gbdt
1,0.2,most_risky,0.782051282051282,0.5345911949685535,0.04755244755244755,0.06918238993710692,81507,0.220864465628719,557,112,67,45,0.5982142857142857,0.5709156193895871,67.0,0.6269449176044535,3,lendingclub_imb77,gbdt
2,0.2,most_risky,0.7843489229575005,0.587431693989071,0.04768241295187403,0.17486338797814208,103058,0.21962390110423258,502,101,61,40,0.6039603960396039,0.5597609561752988,61.0,0.6205405124835583,3,lendingclub_imb77,gbdt
3,0.2,most_risky,0.7813804173354735,0.5747422680412371,0.04050127134035598,0.14948453608247422,124598,0.2193133116101382,515,103,66,37,0.6407766990291263,0.570873786407767,66.0,0.6369567423803328,3,lendingclub_imb77,gbdt
4,0.2,most_risky,0.7849006260048575,0.6144278606965174,0.038714733542319746,0.22885572139303484,146162,0.219113038956774,486,98,64,34,0.6530612244897959,0.5987654320987654,64.0,0.6266623615497857,3,lendingclub_imb77,gbdt
5,0.2,most_risky,0.7831673722497168,0.5929752066115702,0.038978677169631944,0.1859504132231405,167707,0.21877441013195634,509,102,63,39,0.6176470588235294,0.5776031434184676,63.0,0.6206938760892083,3,lendingclub_imb77,gbdt
6,0.2,most_risky,0.781866694845851,0.6430260047281324,0.03246598233468608,0.2860520094562648,189263,0.21912365332896552,495,99,66,33,0.6666666666666666,0.5595959595959596,66.0,0.6311312811015543,3,lendingclub_imb77,gbdt
7,0.2,most_risky,0.7803073420603301,0.6206896551724138,0.03261217094745817,0.2413793103448276,210837,0.21898907686980937,473,95,58,37,0.6105263157894737,0.5750528541226215,58.0,0.6150511682983196,3,lendingclub_imb77,gbdt
8,0.2,most_risky,0.7823860947382008,0.6142322097378277,0.03203750732564954,0.22846441947565543,232429,0.2193874258375676,451,91,63,28,0.6923076923076923,0.6008869179600886,63.0,0.6144319362176004,3,lendingclub_imb77,gbdt
9,0.2,most_risky,0.7820379081622612,0.6003460207612457,0.031009830205540663,0.20069204152249134,254032,0.21959438181016566,437,88,60,28,0.6818181818181818,0.6247139588100686,60.0,0.6119956127530446,3,lendingclub_imb77,gbdt
10,0.2,most_risky,0.7837705453358006,0.5987261146496815,0.03122145644772897,0.19745222929936307,275609,0.21925263688776492,469,94,63,31,0.6702127659574468,0.6012793176972282,63.0,0.6197043920377605,3,lendingclub_imb77,gbdt
0,0.2,most_risky,0.7716666666666666,0.5641025641025641,0.06330935251798561,0.1282051282051282,60000,0.22443333333333335,0,0,0,0,0.0,0.0,0.0,0.0,4,lendingclub_imb77,gbdt
1,0.2,most_risky,0.7767347690042334,0.5725593667546174,0.058743909041689225,0.14511873350923482,81492,0.2216045746821774,575,115,69,46,0.6,0.5721739130434783,69.0,0.6507244687921465,4,lendingclub_imb77,gbdt
2,0.2,most_risky,0.7822012914502112,0.6403940886699507,0.05652173913043478,0.28078817733990147,102985,0.2210224790017964,574,115,78,37,0.6782608695652174,0.5679442508710801,78.0,0.6391869427284531,4,lendingclub_imb77,gbdt
3,0.2,most_risky,0.7786881953649034,0.55863539445629,0.04707996406109614,0.11727078891257996,124482,0.22067447502450152,569,114,69,45,0.6052631578947368,0.5940246045694201,69.0,0.6375451689213675,4,lendingclub_imb77,gbdt
4,0.2,most_risky,0.7807684405177727,0.5852713178294574,0.04653312788906009,0.17054263565891473,146007,0.21991411370687708,534,107,62,45,0.5794392523364486,0.552434456928839,62.0,0.6384791628799564,4,lendingclub_imb77,gbdt
5,0.2,most_risky,0.782502312535434,0.5869565217391305,0.04026026840178935,0.17391304347826086,167563,0.21943388456878904,495,99,66,33,0.6666666666666666,0.5838383838383838,66.0,0.6224219104263622,4,lendingclub_imb77,gbdt
6,0.2,most_risky,0.7828684732319894,0.5841584158415841,0.03555073511689564,0.16831683168316833,189124,0.2190361878978871,489,98,68,30,0.6938775510204082,0.6053169734151329,68.0,0.6376314948764004,4,lendingclub_imb77,gbdt
7,0.2,most_risky,0.783578547698149,0.5857988165680473,0.03225806451612903,0.17159763313609466,210700,0.2191077361177029,470,94,60,34,0.6382978723404256,0.6127659574468085,60.0,0.6168585201830883,4,lendingclub_imb77,gbdt
8,0.2,most_risky,0.7830767574550543,0.5996649916247906,0.03511869727290563,0.19932998324958123,232221,0.21936861868650984,539,108,73,35,0.6759259259259259,0.5640074211502782,73.0,0.6196291960912887,4,lendingclub_imb77,gbdt
9,0.2,most_risky,0.7843056130188939,0.5834829443447038,0.029435739516348158,0.16696588868940754,253785,0.21921705380538645,486,98,66,32,0.673469387755102,0.6213991769547325,66.0,0.6157295350483627,4,lendingclub_imb77,gbdt
10,0.2,most_risky,0.7806684700713494,0.584070796460177,0.03247232472324723,0.168141592920354,275401,0.2189933950857114,421,85,60,25,0.7058823529411765,0.5771971496437055,60.0,0.6266968596803966,4,lendingclub_imb77,gbdt
0,0.3,most_risky,0.7825,0.5335051546391752,0.07852807283763277,0.06701030927835051,60000,0.22338333333333332,0,0,0,0,0.0,0.0,0.0,0.0,0,lendingclub_imb77,gbdt
1,0.3,most_risky,0.7791689682685816,0.5287958115183246,0.05580110497237569,0.05759162303664921,81461,0.2217748370385829,702,211,125,86,0.5924170616113744,0.5270655270655271,125.0,0.6256458137962823,0,lendingclub_imb77,gbdt
2,0.3,most_risky,0.7830097087378641,0.5024875621890548,0.04516994633273703,0.004975124378109453,102998,0.2209072020815938,593,178,104,74,0.5842696629213483,0.5497470489038786,104.0,0.6202227229391897,0,lendingclub_imb77,gbdt
3,0.3,most_risky,0.782455154701232,0.5948275862068966,0.05009983663096751,0.1896551724137931,124593,0.22030932716926313,510,153,98,55,0.6405228758169934,0.5901960784313726,98.0,0.6092120498847969,0,lendingclub_imb77,gbdt
4,0.3,most_risky,0.7868431855500821,0.581651376146789,0.05015822784810126,0.163302752293578,146159,0.22002066242927223,552,166,127,39,0.7650602409638554,0.5978260869565217,127.0,0.6046601146490326,0,lendingclub_imb77,gbdt
5,0.3,most_risky,0.7868495601610258,0.6053962900505903,0.04936064897566341,0.21079258010118043,167671,0.21998437416130398,629,189,110,79,0.582010582010582,0.548489666136725,110.0,0.6178768498358512,0,lendingclub_imb77,gbdt
6,0.3,most_risky,0.7845515564716453,0.6288,0.04726966562424825,0.2576,189210,0.21974525659320332,590,177,118,59,0.6666666666666666,0.5949152542372881,118.0,0.6081239527578814,0,lendingclub_imb77,gbdt
7,0.3,most_risky,0.7859972013376657,0.6170886075949367,0.042525351651946354,0.23417721518987342,210812,0.21986414435610876,501,151,94,57,0.6225165562913907,0.564870259481038,94.0,0.6103949109876232,0,lendingclub_imb77,gbdt
8,0.3,most_risky,0.7853515793097513,0.6092307692307692,0.03913816959873493,0.21846153846153846,232377,0.21946664256789614,554,167,108,59,0.6467065868263473,0.5794223826714802,108.0,0.6084885405252329,0,lendingclub_imb77,gbdt
9,0.3,most_risky,0.7845090665669114,0.5944148936170213,0.040317488951023724,0.18882978723404256,253951,0.21931789990982511,540,162,98,64,0.6049382716049383,0.6129629629629629,98.0,0.6030853099529717,0,lendingclub_imb77,gbdt
10,0.3,most_risky,0.7815681080002177,0.5809399477806788,0.03658937674724552,0.1618798955613577,275553,0.2194895355884349,501,151,87,64,0.5761589403973509,0.5588822355289421,87.0,0.6076230834146549,0,lendingclub_imb77,gbdt
0,0.3,most_risky,0.7815,0.5657894736842105,0.08046407185628743,0.13157894736842105,60000,0.22658333333333333,0,0,0,0,0.0,0.0,0.0,0.0,1,lendingclub_imb77,gbdt
1,0.3,most_risky,0.7765983556264572,0.5406091370558376,0.057990743261638986,0.08121827411167512,81486,0.2242225658395307,667,201,129,72,0.6417910447761194,0.5487256371814093,129.0,0.6239035797883562,1,lendingclub_imb77,gbdt
2,0.3,most_risky,0.7815109730044669,0.6,0.05046974000436968,0.2,102976,0.22130399316345556,660,198,120,78,0.6060606060606061,0.5409090909090909,120.0,0.6220618730205338,1,lendingclub_imb77,gbdt
3,0.3,most_risky,0.7763416690081484,0.5786163522012578,0.04887550911988667,0.15723270440251572,124564,0.2213480620403969,521,157,100,57,0.6369426751592356,0.5700575815738963,100.0,0.6154401997500683,1,lendingclub_imb77,gbdt
4,0.3,most_risky,0.7836071184120466,0.5868372943327239,0.05001558117793705,0.1736745886654479,146100,0.22048596851471594,595,179,110,69,0.6145251396648045,0.561344537815126,110.0,0.609131611707781,1,lendingclub_imb77,gbdt
5,0.3,most_risky,0.7825386886125771,0.6098901098901099,0.04492108458114124,0.21978021978021978,167683,0.22004615852531265,528,159,101,58,0.6352201257861635,0.5700757575757576,101.0,0.6047298145968828,1,lendingclub_imb77,gbdt
6,0.3,most_risky,0.7808067200253586,0.5721561969439728,0.040200405582726945,0.14431239388794567,189283,0.21971333928561995,504,152,93,59,0.6118421052631579,0.5734126984126984,93.0,0.6055368977163599,1,lendingclub_imb77,gbdt
7,0.3,most_risky,0.7836158861885003,0.6057838660578386,0.04295736643281166,0.2115677321156773,210874,0.21967146257954986,517,156,101,55,0.6474358974358975,0.5880077369439072,101.0,0.6047144037488039,1,lendingclub_imb77,gbdt
8,0.3,most_risky,0.7813266227900374,0.5741758241758241,0.04068126520681265,0.14835164835164835,232469,0.2195647591721907,511,154,101,53,0.6558441558441559,0.6262230919765166,101.0,0.6022468296609738,1,lendingclub_imb77,gbdt
9,0.3,most_risky,0.7822501279376451,0.5714285714285714,0.037252619324796274,0.14285714285714285,254029,0.21951430742159359,560,168,100,68,0.5952380952380952,0.5714285714285714,100.0,0.6035069731200544,1,lendingclub_imb77,gbdt
10,0.3,most_risky,0.7828492643724035,0.586427656850192,0.037835605121850475,0.17285531370038412,275614,0.21952440732328546,525,158,99,59,0.6265822784810127,0.5942857142857143,99.0,0.6086907048700445,1,lendingclub_imb77,gbdt
0,0.3,most_risky,0.7783333333333333,0.5588235294117647,0.06342729970326409,0.11764705882352941,60000,0.2216,0,0,0,0,0.0,0.0,0.0,0.0,2,lendingclub_imb77,gbdt
1,0.3,most_risky,0.7807883283271011,0.5589123867069486,0.051175656984785614,0.11782477341389729,81565,0.22022926500337153,554,167,101,66,0.6047904191616766,0.5379061371841155,101.0,0.6108242668574148,2,lendingclub_imb77,gbdt
2,0.3,most_risky,0.7826677006591702,0.5820512820512821,0.04991204925241865,0.1641025641025641,103157,0.2200820109154008,515,155,91,64,0.5870967741935483,0.566990291262136,91.0,0.6004649207490564,2,lendingclub_imb77,gbdt
3,0.3,most_risky,0.7851902337329111,0.6120481927710844,0.04659695468721336,0.22409638554216868,124715,0.2194523513611033,564,170,111,59,0.6529411764705882,0.5975177304964538,111.0,0.6071418755036073,2,lendingclub_imb77,gbdt
4,0.3,most_risky,0.7829340805795715,0.5582329317269076,0.04336973478939157,0.11646586345381527,146313,0.21919446665709813,507,153,98,55,0.6405228758169934,0.5877712031558185,98.0,0.6024583296751809,2,lendingclub_imb77,gbdt
5,0.3,most_risky,0.7832147005390595,0.5992141453831041,0.041327913279132794,0.19842829076620824,167884,0.21884753758547568,545,164,109,55,0.6646341463414634,0.5798165137614679,109.0,0.6043221067438195,2,lendingclub_imb77,gbdt
6,0.3,most_risky,0.7816185977781882,0.6112054329371817,0.0428214583085524,0.22241086587436332,189483,0.21870035834349255,505,152,102,50,0.6710526315789473,0.5722772277227722,102.0,0.607142515309453,2,lendingclub_imb77,gbdt
7,0.3,most_risky,0.7780804396229096,0.6211656441717791,0.04251075889576992,0.24233128834355827,211090,0.21925245156094555,494,149,96,53,0.6442953020134228,0.5809716599190283,96.0,0.6043910857470479,2,lendingclub_imb77,gbdt
8,0.3,most_risky,0.7829927148475275,0.623229461756374,0.042834890965732085,0.24645892351274787,232665,0.21937549695914726,539,162,101,61,0.6234567901234568,0.588126159554731,101.0,0.6063276069144105,2,lendingclub_imb77,gbdt
9,0.3,most_risky,0.7803779670016322,0.6308724832214765,0.04136231628971222,0.26174496644295303,254254,0.2200044050437751,519,156,113,43,0.7243589743589743,0.6107899807321773,113.0,0.6087736281930624,2,lendingclub_imb77,gbdt
10,0.3,most_risky,0.7833904264767186,0.6312997347480106,0.03918017943863693,0.2625994694960212,275865,0.21978141482246752,488,147,85,62,0.5782312925170068,0.5655737704918032,85.0,0.6075667781043257,2,lendingclub_imb77,gbdt
0,0.3,most_risky,0.7776666666666666,0.526813880126183,0.062197392923649904,0.05362776025236593,60000,0.22273333333333334,0,0,0,0,0.0,0.0,0.0,0.0,3,lendingclub_imb77,gbdt
1,0.3,most_risky,0.7807270275240605,0.5952380952380952,0.06166072896684023,0.19047619047619047,81563,0.22115419982099727,557,168,103,65,0.6130952380952381,0.5709156193895871,103.0,0.6133269836896831,3,lendingclub_imb77,gbdt
2,0.3,most_risky,0.7810682435052346,0.587012987012987,0.04930191972076789,0.17402597402597403,103160,0.22025979061651804,508,153,100,53,0.6535947712418301,0.5275590551181102,100.0,0.6084615518749423,3,lendingclub_imb77,gbdt
3,0.3,most_risky,0.7838877755511022,0.5896860986547086,0.04806286549707602,0.17937219730941703,124750,0.21993587174348697,518,156,98,58,0.6282051282051282,0.584942084942085,98.0,0.6227361416060748,3,lendingclub_imb77,gbdt
4,0.3,most_risky,0.7823250093943224,0.5980392156862745,0.04712608158220025,0.19607843137254902,146364,0.21984231095078025,484,146,100,46,0.684931506849315,0.5929752066115702,100.0,0.6041213135469113,3,lendingclub_imb77,gbdt
5,0.3,most_risky,0.7837169828176648,0.5769911504424778,0.04435374149659864,0.15398230088495576,167903,0.21947195702280484,590,177,112,65,0.632768361581921,0.5661016949152542,112.0,0.6151490075361866,3,lendingclub_imb77,gbdt
6,0.3,most_risky,0.7809910813235527,0.6261859582542695,0.03913198150124511,0.2523719165085389,189490,0.21980051717768748,522,157,96,61,0.6114649681528662,0.553639846743295,96.0,0.6205395575487722,3,lendingclub_imb77,gbdt
7,0.3,most_risky,0.7846281383230697,0.6409807355516638,0.039550464663929114,0.2819614711033275,211098,0.21967995907114232,492,148,90,58,0.6081081081081081,0.5670731707317073,90.0,0.6061623345368583,3,lendingclub_imb77,gbdt
8,0.3,most_risky,0.7839080459770115,0.6406727828746177,0.040909978519820346,0.28134556574923547,232721,0.22004030577386657,471,142,92,50,0.647887323943662,0.6093418259023354,92.0,0.6049825267813594,3,lendingclub_imb77,gbdt
9,0.3,most_risky,0.7826334827396398,0.5904887714663144,0.0399321064856173,0.1809775429326288,254337,0.22026287956530116,480,144,96,48,0.6666666666666666,0.6,96.0,0.6019234943040279,3,lendingclub_imb77,gbdt
10,0.3,most_risky,0.7821611728249642,0.5992601726263872,0.039894926941388936,0.19852034525277434,275911,0.21990424448463453,541,163,104,59,0.6380368098159509,0.5804066543438078,104.0,0.6084471955131876,3,lendingclub_imb77,gbdt
0,0.3,most_risky,0.7716666666666666,0.5641025641025641,0.06330935251798561,0.1282051282051282,60000,0.22443333333333335,0,0,0,0,0.0,0.0,0.0,0.0,4,lendingclub_imb77,gbdt
1,0.3,most_risky,0.7822808093194359,0.5741626794258373,0.06642679213949626,0.14832535885167464,81550,0.22188841201716739,575,173,105,68,0.6069364161849711,0.5721739130434783,105.0,0.6311879317713606,4,lendingclub_imb77,gbdt
2,0.3,most_risky,0.776937251479003,0.5913461538461539,0.05260906757912746,0.18269230769230768,103109,0.22143556818512447,562,169,109,60,0.6449704142011834,0.5747330960854092,109.0,0.6277381532319374,4,lendingclub_imb77,gbdt
3,0.3,most_risky,0.7835171445758974,0.5566600397614314,0.051329055912007336,0.11332007952286283,124675,0.22115099258070983,552,166,100,66,0.6024096385542169,0.6105072463768116,100.0,0.6114072702919072,4,lendingclub_imb77,gbdt
4,0.3,most_risky,0.7858485728935225,0.5542635658914729,0.04524600537889575,0.10852713178294573,146275,0.22039309519740216,504,152,81,71,0.5328947368421053,0.5694444444444444,81.0,0.6145608572228991,4,lendingclub_imb77,gbdt
5,0.3,most_risky,0.7844252531268612,0.572972972972973,0.04344262295081967,0.14594594594594595,167898,0.21997284065325376,471,142,91,51,0.6408450704225352,0.5923566878980892,91.0,0.6058916957162219,4,lendingclub_imb77,gbdt
6,0.3,most_risky,0.7848191436034087,0.6140035906642729,0.04128938790293372,0.22800718132854578,189512,0.2196219764447634,484,146,94,52,0.6438356164383562,0.5991735537190083,94.0,0.6156430478835996,4,lendingclub_imb77,gbdt
7,0.3,most_risky,0.7844372350754221,0.5953177257525084,0.03862428121948573,0.19063545150501673,211142,0.21974784742021958,461,139,83,56,0.5971223021582733,0.596529284164859,83.0,0.6005574670928788,4,lendingclub_imb77,gbdt
8,0.3,most_risky,0.7843545892059127,0.5872781065088757,0.039094042343673065,0.17455621301775148,232716,0.220023548015607,540,162,99,63,0.6111111111111112,0.5574074074074075,99.0,0.6003717255067187,4,lendingclub_imb77,gbdt
9,0.3,most_risky,0.7839224629418472,0.5760709010339734,0.035154137371552194,0.15214180206794684,254330,0.21987182007627884,483,145,102,43,0.7034482758620689,0.6480331262939959,102.0,0.6072000084834703,4,lendingclub_imb77,gbdt
10,0.3,most_risky,0.7819973909262212,0.5738498789346247,0.038999506335362845,0.14769975786924938,275957,0.21960305409900818,465,140,92,48,0.6571428571428571,0.5827956989247312,92.0,0.6021454344973703,4,lendingclub_imb77,gbdt
0,0.5,most_risky,0.7825,0.5335051546391752,0.07852807283763277,0.06701030927835051,60000,0.22338333333333332,0,0,0,0,0.0,0.0,0.0,0.0,0,lendingclub_imb77,gbdt
1,0.5,most_risky,0.7814472152441639,0.5605263157894737,0.05895377802380294,0.12105263157894737,81601,0.2222276687785689,702,351,193,158,0.5498575498575499,0.5270655270655271,193.0,0.5999723868745338,0,lendingclub_imb77,gbdt
2,0.5,most_risky,0.7784877529286475,0.5278396436525612,0.051510541186698545,0.0556792873051225,103288,0.22173921462318952,531,266,153,113,0.575187969924812,0.551789077212806,153.0,0.5952319383066632,0,lendingclub_imb77,gbdt
3,0.5,most_risky,0.7805648903824612,0.6021505376344086,0.06001071619932131,0.20430107526881722,124979,0.2213091799422303,522,261,161,100,0.6168582375478927,0.5823754789272031,161.0,0.5823575885041311,0,lendingclub_imb77,gbdt
4,0.5,most_risky,0.7820928091649902,0.5807504078303426,0.054853620955315874,0.16150081566068517,146641,0.22102276989382233,581,291,187,104,0.6426116838487973,0.5972461273666093,187.0,0.5798805186127616,0,lendingclub_imb77,gbdt
5,0.5,most_risky,0.7829406696574468,0.5803030303030303,0.05167296276308689,0.1606060606060606,168293,0.22112030803420227,601,301,178,123,0.5913621262458472,0.562396006655574,178.0,0.5896926538582747,0,lendingclub_imb77,gbdt
6,0.5,most_risky,0.7861391871973047,0.57421875,0.05352591333899745,0.1484375,189957,0.22098159057049754,577,289,181,108,0.6262975778546713,0.5944540727902946,181.0,0.5877073992430478,0,lendingclub_imb77,gbdt
7,0.5,most_risky,0.7861699111699112,0.5665488810365136,0.05248799650807508,0.1330977620730271,211636,0.22113440057457143,546,273,164,109,0.6007326007326007,0.5531135531135531,164.0,0.5853467190971673,0,lendingclub_imb77,gbdt
8,0.5,most_risky,0.7848692670381483,0.6075514874141876,0.05192646195971054,0.2151029748283753,233296,0.2207496056511899,585,293,181,112,0.6177474402730375,0.5863247863247864,181.0,0.5894457527987984,0,lendingclub_imb77,gbdt
9,0.5,most_risky,0.7854173203639787,0.5859872611464968,0.04971181556195965,0.17197452229299362,254958,0.22067556224946855,580,290,180,110,0.6206896551724138,0.5982758620689655,180.0,0.5840614537057875,0,lendingclub_imb77,gbdt
10,0.5,most_risky,0.7822660810786387,0.5923379174852652,0.04928483857785043,0.18467583497053044,276643,0.22088756990055775,534,267,152,115,0.5692883895131086,0.5355805243445693,152.0,0.5855167215546349,0,lendingclub_imb77,gbdt
0,0.5,most_risky,0.7815,0.5657894736842105,0.08046407185628743,0.13157894736842105,60000,0.22658333333333333,0,0,0,0,0.0,0.0,0.0,0.0,1,lendingclub_imb77,gbdt
1,0.5,most_risky,0.782835089438863,0.5518867924528302,0.06519921983839509,0.10377358490566038,81619,0.22462906921182568,667,334,192,142,0.5748502994011976,0.5487256371814093,192.0,0.5996411724484552,1,lendingclub_imb77,gbdt
2,0.5,most_risky,0.7796987747590682,0.5351239669421488,0.05651320096006982,0.07024793388429752,103244,0.22218240285149743,654,327,184,143,0.5626911314984709,0.5107033639143731,184.0,0.5957410694180798,1,lendingclub_imb77,gbdt
3,0.5,most_risky,0.7786629303442755,0.583916083916084,0.05937777777777778,0.16783216783216784,124898,0.22238946980736282,596,298,189,109,0.6342281879194631,0.5570469798657718,189.0,0.599204682811169,1,lendingclub_imb77,gbdt
4,0.5,most_risky,0.7821488280050496,0.5838709677419355,0.05578671598089074,0.16774193548387098,146541,0.22171269474072103,619,310,186,124,0.6,0.5444264943457189,186.0,0.5897956459171098,1,lendingclub_imb77,gbdt
5,0.5,most_risky,0.7816122703763153,0.5969230769230769,0.05192024621972434,0.19384615384615383,168208,0.22131527632455056,570,285,182,103,0.6385964912280702,0.5789473684210527,182.0,0.5873179221421887,1,lendingclub_imb77,gbdt
6,0.5,most_risky,0.7823328067403896,0.5906040268456376,0.05236848369435849,0.18120805369127516,189897,0.2209724218918677,526,263,154,109,0.5855513307984791,0.5798479087452472,154.0,0.5833183362450315,1,lendingclub_imb77,gbdt
7,0.5,most_risky,0.7800883805562776,0.5867469879518072,0.05153439153439154,0.17349397590361446,211581,0.2209650204886072,537,269,172,97,0.6394052044609665,0.595903165735568,172.0,0.5888095498559125,1,lendingclub_imb77,gbdt
8,0.5,most_risky,0.7835033867787019,0.6019845644983461,0.05308701993193972,0.2039691289966924,233258,0.22092704215932574,551,276,179,97,0.6485507246376812,0.6098003629764065,179.0,0.5856126589616061,1,lendingclub_imb77,gbdt
9,0.5,most_risky,0.7827161462419583,0.6141479099678456,0.05074838366840847,0.2282958199356913,254919,0.22087015875631083,583,292,171,121,0.5856164383561644,0.5849056603773585,171.0,0.5852957544402904,1,lendingclub_imb77,gbdt
10,0.5,most_risky,0.7818448023426061,0.6206896551724138,0.05116127984407991,0.2413793103448276,276611,0.22095650570656988,521,261,159,102,0.6091954022988506,0.5719769673704415,159.0,0.5919143028728827,1,lendingclub_imb77,gbdt
0,0.5,most_risky,0.7783333333333333,0.5588235294117647,0.06342729970326409,0.11764705882352941,60000,0.2216,0,0,0,0,0.0,0.0,0.0,0.0,2,lendingclub_imb77,gbdt
1,0.5,most_risky,0.7805938169574533,0.5942492012779552,0.051056821301125446,0.18849840255591055,81675,0.2207040097949189,554,277,164,113,0.592057761732852,0.5379061371841155,164.0,0.5903207306817368,2,lendingclub_imb77,gbdt
2,0.5,most_risky,0.7778207670358369,0.581453634085213,0.0497960935823138,0.16290726817042606,103384,0.22088524336454385,487,244,147,97,0.6024590163934426,0.5708418891170431,147.0,0.578407497230803,2,lendingclub_imb77,gbdt
3,0.5,most_risky,0.7835925318834206,0.542,0.04967919340054995,0.084,125061,0.22032448165295335,550,275,165,110,0.6,0.6163636363636363,165.0,0.5823713253617062,2,lendingclub_imb77,gbdt
4,0.5,most_risky,0.7849524653286537,0.5610619469026549,0.04968652037617555,0.12212389380530973,146734,0.22010576962394537,559,280,175,105,0.625,0.5974955277280859,175.0,0.5859726957095812,2,lendingclub_imb77,gbdt
5,0.5,most_risky,0.7875890736342043,0.5825242718446602,0.04961411245865491,0.1650485436893204,168398,0.21975914203256572,577,289,179,110,0.6193771626297578,0.5996533795493935,179.0,0.5909560263062469,2,lendingclub_imb77,gbdt
6,0.5,most_risky,0.783061546554445,0.5771905424200278,0.04964708697212585,0.15438108484005564,190098,0.21972877147576514,505,253,165,88,0.6521739130434783,0.5702970297029702,165.0,0.5896422582342037,2,lendingclub_imb77,gbdt
7,0.5,most_risky,0.782350024789291,0.6005326231691078,0.04813233724653148,0.2010652463382157,211784,0.2203140936048049,532,266,161,105,0.6052631578947368,0.5733082706766918,161.0,0.5894374177057722,2,lendingclub_imb77,gbdt
8,0.5,most_risky,0.7830035123789942,0.6,0.0469250947245701,0.2,233460,0.2204660327250921,552,276,168,108,0.6086956521739131,0.6014492753623188,168.0,0.5853246810840878,2,lendingclub_imb77,gbdt
9,0.5,most_risky,0.7804122903276376,0.6038135593220338,0.04999122960884055,0.2076271186440678,255158,0.22110221901723637,508,254,162,92,0.6377952755905512,0.6220472440944882,162.0,0.5875820146132607,2,lendingclub_imb77,gbdt
10,0.5,most_risky,0.7806010040813378,0.5810955961331902,0.043983739837398374,0.16219119226638024,276867,0.22100141945410612,487,244,150,94,0.6147540983606558,0.5379876796714579,150.0,0.5825520146863107,2,lendingclub_imb77,gbdt
0,0.5,most_risky,0.7776666666666666,0.526813880126183,0.062197392923649904,0.05362776025236593,60000,0.22273333333333334,0,0,0,0,0.0,0.0,0.0,0.0,3,lendingclub_imb77,gbdt
1,0.5,most_risky,0.7807774716865626,0.562962962962963,0.06277533039647577,0.1259259259259259,81674,0.2216372407375664,557,279,167,112,0.5985663082437276,0.5709156193895871,167.0,0.5924637922371613,3,lendingclub_imb77,gbdt
2,0.5,most_risky,0.7804276315789473,0.5474613686534217,0.054124836316019206,0.09492273730684327,103356,0.22075157707341617,541,271,158,113,0.5830258302583026,0.5471349353049908,158.0,0.5906926557068148,3,lendingclub_imb77,gbdt
3,0.5,most_risky,0.7803502879078695,0.5711743772241993,0.05759913870446797,0.1423487544483986,125038,0.220620931236904,541,271,157,114,0.5793357933579336,0.5674676524953789,157.0,0.5961994247107898,3,lendingclub_imb77,gbdt
4,0.5,most_risky,0.7849110611326927,0.6186770428015564,0.049424930059061234,0.23735408560311283,146730,0.22062972807196893,520,260,162,98,0.6230769230769231,0.5807692307692308,162.0,0.5898321071654197,3,lendingclub_imb77,gbdt
5,0.5,most_risky,0.7807072236572549,0.6086956521739131,0.05025927403270842,0.21739130434782608,168404,0.22037481294981118,557,279,169,110,0.6057347670250897,0.5834829443447038,169.0,0.5918503615725366,3,lendingclub_imb77,gbdt
6,0.5,most_risky,0.7804724078068284,0.5960365853658537,0.04615203021718602,0.19207317073170732,190090,0.22074806670524488,533,267,153,114,0.5730337078651685,0.5553470919324578,153.0,0.5919379522487807,3,lendingclub_imb77,gbdt
7,0.5,most_risky,0.7809674449349607,0.6047819971870605,0.045613662883207805,0.20956399437412096,211794,0.2206861384175189,496,248,150,98,0.6048387096774194,0.5745967741935484,150.0,0.5876879607919399,3,lendingclub_imb77,gbdt
8,0.5,most_risky,0.7807875971648215,0.6173285198555957,0.049175613496932516,0.23465703971119134,233494,0.22109347563534823,504,252,155,97,0.6150793650793651,0.5952380952380952,155.0,0.5837397592712953,3,lendingclub_imb77,gbdt
9,0.5,most_risky,0.7827432848102506,0.6198347107438017,0.04649309245483528,0.2396694214876033,255202,0.22134622769414034,488,244,161,83,0.6598360655737705,0.6188524590163934,161.0,0.5807171677021731,3,lendingclub_imb77,gbdt
10,0.5,most_risky,0.7837281525350281,0.5966209081309398,0.04645999506619521,0.1932418162618796,276916,0.22107787199006196,476,238,150,88,0.6302521008403361,0.5903361344537815,150.0,0.5816929828378093,3,lendingclub_imb77,gbdt
0,0.5,most_risky,0.7716666666666666,0.5641025641025641,0.06330935251798561,0.1282051282051282,60000,0.22443333333333335,0,0,0,0,0.0,0.0,0.0,0.0,4,lendingclub_imb77,gbdt
1,0.5,most_risky,0.7781791465131942,0.56,0.06477953184540011,0.12,81665,0.2223596399926529,575,288,169,119,0.5868055555555556,0.5721739130434783,169.0,0.6041711309785156,4,lendingclub_imb77,gbdt
2,0.5,most_risky,0.7805302883684924,0.6169265033407573,0.0596854126265891,0.23385300668151449,103336,0.222149105829527,563,282,175,107,0.6205673758865248,0.5843694493783304,175.0,0.6024106868345953,4,lendingclub_imb77,gbdt
3,0.5,most_risky,0.7819774418046557,0.560530679933665,0.0611875452570601,0.12106135986733002,125006,0.22217333567988737,564,282,171,111,0.6063829787234043,0.5868794326241135,171.0,0.5934181389316067,4,lendingclub_imb77,gbdt
4,0.5,most_risky,0.7856412354264676,0.6192109777015438,0.05616928582542399,0.23842195540308747,146670,0.22149723869912047,577,289,164,125,0.5674740484429066,0.5580589254766031,164.0,0.5897769157128094,4,lendingclub_imb77,gbdt
5,0.5,most_risky,0.7809150559662718,0.5652818991097923,0.051024507834471676,0.13056379821958458,168404,0.22119427091993063,437,219,135,84,0.6164383561643836,0.5835240274599542,135.0,0.5812607348001371,4,lendingclub_imb77,gbdt
6,0.5,most_risky,0.7819190909569151,0.5710227272727273,0.047908473364318915,0.14204545454545456,190088,0.22091347165523337,537,269,170,99,0.6319702602230484,0.5791433891992551,170.0,0.5924207673678317,4,lendingclub_imb77,gbdt
7,0.5,most_risky,0.7829823401643214,0.589711417816813,0.05034815211569363,0.1794228356336261,211780,0.22105014637831713,520,260,160,100,0.6153846153846154,0.5923076923076923,160.0,0.5867398260898496,4,lendingclub_imb77,gbdt
8,0.5,most_risky,0.7845531067274947,0.6064659977703456,0.053073170731707316,0.2129319955406912,233441,0.22131073804515916,583,292,173,119,0.5924657534246576,0.5677530017152659,173.0,0.5865662472092914,4,lendingclub_imb77,gbdt
9,0.5,most_risky,0.7830756266290395,0.5903083700440529,0.04771654945250601,0.18061674008810572,255135,0.221173104434907,516,258,166,92,0.6434108527131783,0.6356589147286822,166.0,0.5878143636289526,4,lendingclub_imb77,gbdt
10,0.5,most_risky,0.7823511351117051,0.6036400404448938,0.04871083550913838,0.20728008088978767,276842,0.22091301175399686,491,246,151,95,0.6138211382113821,0.5743380855397149,151.0,0.5818952712211406,4,lendingclub_imb77,gbdt
0,0.75,most_risky,0.7825,0.5335051546391752,0.07852807283763277,0.06701030927835051,60000,0.22338333333333332,0,0,0,0,0.0,0.0,0.0,0.0,0,lendingclub_imb77,gbdt
1,0.75,most_risky,0.7798361457569087,0.5344827586206896,0.059796087076329565,0.06896551724137931,81777,0.22293554422392603,702,527,290,237,0.5502846299810247,0.5270655270655271,290.0,0.5778170696217583,0,lendingclub_imb77,gbdt
2,0.75,most_risky,0.7811836261826608,0.5742574257425742,0.06293402777777778,0.1485148514851485,103578,0.22276931394697716,606,455,256,199,0.5626373626373626,0.5313531353135313,256.0,0.5700038084690462,0,lendingclub_imb77,gbdt
3,0.75,most_risky,0.7790581761633238,0.5847589424572317,0.06654867256637167,0.16951788491446346,125392,0.22255008293990047,552,414,246,168,0.5942028985507246,0.5670289855072463,246.0,0.5647320755531934,0,lendingclub_imb77,gbdt
4,0.75,most_risky,0.7846394238934746,0.5845539280958721,0.06788309880933972,0.16910785619174434,147195,0.2224396209110364,599,450,279,171,0.62,0.5926544240400667,279.0,0.570713651255726,0,lendingclub_imb77,gbdt
5,0.75,most_risky,0.7805722401396573,0.5900846432889963,0.06450760079312624,0.18016928657799275,168984,0.22264829806372202,655,492,277,215,0.5630081300813008,0.5450381679389313,277.0,0.5684910504675331,0,lendingclub_imb77,gbdt
6,0.75,most_risky,0.7829699129887829,0.5946808510638298,0.06608346140205698,0.18936170212765957,190778,0.222599041818239,632,474,287,187,0.6054852320675106,0.5854430379746836,287.0,0.5699830552185757,0,lendingclub_imb77,gbdt
7,0.75,most_risky,0.7821444530680401,0.6,0.06402535657686212,0.2,212595,0.22274277381876337,542,407,236,171,0.5798525798525799,0.5719557195571956,236.0,0.5699599264567996,0,lendingclub_imb77,gbdt
8,0.75,most_risky,0.7817499253444818,0.5709156193895871,0.061212704523580366,0.14183123877917414,234406,0.22240898270522086,564,423,246,177,0.5815602836879432,0.5815602836879432,246.0,0.5718186052905893,0,lendingclub_imb77,gbdt
9,0.75,most_risky,0.7827563326958354,0.5803722504230119,0.060590001766472355,0.16074450084602368,256209,0.22238484986866192,598,449,272,177,0.6057906458797327,0.6003344481605352,272.0,0.5685409176647929,0,lendingclub_imb77,gbdt
10,0.75,most_risky,0.779979857564204,0.5739385065885798,0.06304277902862657,0.1478770131771596,278019,0.2226358630165564,568,426,237,189,0.5563380281690141,0.5193661971830986,237.0,0.5708253793791699,0,lendingclub_imb77,gbdt
0,0.75,most_risky,0.7815,0.5657894736842105,0.08046407185628743,0.13157894736842105,60000,0.22658333333333333,0,0,0,0,0.0,0.0,0.0,0.0,1,lendingclub_imb77,gbdt
1,0.75,most_risky,0.7781513632473408,0.5382978723404256,0.06903137789904502,0.07659574468085106,81786,0.2252952828112391,667,501,284,217,0.5668662674650699,0.5487256371814093,284.0,0.5776651583754278,1,lendingclub_imb77,gbdt
2,0.75,most_risky,0.7789041757180787,0.5894308943089431,0.06212510711225364,0.17886178861788618,103573,0.22298282370888164,663,498,270,228,0.5421686746987951,0.5369532428355958,270.0,0.577709623725564,1,lendingclub_imb77,gbdt
3,0.75,most_risky,0.7804051359757557,0.584192439862543,0.060660124888492414,0.16838487972508592,125390,0.22335114442938034,540,405,236,169,0.582716049382716,0.5648148148148148,236.0,0.5689907570346202,1,lendingclub_imb77,gbdt
4,0.75,most_risky,0.7807404891304348,0.5784883720930233,0.06064299862867591,0.1569767441860465,147197,0.22285780280848116,583,438,257,181,0.58675799086758,0.5557461406518011,257.0,0.5660592550435233,1,lendingclub_imb77,gbdt
5,0.75,most_risky,0.779575777297873,0.5504151838671412,0.06157112526539278,0.10083036773428232,169011,0.22255356160249926,555,417,256,161,0.6139088729016786,0.5963963963963964,256.0,0.5672970499927013,1,lendingclub_imb77,gbdt
6,0.75,most_risky,0.7797778127128858,0.5853379152348225,0.05973813420621931,0.1706758304696449,190829,0.22239282289379497,536,402,238,164,0.5920398009950248,0.5578358208955224,238.0,0.5691232903760286,1,lendingclub_imb77,gbdt
7,0.75,most_risky,0.7796327212020033,0.601890756302521,0.05989964457453481,0.20378151260504201,212642,0.22250543166448772,559,420,265,155,0.6309523809523809,0.5867620751341681,265.0,0.5674965007952604,1,lendingclub_imb77,gbdt
8,0.75,most_risky,0.7803676533310586,0.5861456483126111,0.06289907557419232,0.17229129662522202,234459,0.22254210757531168,542,407,256,151,0.628992628992629,0.6107011070110702,256.0,0.5669311522065851,1,lendingclub_imb77,gbdt
9,0.75,most_risky,0.7819011940997425,0.5778894472361809,0.06071805702217529,0.15577889447236182,256257,0.22260074846735894,619,465,267,198,0.5741935483870968,0.5525040387722132,267.0,0.5663740663380199,1,lendingclub_imb77,gbdt
10,0.75,most_risky,0.7799255569740888,0.6043872919818457,0.06384338793447862,0.2087745839636914,278064,0.22268974049139767,580,435,259,176,0.5954022988505747,0.5758620689655173,259.0,0.5702059446744628,1,lendingclub_imb77,gbdt
0,0.75,most_risky,0.7783333333333333,0.5588235294117647,0.06342729970326409,0.11764705882352941,60000,0.2216,0,0,0,0,0.0,0.0,0.0,0.0,2,lendingclub_imb77,gbdt
1,0.75,most_risky,0.7827415510603191,0.581151832460733,0.06137683162842134,0.16230366492146597,81814,0.22117241547901337,554,416,233,183,0.5600961538461539,0.5379061371841155,233.0,0.5707406914381755,2,lendingclub_imb77,gbdt
2,0.75,most_risky,0.7813103049015824,0.5914634146341463,0.06294613887086307,0.18292682926829268,103638,0.2216947451706903,513,385,221,164,0.574025974025974,0.5477582846003899,221.0,0.5625374807694296,2,lendingclub_imb77,gbdt
3,0.75,most_risky,0.7845669416875922,0.5753424657534246,0.06116876024030585,0.1506849315068493,125445,0.22157120650484277,583,438,266,172,0.6073059360730594,0.58147512864494,266.0,0.5699917760484634,2,lendingclub_imb77,gbdt
4,0.75,most_risky,0.7840554121961157,0.5692729766803841,0.06423154310478255,0.13854595336076816,147257,0.22147673794794134,562,422,252,170,0.5971563981042654,0.5960854092526691,252.0,0.5677588669858199,2,lendingclub_imb77,gbdt
5,0.75,most_risky,0.7833609369454632,0.5855263157894737,0.059691482226693494,0.17105263157894737,169058,0.22130274816926734,607,456,270,186,0.5921052631578947,0.5733113673805601,270.0,0.5700876921828756,2,lendingclub_imb77,gbdt
6,0.75,most_risky,0.7794834180332163,0.5448113207547169,0.05439133506004238,0.08962264150943396,190867,0.22124306454232529,573,430,262,168,0.6093023255813953,0.581151832460733,262.0,0.567731967191575,2,lendingclub_imb77,gbdt
7,0.75,most_risky,0.7817194442485366,0.6026831785345718,0.061577393504850274,0.20536635706914344,212683,0.22189361632100357,546,410,237,173,0.5780487804878048,0.5586080586080586,237.0,0.5731686582993156,2,lendingclub_imb77,gbdt
8,0.75,most_risky,0.7843618064736236,0.5926916221033868,0.06443174111035753,0.18538324420677363,234489,0.22215541027510885,586,440,263,177,0.5977272727272728,0.5767918088737202,263.0,0.5671452042089711,2,lendingclub_imb77,gbdt
9,0.75,most_risky,0.7804525946156847,0.5783132530120482,0.06288758843567124,0.1566265060240964,256300,0.22282871634802964,564,423,269,154,0.6359338061465721,0.6223404255319149,269.0,0.5687996703064186,2,lendingclub_imb77,gbdt
10,0.75,most_risky,0.7801988386099276,0.5952380952380952,0.06016364511471202,0.19047619047619047,278114,0.22266768303645268,554,416,233,183,0.5600961538461539,0.5433212996389891,233.0,0.5680101469243461,2,lendingclub_imb77,gbdt
0,0.75,most_risky,0.7776666666666666,0.526813880126183,0.062197392923649904,0.05362776025236593,60000,0.22273333333333334,0,0,0,0,0.0,0.0,0.0,0.0,3,lendingclub_imb77,gbdt
1,0.75,most_risky,0.7823137566460918,0.5862068965517241,0.06093189964157706,0.1724137931034483,81813,0.22225074254702798,557,418,248,170,0.5933014354066986,0.5709156193895871,248.0,0.5720369306270191,3,lendingclub_imb77,gbdt
2,0.75,most_risky,0.7799006127273604,0.5537525354969574,0.059154929577464786,0.1075050709939148,103633,0.22164754470101222,528,396,230,166,0.5808080808080808,0.5587121212121212,230.0,0.5676828522482241,3,lendingclub_imb77,gbdt
3,0.75,most_risky,0.7805500199282582,0.5734265734265734,0.05867620751341682,0.14685314685314685,125448,0.2217333078247561,550,413,242,171,0.585956416464891,0.5745454545454546,242.0,0.5716627143435435,3,lendingclub_imb77,gbdt
4,0.75,most_risky,0.7830515379914443,0.5911251980982567,0.05734050730207533,0.18225039619651348,147270,0.22179669993888776,523,393,237,156,0.6030534351145038,0.6042065009560229,237.0,0.5689521687173493,3,lendingclub_imb77,gbdt
5,0.75,most_risky,0.7803933165754843,0.6141078838174274,0.05849031748122777,0.22821576763485477,169073,0.22169713673975147,598,449,263,186,0.5857461024498887,0.5668896321070234,263.0,0.574766082868363,3,lendingclub_imb77,gbdt
6,0.75,most_risky,0.7802776322682032,0.6123662306777645,0.060037304733038005,0.22473246135552913,190896,0.2221995222529545,517,388,233,155,0.6005154639175257,0.5647969052224371,233.0,0.5708613865887068,3,lendingclub_imb77,gbdt
7,0.75,most_risky,0.7808151560737119,0.5976138828633406,0.05796948974224093,0.19522776572668113,212719,0.22217573418453454,519,390,229,161,0.5871794871794872,0.5741811175337187,229.0,0.570669783827446,3,lendingclub_imb77,gbdt
8,0.75,most_risky,0.7819821356242939,0.6178608515057114,0.056916013009374405,0.23572170301142265,234541,0.22260926661010227,523,393,237,156,0.6030534351145038,0.6042065009560229,237.0,0.5666304628476513,3,lendingclub_imb77,gbdt
9,0.75,most_risky,0.7817802394976011,0.6086572438162544,0.060253607345867946,0.21731448763250882,256367,0.22290700441164424,507,381,246,135,0.6456692913385826,0.6232741617357002,246.0,0.5599235000589842,3,lendingclub_imb77,gbdt
10,0.75,most_risky,0.781314592806945,0.6011014948859166,0.06149388280746942,0.2022029897718332,278181,0.22267875951269137,553,415,247,168,0.5951807228915663,0.5623869801084991,247.0,0.565559881929323,3,lendingclub_imb77,gbdt
0,0.75,most_risky,0.7716666666666666,0.5641025641025641,0.06330935251798561,0.1282051282051282,60000,0.22443333333333335,0,0,0,0,0.0,0.0,0.0,0.0,4,lendingclub_imb77,gbdt
1,0.75,most_risky,0.7793057083486127,0.5721153846153846,0.06483247071642605,0.14423076923076922,81809,0.2230194721852119,575,432,255,177,0.5902777777777778,0.5721739130434783,255.0,0.5804497698705908,4,lendingclub_imb77,gbdt
2,0.75,most_risky,0.7813646014282957,0.5977443609022557,0.0686084142394822,0.19548872180451127,103617,0.22310045648880011,576,432,259,173,0.5995370370370371,0.5868055555555556,259.0,0.5737819283890787,4,lendingclub_imb77,gbdt
3,0.75,most_risky,0.7817022124775762,0.5673352435530086,0.0710951526032316,0.1346704871060172,125421,0.2234633753518151,594,446,275,171,0.6165919282511211,0.5757575757575758,275.0,0.5713062580558675,4,lendingclub_imb77,gbdt
4,0.75,most_risky,0.7808870474767371,0.5914285714285714,0.06291793313069909,0.18285714285714286,147226,0.22296333528045317,590,443,252,191,0.5688487584650113,0.5508474576271186,252.0,0.5698024629053725,4,lendingclub_imb77,gbdt
5,0.75,most_risky,0.7791777580597457,0.5774473358116481,0.06138848636543275,0.15489467162329615,169050,0.2227033422064478,514,386,228,158,0.5906735751295337,0.5622568093385214,228.0,0.5682767545777235,4,lendingclub_imb77,gbdt
6,0.75,most_risky,0.7807670141981453,0.5770567786790266,0.05857445306986592,0.1541135573580533,190868,0.22245740511767295,537,403,236,167,0.5856079404466501,0.5735567970204841,236.0,0.576602340552089,4,lendingclub_imb77,gbdt
7,0.75,most_risky,0.7834355972447516,0.5934489402697495,0.06549011269402509,0.18689788053949905,212683,0.22266471697314782,551,414,249,165,0.6014492753623188,0.5825771324863884,249.0,0.5677386204404118,4,lendingclub_imb77,gbdt
8,0.75,most_risky,0.7816871374957353,0.5815268614514609,0.05926423974642205,0.16305372290292178,234477,0.22292591597470116,632,474,262,212,0.5527426160337553,0.5617088607594937,262.0,0.5689367363826872,4,lendingclub_imb77,gbdt
9,0.75,most_risky,0.7815212938215728,0.5899581589958159,0.06176625197126336,0.1799163179916318,256294,0.22287685236486224,541,406,264,142,0.6502463054187192,0.6303142329020333,264.0,0.5681154147967719,4,lendingclub_imb77,gbdt
10,0.75,most_risky,0.7833270409722597,0.5963229416466826,0.06068494265028878,0.1926458832933653,278115,0.22259496970677597,524,393,228,165,0.5801526717557252,0.5782442748091603,228.0,0.5652786377507203,4,lendingclub_imb77,gbdt
0,1.0,most_risky,0.7825,0.5335051546391752,0.07852807283763277,0.06701030927835051,60000,0.22338333333333332,0,0,0,0,0.0,0.0,0.0,0.0,0,lendingclub_imb77,gbdt
1,1.0,most_risky,0.7811603928985419,0.5489749430523918,0.06639118457300275,0.0979498861047836,81952,0.22343566966028894,702,702,370,332,0.5270655270655271,0.5270655270655271,370.0,0.5610834060649299,0,lendingclub_imb77,gbdt
2,1.0,most_risky,0.7815312063904528,0.6,0.06718346253229975,0.2,103904,0.2234755158607946,602,602,321,281,0.5332225913621262,0.5332225913621262,321.0,0.556229043614427,0,lendingclub_imb77,gbdt
3,1.0,most_risky,0.7801128237724456,0.590032154340836,0.06499026031521161,0.18006430868167203,125856,0.22342200610221205,514,514,296,218,0.5758754863813229,0.5758754863813229,296.0,0.5488240895295756,0,lendingclub_imb77,gbdt
4,1.0,most_risky,0.7850280765848048,0.5745992601726264,0.07195799876466955,0.14919852034525277,147808,0.22347234249837628,552,552,330,222,0.5978260869565217,0.5978260869565217,330.0,0.5514968573798629,0,lendingclub_imb77,gbdt
5,1.0,most_risky,0.783135014137606,0.5704697986577181,0.0680998798237415,0.14093959731543623,169760,0.22380419415645617,701,701,383,318,0.5463623395149786,0.5463623395149786,383.0,0.5538320660193631,0,lendingclub_imb77,gbdt
6,1.0,most_risky,0.7824374722895966,0.6,0.06783831282952549,0.2,191712,0.2238722667334335,606,606,357,249,0.5891089108910891,0.5891089108910891,357.0,0.5549553204026633,0,lendingclub_imb77,gbdt
7,1.0,most_risky,0.7803571010694311,0.5642661804922516,0.06497323396662118,0.12853236098450319,213664,0.22409016025161,531,531,315,216,0.5932203389830508,0.5932203389830508,315.0,0.5522254815966492,0,lendingclub_imb77,gbdt
8,1.0,most_risky,0.7834012392835922,0.5873666940114848,0.06871401151631477,0.17473338802296964,235616,0.22384727692516637,572,572,330,242,0.5769230769230769,0.5769230769230769,330.0,0.5550269163522451,0,lendingclub_imb77,gbdt
9,1.0,most_risky,0.782233955817836,0.5799418604651163,0.06976744186046512,0.15988372093023256,257568,0.22390980245993292,603,603,360,243,0.5970149253731343,0.5970149253731343,360.0,0.5503652512916067,0,lendingclub_imb77,gbdt
10,1.0,most_risky,0.7820728391528334,0.5907310704960835,0.07262659497632613,0.1814621409921671,279520,0.22413423010875788,572,572,307,265,0.5367132867132867,0.5367132867132867,307.0,0.5543299781071269,0,lendingclub_imb77,gbdt
0,1.0,most_risky,0.7815,0.5657894736842105,0.08046407185628743,0.13157894736842105,60000,0.22658333333333333,0,0,0,0,0.0,0.0,0.0,0.0,1,lendingclub_imb77,gbdt
1,1.0,most_risky,0.7781709474711732,0.5154867256637168,0.06383561643835617,0.030973451327433628,81952,0.2258395158141351,667,667,366,301,0.5487256371814093,0.5487256371814093,366.0,0.5608315451231856,1,lendingclub_imb77,gbdt
2,1.0,most_risky,0.7804244261585102,0.5783365570599613,0.06438415159345393,0.15667311411992263,103904,0.22388935940868493,658,658,341,317,0.5182370820668692,0.5182370820668692,341.0,0.5624111617344018,1,lendingclub_imb77,gbdt
3,1.0,most_risky,0.7791593834419196,0.5685425685425686,0.06968517863459497,0.1370851370851371,125856,0.22440725908975337,547,547,318,229,0.5813528336380256,0.5813528336380256,318.0,0.555191518011993,1,lendingclub_imb77,gbdt
4,1.0,most_risky,0.7755226304038969,0.553939393939394,0.06795539033457249,0.10787878787878788,147808,0.22399328859060402,614,614,349,265,0.5684039087947883,0.5684039087947883,349.0,0.5540316684830943,1,lendingclub_imb77,gbdt
5,1.0,most_risky,0.7754182375117813,0.5738295318127251,0.06169334021683015,0.14765906362545017,169760,0.22380419415645617,579,579,339,240,0.5854922279792746,0.5854922279792746,339.0,0.5509473778334286,1,lendingclub_imb77,gbdt
6,1.0,most_risky,0.7824896330490572,0.6067415730337079,0.06948181073809802,0.21348314606741572,191712,0.22366362043064597,539,539,296,243,0.549165120593692,0.549165120593692,296.0,0.5504616013714495,1,lendingclub_imb77,gbdt
7,1.0,most_risky,0.7808251234409005,0.5898148148148148,0.06663179916317992,0.17962962962962964,213664,0.22379530477759474,581,581,341,240,0.5869191049913941,0.5869191049913941,341.0,0.5525771551984547,1,lendingclub_imb77,gbdt
8,1.0,most_risky,0.7787751464222052,0.5714285714285714,0.06863392099556896,0.14285714285714285,235616,0.2239024514464213,555,555,337,218,0.6072072072072072,0.6072072072072072,337.0,0.5529501513197818,1,lendingclub_imb77,gbdt
9,1.0,most_risky,0.7814768800714369,0.5794460641399417,0.06928104575163399,0.1588921282798834,257568,0.22400298173686173,627,627,360,267,0.5741626794258373,0.5741626794258373,360.0,0.5526541505496848,1,lendingclub_imb77,gbdt
10,1.0,most_risky,0.7774220091585575,0.5685210312075983,0.06627125345986556,0.13704206241519673,279520,0.22413423010875788,568,568,337,231,0.5933098591549296,0.5933098591549296,337.0,0.5531347162243235,1,lendingclub_imb77,gbdt
0,1.0,most_risky,0.7783333333333333,0.5588235294117647,0.06342729970326409,0.11764705882352941,60000,0.2216,0,0,0,0,0.0,0.0,0.0,0.0,2,lendingclub_imb77,gbdt
1,1.0,most_risky,0.7761576474894759,0.6050420168067226,0.057692307692307696,0.21008403361344538,81952,0.22159312768449824,554,554,298,256,0.5379061371841155,0.5379061371841155,298.0,0.5555933376144703,2,lendingclub_imb77,gbdt
2,1.0,most_risky,0.7780665030556758,0.5773809523809523,0.06204690831556503,0.15476190476190477,103904,0.2223302279026794,481,481,264,217,0.5488565488565489,0.5488565488565489,264.0,0.548504960396442,2,lendingclub_imb77,gbdt
3,1.0,most_risky,0.7818210710313046,0.6009933774834437,0.06465977912361952,0.20198675496688742,125856,0.22242086193745234,571,571,338,233,0.5919439579684763,0.5919439579684763,338.0,0.5511031840840802,2,lendingclub_imb77,gbdt
4,1.0,most_risky,0.7803599215208714,0.542713567839196,0.06584362139917696,0.08542713567839195,147808,0.2225522299198961,572,572,341,231,0.5961538461538461,0.5961538461538461,341.0,0.5502649618276289,2,lendingclub_imb77,gbdt
5,1.0,most_risky,0.7823103204524033,0.5729537366548043,0.06428001064679266,0.14590747330960854,169760,0.222502356267672,632,632,373,259,0.5901898734177216,0.5901898734177216,373.0,0.5555007547609685,2,lendingclub_imb77,gbdt
6,1.0,most_risky,0.7818897843152597,0.6023329798515377,0.06638616175783076,0.2046659597030753,191712,0.22251084960774495,625,625,355,270,0.568,0.568,355.0,0.5536090128185371,2,lendingclub_imb77,gbdt
7,1.0,most_risky,0.7800060842908291,0.5877192982456141,0.06978439745859806,0.17543859649122806,213664,0.22320559382956418,532,532,305,227,0.5733082706766918,0.5733082706766918,305.0,0.5555964690831215,2,lendingclub_imb77,gbdt
8,1.0,most_risky,0.781682369917664,0.5783738474434199,0.06587112171837708,0.1567476948868399,235616,0.2235247181855222,605,605,365,240,0.6033057851239669,0.6033057851239669,365.0,0.5515854600261432,2,lendingclub_imb77,gbdt
9,1.0,most_risky,0.7750126179291067,0.5772298767222626,0.06744048123358468,0.154459753444525,257568,0.22427475462790408,563,563,345,218,0.6127886323268206,0.6127886323268206,345.0,0.5542219622389527,2,lendingclub_imb77,gbdt
10,1.0,most_risky,0.7774220091585575,0.5808873720136519,0.06711356466876972,0.16177474402730374,279520,0.22413423010875788,535,535,302,233,0.5644859813084112,0.5644859813084112,302.0,0.5537494106591544,2,lendingclub_imb77,gbdt
0,1.0,most_risky,0.7776666666666666,0.526813880126183,0.062197392923649904,0.05362776025236593,60000,0.22273333333333334,0,0,0,0,0.0,0.0,0.0,0.0,3,lendingclub_imb77,gbdt
1,1.0,most_risky,0.7790250747361357,0.594847775175644,0.06859303267620848,0.18969555035128804,81952,0.22272793830534948,557,557,318,239,0.5709156193895871,0.5709156193895871,318.0,0.5565222736795895,3,lendingclub_imb77,gbdt
2,1.0,most_risky,0.7752754920359944,0.5528455284552846,0.05760271071579839,0.10569105691056911,103904,0.22236872497690174,524,524,292,232,0.5572519083969466,0.5572519083969466,292.0,0.5541325156031239,3,lendingclub_imb77,gbdt
3,1.0,most_risky,0.7788812966788495,0.5878594249201278,0.06483439041578576,0.1757188498402556,125856,0.22267512077294685,546,546,307,239,0.5622710622710623,0.5622710622710623,307.0,0.557812052133537,3,lendingclub_imb77,gbdt
4,1.0,most_risky,0.7805628847845206,0.5962099125364432,0.06179181145188095,0.1924198250728863,147808,0.22293786533881793,505,505,299,206,0.592079207920792,0.592079207920792,299.0,0.5537351763105256,3,lendingclub_imb77,gbdt
5,1.0,most_risky,0.7824575871819038,0.6117936117936118,0.06580338266384778,0.22358722358722358,169760,0.2229441564561734,564,564,334,230,0.5921985815602837,0.5921985815602837,334.0,0.5550973368148153,3,lendingclub_imb77,gbdt
6,1.0,most_risky,0.7779255665962497,0.6,0.061090658076392086,0.2,191712,0.22346019028542813,564,564,310,254,0.549645390070922,0.549645390070922,310.0,0.5545651497885578,3,lendingclub_imb77,gbdt
7,1.0,most_risky,0.7809187279151943,0.6138415245737212,0.06382313067056002,0.22768304914744233,213664,0.22349576905796018,537,537,307,230,0.5716945996275605,0.5716945996275605,307.0,0.5580152570361172,3,lendingclub_imb77,gbdt
8,1.0,most_risky,0.7786690433749257,0.6479438314944834,0.06023310023310023,0.2958876629889669,235616,0.22401704468287384,514,514,313,201,0.6089494163424124,0.6089494163424124,313.0,0.5520089516274872,3,lendingclub_imb77,gbdt
9,1.0,most_risky,0.779147416236363,0.5995316159250585,0.06602475928473177,0.1990632318501171,257568,0.2243562864952168,477,477,291,186,0.610062893081761,0.610062893081761,291.0,0.5471753576589994,3,lendingclub_imb77,gbdt
10,1.0,most_risky,0.7764918431597023,0.5859826589595376,0.06369276682635672,0.17196531791907516,279520,0.22413423010875788,558,558,317,241,0.568100358422939,0.568100358422939,317.0,0.5527517817554161,3,lendingclub_imb77,gbdt
0,1.0,most_risky,0.7716666666666666,0.5641025641025641,0.06330935251798561,0.1282051282051282,60000,0.22443333333333335,0,0,0,0,0.0,0.0,0.0,0.0,4,lendingclub_imb77,gbdt
1,1.0,most_risky,0.7774998474772741,0.5572687224669604,0.06839686401730197,0.1145374449339207,81952,0.22353328777821163,575,575,329,246,0.5721739130434783,0.5721739130434783,329.0,0.5629533960311606,4,lendingclub_imb77,gbdt
2,1.0,most_risky,0.780761272316058,0.5699658703071673,0.07201379905131522,0.13993174061433447,103904,0.22395672928857407,616,616,342,274,0.5551948051948052,0.5551948051948052,342.0,0.5601975419566774,4,lendingclub_imb77,gbdt
3,1.0,most_risky,0.7803114571746385,0.5737704918032787,0.07449450159631076,0.14754098360655737,125856,0.2244390414441902,624,624,361,263,0.5785256410256411,0.5785256410256411,361.0,0.5573525207481053,4,lendingclub_imb77,gbdt
4,1.0,most_risky,0.7842162235302077,0.5422943221320974,0.07253564786112833,0.08458864426419467,147808,0.22406770946092228,560,560,307,253,0.5482142857142858,0.5482142857142858,307.0,0.5569136755587897,4,lendingclub_imb77,gbdt
5,1.0,most_risky,0.7790999057492931,0.5575620767494357,0.06498289923704288,0.11512415349887133,169760,0.22385721017907634,612,612,341,271,0.5571895424836601,0.5571895424836601,341.0,0.5507408877124961,4,lendingclub_imb77,gbdt
6,1.0,most_risky,0.7781602900138226,0.5889328063241107,0.06861616394197559,0.17786561264822134,191712,0.22370013353363377,548,548,321,227,0.5857664233576643,0.5857664233576643,321.0,0.5571324832111245,4,lendingclub_imb77,gbdt
7,1.0,most_risky,0.7790466384293169,0.5713094245204337,0.07125767190263185,0.14261884904086738,213664,0.22397315411112775,540,540,316,224,0.5851851851851851,0.5851851851851851,316.0,0.5529671065082564,4,lendingclub_imb77,gbdt
8,1.0,most_risky,0.7810669722434428,0.5885810243492863,0.06658434650455927,0.17716204869857263,235616,0.22435658019828875,658,658,359,299,0.5455927051671733,0.5455927051671733,359.0,0.5538363030537655,4,lendingclub_imb77,gbdt
9,1.0,most_risky,0.7788562332569787,0.5702662721893491,0.0665688136763944,0.14053254437869822,257568,0.2243679339048329,518,518,318,200,0.6138996138996139,0.6138996138996139,318.0,0.5503130524304902,4,lendingclub_imb77,gbdt
10,1.0,most_risky,0.7793896680022896,0.5670498084291188,0.07079646017699115,0.13409961685823754,279520,0.22413423010875788,560,560,323,237,0.5767857142857142,0.5767857142857142,323.0,0.5498484619319606,4,lendingclub_imb77,gbdt
0,0.0,random,0.7825,0.5335051546391752,0.07852807283763277,0.06701030927835051,60000,0.22338333333333332,0,0,0,0,0.0,0.0,0.0,0.0,0,lendingclub_imb77,gbdt
1,0.0,random,0.7811076923076923,0.5084745762711864,0.050519225371877634,0.01694915254237288,81250,0.2208123076923077,702,0,0,0,0.0,0.0,0.0,0.0,0,lendingclub_imb77,gbdt
2,0.0,random,0.7812652305292913,0.5661538461538461,0.04060913705583756,0.13230769230769232,102590,0.21955356272541182,612,0,0,0,0.0,0.0,0.0,0.0,0,lendingclub_imb77,gbdt
3,0.0,random,0.7844820636839984,0.592814371257485,0.036605657237936774,0.18562874251497005,124049,0.21880063523285154,493,0,0,0,0.0,0.0,0.0,0.0,0,lendingclub_imb77,gbdt
4,0.0,random,0.7876069697907001,0.5837696335078534,0.03571428571428571,0.16753926701570682,145485,0.21822180980857134,516,0,0,0,0.0,0.0,0.0,0.0,0,lendingclub_imb77,gbdt
5,0.0,random,0.7848260569921793,0.6016713091922006,0.02977667493796526,0.20334261838440112,166865,0.2180864770922602,572,0,0,0,0.0,0.0,0.0,0.0,0,lendingclub_imb77,gbdt
6,0.0,random,0.7843392368763442,0.6218274111675127,0.029812606473594547,0.2436548223350254,188302,0.2178415523998683,515,0,0,0,0.0,0.0,0.0,0.0,0,lendingclub_imb77,gbdt
7,0.0,random,0.785457232059868,0.6373056994818653,0.027009222661396576,0.27461139896373055,209795,0.2179365571152792,459,0,0,0,0.0,0.0,0.0,0.0,0,lendingclub_imb77,gbdt
8,0.0,random,0.7845252507782774,0.6355140186915887,0.020290431668987467,0.27102803738317754,231278,0.21750879893461547,469,0,0,0,0.0,0.0,0.0,0.0,0,lendingclub_imb77,gbdt
9,0.0,random,0.7817005874325046,0.5739348370927319,0.02063806777217015,0.14786967418546365,252793,0.21740317176504095,437,0,0,0,0.0,0.0,0.0,0.0,0,lendingclub_imb77,gbdt
10,0.0,random,0.7817678047357772,0.5776081424936387,0.018864788498296352,0.15521628498727735,274291,0.2176119522696698,454,0,0,0,0.0,0.0,0.0,0.0,0,lendingclub_imb77,gbdt
0,0.0,random,0.7815,0.5657894736842105,0.08046407185628743,0.13157894736842105,60000,0.22658333333333333,0,0,0,0,0.0,0.0,0.0,0.0,1,lendingclub_imb77,gbdt
1,0.0,random,0.777572737897521,0.5443786982248521,0.050466264399341744,0.08875739644970414,81285,0.2231900104570339,667,0,0,0,0.0,0.0,0.0,0.0,1,lendingclub_imb77,gbdt
2,0.0,random,0.7816002338953318,0.6011560693641619,0.04569420035149385,0.2023121387283237,102610,0.21991034012279506,627,0,0,0,0.0,0.0,0.0,0.0,1,lendingclub_imb77,gbdt
3,0.0,random,0.7841880341880342,0.5860058309037901,0.03713968957871397,0.17201166180758018,124017,0.21962311618568423,545,0,0,0,0.0,0.0,0.0,0.0,1,lendingclub_imb77,gbdt
4,0.0,random,0.7817656765676567,0.5777777777777777,0.03247970018738289,0.15555555555555556,145437,0.2187063814572633,532,0,0,0,0.0,0.0,0.0,0.0,1,lendingclub_imb77,gbdt
5,0.0,random,0.7837198154473006,0.5804597701149425,0.027766323024054983,0.16091954022988506,166890,0.218071783809695,499,0,0,0,0.0,0.0,0.0,0.0,1,lendingclub_imb77,gbdt
6,0.0,random,0.7815378082119064,0.6242038216560509,0.02358887952822241,0.2484076433121019,188382,0.21773842511492605,460,0,0,0,0.0,0.0,0.0,0.0,1,lendingclub_imb77,gbdt
7,0.0,random,0.7831110052405907,0.5846560846560847,0.02410295561129894,0.1693121693121693,209899,0.2176713562237076,435,0,0,0,0.0,0.0,0.0,0.0,1,lendingclub_imb77,gbdt
8,0.0,random,0.7858948596616322,0.5690072639225182,0.023580172586795102,0.13801452784503632,231405,0.21755796115036408,446,0,0,0,0.0,0.0,0.0,0.0,1,lendingclub_imb77,gbdt
9,0.0,random,0.7840702364945029,0.5946666666666667,0.02028932763169866,0.18933333333333333,252858,0.21750943217141636,499,0,0,0,0.0,0.0,0.0,0.0,1,lendingclub_imb77,gbdt
10,0.0,random,0.7824185436256287,0.6,0.017982017982017984,0.2,274377,0.21760205848157826,433,0,0,0,0.0,0.0,0.0,0.0,1,lendingclub_imb77,gbdt
0,0.0,random,0.7783333333333333,0.5588235294117647,0.06342729970326409,0.11764705882352941,60000,0.2216,0,0,0,0,0.0,0.0,0.0,0.0,2,lendingclub_imb77,gbdt
1,0.0,random,0.7778255528255529,0.5548172757475083,0.04575342465753424,0.10963455149501661,81398,0.2194402810879874,554,0,0,0,0.0,0.0,0.0,0.0,2,lendingclub_imb77,gbdt
2,0.0,random,0.7815097457833082,0.580952380952381,0.04025516937967444,0.1619047619047619,102863,0.2190778025140235,487,0,0,0,0.0,0.0,0.0,0.0,2,lendingclub_imb77,gbdt
3,0.0,random,0.7846135275419467,0.5718562874251497,0.03536382151453434,0.1437125748502994,124265,0.21817084456604838,550,0,0,0,0.0,0.0,0.0,0.0,2,lendingclub_imb77,gbdt
4,0.0,random,0.7841111873713109,0.5250737463126843,0.028218135700697526,0.05014749262536873,145697,0.21760914775184115,520,0,0,0,0.0,0.0,0.0,0.0,2,lendingclub_imb77,gbdt
5,0.0,random,0.782102680708473,0.5884244372990354,0.024938675388389207,0.17684887459807075,167119,0.2170010591255333,530,0,0,0,0.0,0.0,0.0,0.0,2,lendingclub_imb77,gbdt
6,0.0,random,0.7849436713055004,0.5661971830985916,0.02463235294117647,0.1323943661971831,188625,0.21671570576540755,446,0,0,0,0.0,0.0,0.0,0.0,2,lendingclub_imb77,gbdt
7,0.0,random,0.7832107930616032,0.6028169014084507,0.023301393728222996,0.2056338028169014,210131,0.2172501915471777,446,0,0,0,0.0,0.0,0.0,0.0,2,lendingclub_imb77,gbdt
8,0.0,random,0.782462275759342,0.5703125,0.02161681966242227,0.140625,231614,0.2173875499753901,469,0,0,0,0.0,0.0,0.0,0.0,2,lendingclub_imb77,gbdt
9,0.0,random,0.7794721871049305,0.5880829015544041,0.02021011396011396,0.17616580310880828,253120,0.21795986093552466,446,0,0,0,0.0,0.0,0.0,0.0,2,lendingclub_imb77,gbdt
10,0.0,random,0.7805366439727673,0.5567282321899736,0.017439457806430282,0.11345646437994723,274670,0.21778133760512616,402,0,0,0,0.0,0.0,0.0,0.0,2,lendingclub_imb77,gbdt
0,0.0,random,0.7776666666666666,0.526813880126183,0.062197392923649904,0.05362776025236593,60000,0.22273333333333334,0,0,0,0,0.0,0.0,0.0,0.0,3,lendingclub_imb77,gbdt
1,0.0,random,0.7820504945021193,0.5874587458745875,0.04943071369064149,0.17491749174917492,81395,0.22034523005098594,557,0,0,0,0.0,0.0,0.0,0.0,3,lendingclub_imb77,gbdt
2,0.0,random,0.7785339296130663,0.5787965616045845,0.04380828453697679,0.15759312320916904,102857,0.21887669288429568,490,0,0,0,0.0,0.0,0.0,0.0,3,lendingclub_imb77,gbdt
3,0.0,random,0.7786539003097719,0.5955414012738853,0.033620999640417114,0.1910828025477707,124285,0.21829665687733837,524,0,0,0,0.0,0.0,0.0,0.0,3,lendingclub_imb77,gbdt
4,0.0,random,0.7859715314697308,0.5813953488372093,0.03176620076238882,0.16279069767441862,145773,0.21800333395073163,464,0,0,0,0.0,0.0,0.0,0.0,3,lendingclub_imb77,gbdt
5,0.0,random,0.7834459661503499,0.5994475138121547,0.029669127700300793,0.19889502762430938,167210,0.2175647389510197,515,0,0,0,0.0,0.0,0.0,0.0,3,lendingclub_imb77,gbdt
6,0.0,random,0.7798860474360673,0.6585365853658537,0.022508038585209004,0.3170731707317073,188671,0.21782361889214558,491,0,0,0,0.0,0.0,0.0,0.0,3,lendingclub_imb77,gbdt
7,0.0,random,0.781591152336782,0.5980707395498392,0.020121159671138037,0.19614147909967847,210223,0.21771642493923118,400,0,0,0,0.0,0.0,0.0,0.0,3,lendingclub_imb77,gbdt
8,0.0,random,0.7824539453815954,0.6495176848874598,0.01984672823737473,0.2990353697749196,231786,0.21813655699653992,389,0,0,0,0.0,0.0,0.0,0.0,3,lendingclub_imb77,gbdt
9,0.0,random,0.7831372858608984,0.6467065868263473,0.019484033916651634,0.2934131736526946,253340,0.21831136022736244,398,0,0,0,0.0,0.0,0.0,0.0,3,lendingclub_imb77,gbdt
10,0.0,random,0.7849346964019355,0.5994475138121547,0.018242959226565783,0.19889502762430938,274869,0.21798383957448822,423,0,0,0,0.0,0.0,0.0,0.0,3,lendingclub_imb77,gbdt
0,0.0,random,0.7716666666666666,0.5641025641025641,0.06330935251798561,0.1282051282051282,60000,0.22443333333333335,0,0,0,0,0.0,0.0,0.0,0.0,4,lendingclub_imb77,gbdt
1,0.0,random,0.7835463258785943,0.603988603988604,0.058954393770856504,0.20797720797720798,81377,0.22106983545719305,575,0,0,0,0.0,0.0,0.0,0.0,4,lendingclub_imb77,gbdt
2,0.0,random,0.7808805643395768,0.573170731707317,0.04130052724077329,0.14634146341463414,102771,0.22009127088380964,558,0,0,0,0.0,0.0,0.0,0.0,4,lendingclub_imb77,gbdt
3,0.0,random,0.7808825897890159,0.538961038961039,0.030369557263080865,0.07792207792207792,124176,0.2195593351372246,547,0,0,0,0.0,0.0,0.0,0.0,4,lendingclub_imb77,gbdt
4,0.0,random,0.7829638273045507,0.5497382198952879,0.03300848789688777,0.09947643979057591,145687,0.21885274595537008,441,0,0,0,0.0,0.0,0.0,0.0,4,lendingclub_imb77,gbdt
5,0.0,random,0.7873740243428332,0.5911602209944752,0.029821627647714604,0.18232044198895028,167192,0.2183417866883583,447,0,0,0,0.0,0.0,0.0,0.0,4,lendingclub_imb77,gbdt
6,0.0,random,0.785244859020564,0.5506172839506173,0.027378759975445057,0.10123456790123457,188678,0.2178950381072515,466,0,0,0,0.0,0.0,0.0,0.0,4,lendingclub_imb77,gbdt
7,0.0,random,0.7825145711906745,0.5825825825825826,0.0210938349461781,0.16516516516516516,210172,0.21795005995089736,458,0,0,0,0.0,0.0,0.0,0.0,4,lendingclub_imb77,gbdt
8,0.0,random,0.7822643301104972,0.5943661971830986,0.02077589602205593,0.18873239436619718,231680,0.2182493093922652,444,0,0,0,0.0,0.0,0.0,0.0,4,lendingclub_imb77,gbdt
9,0.0,random,0.7835367057615606,0.6317280453257791,0.020170043415340087,0.26345609065155806,253227,0.218156041812287,405,0,0,0,0.0,0.0,0.0,0.0,4,lendingclub_imb77,gbdt
10,0.0,random,0.7840896684741075,0.5763097949886105,0.021201709544959358,0.15261958997722094,274789,0.2179017355134303,390,0,0,0,0.0,0.0,0.0,0.0,4,lendingclub_imb77,gbdt
0,0.01,random,0.7825,0.5335051546391752,0.07852807283763277,0.06701030927835051,60000,0.22338333333333332,0,0,0,0,0.0,0.0,0.0,0.0,0,lendingclub_imb77,gbdt
1,0.01,random,0.780703913364509,0.5371900826446281,0.05430242272347535,0.0743801652892562,81258,0.22082748775505182,702,8,3,5,0.375,0.5270655270655271,3.0,0.5672512868629559,0,lendingclub_imb77,gbdt
2,0.01,random,0.779888921368021,0.5325077399380805,0.03789380920907689,0.06501547987616099,102629,0.21966500696684174,587,6,2,4,0.3333333333333333,0.5298126064735945,2.0,0.5560157288155684,0,lendingclub_imb77,gbdt
3,0.01,random,0.7839874284793296,0.6075268817204301,0.04153648226428965,0.21505376344086022,124088,0.21881245567661659,498,5,2,3,0.4,0.5883534136546185,2.0,0.5955743270675311,0,lendingclub_imb77,gbdt
4,0.01,random,0.7835841407269979,0.5807365439093485,0.03225298930144745,0.16147308781869688,145530,0.21813371813371812,516,6,4,2,0.6666666666666666,0.625968992248062,4.0,0.5406345877009289,0,lendingclub_imb77,gbdt
5,0.01,random,0.7846660676849356,0.5726495726495726,0.027758596878884132,0.1452991452991453,166947,0.21800930834336646,541,6,3,3,0.5,0.5804066543438078,3.0,0.533103426003271,0,lendingclub_imb77,gbdt
6,0.01,random,0.7837177819658642,0.5942028985507246,0.024960428588822598,0.18840579710144928,188364,0.21767429020407297,541,6,3,3,0.5,0.5970425138632163,3.0,0.5352795723680717,0,lendingclub_imb77,gbdt
7,0.01,random,0.7870515935400886,0.6355140186915887,0.022598870056497175,0.27102803738317754,209909,0.2178086694710565,412,5,3,2,0.6,0.5970873786407767,3.0,0.5280715432691018,0,lendingclub_imb77,gbdt
8,0.01,random,0.786191103717946,0.6083333333333333,0.021954887218045113,0.21666666666666667,231444,0.21746081125455835,422,5,3,2,0.6,0.6042654028436019,3.0,0.5242978967756076,0,lendingclub_imb77,gbdt
9,0.01,random,0.7839606230726655,0.6119791666666666,0.021334543803903767,0.22395833333333334,252939,0.21734884695519474,462,5,4,1,0.8,0.6233766233766234,4.0,0.5425947715854005,0,lendingclub_imb77,gbdt
10,0.01,random,0.7859953366365491,0.5885416666666666,0.01912660798916723,0.17708333333333334,274476,0.2175927949984698,420,5,3,2,0.6,0.5547619047619048,3.0,0.5566438643859746,0,lendingclub_imb77,gbdt
0,0.01,random,0.7815,0.5657894736842105,0.08046407185628743,0.13157894736842105,60000,0.22658333333333333,0,0,0,0,0.0,0.0,0.0,0.0,1,lendingclub_imb77,gbdt
1,0.01,random,0.7801832831047419,0.5358166189111748,0.05195887746596277,0.07163323782234957,81292,0.22319539438075087,667,7,2,5,0.2857142857142857,0.5487256371814093,2.0,0.5773342943554933,1,lendingclub_imb77,gbdt
2,0.01,random,0.7829963459196102,0.5980392156862745,0.04054054054054054,0.19607843137254902,102624,0.21989008419083256,627,7,3,4,0.42857142857142855,0.5358851674641149,3.0,0.5331944833370542,1,lendingclub_imb77,gbdt
3,0.01,random,0.7809251349826739,0.5538461538461539,0.03289473684210526,0.1076923076923077,124090,0.21977596905471836,491,5,3,2,0.6,0.5641547861507128,3.0,0.5699954675158291,1,lendingclub_imb77,gbdt
4,0.01,random,0.7829822330664284,0.5798969072164949,0.035283048455386545,0.15979381443298968,145495,0.21874291212756453,553,6,3,3,0.5,0.5678119349005425,3.0,0.539323661127015,1,lendingclub_imb77,gbdt
5,0.01,random,0.7818573867209727,0.5770491803278689,0.02400763879416178,0.1540983606557377,166952,0.21811658440749437,500,5,4,1,0.8,0.6,4.0,0.5398164060122598,1,lendingclub_imb77,gbdt
6,0.01,random,0.7835694201283888,0.631768953068592,0.021258503401360544,0.26353790613718414,188488,0.21789185518441492,421,5,3,2,0.6,0.5558194774346793,3.0,0.5626397392322999,1,lendingclub_imb77,gbdt
7,0.01,random,0.7849695296134069,0.5852417302798982,0.025274725274725275,0.17048346055979643,210040,0.21788706912968958,405,5,3,2,0.6,0.6074074074074074,3.0,0.534620094925085,1,lendingclub_imb77,gbdt
8,0.01,random,0.7835982034893764,0.5831325301204819,0.023981765930036668,0.16626506024096385,231560,0.21778804629469684,437,5,3,2,0.6,0.6292906178489702,3.0,0.5243869207366645,1,lendingclub_imb77,gbdt
9,0.01,random,0.784247861052382,0.583756345177665,0.020937642239417388,0.16751269035532995,253043,0.21774560055010414,474,5,5,0,1.0,0.5864978902953587,5.0,0.5402422984640551,1,lendingclub_imb77,gbdt
10,0.01,random,0.7851770918692524,0.5851063829787234,0.01854818312115336,0.1702127659574468,274572,0.21781900557959297,428,5,5,0,1.0,0.5864485981308412,5.0,0.5520015635566825,1,lendingclub_imb77,gbdt
0,0.01,random,0.7783333333333333,0.5588235294117647,0.06342729970326409,0.11764705882352941,60000,0.2216,0,0,0,0,0.0,0.0,0.0,0.0,2,lendingclub_imb77,gbdt
1,0.01,random,0.7831828511762177,0.5681818181818182,0.04206393718452047,0.13636363636363635,81404,0.21947324455800699,554,6,4,2,0.6666666666666666,0.5379061371841155,4.0,0.5581403973240228,2,lendingclub_imb77,gbdt
2,0.01,random,0.7796461897356143,0.5688622754491018,0.04148471615720524,0.1377245508982036,102879,0.2191214922384549,482,5,3,2,0.6,0.553941908713693,3.0,0.5726288784064077,2,lendingclub_imb77,gbdt
3,0.01,random,0.7828815059126377,0.5278688524590164,0.029732225300092337,0.05573770491803279,124309,0.218190155177823,528,6,4,2,0.6666666666666666,0.5984848484848485,4.0,0.5295200184486255,2,lendingclub_imb77,gbdt
4,0.01,random,0.7820926243567753,0.5594594594594594,0.0323639774859287,0.11891891891891893,145746,0.21766635104908538,521,6,3,3,0.5,0.5834932821497121,3.0,0.5313065890188478,2,lendingclub_imb77,gbdt
5,0.01,random,0.7812406532272537,0.5765124555160143,0.022019845045534864,0.15302491103202848,167170,0.21709038703116587,534,6,5,1,0.8333333333333334,0.5898876404494382,5.0,0.5499368712336112,2,lendingclub_imb77,gbdt
6,0.01,random,0.7865055387713998,0.5797872340425532,0.026860522424839824,0.1595744680851064,188668,0.21679352089384527,459,5,4,1,0.8,0.6078431372549019,4.0,0.5428952670335562,2,lendingclub_imb77,gbdt
7,0.01,random,0.7816135709357379,0.6331168831168831,0.02105604146420473,0.2662337662337662,210152,0.21729985914956793,473,5,2,3,0.4,0.572938689217759,2.0,0.5813270659731437,2,lendingclub_imb77,gbdt
8,0.01,random,0.7850098193668127,0.5808080808080808,0.02294035507680032,0.16161616161616163,231684,0.2174643048289912,425,5,2,3,0.4,0.611764705882353,2.0,0.5459955406259439,2,lendingclub_imb77,gbdt
9,0.01,random,0.783123012816715,0.5728155339805825,0.021372939684839703,0.14563106796116504,253183,0.21800041866949993,458,5,0,5,0.0,0.631004366812227,0.0,0.5165623798264676,2,lendingclub_imb77,gbdt
10,0.01,random,0.7827281827281827,0.575197889182058,0.018174239266360984,0.1503957783641161,274725,0.2177996177996178,415,5,1,4,0.2,0.5879518072289157,1.0,0.555367308146151,2,lendingclub_imb77,gbdt
0,0.01,random,0.7776666666666666,0.526813880126183,0.062197392923649904,0.05362776025236593,60000,0.22273333333333334,0,0,0,0,0.0,0.0,0.0,0.0,3,lendingclub_imb77,gbdt
1,0.01,random,0.7802346293225232,0.5797546012269938,0.05206611570247934,0.15950920245398773,81401,0.22039041289419048,557,6,5,1,0.8333333333333334,0.5709156193895871,5.0,0.5712045810377174,3,lendingclub_imb77,gbdt
2,0.01,random,0.781143635125936,0.5389408099688473,0.0382235969951392,0.0778816199376947,102830,0.21890498881649323,529,6,2,4,0.3333333333333333,0.5368620037807184,2.0,0.5370600059143825,3,lendingclub_imb77,gbdt
3,0.01,random,0.7840762793691664,0.5636363636363636,0.03438713255684969,0.12727272727272726,124280,0.21830543933054394,508,6,3,3,0.5,0.594488188976378,3.0,0.5535398847793208,3,lendingclub_imb77,gbdt
4,0.01,random,0.7837837837837838,0.632996632996633,0.029453235155882815,0.265993265993266,145776,0.2179988475469213,461,5,2,3,0.4,0.6095444685466378,2.0,0.5401810607626004,3,lendingclub_imb77,gbdt
5,0.01,random,0.7842492375769897,0.6094986807387863,0.03164817098232635,0.21899736147757257,167230,0.21757459785923577,504,6,3,3,0.5,0.5793650793650794,3.0,0.5805117510254804,3,lendingclub_imb77,gbdt
6,0.01,random,0.7824589295177531,0.6483870967741936,0.02421103348590701,0.2967741935483871,188696,0.21785305464874719,491,5,4,1,0.8,0.5580448065173116,4.0,0.5725771595599246,3,lendingclub_imb77,gbdt
7,0.01,random,0.7839644182285225,0.620253164556962,0.021399716126214652,0.24050632911392406,210218,0.21771684632143776,435,5,2,3,0.4,0.5862068965517241,2.0,0.5469866742986578,3,lendingclub_imb77,gbdt
8,0.01,random,0.7831161546427339,0.6516516516516516,0.02137088831987394,0.3033033033033033,231756,0.2181130154127617,419,5,3,2,0.6,0.5990453460620525,3.0,0.5658462268843203,3,lendingclub_imb77,gbdt
9,0.01,random,0.7818156694763023,0.5949074074074074,0.023080377189043558,0.18981481481481483,253293,0.2183321291942533,420,5,3,2,0.6,0.6071428571428571,3.0,0.5277459075925863,3,lendingclub_imb77,gbdt
10,0.01,random,0.7833942900813363,0.5665859564164649,0.019566853415837443,0.13317191283292978,274782,0.2179545967348662,468,5,2,3,0.4,0.5918803418803419,2.0,0.53469856756484,3,lendingclub_imb77,gbdt
0,0.01,random,0.7716666666666666,0.5641025641025641,0.06330935251798561,0.1282051282051282,60000,0.22443333333333335,0,0,0,0,0.0,0.0,0.0,0.0,4,lendingclub_imb77,gbdt
1,0.01,random,0.7811636050869325,0.5689149560117303,0.05375450263230812,0.1378299120234604,81383,0.221114974871902,575,6,5,1,0.8333333333333334,0.5721739130434783,5.0,0.565384615832481,4,lendingclub_imb77,gbdt
2,0.01,random,0.7823463578414676,0.5584795321637427,0.04232218036782628,0.11695906432748537,102751,0.2199783943708577,590,6,4,2,0.6666666666666666,0.588135593220339,4.0,0.5364602964894063,4,lendingclub_imb77,gbdt
3,0.01,random,0.7835138726694318,0.5801749271137027,0.03664150248573007,0.16034985422740525,124163,0.21955816144906293,546,6,4,2,0.6666666666666666,0.5915750915750916,4.0,0.572508502986372,4,lendingclub_imb77,gbdt
4,0.01,random,0.7829968410932564,0.5989159891598916,0.03456905990927577,0.1978319783197832,145620,0.21876802637000411,501,6,2,4,0.3333333333333333,0.5548902195608783,2.0,0.5672558199350743,4,lendingclub_imb77,gbdt
5,0.01,random,0.7852698336723705,0.5331491712707183,0.026798111635656763,0.06629834254143646,167138,0.21831061757350215,439,5,4,1,0.8,0.5831435079726651,4.0,0.5214972583042672,4,lendingclub_imb77,gbdt
6,0.01,random,0.782702043629231,0.5232558139534884,0.02191380569758948,0.046511627906976744,188632,0.2178368463463251,463,5,2,3,0.4,0.6112311015118791,2.0,0.5483891120164976,4,lendingclub_imb77,gbdt
7,0.01,random,0.783272675372868,0.5683453237410072,0.025850785340314136,0.1366906474820144,210191,0.21800647982073448,397,4,2,2,0.5,0.6020151133501259,2.0,0.5560999322639196,4,lendingclub_imb77,gbdt
8,0.01,random,0.7839599430224026,0.5643835616438356,0.020483245500646317,0.12876712328767123,231670,0.21823714766694005,478,5,3,2,0.6,0.5732217573221757,3.0,0.5566908516927707,4,lendingclub_imb77,gbdt
9,0.01,random,0.7831908213037382,0.5742092457420924,0.021376811594202898,0.14841849148418493,253192,0.2181032576068754,435,5,3,2,0.6,0.6160919540229886,3.0,0.5643881204361265,4,lendingclub_imb77,gbdt
10,0.01,random,0.7848069013212973,0.546236559139785,0.021403893149068848,0.09247311827956989,274728,0.21781179930695088,421,5,2,3,0.4,0.5819477434679335,2.0,0.5327642699006052,4,lendingclub_imb77,gbdt
0,0.02,random,0.7825,0.5335051546391752,0.07852807283763277,0.06701030927835051,60000,0.22338333333333332,0,0,0,0,0.0,0.0,0.0,0.0,0,lendingclub_imb77,gbdt
1,0.02,random,0.7823171106872577,0.5730337078651685,0.05682451253481894,0.14606741573033707,81265,0.2208946040730942,702,15,10,5,0.6666666666666666,0.5270655270655271,10.0,0.5535218988539746,0,lendingclub_imb77,gbdt
2,0.02,random,0.7785627283800244,0.5540983606557377,0.03691568370467453,0.10819672131147541,102622,0.21964101264836,608,13,10,3,0.7692307692307693,0.5427631578947368,10.0,0.5450489974771389,0,lendingclub_imb77,gbdt
3,0.02,random,0.7822408444462351,0.547752808988764,0.035852178709321565,0.09550561797752809,124103,0.21890687574031248,481,10,8,2,0.8,0.5821205821205822,8.0,0.567126276827374,0,lendingclub_imb77,gbdt
4,0.02,random,0.7870001374192662,0.5754189944134078,0.03293891909178126,0.15083798882681565,145539,0.2182713911734999,527,11,8,3,0.7272727272727273,0.6072106261859582,8.0,0.5628660962519918,0,lendingclub_imb77,gbdt
5,0.02,random,0.7880394094570718,0.5917808219178082,0.030230930720783766,0.18356164383561643,166963,0.21823397998358918,539,11,4,7,0.36363636363636365,0.549165120593692,4.0,0.5709153152400703,0,lendingclub_imb77,gbdt
6,0.02,random,0.7892530184423511,0.6243093922651933,0.028137450199203187,0.24861878453038674,188421,0.21791095472373037,505,11,7,4,0.6363636363636364,0.6158415841584158,7.0,0.5316725513672592,0,lendingclub_imb77,gbdt
7,0.02,random,0.7869051588624779,0.5768194070080862,0.023767214571301643,0.15363881401617252,209929,0.217959405322752,454,10,7,3,0.7,0.5969162995594713,7.0,0.5272301575373306,0,lendingclub_imb77,gbdt
8,0.02,random,0.7854118053755077,0.5925,0.02368578852688387,0.185,231419,0.21752751502685605,472,10,4,6,0.4,0.597457627118644,4.0,0.5347298189072606,0,lendingclub_imb77,gbdt
9,0.02,random,0.7839194986457901,0.5675,0.020666423889293517,0.135,252911,0.21741244943873536,470,10,5,5,0.5,0.6148936170212767,5.0,0.5284725644220654,0,lendingclub_imb77,gbdt
10,0.02,random,0.7817294027620887,0.558891454965358,0.020114703682154435,0.11778290993071594,274426,0.21764701595329888,446,9,6,3,0.6666666666666666,0.5426008968609866,6.0,0.5382858586360739,0,lendingclub_imb77,gbdt
0,0.02,random,0.7815,0.5657894736842105,0.08046407185628743,0.13157894736842105,60000,0.22658333333333333,0,0,0,0,0.0,0.0,0.0,0.0,1,lendingclub_imb77,gbdt
1,0.02,random,0.7796432964329644,0.5157593123209169,0.05008347245409015,0.03151862464183381,81299,0.22323767820022386,667,14,7,7,0.5,0.5487256371814093,7.0,0.5751457528657082,1,lendingclub_imb77,gbdt
2,0.02,random,0.7821468596209131,0.6006389776357828,0.04146449051610057,0.2012779552715655,102615,0.21991911513911222,649,13,7,6,0.5384615384615384,0.5300462249614792,7.0,0.5527504041924943,1,lendingclub_imb77,gbdt
3,0.02,random,0.784430655169635,0.6048632218844985,0.036722642553976746,0.20972644376899696,124086,0.21979917154231743,491,10,6,4,0.6,0.5682281059063137,6.0,0.5298809962955598,1,lendingclub_imb77,gbdt
4,0.02,random,0.7822979659153381,0.5706806282722513,0.03411580594679186,0.14136125654450263,145519,0.21884427463080422,530,11,6,5,0.5454545454545454,0.5641509433962264,6.0,0.5560297568702727,1,lendingclub_imb77,gbdt
5,0.02,random,0.7801335609259425,0.584045584045584,0.027698959600054047,0.16809116809116809,166964,0.2182087156512781,518,11,5,6,0.45454545454545453,0.584942084942085,5.0,0.5403925308592762,1,lendingclub_imb77,gbdt
6,0.02,random,0.7815832758529209,0.6096096096096096,0.024440163737057548,0.21921921921921922,188467,0.2179267457963463,459,10,4,6,0.4,0.5468409586056645,4.0,0.5676599556586772,1,lendingclub_imb77,gbdt
7,0.02,random,0.7836067916081252,0.5886889460154242,0.025010921799912624,0.17737789203084833,209963,0.21783838104808942,466,10,5,5,0.5,0.5944206008583691,5.0,0.5682988785514063,1,lendingclub_imb77,gbdt
8,0.02,random,0.7869192388275699,0.5911458333333334,0.02284851534977353,0.18229166666666666,231482,0.21771455231940282,442,9,6,3,0.6666666666666666,0.6447963800904978,6.0,0.5685424902555372,1,lendingclub_imb77,gbdt
9,0.02,random,0.7815267235926628,0.5867346938775511,0.02068159338189012,0.17346938775510204,252959,0.21770721737514775,485,10,7,3,0.7,0.5649484536082474,7.0,0.5436005663580683,1,lendingclub_imb77,gbdt
10,0.02,random,0.7806357591766099,0.5407407407407407,0.018136645962732918,0.08148148148148149,274475,0.21774296384005828,445,9,6,3,0.6666666666666666,0.597752808988764,6.0,0.5419910914472705,1,lendingclub_imb77,gbdt
0,0.02,random,0.7783333333333333,0.5588235294117647,0.06342729970326409,0.11764705882352941,60000,0.2216,0,0,0,0,0.0,0.0,0.0,0.0,2,lendingclub_imb77,gbdt
1,0.02,random,0.7808008844122344,0.584,0.0404320132927167,0.168,81410,0.21946935265937845,554,12,5,7,0.4166666666666667,0.5379061371841155,5.0,0.5443639811043324,2,lendingclub_imb77,gbdt
2,0.02,random,0.7765735115431349,0.5785953177257525,0.037252368647717485,0.15719063545150502,102874,0.21910298034488793,498,10,7,3,0.7,0.5522088353413654,7.0,0.5578731288032818,2,lendingclub_imb77,gbdt
3,0.02,random,0.7778447929232006,0.5910652920962199,0.03083542488347078,0.18213058419243985,124347,0.2183727793995834,489,10,7,3,0.7,0.5828220858895705,7.0,0.5587227966802507,2,lendingclub_imb77,gbdt
4,0.02,random,0.7854130233515071,0.5314861460957179,0.033582683431481776,0.06297229219143577,145812,0.21786272734754342,497,10,9,1,0.9,0.5995975855130785,9.0,0.536170567191727,2,lendingclub_imb77,gbdt
5,0.02,random,0.7874401913875598,0.5589887640449438,0.027832167832167833,0.11797752808988764,167200,0.21716507177033492,576,12,7,5,0.5833333333333334,0.5920138888888888,7.0,0.5562371378949037,2,lendingclub_imb77,gbdt
6,0.02,random,0.783687097543525,0.5678670360110804,0.024963468095470044,0.13573407202216067,188681,0.21685808321982605,481,10,6,4,0.6,0.5925155925155925,6.0,0.5513928484872315,2,lendingclub_imb77,gbdt
7,0.02,random,0.7818670599990484,0.5889967637540453,0.019731136166522115,0.1779935275080906,210167,0.21734620563647006,476,10,5,5,0.5,0.5798319327731093,5.0,0.5548828223653055,2,lendingclub_imb77,gbdt
8,0.02,random,0.7848265147591921,0.5945205479452055,0.021611393287521163,0.18904109589041096,231717,0.2175973277748288,411,9,7,2,0.7777777777777778,0.583941605839416,7.0,0.5564386895166683,2,lendingclub_imb77,gbdt
9,0.02,random,0.782748613057985,0.6240786240786241,0.022872579918955426,0.24815724815724816,253252,0.21818188997520258,426,9,5,4,0.5555555555555556,0.636150234741784,5.0,0.5543891646865128,2,lendingclub_imb77,gbdt
10,0.02,random,0.7825770532367817,0.594272076372315,0.020699975060271013,0.18854415274463007,274806,0.21798286791409213,407,9,5,4,0.5555555555555556,0.5921375921375921,5.0,0.5527924302827828,2,lendingclub_imb77,gbdt
0,0.02,random,0.7776666666666666,0.526813880126183,0.062197392923649904,0.05362776025236593,60000,0.22273333333333334,0,0,0,0,0.0,0.0,0.0,0.0,3,lendingclub_imb77,gbdt
1,0.02,random,0.7838103427097408,0.5796178343949044,0.050980392156862744,0.1592356687898089,81407,0.22034960138563023,557,12,3,9,0.25,0.5709156193895871,3.0,0.5665926900210907,3,lendingclub_imb77,gbdt
2,0.02,random,0.7786905166966412,0.5431309904153354,0.03711790393013101,0.08626198083067092,102861,0.21886818133208893,509,11,4,7,0.36363636363636365,0.5520628683693517,4.0,0.5550886660310611,3,lendingclub_imb77,gbdt
3,0.02,random,0.7807271557271557,0.5623188405797102,0.03530482256596906,0.1246376811594203,124318,0.21842371981531233,506,11,8,3,0.7272727272727273,0.567193675889328,8.0,0.5595272049908315,3,lendingclub_imb77,gbdt
4,0.02,random,0.7844407872179936,0.615916955017301,0.028013849543594586,0.23183391003460208,145827,0.21812833014462343,453,10,8,2,0.8,0.6181015452538632,8.0,0.5556589751705304,3,lendingclub_imb77,gbdt
5,0.02,random,0.7836376131711835,0.5890052356020943,0.03078396497468874,0.17801047120418848,167334,0.21779793706001171,455,10,4,6,0.4,0.578021978021978,4.0,0.541467214282018,3,lendingclub_imb77,gbdt
6,0.02,random,0.7808999179003682,0.6476510067114094,0.02308336323406291,0.2953020134228188,188792,0.2180441967879995,505,11,5,6,0.45454545454545453,0.5504950495049505,5.0,0.5330019065815162,3,lendingclub_imb77,gbdt
7,0.02,random,0.780062764490514,0.6205787781350482,0.020694831653441992,0.24115755627009647,210306,0.21786349414662445,447,9,4,5,0.4444444444444444,0.5906040268456376,4.0,0.5300364607705368,3,lendingclub_imb77,gbdt
8,0.02,random,0.7824502382954864,0.6108108108108108,0.022222222222222223,0.22162162162162163,231853,0.2182762353732753,414,9,5,4,0.5555555555555556,0.5893719806763285,5.0,0.5528340021017182,3,lendingclub_imb77,gbdt
9,0.02,random,0.7801235128149479,0.6143250688705234,0.019862830676048812,0.22865013774104684,253413,0.21848523951020665,400,8,5,3,0.625,0.6275,5.0,0.541107545253803,3,lendingclub_imb77,gbdt
10,0.02,random,0.7828332424077105,0.6016713091922006,0.017977528089887642,0.20334261838440112,274949,0.2181495477343071,425,9,4,5,0.4444444444444444,0.5976470588235294,4.0,0.537224156922458,3,lendingclub_imb77,gbdt
0,0.02,random,0.7716666666666666,0.5641025641025641,0.06330935251798561,0.1282051282051282,60000,0.22443333333333335,0,0,0,0,0.0,0.0,0.0,0.0,4,lendingclub_imb77,gbdt
1,0.02,random,0.7795798009583487,0.6030769230769231,0.05362517099863201,0.20615384615384616,81389,0.22112324761331384,575,12,7,5,0.5833333333333334,0.5721739130434783,7.0,0.5753089085171047,4,lendingclub_imb77,gbdt
2,0.02,random,0.7811329929491855,0.5825242718446602,0.03954305799648506,0.1650485436893204,102825,0.22020909311937759,527,11,8,3,0.7272727272727273,0.5939278937381404,8.0,0.5346775654886949,4,lendingclub_imb77,gbdt
3,0.02,random,0.7800177048124899,0.5429362880886427,0.035649327028010186,0.08587257617728532,124257,0.21985079311427122,531,11,5,6,0.45454545454545453,0.5781544256120528,5.0,0.5553131946086775,4,lendingclub_imb77,gbdt
4,0.02,random,0.785143249270887,0.5930521091811415,0.037715007101151964,0.18610421836228289,145725,0.21897409504203122,494,10,7,3,0.7,0.5809716599190283,7.0,0.5994029941139254,4,lendingclub_imb77,gbdt
5,0.02,random,0.7819937806482479,0.5565217391304348,0.026193724420190995,0.11304347826086956,167216,0.2184240742512678,471,10,3,7,0.3,0.5774946921443737,3.0,0.5390255238018851,4,lendingclub_imb77,gbdt
6,0.02,random,0.7858637772538215,0.5359801488833746,0.026627218934911243,0.07196029776674938,188733,0.21801698696041497,444,9,4,5,0.4444444444444444,0.5968468468468469,4.0,0.5516367542922436,4,lendingclub_imb77,gbdt
7,0.02,random,0.780983185482912,0.5756756756756757,0.0229897463572585,0.15135135135135136,210232,0.2180733665664599,463,10,6,4,0.6,0.5961123110151187,6.0,0.5338981428011443,4,lendingclub_imb77,gbdt
8,0.02,random,0.7846462554210628,0.5955678670360111,0.021393034825870648,0.19113573407202217,231732,0.2183600020713583,462,10,5,5,0.5,0.5562770562770563,5.0,0.543198064905542,4,lendingclub_imb77,gbdt
9,0.02,random,0.7844917780365991,0.5614457831325301,0.0212436177972283,0.12289156626506025,253285,0.21823242592336695,408,9,6,3,0.6666666666666666,0.6372549019607843,6.0,0.5320676631066164,4,lendingclub_imb77,gbdt
10,0.02,random,0.7842641440785884,0.55863539445629,0.021990935034413295,0.11727078891257996,274848,0.2179495575736407,397,8,4,4,0.5,0.5944584382871536,4.0,0.5167121754052626,4,lendingclub_imb77,gbdt
0,0.05,random,0.7825,0.5335051546391752,0.07852807283763277,0.06701030927835051,60000,0.22338333333333332,0,0,0,0,0.0,0.0,0.0,0.0,0,lendingclub_imb77,gbdt
1,0.05,random,0.7813384180095952,0.5791044776119403,0.05376940133037694,0.1582089552238806,81286,0.22093595453091552,702,36,18,18,0.5,0.5270655270655271,18.0,0.5665056034262566,0,lendingclub_imb77,gbdt
2,0.05,random,0.7842745861733204,0.5470588235294118,0.04167600268877437,0.09411764705882353,102698,0.21991664881497205,569,29,19,10,0.6551724137931034,0.5307557117750439,19.0,0.5672185330693358,0,lendingclub_imb77,gbdt
3,0.05,random,0.7820905137703333,0.5602094240837696,0.03920850128252107,0.12041884816753927,124180,0.2190932517313577,495,25,14,11,0.56,0.5878787878787879,14.0,0.560857985015857,0,lendingclub_imb77,gbdt
4,0.05,random,0.7851821334157311,0.571072319201995,0.03626860943934115,0.14214463840399003,145633,0.21844636861150976,526,27,17,10,0.6296296296296297,0.6140684410646388,17.0,0.5373168966114562,0,lendingclub_imb77,gbdt
5,0.05,random,0.7840936302681992,0.5818181818181818,0.02642080638502821,0.16363636363636364,167039,0.21827237950418765,575,29,17,12,0.5862068965517241,0.577391304347826,17.0,0.5493283006907057,0,lendingclub_imb77,gbdt
6,0.05,random,0.7870308977589179,0.6368715083798883,0.028051181102362203,0.2737430167597765,188522,0.217985168839711,494,25,15,10,0.6,0.6194331983805668,15.0,0.5440981954389437,0,lendingclub_imb77,gbdt
7,0.05,random,0.7858996025039868,0.5771276595744681,0.023969954711145477,0.15425531914893617,210065,0.21808011805869612,431,22,9,13,0.4090909090909091,0.5893271461716937,9.0,0.5487664667796625,0,lendingclub_imb77,gbdt
8,0.05,random,0.7858422745622936,0.5769230769230769,0.022545090180360723,0.15384615384615385,231602,0.21774423364219653,437,22,16,6,0.7272727272727273,0.5926773455377574,16.0,0.5479737100471254,0,lendingclub_imb77,gbdt
9,0.05,random,0.7844260513995615,0.6075,0.022092917537957998,0.215,253114,0.21764896449821028,464,24,13,11,0.5416666666666666,0.6099137931034483,13.0,0.5381865884322465,0,lendingclub_imb77,gbdt
10,0.05,random,0.7845739355214534,0.5907928388746803,0.019403611927761445,0.1815856777493606,274662,0.21788598349971966,426,22,11,11,0.5,0.5492957746478874,11.0,0.5421039055758483,0,lendingclub_imb77,gbdt
0,0.05,random,0.7815,0.5657894736842105,0.08046407185628743,0.13157894736842105,60000,0.22658333333333333,0,0,0,0,0.0,0.0,0.0,0.0,1,lendingclub_imb77,gbdt
1,0.05,random,0.7772995573044762,0.5623188405797102,0.0529331514324693,0.1246376811594203,81319,0.22330574650450694,667,34,17,17,0.5,0.5487256371814093,17.0,0.563833157072038,1,lendingclub_imb77,gbdt
2,0.05,random,0.7833877014460295,0.5846153846153846,0.04218472468916518,0.16923076923076924,102691,0.2200777088547195,611,31,13,18,0.41935483870967744,0.5351882160392799,13.0,0.5514652579398519,1,lendingclub_imb77,gbdt
3,0.05,random,0.7830709137035397,0.5378151260504201,0.03546361285555966,0.07563025210084033,124161,0.21991607670685642,508,26,14,12,0.5384615384615384,0.5688976377952756,14.0,0.5503393200679316,1,lendingclub_imb77,gbdt
4,0.05,random,0.7823832417582418,0.5593667546174143,0.03321842682544657,0.11873350923482849,145596,0.21894145443556143,545,28,16,12,0.5714285714285714,0.5669724770642202,16.0,0.5368864916537645,1,lendingclub_imb77,gbdt
5,0.05,random,0.7814323766198785,0.5887850467289719,0.025679347826086957,0.17757009345794392,167063,0.21829489474030755,511,26,16,10,0.6153846153846154,0.6046966731898239,16.0,0.5446067060840407,1,lendingclub_imb77,gbdt
6,0.05,random,0.783161912840632,0.5875706214689266,0.025236593059936908,0.1751412429378531,188620,0.2180309617219807,416,21,10,11,0.47619047619047616,0.5769230769230769,10.0,0.5372422130945098,1,lendingclub_imb77,gbdt
7,0.05,random,0.7840641431324499,0.6200527704485488,0.02563543143885677,0.24010554089709762,210152,0.2179708020861091,443,23,15,8,0.6521739130434783,0.6117381489841986,15.0,0.549626809717838,1,lendingclub_imb77,gbdt
8,0.05,random,0.7830599913681485,0.579746835443038,0.022637406089363384,0.15949367088607594,231699,0.21791203242137427,427,22,11,11,0.5,0.6229508196721312,11.0,0.5365697875489387,1,lendingclub_imb77,gbdt
9,0.05,random,0.7821348181495084,0.5829145728643216,0.020900900900900903,0.1658291457286432,253229,0.21794107309984243,445,23,13,10,0.5652173913043478,0.5730337078651685,13.0,0.552268543562254,1,lendingclub_imb77,gbdt
10,0.05,random,0.780598318593733,0.5683297180043384,0.021617161716171618,0.13665943600867678,274766,0.21800004367352582,437,22,18,4,0.8181818181818182,0.5995423340961098,18.0,0.5500846366631339,1,lendingclub_imb77,gbdt
0,0.05,random,0.7783333333333333,0.5588235294117647,0.06342729970326409,0.11764705882352941,60000,0.2216,0,0,0,0,0.0,0.0,0.0,0.0,2,lendingclub_imb77,gbdt
1,0.05,random,0.7794424659216505,0.5802919708029197,0.04372937293729373,0.16058394160583941,81426,0.219549038390686,554,28,15,13,0.5357142857142857,0.5379061371841155,15.0,0.5604772055972672,2,lendingclub_imb77,gbdt
2,0.05,random,0.7823066459385931,0.5924657534246576,0.03814773980154355,0.18493150684931506,102920,0.21926739214924212,483,25,14,11,0.56,0.5486542443064182,14.0,0.547954621467828,2,lendingclub_imb77,gbdt
3,0.05,random,0.782002331096017,0.6143790849673203,0.03421914816163087,0.22875816993464052,124404,0.21851387415195653,493,25,18,7,0.72,0.5943204868154158,18.0,0.5533117784326944,2,lendingclub_imb77,gbdt
4,0.05,random,0.782206381301621,0.5343511450381679,0.032905045440300845,0.06870229007633588,145895,0.2180198087665787,486,25,12,13,0.48,0.5967078189300411,12.0,0.5574557287839155,2,lendingclub_imb77,gbdt
5,0.05,random,0.783780553397478,0.5749318801089919,0.028939788780688522,0.14986376021798364,167327,0.21741858755610272,548,28,17,11,0.6071428571428571,0.5875912408759124,17.0,0.5434231054651758,2,lendingclub_imb77,gbdt
6,0.05,random,0.7854324975509015,0.5680628272251309,0.026606179499754783,0.13612565445026178,188845,0.21715692763906908,457,23,11,12,0.4782608695652174,0.5864332603938731,11.0,0.5426088302211486,2,lendingclub_imb77,gbdt
7,0.05,random,0.7835056446821153,0.6183844011142061,0.02414618229279965,0.23676880222841226,210374,0.21767899074980748,446,23,15,8,0.6521739130434783,0.5896860986547086,15.0,0.549497470520014,2,lendingclub_imb77,gbdt
8,0.05,random,0.7843128799965504,0.5829383886255924,0.024419297200714712,0.16587677725118483,231907,0.21782007442638643,442,23,14,9,0.6086956521739131,0.6085972850678733,14.0,0.5387193565583012,2,lendingclub_imb77,gbdt
9,0.05,random,0.7801475810906795,0.5870069605568445,0.022553039757532537,0.1740139211136891,253416,0.2183484862834233,467,24,18,6,0.75,0.6402569593147751,18.0,0.5448614144771756,2,lendingclub_imb77,gbdt
10,0.05,random,0.7825399134451031,0.5746835443037974,0.01888833416541854,0.14936708860759493,274967,0.2181534511414097,423,22,11,11,0.5,0.574468085106383,11.0,0.5434855952405965,2,lendingclub_imb77,gbdt
0,0.05,random,0.7776666666666666,0.526813880126183,0.062197392923649904,0.05362776025236593,60000,0.22273333333333334,0,0,0,0,0.0,0.0,0.0,0.0,3,lendingclub_imb77,gbdt
1,0.05,random,0.7800429843414185,0.5674846625766872,0.05102040816326531,0.13496932515337423,81423,0.2204536801640814,557,28,15,13,0.5357142857142857,0.5709156193895871,15.0,0.5664819889326177,3,lendingclub_imb77,gbdt
2,0.05,random,0.7792302458936728,0.5315315315315315,0.0387817703768624,0.06306306306306306,102886,0.21896079155570242,515,26,15,11,0.5769230769230769,0.5611650485436893,15.0,0.5494872565764646,3,lendingclub_imb77,gbdt
3,0.05,random,0.7792745697281647,0.5871559633027523,0.03461954561846376,0.1743119266055046,124337,0.21843055566725914,528,27,19,8,0.7037037037037037,0.5833333333333334,19.0,0.5548375175928434,3,lendingclub_imb77,gbdt
4,0.05,random,0.7836355534226853,0.6197604790419161,0.032384230287859826,0.23952095808383234,145862,0.21817197076688924,450,23,15,8,0.6521739130434783,0.6177777777777778,15.0,0.5467007612135859,3,lendingclub_imb77,gbdt
5,0.05,random,0.7832685987451449,0.6422535211267606,0.030999320190346704,0.28450704225352114,167346,0.21781817312633706,493,25,14,11,0.56,0.5699797160243407,14.0,0.5604454493236392,3,lendingclub_imb77,gbdt
6,0.05,random,0.7804135447830346,0.6061452513966481,0.025925925925925925,0.2122905027932961,188854,0.21816323720969638,468,24,13,11,0.5416666666666666,0.5470085470085471,13.0,0.5561443487348791,3,lendingclub_imb77,gbdt
7,0.05,random,0.7822676491561683,0.6067415730337079,0.02338674750974448,0.21348314606741572,210346,0.21800271932910537,485,25,17,8,0.68,0.5670103092783505,17.0,0.5494705038585708,3,lendingclub_imb77,gbdt
8,0.05,random,0.7801785483244922,0.6104294478527608,0.019384375608805765,0.22085889570552147,231866,0.21829418715982507,455,23,8,15,0.34782608695652173,0.610989010989011,8.0,0.5331834325772319,3,lendingclub_imb77,gbdt
9,0.05,random,0.7844785070328066,0.6203208556149733,0.02106218792555606,0.24064171122994651,253453,0.2185296682225107,385,20,10,10,0.5,0.6311688311688312,10.0,0.5349648897634084,3,lendingclub_imb77,gbdt
10,0.05,random,0.7834648532673916,0.6301703163017032,0.021554593874833557,0.26034063260340634,274988,0.21820952187004525,439,22,12,10,0.5454545454545454,0.5854214123006833,12.0,0.5268770959838428,3,lendingclub_imb77,gbdt
0,0.05,random,0.7716666666666666,0.5641025641025641,0.06330935251798561,0.1282051282051282,60000,0.22443333333333335,0,0,0,0,0.0,0.0,0.0,0.0,4,lendingclub_imb77,gbdt
1,0.05,random,0.7833190025795357,0.5931758530183727,0.06279522089469297,0.18635170603674542,81406,0.22118762744760828,575,29,16,13,0.5517241379310345,0.5721739130434783,16.0,0.5801655434635545,4,lendingclub_imb77,gbdt
2,0.05,random,0.7818367545481077,0.56657223796034,0.0441306266548985,0.13314447592067988,102788,0.22026890298478422,601,31,21,10,0.6774193548387096,0.5607321131447587,21.0,0.5438928797412879,4,lendingclub_imb77,gbdt
3,0.05,random,0.7817406005957652,0.6054794520547945,0.04018912529550828,0.21095890410958903,124208,0.2198087079737215,560,28,18,10,0.6428571428571429,0.5964285714285714,18.0,0.570728578261108,4,lendingclub_imb77,gbdt
4,0.05,random,0.7845303867403315,0.5669291338582677,0.034123222748815164,0.13385826771653545,145701,0.21903075476489522,484,25,13,12,0.52,0.5661157024793388,13.0,0.5494327869541216,4,lendingclub_imb77,gbdt
5,0.05,random,0.7855284795933622,0.589873417721519,0.032164549972390946,0.17974683544303796,167221,0.21853116534406564,455,23,12,11,0.5217391304347826,0.5824175824175825,12.0,0.5301544732785658,4,lendingclub_imb77,gbdt
6,0.05,random,0.782852903772785,0.5614457831325301,0.028252697950769977,0.12289156626506025,188717,0.21805666686096112,480,24,16,8,0.6666666666666666,0.6083333333333333,16.0,0.5466545910677002,4,lendingclub_imb77,gbdt
7,0.05,random,0.7839155351580149,0.5917874396135265,0.026737967914438502,0.18357487922705315,210261,0.21818121287352385,430,22,19,3,0.8636363636363636,0.6139534883720931,19.0,0.5412195818516973,4,lendingclub_imb77,gbdt
8,0.05,random,0.7826349631036119,0.5807291666666666,0.022000789265982635,0.16145833333333334,231727,0.21839923703323308,512,26,15,11,0.5769230769230769,0.5625,15.0,0.5395179442582413,4,lendingclub_imb77,gbdt
9,0.05,random,0.782035337084197,0.5808656036446469,0.02294816414686825,0.16173120728929385,253271,0.21825238578439696,430,22,13,9,0.5909090909090909,0.6348837209302326,13.0,0.5462925124648828,4,lendingclub_imb77,gbdt
10,0.05,random,0.7842159841359361,0.5772357723577236,0.023791572421881544,0.15447154471544716,274835,0.21799625229683264,409,21,15,6,0.7142857142857143,0.5843520782396088,15.0,0.5556616878918792,4,lendingclub_imb77,gbdt
0,0.1,random,0.7825,0.5335051546391752,0.07852807283763277,0.06701030927835051,60000,0.22338333333333332,0,0,0,0,0.0,0.0,0.0,0.0,0,lendingclub_imb77,gbdt
1,0.1,random,0.7820473409160774,0.5561797752808989,0.055230125523012555,0.11235955056179775,81321,0.22108680414653042,702,71,38,33,0.5352112676056338,0.5270655270655271,38.0,0.5777664878960879,0,lendingclub_imb77,gbdt
2,0.1,random,0.7863435051345695,0.5272727272727272,0.039473684210526314,0.05454545454545454,102732,0.2199801425067165,602,61,36,25,0.5901639344262295,0.5398671096345515,36.0,0.5641977092266024,0,lendingclub_imb77,gbdt
3,0.1,random,0.7856309116522439,0.5692695214105793,0.041999628321873254,0.1385390428211587,124222,0.21931702918967655,514,52,38,14,0.7307692307692307,0.5680933852140078,38.0,0.5599952469647657,0,lendingclub_imb77,gbdt
4,0.1,random,0.785049936506847,0.5720930232558139,0.03889328063241107,0.14418604651162792,145685,0.21869787555342005,544,55,39,16,0.7090909090909091,0.6139705882352942,39.0,0.5458962138977292,0,lendingclub_imb77,gbdt
5,0.1,random,0.7865242497681237,0.572429906542056,0.03404196192858135,0.14485981308411214,167111,0.21858525171891738,585,59,30,29,0.5084745762711864,0.5555555555555556,30.0,0.5460333451171535,0,lendingclub_imb77,gbdt
6,0.1,random,0.785640427393483,0.6152073732718893,0.032620647525962124,0.2304147465437788,188581,0.2183040709297331,536,54,32,22,0.5925925925925926,0.5932835820895522,32.0,0.5523725177912764,0,lendingclub_imb77,gbdt
7,0.1,random,0.7845483963072237,0.5928571428571429,0.02726376875068433,0.18571428571428572,210137,0.21847175890014608,440,44,25,19,0.5681818181818182,0.5568181818181818,25.0,0.5426670675695261,0,lendingclub_imb77,gbdt
8,0.1,random,0.7839103781730271,0.577639751552795,0.027662105889351578,0.15527950310559005,231639,0.21808072043136087,501,51,31,20,0.6078431372549019,0.5708582834331337,31.0,0.541887094042919,0,lendingclub_imb77,gbdt
9,0.1,random,0.7858962962962963,0.6228813559322034,0.0268370607028754,0.2457627118644068,253124,0.21789715712457136,519,52,31,21,0.5961538461538461,0.6204238921001927,31.0,0.5517056934584256,0,lendingclub_imb77,gbdt
10,0.1,random,0.7825754541813813,0.5881147540983607,0.023857024106400664,0.1762295081967213,274667,0.21811138578715317,455,46,21,25,0.45652173913043476,0.5406593406593406,21.0,0.5404433260031051,0,lendingclub_imb77,gbdt
0,0.1,random,0.7815,0.5657894736842105,0.08046407185628743,0.13157894736842105,60000,0.22658333333333333,0,0,0,0,0.0,0.0,0.0,0.0,1,lendingclub_imb77,gbdt
1,0.1,random,0.7832339745559584,0.583596214511041,0.051675977653631286,0.167192429022082,81352,0.22342413216638804,667,67,34,33,0.5074626865671642,0.5487256371814093,34.0,0.5532927541975327,1,lendingclub_imb77,gbdt
2,0.1,random,0.7814157139382145,0.5521126760563381,0.04326710816777042,0.10422535211267606,102775,0.22031622476283141,588,59,27,32,0.4576271186440678,0.5357142857142857,27.0,0.565915541054043,1,lendingclub_imb77,gbdt
3,0.1,random,0.7796596532163977,0.5718232044198895,0.037438958220293,0.143646408839779,124282,0.22024106467549606,495,50,29,21,0.58,0.5656565656565656,29.0,0.5492670464129541,1,lendingclub_imb77,gbdt
4,0.1,random,0.7818867924528302,0.5618556701030928,0.034030596315953794,0.12371134020618557,145750,0.21936192109777014,538,54,39,15,0.7222222222222222,0.5650557620817844,39.0,0.5559420460837358,1,lendingclub_imb77,gbdt
5,0.1,random,0.7836173393124066,0.5718232044198895,0.028395061728395062,0.143646408839779,167248,0.21875298957237158,505,51,31,20,0.6078431372549019,0.598019801980198,31.0,0.5610142219199452,1,lendingclub_imb77,gbdt
6,0.1,random,0.7833986651128297,0.6062176165803109,0.028329297820823246,0.21243523316062177,188778,0.21846825371600503,469,47,31,16,0.6595744680851063,0.5565031982942431,31.0,0.5564497505688297,1,lendingclub_imb77,gbdt
7,0.1,random,0.7833147095884548,0.5600961538461539,0.025425578350065474,0.1201923076923077,210302,0.21838594021930366,476,48,23,25,0.4791666666666667,0.5798319327731093,23.0,0.5382904780480716,1,lendingclub_imb77,gbdt
8,0.1,random,0.783471359558316,0.5873983739837398,0.028540391072486668,0.17479674796747968,231840,0.21830141476880607,461,47,31,16,0.6595744680851063,0.6182212581344902,31.0,0.5546149776819127,1,lendingclub_imb77,gbdt
9,0.1,random,0.7837997868393005,0.5888888888888889,0.024016675729563168,0.17777777777777778,253329,0.21821031149217027,515,52,29,23,0.5576923076923077,0.5864077669902913,29.0,0.5442925810728574,1,lendingclub_imb77,gbdt
10,0.1,random,0.7825272386634411,0.5787234042553191,0.02261014131338321,0.1574468085106383,274883,0.21827104622694019,443,45,32,13,0.7111111111111111,0.600451467268623,32.0,0.5456227700854579,1,lendingclub_imb77,gbdt
0,0.1,random,0.7783333333333333,0.5588235294117647,0.06342729970326409,0.11764705882352941,60000,0.2216,0,0,0,0,0.0,0.0,0.0,0.0,2,lendingclub_imb77,gbdt
1,0.1,random,0.779694309741575,0.5923076923076923,0.04234259004674182,0.18461538461538463,81454,0.21968227465808923,554,56,32,24,0.5714285714285714,0.5379061371841155,32.0,0.5550243716187884,2,lendingclub_imb77,gbdt
2,0.1,random,0.7792289765002913,0.6140350877192983,0.037944492627927144,0.22807017543859648,102978,0.21937695430091864,476,48,27,21,0.5625,0.569327731092437,27.0,0.5585805463791584,2,lendingclub_imb77,gbdt
3,0.1,random,0.7844806811792112,0.5809018567639257,0.040353786622443336,0.16180371352785147,124487,0.21872966655152748,493,50,33,17,0.66,0.5821501014198783,33.0,0.5490736717259376,2,lendingclub_imb77,gbdt
4,0.1,random,0.7861596437136006,0.5699745547073791,0.035572494838812134,0.13994910941475827,145948,0.2181050785211171,546,55,30,25,0.5454545454545454,0.6025641025641025,30.0,0.5518892516948193,2,lendingclub_imb77,gbdt
5,0.1,random,0.7833786245408666,0.5914285714285714,0.028286417053839847,0.18285714285714286,167432,0.21763462181661808,520,52,34,18,0.6538461538461539,0.5846153846153846,34.0,0.5637016856198931,2,lendingclub_imb77,gbdt
6,0.1,random,0.7822025825571549,0.5611510791366906,0.02825404491668679,0.1223021582733813,188959,0.21738048994755477,473,48,28,20,0.5833333333333334,0.5856236786469344,28.0,0.5450745592599349,2,lendingclub_imb77,gbdt
7,0.1,random,0.785524252933631,0.6116751269035533,0.026434134035318635,0.2233502538071066,210490,0.21791534039621835,468,47,30,17,0.6382978723404256,0.5769230769230769,30.0,0.5416433684930061,2,lendingclub_imb77,gbdt
8,0.1,random,0.7824559891400374,0.6102449888641426,0.02687591956841589,0.22048997772828507,232045,0.2181085565299834,442,45,29,16,0.6444444444444445,0.5927601809954751,29.0,0.5447574900735493,2,lendingclub_imb77,gbdt
9,0.1,random,0.7818568978094994,0.5978494623655914,0.02492155983863738,0.1956989247311828,253592,0.21867803400738195,451,46,29,17,0.6304347826086957,0.6319290465631929,29.0,0.5463134162786026,2,lendingclub_imb77,gbdt
10,0.1,random,0.78297052731039,0.5816733067729084,0.024280725095626142,0.16334661354581673,275170,0.2185085583457499,416,42,27,15,0.6428571428571429,0.5745192307692307,27.0,0.546318211719592,2,lendingclub_imb77,gbdt
0,0.1,random,0.7776666666666666,0.526813880126183,0.062197392923649904,0.05362776025236593,60000,0.22273333333333334,0,0,0,0,0.0,0.0,0.0,0.0,3,lendingclub_imb77,gbdt
1,0.1,random,0.7777914185746732,0.5329512893982808,0.051056821301125446,0.0659025787965616,81451,0.22059888767479835,557,56,33,23,0.5892857142857143,0.5709156193895871,33.0,0.5649983541023613,3,lendingclub_imb77,gbdt
2,0.1,random,0.7809676479160594,0.5519287833827893,0.0409330985915493,0.10385756676557864,102926,0.21919631579970075,530,53,31,22,0.5849056603773585,0.5471698113207547,31.0,0.5582909125867542,3,lendingclub_imb77,gbdt
3,0.1,random,0.7800016075878144,0.5870206489675516,0.035966022049521054,0.17404129793510326,124406,0.21867112518688808,525,53,37,16,0.6981132075471698,0.5980952380952381,37.0,0.5504975655029207,3,lendingclub_imb77,gbdt
4,0.1,random,0.7832625376815566,0.5945205479452055,0.03392745465916198,0.18904109589041096,145958,0.21851491524959235,445,45,25,20,0.5555555555555556,0.5887640449438202,25.0,0.5495547060859594,3,lendingclub_imb77,gbdt
5,0.1,random,0.7829735136910627,0.6059850374064838,0.033047735618115054,0.2119700748129676,167445,0.2180895219325749,517,52,32,20,0.6153846153846154,0.586073500967118,32.0,0.5425143612569899,3,lendingclub_imb77,gbdt
6,0.1,random,0.7792829739383517,0.6317280453257791,0.026437462951985773,0.26345609065155806,188974,0.21846391567093887,471,48,30,18,0.625,0.5456475583864119,30.0,0.5628126093954994,3,lendingclub_imb77,gbdt
7,0.1,random,0.780627998669897,0.6074270557029178,0.0245787270580659,0.21485411140583555,210506,0.21835482124024969,467,47,32,15,0.6808510638297872,0.5653104925053534,32.0,0.5443554264176875,3,lendingclub_imb77,gbdt
8,0.1,random,0.7826855123674912,0.6333333333333333,0.026083545793292803,0.26666666666666666,232056,0.21871013893198193,447,45,30,15,0.6666666666666666,0.6062639821029083,30.0,0.5474933924020605,3,lendingclub_imb77,gbdt
9,0.1,random,0.7818149557399996,0.60880195599022,0.022319827895302975,0.2176039119804401,253612,0.218850054413829,441,45,26,19,0.5777777777777777,0.63718820861678,26.0,0.5393899175511634,3,lendingclub_imb77,gbdt
10,0.1,random,0.7842763181801664,0.5965665236051502,0.023238318147621832,0.19313304721030042,275187,0.21854593421927634,419,42,21,21,0.5,0.5871121718377088,21.0,0.5425007147595643,3,lendingclub_imb77,gbdt
0,0.1,random,0.7716666666666666,0.5641025641025641,0.06330935251798561,0.1282051282051282,60000,0.22443333333333335,0,0,0,0,0.0,0.0,0.0,0.0,4,lendingclub_imb77,gbdt
1,0.1,random,0.7849204887333456,0.5938375350140056,0.05938375350140056,0.1876750700280112,81435,0.2213298950082888,575,58,34,24,0.5862068965517241,0.5721739130434783,34.0,0.5750980468817244,4,lendingclub_imb77,gbdt
2,0.1,random,0.7837496355330936,0.5785340314136126,0.04900221729490022,0.15706806282722513,102890,0.2204976188162115,553,56,34,22,0.6071428571428571,0.5822784810126582,34.0,0.5601182833866079,4,lendingclub_imb77,gbdt
3,0.1,random,0.784309783264305,0.5942408376963351,0.04175864606328183,0.18848167539267016,124345,0.22002493063653544,553,56,24,32,0.42857142857142855,0.5949367088607594,24.0,0.5545291274726634,4,lendingclub_imb77,gbdt
4,0.1,random,0.7823210858239649,0.5753086419753086,0.03633811603243918,0.1506172839506173,145877,0.21927377173920495,467,47,29,18,0.6170212765957447,0.5845824411134903,29.0,0.550696738321117,4,lendingclub_imb77,gbdt
5,0.1,random,0.787307749738689,0.589242053789731,0.0334954829742877,0.1784841075794621,167423,0.21881103552080658,452,46,28,18,0.6086956521739131,0.584070796460177,28.0,0.5353690570973818,4,lendingclub_imb77,gbdt
6,0.1,random,0.7819966660492684,0.5686813186813187,0.0249728555917481,0.13736263736263737,188963,0.21839196033085842,458,46,26,20,0.5652173913043478,0.6026200873362445,26.0,0.5519145305509408,4,lendingclub_imb77,gbdt
7,0.1,random,0.7821657563524104,0.5797413793103449,0.0290905158429761,0.15948275862068967,210546,0.21856506416650043,410,41,23,18,0.5609756097560976,0.5902439024390244,23.0,0.5413901589921563,4,lendingclub_imb77,gbdt
8,0.1,random,0.7847801262577295,0.577922077922078,0.026538117483351557,0.15584415584415584,232061,0.21877868319105753,486,49,29,20,0.5918367346938775,0.5843621399176955,29.0,0.5343267232221309,4,lendingclub_imb77,gbdt
9,0.1,random,0.7829147115650014,0.5851703406813628,0.02631578947368421,0.17034068136272545,253610,0.21863096881037813,448,45,31,14,0.6888888888888889,0.6294642857142857,31.0,0.5530526133318858,4,lendingclub_imb77,gbdt
10,0.1,random,0.7825241660004361,0.548828125,0.023379648889258673,0.09765625,275176,0.21836206645928424,429,43,27,16,0.627906976744186,0.5734265734265734,27.0,0.548931065797365,4,lendingclub_imb77,gbdt
0,0.15,random,0.7825,0.5335051546391752,0.07852807283763277,0.06701030927835051,60000,0.22338333333333332,0,0,0,0,0.0,0.0,0.0,0.0,0,lendingclub_imb77,gbdt
1,0.15,random,0.7810349065880039,0.506426735218509,0.05521300448430493,0.012853470437017995,81356,0.22117606568661194,702,106,53,53,0.5,0.5270655270655271,53.0,0.5583601514429567,0,lendingclub_imb77,gbdt
2,0.15,random,0.7822639490197986,0.5512465373961218,0.044094837137159316,0.10249307479224377,102783,0.2200655750464571,618,93,43,50,0.46236559139784944,0.529126213592233,43.0,0.5597113130294601,0,lendingclub_imb77,gbdt
3,0.15,random,0.7829881359340438,0.6084507042253521,0.03946647177050978,0.21690140845070421,124323,0.21941233721837472,485,73,46,27,0.6301369863013698,0.5896907216494846,46.0,0.5594570845889464,0,lendingclub_imb77,gbdt
4,0.15,random,0.7855183763027976,0.5656565656565656,0.044296788482835,0.13131313131313133,145838,0.21891413760473952,515,78,54,24,0.6923076923076923,0.6174757281553398,54.0,0.5386930590869757,0,lendingclub_imb77,gbdt
5,0.15,random,0.7832650742877642,0.5904522613065326,0.03209505599562961,0.18090452261306533,167254,0.21884678393341864,631,95,59,36,0.6210526315789474,0.5451664025356577,59.0,0.555165866967756,0,lendingclub_imb77,gbdt
6,0.15,random,0.7864766798209604,0.5873684210526315,0.03425414364640884,0.17473684210526316,188781,0.21863429052711872,500,75,48,27,0.64,0.606,48.0,0.5490696219897754,0,lendingclub_imb77,gbdt
7,0.15,random,0.7864070745970617,0.6101010101010101,0.03320870903892677,0.2202020202020202,210329,0.21875728026092456,476,72,43,29,0.5972222222222222,0.5609243697478992,43.0,0.547407322832843,0,lendingclub_imb77,gbdt
8,0.15,random,0.7868156039074461,0.6121593291404612,0.029220454318022615,0.22431865828092243,231863,0.21834876629733938,492,74,44,30,0.5945945945945946,0.5894308943089431,44.0,0.5486147532607962,0,lendingclub_imb77,gbdt
9,0.15,random,0.784431728492502,0.5780669144981413,0.02824961395222091,0.15613382899628253,253399,0.21826842252731857,490,74,48,26,0.6486486486486487,0.6040816326530613,48.0,0.5476610486217123,0,lendingclub_imb77,gbdt
10,0.15,random,0.782192802196803,0.5941747572815534,0.025343713765115124,0.1883495145631068,274942,0.21847880643917628,482,73,37,36,0.5068493150684932,0.529045643153527,37.0,0.5474864491542065,0,lendingclub_imb77,gbdt
0,0.15,random,0.7815,0.5657894736842105,0.08046407185628743,0.13157894736842105,60000,0.22658333333333333,0,0,0,0,0.0,0.0,0.0,0.0,1,lendingclub_imb77,gbdt
1,0.15,random,0.7789040422656346,0.5196629213483146,0.05120398560752837,0.03932584269662921,81386,0.2235028137517509,667,101,48,53,0.4752475247524752,0.5487256371814093,48.0,0.566237479181975,1,lendingclub_imb77,gbdt
2,0.15,random,0.779782164737917,0.554945054945055,0.04421098708688991,0.10989010989010989,102830,0.2204220558202859,598,90,44,46,0.4888888888888889,0.540133779264214,44.0,0.5480407113093834,1,lendingclub_imb77,gbdt
3,0.15,random,0.7794756313334406,0.5655737704918032,0.037418655097613884,0.13114754098360656,124337,0.22036883630777646,524,79,43,36,0.5443037974683544,0.5515267175572519,43.0,0.5559335209323889,1,lendingclub_imb77,gbdt
4,0.15,random,0.7834047659866278,0.6105527638190955,0.03793911007025761,0.22110552763819097,145825,0.21943425338590777,546,82,40,42,0.4878048780487805,0.5604395604395604,40.0,0.5520846571408335,1,lendingclub_imb77,gbdt
5,0.15,random,0.7844467017208413,0.598014888337469,0.033040855497669316,0.19602977667493796,167358,0.218955771459984,494,75,43,32,0.5733333333333334,0.5728744939271255,43.0,0.5459823640355752,1,lendingclub_imb77,gbdt
6,0.15,random,0.7851887142025303,0.5935960591133005,0.0294189453125,0.18719211822660098,188907,0.21862080282890523,475,72,35,37,0.4861111111111111,0.56,35.0,0.5464186484443623,1,lendingclub_imb77,gbdt
7,0.15,random,0.7827429738911458,0.5801217038539553,0.031006071118820467,0.16024340770791076,210463,0.2185277222124554,466,70,38,32,0.5428571428571428,0.6072961373390557,38.0,0.5489818247451881,1,lendingclub_imb77,gbdt
8,0.15,random,0.7822770079520721,0.5914893617021276,0.02728432623417411,0.1829787234042553,232015,0.21845570329504557,471,71,48,23,0.676056338028169,0.6220806794055201,48.0,0.553212055290474,1,lendingclub_imb77,gbdt
9,0.15,random,0.7829550608325282,0.6047904191616766,0.02726781857451404,0.20958083832335328,253561,0.2184760274647915,478,72,49,23,0.6805555555555556,0.5815899581589958,49.0,0.5468610513768878,1,lendingclub_imb77,gbdt
10,0.15,random,0.7803787575878739,0.5885947046843177,0.023744967545805604,0.17718940936863545,275106,0.21851577210238962,479,72,42,30,0.5833333333333334,0.5803757828810021,42.0,0.5468609305901341,1,lendingclub_imb77,gbdt
0,0.15,random,0.7783333333333333,0.5588235294117647,0.06342729970326409,0.11764705882352941,60000,0.2216,0,0,0,0,0.0,0.0,0.0,0.0,2,lendingclub_imb77,gbdt
1,0.15,random,0.7816776093759588,0.5878378378378378,0.0481994459833795,0.17567567567567569,81482,0.21985223730394443,554,84,52,32,0.6190476190476191,0.5379061371841155,52.0,0.5605030093961693,2,lendingclub_imb77,gbdt
2,0.15,random,0.7816990291262136,0.596100278551532,0.04686815593517302,0.19220055710306408,102996,0.21959105207969243,516,78,43,35,0.5512820512820513,0.5445736434108527,43.0,0.5479986767170733,2,lendingclub_imb77,gbdt
3,0.15,random,0.7839325165695923,0.5306122448979592,0.03849713122339441,0.061224489795918366,124472,0.21875602545150716,560,84,49,35,0.5833333333333334,0.5875,49.0,0.5519156626386507,2,lendingclub_imb77,gbdt
4,0.15,random,0.7858562324402111,0.548926014319809,0.03656016531553012,0.09785202863961814,145930,0.2182073596930035,582,88,52,36,0.5909090909090909,0.584192439862543,52.0,0.5488008674440848,2,lendingclub_imb77,gbdt
5,0.15,random,0.7831476447922578,0.5316455696202531,0.028826355525051476,0.06329113924050633,167392,0.21767467979353852,577,87,49,38,0.5632183908045977,0.5753899480069324,49.0,0.5492929429314867,2,lendingclub_imb77,gbdt
6,0.15,random,0.784173613867937,0.5921658986175116,0.031208257437765636,0.18433179723502305,188922,0.21740189072739013,497,75,40,35,0.5333333333333333,0.5855130784708249,40.0,0.5604436833404248,2,lendingclub_imb77,gbdt
7,0.15,random,0.782510571577897,0.6413793103448275,0.030071136020694115,0.2827586206896552,210469,0.2179560885451064,477,72,47,25,0.6527777777777778,0.5849056603773585,47.0,0.5478962660987773,2,lendingclub_imb77,gbdt
8,0.15,random,0.7819800017239893,0.5816993464052288,0.02619701726844584,0.16339869281045752,232019,0.21811575776121783,473,71,41,30,0.5774647887323944,0.5961945031712473,41.0,0.5453393786961038,2,lendingclub_imb77,gbdt
9,0.15,random,0.7832396726806665,0.6,0.02891891891891892,0.2,253571,0.21871586261835935,471,71,50,21,0.704225352112676,0.6305732484076433,50.0,0.5587339566122489,2,lendingclub_imb77,gbdt
10,0.15,random,0.7827469651813622,0.6205533596837944,0.02599983439595926,0.24110671936758893,275140,0.2185432870538635,451,68,39,29,0.5735294117647058,0.5609756097560976,39.0,0.5494429201889452,2,lendingclub_imb77,gbdt
0,0.15,random,0.7776666666666666,0.526813880126183,0.062197392923649904,0.05362776025236593,60000,0.22273333333333334,0,0,0,0,0.0,0.0,0.0,0.0,3,lendingclub_imb77,gbdt
1,0.15,random,0.781173294059892,0.6083086053412463,0.05633415773564166,0.2166172106824926,81479,0.2207685415874029,557,84,53,31,0.6309523809523809,0.5709156193895871,53.0,0.5624736872701825,3,lendingclub_imb77,gbdt
2,0.15,random,0.7798650550944128,0.5864864864864865,0.0471841704718417,0.17297297297297298,103001,0.21948330598732052,507,77,44,33,0.5714285714285714,0.5463510848126233,44.0,0.5495167531239213,3,lendingclub_imb77,gbdt
3,0.15,random,0.7807140849030082,0.5765027322404371,0.03825235678027556,0.15300546448087432,124492,0.21903415480512803,543,82,49,33,0.5975609756097561,0.567219152854512,49.0,0.5568795171721457,3,lendingclub_imb77,gbdt
4,0.15,random,0.7850124952928691,0.563855421686747,0.03694931312174325,0.12771084337349398,146054,0.21881632820737534,459,69,36,33,0.5217391304347826,0.5925925925925926,36.0,0.5547344039200621,3,lendingclub_imb77,gbdt
5,0.15,random,0.7822207633314434,0.6167800453514739,0.0367517902986083,0.23356009070294784,167553,0.21840850357797234,534,81,45,36,0.5555555555555556,0.5692883895131086,45.0,0.5479278590661142,3,lendingclub_imb77,gbdt
6,0.15,random,0.7811888518694802,0.6478149100257069,0.030035756853396902,0.29562982005141386,189087,0.21870884830792175,492,74,38,36,0.5135135135135135,0.5508130081300813,38.0,0.557553610773024,3,lendingclub_imb77,gbdt
7,0.15,random,0.7827222024445235,0.6116071428571429,0.029605618584548892,0.22321428571428573,210671,0.21857303568122807,433,65,38,27,0.5846153846153846,0.5981524249422633,38.0,0.5461960735941987,3,lendingclub_imb77,gbdt
8,0.15,random,0.780076644850155,0.6082949308755761,0.025608691434668734,0.21658986175115208,232239,0.21888657805105946,452,68,36,32,0.5294117647058824,0.6150442477876106,36.0,0.537152152126593,3,lendingclub_imb77,gbdt
9,0.15,random,0.7805968679208116,0.6325167037861915,0.025228746557697433,0.2650334075723831,253821,0.21906382844603087,436,66,44,22,0.6666666666666666,0.6422018348623854,44.0,0.5460431896401866,3,lendingclub_imb77,gbdt
10,0.15,random,0.78170727279329,0.6078028747433265,0.024404320224255916,0.21560574948665298,275407,0.21877076472275578,431,65,38,27,0.5846153846153846,0.5870069605568445,38.0,0.5488785696040337,3,lendingclub_imb77,gbdt
0,0.15,random,0.7716666666666666,0.5641025641025641,0.06330935251798561,0.1282051282051282,60000,0.22443333333333335,0,0,0,0,0.0,0.0,0.0,0.0,4,lendingclub_imb77,gbdt
1,0.15,random,0.7795372245749709,0.5396039603960396,0.06015452538631347,0.07920792079207921,81464,0.22144751055681036,575,87,50,37,0.5747126436781609,0.5721739130434783,50.0,0.5630252062967839,4,lendingclub_imb77,gbdt
2,0.15,random,0.7839374210475173,0.5757575757575758,0.042250389148321105,0.15151515151515152,102906,0.22057994674751716,601,91,53,38,0.5824175824175825,0.5740432612312812,53.0,0.5548655332069489,4,lendingclub_imb77,gbdt
3,0.15,random,0.7817611832321852,0.5886889460154242,0.041643935260956534,0.17737789203084833,124403,0.2202599615764893,536,81,48,33,0.5925925925925926,0.6026119402985075,48.0,0.5628618657527291,4,lendingclub_imb77,gbdt
4,0.15,random,0.7811504333824386,0.5673289183222958,0.03985113971158319,0.1346578366445916,145944,0.21947459299457325,484,73,40,33,0.547945205479452,0.5826446280991735,40.0,0.5500028796478204,4,lendingclub_imb77,gbdt
5,0.15,random,0.7826865671641791,0.6050228310502284,0.03594682582745524,0.2100456621004566,167496,0.219014185413383,471,71,41,30,0.5774647887323944,0.5753715498938429,41.0,0.5494935484265606,4,lendingclub_imb77,gbdt
6,0.15,random,0.7820211049694533,0.5900216919739696,0.032672672672672674,0.18004338394793926,189052,0.21864883735691767,467,71,43,28,0.6056338028169014,0.588865096359743,43.0,0.560065093464936,4,lendingclub_imb77,gbdt
7,0.15,random,0.7826128243477435,0.5813449023861171,0.02902946273830156,0.16268980477223427,210613,0.2187329367133083,461,70,43,27,0.6142857142857143,0.6073752711496746,43.0,0.5478806024737392,4,lendingclub_imb77,gbdt
8,0.15,random,0.7854358267462147,0.5770833333333333,0.027600637704264647,0.15416666666666667,232144,0.21901061410159212,496,75,41,34,0.5466666666666666,0.5524193548387096,41.0,0.5462281069965844,4,lendingclub_imb77,gbdt
9,0.15,random,0.7834578168417319,0.5803402646502835,0.02772509708299467,0.16068052930056712,253711,0.21881983831997825,454,69,40,29,0.5797101449275363,0.6453744493392071,40.0,0.5458983595567042,4,lendingclub_imb77,gbdt
10,0.15,random,0.7815615975589821,0.5665399239543726,0.02463420682813921,0.13307984790874525,275295,0.21855100891770646,433,65,38,27,0.5846153846153846,0.5750577367205543,38.0,0.5542851003637903,4,lendingclub_imb77,gbdt
0,0.2,random,0.7825,0.5335051546391752,0.07852807283763277,0.06701030927835051,60000,0.22338333333333332,0,0,0,0,0.0,0.0,0.0,0.0,0,lendingclub_imb77,gbdt
1,0.2,random,0.7857976534185146,0.5428571428571428,0.059375,0.08571428571428572,81391,0.22143725964787261,702,141,82,59,0.5815602836879432,0.5270655270655271,82.0,0.5618686247072249,0,lendingclub_imb77,gbdt
2,0.2,random,0.780419036507705,0.5510204081632653,0.04152021089630931,0.10204081632653061,102854,0.22039006747428394,612,123,63,60,0.5121951219512195,0.5343137254901961,63.0,0.5587191385153547,0,lendingclub_imb77,gbdt
3,0.2,random,0.783234206719177,0.6047120418848168,0.04219948849104859,0.2094240837696335,124420,0.2197637035846327,483,97,62,35,0.6391752577319587,0.5921325051759835,62.0,0.5492314979761082,0,lendingclub_imb77,gbdt
4,0.2,random,0.7843829233193997,0.5692307692307692,0.040748898678414094,0.13846153846153847,145930,0.21926266017953813,553,111,66,45,0.5945945945945946,0.5858951175406871,66.0,0.5449066674275354,0,lendingclub_imb77,gbdt
5,0.2,random,0.7834786763827499,0.6139534883720931,0.03592814371257485,0.22790697674418606,167419,0.21927021425286258,579,116,73,43,0.6293103448275862,0.5561312607944733,73.0,0.5544671231054787,0,lendingclub_imb77,gbdt
6,0.2,random,0.7821174353682093,0.6095444685466378,0.03371325734853029,0.21908893709327548,188951,0.21906208487914855,526,106,66,40,0.6226415094339622,0.5893536121673004,66.0,0.5435025011057558,0,lendingclub_imb77,gbdt
7,0.2,random,0.784791488553244,0.6133333333333333,0.03507243219692844,0.22666666666666666,210539,0.21918029438726316,456,92,53,39,0.5760869565217391,0.5701754385964912,53.0,0.5476503374840785,0,lendingclub_imb77,gbdt
8,0.2,random,0.7854526651441376,0.6343434343434343,0.031116836785254186,0.2686868686868687,232066,0.218739496522541,532,107,70,37,0.6542056074766355,0.5939849624060151,70.0,0.5510709749360492,0,lendingclub_imb77,gbdt
9,0.2,random,0.7851397705318771,0.5909090909090909,0.030718894846859947,0.18181818181818182,253630,0.21866892717738437,486,98,61,37,0.6224489795918368,0.6008230452674898,61.0,0.5505944275151106,0,lendingclub_imb77,gbdt
10,0.2,random,0.7844800959319755,0.6056338028169014,0.03225806451612903,0.2112676056338028,275192,0.2188472048606064,488,98,56,42,0.5714285714285714,0.5532786885245902,56.0,0.5498203026779626,0,lendingclub_imb77,gbdt
0,0.2,random,0.7815,0.5657894736842105,0.08046407185628743,0.13157894736842105,60000,0.22658333333333333,0,0,0,0,0.0,0.0,0.0,0.0,1,lendingclub_imb77,gbdt
1,0.2,random,0.7794767870302137,0.5893854748603352,0.057729138166894664,0.1787709497206704,81419,0.2236701507019246,667,134,69,65,0.5149253731343284,0.5487256371814093,69.0,0.5602115088843442,1,lendingclub_imb77,gbdt
2,0.2,random,0.781174069394499,0.5475,0.04822726271746312,0.095,102888,0.22078376487053883,604,121,67,54,0.5537190082644629,0.5248344370860927,67.0,0.5580608484123214,1,lendingclub_imb77,gbdt
3,0.2,random,0.7799035369774919,0.5668934240362812,0.045167118337850046,0.13378684807256236,124399,0.22076544023665784,552,111,70,41,0.6306306306306306,0.5489130434782609,70.0,0.5503006747285931,1,lendingclub_imb77,gbdt
4,0.2,random,0.7826221079691517,0.5926773455377574,0.04032383621360735,0.1853546910755149,145874,0.21974443697985932,597,120,67,53,0.5583333333333333,0.5695142378559463,67.0,0.5613647920159182,1,lendingclub_imb77,gbdt
5,0.2,random,0.7821385902031064,0.5793269230769231,0.0327445652173913,0.15865384615384615,167398,0.21914240313504343,536,108,68,40,0.6296296296296297,0.6044776119402985,68.0,0.5511989523420842,1,lendingclub_imb77,gbdt
6,0.2,random,0.7813144943641848,0.5608108108108109,0.02993148214929679,0.12162162162162163,188968,0.21883599339570722,478,96,52,44,0.5416666666666666,0.5627615062761506,52.0,0.552315352518186,1,lendingclub_imb77,gbdt
7,0.2,random,0.7838704314992044,0.5634920634920635,0.030987452264048008,0.12698412698412698,210543,0.21873916492118,472,95,53,42,0.5578947368421052,0.614406779661017,53.0,0.5416087169117544,1,lendingclub_imb77,gbdt
8,0.2,random,0.7832062384214381,0.5724020442930153,0.033106710020691696,0.14480408858603067,232110,0.21867218129335228,482,97,65,32,0.6701030927835051,0.6244813278008299,65.0,0.557159956164863,1,lendingclub_imb77,gbdt
9,0.2,random,0.7811267938810913,0.5915789473684211,0.025111706881143878,0.1831578947368421,253639,0.2186335697585939,529,106,54,52,0.5094339622641509,0.5614366729678639,54.0,0.5504067679973406,1,lendingclub_imb77,gbdt
10,0.2,random,0.7793823796548592,0.5753424657534246,0.024054982817869417,0.1506849315068493,275249,0.21871105798749496,428,86,45,41,0.5232558139534884,0.5911214953271028,45.0,0.5489959036825216,1,lendingclub_imb77,gbdt
0,0.2,random,0.7783333333333333,0.5588235294117647,0.06342729970326409,0.11764705882352941,60000,0.2216,0,0,0,0,0.0,0.0,0.0,0.0,2,lendingclub_imb77,gbdt
1,0.2,random,0.7786774628879892,0.5939597315436241,0.048307860262008735,0.18791946308724833,81509,0.2199020967009778,554,111,62,49,0.5585585585585585,0.5379061371841155,62.0,0.5492158912300745,2,lendingclub_imb77,gbdt
2,0.2,random,0.7822142441296333,0.5884244372990354,0.040272887323943664,0.17684887459807075,103057,0.21958721872361897,505,101,59,42,0.5841584158415841,0.5821782178217821,59.0,0.5472660624155733,2,lendingclub_imb77,gbdt
3,0.2,random,0.7826592842240411,0.5772357723577236,0.03891121666057727,0.15447154471544716,124617,0.21895086545174414,490,98,55,43,0.5612244897959183,0.5959183673469388,55.0,0.5601113547405547,2,lendingclub_imb77,gbdt
4,0.2,random,0.7805904286251839,0.5679611650485437,0.03616692426584235,0.13592233009708737,146162,0.21866148520135192,509,102,66,36,0.6470588235294118,0.5756385068762279,66.0,0.5508587074053735,2,lendingclub_imb77,gbdt
5,0.2,random,0.7834421488835226,0.5856079404466501,0.03218328105822992,0.17121588089330025,167711,0.21824448008777003,504,101,55,46,0.5445544554455446,0.5753968253968254,55.0,0.5552224275040435,2,lendingclub_imb77,gbdt
6,0.2,random,0.7858293926505164,0.5846501128668171,0.03165485211439746,0.16930022573363432,189263,0.21798766795411675,501,101,62,39,0.6138613861386139,0.5848303393213573,62.0,0.5545420523425465,2,lendingclub_imb77,gbdt
7,0.2,random,0.7823045365078612,0.588957055214724,0.03107801877630301,0.17791411042944785,210841,0.21854857451823886,468,94,63,31,0.6702127659574468,0.5854700854700855,63.0,0.5479266975772225,2,lendingclub_imb77,gbdt
8,0.2,random,0.7832017383447,0.5797598627787307,0.03323500491642085,0.1595197255574614,232403,0.21867617887893012,488,98,64,34,0.6530612244897959,0.6086065573770492,64.0,0.5455853513461251,2,lendingclub_imb77,gbdt
9,0.2,random,0.7821704205386675,0.603290676416819,0.02952491724076228,0.20658135283363802,253958,0.21924491451342348,497,100,64,36,0.64,0.6156941649899397,64.0,0.558638517563109,2,lendingclub_imb77,gbdt
10,0.2,random,0.7812675775225446,0.5817555938037866,0.027818930041152264,0.16351118760757316,275565,0.2190880554497124,432,87,47,40,0.5402298850574713,0.5486111111111112,47.0,0.553034676986537,2,lendingclub_imb77,gbdt
0,0.2,random,0.7776666666666666,0.526813880126183,0.062197392923649904,0.05362776025236593,60000,0.22273333333333334,0,0,0,0,0.0,0.0,0.0,0.0,3,lendingclub_imb77,gbdt
1,0.2,random,0.7841369157158631,0.5911949685534591,0.052558009505171935,0.18238993710691823,81507,0.22092581005312428,557,112,72,40,0.6428571428571429,0.5709156193895871,72.0,0.5592875394848811,3,lendingclub_imb77,gbdt
2,0.2,random,0.7802416420010675,0.5428571428571428,0.04581323980710215,0.08571428571428572,103043,0.21959764370214377,521,105,55,50,0.5238095238095238,0.5489443378119002,55.0,0.5481217320723855,3,lendingclub_imb77,gbdt
3,0.2,random,0.781184780863702,0.5506493506493506,0.03860863230741213,0.1012987012987013,124576,0.21923163370151555,524,105,60,45,0.5714285714285714,0.566793893129771,60.0,0.5620998827738863,3,lendingclub_imb77,gbdt
4,0.2,random,0.7824569806027847,0.600997506234414,0.0374223602484472,0.20199501246882792,146154,0.21904976942129534,468,94,60,34,0.6382978723404256,0.6047008547008547,60.0,0.554511946317541,3,lendingclub_imb77,gbdt
5,0.2,random,0.7851007992365502,0.6145124716553289,0.03708772410017791,0.2290249433106576,167656,0.21860834088848594,563,113,65,48,0.5752212389380531,0.5754884547069272,65.0,0.5575114524462143,3,lendingclub_imb77,gbdt
6,0.2,random,0.7807991120976693,0.6105769230769231,0.03028496482651723,0.22115384615384615,189209,0.21890079224561199,499,100,53,47,0.53,0.5591182364729459,53.0,0.5501740840907213,3,lendingclub_imb77,gbdt
7,0.2,random,0.784353725359964,0.6349557522123894,0.031151633561272117,0.26991150442477874,210783,0.21873680515032048,473,95,60,35,0.631578947368421,0.6025369978858351,60.0,0.5485004963252484,3,lendingclub_imb77,gbdt
8,0.2,random,0.7784878216714003,0.6052104208416834,0.029038461538461537,0.21042084168336672,232380,0.2190894224976332,444,89,54,35,0.6067415730337079,0.6238738738738738,54.0,0.5405020462716708,3,lendingclub_imb77,gbdt
9,0.2,random,0.7812776848114972,0.6230769230769231,0.028830752802989856,0.24615384615384617,253972,0.21929189044461594,450,90,56,34,0.6222222222222222,0.62,56.0,0.5385234851389752,3,lendingclub_imb77,gbdt
10,0.2,random,0.7825195507412044,0.5825602968460112,0.026004140786749484,0.16512059369202226,275564,0.21899449855568942,450,90,57,33,0.6333333333333333,0.5933333333333334,57.0,0.5507499404503334,3,lendingclub_imb77,gbdt
0,0.2,random,0.7716666666666666,0.5641025641025641,0.06330935251798561,0.1282051282051282,60000,0.22443333333333335,0,0,0,0,0.0,0.0,0.0,0.0,4,lendingclub_imb77,gbdt
1,0.2,random,0.7767347690042334,0.5644768856447688,0.0628385698808234,0.12895377128953772,81492,0.2216168458253571,575,115,70,45,0.6086956521739131,0.5721739130434783,70.0,0.554584990916348,4,lendingclub_imb77,gbdt
2,0.2,random,0.7825685846079146,0.6081081081081081,0.04936375603334796,0.21621621621621623,102971,0.22082916549319712,592,119,67,52,0.5630252100840336,0.5726351351351351,67.0,0.5644316486219896,4,lendingclub_imb77,gbdt
3,0.2,random,0.7811784552355705,0.5524475524475524,0.04314582195521573,0.1048951048951049,124483,0.22058433681707543,551,111,67,44,0.6036036036036037,0.588021778584392,67.0,0.5547868887575041,4,lendingclub_imb77,gbdt
4,0.2,random,0.779215887690464,0.5334728033472803,0.03935185185185185,0.06694560669456066,146021,0.2197834558043021,518,104,61,43,0.5865384615384616,0.5772200772200772,61.0,0.5550948611281872,4,lendingclub_imb77,gbdt
5,0.2,random,0.7854649601718429,0.5774058577405857,0.03799036476256022,0.15481171548117154,167595,0.2192905516274352,473,95,51,44,0.5368421052631579,0.5813953488372093,51.0,0.5494943529594947,4,lendingclub_imb77,gbdt
6,0.2,random,0.7827672789744945,0.5524193548387096,0.03312779591343248,0.10483870967741936,189171,0.2189341918158703,470,94,56,38,0.5957446808510638,0.5872340425531914,56.0,0.5503949832711805,4,lendingclub_imb77,gbdt
7,0.2,random,0.7830027522065104,0.5748502994011976,0.031233054983190543,0.1497005988023952,210740,0.2190234412071747,479,96,54,42,0.5625,0.5887265135699373,54.0,0.5470236814208103,4,lendingclub_imb77,gbdt
8,0.2,random,0.7837122190648411,0.5988700564971752,0.031323877068557916,0.1977401129943503,232260,0.2192456729527254,540,108,61,47,0.5648148148148148,0.5611111111111111,61.0,0.5460357190856726,4,lendingclub_imb77,gbdt
9,0.2,random,0.7856495706294808,0.5936329588014981,0.028862787945005918,0.18726591760299627,253856,0.21913998487331401,445,89,54,35,0.6067415730337079,0.6157303370786517,54.0,0.5469976168587773,4,lendingclub_imb77,gbdt
10,0.2,random,0.7818960666509357,0.5586776859504132,0.027963928187308678,0.11735537190082644,275462,0.21888681560433018,433,87,51,36,0.5862068965517241,0.5681293302540416,51.0,0.5408624781889941,4,lendingclub_imb77,gbdt
0,0.3,random,0.7825,0.5335051546391752,0.07852807283763277,0.06701030927835051,60000,0.22338333333333332,0,0,0,0,0.0,0.0,0.0,0.0,0,lendingclub_imb77,gbdt
1,0.3,random,0.7789848401153869,0.5315068493150685,0.05353200883002208,0.06301369863013699,81461,0.22172573378672003,702,211,121,90,0.5734597156398105,0.5270655270655271,121.0,0.5631037506888904,0,lendingclub_imb77,gbdt
2,0.3,random,0.7831067961165048,0.5100502512562815,0.045352993744414656,0.020100502512562814,102998,0.22072273248024232,593,178,84,94,0.47191011235955055,0.5413153456998314,84.0,0.5525455708380619,0,lendingclub_imb77,gbdt
3,0.3,random,0.7833921977845562,0.5747663551401869,0.04504669474455228,0.14953271028037382,124580,0.2200915074650827,529,159,92,67,0.5786163522012578,0.5784499054820416,92.0,0.5451689240866112,0,lendingclub_imb77,gbdt
4,0.3,random,0.7838864180636332,0.5685071574642127,0.043546365914786965,0.13701431492842536,146146,0.21965021280089772,552,166,95,71,0.572289156626506,0.5887681159420289,95.0,0.5469807898936403,0,lendingclub_imb77,gbdt
5,0.3,random,0.7810608545275649,0.56,0.037822504390112116,0.12,167692,0.21968251317892326,580,174,106,68,0.6091954022988506,0.5689655172413793,106.0,0.5493245103129655,0,lendingclub_imb77,gbdt
6,0.3,random,0.7823479685105933,0.6133828996282528,0.039468963042698244,0.22676579925650558,189270,0.21945369049505997,535,161,95,66,0.5900621118012422,0.6056074766355141,95.0,0.5506103199610143,0,lendingclub_imb77,gbdt
7,0.3,random,0.78371072910492,0.6103646833013435,0.034426761935693405,0.22072936660268713,210872,0.21955024849197619,500,150,85,65,0.5666666666666667,0.57,85.0,0.550929568109876,0,lendingclub_imb77,gbdt
8,0.3,random,0.7833960640929132,0.5841269841269842,0.03615996855654908,0.16825396825396827,232475,0.21919776320034412,499,150,92,58,0.6133333333333333,0.5871743486973948,92.0,0.5467944995946561,0,lendingclub_imb77,gbdt
9,0.3,random,0.7805002853712779,0.5837173579109063,0.033741786538803054,0.1674347158218126,254051,0.21908199534739087,538,162,103,59,0.6358024691358025,0.6189591078066915,103.0,0.5430400866337072,0,lendingclub_imb77,gbdt
10,0.3,random,0.7833499591910764,0.5676795580110497,0.03412770904259736,0.13535911602209943,275671,0.21929038600360576,475,143,80,63,0.5594405594405595,0.5557894736842105,80.0,0.5464005586365455,0,lendingclub_imb77,gbdt
0,0.3,random,0.7815,0.5657894736842105,0.08046407185628743,0.13157894736842105,60000,0.22658333333333333,0,0,0,0,0.0,0.0,0.0,0.0,1,lendingclub_imb77,gbdt
1,0.3,random,0.7761074978524972,0.53125,0.05554043016607678,0.0625,81486,0.22400166899835555,667,201,111,90,0.5522388059701493,0.5487256371814093,111.0,0.5623789168275538,1,lendingclub_imb77,gbdt
2,0.3,random,0.781872026410331,0.5959079283887468,0.05100700525394045,0.1918158567774936,102987,0.2211152863953703,645,194,107,87,0.5515463917525774,0.5317829457364341,107.0,0.5596183881877009,1,lendingclub_imb77,gbdt
3,0.3,random,0.7830449965881267,0.6052009456264775,0.04659628685839097,0.21040189125295508,124563,0.22108491285534226,538,162,96,66,0.5925925925925926,0.5743494423791822,96.0,0.5560456023935715,1,lendingclub_imb77,gbdt
4,0.3,random,0.7791807822605482,0.5891304347826087,0.041469013006886,0.1782608695652174,146113,0.22020627870210044,575,173,96,77,0.5549132947976878,0.5652173913043478,96.0,0.5470312800672409,1,lendingclub_imb77,gbdt
5,0.3,random,0.7831609075459884,0.5688976377952756,0.039357210949203324,0.1377952755905512,167701,0.2197303534266343,521,157,94,63,0.5987261146496815,0.5854126679462572,94.0,0.5496970590019378,1,lendingclub_imb77,gbdt
6,0.3,random,0.7822412381480601,0.5684803001876173,0.0364270257273383,0.13696060037523453,189315,0.2194966061854581,484,146,82,64,0.5616438356164384,0.5433884297520661,82.0,0.5416791848876626,1,lendingclub_imb77,gbdt
7,0.3,random,0.784220757669148,0.5747330960854092,0.03516220335292837,0.1494661921708185,210910,0.2193826750746764,511,154,84,70,0.5454545454545454,0.598825831702544,84.0,0.5495564373856815,1,lendingclub_imb77,gbdt
8,0.3,random,0.7840755155137936,0.5915721231766613,0.035942885278188084,0.18314424635332252,232534,0.21937007061332967,469,141,88,53,0.624113475177305,0.6076759061833689,88.0,0.5523056847046206,1,lendingclub_imb77,gbdt
9,0.3,random,0.7807839124788477,0.5948012232415902,0.03453173546382601,0.18960244648318042,254109,0.21938223360841214,539,162,98,64,0.6049382716049383,0.562152133580705,98.0,0.550380098214443,1,lendingclub_imb77,gbdt
10,0.3,random,0.7818280739934712,0.6005917159763313,0.0333716915995397,0.20118343195266272,275699,0.2194023191959347,518,156,94,62,0.6025641025641025,0.5907335907335908,94.0,0.5547232211190453,1,lendingclub_imb77,gbdt
0,0.3,random,0.7783333333333333,0.5588235294117647,0.06342729970326409,0.11764705882352941,60000,0.2216,0,0,0,0,0.0,0.0,0.0,0.0,2,lendingclub_imb77,gbdt
1,0.3,random,0.7802979219027769,0.5537974683544303,0.04836926478717524,0.10759493670886076,81565,0.22019248452154724,554,167,98,69,0.5868263473053892,0.5379061371841155,98.0,0.5574022140969447,2,lendingclub_imb77,gbdt
2,0.3,random,0.7786499975771672,0.5752688172043011,0.046280276816609,0.15053763440860216,103181,0.22019557864335487,480,144,86,58,0.5972222222222222,0.55625,86.0,0.5473514758335027,2,lendingclub_imb77,gbdt
3,0.3,random,0.7816971980598869,0.6177884615384616,0.04635642135642136,0.23557692307692307,124734,0.21954719643401158,571,172,103,69,0.5988372093023255,0.5779334500875657,103.0,0.5537119764222577,2,lendingclub_imb77,gbdt
4,0.3,random,0.7834688717282854,0.5645833333333333,0.04235036724488201,0.12916666666666668,146326,0.21918866093517214,515,155,87,68,0.5612903225806452,0.5844660194174758,87.0,0.5531382759795074,2,lendingclub_imb77,gbdt
5,0.3,random,0.7864141278775425,0.5694716242661448,0.040176722352616316,0.13894324853228962,167894,0.21876302905404602,549,165,103,62,0.6242424242424243,0.5901639344262295,103.0,0.5567517774441778,2,lendingclub_imb77,gbdt
6,0.3,random,0.7819558792484695,0.5934664246823956,0.03908677982309347,0.1869328493647913,189479,0.21848859240337978,525,158,90,68,0.569620253164557,0.5828571428571429,90.0,0.5575099816110822,2,lendingclub_imb77,gbdt
7,0.3,random,0.7787094940306992,0.615678776290631,0.03402726408115819,0.23135755258126195,211077,0.21898169862182995,506,152,83,69,0.5460526315789473,0.5790513833992095,83.0,0.5468979292368307,2,lendingclub_imb77,gbdt
8,0.3,random,0.779482551143201,0.5765124555160143,0.031310398144569,0.15302491103202848,232678,0.21905809745657087,502,151,69,82,0.45695364238410596,0.5896414342629482,69.0,0.5425064850568092,2,lendingclub_imb77,gbdt
9,0.3,random,0.7796346906273962,0.5869894099848714,0.0342665371368012,0.17397881996974282,254301,0.21970027644405646,471,142,99,43,0.6971830985915493,0.6348195329087049,99.0,0.5541860302998882,2,lendingclub_imb77,gbdt
10,0.3,random,0.7817822715082989,0.5897832817337462,0.031334813718233406,0.17956656346749225,275937,0.21955011470009458,452,136,83,53,0.6102941176470589,0.5641592920353983,83.0,0.5545754330446402,2,lendingclub_imb77,gbdt
0,0.3,random,0.7776666666666666,0.526813880126183,0.062197392923649904,0.05362776025236593,60000,0.22273333333333334,0,0,0,0,0.0,0.0,0.0,0.0,3,lendingclub_imb77,gbdt
1,0.3,random,0.7803592227058175,0.5885558583106267,0.05921052631578947,0.1771117166212534,81563,0.22112967889852017,557,168,101,67,0.6011904761904762,0.5709156193895871,101.0,0.5611153591754294,3,lendingclub_imb77,gbdt
2,0.3,random,0.7765823398274693,0.5475,0.0471170395869191,0.095,103168,0.2200973169975186,497,150,93,57,0.62,0.5513078470824949,93.0,0.5570031516628482,3,lendingclub_imb77,gbdt
3,0.3,random,0.7819726664261953,0.5985037406483791,0.043486138793259646,0.1970074812967581,124755,0.21975872710512603,522,157,84,73,0.535031847133758,0.5651340996168582,84.0,0.5544411270682162,3,lendingclub_imb77,gbdt
4,0.3,random,0.7829695665539502,0.5929752066115702,0.04453755431409063,0.1859504132231405,146383,0.2196908110914519,464,140,89,51,0.6357142857142857,0.5883620689655172,89.0,0.5486420513657582,3,lendingclub_imb77,gbdt
5,0.3,random,0.7799279526035309,0.5760649087221096,0.03803401633855631,0.15212981744421908,167941,0.21924961742516716,564,170,93,77,0.5470588235294118,0.5780141843971631,93.0,0.5551528046194668,3,lendingclub_imb77,gbdt
6,0.3,random,0.7776986388097499,0.6467991169977925,0.03422897196261682,0.293598233995585,189536,0.2195677865946311,511,154,87,67,0.564935064935065,0.5577299412915852,87.0,0.5536274092707945,3,lendingclub_imb77,gbdt
7,0.3,random,0.781771684307736,0.6194029850746269,0.03553082191780822,0.23880597014925373,211155,0.21945016693897848,476,143,81,62,0.5664335664335665,0.5714285714285714,81.0,0.5440709515501903,3,lendingclub_imb77,gbdt
8,0.3,random,0.778562990011814,0.6256781193490054,0.03311638591117917,0.2513562386980108,232775,0.2198474922135109,475,143,89,54,0.6223776223776224,0.5915789473684211,89.0,0.5469777337768017,3,lendingclub_imb77,gbdt
9,0.3,random,0.7802999037006466,0.6210191082802548,0.03441885093989939,0.24203821656050956,254411,0.2200808927286949,452,136,90,46,0.6617647058823529,0.6172566371681416,90.0,0.5509755615675803,3,lendingclub_imb77,gbdt
10,0.3,random,0.7806397855305582,0.5901408450704225,0.03423762052622978,0.18028169014084508,276030,0.21973336231569032,476,143,84,59,0.5874125874125874,0.5987394957983193,84.0,0.5487690321798897,3,lendingclub_imb77,gbdt
0,0.3,random,0.7716666666666666,0.5641025641025641,0.06330935251798561,0.1282051282051282,60000,0.22443333333333335,0,0,0,0,0.0,0.0,0.0,0.0,4,lendingclub_imb77,gbdt
1,0.3,random,0.7825873697118332,0.5784313725490197,0.06537396121883657,0.1568627450980392,81550,0.22182709993868793,575,173,100,73,0.5780346820809249,0.5721739130434783,100.0,0.5584436971895912,4,lendingclub_imb77,gbdt
2,0.3,random,0.7811348205625607,0.5731414868105515,0.05225185832968955,0.14628297362110312,103099,0.22133095374348927,576,173,106,67,0.6127167630057804,0.5694444444444444,106.0,0.5599510018858513,4,lendingclub_imb77,gbdt
3,0.3,random,0.7788654417074541,0.5789473684210527,0.0453323777100878,0.15789473684210525,124629,0.2211283088205795,603,181,108,73,0.5966850828729282,0.572139303482587,108.0,0.5540721098907454,4,lendingclub_imb77,gbdt
4,0.3,random,0.7832940130611686,0.59375,0.04433727442439328,0.1875,146234,0.2204548873722937,496,149,81,68,0.5436241610738255,0.5524193548387096,81.0,0.5562250250516204,4,lendingclub_imb77,gbdt
5,0.3,random,0.783192826715124,0.5714285714285714,0.04079967360261118,0.14285714285714285,167841,0.21998796480001906,493,148,88,60,0.5945945945945946,0.5801217038539553,88.0,0.5468563931842588,4,lendingclub_imb77,gbdt
6,0.3,random,0.7850713965212341,0.5317324185248714,0.037897310513447434,0.0634648370497427,189432,0.21958803158917184,517,156,92,64,0.5897435897435898,0.5841392649903289,92.0,0.552207466485549,4,lendingclub_imb77,gbdt
7,0.3,random,0.7840962941901242,0.6023890784982935,0.03823656845753899,0.20477815699658702,211017,0.21966476634583942,525,158,102,56,0.6455696202531646,0.6,102.0,0.5508664506345974,4,lendingclub_imb77,gbdt
8,0.3,random,0.7842003439380911,0.5865384615384616,0.03606977431753228,0.17307692307692307,232596,0.21994789248310376,533,160,109,51,0.68125,0.5816135084427767,109.0,0.5490819161368319,4,lendingclub_imb77,gbdt
9,0.3,random,0.7845243012529258,0.5925925925925926,0.036101083032490974,0.18518518518518517,254204,0.2198155811867634,492,148,93,55,0.6283783783783784,0.6138211382113821,93.0,0.5509258358013909,4,lendingclub_imb77,gbdt
10,0.3,random,0.7826520438683948,0.6017964071856288,0.033151904997525974,0.20359281437125748,275824,0.2194986658158826,475,143,78,65,0.5454545454545454,0.5747368421052632,78.0,0.5469004333333337,4,lendingclub_imb77,gbdt
0,0.5,random,0.7825,0.5335051546391752,0.07852807283763277,0.06701030927835051,60000,0.22338333333333332,0,0,0,0,0.0,0.0,0.0,0.0,0,lendingclub_imb77,gbdt
1,0.5,random,0.7823662765761902,0.5793871866295265,0.05763369354391798,0.15877437325905291,81601,0.22208061175720886,702,351,181,170,0.5156695156695157,0.5270655270655271,181.0,0.5586195999012024,0,lendingclub_imb77,gbdt
2,0.5,random,0.783608462022559,0.5481798715203426,0.056699889258028796,0.09635974304068523,103282,0.22164559168102865,542,271,152,119,0.5608856088560885,0.5369003690036901,152.0,0.5541893992229552,0,lendingclub_imb77,gbdt
3,0.5,random,0.7826991557636138,0.598,0.05407849520708989,0.196,124963,0.22112145194977714,543,272,152,120,0.5588235294117647,0.572744014732965,152.0,0.5530114038225058,0,lendingclub_imb77,gbdt
4,0.5,random,0.7841459256733719,0.5721311475409836,0.05436983953886898,0.14426229508196722,146647,0.22081597305093184,537,269,156,113,0.5799256505576208,0.5921787709497207,156.0,0.5490474514243455,0,lendingclub_imb77,gbdt
5,0.5,random,0.7809603042548134,0.615916955017301,0.047428723687716494,0.23183391003460208,168280,0.2208818635607321,638,319,181,138,0.567398119122257,0.5564263322884012,181.0,0.5551858189906167,0,lendingclub_imb77,gbdt
6,0.5,random,0.7859868923222699,0.5975039001560063,0.04639050387596899,0.19500780031201248,189963,0.22069560914493874,539,270,154,116,0.5703703703703704,0.6048237476808905,154.0,0.5520978628214508,0,lendingclub_imb77,gbdt
7,0.5,random,0.7802395068143704,0.586046511627907,0.04014869888475837,0.17209302325581396,211684,0.2208575045823019,462,231,128,103,0.5541125541125541,0.564935064935065,128.0,0.5476521940803035,0,lendingclub_imb77,gbdt
8,0.5,random,0.7826981168455557,0.5876010781671159,0.04244135111457218,0.1752021563342318,233383,0.22053020142855306,507,254,148,106,0.5826771653543307,0.5798816568047337,148.0,0.5489366186883843,0,lendingclub_imb77,gbdt
9,0.5,random,0.7823495971615079,0.5778588807785888,0.04229365150031164,0.15571776155717762,255065,0.22045753043341892,540,270,162,108,0.6,0.6092592592592593,162.0,0.5492643911342638,0,lendingclub_imb77,gbdt
10,0.5,random,0.7823023558317675,0.6089517078916372,0.042255823457294645,0.21790341578327443,276759,0.22068659013799008,517,259,145,114,0.5598455598455598,0.5357833655705996,145.0,0.5508625988927651,0,lendingclub_imb77,gbdt
0,0.5,random,0.7815,0.5657894736842105,0.08046407185628743,0.13157894736842105,60000,0.22658333333333333,0,0,0,0,0.0,0.0,0.0,0.0,1,lendingclub_imb77,gbdt
1,0.5,random,0.7825287919627543,0.5388349514563107,0.06197654941373534,0.07766990291262135,81619,0.2245310528185839,667,334,184,150,0.5508982035928144,0.5487256371814093,184.0,0.5606110683710227,1,lendingclub_imb77,gbdt
2,0.5,random,0.7799786904300658,0.5809312638580931,0.05675909878682842,0.16186252771618626,103240,0.2218035645098799,662,331,161,170,0.486404833836858,0.5181268882175226,161.0,0.5584054736173811,1,lendingclub_imb77,gbdt
3,0.5,random,0.7842619276336855,0.57,0.0521978021978022,0.14,124920,0.22198206852385527,545,273,157,116,0.575091575091575,0.5614678899082569,157.0,0.554626961999841,1,lendingclub_imb77,gbdt
4,0.5,random,0.7804045986422407,0.5901960784313726,0.04610200643283811,0.1803921568627451,146564,0.22125487841489042,616,308,177,131,0.5746753246753247,0.5584415584415584,177.0,0.551536045566225,1,lendingclub_imb77,gbdt
5,0.5,random,0.7811357760542035,0.5878136200716846,0.04395015409352807,0.17562724014336917,168255,0.22078987251493268,522,261,150,111,0.5747126436781609,0.6015325670498084,150.0,0.5483407766730246,1,lendingclub_imb77,gbdt
6,0.5,random,0.7836557441768653,0.6225490196078431,0.04551971326164875,0.24509803921568626,189973,0.22057871381722666,468,234,126,108,0.5384615384615384,0.5491452991452992,126.0,0.5437734455559797,1,lendingclub_imb77,gbdt
7,0.5,random,0.7819534663989607,0.592274678111588,0.04423076923076923,0.18454935622317598,211675,0.22057871737333176,500,250,152,98,0.608,0.606,152.0,0.5549748769460777,1,lendingclub_imb77,gbdt
8,0.5,random,0.779158454023481,0.5675029868578255,0.04558103828807216,0.13500597371565112,233380,0.2206101636815494,494,247,157,90,0.6356275303643725,0.6072874493927125,157.0,0.5488200832555639,1,lendingclub_imb77,gbdt
9,0.5,random,0.7821211527151539,0.5965770171149144,0.043293115684882894,0.19315403422982885,255049,0.22057722241608474,566,283,152,131,0.5371024734982333,0.5671378091872792,152.0,0.5518511556389014,1,lendingclub_imb77,gbdt
10,0.5,random,0.780809048040615,0.6100917431192661,0.04316780266147355,0.22018348623853212,276742,0.22065317154606096,518,259,153,106,0.5907335907335908,0.581081081081081,153.0,0.5528665954229923,1,lendingclub_imb77,gbdt
0,0.5,random,0.7783333333333333,0.5588235294117647,0.06342729970326409,0.11764705882352941,60000,0.2216,0,0,0,0,0.0,0.0,0.0,0.0,2,lendingclub_imb77,gbdt
1,0.5,random,0.7804713804713804,0.5951557093425606,0.04723976929414996,0.1903114186851211,81675,0.22053259871441688,554,277,150,127,0.5415162454873647,0.5379061371841155,150.0,0.5517976860114381,2,lendingclub_imb77,gbdt
2,0.5,random,0.7820116054158608,0.5904761904761905,0.05410122164048865,0.18095238095238095,103398,0.2206715797210778,459,230,123,107,0.5347826086956522,0.5642701525054467,123.0,0.5457935448690724,2,lendingclub_imb77,gbdt
3,0.5,random,0.7820733218726262,0.5708154506437768,0.04821460938916078,0.14163090128755365,125064,0.2201912620738182,572,286,176,110,0.6153846153846154,0.6066433566433567,176.0,0.5491444070372531,2,lendingclub_imb77,gbdt
4,0.5,random,0.7833583208395802,0.5570698466780238,0.05089494163424124,0.1141396933560477,146737,0.21994452660201586,558,279,161,118,0.5770609318996416,0.5860215053763441,161.0,0.5502693285211137,2,lendingclub_imb77,gbdt
5,0.5,random,0.7845902612826603,0.5891891891891892,0.044465596954038615,0.1783783783783784,168396,0.21951827834390367,586,293,164,129,0.5597269624573379,0.5955631399317406,164.0,0.5512843618988695,2,lendingclub_imb77,gbdt
6,0.5,random,0.7831724573262144,0.5944625407166124,0.04366028708133971,0.18892508143322476,190103,0.2193705517535231,491,246,149,97,0.6056910569105691,0.6069246435845214,149.0,0.5540128703388331,2,lendingclub_imb77,gbdt
7,0.5,random,0.78357962324725,0.6078431372549019,0.046556532932847026,0.21568627450980393,211809,0.21999065195529935,492,246,143,103,0.5813008130081301,0.5752032520325203,143.0,0.5505239340543456,2,lendingclub_imb77,gbdt
8,0.5,random,0.7852798835067883,0.5880052151238592,0.04438102735681952,0.1760104302477184,233486,0.22024875153114104,550,275,170,105,0.6181818181818182,0.5745454545454546,170.0,0.548370941175223,2,lendingclub_imb77,gbdt
9,0.5,random,0.7806842229014813,0.5945626477541371,0.04430546991984498,0.18912529550827423,255177,0.2208271121613625,522,261,149,112,0.5708812260536399,0.6206896551724138,149.0,0.5542073551311136,2,lendingclub_imb77,gbdt
10,0.5,random,0.7787749647874608,0.5573212258796821,0.039750647668393785,0.11464245175936436,276887,0.22066402539664196,485,243,136,107,0.5596707818930041,0.5587628865979382,136.0,0.5477492552547438,2,lendingclub_imb77,gbdt
0,0.5,random,0.7776666666666666,0.526813880126183,0.062197392923649904,0.05362776025236593,60000,0.22273333333333334,0,0,0,0,0.0,0.0,0.0,0.0,3,lendingclub_imb77,gbdt
1,0.5,random,0.7813896541169268,0.5717821782178217,0.06365389914577019,0.14356435643564355,81674,0.22156377794647011,557,279,161,118,0.5770609318996416,0.5709156193895871,161.0,0.5578336404012851,3,lendingclub_imb77,gbdt
2,0.5,random,0.780234133126935,0.5211581291759465,0.05129329241560719,0.042316258351893093,103356,0.2205677464298154,540,270,132,138,0.4888888888888889,0.524074074074074,132.0,0.5553693518361319,3,lendingclub_imb77,gbdt
3,0.5,random,0.7811325281932336,0.5862831858407079,0.04773914609980184,0.17256637168141592,125029,0.2204208623599325,558,279,167,112,0.5985663082437276,0.5824372759856631,167.0,0.5550016377996393,3,lendingclub_imb77,gbdt
4,0.5,random,0.783187951478806,0.634765625,0.049992308875557605,0.26953125,146739,0.22039130701449514,485,243,143,100,0.588477366255144,0.5958762886597938,143.0,0.5528660315015976,3,lendingclub_imb77,gbdt
5,0.5,random,0.783421904224683,0.5964601769911504,0.04551593733117234,0.1929203539823009,168415,0.22023572722144702,552,276,173,103,0.6268115942028986,0.5742753623188406,173.0,0.5486720076637039,3,lendingclub_imb77,gbdt
6,0.5,random,0.7773920361895744,0.5896147403685092,0.0410687201026718,0.17922948073701842,190110,0.22063016148545578,515,258,149,109,0.5775193798449613,0.5611650485436893,149.0,0.5558904051709758,3,lendingclub_imb77,gbdt
7,0.5,random,0.7818748377044923,0.6026587887740029,0.04350143938586203,0.20531757754800592,211803,0.2205256771622687,519,260,148,112,0.5692307692307692,0.5722543352601156,148.0,0.5509163357506532,3,lendingclub_imb77,gbdt
8,0.5,random,0.78187696721838,0.623448275862069,0.04360409029519583,0.24689655172413794,233514,0.2209417850749848,482,241,156,85,0.6473029045643154,0.6224066390041494,156.0,0.5499081695532853,3,lendingclub_imb77,gbdt
9,0.5,random,0.7820439986678943,0.6187419768934531,0.042613385200247544,0.2374839537869063,255231,0.22120745520724364,471,236,147,89,0.6228813559322034,0.6072186836518046,147.0,0.5462838068170428,3,lendingclub_imb77,gbdt
10,0.5,random,0.7851339640355312,0.6110458284371327,0.043010752688172046,0.22209165687426558,276938,0.22091587286685108,491,246,137,109,0.556910569105691,0.5682281059063137,137.0,0.5522524067940117,3,lendingclub_imb77,gbdt
0,0.5,random,0.7716666666666666,0.5641025641025641,0.06330935251798561,0.1282051282051282,60000,0.22443333333333335,0,0,0,0,0.0,0.0,0.0,0.0,4,lendingclub_imb77,gbdt
1,0.5,random,0.7773832119022838,0.5486284289276808,0.05986394557823129,0.09725685785536159,81665,0.2222739239576318,575,288,162,126,0.5625,0.5721739130434783,162.0,0.5605520125056204,4,lendingclub_imb77,gbdt
2,0.5,random,0.7815357816809406,0.6292682926829268,0.05583207098030729,0.25853658536585367,103335,0.22204480572893986,565,283,172,111,0.607773851590106,0.584070796460177,172.0,0.5555903687705998,4,lendingclub_imb77,gbdt
3,0.5,random,0.7860427914417116,0.5727109515260324,0.058736880869084886,0.14542190305206462,125021,0.22213068204541636,533,267,170,97,0.6367041198501873,0.6022514071294559,170.0,0.5531777949762926,4,lendingclub_imb77,gbdt
4,0.5,random,0.7833333333333333,0.5989304812834224,0.05194805194805195,0.19786096256684493,146697,0.2214837385904279,553,277,145,132,0.5234657039711191,0.5370705244122965,145.0,0.5553214797067426,4,lendingclub_imb77,gbdt
5,0.5,random,0.7793183302654236,0.5752508361204013,0.04572643892064336,0.1505016722408027,168410,0.2211448251291491,478,239,145,94,0.606694560669456,0.5774058577405857,145.0,0.5486453311580897,4,lendingclub_imb77,gbdt
6,0.5,random,0.7850661476552432,0.5619469026548672,0.04614825581395349,0.12389380530973451,190105,0.22081481286657373,515,258,156,102,0.6046511627906976,0.5922330097087378,156.0,0.5527667597246334,4,lendingclub_imb77,gbdt
7,0.5,random,0.7840364503411318,0.5912698412698413,0.04813698040060306,0.18253968253968253,211791,0.22087340821847953,532,266,151,115,0.5676691729323309,0.599624060150376,151.0,0.5503104513719831,4,lendingclub_imb77,gbdt
8,0.5,random,0.7808571244993682,0.5737931034482758,0.040235999613115386,0.14758620689655172,233455,0.22112184361011758,576,288,156,132,0.5416666666666666,0.5555555555555556,156.0,0.5478970244543285,4,lendingclub_imb77,gbdt
9,0.5,random,0.7812702083047559,0.5926395939086294,0.041298195967456666,0.18527918781725888,255152,0.22102511444158776,511,256,160,96,0.625,0.6164383561643836,160.0,0.5455031103531354,4,lendingclub_imb77,gbdt
10,0.5,random,0.782410835214447,0.5712694877505567,0.04212860310421286,0.14253897550111358,276874,0.22077912696750146,460,230,128,102,0.5565217391304348,0.5543478260869565,128.0,0.5482295334755318,4,lendingclub_imb77,gbdt
0,0.75,random,0.7825,0.5335051546391752,0.07852807283763277,0.06701030927835051,60000,0.22338333333333332,0,0,0,0,0.0,0.0,0.0,0.0,0,lendingclub_imb77,gbdt
1,0.75,random,0.7799584250427978,0.5414634146341464,0.0611065235342692,0.08292682926829269,81777,0.2228866307152378,702,527,286,241,0.5426944971537002,0.5270655270655271,286.0,0.5607678052365359,0,lendingclub_imb77,gbdt
2,0.75,random,0.7810976492735434,0.541747572815534,0.06094364351245085,0.08349514563106795,103584,0.2226598702502317,582,437,234,203,0.5354691075514875,0.5257731958762887,234.0,0.556391277148461,0,lendingclub_imb77,gbdt
3,0.75,random,0.7819204083260228,0.587248322147651,0.0628027992104791,0.174496644295302,125387,0.22233564883121854,597,448,256,192,0.5714285714285714,0.5711892797319933,256.0,0.551936739951332,0,lendingclub_imb77,gbdt
4,0.75,random,0.7847000475575786,0.564963503649635,0.06021471915357087,0.12992700729927006,147190,0.2221686255859773,599,450,263,187,0.5844444444444444,0.5876460767946577,263.0,0.5515719645563142,0,lendingclub_imb77,gbdt
5,0.75,random,0.7806674951180543,0.5777777777777777,0.06207719856744926,0.15555555555555556,168989,0.22238133843031202,614,461,254,207,0.5509761388286334,0.5488599348534202,254.0,0.5558060695871031,0,lendingclub_imb77,gbdt
6,0.75,random,0.7836945412615635,0.5853107344632769,0.06162998215348007,0.17062146892655367,190792,0.2222734705857688,599,450,257,193,0.5711111111111111,0.5926544240400667,257.0,0.5555248282618542,0,lendingclub_imb77,gbdt
7,0.75,random,0.7838295470579935,0.5691788526434196,0.05432098765432099,0.13835770528683913,212608,0.22245635159542446,545,409,233,176,0.5696821515892421,0.5614678899082569,233.0,0.5557024133214317,0,lendingclub_imb77,gbdt
8,0.75,random,0.7850226089924068,0.588053553038105,0.05570731707317073,0.17610710607621008,234420,0.22214828086340757,562,422,244,178,0.5781990521327014,0.5800711743772242,244.0,0.5566248814008403,0,lendingclub_imb77,gbdt
9,0.75,random,0.7849197986184288,0.5979284369114878,0.05654496883348174,0.1958568738229755,256228,0.22212248466209783,576,432,261,171,0.6041666666666666,0.6128472222222222,261.0,0.5493850329032964,0,lendingclub_imb77,gbdt
10,0.75,random,0.781168515887716,0.5598360655737705,0.055460820138043036,0.11967213114754098,278043,0.22230014781886254,550,413,222,191,0.5375302663438256,0.5545454545454546,222.0,0.5517931767237765,0,lendingclub_imb77,gbdt
0,0.75,random,0.7815,0.5657894736842105,0.08046407185628743,0.13157894736842105,60000,0.22658333333333333,0,0,0,0,0.0,0.0,0.0,0.0,1,lendingclub_imb77,gbdt
1,0.75,random,0.7783958919183275,0.5485961123110151,0.06920980926430517,0.09719222462203024,81786,0.22523414765363264,667,501,279,222,0.5568862275449101,0.5487256371814093,279.0,0.560516572315554,1,lendingclub_imb77,gbdt
2,0.75,random,0.78059377262853,0.57421875,0.06362259251244319,0.1484375,103574,0.2229999806901346,657,493,271,222,0.5496957403651116,0.532724505327245,271.0,0.5616590074838756,1,lendingclub_imb77,gbdt
3,0.75,random,0.7799354041229715,0.5645161290322581,0.06251116270762636,0.12903225806451613,125393,0.22330592616812742,532,399,232,167,0.581453634085213,0.5789473684210527,232.0,0.5530482850826001,1,lendingclub_imb77,gbdt
4,0.75,random,0.7816162233771528,0.6126878130217028,0.05591102985984156,0.22537562604340566,147192,0.22267514538833633,615,462,251,211,0.5432900432900433,0.5544715447154471,251.0,0.5548289504514199,1,lendingclub_imb77,gbdt
5,0.75,random,0.7816465994142532,0.5686528497409327,0.0586349672766128,0.13730569948186527,169013,0.2223734268961559,525,394,236,158,0.5989847715736041,0.5961904761904762,236.0,0.550646003586174,1,lendingclub_imb77,gbdt
6,0.75,random,0.7789131687889744,0.5877659574468085,0.05157526254375729,0.17553191489361702,190826,0.2221500214855418,557,418,234,184,0.5598086124401914,0.5601436265709157,234.0,0.5526730752018854,1,lendingclub_imb77,gbdt
7,0.75,random,0.7796665961298818,0.56875,0.057455540355677154,0.1375,212651,0.2222138621497195,510,383,228,155,0.5953002610966057,0.596078431372549,228.0,0.5553827260192431,1,lendingclub_imb77,gbdt
8,0.75,random,0.7826207484806482,0.577490774907749,0.06041304767419417,0.15498154981549817,234471,0.22224923338067396,529,397,251,146,0.6322418136020151,0.6275992438563327,251.0,0.5524977159051033,1,lendingclub_imb77,gbdt
9,0.75,random,0.7804073828384126,0.5671641791044776,0.05662692847124825,0.13432835820895522,256270,0.22227338354079682,613,460,262,198,0.5695652173913044,0.5742251223491027,262.0,0.5511236982478191,1,lendingclub_imb77,gbdt
10,0.75,random,0.780710586881473,0.5877268798617113,0.05484313251068634,0.17545375972342264,278077,0.2223844474731819,581,436,258,178,0.591743119266055,0.5748709122203098,258.0,0.5530781784474424,1,lendingclub_imb77,gbdt
0,0.75,random,0.7783333333333333,0.5588235294117647,0.06342729970326409,0.11764705882352941,60000,0.2216,0,0,0,0,0.0,0.0,0.0,0.0,2,lendingclub_imb77,gbdt
1,0.75,random,0.7823748701338386,0.5794392523364486,0.05149501661129568,0.1588785046728972,81814,0.22095240423399418,554,416,215,201,0.5168269230769231,0.5379061371841155,215.0,0.5554229408167501,2,lendingclub_imb77,gbdt
2,0.75,random,0.7785335262904004,0.5788235294117647,0.0528123658222413,0.15764705882352942,103649,0.22149755424557882,468,351,201,150,0.5726495726495726,0.5576923076923077,201.0,0.5462969283121935,2,lendingclub_imb77,gbdt
3,0.75,random,0.7830245068738793,0.5644283121597096,0.05638143582306019,0.12885662431941924,125473,0.22133048544308337,512,384,226,158,0.5885416666666666,0.595703125,226.0,0.5500983912144529,2,lendingclub_imb77,gbdt
4,0.75,random,0.7802634258944938,0.5640625,0.05507246376811594,0.128125,147288,0.2213011243278475,548,411,236,175,0.5742092457420924,0.572992700729927,236.0,0.5500905733216621,2,lendingclub_imb77,gbdt
5,0.75,random,0.7818746303962153,0.61875,0.052596626378005044,0.2375,169097,0.22110386346298277,572,429,249,180,0.5804195804195804,0.5821678321678322,249.0,0.5536146032793273,2,lendingclub_imb77,gbdt
6,0.75,random,0.7831927931702718,0.5979381443298969,0.05503498991815917,0.1958762886597938,190929,0.22102456934253048,480,360,212,148,0.5888888888888889,0.5958333333333333,212.0,0.5541088712194631,2,lendingclub_imb77,gbdt
7,0.75,random,0.7793471363775234,0.6004645760743321,0.054068186571846893,0.20092915214866433,212755,0.22168691687621914,507,381,215,166,0.5643044619422573,0.5581854043392505,215.0,0.5492934571095976,2,lendingclub_imb77,gbdt
8,0.75,random,0.7823677367097241,0.592173017507724,0.055347001636346135,0.184346035015448,234569,0.22194748666703615,555,417,251,166,0.6019184652278178,0.5927927927927928,251.0,0.5497598391839497,2,lendingclub_imb77,gbdt
9,0.75,random,0.7786380124029798,0.5851851851851851,0.05478977026441266,0.17037037037037037,256389,0.22262265541813417,530,398,246,152,0.6180904522613065,0.6226415094339622,246.0,0.5555317206343298,2,lendingclub_imb77,gbdt
10,0.75,random,0.7799902952752368,0.586239396795476,0.05006036217303823,0.17247879359095195,278214,0.22245465720632318,508,381,218,163,0.5721784776902887,0.5708661417322834,218.0,0.5514987143685666,2,lendingclub_imb77,gbdt
0,0.75,random,0.7776666666666666,0.526813880126183,0.062197392923649904,0.05362776025236593,60000,0.22273333333333334,0,0,0,0,0.0,0.0,0.0,0.0,3,lendingclub_imb77,gbdt
1,0.75,random,0.7821915296705984,0.5762273901808785,0.06155120066243445,0.1524547803617571,81813,0.22210406659088408,557,418,236,182,0.5645933014354066,0.5709156193895871,236.0,0.5564933848282784,3,lendingclub_imb77,gbdt
2,0.75,random,0.7771023302938197,0.5392156862745098,0.059012875536480686,0.0784313725490196,103631,0.22146847950902723,536,402,221,181,0.5497512437810945,0.5466417910447762,221.0,0.5547042450478207,3,lendingclub_imb77,gbdt
3,0.75,random,0.7783889353900115,0.5664451827242525,0.060460992907801415,0.132890365448505,125443,0.2215029933914208,561,421,243,178,0.5771971496437055,0.5846702317290553,243.0,0.5573416623071346,3,lendingclub_imb77,gbdt
4,0.75,random,0.7853456471546924,0.5993740219092332,0.059389052566289346,0.19874804381846636,147260,0.22160124949069673,541,406,247,159,0.6083743842364532,0.6044362292051756,247.0,0.5543355360188308,3,lendingclub_imb77,gbdt
5,0.75,random,0.7815928784786916,0.5851216022889842,0.054504264392324094,0.17024320457796852,169064,0.22150191643401315,594,446,259,187,0.5807174887892377,0.5707070707070707,259.0,0.5559178278613949,3,lendingclub_imb77,gbdt
6,0.75,random,0.779972234591508,0.589974293059126,0.05374707259953162,0.17994858611825193,190883,0.22190556518914728,533,400,217,183,0.5425,0.5628517823639775,217.0,0.556631022047237,3,lendingclub_imb77,gbdt
7,0.75,random,0.7799586291194585,0.5907429963459196,0.05099894847528917,0.1814859926918392,212707,0.2218967875998439,512,384,221,163,0.5755208333333334,0.572265625,221.0,0.553711237965632,3,lendingclub_imb77,gbdt
8,0.75,random,0.781252664790654,0.5895765472312704,0.05208133512372914,0.1791530944625407,234536,0.22233260565542176,493,370,218,152,0.5891891891891892,0.6105476673427992,218.0,0.550774274151861,3,lendingclub_imb77,gbdt
9,0.75,random,0.7808398182279173,0.5736354273944387,0.04894551845342707,0.14727085478887744,256364,0.2225897551918366,499,375,237,138,0.632,0.6472945891783567,237.0,0.5498316498977548,3,lendingclub_imb77,gbdt
10,0.75,random,0.7818256978019016,0.6037906137184116,0.054086829978171234,0.2075812274368231,278191,0.22236880416692129,503,378,226,152,0.5978835978835979,0.5805168986083499,226.0,0.547796027407035,3,lendingclub_imb77,gbdt
0,0.75,random,0.7716666666666666,0.5641025641025641,0.06330935251798561,0.1282051282051282,60000,0.22443333333333335,0,0,0,0,0.0,0.0,0.0,0.0,4,lendingclub_imb77,gbdt
1,0.75,random,0.779672411685613,0.5779376498800959,0.06566757493188011,0.15587529976019185,81809,0.22284834186947647,575,432,241,191,0.5578703703703703,0.5721739130434783,241.0,0.5623300796682886,4,lendingclub_imb77,gbdt
2,0.75,random,0.7808926417370325,0.5891783567134269,0.06349892008639309,0.17835671342685372,103624,0.2229309812398672,550,413,239,174,0.5786924939467313,0.5818181818181818,239.0,0.5564812924978,4,lendingclub_imb77,gbdt
3,0.75,random,0.7801339285714286,0.5681444991789819,0.0617967494195392,0.13628899835796388,125436,0.22320545935776012,561,421,253,168,0.6009501187648456,0.5935828877005348,253.0,0.5560485381375208,4,lendingclub_imb77,gbdt
4,0.75,random,0.7848217317487266,0.5685131195335277,0.06064375680298554,0.13702623906705538,147249,0.22273835475962486,557,418,233,185,0.5574162679425837,0.547576301615799,233.0,0.5562886716330593,4,lendingclub_imb77,gbdt
5,0.75,random,0.7805707526245749,0.5580808080808081,0.05883919062832801,0.11616161616161616,169073,0.22241280393676105,514,386,216,170,0.5595854922279793,0.5700389105058365,216.0,0.5491731060931279,4,lendingclub_imb77,gbdt
6,0.75,random,0.7808947561422809,0.5610972568578554,0.053172633817795106,0.12219451371571072,190889,0.2221709999004657,545,409,243,166,0.5941320293398533,0.5889908256880734,243.0,0.5590538529930993,4,lendingclub_imb77,gbdt
7,0.75,random,0.7806821654403987,0.5912568306010929,0.05696535748130989,0.1825136612021858,212705,0.22240661949648574,545,409,243,166,0.5941320293398533,0.5779816513761468,243.0,0.5538413195961363,4,lendingclub_imb77,gbdt
8,0.75,random,0.783544060894224,0.5863342566943675,0.06141793210175065,0.17266851338873498,234505,0.22271593356218417,610,458,268,190,0.5851528384279476,0.580327868852459,268.0,0.5525401743670298,4,lendingclub_imb77,gbdt
9,0.75,random,0.7831268896908222,0.5855769230769231,0.053912889518413595,0.17115384615384616,256324,0.222675207939951,535,402,254,148,0.6318407960199005,0.6224299065420561,254.0,0.5522231483064286,4,lendingclub_imb77,gbdt
10,0.75,random,0.7789102806090349,0.5559875583203733,0.05746202684240135,0.1119751166407465,278143,0.22237841685751575,532,399,221,178,0.5538847117794486,0.5733082706766918,221.0,0.551512460221799,4,lendingclub_imb77,gbdt
0,1.0,random,0.7825,0.5335051546391752,0.07852807283763277,0.06701030927835051,60000,0.22338333333333332,0,0,0,0,0.0,0.0,0.0,0.0,0,lendingclub_imb77,gbdt
1,1.0,random,0.7810993838081874,0.5448430493273543,0.06697905181918412,0.08968609865470852,81952,0.22343566966028894,702,702,370,332,0.5270655270655271,0.5270655270655271,370.0,0.5610834060649299,0,lendingclub_imb77,gbdt
2,1.0,random,0.7793657668062172,0.5494505494505495,0.06466910972192283,0.0989010989010989,103904,0.2234755158607946,608,608,319,289,0.524671052631579,0.524671052631579,319.0,0.5582296213149621,0,lendingclub_imb77,gbdt
3,1.0,random,0.7812648975051645,0.580441640378549,0.06562054208273894,0.1608832807570978,125856,0.22342200610221205,530,530,299,231,0.5641509433962264,0.5641509433962264,299.0,0.5498446398548048,0,lendingclub_imb77,gbdt
4,1.0,random,0.7861105473242677,0.5709090909090909,0.07313664596273292,0.14181818181818182,147808,0.22347234249837628,581,581,351,230,0.6041308089500861,0.6041308089500861,351.0,0.5518873313209716,0,lendingclub_imb77,gbdt
5,1.0,random,0.7831644674835061,0.5570469798657718,0.06672025723472669,0.11409395973154363,169760,0.22380419415645617,675,675,366,309,0.5422222222222223,0.5422222222222223,366.0,0.5550388622909886,0,lendingclub_imb77,gbdt
6,1.0,random,0.7817854627963383,0.569620253164557,0.06353688669255206,0.13924050632911392,191712,0.2238722667334335,623,623,363,260,0.5826645264847512,0.5826645264847512,363.0,0.5554701071163877,0,lendingclub_imb77,gbdt
7,1.0,random,0.7812229424566495,0.5505415162454874,0.0644752140365712,0.10108303249097472,213664,0.22409016025161,554,554,312,242,0.5631768953068592,0.5631768953068592,312.0,0.5513823807203221,0,lendingclub_imb77,gbdt
8,1.0,random,0.7813428401663696,0.5864978902953587,0.06613379008468931,0.1729957805907173,235616,0.22384727692516637,590,590,335,255,0.5677966101694916,0.5677966101694916,335.0,0.5549697950709349,0,lendingclub_imb77,gbdt
9,1.0,random,0.782738672982102,0.5635439360929557,0.06826779273335093,0.1270878721859114,257568,0.22390980245993292,585,585,357,228,0.6102564102564103,0.6102564102564103,357.0,0.5537257219090626,0,lendingclub_imb77,gbdt
10,1.0,random,0.7811068975386377,0.5598179453836151,0.06931809033089123,0.11963589076723016,279520,0.22413423010875788,576,576,309,267,0.5364583333333334,0.5364583333333334,309.0,0.5548469707503764,0,lendingclub_imb77,gbdt
0,1.0,random,0.7815,0.5657894736842105,0.08046407185628743,0.13157894736842105,60000,0.22658333333333333,0,0,0,0,0.0,0.0,0.0,0.0,1,lendingclub_imb77,gbdt
1,1.0,random,0.7795131474589714,0.5472527472527473,0.06808859721082855,0.0945054945054945,81952,0.2258395158141351,667,667,366,301,0.5487256371814093,0.5487256371814093,366.0,0.5608315451231857,1,lendingclub_imb77,gbdt
2,1.0,random,0.7802319426399115,0.5631067961165048,0.06260794473229707,0.1262135922330097,103904,0.22388935940868493,652,652,343,309,0.5260736196319018,0.5260736196319018,343.0,0.5597492972716915,1,lendingclub_imb77,gbdt
3,1.0,random,0.7815827109486732,0.5712187958883994,0.06952636282394996,0.14243759177679882,125856,0.22440725908975337,534,534,300,234,0.5617977528089888,0.5617977528089888,300.0,0.5536238405869692,1,lendingclub_imb77,gbdt
4,1.0,random,0.7770448548812665,0.5907335907335908,0.06818181818181818,0.18146718146718147,147808,0.22399328859060402,628,628,357,271,0.5684713375796179,0.5684713375796179,357.0,0.5552169691483129,1,lendingclub_imb77,gbdt
5,1.0,random,0.7769203581526861,0.5814506539833532,0.06341589936454416,0.1629013079667063,169760,0.22380419415645617,553,553,327,226,0.5913200723327305,0.5913200723327305,327.0,0.549717092835249,1,lendingclub_imb77,gbdt
6,1.0,random,0.7778212450773283,0.6049250535331906,0.06483075157773953,0.20985010706638116,191712,0.22366362043064597,510,510,282,228,0.5529411764705883,0.5529411764705883,282.0,0.5501396128556907,1,lendingclub_imb77,gbdt
7,1.0,random,0.7795614630379332,0.5659163987138264,0.07345575959933222,0.13183279742765272,213664,0.22379530477759474,551,551,330,221,0.5989110707803993,0.5989110707803993,330.0,0.5524305081863465,1,lendingclub_imb77,gbdt
8,1.0,random,0.7781173075290723,0.5707656612529002,0.06936742175016448,0.14153132250580047,235616,0.2239024514464213,587,587,354,233,0.6030664395229983,0.6030664395229983,354.0,0.553527009029986,1,lendingclub_imb77,gbdt
9,1.0,random,0.7802344993593975,0.5836403831982314,0.0685833044683062,0.16728076639646278,257568,0.22400298173686173,641,641,363,278,0.5663026521060842,0.5663026521060842,363.0,0.553649199245779,1,lendingclub_imb77,gbdt
10,1.0,random,0.7775829994275901,0.5770020533880903,0.06659293783079231,0.1540041067761807,279520,0.22413423010875788,580,580,340,240,0.5862068965517241,0.5862068965517241,340.0,0.554312736205664,1,lendingclub_imb77,gbdt
0,1.0,random,0.7783333333333333,0.5588235294117647,0.06342729970326409,0.11764705882352941,60000,0.2216,0,0,0,0,0.0,0.0,0.0,0.0,2,lendingclub_imb77,gbdt
1,1.0,random,0.776706729302666,0.6103542234332425,0.05987703822507351,0.22070844686648503,81952,0.22159312768449824,554,554,298,256,0.5379061371841155,0.5379061371841155,298.0,0.5555933376144703,2,lendingclub_imb77,gbdt
2,1.0,random,0.7769597228237333,0.5887096774193549,0.06182511115816219,0.1774193548387097,103904,0.2223302279026794,483,483,270,213,0.5590062111801242,0.5590062111801242,270.0,0.5487300912199168,2,lendingclub_imb77,gbdt
3,1.0,random,0.7802320038137613,0.56738768718802,0.06075182611794049,0.13477537437603992,125856,0.22242086193745234,578,578,343,235,0.5934256055363322,0.5934256055363322,343.0,0.5512579231386967,2,lendingclub_imb77,gbdt
4,1.0,random,0.7807996752587781,0.5679676985195155,0.06412399331408601,0.13593539703903096,147808,0.2225522299198961,579,579,341,238,0.5889464594127807,0.5889464594127807,341.0,0.5494045923254078,2,lendingclub_imb77,gbdt
5,1.0,random,0.7824281338360037,0.6015132408575031,0.06319554848966613,0.2030264817150063,169760,0.222502356267672,571,571,329,242,0.5761821366024519,0.5761821366024519,329.0,0.555676576487007,2,lendingclub_imb77,gbdt
6,1.0,random,0.7817854627963383,0.5715695952615992,0.06802161654135339,0.14313919052319843,191712,0.22251084960774495,567,567,332,235,0.5855379188712522,0.5855379188712522,332.0,0.5529192865984596,2,lendingclub_imb77,gbdt
7,1.0,random,0.7781339948049517,0.5982824427480916,0.0647259213378755,0.1965648854961832,213664,0.22320559382956418,591,591,336,255,0.5685279187817259,0.5685279187817259,336.0,0.5539650771783019,2,lendingclub_imb77,gbdt
8,1.0,random,0.7793268822680587,0.5565723793677204,0.06350261034646416,0.11314475873544093,235616,0.2235247181855222,566,566,334,232,0.5901060070671378,0.5901060070671378,334.0,0.5536710827944528,2,lendingclub_imb77,gbdt
9,1.0,random,0.7803509725511512,0.5856630824372759,0.0707114419248745,0.17132616487455196,257568,0.22427475462790408,588,588,359,229,0.6105442176870748,0.6105442176870748,359.0,0.5577140996738199,2,lendingclub_imb77,gbdt
10,1.0,random,0.7765455065827133,0.5718911917098446,0.06945099889885166,0.14378238341968913,279520,0.22413423010875788,541,541,295,246,0.5452865064695009,0.5452865064695009,295.0,0.5538933996818142,2,lendingclub_imb77,gbdt
0,1.0,random,0.7776666666666666,0.526813880126183,0.062197392923649904,0.05362776025236593,60000,0.22273333333333334,0,0,0,0,0.0,0.0,0.0,0.0,3,lendingclub_imb77,gbdt
1,1.0,random,0.7801842474528705,0.6008869179600886,0.07336220898754738,0.2017738359201774,81952,0.22272793830534948,557,557,318,239,0.5709156193895871,0.5709156193895871,318.0,0.5565222736795895,3,lendingclub_imb77,gbdt
2,1.0,random,0.7778258986574275,0.5807860262008734,0.05670432743551482,0.1615720524017467,103904,0.22236872497690174,562,562,309,253,0.5498220640569395,0.5498220640569395,309.0,0.5513762118911615,3,lendingclub_imb77,gbdt
3,1.0,random,0.7797155569680597,0.5779527559055118,0.065024805102764,0.15590551181102363,125856,0.22267512077294685,505,505,298,207,0.5900990099009901,0.5900990099009901,298.0,0.5567623261662711,3,lendingclub_imb77,gbdt
4,1.0,random,0.7808335024693863,0.585635359116022,0.06421323640769347,0.1712707182320442,147808,0.22293786533881793,540,540,315,225,0.5833333333333334,0.5833333333333334,315.0,0.5514439541151258,3,lendingclub_imb77,gbdt
5,1.0,random,0.7824870405278039,0.5782463928967814,0.06922668083975551,0.1564927857935627,169760,0.2229441564561734,587,587,335,252,0.5706984667802385,0.5706984667802385,335.0,0.5590750543384145,3,lendingclub_imb77,gbdt
6,1.0,random,0.7781342096340923,0.5990621336459554,0.058898109727985246,0.1981242672919109,191712,0.22346019028542813,598,598,332,266,0.5551839464882943,0.5551839464882943,332.0,0.5588835690232948,3,lendingclub_imb77,gbdt
7,1.0,random,0.7793274518521985,0.5960199004975124,0.062246700613114415,0.19203980099502488,213664,0.22349576905796018,523,523,298,225,0.5697896749521989,0.5697896749521989,298.0,0.5532905660964541,3,lendingclub_imb77,gbdt
8,1.0,random,0.7788175876411171,0.5841495992876224,0.06181681115718055,0.1682991985752449,235616,0.22401704468287384,542,542,323,219,0.5959409594095941,0.5959409594095941,323.0,0.5510681804558178,3,lendingclub_imb77,gbdt
9,1.0,random,0.7802733237566487,0.5820783132530121,0.06700182023056253,0.16415662650602408,257568,0.2243562864952168,535,535,329,206,0.6149532710280374,0.6149532710280374,329.0,0.5506931236651904,3,lendingclub_imb77,gbdt
10,1.0,random,0.7809101316542645,0.5855072463768116,0.06472284524190965,0.17101449275362318,279520,0.22413423010875788,567,567,324,243,0.5714285714285714,0.5714285714285714,324.0,0.5510535713807225,3,lendingclub_imb77,gbdt
0,1.0,random,0.7716666666666666,0.5641025641025641,0.06330935251798561,0.1282051282051282,60000,0.22443333333333335,0,0,0,0,0.0,0.0,0.0,0.0,4,lendingclub_imb77,gbdt
1,1.0,random,0.7780489292904643,0.5673913043478261,0.07054054054054054,0.13478260869565217,81952,0.22353328777821163,575,575,329,246,0.5721739130434783,0.5721739130434783,329.0,0.5629533960311606,4,lendingclub_imb77,gbdt
2,1.0,random,0.7813387228718541,0.5619834710743802,0.07360900627841524,0.12396694214876033,103904,0.22395672928857407,610,610,347,263,0.5688524590163935,0.5688524590163935,347.0,0.5604454150038481,4,lendingclub_imb77,gbdt
3,1.0,random,0.7799141903702527,0.6063218390804598,0.07419127988748242,0.21264367816091953,125856,0.2244390414441902,636,636,364,272,0.5723270440251572,0.5723270440251572,364.0,0.5550149422939269,4,lendingclub_imb77,gbdt
4,1.0,random,0.7861105473242677,0.5607142857142857,0.07330739299610894,0.12142857142857143,147808,0.22406770946092228,543,543,304,239,0.5598526703499079,0.5598526703499079,304.0,0.5555344549367673,4,lendingclub_imb77,gbdt
5,1.0,random,0.7805431196983977,0.5754824063564131,0.0668512658227848,0.15096481271282633,169760,0.22385721017907634,575,575,320,255,0.5565217391304348,0.5565217391304348,320.0,0.5516722923993332,4,lendingclub_imb77,gbdt
6,1.0,random,0.7791513444435751,0.5643070787637089,0.06583691985576363,0.12861415752741776,191712,0.22370013353363377,559,559,329,230,0.5885509838998211,0.5885509838998211,329.0,0.558920485097005,4,lendingclub_imb77,gbdt
7,1.0,random,0.7831886364168207,0.5832606800348736,0.070748730964467,0.16652136006974716,213664,0.22397315411112775,553,553,331,222,0.5985533453887885,0.5985533453887885,331.0,0.5511945114162892,4,lendingclub_imb77,gbdt
8,1.0,random,0.7831253713606655,0.5928286852589641,0.07117573902229025,0.1856573705179283,235616,0.22435658019828875,639,639,360,279,0.5633802816901409,0.5633802816901409,360.0,0.552303605186674,4,lendingclub_imb77,gbdt
9,1.0,random,0.7803509725511512,0.5662563359884142,0.06801182814402505,0.1325126719768284,257568,0.2243679339048329,560,560,339,221,0.6053571428571428,0.6053571428571428,339.0,0.5512843129224968,4,lendingclub_imb77,gbdt
10,1.0,random,0.7809995706926159,0.5816949152542373,0.06872797180390901,0.16338983050847458,279520,0.22413423010875788,562,562,314,248,0.5587188612099644,0.5587188612099644,314.0,0.5523961791367414,4,lendingclub_imb77,gbdt
