iteration,exploration_rate,ranking_strategy,accuracy,precision,recall,kickout,training_set_size,training_default_rate,n_rejects_total,n_explored,n_explored_defaulted,n_explored_repaid,exploration_default_rate,reject_default_rate,exploration_cost,explored_risk_mean,run,dataset,model
0,0.0,least_risky,0.804,0.7021276595744681,0.15348837209302327,0.40425531914893614,5000,0.2248,0,0,0,0,0.0,0.0,0.0,0.0,0,ppdai_imb77,gbdt
1,0.0,least_risky,0.7730590577305906,0.6382978723404256,0.08450704225352113,0.2765957446808511,7535,0.2242866622428666,88,0,0,0,0.0,0.0,0.0,0.0,0,ppdai_imb77,gbdt
2,0.0,least_risky,0.8,0.7142857142857143,0.08254716981132075,0.42857142857142855,10074,0.2194758784991066,84,0,0,0,0.0,0.0,0.0,0.0,0,ppdai_imb77,gbdt
3,0.0,least_risky,0.789515488482923,0.5441176470588235,0.06902985074626866,0.08823529411764706,12590,0.218109610802224,107,0,0,0,0.0,0.0,0.0,0.0,0,ppdai_imb77,gbdt
4,0.0,least_risky,0.7879589811445584,0.56,0.06461538461538462,0.12,15112,0.2187665431445209,101,0,0,0,0.0,0.0,0.0,0.0,0,ppdai_imb77,gbdt
5,0.0,least_risky,0.7835694050991502,0.573170731707317,0.06056701030927835,0.14634146341463414,17647,0.2188473961579872,88,0,0,0,0.0,0.0,0.0,0.0,0,ppdai_imb77,gbdt
6,0.0,least_risky,0.7878712871287129,0.5256410256410257,0.047619047619047616,0.05128205128205128,20199,0.21808010297539482,71,0,0,0,0.0,0.0,0.0,0.0,0,ppdai_imb77,gbdt
7,0.0,least_risky,0.7836887227962189,0.5428571428571428,0.03838383838383838,0.08571428571428572,22744,0.22054168132254662,78,0,0,0,0.0,0.0,0.0,0.0,0,ppdai_imb77,gbdt
8,0.0,least_risky,0.7810522151898734,0.6268656716417911,0.037366548042704624,0.2537313432835821,25277,0.21897377062151363,90,0,0,0,0.0,0.0,0.0,0.0,0,ppdai_imb77,gbdt
9,0.0,least_risky,0.7823508267433501,0.580952380952381,0.0496742671009772,0.1619047619047619,27817,0.21914656505014918,83,0,0,0,0.0,0.0,0.0,0.0,0,ppdai_imb77,gbdt
10,0.0,least_risky,0.7789126853377265,0.611764705882353,0.03820720058780309,0.2235294117647059,30348,0.21928957427178067,92,0,0,0,0.0,0.0,0.0,0.0,0,ppdai_imb77,gbdt
0,0.0,least_risky,0.759,0.5,0.08298755186721991,0.0,5000,0.2366,0,0,0,0,0.0,0.0,0.0,0.0,1,ppdai_imb77,gbdt
1,0.0,least_risky,0.76657824933687,0.6341463414634146,0.07162534435261708,0.2682926829268293,7538,0.22870788007429027,85,0,0,0,0.0,0.0,0.0,0.0,1,ppdai_imb77,gbdt
2,0.0,least_risky,0.7880893300248138,0.5789473684210527,0.07568807339449542,0.15789473684210525,10073,0.2281346172937556,88,0,0,0,0.0,0.0,0.0,0.0,1,ppdai_imb77,gbdt
3,0.0,least_risky,0.7679207920792079,0.5333333333333333,0.04074702886247878,0.06666666666666667,12624,0.22679024081115337,72,0,0,0,0.0,0.0,0.0,0.0,1,ppdai_imb77,gbdt
4,0.0,least_risky,0.7757655581165624,0.5862068965517241,0.049204052098408106,0.1724137931034483,15184,0.22457850368809273,63,0,0,0,0.0,0.0,0.0,0.0,1,ppdai_imb77,gbdt
5,0.0,least_risky,0.7818848758465011,0.5740740740740741,0.03969270166453265,0.14814814814814814,17717,0.22238527967488853,90,0,0,0,0.0,0.0,0.0,0.0,1,ppdai_imb77,gbdt
6,0.0,least_risky,0.7793682132280355,0.5396825396825397,0.03781979977753059,0.07936507936507936,20259,0.2228639123352584,81,0,0,0,0.0,0.0,0.0,0.0,1,ppdai_imb77,gbdt
7,0.0,least_risky,0.7790442788250768,0.5176470588235295,0.043521266073194856,0.03529411764705882,22807,0.22278247906344542,75,0,0,0,0.0,0.0,0.0,0.0,1,ppdai_imb77,gbdt
8,0.0,least_risky,0.7761782685860777,0.5824175824175825,0.04608695652173913,0.16483516483516483,25353,0.22163057626316413,77,0,0,0,0.0,0.0,0.0,0.0,1,ppdai_imb77,gbdt
9,0.0,least_risky,0.7755686906680996,0.5339805825242718,0.04365079365079365,0.06796116504854369,27911,0.22220629859195298,65,0,0,0,0.0,0.0,0.0,0.0,1,ppdai_imb77,gbdt
10,0.0,least_risky,0.781973403382039,0.5784313725490197,0.04389880952380952,0.1568627450980392,30451,0.22015697349840727,83,0,0,0,0.0,0.0,0.0,0.0,1,ppdai_imb77,gbdt
0,0.0,least_risky,0.785,0.4883720930232558,0.09813084112149532,-0.023255813953488372,5000,0.2286,0,0,0,0,0.0,0.0,0.0,0.0,2,ppdai_imb77,gbdt
1,0.0,least_risky,0.7965310206804537,0.625,0.109717868338558,0.25,7492,0.22330485851575013,131,0,0,0,0.0,0.0,0.0,0.0,2,ppdai_imb77,gbdt
2,0.0,least_risky,0.7915831663326653,0.5172413793103449,0.07177033492822966,0.034482758620689655,9980,0.21953907815631263,135,0,0,0,0.0,0.0,0.0,0.0,2,ppdai_imb77,gbdt
3,0.0,least_risky,0.7877452943532238,0.5147058823529411,0.06578947368421052,0.029411764705882353,12482,0.21623137317737542,121,0,0,0,0.0,0.0,0.0,0.0,2,ppdai_imb77,gbdt
4,0.0,least_risky,0.7891927951967979,0.5333333333333333,0.06279434850863422,0.06666666666666667,14990,0.21841227484989995,115,0,0,0,0.0,0.0,0.0,0.0,2,ppdai_imb77,gbdt
5,0.0,least_risky,0.7986864648772131,0.5932203389830508,0.04888268156424581,0.1864406779661017,17508,0.21732922092757598,105,0,0,0,0.0,0.0,0.0,0.0,2,ppdai_imb77,gbdt
6,0.0,least_risky,0.791958041958042,0.5211267605633803,0.04425837320574163,0.04225352112676056,20019,0.2166441880213797,112,0,0,0,0.0,0.0,0.0,0.0,2,ppdai_imb77,gbdt
7,0.0,least_risky,0.7880266075388027,0.7169811320754716,0.03881511746680286,0.4339622641509434,22549,0.21690540600470087,93,0,0,0,0.0,0.0,0.0,0.0,2,ppdai_imb77,gbdt
8,0.0,least_risky,0.790711580625872,0.6610169491525424,0.03648269410664172,0.3220338983050847,25081,0.21773454009010804,91,0,0,0,0.0,0.0,0.0,0.0,2,ppdai_imb77,gbdt
9,0.0,least_risky,0.7913799348062296,0.6756756756756757,0.042444821731748725,0.35135135135135137,27607,0.21682906509218677,97,0,0,0,0.0,0.0,0.0,0.0,2,ppdai_imb77,gbdt
10,0.0,least_risky,0.7889497262319562,0.6229508196721312,0.029526029526029528,0.2459016393442623,30131,0.21728452424413394,99,0,0,0,0.0,0.0,0.0,0.0,2,ppdai_imb77,gbdt
0,0.0,least_risky,0.774,0.5416666666666666,0.11304347826086956,0.08333333333333333,5000,0.2296,0,0,0,0,0.0,0.0,0.0,0.0,3,ppdai_imb77,gbdt
1,0.0,least_risky,0.7777777777777778,0.4807692307692308,0.07530120481927711,-0.038461538461538464,7512,0.22630457933972312,111,0,0,0,0.0,0.0,0.0,0.0,3,ppdai_imb77,gbdt
2,0.0,least_risky,0.7902097902097902,0.5769230769230769,0.07009345794392523,0.15384615384615385,10010,0.22247752247752248,125,0,0,0,0.0,0.0,0.0,0.0,3,ppdai_imb77,gbdt
3,0.0,least_risky,0.7817238627294493,0.5614035087719298,0.05776173285198556,0.12280701754385964,12527,0.223277720124531,106,0,0,0,0.0,0.0,0.0,0.0,3,ppdai_imb77,gbdt
4,0.0,least_risky,0.7863077434363576,0.6,0.07283763277693475,0.2,15043,0.22249551286312572,107,0,0,0,0.0,0.0,0.0,0.0,3,ppdai_imb77,gbdt
5,0.0,least_risky,0.7828067179049246,0.546875,0.045513654096228866,0.09375,17563,0.22137448044183797,103,0,0,0,0.0,0.0,0.0,0.0,3,ppdai_imb77,gbdt
6,0.0,least_risky,0.7796863330843914,0.5897435897435898,0.05116796440489433,0.1794871794871795,20082,0.22034657902599342,104,0,0,0,0.0,0.0,0.0,0.0,3,ppdai_imb77,gbdt
7,0.0,least_risky,0.7889036251105217,0.5857142857142857,0.04239917269906929,0.17142857142857143,22619,0.21910782970069412,86,0,0,0,0.0,0.0,0.0,0.0,3,ppdai_imb77,gbdt
8,0.0,least_risky,0.7920890479030014,0.5569620253164557,0.04170616113744076,0.11392405063291139,25153,0.21814495288832347,89,0,0,0,0.0,0.0,0.0,0.0,3,ppdai_imb77,gbdt
9,0.0,least_risky,0.7871725383920506,0.5111111111111111,0.03898305084745763,0.022222222222222223,27672,0.218235039028621,104,0,0,0,0.0,0.0,0.0,0.0,3,ppdai_imb77,gbdt
10,0.0,least_risky,0.7899619016067583,0.48936170212765956,0.036334913112164295,-0.02127659574468085,30185,0.21795593837999006,110,0,0,0,0.0,0.0,0.0,0.0,3,ppdai_imb77,gbdt
0,0.0,least_risky,0.779,0.56,0.12334801762114538,0.12,5000,0.2324,0,0,0,0,0.0,0.0,0.0,0.0,4,ppdai_imb77,gbdt
1,0.0,least_risky,0.7605633802816901,0.52,0.07242339832869081,0.04,7454,0.22363831499865844,169,0,0,0,0.0,0.0,0.0,0.0,4,ppdai_imb77,gbdt
2,0.0,least_risky,0.7928607340372046,0.609375,0.09154929577464789,0.21875,9941,0.22130570365154412,136,0,0,0,0.0,0.0,0.0,0.0,4,ppdai_imb77,gbdt
3,0.0,least_risky,0.780281690140845,0.5087719298245614,0.05301645338208409,0.017543859649122806,12422,0.21598776364514571,142,0,0,0,0.0,0.0,0.0,0.0,4,ppdai_imb77,gbdt
4,0.0,least_risky,0.7962466487935657,0.5714285714285714,0.05834683954619125,0.14285714285714285,14919,0.21362021583216034,126,0,0,0,0.0,0.0,0.0,0.0,4,ppdai_imb77,gbdt
5,0.0,least_risky,0.7706000574217629,0.5833333333333334,0.051787916152897656,0.16666666666666666,17414,0.21471230044791548,128,0,0,0,0.0,0.0,0.0,0.0,4,ppdai_imb77,gbdt
6,0.0,least_risky,0.7773878164953623,0.5789473684210527,0.03678929765886288,0.15789473684210525,19944,0.2136983553951063,93,0,0,0,0.0,0.0,0.0,0.0,4,ppdai_imb77,gbdt
7,0.0,least_risky,0.7853170189098999,0.5254237288135594,0.03202479338842975,0.05084745762711865,22474,0.21353564118536977,93,0,0,0,0.0,0.0,0.0,0.0,4,ppdai_imb77,gbdt
8,0.0,least_risky,0.792,0.5757575757575758,0.03619047619047619,0.15151515151515152,24999,0.21520860834433378,98,0,0,0,0.0,0.0,0.0,0.0,4,ppdai_imb77,gbdt
9,0.0,least_risky,0.7936104556180795,0.5757575757575758,0.03312990409764603,0.15151515151515152,27544,0.21768806273598607,78,0,0,0,0.0,0.0,0.0,0.0,4,ppdai_imb77,gbdt
10,0.0,least_risky,0.78563113254615,0.5176470588235295,0.034055727554179564,0.03529411764705882,30063,0.21701094368492832,104,0,0,0,0.0,0.0,0.0,0.0,4,ppdai_imb77,gbdt
0,0.01,least_risky,0.804,0.7021276595744681,0.15348837209302327,0.40425531914893614,5000,0.2248,0,0,0,0,0.0,0.0,0.0,0.0,0,ppdai_imb77,gbdt
1,0.01,least_risky,0.7871352785145889,0.559322033898305,0.10060975609756098,0.11864406779661017,7536,0.2243895966029724,88,1,1,0,1.0,0.5454545454545454,1.0,0.5016320934090867,0,ppdai_imb77,gbdt
2,0.01,least_risky,0.786779324055666,0.6363636363636364,0.06349206349206349,0.2727272727272727,10060,0.21858846918489067,100,1,0,1,0.0,0.64,0.0,0.5022859072104742,0,ppdai_imb77,gbdt
3,0.01,least_risky,0.7786168521462639,0.5694444444444444,0.07231040564373897,0.1388888888888889,12580,0.21740858505564387,105,2,1,1,0.5,0.5714285714285714,1.0,0.5008512638930454,0,ppdai_imb77,gbdt
4,0.01,least_risky,0.7835870284579749,0.6,0.045180722891566265,0.2,15110,0.21793514228987426,94,1,0,1,0.0,0.6914893617021277,0.0,0.5004596934881128,0,ppdai_imb77,gbdt
5,0.01,least_risky,0.7898612291135656,0.6153846153846154,0.052840158520475564,0.23076923076923078,17652,0.21799229549059596,82,1,0,1,0.0,0.6219512195121951,0.0,0.5019426396499036,0,ppdai_imb77,gbdt
6,0.01,least_risky,0.7872340425531915,0.4666666666666667,0.04918032786885246,-0.06666666666666667,20209,0.2175763273788906,67,1,0,1,0.0,0.47761194029850745,0.0,0.5010896814555739,0,ppdai_imb77,gbdt
7,0.01,least_risky,0.7898901098901099,0.5733333333333334,0.04446742502585315,0.14666666666666667,22746,0.2200386881209883,87,1,1,0,1.0,0.7011494252873564,1.0,0.5013619849664664,0,ppdai_imb77,gbdt
8,0.01,least_risky,0.7943851324634242,0.6060606060606061,0.03795066413662239,0.21212121212121213,25290,0.2184262554369316,80,1,0,1,0.0,0.6,0.0,0.5018031863126998,0,ppdai_imb77,gbdt
9,0.01,least_risky,0.7835070068271649,0.6470588235294118,0.035918367346938776,0.29411764705882354,27829,0.21865679686657802,85,1,1,0,1.0,0.6,1.0,0.5010222727428252,0,ppdai_imb77,gbdt
10,0.01,least_risky,0.7827733860342556,0.5909090909090909,0.03895131086142322,0.18181818181818182,30359,0.21891366645805196,94,1,1,0,1.0,0.6595744680851063,1.0,0.5001064975362987,0,ppdai_imb77,gbdt
0,0.01,least_risky,0.759,0.5,0.08298755186721991,0.0,5000,0.2366,0,0,0,0,0.0,0.0,0.0,0.0,1,ppdai_imb77,gbdt
1,0.01,least_risky,0.7679045092838196,0.5,0.05714285714285714,0.0,7539,0.22867754344077465,85,1,0,1,0.0,0.49411764705882355,0.0,0.5013608510884269,1,ppdai_imb77,gbdt
2,0.01,least_risky,0.7818542389687655,0.6,0.05357142857142857,0.2,10085,0.22835894893406047,78,1,0,1,0.0,0.6666666666666666,0.0,0.501081993146662,1,ppdai_imb77,gbdt
3,0.01,least_risky,0.778876582278481,0.62,0.0542907180385289,0.24,12636,0.2270496992719215,73,1,1,0,1.0,0.5616438356164384,1.0,0.5003494870063372,1,ppdai_imb77,gbdt
4,0.01,least_risky,0.7732806844356697,0.5925925925925926,0.045779685264663805,0.18518518518518517,15192,0.22498683517640863,68,1,0,1,0.0,0.5588235294117647,0.0,0.500446631390193,1,ppdai_imb77,gbdt
5,0.01,least_risky,0.7682548632647308,0.52,0.04727272727272727,0.04,17731,0.22266087643110935,85,1,1,0,1.0,0.6352941176470588,1.0,0.500049358864731,1,ppdai_imb77,gbdt
6,0.01,least_risky,0.772189349112426,0.5512820512820513,0.046137339055793994,0.10256410256410256,20277,0.2232085614242738,78,1,1,0,1.0,0.6153846153846154,1.0,0.5014748820228312,1,ppdai_imb77,gbdt
7,0.01,least_risky,0.7838843880008759,0.5342465753424658,0.03931451612903226,0.0684931506849315,22833,0.22331712871720755,68,1,1,0,1.0,0.6764705882352942,1.0,0.5015400675189647,1,ppdai_imb77,gbdt
8,0.01,least_risky,0.7864039408866995,0.5641025641025641,0.04021937842778794,0.1282051282051282,25373,0.22216529381626138,84,1,0,1,0.0,0.6428571428571429,0.0,0.500147600653209,1,ppdai_imb77,gbdt
9,0.01,least_risky,0.7871845355289064,0.6145833333333334,0.04872006606110652,0.22916666666666666,27934,0.22281091143409465,63,1,0,1,0.0,0.5873015873015873,0.0,0.5018687028206872,1,ppdai_imb77,gbdt
10,0.01,least_risky,0.7855619360131255,0.6153846153846154,0.04216867469879518,0.23076923076923078,30471,0.2202421974992616,87,1,1,0,1.0,0.7471264367816092,1.0,0.5002949142594925,1,ppdai_imb77,gbdt
0,0.01,least_risky,0.785,0.4883720930232558,0.09813084112149532,-0.023255813953488372,5000,0.2286,0,0,0,0,0.0,0.0,0.0,0.0,2,ppdai_imb77,gbdt
1,0.01,least_risky,0.7938625750500333,0.6290322580645161,0.12,0.25806451612903225,7494,0.22324526287696825,131,2,0,2,0.0,0.6259541984732825,0.0,0.5004879000858454,2,ppdai_imb77,gbdt
2,0.01,least_risky,0.7966950425638458,0.6470588235294118,0.07838479809976247,0.29411764705882354,9982,0.21889400921658986,137,2,0,2,0.0,0.5547445255474452,0.0,0.501593910319001,2,ppdai_imb77,gbdt
3,0.01,least_risky,0.7941529835802964,0.4888888888888889,0.042884990253411304,-0.022222222222222223,12484,0.2155559115668055,123,2,2,0,1.0,0.5691056910569106,2.0,0.5012227049365309,2,ppdai_imb77,gbdt
4,0.01,least_risky,0.7870709763412196,0.5254237288135594,0.048286604361370715,0.05084745762711865,15003,0.21788975538225688,106,2,2,0,1.0,0.5188679245283019,2.0,0.5015020750641905,2,ppdai_imb77,gbdt
5,0.01,least_risky,0.7965763195435093,0.7017543859649122,0.05434782608695652,0.40350877192982454,17523,0.21680077612281,105,2,2,0,1.0,0.6,2.0,0.5002316691814424,2,ppdai_imb77,gbdt
6,0.01,least_risky,0.8026939386380644,0.5194805194805194,0.05037783375314862,0.03896103896103896,20043,0.21648455819987028,105,2,1,1,0.5,0.5619047619047619,1.0,0.5020776571173435,2,ppdai_imb77,gbdt
7,0.01,least_risky,0.7812707549258358,0.5925925925925926,0.03206412825651302,0.18518518518518517,22585,0.21722382112021252,82,1,0,1,0.0,0.5365853658536586,0.0,0.5016913650886928,2,ppdai_imb77,gbdt
8,0.01,least_risky,0.7882587064676617,0.5068493150684932,0.03474178403755868,0.0136986301369863,25122,0.21817530451397182,87,1,0,1,0.0,0.6206896551724138,0.0,0.5014137008686815,2,ppdai_imb77,gbdt
9,0.01,least_risky,0.792623395407702,0.625,0.034393809114359415,0.25,27653,0.21708313745344085,93,1,0,1,0.0,0.6344086021505376,0.0,0.5001379187378704,2,ppdai_imb77,gbdt
10,0.01,least_risky,0.7812913907284769,0.6097560975609756,0.037341299477221805,0.21951219512195122,30198,0.21782899529770183,79,1,1,0,1.0,0.6455696202531646,1.0,0.500370060299534,2,ppdai_imb77,gbdt
0,0.01,least_risky,0.774,0.5416666666666666,0.11304347826086956,0.08333333333333333,5000,0.2296,0,0,0,0,0.0,0.0,0.0,0.0,3,ppdai_imb77,gbdt
1,0.01,least_risky,0.7797737857618097,0.46808510638297873,0.06707317073170732,-0.06382978723404255,7514,0.22637742879957412,111,2,1,1,0.5,0.5135135135135135,1.0,0.5021211831194995,3,ppdai_imb77,gbdt
2,0.01,least_risky,0.784607696151924,0.5740740740740741,0.07061503416856492,0.14814814814814814,10005,0.22288855572213892,134,2,2,0,1.0,0.5597014925373134,2.0,0.50057544195573,3,ppdai_imb77,gbdt
3,0.01,least_risky,0.7972055888223553,0.5076923076923077,0.06483300589390963,0.015384615384615385,12525,0.2233932135728543,105,2,1,1,0.5,0.5523809523809524,1.0,0.5056333744783852,3,ppdai_imb77,gbdt
4,0.01,least_risky,0.7703555998670655,0.582089552238806,0.05555555555555555,0.16417910447761194,15041,0.22232564324180573,109,2,1,1,0.5,0.5504587155963303,1.0,0.5018043799436755,3,ppdai_imb77,gbdt
5,0.01,least_risky,0.7839067386977537,0.5641025641025641,0.05714285714285714,0.1282051282051282,17581,0.2215459871452136,84,1,1,0,1.0,0.5595238095238095,1.0,0.5001948458888171,3,ppdai_imb77,gbdt
6,0.01,least_risky,0.7799054961452375,0.5714285714285714,0.0446927374301676,0.14285714285714285,20104,0.22055312375646638,102,2,2,0,1.0,0.5882352941176471,2.0,0.5036479483019793,3,ppdai_imb77,gbdt
7,0.01,least_risky,0.782243816254417,0.6493506493506493,0.049554013875123884,0.2987012987012987,22636,0.2193850503622548,92,1,1,0,1.0,0.5978260869565217,1.0,0.5021359623800905,3,ppdai_imb77,gbdt
8,0.01,least_risky,0.7876440206595153,0.5384615384615384,0.04553903345724907,0.07692307692307693,25169,0.21828439747308195,91,1,0,1,0.0,0.6483516483516484,0.0,0.5029607087258124,3,ppdai_imb77,gbdt
9,0.01,least_risky,0.7918396822531143,0.5529411764705883,0.04044750430292599,0.10588235294117647,27693,0.2183584299281407,100,1,0,1,0.0,0.64,0.0,0.5009214482107686,3,ppdai_imb77,gbdt
10,0.01,least_risky,0.789247311827957,0.5529411764705883,0.036632891660171474,0.10588235294117647,30223,0.2181782086490421,94,1,1,0,1.0,0.6808510638297872,1.0,0.5025469549594764,3,ppdai_imb77,gbdt
0,0.01,least_risky,0.779,0.56,0.12334801762114538,0.12,5000,0.2324,0,0,0,0,0.0,0.0,0.0,0.0,4,ppdai_imb77,gbdt
1,0.01,least_risky,0.7727882037533512,0.5961538461538461,0.08882521489971347,0.19230769230769232,7456,0.22371244635193133,169,2,1,1,0.5,0.5621301775147929,1.0,0.501173857126097,4,ppdai_imb77,gbdt
2,0.01,least_risky,0.7848164906988436,0.5,0.06074766355140187,0.0,9943,0.22206577491702706,138,2,1,1,0.5,0.5652173913043478,1.0,0.5009157728337568,4,ppdai_imb77,gbdt
3,0.01,least_risky,0.7824688379573783,0.5294117647058824,0.04963235294117647,0.058823529411764705,12432,0.2166988416988417,136,2,1,1,0.5,0.5073529411764706,1.0,0.5009102737311915,4,ppdai_imb77,gbdt
4,0.01,least_risky,0.7868852459016393,0.5131578947368421,0.06103286384976526,0.02631578947368421,14941,0.2141757579813935,116,2,1,1,0.5,0.5862068965517241,1.0,0.5019681912854304,4,ppdai_imb77,gbdt
5,0.01,least_risky,0.7849770642201835,0.5921052631578947,0.058900523560209424,0.18421052631578946,17436,0.21501491167699013,130,2,2,0,1.0,0.5923076923076923,2.0,0.5010090199455606,4,ppdai_imb77,gbdt
6,0.01,least_risky,0.7861257200100176,0.5714285714285714,0.04171494785631518,0.14285714285714285,19963,0.21394579972949956,97,1,0,1,0.0,0.5670103092783505,0.0,0.50069452120805,4,ppdai_imb77,gbdt
7,0.01,least_risky,0.7916018662519441,0.5789473684210527,0.03484688489968321,0.15789473684210525,22502,0.21402541996267,85,1,1,0,1.0,0.6,1.0,0.5063827485258557,4,ppdai_imb77,gbdt
8,0.01,least_risky,0.7832167832167832,0.5476190476190477,0.021120293847566574,0.09523809523809523,25021,0.21541904799968026,106,2,1,1,0.5,0.6132075471698113,1.0,0.5015869426600386,4,ppdai_imb77,gbdt
9,0.01,least_risky,0.7838229960101559,0.5616438356164384,0.03413821815154038,0.1232876712328767,27568,0.2178975623911782,77,1,0,1,0.0,0.5584415584415584,0.0,0.5009821982290829,4,ppdai_imb77,gbdt
10,0.01,least_risky,0.7908985218402259,0.5,0.035742652899126294,0.0,30103,0.21748662923961068,89,1,1,0,1.0,0.4943820224719101,1.0,0.509970250818861,4,ppdai_imb77,gbdt
0,0.02,least_risky,0.804,0.7021276595744681,0.15348837209302327,0.40425531914893614,5000,0.2248,0,0,0,0,0.0,0.0,0.0,0.0,0,ppdai_imb77,gbdt
1,0.02,least_risky,0.7891246684350133,0.56,0.08641975308641975,0.12,7537,0.22435982486400424,88,2,1,1,0.5,0.5454545454545454,1.0,0.5028715085401733,0,ppdai_imb77,gbdt
2,0.02,least_risky,0.7967196819085487,0.5,0.07579462102689487,0.0,10056,0.21907319013524265,107,3,1,2,0.3333333333333333,0.5700934579439252,1.0,0.5006898659083653,0,ppdai_imb77,gbdt
3,0.02,least_risky,0.7856858846918489,0.525,0.07734806629834254,0.05,12573,0.2178477690288714,109,3,3,0,1.0,0.5688073394495413,3.0,0.5040322351180734,0,ppdai_imb77,gbdt
4,0.02,least_risky,0.7864238410596026,0.5588235294117647,0.05819295558958652,0.11764705882352941,15098,0.21883693204397933,100,2,1,1,0.5,0.59,1.0,0.5034390222163118,0,ppdai_imb77,gbdt
5,0.02,least_risky,0.7896825396825397,0.5569620253164557,0.05858854860186418,0.11392405063291139,17638,0.2190724571946933,85,2,2,0,1.0,0.5647058823529412,2.0,0.500059089366302,0,ppdai_imb77,gbdt
6,0.02,least_risky,0.7894476096110974,0.5698924731182796,0.06141367323290846,0.13978494623655913,20185,0.21842952687639336,78,2,2,0,1.0,0.48717948717948717,2.0,0.503520710764247,0,ppdai_imb77,gbdt
7,0.02,least_risky,0.785038503850385,0.48672566371681414,0.05646817248459959,-0.02654867256637168,22722,0.2207992254202975,88,2,1,1,0.5,0.6931818181818182,1.0,0.5017454440287084,0,ppdai_imb77,gbdt
8,0.02,least_risky,0.7884729649435532,0.5875,0.04343807763401109,0.175,25243,0.21895178861466544,105,3,2,1,0.6666666666666666,0.5619047619047619,2.0,0.5041379855493727,0,ppdai_imb77,gbdt
9,0.02,least_risky,0.786755443584668,0.5591397849462365,0.043478260869565216,0.11827956989247312,27784,0.21915490930031672,84,2,1,1,0.5,0.5952380952380952,1.0,0.5014313070921441,0,ppdai_imb77,gbdt
10,0.02,least_risky,0.7968337730870713,0.6896551724137931,0.04743083003952569,0.3793103448275862,30316,0.21922417205436073,93,2,1,1,0.5,0.7096774193548387,1.0,0.5007879917032274,0,ppdai_imb77,gbdt
0,0.02,least_risky,0.759,0.5,0.08298755186721991,0.0,5000,0.2366,0,0,0,0,0.0,0.0,0.0,0.0,1,ppdai_imb77,gbdt
1,0.02,least_risky,0.7659151193633952,0.5333333333333333,0.06741573033707865,0.06666666666666667,7540,0.2286472148541114,85,2,0,2,0.0,0.49411764705882355,0.0,0.5016637033312972,1,ppdai_imb77,gbdt
2,0.02,least_risky,0.779098563645369,0.5909090909090909,0.05726872246696035,0.18181818181818182,10093,0.22906965223422174,72,2,1,1,0.5,0.6111111111111112,1.0,0.5017517231780884,1,ppdai_imb77,gbdt
3,0.02,least_risky,0.7618483412322274,0.6829268292682927,0.045307443365695796,0.36585365853658536,12656,0.22740202275600505,62,2,1,1,0.5,0.6612903225806451,1.0,0.5034196136597529,1,ppdai_imb77,gbdt
4,0.02,least_risky,0.7694581280788177,0.5555555555555556,0.0423728813559322,0.1111111111111111,15223,0.22551402483084806,58,2,2,0,1.0,0.5862068965517241,2.0,0.5026996588326464,1,ppdai_imb77,gbdt
5,0.02,least_risky,0.768169014084507,0.49230769230769234,0.038929440389294405,-0.015384615384615385,17748,0.22272932161370296,100,2,1,1,0.5,0.64,1.0,0.5006910653632282,1,ppdai_imb77,gbdt
6,0.02,least_risky,0.7753141167775314,0.5571428571428572,0.042391304347826085,0.11428571428571428,20293,0.22318040703690928,80,2,0,2,0.0,0.6125,0.0,0.5015462968985533,1,ppdai_imb77,gbdt
7,0.02,least_risky,0.7728665207877462,0.45348837209302323,0.037864077669902914,-0.09302325581395349,22846,0.2232775978289416,72,2,1,1,0.5,0.6527777777777778,1.0,0.5009566530666636,1,ppdai_imb77,gbdt
8,0.02,least_risky,0.7779310344827586,0.5425531914893617,0.044933920704845816,0.0851063829787234,25373,0.22192882197611635,98,2,2,0,1.0,0.6530612244897959,2.0,0.5013068245261489,1,ppdai_imb77,gbdt
9,0.02,least_risky,0.769740376007162,0.6060606060606061,0.045906656465187455,0.21212121212121213,27922,0.22254852804240383,76,2,2,0,1.0,0.5657894736842105,2.0,0.5024071145243447,1,ppdai_imb77,gbdt
10,0.02,least_risky,0.7793103448275862,0.5700934579439252,0.044885945548197206,0.14018691588785046,30448,0.21994876510772465,99,2,2,0,1.0,0.7070707070707071,2.0,0.5028256798095883,1,ppdai_imb77,gbdt
0,0.02,least_risky,0.785,0.4883720930232558,0.09813084112149532,-0.023255813953488372,5000,0.2286,0,0,0,0,0.0,0.0,0.0,0.0,2,ppdai_imb77,gbdt
1,0.02,least_risky,0.7958639092728486,0.6666666666666666,0.11692307692307692,0.3333333333333333,7495,0.22321547698465644,131,3,0,3,0.0,0.6259541984732825,0.0,0.5012901554777799,2,ppdai_imb77,gbdt
2,0.02,least_risky,0.8028028028028028,0.4605263157894737,0.09020618556701031,-0.07894736842105263,9987,0.2186842895764494,134,3,1,2,0.3333333333333333,0.582089552238806,1.0,0.5024473194590445,2,ppdai_imb77,gbdt
3,0.02,least_risky,0.7981577893472167,0.5172413793103449,0.05928853754940711,0.034482758620689655,12482,0.21567056561448486,131,3,1,2,0.3333333333333333,0.5114503816793893,1.0,0.5026002580317822,2,ppdai_imb77,gbdt
4,0.02,least_risky,0.7938625750500333,0.6349206349206349,0.06299212598425197,0.2698412698412698,14986,0.21766982517015881,122,3,1,2,0.3333333333333333,0.5081967213114754,1.0,0.5034412422482019,2,ppdai_imb77,gbdt
5,0.02,least_risky,0.8013131601484442,0.6282051282051282,0.06843575418994413,0.2564102564102564,17512,0.21693695751484696,99,2,2,0,1.0,0.5656565656565656,2.0,0.5011238764198696,2,ppdai_imb77,gbdt
6,0.02,least_risky,0.7931034482758621,0.5151515151515151,0.04096385542168675,0.030303030303030304,20007,0.21617433898135652,131,3,1,2,0.3333333333333333,0.5572519083969466,1.0,0.5028796259895356,2,ppdai_imb77,gbdt
7,0.02,least_risky,0.7879795963628299,0.6271186440677966,0.03810504634397528,0.2542372881355932,22542,0.21666223050306097,90,2,1,1,0.5,0.5888888888888889,1.0,0.5014180104639798,2,ppdai_imb77,gbdt
8,0.02,least_risky,0.7832502492522433,0.5633802816901409,0.0364963503649635,0.1267605633802817,25072,0.2176531589023612,95,2,2,0,1.0,0.6105263157894737,2.0,0.5013078271244391,2,ppdai_imb77,gbdt
9,0.02,least_risky,0.7917044013765622,0.5972222222222222,0.036941580756013746,0.19444444444444445,27605,0.21673609853287448,92,2,0,2,0.0,0.5978260869565217,0.0,0.5020962528605445,2,ppdai_imb77,gbdt
10,0.02,least_risky,0.7887487553932957,0.6103896103896104,0.03643410852713178,0.22077922077922077,30130,0.21732492532359773,101,3,3,0,1.0,0.6237623762376238,3.0,0.5010258572694642,2,ppdai_imb77,gbdt
0,0.02,least_risky,0.774,0.5416666666666666,0.11304347826086956,0.08333333333333333,5000,0.2296,0,0,0,0,0.0,0.0,0.0,0.0,3,ppdai_imb77,gbdt
1,0.02,least_risky,0.7744510978043913,0.5,0.0855457227138643,0.0,7515,0.22634730538922157,111,3,1,2,0.3333333333333333,0.5135135135135135,1.0,0.5034400291014307,3,ppdai_imb77,gbdt
2,0.02,least_risky,0.7888167748377434,0.5961538461538461,0.07159353348729793,0.19230769230769232,10012,0.22293248102277266,129,3,2,1,0.6666666666666666,0.5658914728682171,2.0,0.5042143869680227,3,ppdai_imb77,gbdt
3,0.02,least_risky,0.7799043062200957,0.5423728813559322,0.05745062836624776,0.0847457627118644,12537,0.22373773630055038,100,2,2,0,1.0,0.54,2.0,0.5038616203053577,3,ppdai_imb77,gbdt
4,0.02,least_risky,0.787255227348158,0.609375,0.059541984732824425,0.21875,15062,0.2228123755145399,101,3,1,2,0.3333333333333333,0.5445544554455446,1.0,0.5019127477783827,3,ppdai_imb77,gbdt
5,0.02,least_risky,0.790565501562944,0.5846153846153846,0.05080213903743316,0.16923076923076924,17594,0.22155280209162215,93,2,0,2,0.0,0.5913978494623656,0.0,0.500922311788432,3,ppdai_imb77,gbdt
6,0.02,least_risky,0.7882177479492916,0.5844155844155844,0.05202312138728324,0.16883116883116883,20111,0.2205758042862115,109,3,2,1,0.6666666666666666,0.5596330275229358,2.0,0.5032694654422457,3,ppdai_imb77,gbdt
7,0.02,least_risky,0.7893109540636042,0.5072463768115942,0.03664921465968586,0.014492753623188406,22639,0.219400150183312,97,2,1,1,0.5,0.5773195876288659,1.0,0.5007990153974609,3,ppdai_imb77,gbdt
8,0.02,least_risky,0.7904667328699106,0.5416666666666666,0.036757775683317624,0.08333333333333333,25173,0.21824971199300838,91,2,2,0,1.0,0.6813186813186813,2.0,0.5009279756126188,3,ppdai_imb77,gbdt
9,0.02,least_risky,0.7945848375451263,0.5728155339805825,0.05117085862966175,0.14563106796116504,27700,0.2183754512635379,98,2,1,1,0.5,0.6428571428571429,1.0,0.5014337552039743,3,ppdai_imb77,gbdt
10,0.02,least_risky,0.8002647691543935,0.6333333333333333,0.0463038180341186,0.26666666666666666,30214,0.21804461507910242,112,3,2,1,0.6666666666666666,0.6517857142857143,2.0,0.5037316793707598,3,ppdai_imb77,gbdt
0,0.02,least_risky,0.779,0.56,0.12334801762114538,0.12,5000,0.2324,0,0,0,0,0.0,0.0,0.0,0.0,4,ppdai_imb77,gbdt
1,0.02,least_risky,0.7687667560321716,0.6190476190476191,0.07323943661971831,0.23809523809523808,7458,0.2236524537409493,169,4,1,3,0.25,0.5621301775147929,1.0,0.5030368086106374,4,ppdai_imb77,gbdt
2,0.02,least_risky,0.7831325301204819,0.5614035087719298,0.07289293849658314,0.12280701754385964,9958,0.22243422373970678,126,3,0,3,0.0,0.5555555555555556,0.0,0.5006419385204683,4,ppdai_imb77,gbdt
3,0.02,least_risky,0.7965489566613162,0.559322033898305,0.06420233463035019,0.11864406779661017,12456,0.21668272318561335,128,3,2,1,0.6666666666666666,0.5625,2.0,0.501569996164612,4,ppdai_imb77,gbdt
4,0.02,least_risky,0.7870277499164159,0.6,0.06451612903225806,0.2,14955,0.21404212637913742,127,3,0,3,0.0,0.5590551181102362,0.0,0.5005800684928815,4,ppdai_imb77,gbdt
5,0.02,least_risky,0.7860211973646519,0.6323529411764706,0.05620915032679739,0.2647058823529412,17451,0.2147727923901209,130,3,2,1,0.6666666666666666,0.6076923076923076,2.0,0.5048253955353541,4,ppdai_imb77,gbdt
6,0.02,least_risky,0.7916979244811203,0.5806451612903226,0.042704626334519574,0.16129032258064516,19993,0.2137748211874156,83,2,0,2,0.0,0.6144578313253012,0.0,0.5010427287129173,4,ppdai_imb77,gbdt
7,0.02,least_risky,0.7880133185349611,0.6290322580645161,0.04016477857878476,0.25806451612903225,22523,0.2138258668916219,95,2,1,1,0.5,0.5684210526315789,1.0,0.5028957103990991,4,ppdai_imb77,gbdt
8,0.02,least_risky,0.7850728397525444,0.532258064516129,0.030527289546716005,0.06451612903225806,25055,0.2154460187587308,93,2,1,1,0.5,0.6129032258064516,1.0,0.5020541944362595,4,ppdai_imb77,gbdt
9,0.02,least_risky,0.7802536231884057,0.5454545454545454,0.024630541871921183,0.09090909090909091,27600,0.21797101449275363,80,2,1,1,0.5,0.5375,1.0,0.5011960805738005,4,ppdai_imb77,gbdt
10,0.02,least_risky,0.7862240663900415,0.5844155844155844,0.034588777863182166,0.16883116883116883,30123,0.2172094412907081,103,3,1,2,0.3333333333333333,0.5533980582524272,1.0,0.5029209415060997,4,ppdai_imb77,gbdt
0,0.05,least_risky,0.804,0.7021276595744681,0.15348837209302327,0.40425531914893614,5000,0.2248,0,0,0,0,0.0,0.0,0.0,0.0,0,ppdai_imb77,gbdt
1,0.05,least_risky,0.7917771883289124,0.5714285714285714,0.075,0.14285714285714285,7540,0.2244031830238727,88,5,2,3,0.4,0.5454545454545454,2.0,0.5048412813178534,0,ppdai_imb77,gbdt
2,0.05,least_risky,0.7872763419483101,0.5087719298245614,0.0675990675990676,0.017543859649122806,10058,0.2190296281566912,111,6,2,4,0.3333333333333333,0.5675675675675675,2.0,0.50443284249366,0,ppdai_imb77,gbdt
3,0.05,least_risky,0.7852882703777336,0.5942028985507246,0.07414104882459313,0.18840579710144928,12573,0.21792730454147777,114,6,1,5,0.16666666666666666,0.5175438596491229,1.0,0.5042594055646814,0,ppdai_imb77,gbdt
4,0.05,least_risky,0.7809397749834547,0.5357142857142857,0.04504504504504504,0.07142857142857142,15109,0.21880998080614203,92,5,3,2,0.6,0.6521739130434783,3.0,0.502551513120216,0,ppdai_imb77,gbdt
5,0.05,least_risky,0.7901444350042481,0.5353535353535354,0.07085561497326204,0.0707070707070707,17654,0.21944035346097202,83,5,2,3,0.4,0.4819277108433735,2.0,0.5045064839598444,0,ppdai_imb77,gbdt
6,0.05,least_risky,0.7774201535033424,0.5128205128205128,0.04439511653718091,0.02564102564102564,20191,0.2187113070179783,91,5,1,4,0.2,0.43956043956043955,1.0,0.5052140529401135,0,ppdai_imb77,gbdt
7,0.05,least_risky,0.7848658161020677,0.6,0.0482897384305835,0.2,22730,0.2212494500659921,89,5,3,2,0.6,0.651685393258427,3.0,0.5016085113049934,0,ppdai_imb77,gbdt
8,0.05,least_risky,0.7859545004945598,0.7045454545454546,0.055456171735241505,0.4090909090909091,25271,0.219658897550552,87,5,2,3,0.4,0.5402298850574713,2.0,0.5037638251511918,0,ppdai_imb77,gbdt
9,0.05,least_risky,0.7889248471772744,0.6547619047619048,0.04583333333333333,0.30952380952380953,27806,0.219664820542329,93,5,4,1,0.8,0.6236559139784946,4.0,0.5009117656145642,0,ppdai_imb77,gbdt
10,0.05,least_risky,0.7880085653104925,0.6404494382022472,0.04344512195121951,0.2808988764044944,30353,0.2199123645109215,81,5,4,1,0.8,0.7283950617283951,4.0,0.5050882074390722,0,ppdai_imb77,gbdt
0,0.05,least_risky,0.759,0.5,0.08298755186721991,0.0,5000,0.2366,0,0,0,0,0.0,0.0,0.0,0.0,1,ppdai_imb77,gbdt
1,0.05,least_risky,0.7839628893306826,0.5813953488372093,0.07507507507507508,0.16279069767441862,7543,0.22868885058995095,85,5,1,4,0.2,0.49411764705882355,1.0,0.5039638278608908,1,ppdai_imb77,gbdt
2,0.05,least_risky,0.7781079742446756,0.4444444444444444,0.05429864253393665,-0.1111111111111111,10092,0.22859690844233055,78,4,3,1,0.75,0.6666666666666666,3.0,0.5021860240990348,1,ppdai_imb77,gbdt
3,0.05,least_risky,0.758893280632411,0.5576923076923077,0.04707792207792208,0.11538461538461539,12648,0.22730866540164452,71,4,1,3,0.25,0.5492957746478874,1.0,0.5017745907181637,1,ppdai_imb77,gbdt
4,0.05,least_risky,0.7667763157894737,0.5263157894736842,0.042134831460674156,0.05263157894736842,15197,0.22511021912219517,78,4,4,0,1.0,0.5769230769230769,4.0,0.5053545480969452,1,ppdai_imb77,gbdt
5,0.05,least_risky,0.7691006484352975,0.6268656716417911,0.050239234449760764,0.2537313432835821,17735,0.22289258528333802,90,5,5,0,1.0,0.6222222222222222,5.0,0.5027434738488761,1,ppdai_imb77,gbdt
6,0.05,least_risky,0.7759428148878481,0.56,0.0457516339869281,0.12,20284,0.22323013212384146,78,4,2,2,0.5,0.6666666666666666,2.0,0.5047768475093757,1,ppdai_imb77,gbdt
7,0.05,least_risky,0.7836180464301358,0.5205479452054794,0.03834510595358224,0.0410958904109589,22829,0.2232248455911341,83,5,3,2,0.6,0.6385542168674698,3.0,0.5055969558162117,1,ppdai_imb77,gbdt
8,0.05,least_risky,0.7781280788177339,0.5631067961165048,0.050921861281826165,0.1262135922330097,25374,0.2221565381886971,83,5,3,2,0.6,0.6506024096385542,3.0,0.5069781220152352,1,ppdai_imb77,gbdt
9,0.05,least_risky,0.780562018972615,0.6555555555555556,0.04704944178628389,0.3111111111111111,27935,0.22276713799892608,66,4,0,4,0.0,0.5757575757575758,0.0,0.507863250330151,1,ppdai_imb77,gbdt
10,0.05,least_risky,0.7834645669291339,0.6372549019607843,0.04821958456973294,0.27450980392156865,30477,0.22036289661055877,86,5,4,1,0.8,0.7209302325581395,4.0,0.5017390917807022,1,ppdai_imb77,gbdt
0,0.05,least_risky,0.785,0.4883720930232558,0.09813084112149532,-0.023255813953488372,5000,0.2286,0,0,0,0,0.0,0.0,0.0,0.0,2,ppdai_imb77,gbdt
1,0.05,least_risky,0.802,0.5081967213114754,0.1040268456375839,0.01639344262295082,7499,0.22349646619549274,131,7,3,4,0.42857142857142855,0.6259541984732825,3.0,0.5043213678002658,2,ppdai_imb77,gbdt
2,0.05,least_risky,0.793984962406015,0.5272727272727272,0.07004830917874397,0.05454545454545454,9971,0.21893491124260356,159,8,5,3,0.625,0.5408805031446541,5.0,0.5014711179034071,2,ppdai_imb77,gbdt
3,0.05,least_risky,0.7874299439551641,0.52,0.04878048780487805,0.04,12490,0.2156925540432346,110,6,2,4,0.3333333333333333,0.5909090909090909,2.0,0.5024628672738604,2,ppdai_imb77,gbdt
4,0.05,least_risky,0.7914723517654897,0.5671641791044776,0.05984251968503937,0.13432835820895522,15009,0.21786927843294024,110,6,3,3,0.5,0.5272727272727272,3.0,0.5038417376407044,2,ppdai_imb77,gbdt
5,0.05,least_risky,0.8043354249857387,0.5384615384615384,0.05065123010130246,0.07692307692307693,17530,0.21677124928693667,108,6,2,4,0.3333333333333333,0.5833333333333334,2.0,0.5069958602948484,2,ppdai_imb77,gbdt
6,0.05,least_risky,0.7942643391521197,0.5416666666666666,0.04693140794223827,0.08333333333333333,20049,0.21651952715846176,110,6,1,5,0.16666666666666666,0.5272727272727272,1.0,0.5025942235187769,2,ppdai_imb77,gbdt
7,0.05,least_risky,0.793004206331636,0.6792452830188679,0.03773584905660377,0.3584905660377358,22584,0.21710060219624513,93,5,4,1,0.8,0.5698924731182796,4.0,0.5030023039835807,2,ppdai_imb77,gbdt
8,0.05,least_risky,0.7927533346605614,0.6282051282051282,0.046182846371347785,0.2564102564102564,25112,0.21782414781777637,101,6,4,2,0.6666666666666666,0.6534653465346535,4.0,0.5029978357827659,2,ppdai_imb77,gbdt
9,0.05,least_risky,0.7913200723327306,0.7183098591549296,0.043037974683544304,0.43661971830985913,27648,0.21705005787037038,92,5,4,1,0.8,0.5869565217391305,4.0,0.5054644188938788,2,ppdai_imb77,gbdt
10,0.05,least_risky,0.7876428689746563,0.651685393258427,0.04430863254392666,0.30337078651685395,30185,0.2176246480039755,91,5,2,3,0.4,0.6483516483516484,2.0,0.5035676727727523,2,ppdai_imb77,gbdt
0,0.05,least_risky,0.774,0.5416666666666666,0.11304347826086956,0.08333333333333333,5000,0.2296,0,0,0,0,0.0,0.0,0.0,0.0,3,ppdai_imb77,gbdt
1,0.05,least_risky,0.7792553191489362,0.3958333333333333,0.059006211180124224,-0.20833333333333334,7518,0.22625698324022347,111,6,1,5,0.16666666666666666,0.5135135135135135,1.0,0.5062897415868092,3,ppdai_imb77,gbdt
2,0.05,least_risky,0.7915211970074812,0.6304347826086957,0.06744186046511629,0.2608695652173913,10025,0.22274314214463842,123,7,5,2,0.7142857142857143,0.6097560975609756,5.0,0.5079312918065823,3,ppdai_imb77,gbdt
3,0.05,least_risky,0.7808764940239044,0.484375,0.05656934306569343,-0.03125,12546,0.22309899569583932,108,6,1,5,0.16666666666666666,0.5555555555555556,1.0,0.5064722409254715,3,ppdai_imb77,gbdt
4,0.05,least_risky,0.7867818000664231,0.5652173913043478,0.059907834101382486,0.13043478260869565,15055,0.22191962803055462,120,6,6,0,1.0,0.575,6.0,0.5105208118751775,3,ppdai_imb77,gbdt
5,0.05,least_risky,0.790565501562944,0.625,0.05312084993359894,0.25,17591,0.22136319708942073,92,5,1,4,0.2,0.4891304347826087,1.0,0.5056785625515701,3,ppdai_imb77,gbdt
6,0.05,least_risky,0.7813121272365805,0.6582278481012658,0.057458563535911604,0.31645569620253167,20117,0.2206591440075558,103,6,3,3,0.5,0.5339805825242718,3.0,0.5025146104165278,3,ppdai_imb77,gbdt
7,0.05,least_risky,0.7850838481906444,0.5866666666666667,0.044579533941236066,0.17333333333333334,22657,0.2197996204263583,88,5,3,2,0.6,0.5454545454545454,3.0,0.5062588450204135,3,ppdai_imb77,gbdt
8,0.05,least_risky,0.7922206787060925,0.6153846153846154,0.04507042253521127,0.23076923076923078,25191,0.21876860783613195,94,5,2,3,0.4,0.6170212765957447,2.0,0.5039034256569843,3,ppdai_imb77,gbdt
9,0.05,least_risky,0.792854565138939,0.6021505376344086,0.04798628963153385,0.20430107526881722,27709,0.21870150492619728,111,6,5,1,0.8333333333333334,0.6576576576576577,5.0,0.5020654230131426,3,ppdai_imb77,gbdt
10,0.05,least_risky,0.792693007108613,0.5,0.030303030303030304,0.0,30242,0.21850406719132331,95,5,2,3,0.4,0.6736842105263158,2.0,0.507199411174499,3,ppdai_imb77,gbdt
0,0.05,least_risky,0.779,0.56,0.12334801762114538,0.12,5000,0.2324,0,0,0,0,0.0,0.0,0.0,0.0,4,ppdai_imb77,gbdt
1,0.05,least_risky,0.7716008037508373,0.56,0.08069164265129683,0.12,7463,0.22390459600696772,169,9,4,5,0.4444444444444444,0.5621301775147929,4.0,0.5051973173634182,4,ppdai_imb77,gbdt
2,0.05,least_risky,0.7859649122807018,0.5964912280701754,0.0776255707762557,0.19298245614035087,9972,0.22252306458082632,121,7,5,2,0.7142857142857143,0.6115702479338843,5.0,0.5115048888317214,4,ppdai_imb77,gbdt
3,0.05,least_risky,0.7867735470941883,0.546875,0.06505576208178439,0.09375,12475,0.21683366733466933,127,7,2,5,0.2857142857142857,0.5511811023622047,2.0,0.5030073309620693,4,ppdai_imb77,gbdt
4,0.05,least_risky,0.781636060100167,0.6,0.05405405405405406,0.2,14975,0.21409015025041736,130,7,3,4,0.42857142857142855,0.5769230769230769,3.0,0.5037162490548674,4,ppdai_imb77,gbdt
5,0.05,least_risky,0.781491002570694,0.5230769230769231,0.044270833333333336,0.046153846153846156,17501,0.21541626192788985,103,6,4,2,0.6666666666666666,0.6213592233009708,4.0,0.5066797268399762,4,ppdai_imb77,gbdt
6,0.05,least_risky,0.7879241516966068,0.6,0.05202312138728324,0.2,20039,0.21433205249762963,90,5,2,3,0.4,0.6,2.0,0.5067951766744556,4,ppdai_imb77,gbdt
7,0.05,least_risky,0.7801151461470328,0.5901639344262295,0.035856573705179286,0.18032786885245902,22577,0.21455463524826152,90,5,4,1,0.8,0.5555555555555556,4.0,0.5059785963655334,4,ppdai_imb77,gbdt
8,0.05,least_risky,0.787577145132391,0.5125,0.03835360149672591,0.025,25111,0.2162000716817331,94,5,1,4,0.2,0.574468085106383,1.0,0.5052304657765068,4,ppdai_imb77,gbdt
9,0.05,least_risky,0.7907775768535262,0.5733333333333334,0.036815068493150686,0.14666666666666667,27650,0.21844484629294755,89,5,4,1,0.8,0.5955056179775281,4.0,0.5040541599881617,4,ppdai_imb77,gbdt
10,0.05,least_risky,0.7804110043089162,0.48314606741573035,0.03252647503782148,-0.033707865168539325,30166,0.21769541868328582,113,6,2,4,0.3333333333333333,0.5132743362831859,2.0,0.5033104202178058,4,ppdai_imb77,gbdt
0,0.1,least_risky,0.804,0.7021276595744681,0.15348837209302327,0.40425531914893614,5000,0.2248,0,0,0,0,0.0,0.0,0.0,0.0,0,ppdai_imb77,gbdt
1,0.1,least_risky,0.7872763419483101,0.559322033898305,0.10060975609756098,0.11864406779661017,7544,0.2245493107104984,88,9,4,5,0.4444444444444444,0.5454545454545454,4.0,0.5067275880185158,0,ppdai_imb77,gbdt
2,0.1,least_risky,0.8029776674937965,0.6111111111111112,0.08068459657701711,0.2222222222222222,10074,0.21888028588445504,104,11,4,7,0.36363636363636365,0.625,4.0,0.5051703618471307,0,ppdai_imb77,gbdt
3,0.1,least_risky,0.7854026180087267,0.5857142857142857,0.07414104882459313,0.17142857142857143,12604,0.21762932402411933,104,11,7,4,0.6363636363636364,0.6153846153846154,7.0,0.5058555545044573,0,ppdai_imb77,gbdt
4,0.1,least_risky,0.7797225891677675,0.5294117647058824,0.05365126676602087,0.058823529411764705,15139,0.21837637888896227,98,10,5,5,0.5,0.6632653061224489,5.0,0.5071964607258004,0,ppdai_imb77,gbdt
5,0.1,least_risky,0.7772752967778406,0.5180722891566265,0.05436156763590392,0.03614457831325301,17687,0.21886131056708316,84,9,5,4,0.5555555555555556,0.5476190476190477,5.0,0.5098755543522224,0,ppdai_imb77,gbdt
6,0.1,least_risky,0.7868609533218078,0.5054945054945055,0.05324074074074074,0.01098901098901099,20244,0.21828689982216953,74,8,2,6,0.25,0.47297297297297297,2.0,0.5103125506254816,0,ppdai_imb77,gbdt
7,0.1,least_risky,0.7791922739244952,0.5365853658536586,0.043478260869565216,0.07317073170731707,22780,0.2206760316066725,97,10,5,5,0.5,0.6701030927835051,5.0,0.5059101996419004,0,ppdai_imb77,gbdt
8,0.1,least_risky,0.7811328202091967,0.5921052631578947,0.04007123775601069,0.18421052631578946,25331,0.21929651415261933,81,9,6,3,0.6666666666666666,0.5555555555555556,6.0,0.5060519725217525,0,ppdai_imb77,gbdt
9,0.1,least_risky,0.7784355938284894,0.56,0.03376205787781351,0.12,27867,0.21939928948218324,97,10,5,5,0.5,0.5876288659793815,5.0,0.5032593639632091,0,ppdai_imb77,gbdt
10,0.1,least_risky,0.7861604207758054,0.5436893203883495,0.042748091603053436,0.08737864077669903,30416,0.21985139400315623,83,9,7,2,0.7777777777777778,0.6746987951807228,7.0,0.5098076615361296,0,ppdai_imb77,gbdt
0,0.1,least_risky,0.759,0.5,0.08298755186721991,0.0,5000,0.2366,0,0,0,0,0.0,0.0,0.0,0.0,1,ppdai_imb77,gbdt
1,0.1,least_risky,0.7728476821192053,0.4722222222222222,0.04985337243401759,-0.05555555555555555,7547,0.22870014575327946,85,9,2,7,0.2222222222222222,0.49411764705882355,2.0,0.5079017337484958,1,ppdai_imb77,gbdt
2,0.1,least_risky,0.7784371909000989,0.6,0.06550218340611354,0.2,10107,0.22914811516770556,70,7,3,4,0.42857142857142855,0.6285714285714286,3.0,0.5074151246974355,1,ppdai_imb77,gbdt
3,0.1,least_risky,0.7595736281089617,0.5945945945945946,0.03571428571428571,0.1891891891891892,12661,0.2273912013269094,77,8,5,3,0.625,0.6233766233766234,5.0,0.5086076022200088,1,ppdai_imb77,gbdt
4,0.1,least_risky,0.7730706075533662,0.627906976744186,0.038461538461538464,0.2558139534883721,15223,0.22518557445969914,68,7,4,3,0.5714285714285714,0.6176470588235294,4.0,0.5074075713408489,1,ppdai_imb77,gbdt
5,0.1,least_risky,0.7842475386779184,0.5135135135135135,0.0494148244473342,0.02702702702702703,17772,0.22316002700877785,83,9,4,5,0.4444444444444444,0.5903614457831325,4.0,0.5055467567174563,1,ppdai_imb77,gbdt
6,0.1,least_risky,0.7769571639586411,0.6071428571428571,0.037037037037037035,0.21428571428571427,20309,0.22354621103944064,96,10,7,3,0.7,0.6041666666666666,7.0,0.50773386911186,1,ppdai_imb77,gbdt
7,0.1,least_risky,0.7888986013986014,0.5974025974025974,0.046890927624872576,0.19480519480519481,22878,0.22397062680304222,61,7,7,0,1.0,0.6721311475409836,7.0,0.5061464028601669,1,ppdai_imb77,gbdt
8,0.1,least_risky,0.7824119614400944,0.6185567010309279,0.053144375553587246,0.23711340206185566,25415,0.22270312807397205,96,10,5,5,0.5,0.6354166666666666,5.0,0.5045309035731431,1,ppdai_imb77,gbdt
9,0.1,least_risky,0.7706471219163389,0.5948275862068966,0.052873563218390804,0.1896551724137931,27968,0.22318363844393593,78,8,3,5,0.375,0.5769230769230769,3.0,0.506281834041897,1,ppdai_imb77,gbdt
10,0.1,least_risky,0.7872828580793183,0.6296296296296297,0.05128205128205128,0.25925925925925924,30507,0.22067066574884453,94,10,6,4,0.6,0.7127659574468085,6.0,0.5058435417258627,1,ppdai_imb77,gbdt
0,0.1,least_risky,0.785,0.4883720930232558,0.09813084112149532,-0.023255813953488372,5000,0.2286,0,0,0,0,0.0,0.0,0.0,0.0,2,ppdai_imb77,gbdt
1,0.1,least_risky,0.7929427430093209,0.5538461538461539,0.11320754716981132,0.1076923076923077,7506,0.22395416999733547,131,14,8,6,0.5714285714285714,0.6259541984732825,8.0,0.5106793312015704,2,ppdai_imb77,gbdt
2,0.1,least_risky,0.8034017008504252,0.5588235294117647,0.09476309226932668,0.11764705882352941,9994,0.21953171903141885,150,15,7,8,0.4666666666666667,0.5466666666666666,7.0,0.5103720637034288,2,ppdai_imb77,gbdt
3,0.1,least_risky,0.7911164465786314,0.6170212765957447,0.054409005628517824,0.23404255319148937,12493,0.21564075882494196,138,14,5,9,0.35714285714285715,0.572463768115942,5.0,0.506428353601965,2,ppdai_imb77,gbdt
4,0.1,least_risky,0.7934818756235451,0.5764705882352941,0.07728706624605679,0.15294117647058825,15032,0.2182676955827568,94,10,6,4,0.6,0.5319148936170213,6.0,0.5104702244349384,2,ppdai_imb77,gbdt
5,0.1,least_risky,0.7990321662396812,0.5955056179775281,0.07330567081604426,0.19101123595505617,17565,0.2174210076857387,101,11,5,6,0.45454545454545453,0.5742574257425742,5.0,0.5075348583988059,2,ppdai_imb77,gbdt
6,0.1,least_risky,0.7908887229275579,0.46987951807228917,0.046706586826347304,-0.060240963855421686,20083,0.21704924563063288,117,12,6,6,0.5,0.5470085470085471,6.0,0.503407511565623,2,ppdai_imb77,gbdt
7,0.1,least_risky,0.7901480008835874,0.6307692307692307,0.04239917269906929,0.26153846153846155,22633,0.2175584323775019,82,9,4,5,0.4444444444444444,0.6097560975609756,4.0,0.509024133156947,2,ppdai_imb77,gbdt
8,0.1,least_risky,0.7926102502979738,0.5942028985507246,0.03878902554399243,0.18840579710144928,25166,0.21854883573074785,100,10,4,6,0.4,0.57,4.0,0.5041791334244972,2,ppdai_imb77,gbdt
9,0.1,least_risky,0.7924187725631769,0.6133333333333333,0.03941730934018852,0.22666666666666666,27699,0.21751687786562693,100,10,6,4,0.6,0.62,6.0,0.5090467590084502,2,ppdai_imb77,gbdt
10,0.1,least_risky,0.7969240945923598,0.6301369863013698,0.03688853247794707,0.2602739726027397,30232,0.21804710240804445,100,10,5,5,0.5,0.63,5.0,0.5030011121918111,2,ppdai_imb77,gbdt
0,0.1,least_risky,0.774,0.5416666666666666,0.11304347826086956,0.08333333333333333,5000,0.2296,0,0,0,0,0.0,0.0,0.0,0.0,3,ppdai_imb77,gbdt
1,0.1,least_risky,0.7913621262458472,0.5365853658536586,0.0694006309148265,0.07317073170731707,7524,0.22647527910685805,111,12,4,8,0.3333333333333333,0.5135135135135135,4.0,0.5105230510135316,3,ppdai_imb77,gbdt
2,0.1,least_risky,0.7918326693227091,0.5161290322580645,0.0761904761904762,0.03225806451612903,10038,0.22295277943813507,122,13,7,6,0.5384615384615384,0.6147540983606558,7.0,0.5105771792771621,3,ppdai_imb77,gbdt
3,0.1,least_risky,0.7875894988066826,0.4666666666666667,0.052830188679245285,-0.06666666666666667,12569,0.22356591614289123,103,11,5,6,0.45454545454545453,0.5631067961165048,5.0,0.507015067262892,3,ppdai_imb77,gbdt
4,0.1,least_risky,0.7920529801324503,0.5797101449275363,0.06259780907668232,0.15942028985507245,15098,0.22254603258709763,105,11,7,4,0.6363636363636364,0.5904761904761905,7.0,0.5066834652135734,3,ppdai_imb77,gbdt
5,0.1,least_risky,0.7822512049900765,0.5822784810126582,0.058898847631242,0.16455696202531644,17634,0.22167403878870365,97,10,3,7,0.3,0.5257731958762887,3.0,0.5049365918250603,3,ppdai_imb77,gbdt
6,0.1,least_risky,0.7772264946663359,0.5783132530120482,0.052689352360043906,0.1566265060240964,20154,0.22079984122258609,115,12,6,6,0.5,0.5391304347826087,6.0,0.5117435669234571,3,ppdai_imb77,gbdt
7,0.1,least_risky,0.7892070484581498,0.5714285714285714,0.045454545454545456,0.14285714285714285,22699,0.21965725362350763,87,9,3,6,0.3333333333333333,0.6091954022988506,3.0,0.5095823323369593,3,ppdai_imb77,gbdt
8,0.1,least_risky,0.7987321711568938,0.6307692307692307,0.03969022265246854,0.26153846153846155,25236,0.21861626248216834,96,10,8,2,0.8,0.6666666666666666,8.0,0.5044236974679732,3,ppdai_imb77,gbdt
9,0.1,least_risky,0.7866786678667866,0.573170731707317,0.03926482873851295,0.14634146341463414,27773,0.21880963525726424,96,10,4,6,0.4,0.6354166666666666,4.0,0.5048707367166857,3,ppdai_imb77,gbdt
10,0.1,least_risky,0.7897080653142009,0.5454545454545454,0.04205607476635514,0.09090909090909091,30312,0.21885721826339405,94,10,6,4,0.6,0.6276595744680851,6.0,0.5088255016724517,3,ppdai_imb77,gbdt
0,0.1,least_risky,0.779,0.56,0.12334801762114538,0.12,5000,0.2324,0,0,0,0,0.0,0.0,0.0,0.0,4,ppdai_imb77,gbdt
1,0.1,least_risky,0.7819397993311037,0.6545454545454545,0.10495626822157435,0.3090909090909091,7471,0.22393253915138536,169,17,6,11,0.35294117647058826,0.5621301775147929,6.0,0.5091888899977016,4,ppdai_imb77,gbdt
2,0.1,least_risky,0.7838919459729865,0.5769230769230769,0.06818181818181818,0.15384615384615385,9992,0.22277822257806246,114,12,8,4,0.6666666666666666,0.631578947368421,8.0,0.5130078973247029,4,ppdai_imb77,gbdt
3,0.1,least_risky,0.7852858856457418,0.5283018867924528,0.05185185185185185,0.05660377358490566,12502,0.21780515117581187,126,13,8,5,0.6153846153846154,0.5158730158730159,8.0,0.5127284371082228,4,ppdai_imb77,gbdt
4,0.1,least_risky,0.7930805056553559,0.5,0.06591639871382636,0.0,15026,0.21549314521496074,110,11,6,5,0.5454545454545454,0.5818181818181818,6.0,0.5111470951894327,4,ppdai_imb77,gbdt
5,0.1,least_risky,0.7827202737382378,0.6753246753246753,0.06590621039290241,0.35064935064935066,17533,0.2166771231392232,129,13,4,9,0.3076923076923077,0.5193798449612403,4.0,0.5100040629070685,4,ppdai_imb77,gbdt
6,0.1,least_risky,0.7720478325859492,0.5714285714285714,0.03896103896103896,0.14285714285714285,20069,0.21540684637998903,97,10,6,4,0.6,0.6082474226804123,6.0,0.5044458299487802,4,ppdai_imb77,gbdt
7,0.1,least_risky,0.7889847378898474,0.639344262295082,0.04016477857878476,0.2786885245901639,22602,0.21529068224050968,101,11,7,4,0.6363636363636364,0.5841584158415841,7.0,0.5116358951661575,4,ppdai_imb77,gbdt
8,0.1,least_risky,0.7791484281734978,0.5909090909090909,0.034759358288770054,0.18181818181818182,25129,0.21676151060527676,107,11,6,5,0.5454545454545454,0.5887850467289719,6.0,0.5098453667900485,4,ppdai_imb77,gbdt
9,0.1,least_risky,0.7895592485549133,0.6103896103896104,0.03976311336717428,0.22077922077922077,27678,0.219127104559578,83,9,5,4,0.5555555555555556,0.5662650602409639,5.0,0.5068473941786277,4,ppdai_imb77,gbdt
10,0.1,least_risky,0.7924528301886793,0.527027027027027,0.031001589825119236,0.05405405405405406,30209,0.2183786288854315,103,11,4,7,0.36363636363636365,0.5339805825242718,4.0,0.5084772935605465,4,ppdai_imb77,gbdt
0,0.15,least_risky,0.804,0.7021276595744681,0.15348837209302327,0.40425531914893614,5000,0.2248,0,0,0,0,0.0,0.0,0.0,0.0,0,ppdai_imb77,gbdt
1,0.15,least_risky,0.7986754966887417,0.6470588235294118,0.10344827586206896,0.29411764705882354,7549,0.22493045436481654,88,14,8,6,0.5714285714285714,0.5454545454545454,8.0,0.5095808645141993,0,ppdai_imb77,gbdt
2,0.15,least_risky,0.7948463825569871,0.5666666666666667,0.08056872037914692,0.13333333333333333,10089,0.21974427594409754,98,15,8,7,0.5333333333333333,0.6224489795918368,8.0,0.5081987835656628,0,ppdai_imb77,gbdt
3,0.15,least_risky,0.7793185419968305,0.6229508196721312,0.06643356643356643,0.2459016393442623,12620,0.21838351822503962,109,17,9,8,0.5294117647058824,0.5963302752293578,9.0,0.5132716280247283,0,ppdai_imb77,gbdt
4,0.15,least_risky,0.7857613711272248,0.6285714285714286,0.0658682634730539,0.2571428571428571,15166,0.2191744692074377,91,14,6,8,0.42857142857142855,0.6703296703296703,6.0,0.5086546495338841,0,ppdai_imb77,gbdt
5,0.15,least_risky,0.7935119887165021,0.5851063829787234,0.07352941176470588,0.1702127659574468,17722,0.21944475792799908,79,12,5,7,0.4166666666666667,0.5822784810126582,5.0,0.5187710770407903,0,ppdai_imb77,gbdt
6,0.15,least_risky,0.7855029585798816,0.4563106796116505,0.0545876887340302,-0.08737864077669903,20278,0.21885787553013117,79,12,5,7,0.4166666666666667,0.46835443037974683,5.0,0.5140904093019779,0,ppdai_imb77,gbdt
7,0.15,least_risky,0.7931638913234005,0.6,0.053069719042663895,0.2,22817,0.2211947232326774,99,15,9,6,0.6,0.6868686868686869,9.0,0.512675549745351,0,ppdai_imb77,gbdt
8,0.15,least_risky,0.7910918407567994,0.5487804878048781,0.042134831460674156,0.0975609756097561,25370,0.21974773354355537,83,13,7,6,0.5384615384615384,0.5542168674698795,7.0,0.5059254379191004,0,ppdai_imb77,gbdt
9,0.15,least_risky,0.784166218878739,0.5882352941176471,0.057096247960848286,0.17647058823529413,27914,0.219889661101956,94,15,5,10,0.3333333333333333,0.5638297872340425,5.0,0.5077740651047423,0,ppdai_imb77,gbdt
10,0.15,least_risky,0.7829228243021347,0.5818181818181818,0.04776119402985075,0.16363636363636364,30450,0.2199671592775041,103,16,10,6,0.625,0.6990291262135923,10.0,0.5103404802805165,0,ppdai_imb77,gbdt
0,0.15,least_risky,0.759,0.5,0.08298755186721991,0.0,5000,0.2366,0,0,0,0,0.0,0.0,0.0,0.0,1,ppdai_imb77,gbdt
1,0.15,least_risky,0.7743216412971542,0.37037037037037035,0.029940119760479042,-0.25925925925925924,7551,0.22857899615944907,85,13,2,11,0.15384615384615385,0.49411764705882355,2.0,0.5112127719744709,1,ppdai_imb77,gbdt
2,0.15,least_risky,0.7764589515331355,0.559322033898305,0.0718954248366013,0.11864406779661017,10108,0.22892758211317768,78,12,6,6,0.5,0.6282051282051282,6.0,0.5050094113058403,1,ppdai_imb77,gbdt
3,0.15,least_risky,0.7703235990528808,0.58,0.04915254237288136,0.16,12667,0.2272045472487566,76,12,5,7,0.4166666666666667,0.618421052631579,5.0,0.5061797226882851,1,ppdai_imb77,gbdt
4,0.15,least_risky,0.7765748031496063,0.5490196078431373,0.04081632653061224,0.09803921568627451,15239,0.225146006955837,61,10,3,7,0.3,0.6065573770491803,3.0,0.5144640938195726,1,ppdai_imb77,gbdt
5,0.15,least_risky,0.7762788083192805,0.5454545454545454,0.05970149253731343,0.09090909090909091,17790,0.22321528948847666,85,13,10,3,0.7692307692307693,0.6235294117647059,10.0,0.5081264457595153,1,ppdai_imb77,gbdt
6,0.15,least_risky,0.7746928746928747,0.5540540540540541,0.04432432432432432,0.10810810810810811,20347,0.2239150734752052,78,12,5,7,0.4166666666666667,0.5769230769230769,5.0,0.510980634220977,1,ppdai_imb77,gbdt
7,0.15,least_risky,0.7789175032736796,0.5566037735849056,0.0575609756097561,0.11320754716981132,22906,0.22391513140661834,76,12,11,1,0.9166666666666666,0.7368421052631579,11.0,0.5101544094524796,1,ppdai_imb77,gbdt
8,0.15,least_risky,0.7813789039481438,0.5660377358490566,0.05323868677905945,0.1320754716981132,25452,0.2226936979412227,91,14,10,4,0.7142857142857143,0.6923076923076923,10.0,0.5104312675359877,1,ppdai_imb77,gbdt
9,0.15,least_risky,0.7799000357015352,0.5862068965517241,0.05426975259377494,0.1724137931034483,28008,0.22322193658954584,79,12,9,3,0.75,0.620253164556962,9.0,0.5116681014020551,1,ppdai_imb77,gbdt
10,0.15,least_risky,0.7882506954671903,0.6770833333333334,0.04894578313253012,0.3541666666666667,30551,0.22084383489902132,95,15,8,7,0.5333333333333333,0.6736842105263158,8.0,0.508699621535516,1,ppdai_imb77,gbdt
0,0.15,least_risky,0.785,0.4883720930232558,0.09813084112149532,-0.023255813953488372,5000,0.2286,0,0,0,0,0.0,0.0,0.0,0.0,2,ppdai_imb77,gbdt
1,0.15,least_risky,0.7897538256819694,0.4782608695652174,0.10543130990415335,-0.043478260869565216,7512,0.2239084132055378,131,20,9,11,0.45,0.6259541984732825,9.0,0.5142859511301425,2,ppdai_imb77,gbdt
2,0.15,least_risky,0.7956131605184447,0.47692307692307695,0.07616707616707617,-0.046153846153846156,10028,0.22038292780215396,126,19,7,12,0.3684210526315789,0.5317460317460317,7.0,0.5143347766934246,2,ppdai_imb77,gbdt
3,0.15,least_risky,0.7963332004782782,0.5802469135802469,0.08969465648854962,0.16049382716049382,12541,0.21680886691651383,130,20,5,15,0.25,0.5384615384615384,5.0,0.5085338171449858,2,ppdai_imb77,gbdt
4,0.15,least_risky,0.798472775564409,0.5588235294117647,0.061788617886178863,0.11764705882352941,15059,0.21854040772959693,124,19,7,12,0.3684210526315789,0.532258064516129,7.0,0.5088151247135496,2,ppdai_imb77,gbdt
5,0.15,least_risky,0.7901760363429869,0.4861111111111111,0.04748982360922659,-0.027777777777777776,17608,0.21774193548387097,88,14,4,10,0.2857142857142857,0.5909090909090909,4.0,0.5095471486429416,2,ppdai_imb77,gbdt
6,0.15,least_risky,0.787931462627266,0.5492957746478874,0.04529616724738676,0.09859154929577464,20135,0.21743233176061585,114,18,11,7,0.6111111111111112,0.5701754385964912,11.0,0.5116244749468052,2,ppdai_imb77,gbdt
7,0.15,least_risky,0.7814014984574702,0.6140350877192983,0.03482587064676617,0.22807017543859648,22690,0.21802556192155134,80,12,8,4,0.6666666666666666,0.625,8.0,0.5065712309002227,2,ppdai_imb77,gbdt
8,0.15,least_risky,0.7857001386413152,0.49504950495049505,0.04625346901017576,-0.009900990099009901,25245,0.21909288968112497,80,12,7,5,0.5833333333333334,0.65,7.0,0.5129113658480364,2,ppdai_imb77,gbdt
9,0.15,least_risky,0.7878733357322778,0.6493506493506493,0.04159733777038269,0.2987012987012987,27790,0.21810003598416697,92,14,6,8,0.42857142857142855,0.6195652173913043,6.0,0.5077385859311095,2,ppdai_imb77,gbdt
10,0.15,least_risky,0.7874443895205141,0.5730337078651685,0.039140445126630855,0.14606741573033707,30343,0.21909501367696008,83,13,10,3,0.7692307692307693,0.5783132530120482,10.0,0.5069760679413405,2,ppdai_imb77,gbdt
0,0.15,least_risky,0.774,0.5416666666666666,0.11304347826086956,0.08333333333333333,5000,0.2296,0,0,0,0,0.0,0.0,0.0,0.0,3,ppdai_imb77,gbdt
1,0.15,least_risky,0.7881806108897742,0.47368421052631576,0.056782334384858045,-0.05263157894736842,7529,0.22659051666888033,111,17,6,11,0.35294117647058826,0.5135135135135135,6.0,0.5131204115455037,3,ppdai_imb77,gbdt
2,0.15,least_risky,0.7788270377733598,0.5818181818181818,0.07048458149779736,0.16363636363636364,10057,0.2237247688177389,112,17,8,9,0.47058823529411764,0.5892857142857143,8.0,0.512532021805842,3,ppdai_imb77,gbdt
3,0.15,least_risky,0.778395552025417,0.559322033898305,0.0584070796460177,0.11864406779661017,12590,0.2243844320889595,107,17,9,8,0.5294117647058824,0.5514018691588785,9.0,0.5120473669904352,3,ppdai_imb77,gbdt
4,0.15,least_risky,0.7897520661157025,0.7101449275362319,0.07368421052631578,0.42028985507246375,15123,0.22336837928982345,107,17,6,11,0.35294117647058826,0.5420560747663551,6.0,0.5116750130713447,3,ppdai_imb77,gbdt
5,0.15,least_risky,0.7915723981900452,0.5888888888888889,0.0703851261620186,0.17777777777777778,17679,0.22280671983709485,79,12,6,6,0.5,0.5316455696202531,6.0,0.5106050018296098,3,ppdai_imb77,gbdt
6,0.15,least_risky,0.7764851485148515,0.5980392156862745,0.06608884073672806,0.19607843137254902,20200,0.22163366336633664,121,19,9,10,0.47368421052631576,0.5619834710743802,9.0,0.511304645201105,3,ppdai_imb77,gbdt
7,0.15,least_risky,0.7867194371152155,0.6756756756756757,0.050200803212851405,0.35135135135135137,22739,0.22037028893091165,99,15,6,9,0.4,0.5858585858585859,6.0,0.5097605527715914,3,ppdai_imb77,gbdt
8,0.15,least_risky,0.7882143563377496,0.6781609195402298,0.05353901996370236,0.3563218390804598,25281,0.21929512281950872,96,15,8,7,0.5333333333333333,0.6458333333333334,8.0,0.5056382551380668,3,ppdai_imb77,gbdt
9,0.15,least_risky,0.7866642703091301,0.589041095890411,0.035833333333333335,0.1780821917808219,27820,0.21944644140905822,99,15,12,3,0.8,0.6868686868686869,12.0,0.5073216227663815,3,ppdai_imb77,gbdt
10,0.15,least_risky,0.7915706289101087,0.6463414634146342,0.04108527131782946,0.2926829268292683,30370,0.21939413895291407,87,14,5,9,0.35714285714285715,0.6551724137931034,5.0,0.5129537029264473,3,ppdai_imb77,gbdt
0,0.15,least_risky,0.779,0.56,0.12334801762114538,0.12,5000,0.2324,0,0,0,0,0.0,0.0,0.0,0.0,4,ppdai_imb77,gbdt
1,0.15,least_risky,0.7807486631016043,0.5769230769230769,0.08928571428571429,0.15384615384615385,7480,0.22433155080213904,169,26,11,15,0.4230769230769231,0.5621301775147929,11.0,0.5151745060307837,4,ppdai_imb77,gbdt
2,0.15,least_risky,0.784,0.6491228070175439,0.08240534521158129,0.2982456140350877,9997,0.2229668900670201,125,19,7,12,0.3684210526315789,0.584,7.0,0.5149987493896555,4,ppdai_imb77,gbdt
3,0.15,least_risky,0.777555910543131,0.547945205479452,0.07092198581560284,0.0958904109589041,12516,0.21796100990731862,123,19,12,7,0.631578947368421,0.5447154471544715,12.0,0.5190404911440304,4,ppdai_imb77,gbdt
4,0.15,least_risky,0.783433133732535,0.6307692307692307,0.061377245508982034,0.26153846153846155,15027,0.21541225793571572,132,20,8,12,0.4,0.5454545454545454,8.0,0.5207133574558357,4,ppdai_imb77,gbdt
5,0.15,least_risky,0.7893386545039909,0.6,0.071334214002642,0.2,17539,0.21643195165060722,131,20,11,9,0.55,0.5801526717557252,11.0,0.5156776122458163,4,ppdai_imb77,gbdt
6,0.15,least_risky,0.7863545816733067,0.5873015873015873,0.04257767548906789,0.1746031746031746,20079,0.21505055032621145,98,15,9,6,0.6,0.6530612244897959,9.0,0.5164454950360885,4,ppdai_imb77,gbdt
7,0.15,least_risky,0.7997790055248619,0.7205882352941176,0.05235042735042735,0.4411764705882353,22621,0.2151982670969453,96,15,10,5,0.6666666666666666,0.5729166666666666,10.0,0.510368572732738,4,ppdai_imb77,gbdt
8,0.15,least_risky,0.7878005165905027,0.6621621621621622,0.04487179487179487,0.32432432432432434,25163,0.21694551524063108,96,15,11,4,0.7333333333333333,0.6041666666666666,11.0,0.5112976384274371,4,ppdai_imb77,gbdt
9,0.15,least_risky,0.786178274990978,0.5714285714285714,0.03678929765886288,0.14285714285714285,27707,0.21922257913162738,93,14,10,4,0.7142857142857143,0.5913978494623656,10.0,0.5116211659713228,4,ppdai_imb77,gbdt
10,0.15,least_risky,0.7878988262522731,0.5833333333333334,0.03777949113338473,0.16666666666666666,30242,0.2185371337874479,104,16,8,8,0.5,0.5384615384615384,8.0,0.5081086770760362,4,ppdai_imb77,gbdt
0,0.2,least_risky,0.804,0.7021276595744681,0.15348837209302327,0.40425531914893614,5000,0.2248,0,0,0,0,0.0,0.0,0.0,0.0,0,ppdai_imb77,gbdt
1,0.2,least_risky,0.7974851091992058,0.5227272727272727,0.07467532467532467,0.045454545454545456,7553,0.22507612869058652,88,18,10,8,0.5555555555555556,0.5454545454545454,10.0,0.5121431468016133,0,ppdai_imb77,gbdt
2,0.2,least_risky,0.7974244675581972,0.5571428571428572,0.09352517985611511,0.11428571428571428,10091,0.21970072341690616,107,22,14,8,0.6363636363636364,0.6448598130841121,14.0,0.5214149718804211,0,ppdai_imb77,gbdt
3,0.2,least_risky,0.776326207442597,0.4880952380952381,0.07282415630550622,-0.023809523809523808,12626,0.21867574845556786,111,23,13,10,0.5652173913043478,0.5765765765765766,13.0,0.5109144681206453,0,ppdai_imb77,gbdt
4,0.2,least_risky,0.7841133816743573,0.5735294117647058,0.058646616541353384,0.14705882352941177,15169,0.2194607423033819,100,20,9,11,0.45,0.64,9.0,0.5189500041571877,0,ppdai_imb77,gbdt
5,0.2,least_risky,0.786016351846631,0.5764705882352941,0.06347150259067358,0.15294117647058825,17735,0.22012968705948688,72,15,9,6,0.6,0.5555555555555556,9.0,0.5143260699685912,0,ppdai_imb77,gbdt
6,0.2,least_risky,0.7881251539788126,0.6410256410256411,0.05668934240362812,0.28205128205128205,20294,0.21952301172760422,80,16,7,9,0.4375,0.4625,7.0,0.5147429026229794,0,ppdai_imb77,gbdt
7,0.2,least_risky,0.7789934354485777,0.5294117647058824,0.0531496062992126,0.058823529411764705,22848,0.22203256302521007,87,18,10,8,0.5555555555555556,0.6896551724137931,10.0,0.5096750250429475,0,ppdai_imb77,gbdt
8,0.2,least_risky,0.7842094900570978,0.5925925925925926,0.043204320432043204,0.18518518518518517,25395,0.22043709391612523,95,19,12,7,0.631578947368421,0.5684210526315789,12.0,0.5127163330979467,0,ppdai_imb77,gbdt
9,0.2,least_risky,0.7848327669468789,0.6,0.044226044226044224,0.2,27952,0.22077132226674298,83,17,10,7,0.5882352941176471,0.5783132530120482,10.0,0.5115375719985411,0,ppdai_imb77,gbdt
10,0.2,least_risky,0.7886538776848664,0.6068376068376068,0.05403348554033485,0.21367521367521367,30495,0.22092146253484177,101,21,16,5,0.7619047619047619,0.7128712871287128,16.0,0.512020456638871,0,ppdai_imb77,gbdt
0,0.2,least_risky,0.759,0.5,0.08298755186721991,0.0,5000,0.2366,0,0,0,0,0.0,0.0,0.0,0.0,1,ppdai_imb77,gbdt
1,0.2,least_risky,0.7690271343481139,0.4864864864864865,0.05172413793103448,-0.02702702702702703,7555,0.22885506287227003,85,17,5,12,0.29411764705882354,0.49411764705882355,5.0,0.5153519553614112,1,ppdai_imb77,gbdt
2,0.2,least_risky,0.7875494071146245,0.5625,0.06192660550458716,0.125,10119,0.22927166716078665,74,15,9,6,0.6,0.6621621621621622,9.0,0.5108203563085538,1,ppdai_imb77,gbdt
3,0.2,least_risky,0.7677444794952681,0.40384615384615385,0.03626943005181347,-0.19230769230769232,12679,0.22769934537424086,79,16,4,12,0.25,0.5443037974683544,4.0,0.5097011639241188,1,ppdai_imb77,gbdt
4,0.2,least_risky,0.7877296587926509,0.625,0.06033182503770739,0.25,15236,0.22564977684431609,83,17,14,3,0.8235294117647058,0.6024096385542169,14.0,0.5159719026942764,1,ppdai_imb77,gbdt
5,0.2,least_risky,0.7871802080404836,0.6666666666666666,0.05897435897435897,0.3333333333333333,17784,0.22351551956815116,94,19,10,9,0.5263157894736842,0.5957446808510638,10.0,0.5087694543057087,1,ppdai_imb77,gbdt
6,0.2,least_risky,0.7814650934119961,0.5974025974025974,0.05088495575221239,0.19480519480519481,20340,0.22389380530973452,84,17,6,11,0.35294117647058826,0.6190476190476191,6.0,0.5125579582738949,1,ppdai_imb77,gbdt
7,0.2,least_risky,0.7832351015062213,0.5795454545454546,0.0506454816285998,0.1590909090909091,22902,0.2239542398043839,77,16,11,5,0.6875,0.7012987012987013,11.0,0.510505271792532,1,ppdai_imb77,gbdt
8,0.2,least_risky,0.7837784760408484,0.5739130434782609,0.059033989266547404,0.14782608695652175,25456,0.22297297297297297,87,18,14,4,0.7777777777777778,0.6781609195402298,14.0,0.5128316970197616,1,ppdai_imb77,gbdt
9,0.2,least_risky,0.7870783508834553,0.6448598130841121,0.056372549019607844,0.2897196261682243,28012,0.22326145937455377,84,17,8,9,0.47058823529411764,0.6428571428571429,8.0,0.5201787096298895,1,ppdai_imb77,gbdt
10,0.2,least_risky,0.784429178933595,0.5798319327731093,0.05160807778608826,0.15966386554621848,30567,0.22112081656688587,86,18,10,8,0.5555555555555556,0.6511627906976745,10.0,0.5148411883358707,1,ppdai_imb77,gbdt
0,0.2,least_risky,0.785,0.4883720930232558,0.09813084112149532,-0.023255813953488372,5000,0.2286,0,0,0,0,0.0,0.0,0.0,0.0,2,ppdai_imb77,gbdt
1,0.2,least_risky,0.7872340425531915,0.509090909090909,0.08722741433021806,0.01818181818181818,7519,0.22396595291927118,131,27,11,16,0.4074074074074074,0.6259541984732825,11.0,0.5184021837801787,2,ppdai_imb77,gbdt
2,0.2,least_risky,0.7896311066799602,0.4722222222222222,0.08133971291866028,-0.05555555555555555,10030,0.2206380857427717,140,28,15,13,0.5357142857142857,0.5285714285714286,15.0,0.5130769591610371,2,ppdai_imb77,gbdt
3,0.2,least_risky,0.7921974522292994,0.5483870967741935,0.06439393939393939,0.0967741935483871,12557,0.21740861670781236,121,25,11,14,0.44,0.5619834710743802,11.0,0.5129489412651917,2,ppdai_imb77,gbdt
4,0.2,least_risky,0.7849569251159708,0.6142857142857143,0.06466165413533835,0.22857142857142856,15088,0.21931336161187698,115,23,11,12,0.4782608695652174,0.5478260869565217,11.0,0.5138345733274329,2,ppdai_imb77,gbdt
5,0.2,least_risky,0.7957507082152975,0.5714285714285714,0.05471956224350205,0.14285714285714285,17646,0.21880312818769126,82,17,11,6,0.6470588235294118,0.6097560975609756,11.0,0.5130294259843072,2,ppdai_imb77,gbdt
6,0.2,least_risky,0.7919246965568492,0.5256410256410257,0.0485781990521327,0.05128205128205128,20181,0.2183737178534265,110,22,9,13,0.4090909090909091,0.5545454545454546,9.0,0.5134165593862359,2,ppdai_imb77,gbdt
7,0.2,least_risky,0.7906311853969651,0.5972222222222222,0.044513457556935816,0.19444444444444445,22735,0.21882559929623926,87,18,11,7,0.6111111111111112,0.6206896551724138,11.0,0.5220267032157778,2,ppdai_imb77,gbdt
8,0.2,least_risky,0.7854883353103994,0.5652173913043478,0.0356489945155393,0.13043478260869565,25290,0.2198892843020957,85,17,11,6,0.6470588235294118,0.6352941176470588,11.0,0.5159182921041383,2,ppdai_imb77,gbdt
9,0.2,least_risky,0.7835847701149425,0.504950495049505,0.04228855721393035,0.009900990099009901,27837,0.21902503861766714,95,19,12,7,0.631578947368421,0.6,12.0,0.5151258505478992,2,ppdai_imb77,gbdt
10,0.2,least_risky,0.784103998683561,0.625,0.04857997010463378,0.25,30384,0.21972090573986308,96,20,9,11,0.45,0.5729166666666666,9.0,0.511575311584834,2,ppdai_imb77,gbdt
0,0.2,least_risky,0.774,0.5416666666666666,0.11304347826086956,0.08333333333333333,5000,0.2296,0,0,0,0,0.0,0.0,0.0,0.0,3,ppdai_imb77,gbdt
1,0.2,least_risky,0.7783676177836761,0.4406779661016949,0.07951070336391437,-0.11864406779661017,7535,0.22680822826808228,111,23,9,14,0.391304347826087,0.5135135135135135,9.0,0.5168825012157591,3,ppdai_imb77,gbdt
2,0.2,least_risky,0.7931377424167081,0.5862068965517241,0.07981220657276995,0.1724137931034483,10052,0.2232391563867887,133,27,14,13,0.5185185185185185,0.6090225563909775,14.0,0.5168543222149379,3,ppdai_imb77,gbdt
3,0.2,least_risky,0.777689559348948,0.5,0.0625,0.0,12595,0.2241365621278285,100,20,9,11,0.45,0.55,9.0,0.5285024444783961,3,ppdai_imb77,gbdt
4,0.2,least_risky,0.7813016187644533,0.6363636363636364,0.061764705882352944,0.2727272727272727,15133,0.22335293728936761,107,22,9,13,0.4090909090909091,0.5327102803738317,9.0,0.5133312958542152,3,ppdai_imb77,gbdt
5,0.2,least_risky,0.787167891464104,0.6875,0.05662805662805663,0.375,17686,0.22254890874137737,88,18,7,11,0.3888888888888889,0.5454545454545454,7.0,0.5117101604956584,3,ppdai_imb77,gbdt
6,0.2,least_risky,0.782060785767235,0.5882352941176471,0.055741360089186176,0.17647058823529413,20233,0.22166757277714624,96,20,10,10,0.5,0.6041666666666666,10.0,0.5077076702931679,3,ppdai_imb77,gbdt
7,0.2,least_risky,0.7820934825543121,0.6265060240963856,0.05128205128205128,0.25301204819277107,22784,0.2207250702247191,90,18,11,7,0.6111111111111112,0.5888888888888889,11.0,0.5093380593930936,3,ppdai_imb77,gbdt
8,0.2,least_risky,0.7926203630623521,0.6931818181818182,0.05622119815668203,0.38636363636363635,25339,0.2199376455266585,85,17,14,3,0.8235294117647058,0.6705882352941176,14.0,0.5150502197581761,3,ppdai_imb77,gbdt
9,0.2,least_risky,0.7931528947840115,0.638095238095238,0.0566356720202874,0.2761904761904762,27893,0.22034202129566557,87,18,13,5,0.7222222222222222,0.6551724137931034,13.0,0.5100088354942027,3,ppdai_imb77,gbdt
10,0.2,least_risky,0.7825229960578186,0.5306122448979592,0.039097744360902256,0.061224489795918366,30436,0.2202654750952819,101,21,13,8,0.6190476190476191,0.6435643564356436,13.0,0.5097526836415527,3,ppdai_imb77,gbdt
0,0.2,least_risky,0.779,0.56,0.12334801762114538,0.12,5000,0.2324,0,0,0,0,0.0,0.0,0.0,0.0,4,ppdai_imb77,gbdt
1,0.2,least_risky,0.7663551401869159,0.5918367346938775,0.0807799442896936,0.1836734693877551,7488,0.2248931623931624,169,34,17,17,0.5,0.5621301775147929,17.0,0.522141526455362,4,ppdai_imb77,gbdt
2,0.2,least_risky,0.7883175237144283,0.5882352941176471,0.09174311926605505,0.17647058823529413,10013,0.2239089184060721,123,25,11,14,0.44,0.5691056910569106,11.0,0.5235914822537463,4,ppdai_imb77,gbdt
3,0.2,least_risky,0.7706422018348624,0.5084745762711864,0.052083333333333336,0.01694915254237288,12532,0.21872007660389403,131,27,11,16,0.4074074074074074,0.5038167938931297,11.0,0.5169646424624159,4,ppdai_imb77,gbdt
4,0.2,least_risky,0.7892465980750083,0.6086956521739131,0.06461538461538462,0.21739130434782608,15061,0.21605471084257352,118,24,10,14,0.4166666666666667,0.5932203389830508,10.0,0.5156331838517513,4,ppdai_imb77,gbdt
5,0.2,least_risky,0.7818543799772468,0.55,0.0567741935483871,0.1,17579,0.21707719437965756,132,27,12,15,0.4444444444444444,0.5606060606060606,12.0,0.5135595360952951,4,ppdai_imb77,gbdt
6,0.2,least_risky,0.7834078489816195,0.5753424657534246,0.04756511891279728,0.1506849315068493,20128,0.21586844197138313,93,19,11,8,0.5789473684210527,0.6344086021505376,11.0,0.5222976509904405,4,ppdai_imb77,gbdt
7,0.2,least_risky,0.7938257993384785,0.5342465753424658,0.04148936170212766,0.0684931506849315,22675,0.2157883131201764,96,20,11,9,0.55,0.6041666666666666,11.0,0.511585069248795,4,ppdai_imb77,gbdt
8,0.2,least_risky,0.7848502875272655,0.5584415584415584,0.03930530164533821,0.11688311688311688,25215,0.21737061273051755,104,21,12,9,0.5714285714285714,0.5961538461538461,12.0,0.5099587981808305,4,ppdai_imb77,gbdt
9,0.2,least_risky,0.7939164866810655,0.5729166666666666,0.04745470232959448,0.14583333333333334,27779,0.21987832535368443,74,15,13,2,0.8666666666666667,0.6216216216216216,13.0,0.5134293162939039,4,ppdai_imb77,gbdt
10,0.2,least_risky,0.7875639122546594,0.5268817204301075,0.03789636504253674,0.053763440860215055,30314,0.2192056475555849,111,23,12,11,0.5217391304347826,0.5225225225225225,12.0,0.5141917146916638,4,ppdai_imb77,gbdt
0,0.3,least_risky,0.804,0.7021276595744681,0.15348837209302327,0.40425531914893614,5000,0.2248,0,0,0,0,0.0,0.0,0.0,0.0,0,ppdai_imb77,gbdt
1,0.3,least_risky,0.7878387309980172,0.6274509803921569,0.09580838323353294,0.2549019607843137,7562,0.22546945252578682,88,27,15,12,0.5555555555555556,0.5454545454545454,15.0,0.520379058148791,0,ppdai_imb77,gbdt
2,0.3,least_risky,0.791501976284585,0.576271186440678,0.07888631090487239,0.15254237288135594,10119,0.2205751556477913,95,29,12,17,0.41379310344827586,0.6,12.0,0.5338490910672096,0,ppdai_imb77,gbdt
3,0.3,least_risky,0.7896606156274665,0.47368421052631576,0.06805293005671077,-0.05263157894736842,12667,0.2194679087392437,108,33,14,19,0.42424242424242425,0.5648148148148148,14.0,0.5176618893976505,0,ppdai_imb77,gbdt
4,0.3,least_risky,0.7881773399014779,0.5647058823529412,0.07317073170731707,0.12941176470588237,15223,0.2203901990409249,97,30,16,14,0.5333333333333333,0.6597938144329897,16.0,0.5248621345287058,0,ppdai_imb77,gbdt
5,0.3,least_risky,0.7808373138522057,0.5161290322580645,0.06130268199233716,0.03225806451612903,17792,0.22077338129496402,78,24,13,11,0.5416666666666666,0.5897435897435898,13.0,0.5223938054878201,0,ppdai_imb77,gbdt
6,0.3,least_risky,0.7901325478645066,0.5268817204301075,0.056976744186046514,0.053763440860215055,20367,0.22025826091226003,69,21,12,9,0.5714285714285714,0.5072463768115942,12.0,0.5138147880953702,0,ppdai_imb77,gbdt
7,0.3,least_risky,0.7848266841072596,0.5346534653465347,0.05432595573440644,0.06930693069306931,22933,0.22286661143330572,82,25,15,10,0.6,0.7073170731707317,15.0,0.52556054901898,0,ppdai_imb77,gbdt
8,0.3,least_risky,0.7792589688296413,0.5612244897959183,0.048330404217926184,0.12244897959183673,25503,0.22142493040034505,77,24,13,11,0.5416666666666666,0.5714285714285714,13.0,0.5108580585920692,0,ppdai_imb77,gbdt
9,0.3,least_risky,0.786783042394015,0.576271186440678,0.05596707818930041,0.15254237288135594,28067,0.2216481989525065,85,26,10,16,0.38461538461538464,0.5529411764705883,10.0,0.5153308357716612,0,ppdai_imb77,gbdt
10,0.3,least_risky,0.7782857142857142,0.6886792452830188,0.05221745350500715,0.37735849056603776,30625,0.22191020408163264,94,29,17,12,0.5862068965517241,0.6808510638297872,17.0,0.5177099345518203,0,ppdai_imb77,gbdt
0,0.3,least_risky,0.759,0.5,0.08298755186721991,0.0,5000,0.2366,0,0,0,0,0.0,0.0,0.0,0.0,1,ppdai_imb77,gbdt
1,0.3,least_risky,0.7587574355584931,0.475,0.05234159779614325,-0.05,7564,0.22897937599153886,85,26,8,18,0.3076923076923077,0.49411764705882355,8.0,0.5231715736898036,1,ppdai_imb77,gbdt
2,0.3,least_risky,0.7749259624876604,0.5918367346938775,0.06236559139784946,0.1836734693877551,10129,0.22953894757626617,84,26,14,12,0.5384615384615384,0.6190476190476191,14.0,0.5151516621529715,1,ppdai_imb77,gbdt
3,0.3,least_risky,0.7717434081070444,0.4915254237288136,0.05008635578583765,-0.01694915254237288,12701,0.2285646799464609,73,22,13,9,0.5909090909090909,0.5616438356164384,13.0,0.5151859223967485,1,ppdai_imb77,gbdt
4,0.3,least_risky,0.7701375245579568,0.4857142857142857,0.04857142857142857,-0.02857142857142857,15267,0.2263706032619375,82,25,17,8,0.68,0.6219512195121951,17.0,0.5137797963772897,1,ppdai_imb77,gbdt
5,0.3,least_risky,0.7833894500561167,0.5476190476190477,0.05897435897435897,0.09523809523809523,17817,0.22416792950552844,105,32,12,20,0.375,0.5428571428571428,12.0,0.5211095147269816,1,ppdai_imb77,gbdt
6,0.3,least_risky,0.7779141104294478,0.5876288659793815,0.06182212581344902,0.17525773195876287,20373,0.22466008933392234,96,29,14,15,0.4827586206896552,0.5833333333333334,14.0,0.5124063550847899,1,ppdai_imb77,gbdt
7,0.3,least_risky,0.7744115082824761,0.5979381443298969,0.05502846299810247,0.1958762886597938,22936,0.22462504359958144,86,26,16,10,0.6153846153846154,0.686046511627907,16.0,0.512041162290309,1,ppdai_imb77,gbdt
8,0.3,least_risky,0.7775598273832875,0.544,0.059388646288209605,0.088,25489,0.2234689473890698,100,30,15,15,0.5,0.63,15.0,0.5199766408346976,1,ppdai_imb77,gbdt
9,0.3,least_risky,0.7832442067736185,0.5737704918032787,0.05672609400324149,0.14754098360655737,28050,0.2239572192513369,89,27,14,13,0.5185185185185185,0.5842696629213483,14.0,0.5153009030368544,1,ppdai_imb77,gbdt
10,0.3,least_risky,0.7883044756615485,0.6165413533834586,0.06179351921627732,0.23308270676691728,30608,0.22173941453214846,94,29,20,9,0.6896551724137931,0.7021276595744681,20.0,0.5192970440152628,1,ppdai_imb77,gbdt
0,0.3,least_risky,0.785,0.4883720930232558,0.09813084112149532,-0.023255813953488372,5000,0.2286,0,0,0,0,0.0,0.0,0.0,0.0,2,ppdai_imb77,gbdt
1,0.3,least_risky,0.7982747179827472,0.6615384615384615,0.13230769230769232,0.3230769230769231,7532,0.22464152947424323,131,40,19,21,0.475,0.6259541984732825,19.0,0.5271226282900722,2,ppdai_imb77,gbdt
2,0.3,least_risky,0.8063555114200596,0.6507936507936508,0.10024449877750612,0.30158730158730157,10070,0.22164846077457795,122,37,16,21,0.43243243243243246,0.5245901639344263,16.0,0.519430473214334,2,ppdai_imb77,gbdt
3,0.3,least_risky,0.776984126984127,0.5079365079365079,0.056838365896980464,0.015873015873015872,12600,0.21801587301587302,134,41,20,21,0.4878048780487805,0.5895522388059702,20.0,0.5190373016738525,2,ppdai_imb77,gbdt
4,0.3,least_risky,0.803565533179267,0.5915492957746479,0.06907894736842106,0.18309859154929578,15144,0.21995509772847333,113,34,13,21,0.38235294117647056,0.5309734513274337,13.0,0.5304505284168509,2,ppdai_imb77,gbdt
5,0.3,least_risky,0.7913018921208698,0.5853658536585366,0.06374501992031872,0.17073170731707318,17702,0.21924076375550786,94,29,15,14,0.5172413793103449,0.5957446808510638,15.0,0.5219713748682856,2,ppdai_imb77,gbdt
6,0.3,least_risky,0.7822759812392002,0.4084507042253521,0.0333716915995397,-0.18309859154929578,20252,0.21908947264467707,105,32,19,13,0.59375,0.580952380952381,19.0,0.525306462864439,2,ppdai_imb77,gbdt
7,0.3,least_risky,0.7839140916063992,0.581081081081081,0.04308617234468938,0.16216216216216217,22815,0.2195485426254657,87,27,13,14,0.48148148148148145,0.5977011494252874,13.0,0.5138365760070593,2,ppdai_imb77,gbdt
8,0.3,least_risky,0.7825059101654847,0.5617977528089888,0.04484304932735426,0.12359550561797752,25376,0.2205233291298865,89,27,11,16,0.4074074074074074,0.5955056179775281,11.0,0.5112074199997366,2,ppdai_imb77,gbdt
9,0.3,least_risky,0.7904813025585973,0.59375,0.0479394449116905,0.1875,27943,0.21976881508785742,81,25,13,12,0.52,0.6049382716049383,13.0,0.5214595628127762,2,ppdai_imb77,gbdt
10,0.3,least_risky,0.7818032786885246,0.6138613861386139,0.04579025110782865,0.22772277227722773,30498,0.22044068463505803,98,30,19,11,0.6333333333333333,0.6326530612244898,19.0,0.5147922625922466,2,ppdai_imb77,gbdt
0,0.3,least_risky,0.774,0.5416666666666666,0.11304347826086956,0.08333333333333333,5000,0.2296,0,0,0,0,0.0,0.0,0.0,0.0,3,ppdai_imb77,gbdt
1,0.3,least_risky,0.7913907284768212,0.5897435897435898,0.07142857142857142,0.1794871794871795,7546,0.22714020673204346,111,34,14,20,0.4117647058823529,0.5135135135135135,14.0,0.525573971961594,3,ppdai_imb77,gbdt
2,0.3,least_risky,0.7755203171456888,0.59375,0.08172043010752689,0.1875,10088,0.2246233148295004,116,35,16,19,0.45714285714285713,0.5689655172413793,16.0,0.5241608977962542,3,ppdai_imb77,gbdt
3,0.3,least_risky,0.776503164556962,0.5492957746478874,0.06818181818181818,0.09859154929577464,12640,0.22563291139240507,102,31,20,11,0.6451612903225806,0.5784313725490197,20.0,0.5257568538473409,3,ppdai_imb77,gbdt
4,0.3,least_risky,0.787948633519921,0.6292134831460674,0.08395802098950525,0.25842696629213485,15182,0.22454222105124488,116,35,20,15,0.5714285714285714,0.5862068965517241,20.0,0.5206401823106661,3,ppdai_imb77,gbdt
5,0.3,least_risky,0.7857948139797069,0.5697674418604651,0.06347150259067358,0.13953488372093023,17740,0.22350620067643742,93,28,12,16,0.42857142857142855,0.5698924731182796,12.0,0.5208795114425018,3,ppdai_imb77,gbdt
6,0.3,least_risky,0.7815270935960591,0.5760869565217391,0.058823529411764705,0.15217391304347827,20296,0.22275325187229011,97,30,15,15,0.5,0.5773195876288659,15.0,0.5214862041184964,3,ppdai_imb77,gbdt
7,0.3,least_risky,0.7823233428133888,0.6395348837209303,0.053974484789008834,0.27906976744186046,22855,0.22192080507547582,92,28,18,10,0.6428571428571429,0.5760869565217391,18.0,0.5225810969446237,3,ppdai_imb77,gbdt
8,0.3,least_risky,0.7894943930749557,0.5952380952380952,0.06855575868372943,0.19047619047619047,25415,0.22093252016525675,90,27,16,11,0.5925925925925926,0.6666666666666666,16.0,0.5191837450510927,3,ppdai_imb77,gbdt
9,0.3,least_risky,0.7945646343643841,0.6060606060606061,0.05128205128205128,0.21212121212121213,27965,0.22116931879134633,105,32,21,11,0.65625,0.6476190476190476,21.0,0.5124106979740497,3,ppdai_imb77,gbdt
10,0.3,least_risky,0.7918099918099918,0.6761904761904762,0.054281345565749234,0.3523809523809524,30521,0.22106090888240884,97,30,16,14,0.5333333333333333,0.6597938144329897,16.0,0.5156008080887482,3,ppdai_imb77,gbdt
0,0.3,least_risky,0.779,0.56,0.12334801762114538,0.12,5000,0.2324,0,0,0,0,0.0,0.0,0.0,0.0,4,ppdai_imb77,gbdt
1,0.3,least_risky,0.7801465689540307,0.6938775510204082,0.09742120343839542,0.3877551020408163,7505,0.22571618920719522,169,51,27,24,0.5294117647058824,0.5621301775147929,27.0,0.5335607114786303,4,ppdai_imb77,gbdt
2,0.3,least_risky,0.7819810851169736,0.578125,0.08258928571428571,0.15625,10044,0.22471127041019515,121,37,25,12,0.6756756756756757,0.6528925619834711,25.0,0.5360661831303903,4,ppdai_imb77,gbdt
3,0.3,least_risky,0.7802066772655007,0.5540540540540541,0.07308377896613191,0.10810810810810811,12579,0.21957230304475714,126,38,17,21,0.4473684210526316,0.5238095238095238,17.0,0.5448869196677302,4,ppdai_imb77,gbdt
4,0.3,least_risky,0.7768595041322314,0.5362318840579711,0.054411764705882354,0.07246376811594203,15123,0.21728493023870926,114,35,19,16,0.5428571428571428,0.5964912280701754,19.0,0.5347532672949273,4,ppdai_imb77,gbdt
5,0.3,least_risky,0.7733446519524618,0.6621621621621622,0.059393939393939395,0.32432432432432434,17667,0.21882605988566253,113,34,17,17,0.5,0.5398230088495575,17.0,0.5213114399191404,4,ppdai_imb77,gbdt
6,0.3,least_risky,0.7812654473554127,0.6338028169014085,0.049778761061946904,0.2676056338028169,20227,0.21762990062787363,91,28,13,15,0.4642857142857143,0.5934065934065934,13.0,0.5137845273446162,4,ppdai_imb77,gbdt
7,0.3,least_risky,0.7862628922536756,0.5543478260869565,0.051829268292682924,0.10869565217391304,22785,0.2175554092604784,93,28,18,10,0.6428571428571429,0.6236559139784946,18.0,0.5136954221739047,4,ppdai_imb77,gbdt
8,0.3,least_risky,0.7753008482935491,0.6,0.0389948006932409,0.2,25343,0.21911375922345422,93,28,21,7,0.75,0.6774193548387096,21.0,0.5259387019231384,4,ppdai_imb77,gbdt
9,0.3,least_risky,0.7746327481189538,0.5447154471544715,0.05279747832939322,0.08943089430894309,27910,0.22146184163382301,80,24,11,13,0.4583333333333333,0.5375,11.0,0.5213638706716374,4,ppdai_imb77,gbdt
10,0.3,least_risky,0.7851633021500082,0.574468085106383,0.04081632653061224,0.14893617021276595,30461,0.22087259118216737,104,32,21,11,0.65625,0.5480769230769231,21.0,0.5257872285106258,4,ppdai_imb77,gbdt
0,0.5,least_risky,0.804,0.7021276595744681,0.15348837209302327,0.40425531914893614,5000,0.2248,0,0,0,0,0.0,0.0,0.0,0.0,0,ppdai_imb77,gbdt
1,0.5,least_risky,0.7783641160949868,0.6086956521739131,0.08092485549132948,0.21739130434782608,7579,0.22615120728328275,88,44,24,20,0.5454545454545454,0.5454545454545454,24.0,0.5398612484726215,0,ppdai_imb77,gbdt
2,0.5,least_risky,0.8046259842519685,0.625,0.10843373493975904,0.25,10158,0.22209096278795037,89,45,23,22,0.5111111111111111,0.5955056179775281,23.0,0.5427141208601629,0,ppdai_imb77,gbdt
3,0.5,least_risky,0.7791748526522594,0.5263157894736842,0.0706713780918728,0.05263157894736842,12725,0.22113948919449902,113,57,30,27,0.5263157894736842,0.5929203539823009,30.0,0.5304749922190924,0,ppdai_imb77,gbdt
4,0.5,least_risky,0.7813010787839163,0.6627906976744186,0.08177905308464849,0.32558139534883723,15291,0.22196063043620431,114,57,30,27,0.5263157894736842,0.6403508771929824,30.0,0.5331186672169214,0,ppdai_imb77,gbdt
5,0.5,least_risky,0.7826573426573427,0.5106382978723404,0.06161745827984596,0.02127659574468085,17872,0.22241495076096687,85,43,21,22,0.4883720930232558,0.5411764705882353,21.0,0.5460068871391052,0,ppdai_imb77,gbdt
6,0.5,least_risky,0.7790271327303838,0.5816326530612245,0.06195652173913044,0.16326530612244897,20453,0.2217767564660441,84,42,18,24,0.42857142857142855,0.4523809523809524,18.0,0.5282535766969014,0,ppdai_imb77,gbdt
7,0.5,least_risky,0.7831560668547862,0.6048387096774194,0.07317073170731707,0.20967741935483872,23034,0.22458105409394807,85,43,28,15,0.6511627906976745,0.6941176470588235,28.0,0.5387232331729581,0,ppdai_imb77,gbdt
8,0.5,least_risky,0.7841108725356236,0.5894736842105263,0.04986642920747997,0.17894736842105263,25613,0.22320696521297778,89,45,27,18,0.6,0.5617977528089888,27.0,0.5316611807742034,0,ppdai_imb77,gbdt
9,0.5,least_risky,0.7827629012236212,0.592,0.05929487179487179,0.184,28192,0.22350312145289444,89,45,24,21,0.5333333333333333,0.5730337078651685,24.0,0.5373936667825748,0,ppdai_imb77,gbdt
10,0.5,least_risky,0.784692882677933,0.6510067114093959,0.0708029197080292,0.30201342281879195,30769,0.22379667847508855,93,47,24,23,0.5106382978723404,0.6559139784946236,24.0,0.5484013242822849,0,ppdai_imb77,gbdt
0,0.5,least_risky,0.759,0.5,0.08298755186721991,0.0,5000,0.2366,0,0,0,0,0.0,0.0,0.0,0.0,1,ppdai_imb77,gbdt
1,0.5,least_risky,0.7752142386288727,0.6363636363636364,0.06,0.2727272727272727,7581,0.2299168975069252,85,43,19,24,0.4418604651162791,0.49411764705882355,19.0,0.5374248059241407,1,ppdai_imb77,gbdt
2,0.5,least_risky,0.7738446411012783,0.5483870967741935,0.07296137339055794,0.0967741935483871,10168,0.23101888276947286,73,37,20,17,0.5405405405405406,0.6164383561643836,20.0,0.537106163899082,1,ppdai_imb77,gbdt
3,0.5,least_risky,0.7713725490196078,0.5076923076923077,0.05650684931506849,0.015384615384615385,12748,0.230075305930342,87,44,25,19,0.5681818181818182,0.5402298850574713,25.0,0.524622613583338,1,ppdai_imb77,gbdt
4,0.5,least_risky,0.7632865992826867,0.44155844155844154,0.04741980474198047,-0.11688311688311688,15331,0.2279694736155502,80,40,27,13,0.675,0.65,27.0,0.529953240901655,1,ppdai_imb77,gbdt
5,0.5,least_risky,0.7765987154426138,0.48,0.06030150753768844,-0.04,17904,0.22575960679177837,101,51,28,23,0.5490196078431373,0.6336633663366337,28.0,0.5483960625097832,1,ppdai_imb77,gbdt
6,0.5,least_risky,0.7747132047839883,0.61,0.06455026455026455,0.22,20481,0.22630730921341732,92,46,23,23,0.5,0.5978260869565217,23.0,0.5331763726333635,1,ppdai_imb77,gbdt
7,0.5,least_risky,0.7830515821413091,0.6272727272727273,0.06705539358600583,0.2545454545454545,23066,0.2264805341194832,76,38,20,18,0.5263157894736842,0.6447368421052632,20.0,0.5375689708907783,1,ppdai_imb77,gbdt
8,0.5,least_risky,0.7697855750487329,0.6124031007751938,0.0652892561983471,0.2248062015503876,25646,0.2256102316150667,87,44,25,19,0.5681818181818182,0.632183908045977,25.0,0.5311420925135869,1,ppdai_imb77,gbdt
9,0.5,least_risky,0.7783879539415411,0.6137931034482759,0.06931464174454828,0.22758620689655173,28223,0.22609219430960564,93,47,30,17,0.6382978723404256,0.6344086021505376,30.0,0.5262296929300126,1,ppdai_imb77,gbdt
10,0.5,least_risky,0.7860389610389611,0.5891472868217055,0.05667412378821775,0.17829457364341086,30799,0.22390337348615214,95,48,28,20,0.5833333333333334,0.6736842105263158,28.0,0.5342404989501187,1,ppdai_imb77,gbdt
0,0.5,least_risky,0.785,0.4883720930232558,0.09813084112149532,-0.023255813953488372,5000,0.2286,0,0,0,0,0.0,0.0,0.0,0.0,2,ppdai_imb77,gbdt
1,0.5,least_risky,0.7718253968253969,0.546875,0.09971509971509972,0.09375,7558,0.22625033077533738,131,66,37,29,0.5606060606060606,0.6259541984732825,37.0,0.5455974131811783,2,ppdai_imb77,gbdt
2,0.5,least_risky,0.7885375494071146,0.5522388059701493,0.08505747126436781,0.1044776119402985,10116,0.22340846184262556,130,65,32,33,0.49230769230769234,0.5384615384615384,32.0,0.5423933610844058,2,ppdai_imb77,gbdt
3,0.5,least_risky,0.7973186119873817,0.5512820512820513,0.08237547892720307,0.10256410256410256,12677,0.2201624990139623,125,63,30,33,0.47619047619047616,0.584,30.0,0.5324110328616898,2,ppdai_imb77,gbdt
4,0.5,least_risky,0.7992784519514595,0.5625,0.07234726688102894,0.125,15243,0.2223315620284721,115,58,29,29,0.5,0.5391304347826087,29.0,0.5437620318861623,2,ppdai_imb77,gbdt
5,0.5,least_risky,0.7884399551066218,0.5445544554455446,0.07208387942332896,0.0891089108910891,17819,0.22150513496829227,94,47,24,23,0.5106382978723404,0.6063829787234043,24.0,0.546247952168079,2,ppdai_imb77,gbdt
6,0.5,least_risky,0.787938220151998,0.49411764705882355,0.04861111111111111,-0.011764705882352941,20394,0.22143767774835735,97,49,25,24,0.5102040816326531,0.5567010309278351,25.0,0.5350181078648797,2,ppdai_imb77,gbdt
7,0.5,least_risky,0.7911227154046997,0.48484848484848486,0.050156739811912224,-0.030303030303030304,22976,0.22192722841225626,83,42,22,20,0.5238095238095238,0.6024096385542169,22.0,0.5309430572803656,2,ppdai_imb77,gbdt
8,0.5,least_risky,0.7812561142633535,0.4774774774774775,0.047619047619047616,-0.04504504504504504,25551,0.22292669562835113,96,48,29,19,0.6041666666666666,0.6354166666666666,29.0,0.5415044899919869,2,ppdai_imb77,gbdt
9,0.5,least_risky,0.7833274084607181,0.5370370370370371,0.04726976365118175,0.07407407407407407,28127,0.22206420876737654,95,48,30,18,0.625,0.6421052631578947,30.0,0.5350592077836677,2,ppdai_imb77,gbdt
10,0.5,least_risky,0.7857026542908321,0.6354166666666666,0.045454545454545456,0.2708333333333333,30704,0.22286998436685773,93,47,27,20,0.574468085106383,0.5913978494623656,27.0,0.5261841672068085,2,ppdai_imb77,gbdt
0,0.5,least_risky,0.774,0.5416666666666666,0.11304347826086956,0.08333333333333333,5000,0.2296,0,0,0,0,0.0,0.0,0.0,0.0,3,ppdai_imb77,gbdt
1,0.5,least_risky,0.7787318361955086,0.5555555555555556,0.07352941176470588,0.1111111111111111,7568,0.22819767441860464,111,56,27,29,0.48214285714285715,0.5135135135135135,27.0,0.5455616634897098,3,ppdai_imb77,gbdt
2,0.5,least_risky,0.7708230655495318,0.4634146341463415,0.08278867102396514,-0.07317073170731707,10143,0.2264615991324066,96,48,31,17,0.6458333333333334,0.65625,31.0,0.5523560638825428,3,ppdai_imb77,gbdt
3,0.5,least_risky,0.7692610062893082,0.5303030303030303,0.05922165820642978,0.06060606060606061,12718,0.22715835823242647,97,49,26,23,0.5306122448979592,0.6082474226804123,26.0,0.5465506295318691,3,ppdai_imb77,gbdt
4,0.5,least_risky,0.7809741745668519,0.6410256410256411,0.07225433526011561,0.28205128205128205,15292,0.22626209782893017,98,49,21,28,0.42857142857142855,0.5612244897959183,21.0,0.5354524531944376,3,ppdai_imb77,gbdt
5,0.5,least_risky,0.784895104895105,0.5733333333333334,0.05512820512820513,0.14666666666666667,17875,0.22562237762237763,80,40,21,19,0.525,0.5625,21.0,0.5205995281037634,3,ppdai_imb77,gbdt
6,0.5,least_risky,0.7831825959423124,0.66,0.07181719260065289,0.32,20455,0.2250305548765583,87,44,25,19,0.5681818181818182,0.5977011494252874,25.0,0.537953114792121,3,ppdai_imb77,gbdt
7,0.5,least_risky,0.7862413194444444,0.5463917525773195,0.05331991951710262,0.09278350515463918,23037,0.22398749837218387,82,41,22,19,0.5365853658536586,0.6219512195121951,22.0,0.5213138376184568,3,ppdai_imb77,gbdt
8,0.5,least_risky,0.7926995900839352,0.5772357723577236,0.06567992599444958,0.15447154471544716,25615,0.22318953738044114,90,45,29,16,0.6444444444444445,0.6555555555555556,29.0,0.5278043621751813,3,ppdai_imb77,gbdt
9,0.5,least_risky,0.7909203759531832,0.5531914893617021,0.06532663316582915,0.10638297872340426,28192,0.22357406356413168,93,47,27,20,0.574468085106383,0.6236559139784946,27.0,0.527428620984974,3,ppdai_imb77,gbdt
10,0.5,least_risky,0.7840428989275268,0.5448275862068965,0.05886736214605067,0.0896551724137931,30768,0.2235439417576703,94,47,29,18,0.6170212765957447,0.6808510638297872,29.0,0.5347121778014561,3,ppdai_imb77,gbdt
0,0.5,least_risky,0.779,0.56,0.12334801762114538,0.12,5000,0.2324,0,0,0,0,0.0,0.0,0.0,0.0,4,ppdai_imb77,gbdt
1,0.5,least_risky,0.7705570291777188,0.576271186440678,0.09577464788732394,0.15254237288135594,7539,0.2273511075739488,169,85,47,38,0.5529411764705883,0.5621301775147929,47.0,0.5580494042433416,4,ppdai_imb77,gbdt
2,0.5,least_risky,0.7920792079207921,0.5714285714285714,0.10208816705336426,0.14285714285714285,10099,0.22675512426972969,127,64,37,27,0.578125,0.6141732283464567,37.0,0.5515701257497335,4,ppdai_imb77,gbdt
3,0.5,least_risky,0.7763729751086527,0.524390243902439,0.07543859649122807,0.04878048780487805,12651,0.22172160303533317,142,71,35,36,0.49295774647887325,0.5211267605633803,35.0,0.5521527805945882,4,ppdai_imb77,gbdt
4,0.5,least_risky,0.7725928360170884,0.5921052631578947,0.06373937677053824,0.18421052631578946,15211,0.21931496943001774,126,63,27,36,0.42857142857142855,0.5476190476190477,27.0,0.5454820834755149,4,ppdai_imb77,gbdt
5,0.5,least_risky,0.7677165354330708,0.6351351351351351,0.05555555555555555,0.2702702702702703,17778,0.22060974237822029,113,57,30,27,0.5263157894736842,0.6017699115044248,30.0,0.5346053305865529,4,ppdai_imb77,gbdt
6,0.5,least_risky,0.7789783889980354,0.5490196078431373,0.06153846153846154,0.09803921568627451,20356,0.21954214973472194,91,46,26,20,0.5652173913043478,0.6153846153846154,26.0,0.5445807293021064,4,ppdai_imb77,gbdt
7,0.5,least_risky,0.7749672917575229,0.5842696629213483,0.049665711556829036,0.16853932584269662,22930,0.21945050152638465,99,50,22,28,0.44,0.5454545454545454,22.0,0.5355193750045177,4,ppdai_imb77,gbdt
8,0.5,least_risky,0.7796942375539004,0.5961538461538461,0.05419580419580419,0.19230769230769232,25510,0.22112896903175225,86,43,21,22,0.4883720930232558,0.5813953488372093,21.0,0.5346910237364103,4,ppdai_imb77,gbdt
9,0.5,least_risky,0.787150738565581,0.5789473684210527,0.06327033689400165,0.15789473684210525,28093,0.22347203929804577,80,40,19,21,0.475,0.525,19.0,0.5397135870689822,4,ppdai_imb77,gbdt
10,0.5,least_risky,0.7790640795695418,0.6048387096774194,0.05430847212165098,0.20967741935483872,30665,0.2226968857003098,102,51,26,25,0.5098039215686274,0.5686274509803921,26.0,0.5313085634348431,4,ppdai_imb77,gbdt
0,0.75,least_risky,0.804,0.7021276595744681,0.15348837209302327,0.40425531914893614,5000,0.2248,0,0,0,0,0.0,0.0,0.0,0.0,0,ppdai_imb77,gbdt
1,0.75,least_risky,0.7830374753451677,0.6226415094339622,0.09620991253644315,0.24528301886792453,7601,0.22707538481778713,88,66,36,30,0.5454545454545454,0.5454545454545454,36.0,0.5676207851644166,0,ppdai_imb77,gbdt
2,0.75,least_risky,0.7991180793728564,0.5185185185185185,0.1016949152542373,0.037037037037037035,10202,0.22368163105273475,91,69,43,26,0.6231884057971014,0.6483516483516484,43.0,0.5574015788833795,0,ppdai_imb77,gbdt
3,0.75,least_risky,0.7835091832747166,0.6373626373626373,0.1001727115716753,0.27472527472527475,12794,0.22315147725496326,127,96,47,49,0.4895833333333333,0.5433070866141733,47.0,0.5597653002844808,0,ppdai_imb77,gbdt
4,0.75,least_risky,0.7931146476128613,0.6176470588235294,0.09531013615733737,0.23529411764705882,15392,0.2247920997920998,101,76,48,28,0.631578947368421,0.6534653465346535,48.0,0.5698008327799512,0,ppdai_imb77,gbdt
5,0.75,least_risky,0.7888302306196165,0.6044776119402985,0.10279187817258884,0.208955223880597,17992,0.2251556247220987,92,69,33,36,0.4782608695652174,0.5217391304347826,33.0,0.5779868767254019,0,ppdai_imb77,gbdt
6,0.75,least_risky,0.7732459334789997,0.5481481481481482,0.0781414994720169,0.0962962962962963,20593,0.22444519982518332,89,67,31,36,0.4626865671641791,0.4606741573033708,31.0,0.537148284023288,0,ppdai_imb77,gbdt
7,0.75,least_risky,0.7743048070704893,0.6302521008403361,0.06957328385899815,0.2605042016806723,23191,0.2272864473287051,100,75,50,25,0.6666666666666666,0.69,50.0,0.5646336161467472,0,ppdai_imb77,gbdt
8,0.75,least_risky,0.7850358596627254,0.6283783783783784,0.08108108108108109,0.25675675675675674,25794,0.22594401798867952,81,61,34,27,0.5573770491803278,0.5432098765432098,34.0,0.5536257854598702,0,ppdai_imb77,gbdt
9,0.75,least_risky,0.7781299524564184,0.5855263157894737,0.06920684292379471,0.17105263157894737,28393,0.2262177297221146,99,75,47,28,0.6266666666666667,0.6363636363636364,47.0,0.550300107033656,0,ppdai_imb77,gbdt
10,0.75,least_risky,0.779964510404904,0.6387434554973822,0.08609738884968243,0.2774869109947644,30993,0.22663182008840707,92,69,45,24,0.6521739130434783,0.717391304347826,45.0,0.5567860102265599,0,ppdai_imb77,gbdt
0,0.75,least_risky,0.759,0.5,0.08298755186721991,0.0,5000,0.2366,0,0,0,0,0.0,0.0,0.0,0.0,1,ppdai_imb77,gbdt
1,0.75,least_risky,0.7685733070348455,0.5957446808510638,0.07756232686980609,0.19148936170212766,7602,0.2308602999210734,85,64,31,33,0.484375,0.49411764705882355,31.0,0.5609043032851272,1,ppdai_imb77,gbdt
2,0.75,least_risky,0.767384916748286,0.5538461538461539,0.07468879668049792,0.1076923076923077,10206,0.23241230648638056,79,60,33,27,0.55,0.5949367088607594,33.0,0.5655483240337114,1,ppdai_imb77,gbdt
3,0.75,least_risky,0.7631681623097932,0.5178571428571429,0.047619047619047616,0.03571428571428571,12811,0.23167590352041215,74,56,40,16,0.7142857142857143,0.6756756756756757,40.0,0.5562608906508284,1,ppdai_imb77,gbdt
4,0.75,least_risky,0.7652399481193255,0.6153846153846154,0.07516778523489932,0.23076923076923078,15416,0.22982615464452516,74,56,36,20,0.6428571428571429,0.6486486486486487,36.0,0.5567003245465977,1,ppdai_imb77,gbdt
5,0.75,least_risky,0.7757424368581738,0.5714285714285714,0.07766990291262135,0.14285714285714285,18014,0.2281558787609637,100,75,41,34,0.5466666666666666,0.57,41.0,0.5682013558680709,1,ppdai_imb77,gbdt
6,0.75,least_risky,0.7720106718408926,0.5,0.07234042553191489,0.0,20615,0.22895949551297598,91,69,42,27,0.6086956521739131,0.6263736263736264,42.0,0.5611492720996464,1,ppdai_imb77,gbdt
7,0.75,least_risky,0.7768684040491062,0.5954198473282443,0.07351555136663525,0.19083969465648856,23214,0.22921512880158526,96,72,51,21,0.7083333333333334,0.7083333333333334,51.0,0.5600730235738411,1,ppdai_imb77,gbdt
8,0.75,least_risky,0.7693201626961069,0.5974842767295597,0.07774140752864157,0.1949685534591195,25812,0.22838214783821478,100,75,45,30,0.6,0.63,45.0,0.5648263795590641,1,ppdai_imb77,gbdt
9,0.75,least_risky,0.7793418968854479,0.5742574257425742,0.09034267912772585,0.1485148514851485,28415,0.22899876825620272,80,60,38,22,0.6333333333333333,0.625,38.0,0.5571484682399839,1,ppdai_imb77,gbdt
10,0.75,least_risky,0.7787810383747178,0.5925925925925926,0.0906515580736544,0.18518518518518517,31010,0.226991293131248,115,87,52,35,0.5977011494252874,0.6173913043478261,52.0,0.5525722158143705,1,ppdai_imb77,gbdt
0,0.75,least_risky,0.785,0.4883720930232558,0.09813084112149532,-0.023255813953488372,5000,0.2286,0,0,0,0,0.0,0.0,0.0,0.0,2,ppdai_imb77,gbdt
1,0.75,least_risky,0.7880184331797235,0.5633802816901409,0.12084592145015106,0.1267605633802817,7591,0.2284284020550652,131,99,61,38,0.6161616161616161,0.6259541984732825,61.0,0.5715795805422308,2,ppdai_imb77,gbdt
2,0.75,least_risky,0.7967599410898379,0.5595238095238095,0.11084905660377359,0.11904761904761904,10182,0.22579061088194854,129,97,50,47,0.5154639175257731,0.5658914728682171,50.0,0.5615809188215639,2,ppdai_imb77,gbdt
3,0.75,least_risky,0.7812989045383412,0.5217391304347826,0.0852575488454707,0.043478260869565216,12778,0.2231178588198466,109,82,47,35,0.573170731707317,0.6330275229357798,47.0,0.5756036538599056,2,ppdai_imb77,gbdt
4,0.75,least_risky,0.7931707317073171,0.6339285714285714,0.1066066066066066,0.26785714285714285,15372,0.2253447827218319,116,87,41,46,0.47126436781609193,0.5086206896551724,41.0,0.5727603518242134,2,ppdai_imb77,gbdt
5,0.75,least_risky,0.7916550764951321,0.5775862068965517,0.08735332464146023,0.15517241379310345,17972,0.22468283997329178,95,72,41,31,0.5694444444444444,0.6105263157894737,41.0,0.5700467974144601,2,ppdai_imb77,gbdt
6,0.75,least_risky,0.7958191541079241,0.6,0.08333333333333333,0.2,20569,0.22460984977393164,104,78,47,31,0.6025641025641025,0.6057692307692307,47.0,0.561130703728901,2,ppdai_imb77,gbdt
7,0.75,least_risky,0.7835563228312473,0.6666666666666666,0.0637065637065637,0.3333333333333333,23168,0.2250517955801105,96,72,33,39,0.4583333333333333,0.5208333333333334,33.0,0.5451430882082362,2,ppdai_imb77,gbdt
8,0.75,least_risky,0.7854093907644548,0.6180555555555556,0.0780701754385965,0.2361111111111111,25768,0.22617199627444892,93,70,44,26,0.6285714285714286,0.6344086021505376,44.0,0.5560694308971564,2,ppdai_imb77,gbdt
9,0.75,least_risky,0.788861473387381,0.5714285714285714,0.08176614881439084,0.14285714285714285,28367,0.22529700003525224,98,74,45,29,0.6081081081081081,0.6428571428571429,45.0,0.5577740268031847,2,ppdai_imb77,gbdt
10,0.75,least_risky,0.7824963668658163,0.6586826347305389,0.07857142857142857,0.31736526946107785,30963,0.22617317443400187,109,82,58,24,0.7073170731707317,0.6513761467889908,58.0,0.5439069127523549,2,ppdai_imb77,gbdt
0,0.75,least_risky,0.774,0.5416666666666666,0.11304347826086956,0.08333333333333333,5000,0.2296,0,0,0,0,0.0,0.0,0.0,0.0,3,ppdai_imb77,gbdt
1,0.75,least_risky,0.7776315789473685,0.5384615384615384,0.06158357771260997,0.07692307692307693,7596,0.2291995787256451,111,84,41,43,0.4880952380952381,0.5135135135135135,41.0,0.5815084589321771,3,ppdai_imb77,gbdt
2,0.75,least_risky,0.7699852869053457,0.5,0.0767590618336887,0.0,10193,0.22790150103011872,106,80,43,37,0.5375,0.5943396226415094,43.0,0.5734416001523138,3,ppdai_imb77,gbdt
3,0.75,least_risky,0.7733489644392341,0.5888888888888889,0.08892617449664429,0.17777777777777778,12793,0.2295786758383491,94,71,48,23,0.676056338028169,0.6276595744680851,48.0,0.5681784722341325,3,ppdai_imb77,gbdt
4,0.75,least_risky,0.7836960051964924,0.6565656565656566,0.09325681492109039,0.31313131313131315,15391,0.22890000649730363,101,76,46,30,0.6052631578947368,0.6435643564356436,46.0,0.5681246120436736,3,ppdai_imb77,gbdt
5,0.75,least_risky,0.7836111111111111,0.5966386554621849,0.0885286783042394,0.19327731092436976,17996,0.22832851744832186,74,56,35,21,0.625,0.6216216216216216,35.0,0.5518616897548853,3,ppdai_imb77,gbdt
6,0.75,least_risky,0.7854368932038835,0.6115107913669064,0.09289617486338798,0.22302158273381295,20596,0.22771411924645563,95,72,41,31,0.5694444444444444,0.6,41.0,0.5554198685673876,3,ppdai_imb77,gbdt
7,0.75,least_risky,0.7829741379310344,0.6204379562043796,0.08173076923076923,0.24087591240875914,23196,0.22672012415933782,95,72,36,36,0.5,0.5578947368421052,36.0,0.5492433085429624,3,ppdai_imb77,gbdt
8,0.75,least_risky,0.7868217054263565,0.6688311688311688,0.08940972222222222,0.33766233766233766,25798,0.2261803240561284,86,65,47,18,0.7230769230769231,0.6744186046511628,47.0,0.5551042187126402,3,ppdai_imb77,gbdt
9,0.75,least_risky,0.7877134307340257,0.6141304347826086,0.09054487179487179,0.22826086956521738,28401,0.22675257913453753,83,63,44,19,0.6984126984126984,0.6746987951807228,44.0,0.5475344100946816,3,ppdai_imb77,gbdt
10,0.75,least_risky,0.7937096774193548,0.6178010471204188,0.0891238670694864,0.2356020942408377,30999,0.22674924997580567,101,76,48,28,0.631578947368421,0.6831683168316832,48.0,0.5581690270806859,3,ppdai_imb77,gbdt
0,0.75,least_risky,0.779,0.56,0.12334801762114538,0.12,5000,0.2324,0,0,0,0,0.0,0.0,0.0,0.0,4,ppdai_imb77,gbdt
1,0.75,least_risky,0.7804878048780488,0.5942028985507246,0.11849710982658959,0.18840579710144928,7581,0.22925735391109353,169,127,71,56,0.5590551181102362,0.5621301775147929,71.0,0.5916325491640189,4,ppdai_imb77,gbdt
2,0.75,least_risky,0.7837837837837838,0.5806451612903226,0.11868131868131868,0.16129032258064516,10171,0.22927932356700423,134,101,50,51,0.49504950495049505,0.5447761194029851,50.0,0.610566407550924,4,ppdai_imb77,gbdt
3,0.75,least_risky,0.7786050156739812,0.5555555555555556,0.08695652173913043,0.1111111111111111,12759,0.2243122501763461,142,107,54,53,0.5046728971962616,0.5492957746478874,54.0,0.588593396037641,4,ppdai_imb77,gbdt
4,0.75,least_risky,0.7902963204168023,0.5641025641025641,0.10015174506828528,0.1282051282051282,15355,0.22240312601758386,108,81,44,37,0.5432098765432098,0.5925925925925926,44.0,0.562403497983111,4,ppdai_imb77,gbdt
5,0.75,least_risky,0.7762607968793536,0.5714285714285714,0.07814407814407814,0.14285714285714285,17944,0.22380740080249667,137,103,53,50,0.5145631067961165,0.5547445255474452,53.0,0.5524710095186648,4,ppdai_imb77,gbdt
6,0.75,least_risky,0.7765879776101241,0.5426356589147286,0.07534983853606028,0.08527131782945736,20544,0.22264408099688474,94,71,43,28,0.6056338028169014,0.6595744680851063,43.0,0.557391337039862,4,ppdai_imb77,gbdt
7,0.75,least_risky,0.783754590624325,0.6428571428571429,0.0781099324975892,0.2857142857142857,23141,0.22267836307851865,104,78,44,34,0.5641025641025641,0.5769230769230769,44.0,0.5542047143306374,4,ppdai_imb77,gbdt
8,0.75,least_risky,0.7795260295260296,0.574468085106383,0.07006920415224914,0.14893617021276595,25740,0.22435897435897437,99,75,44,31,0.5866666666666667,0.6060606060606061,44.0,0.5580162857236314,4,ppdai_imb77,gbdt
9,0.75,least_risky,0.7855000881989769,0.56875,0.07350565428109855,0.1375,28342,0.226518947145579,87,66,36,30,0.5454545454545454,0.5862068965517241,36.0,0.5596190334973574,4,ppdai_imb77,gbdt
10,0.75,least_risky,0.7831636774923251,0.5798816568047337,0.07158509861212564,0.15976331360946747,30941,0.22581687728257005,96,72,43,29,0.5972222222222222,0.6145833333333334,43.0,0.5511794290899253,4,ppdai_imb77,gbdt
0,1.0,least_risky,0.804,0.7021276595744681,0.15348837209302327,0.40425531914893614,5000,0.2248,0,0,0,0,0.0,0.0,0.0,0.0,0,ppdai_imb77,gbdt
1,1.0,least_risky,0.779672131147541,0.660377358490566,0.09915014164305949,0.32075471698113206,7623,0.227994227994228,88,88,48,40,0.5454545454545454,0.5454545454545454,48.0,0.6113989715650948,0,ppdai_imb77,gbdt
2,1.0,least_risky,0.7853658536585366,0.5777777777777777,0.1145374449339207,0.15555555555555556,10246,0.22545383564317784,95,95,57,38,0.6,0.6,57.0,0.595982446332791,0,ppdai_imb77,gbdt
3,1.0,least_risky,0.7816627816627817,0.5871559633027523,0.11015490533562823,0.1743119266055046,12869,0.22573626544409045,116,116,63,53,0.5431034482758621,0.5431034482758621,63.0,0.6054752606633143,0,ppdai_imb77,gbdt
4,1.0,least_risky,0.7799290093578574,0.5396825396825397,0.09826589595375723,0.07936507936507936,15492,0.22773044151820293,113,113,75,38,0.6637168141592921,0.6637168141592921,75.0,0.6060816024144351,0,ppdai_imb77,gbdt
5,1.0,least_risky,0.7841567761523599,0.6258992805755396,0.10648714810281518,0.2517985611510791,18115,0.22820866685067623,95,95,54,41,0.5684210526315789,0.5684210526315789,54.0,0.6284760315667407,0,ppdai_imb77,gbdt
6,1.0,least_risky,0.7842333654773385,0.6267605633802817,0.09559613319011816,0.2535211267605634,20738,0.2273604011958723,85,85,42,43,0.49411764705882355,0.49411764705882355,42.0,0.5861150342069955,0,ppdai_imb77,gbdt
7,1.0,least_risky,0.7860047078964263,0.5636363636363636,0.0910871694417238,0.12727272727272726,23361,0.23042677967552758,97,97,67,30,0.6907216494845361,0.6907216494845361,67.0,0.5971173546641075,0,ppdai_imb77,gbdt
8,1.0,least_risky,0.7854531460457956,0.5853658536585366,0.10434782608695652,0.17073170731707318,25984,0.22898706896551724,89,89,51,38,0.5730337078651685,0.5730337078651685,51.0,0.5824110377420406,0,ppdai_imb77,gbdt
9,1.0,least_risky,0.7803215658860538,0.6323529411764706,0.09839816933638444,0.2647058823529412,28607,0.2293494599223966,105,105,57,48,0.5428571428571428,0.5428571428571428,57.0,0.5988128883111934,0,ppdai_imb77,gbdt
10,1.0,least_risky,0.7829010566762729,0.6470588235294118,0.09322033898305085,0.29411764705882354,31230,0.23000320204931157,101,101,68,33,0.6732673267326733,0.6732673267326733,68.0,0.5912899758217914,0,ppdai_imb77,gbdt
0,1.0,least_risky,0.759,0.5,0.08298755186721991,0.0,5000,0.2366,0,0,0,0,0.0,0.0,0.0,0.0,1,ppdai_imb77,gbdt
1,1.0,least_risky,0.7737704918032787,0.5,0.06956521739130435,0.0,7623,0.23166732257641348,85,85,42,43,0.49411764705882355,0.49411764705882355,42.0,0.6072480153800797,1,ppdai_imb77,gbdt
2,1.0,least_risky,0.7760975609756098,0.5411764705882353,0.09871244635193133,0.08235294117647059,10246,0.23394495412844038,77,77,49,28,0.6363636363636364,0.6363636363636364,49.0,0.59640588959243,1,ppdai_imb77,gbdt
3,1.0,least_risky,0.7680652680652681,0.5733333333333334,0.07072368421052631,0.14666666666666667,12869,0.23335146476027663,84,84,51,33,0.6071428571428571,0.6071428571428571,51.0,0.5794359118465314,1,ppdai_imb77,gbdt
4,1.0,least_risky,0.7644401419812843,0.5984251968503937,0.10066225165562914,0.1968503937007874,15492,0.23173250710043894,87,87,55,32,0.632183908045977,0.632183908045977,55.0,0.578610520790165,1,ppdai_imb77,gbdt
5,1.0,least_risky,0.7767043886282087,0.625,0.08363201911589008,0.25,18115,0.2303615788020977,106,106,60,46,0.5660377358490566,0.5660377358490566,60.0,0.597213484707544,1,ppdai_imb77,gbdt
6,1.0,least_risky,0.7603664416586307,0.64,0.09266409266409266,0.28,20738,0.23136271578744333,86,86,54,32,0.627906976744186,0.627906976744186,54.0,0.5930161709083543,1,ppdai_imb77,gbdt
7,1.0,least_risky,0.7667451316071047,0.5333333333333333,0.07992733878292461,0.06666666666666667,23361,0.2318393904370532,76,76,53,23,0.6973684210526315,0.6973684210526315,53.0,0.6038247469563419,1,ppdai_imb77,gbdt
8,1.0,least_risky,0.7725610929382336,0.5857142857142857,0.10098522167487685,0.17142857142857143,25984,0.2312192118226601,99,99,67,32,0.6767676767676768,0.6767676767676768,67.0,0.616747450549924,1,ppdai_imb77,gbdt
9,1.0,least_risky,0.776651520447396,0.5769230769230769,0.10273972602739725,0.15384615384615385,28607,0.2318313699444192,89,89,53,36,0.5955056179775281,0.5955056179775281,53.0,0.6004037000987793,1,ppdai_imb77,gbdt
10,1.0,least_risky,0.7841818764008965,0.6359832635983264,0.1075725406935598,0.2719665271966527,31230,0.23000320204931157,109,109,76,33,0.6972477064220184,0.6972477064220184,76.0,0.5959564297554135,1,ppdai_imb77,gbdt
0,1.0,least_risky,0.785,0.4883720930232558,0.09813084112149532,-0.023255813953488372,5000,0.2286,0,0,0,0,0.0,0.0,0.0,0.0,2,ppdai_imb77,gbdt
1,1.0,least_risky,0.7927868852459017,0.5873015873015873,0.11314984709480122,0.1746031746031746,7623,0.23022432113341204,131,131,82,49,0.6259541984732825,0.6259541984732825,82.0,0.6150612827049757,2,ppdai_imb77,gbdt
2,1.0,least_risky,0.7995121951219513,0.574468085106383,0.12705882352941175,0.14893617021276595,10246,0.22867460472379464,127,127,69,58,0.5433070866141733,0.5433070866141733,69.0,0.6240289838672514,2,ppdai_imb77,gbdt
3,1.0,least_risky,0.7824397824397824,0.6372549019607843,0.11054421768707483,0.27450980392156865,12869,0.2266687388297459,135,135,83,52,0.6148148148148148,0.6148148148148148,83.0,0.609098225480699,2,ppdai_imb77,gbdt
4,1.0,least_risky,0.7896095514682155,0.5819672131147541,0.1056547619047619,0.16393442622950818,15492,0.22902143041569842,108,108,60,48,0.5555555555555556,0.5555555555555556,60.0,0.6156970045068088,2,ppdai_imb77,gbdt
5,1.0,least_risky,0.7871929340325697,0.5985915492957746,0.10638297872340426,0.19718309859154928,18115,0.22848468120342258,94,94,55,39,0.5851063829787234,0.5851063829787234,55.0,0.5992104562116797,2,ppdai_imb77,gbdt
6,1.0,least_risky,0.7883317261330762,0.5521472392638037,0.1005586592178771,0.10429447852760736,20738,0.22842125566592728,105,105,61,44,0.580952380952381,0.580952380952381,61.0,0.6036487696160155,2,ppdai_imb77,gbdt
7,1.0,least_risky,0.7832227690990798,0.6158536585365854,0.0960989533777355,0.23170731707317074,23361,0.22892855614057617,97,97,61,36,0.6288659793814433,0.6288659793814433,61.0,0.5868921390962486,2,ppdai_imb77,gbdt
8,1.0,least_risky,0.7808350971714451,0.5853658536585366,0.10221465076660988,0.17073170731707318,25984,0.2300261699507389,101,101,65,36,0.6435643564356436,0.6435643564356436,65.0,0.5975196495282977,2,ppdai_imb77,gbdt
9,1.0,least_risky,0.7790982174065012,0.645320197044335,0.09901738473167045,0.29064039408866993,28607,0.22924459048484636,111,111,67,44,0.6036036036036037,0.6036036036036037,67.0,0.5925267211894865,2,ppdai_imb77,gbdt
10,1.0,least_risky,0.7880243355747678,0.6844660194174758,0.10071428571428571,0.36893203883495146,31230,0.23000320204931157,98,98,62,36,0.6326530612244898,0.6326530612244898,62.0,0.5999924598962398,2,ppdai_imb77,gbdt
0,1.0,least_risky,0.774,0.5416666666666666,0.11304347826086956,0.08333333333333333,5000,0.2296,0,0,0,0,0.0,0.0,0.0,0.0,3,ppdai_imb77,gbdt
1,1.0,least_risky,0.7757377049180327,0.5517241379310345,0.09195402298850575,0.10344827586206896,7623,0.23048668503213957,111,111,57,54,0.5135135135135135,0.5135135135135135,57.0,0.6213001208211297,3,ppdai_imb77,gbdt
2,1.0,least_risky,0.7824390243902439,0.5569620253164557,0.0967032967032967,0.11392405063291139,10246,0.23023618973257856,94,94,59,35,0.6276595744680851,0.6276595744680851,59.0,0.647337964449679,3,ppdai_imb77,gbdt
3,1.0,least_risky,0.7711732711732712,0.5714285714285714,0.09286898839137644,0.14285714285714285,12869,0.23187504856632216,100,100,59,41,0.59,0.59,59.0,0.6085135565856499,3,ppdai_imb77,gbdt
4,1.0,least_risky,0.7812197483059051,0.6082474226804123,0.0844062947067239,0.21649484536082475,15492,0.23166795765556417,106,106,61,45,0.5754716981132075,0.5754716981132075,61.0,0.5978252909405147,3,ppdai_imb77,gbdt
5,1.0,least_risky,0.7830527187413745,0.624113475177305,0.1071863580998782,0.24822695035460993,18115,0.2310792161192382,87,87,48,39,0.5517241379310345,0.5517241379310345,48.0,0.5827440324822915,3,ppdai_imb77,gbdt
6,1.0,least_risky,0.7757955641272902,0.5632911392405063,0.09368421052631579,0.12658227848101267,20738,0.23063940592149676,103,103,65,38,0.6310679611650486,0.6310679611650486,65.0,0.5907881334687597,3,ppdai_imb77,gbdt
7,1.0,least_risky,0.7817248020543548,0.6547619047619048,0.10261194029850747,0.30952380952380953,23361,0.22982749026154703,98,98,58,40,0.5918367346938775,0.5918367346938775,58.0,0.5826104466031038,3,ppdai_imb77,gbdt
8,1.0,least_risky,0.7879545891860689,0.6666666666666666,0.1,0.3333333333333333,25984,0.2292179802955665,89,89,54,35,0.6067415730337079,0.6067415730337079,54.0,0.5875786382142427,3,ppdai_imb77,gbdt
9,1.0,least_risky,0.7813701502970989,0.6238938053097345,0.10788064269319052,0.24778761061946902,28607,0.22976893767259762,92,92,57,35,0.6195652173913043,0.6195652173913043,57.0,0.576597794237869,3,ppdai_imb77,gbdt
10,1.0,least_risky,0.7867435158501441,0.6504424778761062,0.105,0.3008849557522124,31230,0.23000320204931157,101,101,66,35,0.6534653465346535,0.6534653465346535,66.0,0.6004628153656725,3,ppdai_imb77,gbdt
0,1.0,least_risky,0.779,0.56,0.12334801762114538,0.12,5000,0.2324,0,0,0,0,0.0,0.0,0.0,0.0,4,ppdai_imb77,gbdt
1,1.0,least_risky,0.7659016393442623,0.5714285714285714,0.10899182561307902,0.14285714285714285,7623,0.2311425947789584,169,169,95,74,0.5621301775147929,0.5621301775147929,95.0,0.6356772151444876,4,ppdai_imb77,gbdt
2,1.0,least_risky,0.7804878048780488,0.532608695652174,0.1074561403508772,0.06521739130434782,10246,0.23218817099355846,126,126,73,53,0.5793650793650794,0.5793650793650794,73.0,0.6372999311960625,4,ppdai_imb77,gbdt
3,1.0,least_risky,0.7785547785547785,0.5495495495495496,0.10499139414802065,0.0990990990990991,12869,0.2279120366772865,143,143,79,64,0.5524475524475524,0.5524475524475524,79.0,0.6146589937119338,4,ppdai_imb77,gbdt
4,1.0,least_risky,0.776702161987738,0.6370967741935484,0.10881542699724518,0.27419354838709675,15492,0.22631035373095792,116,116,67,49,0.5775862068965517,0.5775862068965517,67.0,0.6048444206215667,4,ppdai_imb77,gbdt
5,1.0,least_risky,0.7847088048578527,0.6712328767123288,0.1180722891566265,0.3424657534246575,18115,0.22798785536847915,124,124,72,52,0.5806451612903226,0.5806451612903226,72.0,0.5988048195306774,4,ppdai_imb77,gbdt
6,1.0,least_risky,0.7890549662487946,0.621301775147929,0.1146288209606987,0.24260355029585798,20738,0.22697463593403414,82,82,54,28,0.6585365853658537,0.6585365853658537,54.0,0.6122830973975465,4,ppdai_imb77,gbdt
7,1.0,least_risky,0.7849347314359084,0.6524064171122995,0.11487758945386065,0.3048128342245989,23361,0.22695946235178288,106,106,65,41,0.6132075471698113,0.6132075471698113,65.0,0.6055496382391365,4,ppdai_imb77,gbdt
8,1.0,least_risky,0.7764094670001924,0.5815217391304348,0.08976510067114093,0.16304347826086957,25984,0.22860221674876846,97,97,57,40,0.5876288659793815,0.5876288659793815,57.0,0.6005108684990494,4,ppdai_imb77,gbdt
9,1.0,least_risky,0.7859140160782943,0.6439024390243903,0.102803738317757,0.28780487804878047,28607,0.23071276261054988,91,91,49,42,0.5384615384615384,0.5384615384615384,49.0,0.6089044327182211,4,ppdai_imb77,gbdt
10,1.0,least_risky,0.7862632084534101,0.5742574257425742,0.08498168498168499,0.1485148514851485,31230,0.23000320204931157,95,95,60,35,0.631578947368421,0.631578947368421,60.0,0.5842448059508183,4,ppdai_imb77,gbdt
0,0.0,random,0.804,0.7021276595744681,0.15348837209302327,0.40425531914893614,5000,0.2248,0,0,0,0,0.0,0.0,0.0,0.0,0,ppdai_imb77,gbdt
1,0.0,random,0.7730590577305906,0.6382978723404256,0.08450704225352113,0.2765957446808511,7535,0.2242866622428666,88,0,0,0,0.0,0.0,0.0,0.0,0,ppdai_imb77,gbdt
2,0.0,random,0.8,0.7142857142857143,0.08254716981132075,0.42857142857142855,10074,0.2194758784991066,84,0,0,0,0.0,0.0,0.0,0.0,0,ppdai_imb77,gbdt
3,0.0,random,0.789515488482923,0.5441176470588235,0.06902985074626866,0.08823529411764706,12590,0.218109610802224,107,0,0,0,0.0,0.0,0.0,0.0,0,ppdai_imb77,gbdt
4,0.0,random,0.7879589811445584,0.56,0.06461538461538462,0.12,15112,0.2187665431445209,101,0,0,0,0.0,0.0,0.0,0.0,0,ppdai_imb77,gbdt
5,0.0,random,0.7835694050991502,0.573170731707317,0.06056701030927835,0.14634146341463414,17647,0.2188473961579872,88,0,0,0,0.0,0.0,0.0,0.0,0,ppdai_imb77,gbdt
6,0.0,random,0.7878712871287129,0.5256410256410257,0.047619047619047616,0.05128205128205128,20199,0.21808010297539482,71,0,0,0,0.0,0.0,0.0,0.0,0,ppdai_imb77,gbdt
7,0.0,random,0.7836887227962189,0.5428571428571428,0.03838383838383838,0.08571428571428572,22744,0.22054168132254662,78,0,0,0,0.0,0.0,0.0,0.0,0,ppdai_imb77,gbdt
8,0.0,random,0.7810522151898734,0.6268656716417911,0.037366548042704624,0.2537313432835821,25277,0.21897377062151363,90,0,0,0,0.0,0.0,0.0,0.0,0,ppdai_imb77,gbdt
9,0.0,random,0.7823508267433501,0.580952380952381,0.0496742671009772,0.1619047619047619,27817,0.21914656505014918,83,0,0,0,0.0,0.0,0.0,0.0,0,ppdai_imb77,gbdt
10,0.0,random,0.7789126853377265,0.611764705882353,0.03820720058780309,0.2235294117647059,30348,0.21928957427178067,92,0,0,0,0.0,0.0,0.0,0.0,0,ppdai_imb77,gbdt
0,0.0,random,0.759,0.5,0.08298755186721991,0.0,5000,0.2366,0,0,0,0,0.0,0.0,0.0,0.0,1,ppdai_imb77,gbdt
1,0.0,random,0.76657824933687,0.6341463414634146,0.07162534435261708,0.2682926829268293,7538,0.22870788007429027,85,0,0,0,0.0,0.0,0.0,0.0,1,ppdai_imb77,gbdt
2,0.0,random,0.7880893300248138,0.5789473684210527,0.07568807339449542,0.15789473684210525,10073,0.2281346172937556,88,0,0,0,0.0,0.0,0.0,0.0,1,ppdai_imb77,gbdt
3,0.0,random,0.7679207920792079,0.5333333333333333,0.04074702886247878,0.06666666666666667,12624,0.22679024081115337,72,0,0,0,0.0,0.0,0.0,0.0,1,ppdai_imb77,gbdt
4,0.0,random,0.7757655581165624,0.5862068965517241,0.049204052098408106,0.1724137931034483,15184,0.22457850368809273,63,0,0,0,0.0,0.0,0.0,0.0,1,ppdai_imb77,gbdt
5,0.0,random,0.7818848758465011,0.5740740740740741,0.03969270166453265,0.14814814814814814,17717,0.22238527967488853,90,0,0,0,0.0,0.0,0.0,0.0,1,ppdai_imb77,gbdt
6,0.0,random,0.7793682132280355,0.5396825396825397,0.03781979977753059,0.07936507936507936,20259,0.2228639123352584,81,0,0,0,0.0,0.0,0.0,0.0,1,ppdai_imb77,gbdt
7,0.0,random,0.7790442788250768,0.5176470588235295,0.043521266073194856,0.03529411764705882,22807,0.22278247906344542,75,0,0,0,0.0,0.0,0.0,0.0,1,ppdai_imb77,gbdt
8,0.0,random,0.7761782685860777,0.5824175824175825,0.04608695652173913,0.16483516483516483,25353,0.22163057626316413,77,0,0,0,0.0,0.0,0.0,0.0,1,ppdai_imb77,gbdt
9,0.0,random,0.7755686906680996,0.5339805825242718,0.04365079365079365,0.06796116504854369,27911,0.22220629859195298,65,0,0,0,0.0,0.0,0.0,0.0,1,ppdai_imb77,gbdt
10,0.0,random,0.781973403382039,0.5784313725490197,0.04389880952380952,0.1568627450980392,30451,0.22015697349840727,83,0,0,0,0.0,0.0,0.0,0.0,1,ppdai_imb77,gbdt
0,0.0,random,0.785,0.4883720930232558,0.09813084112149532,-0.023255813953488372,5000,0.2286,0,0,0,0,0.0,0.0,0.0,0.0,2,ppdai_imb77,gbdt
1,0.0,random,0.7965310206804537,0.625,0.109717868338558,0.25,7492,0.22330485851575013,131,0,0,0,0.0,0.0,0.0,0.0,2,ppdai_imb77,gbdt
2,0.0,random,0.7915831663326653,0.5172413793103449,0.07177033492822966,0.034482758620689655,9980,0.21953907815631263,135,0,0,0,0.0,0.0,0.0,0.0,2,ppdai_imb77,gbdt
3,0.0,random,0.7877452943532238,0.5147058823529411,0.06578947368421052,0.029411764705882353,12482,0.21623137317737542,121,0,0,0,0.0,0.0,0.0,0.0,2,ppdai_imb77,gbdt
4,0.0,random,0.7891927951967979,0.5333333333333333,0.06279434850863422,0.06666666666666667,14990,0.21841227484989995,115,0,0,0,0.0,0.0,0.0,0.0,2,ppdai_imb77,gbdt
5,0.0,random,0.7986864648772131,0.5932203389830508,0.04888268156424581,0.1864406779661017,17508,0.21732922092757598,105,0,0,0,0.0,0.0,0.0,0.0,2,ppdai_imb77,gbdt
6,0.0,random,0.791958041958042,0.5211267605633803,0.04425837320574163,0.04225352112676056,20019,0.2166441880213797,112,0,0,0,0.0,0.0,0.0,0.0,2,ppdai_imb77,gbdt
7,0.0,random,0.7880266075388027,0.7169811320754716,0.03881511746680286,0.4339622641509434,22549,0.21690540600470087,93,0,0,0,0.0,0.0,0.0,0.0,2,ppdai_imb77,gbdt
8,0.0,random,0.790711580625872,0.6610169491525424,0.03648269410664172,0.3220338983050847,25081,0.21773454009010804,91,0,0,0,0.0,0.0,0.0,0.0,2,ppdai_imb77,gbdt
9,0.0,random,0.7913799348062296,0.6756756756756757,0.042444821731748725,0.35135135135135137,27607,0.21682906509218677,97,0,0,0,0.0,0.0,0.0,0.0,2,ppdai_imb77,gbdt
10,0.0,random,0.7889497262319562,0.6229508196721312,0.029526029526029528,0.2459016393442623,30131,0.21728452424413394,99,0,0,0,0.0,0.0,0.0,0.0,2,ppdai_imb77,gbdt
0,0.0,random,0.774,0.5416666666666666,0.11304347826086956,0.08333333333333333,5000,0.2296,0,0,0,0,0.0,0.0,0.0,0.0,3,ppdai_imb77,gbdt
1,0.0,random,0.7777777777777778,0.4807692307692308,0.07530120481927711,-0.038461538461538464,7512,0.22630457933972312,111,0,0,0,0.0,0.0,0.0,0.0,3,ppdai_imb77,gbdt
2,0.0,random,0.7902097902097902,0.5769230769230769,0.07009345794392523,0.15384615384615385,10010,0.22247752247752248,125,0,0,0,0.0,0.0,0.0,0.0,3,ppdai_imb77,gbdt
3,0.0,random,0.7817238627294493,0.5614035087719298,0.05776173285198556,0.12280701754385964,12527,0.223277720124531,106,0,0,0,0.0,0.0,0.0,0.0,3,ppdai_imb77,gbdt
4,0.0,random,0.7863077434363576,0.6,0.07283763277693475,0.2,15043,0.22249551286312572,107,0,0,0,0.0,0.0,0.0,0.0,3,ppdai_imb77,gbdt
5,0.0,random,0.7828067179049246,0.546875,0.045513654096228866,0.09375,17563,0.22137448044183797,103,0,0,0,0.0,0.0,0.0,0.0,3,ppdai_imb77,gbdt
6,0.0,random,0.7796863330843914,0.5897435897435898,0.05116796440489433,0.1794871794871795,20082,0.22034657902599342,104,0,0,0,0.0,0.0,0.0,0.0,3,ppdai_imb77,gbdt
7,0.0,random,0.7889036251105217,0.5857142857142857,0.04239917269906929,0.17142857142857143,22619,0.21910782970069412,86,0,0,0,0.0,0.0,0.0,0.0,3,ppdai_imb77,gbdt
8,0.0,random,0.7920890479030014,0.5569620253164557,0.04170616113744076,0.11392405063291139,25153,0.21814495288832347,89,0,0,0,0.0,0.0,0.0,0.0,3,ppdai_imb77,gbdt
9,0.0,random,0.7871725383920506,0.5111111111111111,0.03898305084745763,0.022222222222222223,27672,0.218235039028621,104,0,0,0,0.0,0.0,0.0,0.0,3,ppdai_imb77,gbdt
10,0.0,random,0.7899619016067583,0.48936170212765956,0.036334913112164295,-0.02127659574468085,30185,0.21795593837999006,110,0,0,0,0.0,0.0,0.0,0.0,3,ppdai_imb77,gbdt
0,0.0,random,0.779,0.56,0.12334801762114538,0.12,5000,0.2324,0,0,0,0,0.0,0.0,0.0,0.0,4,ppdai_imb77,gbdt
1,0.0,random,0.7605633802816901,0.52,0.07242339832869081,0.04,7454,0.22363831499865844,169,0,0,0,0.0,0.0,0.0,0.0,4,ppdai_imb77,gbdt
2,0.0,random,0.7928607340372046,0.609375,0.09154929577464789,0.21875,9941,0.22130570365154412,136,0,0,0,0.0,0.0,0.0,0.0,4,ppdai_imb77,gbdt
3,0.0,random,0.780281690140845,0.5087719298245614,0.05301645338208409,0.017543859649122806,12422,0.21598776364514571,142,0,0,0,0.0,0.0,0.0,0.0,4,ppdai_imb77,gbdt
4,0.0,random,0.7962466487935657,0.5714285714285714,0.05834683954619125,0.14285714285714285,14919,0.21362021583216034,126,0,0,0,0.0,0.0,0.0,0.0,4,ppdai_imb77,gbdt
5,0.0,random,0.7706000574217629,0.5833333333333334,0.051787916152897656,0.16666666666666666,17414,0.21471230044791548,128,0,0,0,0.0,0.0,0.0,0.0,4,ppdai_imb77,gbdt
6,0.0,random,0.7773878164953623,0.5789473684210527,0.03678929765886288,0.15789473684210525,19944,0.2136983553951063,93,0,0,0,0.0,0.0,0.0,0.0,4,ppdai_imb77,gbdt
7,0.0,random,0.7853170189098999,0.5254237288135594,0.03202479338842975,0.05084745762711865,22474,0.21353564118536977,93,0,0,0,0.0,0.0,0.0,0.0,4,ppdai_imb77,gbdt
8,0.0,random,0.792,0.5757575757575758,0.03619047619047619,0.15151515151515152,24999,0.21520860834433378,98,0,0,0,0.0,0.0,0.0,0.0,4,ppdai_imb77,gbdt
9,0.0,random,0.7936104556180795,0.5757575757575758,0.03312990409764603,0.15151515151515152,27544,0.21768806273598607,78,0,0,0,0.0,0.0,0.0,0.0,4,ppdai_imb77,gbdt
10,0.0,random,0.78563113254615,0.5176470588235295,0.034055727554179564,0.03529411764705882,30063,0.21701094368492832,104,0,0,0,0.0,0.0,0.0,0.0,4,ppdai_imb77,gbdt
0,0.01,random,0.804,0.7021276595744681,0.15348837209302327,0.40425531914893614,5000,0.2248,0,0,0,0,0.0,0.0,0.0,0.0,0,ppdai_imb77,gbdt
1,0.01,random,0.7858090185676393,0.5471698113207547,0.08841463414634146,0.09433962264150944,7536,0.22425690021231423,88,1,0,1,0.0,0.5454545454545454,0.0,0.5978490533125174,0,ppdai_imb77,gbdt
2,0.01,random,0.7863884749130651,0.5849056603773585,0.07061503416856492,0.16981132075471697,10064,0.21909777424483307,96,1,0,1,0.0,0.59375,0.0,0.5561491019305642,0,ppdai_imb77,gbdt
3,0.01,random,0.7876141325922985,0.6323529411764706,0.07775768535262206,0.2647058823529412,12591,0.2181717099515527,97,1,0,1,0.0,0.5463917525773195,0.0,0.5897971240634099,0,ppdai_imb77,gbdt
4,0.01,random,0.781673833939795,0.5064935064935064,0.059001512859304085,0.012987012987012988,15111,0.21858248957712925,105,2,2,0,1.0,0.6571428571428571,2.0,0.6240448950363268,0,ppdai_imb77,gbdt
5,0.01,random,0.7933182332955833,0.5609756097560976,0.062162162162162166,0.12195121951219512,17656,0.21873584050747621,79,1,0,1,0.0,0.5949367088607594,0.0,0.5325951811971035,0,ppdai_imb77,gbdt
6,0.01,random,0.7857496288965858,0.6153846153846154,0.04540295119182747,0.23076923076923078,20210,0.21830776843146957,70,1,1,0,1.0,0.45714285714285713,1.0,0.6969266577920177,0,ppdai_imb77,gbdt
7,0.01,random,0.7954295759173808,0.5454545454545454,0.06376195536663125,0.09090909090909091,22754,0.2208842401336029,80,1,1,0,1.0,0.6875,1.0,0.6060370679153771,0,ppdai_imb77,gbdt
8,0.01,random,0.7858837485172004,0.5694444444444444,0.03751143641354071,0.1388888888888889,25286,0.2190144744127185,92,1,1,0,1.0,0.6086956521739131,1.0,0.6081825815334141,0,ppdai_imb77,gbdt
9,0.01,random,0.7879604672057502,0.6413043478260869,0.04892205638474295,0.2826086956521739,27823,0.21906336484203717,87,1,0,1,0.0,0.6206896551724138,0.0,0.6469464646604645,0,ppdai_imb77,gbdt
10,0.01,random,0.789655740405205,0.6559139784946236,0.04670750382848392,0.3118279569892473,30351,0.21920200322888866,96,1,1,0,1.0,0.6770833333333334,1.0,0.5044214720458381,0,ppdai_imb77,gbdt
0,0.01,random,0.759,0.5,0.08298755186721991,0.0,5000,0.2366,0,0,0,0,0.0,0.0,0.0,0.0,1,ppdai_imb77,gbdt
1,0.01,random,0.7672413793103449,0.4888888888888889,0.06285714285714286,-0.022222222222222223,7539,0.22867754344077465,85,1,0,1,0.0,0.49411764705882355,0.0,0.6558206222987993,1,ppdai_imb77,gbdt
2,0.01,random,0.7709469509172038,0.5,0.04112554112554113,0.0,10082,0.22812933941678237,81,1,0,1,0.0,0.6790123456790124,0.0,0.5138910344182687,1,ppdai_imb77,gbdt
3,0.01,random,0.776503164556962,0.673469387755102,0.05670103092783505,0.3469387755102041,12636,0.2270496992719215,70,1,1,0,1.0,0.5428571428571428,1.0,0.5333328812261459,1,ppdai_imb77,gbdt
4,0.01,random,0.7849391647484381,0.5614035087719298,0.048411497730711045,0.12280701754385964,15201,0.22518255377935661,59,1,0,1,0.0,0.559322033898305,0.0,0.5528722419694816,1,ppdai_imb77,gbdt
5,0.01,random,0.7870840383530738,0.5492957746478874,0.051181102362204724,0.09859154929577464,17728,0.22281137184115524,97,1,1,0,1.0,0.5876288659793815,1.0,0.5753320276654317,1,ppdai_imb77,gbdt
6,0.01,random,0.7737478411053541,0.5131578947368421,0.042437431991294884,0.02631578947368421,20262,0.22302832889152108,90,1,0,1,0.0,0.6222222222222222,0.0,0.5559164364522029,1,ppdai_imb77,gbdt
7,0.01,random,0.7877658408243806,0.6265060240963856,0.0525783619817998,0.25301204819277107,22803,0.22295312020348199,83,1,1,0,1.0,0.6506024096385542,1.0,0.6909432599436794,1,ppdai_imb77,gbdt
8,0.01,random,0.7758484609313339,0.5909090909090909,0.056228373702422146,0.18181818181818182,25337,0.22165212929707542,90,1,0,1,0.0,0.6666666666666666,0.0,0.7632184181260004,1,ppdai_imb77,gbdt
9,0.01,random,0.7946924870001794,0.6979166666666666,0.0566356720202874,0.3958333333333333,27884,0.22217042031272413,77,1,0,1,0.0,0.5844155844155844,0.0,0.6241244271025662,1,ppdai_imb77,gbdt
10,0.01,random,0.7874404076935723,0.6216216216216216,0.03508771929824561,0.24324324324324326,30414,0.21983297165778917,94,1,1,0,1.0,0.648936170212766,1.0,0.5869725156906632,1,ppdai_imb77,gbdt
0,0.01,random,0.785,0.4883720930232558,0.09813084112149532,-0.023255813953488372,5000,0.2286,0,0,0,0,0.0,0.0,0.0,0.0,2,ppdai_imb77,gbdt
1,0.01,random,0.7931954636424283,0.6271186440677966,0.11384615384615385,0.2542372881355932,7494,0.22351214304777156,131,2,2,0,1.0,0.6259541984732825,2.0,0.6686398722718315,2,ppdai_imb77,gbdt
2,0.01,random,0.7930861723446894,0.5166666666666667,0.0746987951807229,0.03333333333333333,9980,0.2186372745490982,139,2,1,1,0.5,0.5899280575539568,1.0,0.6277668960520273,2,ppdai_imb77,gbdt
3,0.01,random,0.7843137254901961,0.4915254237288136,0.05390334572490706,-0.01694915254237288,12491,0.21583540148907213,114,2,2,0,1.0,0.543859649122807,2.0,0.7227048061294202,2,ppdai_imb77,gbdt
4,0.01,random,0.7921385742838108,0.6,0.0473186119873817,0.2,15008,0.21788379530916843,108,2,0,2,0.0,0.5277777777777778,0.0,0.7495359710089904,2,ppdai_imb77,gbdt
5,0.01,random,0.7928184667996581,0.6103896103896104,0.06317204301075269,0.22077922077922077,17543,0.21723764464458759,89,1,0,1,0.0,0.5617977528089888,0.0,0.5186007024491917,2,ppdai_imb77,gbdt
6,0.01,random,0.7951146560319042,0.5189873417721519,0.0496969696969697,0.0379746835443038,20059,0.21676055635874172,109,2,1,1,0.5,0.5688073394495413,1.0,0.6395279919445089,2,ppdai_imb77,gbdt
7,0.01,random,0.7855245683930943,0.6774193548387096,0.04238143289606458,0.3548387096774194,22589,0.21718535570410377,94,1,1,0,1.0,0.574468085106383,1.0,0.6158250570968972,2,ppdai_imb77,gbdt
8,0.01,random,0.7976924607121544,0.6714285714285714,0.04514889529298751,0.34285714285714286,25131,0.21825633679519318,82,1,1,0,1.0,0.6219512195121951,1.0,0.6463032405274924,2,ppdai_imb77,gbdt
9,0.01,random,0.796999276934201,0.6125,0.04294478527607362,0.225,27658,0.2172608286933256,97,1,1,0,1.0,0.5979381443298969,1.0,0.6164004170589111,2,ppdai_imb77,gbdt
10,0.01,random,0.781751945686372,0.6,0.040419161676646706,0.2,30191,0.21781325560597528,91,1,0,1,0.0,0.6373626373626373,0.0,0.526825693660039,2,ppdai_imb77,gbdt
0,0.01,random,0.774,0.5416666666666666,0.11304347826086956,0.08333333333333333,5000,0.2296,0,0,0,0,0.0,0.0,0.0,0.0,3,ppdai_imb77,gbdt
1,0.01,random,0.7817697937458417,0.49122807017543857,0.0856269113149847,-0.017543859649122806,7514,0.22624434389140272,111,2,0,2,0.0,0.5135135135135135,0.0,0.5297019184269454,3,ppdai_imb77,gbdt
2,0.01,random,0.7807192807192808,0.6538461538461539,0.07472527472527472,0.3076923076923077,10006,0.22236658005196883,133,2,0,2,0.0,0.5789473684210527,0.0,0.519672556537129,3,ppdai_imb77,gbdt
3,0.01,random,0.7855719410123555,0.5737704918032787,0.06398537477148081,0.14754098360655737,12543,0.22331180738260384,87,1,0,1,0.0,0.5632183908045977,0.0,0.5461810718734896,3,ppdai_imb77,gbdt
4,0.01,random,0.7782940590773315,0.6440677966101694,0.05547445255474453,0.288135593220339,15064,0.22205257567711098,104,2,2,0,1.0,0.6057692307692307,2.0,0.62667290757701,3,ppdai_imb77,gbdt
5,0.01,random,0.786992331723942,0.543859649122807,0.04105960264900662,0.08771929824561403,17604,0.22102931152010907,84,1,1,0,1.0,0.6190476190476191,1.0,0.534217561119159,3,ppdai_imb77,gbdt
6,0.01,random,0.7768123138033763,0.5555555555555556,0.03863134657836645,0.1111111111111111,20137,0.22048964592541093,91,1,0,1,0.0,0.5274725274725275,0.0,0.5633343017545364,3,ppdai_imb77,gbdt
7,0.01,random,0.7813533171699361,0.52,0.03919597989949749,0.04,22683,0.21937133536128378,78,1,1,0,1.0,0.6538461538461539,1.0,0.5886721908434681,3,ppdai_imb77,gbdt
8,0.01,random,0.7930624380574827,0.6082474226804123,0.05539906103286385,0.21649484536082475,25224,0.21840310815096733,83,1,0,1,0.0,0.6506024096385542,0.0,0.6740831980807483,3,ppdai_imb77,gbdt
9,0.01,random,0.78990990990991,0.6219512195121951,0.04300168634064081,0.24390243902439024,27750,0.21855855855855855,98,1,1,0,1.0,0.6326530612244898,1.0,0.5899056611805497,3,ppdai_imb77,gbdt
10,0.01,random,0.7939233817701453,0.6753246753246753,0.0407843137254902,0.35064935064935066,30276,0.2184238340599815,98,1,0,1,0.0,0.6326530612244898,0.0,0.6187506820585634,3,ppdai_imb77,gbdt
0,0.01,random,0.779,0.56,0.12334801762114538,0.12,5000,0.2324,0,0,0,0,0.0,0.0,0.0,0.0,4,ppdai_imb77,gbdt
1,0.01,random,0.7734584450402144,0.5961538461538461,0.08908045977011494,0.19230769230769232,7456,0.22371244635193133,169,2,1,1,0.5,0.5621301775147929,1.0,0.5465769460344588,4,ppdai_imb77,gbdt
2,0.01,random,0.785929648241206,0.6060606060606061,0.09090909090909091,0.21212121212121213,9947,0.22217754096712578,134,2,1,1,0.5,0.5671641791044776,1.0,0.716605453474012,4,ppdai_imb77,gbdt
3,0.01,random,0.786661309762957,0.5714285714285714,0.0446927374301676,0.14285714285714285,12441,0.21654207861104413,131,2,2,0,1.0,0.549618320610687,2.0,0.6818630709510345,4,ppdai_imb77,gbdt
4,0.01,random,0.7798195790177079,0.5737704918032787,0.05239520958083832,0.14754098360655737,14964,0.21471531676022454,102,2,1,1,0.5,0.5392156862745098,1.0,0.5334778855181944,4,ppdai_imb77,gbdt
5,0.01,random,0.7917620137299771,0.6142857142857143,0.05779569892473118,0.22857142857142856,17476,0.21566720073243306,113,2,0,2,0.0,0.6017699115044248,0.0,0.5939714020874574,4,ppdai_imb77,gbdt
6,0.01,random,0.7791104447776112,0.5689655172413793,0.03699551569506727,0.13793103448275862,20007,0.21452491627930226,93,1,0,1,0.0,0.5806451612903226,0.0,0.5511531132413082,4,ppdai_imb77,gbdt
7,0.01,random,0.7881543921916593,0.5714285714285714,0.04145077720207254,0.14285714285714285,22537,0.21458046767537828,94,1,1,0,1.0,0.5531914893617021,1.0,0.5184303061434926,4,ppdai_imb77,gbdt
8,0.01,random,0.7922984836392658,0.49230769230769234,0.03076923076923077,-0.015384615384615385,25060,0.21608140462889067,102,2,2,0,1.0,0.5980392156862745,2.0,0.5994051990999769,4,ppdai_imb77,gbdt
9,0.01,random,0.7906176417315703,0.5,0.029411764705882353,0.0,27602,0.21838997174117816,82,1,0,1,0.0,0.573170731707317,0.0,0.6296228972675803,4,ppdai_imb77,gbdt
10,0.01,random,0.7877530700298706,0.6666666666666666,0.030792917628945343,0.3333333333333333,30127,0.21761210873966874,99,1,0,1,0.0,0.5555555555555556,0.0,0.6505667155038777,4,ppdai_imb77,gbdt
0,0.02,random,0.804,0.7021276595744681,0.15348837209302327,0.40425531914893614,5000,0.2248,0,0,0,0,0.0,0.0,0.0,0.0,0,ppdai_imb77,gbdt
1,0.02,random,0.786472148541114,0.5227272727272727,0.07098765432098765,0.045454545454545456,7537,0.2242271460793419,88,2,0,2,0.0,0.5454545454545454,0.0,0.5517736054365139,0,ppdai_imb77,gbdt
2,0.02,random,0.7883755588673621,0.5769230769230769,0.06912442396313365,0.15384615384615385,10064,0.21870031796502384,98,2,0,2,0.0,0.6224489795918368,0.0,0.6512452798786998,0,ppdai_imb77,gbdt
3,0.02,random,0.7902264600715138,0.5393258426966292,0.08971962616822429,0.07865168539325842,12583,0.21759516808392276,107,3,2,1,0.6666666666666666,0.5607476635514018,2.0,0.5837757030859411,0,ppdai_imb77,gbdt
4,0.02,random,0.7938451356717405,0.575,0.07244094488188976,0.15,15107,0.21817700403786325,102,3,1,2,0.3333333333333333,0.6470588235294118,1.0,0.5689727997943105,0,ppdai_imb77,gbdt
5,0.02,random,0.7874752054406348,0.55,0.05804749340369393,0.1,17642,0.21811585987983223,90,2,0,2,0.0,0.6,0.0,0.6305059434923852,0,ppdai_imb77,gbdt
6,0.02,random,0.7804455445544555,0.5375,0.048152295632698766,0.075,20196,0.21766686472568825,71,2,1,1,0.5,0.4788732394366197,1.0,0.536208681681051,0,ppdai_imb77,gbdt
7,0.02,random,0.7845680369311937,0.56,0.042467138523761376,0.12,22742,0.22029724738369535,79,2,2,0,1.0,0.7088607594936709,2.0,0.732966415720854,0,ppdai_imb77,gbdt
8,0.02,random,0.7864768683274022,0.5061728395061729,0.037927844588344126,0.012345679012345678,25289,0.21879077859939103,78,2,0,2,0.0,0.5641025641025641,0.0,0.5518548969986082,0,ppdai_imb77,gbdt
9,0.02,random,0.7828273756062512,0.5425531914893617,0.0419063270336894,0.0851063829787234,27832,0.21910031618281114,82,2,0,2,0.0,0.5609756097560976,0.0,0.6630583708767781,0,ppdai_imb77,gbdt
10,0.02,random,0.7831384818047094,0.5567010309278351,0.04066265060240964,0.1134020618556701,30365,0.21903507327515231,92,2,0,2,0.0,0.75,0.0,0.6704961372133404,0,ppdai_imb77,gbdt
0,0.02,random,0.759,0.5,0.08298755186721991,0.0,5000,0.2366,0,0,0,0,0.0,0.0,0.0,0.0,1,ppdai_imb77,gbdt
1,0.02,random,0.7679045092838196,0.5714285714285714,0.06741573033707865,0.14285714285714285,7540,0.2286472148541114,85,2,0,2,0.0,0.49411764705882355,0.0,0.6411423329796517,1,ppdai_imb77,gbdt
2,0.02,random,0.7873078829945463,0.5555555555555556,0.0576036866359447,0.1111111111111111,10081,0.22835036206725523,84,2,0,2,0.0,0.6309523809523809,0.0,0.5213069718449475,1,ppdai_imb77,gbdt
3,0.02,random,0.7660332541567696,0.5818181818181818,0.05333333333333334,0.16363636363636364,12629,0.22685881700847257,77,2,2,0,1.0,0.5844155844155844,2.0,0.5515862318978421,1,ppdai_imb77,gbdt
4,0.02,random,0.7666227781435154,0.5192307692307693,0.0379746835443038,0.038461538461538464,15187,0.22459998683084217,67,2,1,1,0.5,0.6268656716417911,1.0,0.618231364560301,1,ppdai_imb77,gbdt
5,0.02,random,0.774548532731377,0.5396825396825397,0.04228855721393035,0.07936507936507936,17719,0.22241661493312265,93,2,0,2,0.0,0.5698924731182796,0.0,0.6052398166547905,1,ppdai_imb77,gbdt
6,0.02,random,0.7762151492721441,0.625,0.04864864864864865,0.25,20261,0.2228912689403287,83,2,1,1,0.5,0.6144578313253012,1.0,0.5845184353795536,1,ppdai_imb77,gbdt
7,0.02,random,0.7846187554776511,0.5540540540540541,0.04137235116044399,0.10810810810810811,22820,0.22304995617879053,66,2,1,1,0.5,0.6818181818181818,1.0,0.6021296017440114,1,ppdai_imb77,gbdt
8,0.02,random,0.7752365930599369,0.5698924731182796,0.04596704249783174,0.13978494623655913,25360,0.22188485804416405,85,2,2,0,1.0,0.6705882352941176,2.0,0.6674940408628111,1,ppdai_imb77,gbdt
9,0.02,random,0.7774592366959326,0.5352112676056338,0.030473135525260625,0.07042253521126761,27903,0.2221983299286815,82,2,0,2,0.0,0.6219512195121951,0.0,0.5461187466594664,1,ppdai_imb77,gbdt
10,0.02,random,0.7834154351395731,0.5666666666666667,0.03831705484598046,0.13333333333333333,30449,0.2198430161910079,79,2,1,1,0.5,0.7341772151898734,1.0,0.6313989356099843,1,ppdai_imb77,gbdt
0,0.02,random,0.785,0.4883720930232558,0.09813084112149532,-0.023255813953488372,5000,0.2286,0,0,0,0,0.0,0.0,0.0,0.0,2,ppdai_imb77,gbdt
1,0.02,random,0.7938625750500333,0.6379310344827587,0.11384615384615385,0.27586206896551724,7495,0.22334889926617746,131,3,1,2,0.3333333333333333,0.6259541984732825,1.0,0.6919697887906741,2,ppdai_imb77,gbdt
2,0.02,random,0.7942942942942943,0.5142857142857142,0.08716707021791767,0.02857142857142857,9988,0.21916299559471367,133,3,1,2,0.3333333333333333,0.556390977443609,1.0,0.6067117523683165,2,ppdai_imb77,gbdt
3,0.02,random,0.7928685897435898,0.48484848484848486,0.062135922330097085,-0.030303030303030304,12480,0.21586538461538463,134,3,2,1,0.6666666666666666,0.5298507462686567,2.0,0.58913334390789,2,ppdai_imb77,gbdt
4,0.02,random,0.7993322203672788,0.5737704918032787,0.05737704918032787,0.14754098360655737,14974,0.21751035127554427,132,3,1,2,0.3333333333333333,0.5227272727272727,1.0,0.5675512405835699,2,ppdai_imb77,gbdt
5,0.02,random,0.7905714285714286,0.5846153846153846,0.051075268817204304,0.16923076923076924,17496,0.21644947416552354,104,3,1,2,0.3333333333333333,0.5961538461538461,1.0,0.5228941675186095,2,ppdai_imb77,gbdt
6,0.02,random,0.7915106117353309,0.5633802816901409,0.04739336492890995,0.1267605633802817,20021,0.2161730183307527,101,3,1,2,0.3333333333333333,0.5742574257425742,1.0,0.6367521458061125,2,ppdai_imb77,gbdt
7,0.02,random,0.7907801418439716,0.5606060606060606,0.038865546218487396,0.12121212121212122,22556,0.2165277531477212,90,2,1,1,0.5,0.6222222222222222,1.0,0.6915371065130067,2,ppdai_imb77,gbdt
8,0.02,random,0.7869244568467212,0.5972222222222222,0.03970452446906741,0.19444444444444445,25082,0.21744677457937964,99,2,2,0,1.0,0.6161616161616161,2.0,0.5821272334197987,2,ppdai_imb77,gbdt
9,0.02,random,0.7849773755656109,0.6212121212121212,0.0340531561461794,0.24242424242424243,27622,0.21656650495981464,85,2,2,0,1.0,0.6470588235294118,2.0,0.6237792645014478,2,ppdai_imb77,gbdt
10,0.02,random,0.787893864013267,0.6027397260273972,0.03400309119010819,0.2054794520547945,30150,0.21718076285240465,97,2,0,2,0.0,0.6082474226804123,0.0,0.5697040436476682,2,ppdai_imb77,gbdt
0,0.02,random,0.774,0.5416666666666666,0.11304347826086956,0.08333333333333333,5000,0.2296,0,0,0,0,0.0,0.0,0.0,0.0,3,ppdai_imb77,gbdt
1,0.02,random,0.7717897538256819,0.46153846153846156,0.07079646017699115,-0.07692307692307693,7515,0.226480372588157,111,3,2,1,0.6666666666666666,0.5135135135135135,2.0,0.6101673521165999,3,ppdai_imb77,gbdt
2,0.02,random,0.7948077883175237,0.5957446808510638,0.06666666666666667,0.19148936170212766,10012,0.22283260087894527,129,3,2,1,0.6666666666666666,0.5813953488372093,2.0,0.6269459959379627,3,ppdai_imb77,gbdt
3,0.02,random,0.7842902711323764,0.578125,0.06715063520871144,0.15625,12539,0.22362229842890183,98,2,0,2,0.0,0.5306122448979592,0.0,0.6517487530819491,3,ppdai_imb77,gbdt
4,0.02,random,0.7930232558139535,0.6307692307692307,0.0640625,0.26153846153846155,15047,0.22183824018076692,118,3,2,1,0.6666666666666666,0.6186440677966102,2.0,0.5598464639389861,3,ppdai_imb77,gbdt
5,0.02,random,0.7856736782262649,0.5692307692307692,0.04849279161205767,0.13846153846153847,17589,0.22127466029905055,83,2,1,1,0.5,0.5301204819277109,1.0,0.6543287345076068,3,ppdai_imb77,gbdt
6,0.02,random,0.775292070594084,0.5774647887323944,0.04480874316939891,0.15492957746478872,20115,0.22043251304996272,99,2,2,0,1.0,0.5757575757575758,2.0,0.5601790859501614,3,ppdai_imb77,gbdt
7,0.02,random,0.7871494811216604,0.5949367088607594,0.04800817160367722,0.189873417721519,22642,0.21932691458351736,98,2,2,0,1.0,0.5714285714285714,2.0,0.647469192148134,3,ppdai_imb77,gbdt
8,0.02,random,0.7833167825223436,0.5533980582524272,0.05172413793103448,0.10679611650485436,25171,0.21814786857892018,96,2,1,1,0.5,0.65625,1.0,0.567006429763244,3,ppdai_imb77,gbdt
9,0.02,random,0.7897491427540155,0.5106382978723404,0.04113110539845758,0.02127659574468085,27704,0.2182356338434883,92,2,2,0,1.0,0.6956521739130435,2.0,0.517502057781386,3,ppdai_imb77,gbdt
10,0.02,random,0.7924933862433863,0.5566037735849056,0.04656669297553275,0.11320754716981132,30236,0.21821669533007013,93,2,1,1,0.5,0.6344086021505376,1.0,0.5252922939140092,3,ppdai_imb77,gbdt
0,0.02,random,0.779,0.56,0.12334801762114538,0.12,5000,0.2324,0,0,0,0,0.0,0.0,0.0,0.0,4,ppdai_imb77,gbdt
1,0.02,random,0.7707774798927614,0.6666666666666666,0.07865168539325842,0.3333333333333333,7458,0.22392062215071065,169,4,3,1,0.75,0.5621301775147929,3.0,0.6749307675002814,4,ppdai_imb77,gbdt
2,0.02,random,0.7881526104417671,0.6229508196721312,0.08695652173913043,0.2459016393442623,9956,0.22267979108075533,128,3,3,0,1.0,0.5703125,3.0,0.6208607780903991,4,ppdai_imb77,gbdt
3,0.02,random,0.7799196787148595,0.49019607843137253,0.04570383912248629,-0.0196078431372549,12446,0.2170175156676844,136,3,1,2,0.3333333333333333,0.5220588235294118,1.0,0.6311759934716346,4,ppdai_imb77,gbdt
4,0.02,random,0.7910397860247409,0.6323529411764706,0.06687402799377916,0.2647058823529412,14954,0.2144576701885783,118,3,2,1,0.6666666666666666,0.5847457627118644,2.0,0.5984102379369287,4,ppdai_imb77,gbdt
5,0.02,random,0.7810888252148998,0.6025641025641025,0.06025641025641026,0.20512820512820512,17447,0.21562446265833668,133,3,2,1,0.6666666666666666,0.5338345864661654,2.0,0.6485945221168744,4,ppdai_imb77,gbdt
6,0.02,random,0.7904881101376721,0.5625,0.053128689492325853,0.125,19972,0.21419987983176447,101,3,1,2,0.3333333333333333,0.6138613861386139,1.0,0.5261181954236326,4,ppdai_imb77,gbdt
7,0.02,random,0.7795555555555556,0.4727272727272727,0.0262891809908999,-0.05454545454545454,22499,0.21400951153384595,98,2,1,1,0.5,0.6020408163265306,1.0,0.5450055174247632,4,ppdai_imb77,gbdt
8,0.02,random,0.7829039344917116,0.5272727272727272,0.026605504587155965,0.05454545454545454,25035,0.2158178550029958,89,2,1,1,0.5,0.5730337078651685,1.0,0.6724264314445314,4,ppdai_imb77,gbdt
9,0.02,random,0.7893019038984588,0.47619047619047616,0.03454231433506045,-0.047619047619047616,27575,0.21820489573889393,85,2,2,0,1.0,0.5647058823529412,2.0,0.6501504276765058,4,ppdai_imb77,gbdt
10,0.02,random,0.7850141219471674,0.5342465753424658,0.03002309468822171,0.0684931506849315,30092,0.21746643626212947,109,3,2,1,0.6666666666666666,0.5321100917431193,2.0,0.6509011372165975,4,ppdai_imb77,gbdt
0,0.05,random,0.804,0.7021276595744681,0.15348837209302327,0.40425531914893614,5000,0.2248,0,0,0,0,0.0,0.0,0.0,0.0,0,ppdai_imb77,gbdt
1,0.05,random,0.7897877984084881,0.5348837209302325,0.071875,0.06976744186046512,7540,0.22453580901856765,88,5,3,2,0.6,0.5454545454545454,3.0,0.5797076080699608,0,ppdai_imb77,gbdt
2,0.05,random,0.7896568871208354,0.5757575757575758,0.08775981524249422,0.15151515151515152,10053,0.21923803839649855,116,6,3,3,0.5,0.5517241379310345,3.0,0.5958900022505333,0,ppdai_imb77,gbdt
3,0.05,random,0.7731794667727815,0.5138888888888888,0.06468531468531469,0.027777777777777776,12562,0.21748129278777265,120,6,1,5,0.16666666666666666,0.5666666666666667,1.0,0.5552476554215412,0,ppdai_imb77,gbdt
4,0.05,random,0.7832283725555187,0.6231884057971014,0.06408345752608048,0.2463768115942029,15085,0.2178985747431223,106,6,2,4,0.3333333333333333,0.660377358490566,2.0,0.5845851246439411,0,ppdai_imb77,gbdt
5,0.05,random,0.7866666666666666,0.49411764705882355,0.0559254327563249,-0.011764705882352941,17622,0.21824991487912837,91,5,5,0,1.0,0.5714285714285714,5.0,0.6383320661662645,0,ppdai_imb77,gbdt
6,0.05,random,0.781908302354399,0.5757575757575758,0.04269662921348315,0.15151515151515152,20172,0.21782669046202657,77,4,3,1,0.75,0.4675324675324675,3.0,0.5917006462405816,0,ppdai_imb77,gbdt
7,0.05,random,0.7836231565045124,0.5287356321839081,0.0465587044534413,0.05747126436781609,22714,0.2203046579202254,86,5,2,3,0.4,0.6976744186046512,2.0,0.6075437792782902,0,ppdai_imb77,gbdt
8,0.05,random,0.7806809184481394,0.5972222222222222,0.03832442067736185,0.19444444444444445,25256,0.21872030408615775,86,5,3,2,0.6,0.5813953488372093,3.0,0.6011221267551621,0,ppdai_imb77,gbdt
9,0.05,random,0.7902500449721173,0.5978260869565217,0.0464527027027027,0.1956521739130435,27792,0.2189119170984456,92,5,5,0,1.0,0.6086956521739131,5.0,0.6350993480324221,0,ppdai_imb77,gbdt
10,0.05,random,0.7814973614775725,0.6428571428571429,0.04656319290465632,0.2857142857142857,30318,0.2189458407546672,103,6,5,1,0.8333333333333334,0.7087378640776699,5.0,0.6429733884335906,0,ppdai_imb77,gbdt
0,0.05,random,0.759,0.5,0.08298755186721991,0.0,5000,0.2366,0,0,0,0,0.0,0.0,0.0,0.0,1,ppdai_imb77,gbdt
1,0.05,random,0.7859509609012592,0.5882352941176471,0.09036144578313253,0.17647058823529413,7543,0.22908657033010738,85,5,4,1,0.8,0.49411764705882355,4.0,0.5790217202788623,1,ppdai_imb77,gbdt
2,0.05,random,0.7584325396825397,0.43137254901960786,0.04583333333333333,-0.13725490196078433,10078,0.2288152411192697,93,5,5,0,1.0,0.6236559139784946,5.0,0.5821494349208969,1,ppdai_imb77,gbdt
3,0.05,random,0.7606973058637084,0.5,0.033112582781456956,0.0,12616,0.22693405199746353,90,5,3,2,0.6,0.5777777777777777,3.0,0.5360006899075278,1,ppdai_imb77,gbdt
4,0.05,random,0.772322899505766,0.5522388059701493,0.05300859598853868,0.1044776119402985,15175,0.22497528830313016,68,4,3,1,0.75,0.5735294117647058,3.0,0.619636208795882,1,ppdai_imb77,gbdt
5,0.05,random,0.7687747035573123,0.5,0.042735042735042736,0.0,17709,0.22282455248743577,94,5,3,2,0.6,0.574468085106383,3.0,0.6047483498936563,1,ppdai_imb77,gbdt
6,0.05,random,0.773938795656466,0.5280898876404494,0.051031487513572206,0.056179775280898875,20256,0.22334123222748814,81,5,4,1,0.8,0.6296296296296297,4.0,0.6146083265647969,1,ppdai_imb77,gbdt
7,0.05,random,0.7839438473349418,0.5544554455445545,0.05622489959839357,0.10891089108910891,22794,0.22321663595683075,90,5,3,2,0.6,0.6333333333333333,3.0,0.572003067037657,1,ppdai_imb77,gbdt
8,0.05,random,0.7779313067508883,0.5578947368421052,0.04665492957746479,0.11578947368421053,25327,0.2218580961029731,95,5,5,0,1.0,0.6947368421052632,5.0,0.6374893014857873,1,ppdai_imb77,gbdt
9,0.05,random,0.7744306975076206,0.5700934579439252,0.047918303220738416,0.14018691588785046,27882,0.22232981852090955,72,4,1,3,0.25,0.625,1.0,0.5987264958056715,1,ppdai_imb77,gbdt
10,0.05,random,0.7816866677626171,0.6354166666666666,0.045051698670605614,0.2708333333333333,30415,0.21985862239026796,95,5,4,1,0.8,0.7052631578947368,4.0,0.5821733788266662,1,ppdai_imb77,gbdt
0,0.05,random,0.785,0.4883720930232558,0.09813084112149532,-0.023255813953488372,5000,0.2286,0,0,0,0,0.0,0.0,0.0,0.0,2,ppdai_imb77,gbdt
1,0.05,random,0.8046666666666666,0.5471698113207547,0.09731543624161074,0.09433962264150944,7499,0.22362981730897452,131,7,4,3,0.5714285714285714,0.6259541984732825,4.0,0.6244207969926949,2,ppdai_imb77,gbdt
2,0.05,random,0.8006012024048096,0.5294117647058824,0.08955223880597014,0.058823529411764705,9980,0.21973947895791582,150,8,8,0,1.0,0.5333333333333333,8.0,0.6156258627561988,2,ppdai_imb77,gbdt
3,0.05,random,0.7962294424388288,0.4528301886792453,0.04771371769383698,-0.09433962264150944,12464,0.2159017971758665,147,8,2,6,0.25,0.5306122448979592,2.0,0.6313787389277719,2,ppdai_imb77,gbdt
4,0.05,random,0.7933911882510013,0.6060606060606061,0.0631911532385466,0.21212121212121213,14979,0.21830562787903066,114,6,2,4,0.3333333333333333,0.47368421052631576,2.0,0.6475060657026651,2,ppdai_imb77,gbdt
5,0.05,random,0.7904653154439052,0.6029411764705882,0.05481283422459893,0.20588235294117646,17512,0.21745089081772498,95,5,3,2,0.6,0.5894736842105263,3.0,0.6514059439045093,2,ppdai_imb77,gbdt
6,0.05,random,0.7906686626746507,0.5915492957746479,0.04929577464788732,0.18309859154929578,20040,0.21721556886227544,100,5,2,3,0.4,0.55,2.0,0.5929521532568314,2,ppdai_imb77,gbdt
7,0.05,random,0.7900797165633304,0.7049180327868853,0.044193216855087356,0.4098360655737705,22576,0.21762048192771086,92,5,4,1,0.8,0.5978260869565217,4.0,0.5949002500873475,2,ppdai_imb77,gbdt
8,0.05,random,0.795857398924517,0.6296296296296297,0.04875717017208413,0.25925925925925924,25104,0.21845124282982792,100,5,3,2,0.6,0.61,3.0,0.5620210132690774,2,ppdai_imb77,gbdt
9,0.05,random,0.8007960919124298,0.6836734693877551,0.058927000879507474,0.3673469387755102,27635,0.21740546408539896,97,5,3,2,0.6,0.6185567010309279,3.0,0.5590742739480027,2,ppdai_imb77,gbdt
10,0.05,random,0.7893602916804773,0.6144578313253012,0.03953488372093023,0.2289156626506024,30166,0.21792746801034277,97,5,3,2,0.6,0.6391752577319587,3.0,0.583993451070484,2,ppdai_imb77,gbdt
0,0.05,random,0.774,0.5416666666666666,0.11304347826086956,0.08333333333333333,5000,0.2296,0,0,0,0,0.0,0.0,0.0,0.0,3,ppdai_imb77,gbdt
1,0.05,random,0.7819148936170213,0.44,0.06832298136645963,-0.12,7518,0.22652301143921255,111,6,3,3,0.5,0.5135135135135135,3.0,0.6252897975098852,3,ppdai_imb77,gbdt
2,0.05,random,0.7759481037924152,0.6,0.06535947712418301,0.2,10018,0.22309842283889,130,7,3,4,0.42857142857142855,0.5615384615384615,3.0,0.6717418598270959,3,ppdai_imb77,gbdt
3,0.05,random,0.7847748106815464,0.4794520547945205,0.06517690875232775,-0.0410958904109589,12545,0.223595057791949,102,6,4,2,0.6666666666666666,0.5784313725490197,4.0,0.5834531532137609,3,ppdai_imb77,gbdt
4,0.05,random,0.7907131011608624,0.6507936507936508,0.06307692307692307,0.30158730158730157,15073,0.22238439593975984,100,5,2,3,0.4,0.6,2.0,0.5799198999524664,3,ppdai_imb77,gbdt
5,0.05,random,0.7837684449489217,0.5833333333333334,0.05426356589147287,0.16666666666666666,17617,0.22177442243287734,84,5,1,4,0.2,0.5119047619047619,1.0,0.6911704659281828,3,ppdai_imb77,gbdt
6,0.05,random,0.7964755522462149,0.6527777777777778,0.055819477434679333,0.3055555555555556,20145,0.22094812608587738,101,6,4,2,0.6666666666666666,0.5643564356435643,4.0,0.6152970042426033,3,ppdai_imb77,gbdt
7,0.05,random,0.78505291005291,0.5421686746987951,0.045824847250509164,0.08433734939759036,22680,0.21984126984126984,93,5,3,2,0.6,0.5806451612903226,3.0,0.5378536371965771,3,ppdai_imb77,gbdt
8,0.05,random,0.796509321697739,0.6511627906976745,0.053231939163498096,0.3023255813953488,25208,0.21866074262139004,100,5,4,1,0.8,0.65,4.0,0.6214082937952066,3,ppdai_imb77,gbdt
9,0.05,random,0.7863710113574905,0.5641025641025641,0.03682008368200837,0.1282051282051282,27734,0.21864859017812072,103,6,3,3,0.5,0.6601941747572816,3.0,0.6129397504945345,3,ppdai_imb77,gbdt
10,0.05,random,0.792995208987279,0.6197183098591549,0.03464566929133858,0.23943661971830985,30262,0.21839270372083802,101,6,5,1,0.8333333333333334,0.693069306930693,5.0,0.6116362766401536,3,ppdai_imb77,gbdt
0,0.05,random,0.779,0.56,0.12334801762114538,0.12,5000,0.2324,0,0,0,0,0.0,0.0,0.0,0.0,4,ppdai_imb77,gbdt
1,0.05,random,0.7702612190221031,0.5531914893617021,0.07471264367816093,0.10638297872340426,7463,0.22390459600696772,169,9,4,5,0.4444444444444444,0.5621301775147929,4.0,0.6180701110163308,4,ppdai_imb77,gbdt
2,0.05,random,0.7927747114902157,0.6440677966101694,0.08837209302325581,0.288135593220339,9965,0.22237832413447065,128,7,4,3,0.5714285714285714,0.59375,4.0,0.6405299428589634,4,ppdai_imb77,gbdt
3,0.05,random,0.7805856397914159,0.5409836065573771,0.059782608695652176,0.08196721311475409,12461,0.21731803226065324,134,7,6,1,0.8571428571428571,0.5074626865671642,6.0,0.6494078731582992,4,ppdai_imb77,gbdt
4,0.05,random,0.7875751503006012,0.6233766233766234,0.0732824427480916,0.24675324675324675,14970,0.21516366065464262,120,6,4,2,0.6666666666666666,0.5333333333333333,4.0,0.7062675316574247,4,ppdai_imb77,gbdt
5,0.05,random,0.7821356999713713,0.5714285714285714,0.05699481865284974,0.14285714285714285,17462,0.2161264459970221,138,7,3,4,0.42857142857142855,0.5362318840579711,3.0,0.5869365537140744,4,ppdai_imb77,gbdt
6,0.05,random,0.777,0.5128205128205128,0.0447427293064877,0.02564102564102564,19999,0.21506075303765188,91,5,5,0,1.0,0.6043956043956044,5.0,0.6368813950529095,4,ppdai_imb77,gbdt
7,0.05,random,0.7711939636040834,0.5692307692307692,0.035576923076923075,0.13846153846153847,22527,0.2149420695165801,100,5,4,1,0.8,0.58,4.0,0.6194133872583635,4,ppdai_imb77,gbdt
8,0.05,random,0.7851866640047914,0.6176470588235294,0.038461538461538464,0.23529411764705882,25043,0.21642774427983869,113,6,1,5,0.16666666666666666,0.5398230088495575,1.0,0.5896663742029499,4,ppdai_imb77,gbdt
9,0.05,random,0.7895595432300163,0.625,0.04233700254022015,0.25,27581,0.21866502302309562,90,5,3,2,0.6,0.5777777777777777,3.0,0.5943589230963736,4,ppdai_imb77,gbdt
10,0.05,random,0.7822620827105132,0.5662650602409639,0.03555219364599092,0.13253012048192772,30103,0.21795169916619606,107,6,4,2,0.6666666666666666,0.5327102803738317,4.0,0.5828535926129228,4,ppdai_imb77,gbdt
0,0.1,random,0.804,0.7021276595744681,0.15348837209302327,0.40425531914893614,5000,0.2248,0,0,0,0,0.0,0.0,0.0,0.0,0,ppdai_imb77,gbdt
1,0.1,random,0.7899271040424122,0.5964912280701754,0.10365853658536585,0.19298245614035087,7544,0.22481442205726404,88,9,6,3,0.6666666666666666,0.5454545454545454,6.0,0.5855118441867115,0,ppdai_imb77,gbdt
2,0.1,random,0.7975186104218362,0.5625,0.08653846153846154,0.125,10075,0.21955334987593053,103,11,7,4,0.6363636363636364,0.6116504854368932,7.0,0.6386081782108853,0,ppdai_imb77,gbdt
3,0.1,random,0.7825396825396825,0.6231884057971014,0.07610619469026549,0.2463768115942029,12599,0.21882689102309708,111,12,11,1,0.9166666666666666,0.5495495495495496,11.0,0.626585112779609,0,ppdai_imb77,gbdt
4,0.1,random,0.7863981512050181,0.6,0.06797583081570997,0.2,15143,0.2195073631380836,88,9,5,4,0.5555555555555556,0.6931818181818182,5.0,0.6023759032672233,0,ppdai_imb77,gbdt
5,0.1,random,0.7789711701526286,0.45918367346938777,0.05813953488372093,-0.08163265306122448,17688,0.2199231117141565,87,9,4,5,0.4444444444444444,0.5057471264367817,4.0,0.664875420338715,0,ppdai_imb77,gbdt
6,0.1,random,0.7798369162342476,0.5714285714285714,0.053156146179401995,0.14285714285714285,20231,0.21931688992140774,89,9,4,5,0.4444444444444444,0.42696629213483145,4.0,0.5777665665269902,0,ppdai_imb77,gbdt
7,0.1,random,0.7791437980241492,0.5849056603773585,0.060546875,0.16981132075471697,22772,0.22167574213946953,92,10,8,2,0.8,0.7065217391304348,8.0,0.6262024924546951,0,ppdai_imb77,gbdt
8,0.1,random,0.7880284472540497,0.5975609756097561,0.04499540863177227,0.1951219512195122,25310,0.21999209798498617,95,10,5,5,0.5,0.5473684210526316,5.0,0.5850582377854991,0,ppdai_imb77,gbdt
9,0.1,random,0.7853168192425058,0.6630434782608695,0.049755301794453505,0.32608695652173914,27852,0.22009191440471063,90,9,6,3,0.6666666666666666,0.6111111111111112,6.0,0.6087819312307363,0,ppdai_imb77,gbdt
10,0.1,random,0.7799342105263158,0.6153846153846154,0.04698972099853157,0.23076923076923078,30398,0.22040923744983223,86,9,7,2,0.7777777777777778,0.686046511627907,7.0,0.6284229046118823,0,ppdai_imb77,gbdt
0,0.1,random,0.759,0.5,0.08298755186721991,0.0,5000,0.2366,0,0,0,0,0.0,0.0,0.0,0.0,1,ppdai_imb77,gbdt
1,0.1,random,0.7721854304635761,0.4666666666666667,0.06158357771260997,-0.06666666666666667,7547,0.2290976546972307,85,9,5,4,0.5555555555555556,0.49411764705882355,5.0,0.626735585345805,1,ppdai_imb77,gbdt
2,0.1,random,0.7778327560613557,0.6,0.07173913043478261,0.2,10103,0.2291398594476888,75,8,4,4,0.5,0.6533333333333333,4.0,0.5705627184465414,1,ppdai_imb77,gbdt
3,0.1,random,0.7676807585934413,0.5294117647058824,0.04568527918781726,0.058823529411764705,12654,0.22775406985933302,81,9,8,1,0.8888888888888888,0.5802469135802469,8.0,0.5940151280927467,1,ppdai_imb77,gbdt
4,0.1,random,0.7762076897798226,0.6491228070175439,0.05300859598853868,0.2982456140350877,15214,0.22558170106480874,71,8,7,1,0.875,0.6197183098591549,7.0,0.5766014494785425,1,ppdai_imb77,gbdt
5,0.1,random,0.7705518018018018,0.43023255813953487,0.0460772104607721,-0.13953488372093023,17757,0.22357380188094836,89,9,7,2,0.7777777777777778,0.5842696629213483,7.0,0.6052188223277386,1,ppdai_imb77,gbdt
6,0.1,random,0.7775862068965518,0.5227272727272727,0.050716648291069456,0.045454545454545456,20299,0.22375486477166362,91,10,6,4,0.6,0.6483516483516484,6.0,0.5683771607098471,1,ppdai_imb77,gbdt
7,0.1,random,0.7726477024070022,0.5053763440860215,0.04519230769230769,0.010752688172043012,22846,0.2235402258601068,85,9,6,3,0.6666666666666666,0.6941176470588235,6.0,0.5933988150003492,1,ppdai_imb77,gbdt
8,0.1,random,0.7758960220559276,0.47058823529411764,0.04240282685512368,-0.058823529411764705,25386,0.22248483416056095,93,10,8,2,0.8,0.6344086021505376,8.0,0.5967514825570307,1,ppdai_imb77,gbdt
9,0.1,random,0.7845382963493199,0.64,0.05194805194805195,0.28,27939,0.223093167257239,78,8,6,2,0.75,0.5769230769230769,6.0,0.6242540552388123,1,ppdai_imb77,gbdt
10,0.1,random,0.785269028871391,0.631578947368421,0.0537714712471994,0.2631578947368421,30479,0.22070934085763969,93,10,10,0,1.0,0.7204301075268817,10.0,0.5674657681147577,1,ppdai_imb77,gbdt
0,0.1,random,0.785,0.4883720930232558,0.09813084112149532,-0.023255813953488372,5000,0.2286,0,0,0,0,0.0,0.0,0.0,0.0,2,ppdai_imb77,gbdt
1,0.1,random,0.7929427430093209,0.5373134328358209,0.11392405063291139,0.07462686567164178,7506,0.22395416999733547,131,14,8,6,0.5714285714285714,0.6259541984732825,8.0,0.6526872993878049,2,ppdai_imb77,gbdt
2,0.1,random,0.799399699849925,0.6666666666666666,0.09501187648456057,0.3333333333333333,9993,0.21985389772840988,152,16,6,10,0.375,0.5131578947368421,6.0,0.5930472143232846,2,ppdai_imb77,gbdt
3,0.1,random,0.7855431309904153,0.45454545454545453,0.046992481203007516,-0.09090909090909091,12520,0.21661341853035143,107,11,8,3,0.7272727272727273,0.6261682242990654,8.0,0.5838373338615869,2,ppdai_imb77,gbdt
4,0.1,random,0.8002658690594882,0.5205479452054794,0.06291390728476821,0.0410958904109589,15042,0.21858795372955725,113,12,6,6,0.5,0.5398230088495575,6.0,0.6136785839921047,2,ppdai_imb77,gbdt
5,0.1,random,0.7846372688477952,0.5205479452054794,0.05,0.0410958904109589,17572,0.21784657409515137,104,11,6,5,0.5454545454545454,0.5480769230769231,6.0,0.6024646115783336,2,ppdai_imb77,gbdt
6,0.1,random,0.7961720109371117,0.5189873417721519,0.04981773997569866,0.0379746835443038,20111,0.2178409825468649,94,10,4,6,0.4,0.5212765957446809,4.0,0.6002838090962195,2,ppdai_imb77,gbdt
7,0.1,random,0.7914002205071665,0.6349206349206349,0.04153686396677051,0.2698412698412698,22672,0.2185074100211715,69,7,3,4,0.42857142857142855,0.5942028985507246,3.0,0.5493153602514791,2,ppdai_imb77,gbdt
8,0.1,random,0.7870315288518739,0.569620253164557,0.041474654377880185,0.13924050632911392,25211,0.21930903177184563,94,10,9,1,0.9,0.6702127659574468,9.0,0.5375984192988207,2,ppdai_imb77,gbdt
9,0.1,random,0.794885647397803,0.7228915662650602,0.05102040816326531,0.4457831325301205,27765,0.21847649918962722,77,8,4,4,0.5,0.6233766233766234,4.0,0.5705195185116707,2,ppdai_imb77,gbdt
10,0.1,random,0.7807654239524909,0.6025641025641025,0.03494423791821561,0.20512820512820512,30307,0.2190253076846933,91,10,5,5,0.5,0.6373626373626373,5.0,0.5629807532921232,2,ppdai_imb77,gbdt
0,0.1,random,0.774,0.5416666666666666,0.11304347826086956,0.08333333333333333,5000,0.2296,0,0,0,0,0.0,0.0,0.0,0.0,3,ppdai_imb77,gbdt
1,0.1,random,0.7913621262458472,0.5476190476190477,0.07232704402515723,0.09523809523809523,7524,0.22660818713450293,111,12,5,7,0.4166666666666667,0.5135135135135135,5.0,0.6246599601221652,3,ppdai_imb77,gbdt
2,0.1,random,0.7893426294820717,0.5645161290322581,0.08120649651972157,0.12903225806451613,10039,0.22352823986452833,121,13,5,8,0.38461538461538464,0.5619834710743802,5.0,0.6049000289092656,3,ppdai_imb77,gbdt
3,0.1,random,0.7935560859188544,0.5714285714285714,0.07561436672967864,0.14285714285714285,12569,0.22396372026414194,104,11,6,5,0.5454545454545454,0.5769230769230769,6.0,0.6110145493029534,3,ppdai_imb77,gbdt
4,0.1,random,0.7821192052980133,0.5483870967741935,0.05120481927710843,0.0967741935483871,15099,0.22292867077289888,104,11,5,6,0.45454545454545453,0.5673076923076923,5.0,0.594229593200189,3,ppdai_imb77,gbdt
5,0.1,random,0.7934844192634561,0.625,0.060240963855421686,0.25,17647,0.22236074120247068,84,9,5,4,0.5555555555555556,0.5238095238095238,5.0,0.6027222954042514,3,ppdai_imb77,gbdt
6,0.1,random,0.7808863580094083,0.5764705882352941,0.05456570155902005,0.15294117647058825,20194,0.2217985540259483,85,9,7,2,0.7777777777777778,0.5764705882352941,7.0,0.572814924777529,3,ppdai_imb77,gbdt
7,0.1,random,0.7843007915567283,0.6,0.04221105527638191,0.2,22739,0.22067813008487622,87,9,6,3,0.6666666666666666,0.6091954022988506,6.0,0.5738753680036912,3,ppdai_imb77,gbdt
8,0.1,random,0.7864346450464702,0.6105263157894737,0.05267938237965486,0.22105263157894736,25281,0.21965112139551443,91,10,5,5,0.5,0.6263736263736264,5.0,0.5907156378362373,3,ppdai_imb77,gbdt
9,0.1,random,0.788896873877111,0.5268817204301075,0.04152542372881356,0.053763440860215055,27830,0.2199784405318002,83,9,7,2,0.7777777777777778,0.6626506024096386,7.0,0.5881946761202066,3,ppdai_imb77,gbdt
10,0.1,random,0.7902190021406225,0.6049382716049383,0.037955073586367155,0.20987654320987653,30365,0.21972665898238103,98,10,5,5,0.5,0.6632653061224489,5.0,0.5670890210788191,3,ppdai_imb77,gbdt
0,0.1,random,0.779,0.56,0.12334801762114538,0.12,5000,0.2324,0,0,0,0,0.0,0.0,0.0,0.0,4,ppdai_imb77,gbdt
1,0.1,random,0.7819397993311037,0.6379310344827587,0.10818713450292397,0.27586206896551724,7471,0.2243340918217106,169,17,9,8,0.5294117647058824,0.5621301775147929,9.0,0.6442958492535246,4,ppdai_imb77,gbdt
2,0.1,random,0.785678517776665,0.5,0.07476635514018691,0.0,9985,0.22313470205307961,122,13,9,4,0.6923076923076923,0.6065573770491803,9.0,0.5926568260768855,4,ppdai_imb77,gbdt
3,0.1,random,0.7989587505006007,0.6,0.07572815533980583,0.2,12483,0.21789633902106864,139,14,13,1,0.9285714285714286,0.539568345323741,13.0,0.6075408876012649,4,ppdai_imb77,gbdt
4,0.1,random,0.7912637545848616,0.6,0.07476635514018691,0.2,14995,0.21560520173391132,124,13,10,3,0.7692307692307693,0.5645161290322581,10.0,0.6304683661009515,4,ppdai_imb77,gbdt
5,0.1,random,0.7803484718651814,0.6911764705882353,0.05911949685534591,0.38235294117647056,17501,0.2166161933603794,130,13,9,4,0.6923076923076923,0.5769230769230769,9.0,0.6318572276686771,4,ppdai_imb77,gbdt
6,0.1,random,0.7874781741082564,0.7183098591549296,0.057757644394110984,0.43661971830985913,20043,0.21558648904854563,91,10,7,3,0.7,0.5934065934065934,7.0,0.6478990599985223,4,ppdai_imb77,gbdt
7,0.1,random,0.7863153232949512,0.725,0.057942057942057944,0.45,22579,0.21568714292041277,97,10,7,3,0.7,0.5463917525773195,7.0,0.6165077284115921,4,ppdai_imb77,gbdt
8,0.1,random,0.787577145132391,0.676056338028169,0.04395604395604396,0.352112676056338,25113,0.2171385338271015,99,10,6,4,0.6,0.6161616161616161,6.0,0.5872869648026403,4,ppdai_imb77,gbdt
9,0.1,random,0.7921561539851798,0.6341463414634146,0.04436860068259386,0.2682926829268293,27661,0.21958714435486787,84,9,5,4,0.5555555555555556,0.5238095238095238,5.0,0.5918843784880754,4,ppdai_imb77,gbdt
10,0.1,random,0.7919841006955946,0.5888888888888889,0.041666666666666664,0.17777777777777778,30187,0.2189021764335641,108,11,6,5,0.5454545454545454,0.5092592592592593,6.0,0.5695433609592864,4,ppdai_imb77,gbdt
0,0.15,random,0.804,0.7021276595744681,0.15348837209302327,0.40425531914893614,5000,0.2248,0,0,0,0,0.0,0.0,0.0,0.0,0,ppdai_imb77,gbdt
1,0.15,random,0.7973509933774835,0.6274509803921569,0.10031347962382445,0.2549019607843137,7549,0.22532785799443636,88,14,11,3,0.7857142857142857,0.5454545454545454,11.0,0.6364629271382058,0,ppdai_imb77,gbdt
2,0.15,random,0.7928642220019821,0.5072463768115942,0.08353221957040573,0.014492753623188406,10086,0.2206028157842554,102,16,13,3,0.8125,0.5980392156862745,13.0,0.5916258176936853,0,ppdai_imb77,gbdt
3,0.15,random,0.7954004758128469,0.5151515151515151,0.06563706563706563,0.030303030303030304,12607,0.218925993495677,121,19,10,9,0.5263157894736842,0.5785123966942148,10.0,0.5952774032569466,0,ppdai_imb77,gbdt
4,0.15,random,0.7867986798679868,0.625,0.0677710843373494,0.25,15148,0.21963295484552417,97,15,9,6,0.6,0.6701030927835051,9.0,0.6043046280954835,0,ppdai_imb77,gbdt
5,0.15,random,0.7829895450692286,0.5833333333333334,0.07142857142857142,0.16666666666666666,17695,0.21977959875671094,90,14,4,10,0.2857142857142857,0.5333333333333333,4.0,0.5954786838359846,0,ppdai_imb77,gbdt
6,0.15,random,0.782716049382716,0.5595238095238095,0.052808988764044947,0.11904761904761904,20247,0.21904479676001382,84,13,6,7,0.46153846153846156,0.4880952380952381,6.0,0.5917410175340201,0,ppdai_imb77,gbdt
7,0.15,random,0.7796052631578947,0.5393258426966292,0.04743083003952569,0.07865168539325842,22797,0.22169583717155766,87,14,12,2,0.8571428571428571,0.7011494252873564,12.0,0.6200672727047848,0,ppdai_imb77,gbdt
8,0.15,random,0.7851647267705661,0.6363636363636364,0.050314465408805034,0.2727272727272727,25344,0.22005208333333334,90,14,6,8,0.42857142857142855,0.5555555555555556,6.0,0.5531379547106815,0,ppdai_imb77,gbdt
9,0.15,random,0.7897472665352213,0.5977011494252874,0.043697478991596636,0.19540229885057472,27894,0.2202982720298272,87,14,9,5,0.6428571428571429,0.5977011494252874,9.0,0.5907625632939483,0,ppdai_imb77,gbdt
10,0.15,random,0.7849868593955321,0.6419753086419753,0.03903903903903904,0.2839506172839506,30438,0.22041527038570208,93,14,7,7,0.5,0.6989247311827957,7.0,0.5813267997602068,0,ppdai_imb77,gbdt
0,0.15,random,0.759,0.5,0.08298755186721991,0.0,5000,0.2366,0,0,0,0,0.0,0.0,0.0,0.0,1,ppdai_imb77,gbdt
1,0.15,random,0.7782925215089345,0.5172413793103449,0.044642857142857144,0.034482758620689655,7551,0.22924116011124354,85,13,7,6,0.5384615384615384,0.49411764705882355,7.0,0.5752152862007514,1,ppdai_imb77,gbdt
2,0.15,random,0.7690405539070228,0.5230769230769231,0.07234042553191489,0.046153846153846156,10108,0.22942223981005144,78,12,9,3,0.75,0.6666666666666666,9.0,0.6120931538452095,1,ppdai_imb77,gbdt
3,0.15,random,0.7699289660615627,0.5344827586206896,0.05281090289608177,0.06896551724137931,12667,0.22815189073971737,76,12,9,3,0.75,0.5789473684210527,9.0,0.6431675272480243,1,ppdai_imb77,gbdt
4,0.15,random,0.7801115851657368,0.5633802816901409,0.05891016200294551,0.1267605633802817,15234,0.22594197190494947,67,11,6,5,0.5454545454545454,0.6119402985074627,6.0,0.5919413570915574,1,ppdai_imb77,gbdt
5,0.15,random,0.7819971870604782,0.5180722891566265,0.055269922879177376,0.03614457831325301,17772,0.22372270988071122,101,16,10,6,0.625,0.5841584158415841,10.0,0.613910022833903,1,ppdai_imb77,gbdt
6,0.15,random,0.7747969480679301,0.6428571428571429,0.05750798722044728,0.2857142857142857,20315,0.22412010829436377,95,15,9,6,0.6,0.6,9.0,0.5546847445750396,1,ppdai_imb77,gbdt
7,0.15,random,0.7801573426573427,0.5377358490566038,0.05621301775147929,0.07547169811320754,22876,0.22412134988634377,73,11,7,4,0.6363636363636364,0.6986301369863014,7.0,0.6091194144556067,1,ppdai_imb77,gbdt
8,0.15,random,0.7836349331235248,0.5363636363636364,0.05324909747292419,0.07272727272727272,25416,0.22277305634246145,98,15,11,4,0.7333333333333333,0.6938775510204082,11.0,0.6689668079412989,1,ppdai_imb77,gbdt
9,0.15,random,0.7818084345961401,0.6272727272727273,0.055244195356285025,0.2545454545454545,27977,0.22325481645637488,73,11,6,5,0.5454545454545454,0.6301369863013698,6.0,0.5805336859895939,1,ppdai_imb77,gbdt
10,0.15,random,0.7845095791714426,0.6203703703703703,0.04992548435171386,0.24074074074074073,30531,0.2208902427041368,82,13,6,7,0.46153846153846156,0.7195121951219512,6.0,0.5488769219379195,1,ppdai_imb77,gbdt
0,0.15,random,0.785,0.4883720930232558,0.09813084112149532,-0.023255813953488372,5000,0.2286,0,0,0,0,0.0,0.0,0.0,0.0,2,ppdai_imb77,gbdt
1,0.15,random,0.7924151696606786,0.5223880597014925,0.1111111111111111,0.04477611940298507,7512,0.2244408945686901,131,20,13,7,0.65,0.6259541984732825,13.0,0.618411318602303,2,ppdai_imb77,gbdt
2,0.15,random,0.7993010484273589,0.640625,0.09761904761904762,0.28125,10015,0.22096854717923115,142,22,14,8,0.6363636363636364,0.528169014084507,14.0,0.6100170026086313,2,ppdai_imb77,gbdt
3,0.15,random,0.8072625698324022,0.5769230769230769,0.09090909090909091,0.15384615384615385,12526,0.21754750119750918,132,20,13,7,0.65,0.5681818181818182,13.0,0.5954333772928907,2,ppdai_imb77,gbdt
4,0.15,random,0.7953488372093023,0.611764705882353,0.08188976377952756,0.2235294117647059,15047,0.2198444872732106,121,19,11,8,0.5789473684210527,0.48760330578512395,11.0,0.6166463280094002,2,ppdai_imb77,gbdt
5,0.15,random,0.7891891891891892,0.5666666666666667,0.06772908366533864,0.13333333333333333,17575,0.21883357041251777,112,17,11,6,0.6470588235294118,0.5714285714285714,11.0,0.6195297317506239,2,ppdai_imb77,gbdt
6,0.15,random,0.7917392386165713,0.5352112676056338,0.04513064133016627,0.07042253521126761,20093,0.2177872891056587,124,19,7,12,0.3684210526315789,0.6048387096774194,7.0,0.5996731996475138,2,ppdai_imb77,gbdt
7,0.15,random,0.784279090306911,0.6666666666666666,0.044044044044044044,0.3333333333333333,22644,0.21842430665960078,85,13,7,6,0.5384615384615384,0.5647058823529412,7.0,0.5587924110808099,2,ppdai_imb77,gbdt
8,0.15,random,0.7908315141893233,0.5922330097087378,0.05684995340167754,0.18446601941747573,25193,0.21950541817171437,88,14,9,5,0.6428571428571429,0.6136363636363636,9.0,0.5910733454121547,2,ppdai_imb77,gbdt
9,0.15,random,0.7811034980165885,0.6455696202531646,0.041228779304769606,0.2911392405063291,27726,0.21849527519295966,107,17,11,6,0.6470588235294118,0.5981308411214953,11.0,0.5776768394652617,2,ppdai_imb77,gbdt
10,0.15,random,0.7846052196894615,0.5918367346938775,0.04387291981845688,0.1836734693877551,30267,0.21918260812105594,97,15,9,6,0.6,0.5979381443298969,9.0,0.5801293683154839,2,ppdai_imb77,gbdt
0,0.15,random,0.774,0.5416666666666666,0.11304347826086956,0.08333333333333333,5000,0.2296,0,0,0,0,0.0,0.0,0.0,0.0,3,ppdai_imb77,gbdt
1,0.15,random,0.7881806108897742,0.48936170212765956,0.07232704402515723,-0.02127659574468085,7529,0.22672333643246115,111,17,7,10,0.4117647058823529,0.5135135135135135,7.0,0.6610068383594842,3,ppdai_imb77,gbdt
2,0.15,random,0.7951268025857782,0.582089552238806,0.09219858156028368,0.16417910447761194,10051,0.22355984479156302,119,18,11,7,0.6111111111111112,0.6134453781512605,11.0,0.6152834806491987,3,ppdai_imb77,gbdt
3,0.15,random,0.7930897537728356,0.5652173913043478,0.07358490566037736,0.13043478260869565,12589,0.22471999364524584,101,16,11,5,0.6875,0.5346534653465347,11.0,0.5824459105937898,3,ppdai_imb77,gbdt
4,0.15,random,0.7833994708994709,0.6533333333333333,0.07227138643067847,0.30666666666666664,15118,0.22317766900383648,111,17,7,10,0.4117647058823529,0.6036036036036037,7.0,0.6076542113231813,3,ppdai_imb77,gbdt
5,0.15,random,0.7846632710809281,0.6463414634146342,0.06751592356687898,0.2926829268292683,17670,0.22224108658743633,84,13,5,8,0.38461538461538464,0.5833333333333334,5.0,0.5846174839658792,3,ppdai_imb77,gbdt
6,0.15,random,0.7806627101879328,0.7164179104477612,0.05240174672489083,0.43283582089552236,20217,0.2215956867982391,90,14,5,9,0.35714285714285715,0.5444444444444444,5.0,0.585679800489551,3,ppdai_imb77,gbdt
7,0.15,random,0.7901207464324917,0.6547619047619048,0.0560081466395112,0.30952380952380953,22774,0.22095371915342057,78,12,8,4,0.6666666666666666,0.5384615384615384,8.0,0.5555304934469807,3,ppdai_imb77,gbdt
8,0.15,random,0.7954186413902053,0.5752212389380531,0.06172839506172839,0.1504424778761062,25318,0.21988308713168497,94,15,8,7,0.5333333333333333,0.6382978723404256,8.0,0.5758559517958162,3,ppdai_imb77,gbdt
9,0.15,random,0.7971638844013642,0.5643564356435643,0.049868766404199474,0.12871287128712872,27853,0.2200840124941658,104,16,12,4,0.75,0.6346153846153846,12.0,0.5789526856377298,3,ppdai_imb77,gbdt
10,0.15,random,0.7943402435011517,0.6111111111111112,0.04330708661417323,0.2222222222222222,30386,0.2200026327914171,106,16,12,4,0.75,0.6320754716981132,12.0,0.5717774335766104,3,ppdai_imb77,gbdt
0,0.15,random,0.779,0.56,0.12334801762114538,0.12,5000,0.2324,0,0,0,0,0.0,0.0,0.0,0.0,4,ppdai_imb77,gbdt
1,0.15,random,0.7807486631016043,0.5636363636363636,0.09253731343283582,0.12727272727272726,7480,0.22419786096256686,169,26,10,16,0.38461538461538464,0.5621301775147929,10.0,0.6311751317233293,4,ppdai_imb77,gbdt
2,0.15,random,0.7837162837162838,0.5652173913043478,0.08823529411764706,0.13043478260869565,10008,0.22352118305355714,112,17,14,3,0.8235294117647058,0.6339285714285714,14.0,0.6295824437258289,4,ppdai_imb77,gbdt
3,0.15,random,0.7828343313373254,0.5806451612903226,0.06498194945848375,0.16129032258064516,12521,0.21843303250539095,130,20,13,7,0.65,0.5307692307692308,13.0,0.6513067032317008,4,ppdai_imb77,gbdt
4,0.15,random,0.7887043189368771,0.6,0.06461538461538462,0.2,15048,0.2162413609782031,113,17,11,6,0.6470588235294118,0.5752212389380531,11.0,0.6547902778448824,4,ppdai_imb77,gbdt
5,0.15,random,0.7794536141149687,0.5529411764705883,0.05994897959183673,0.10588235294117647,17569,0.21737150663099777,121,19,10,9,0.5263157894736842,0.5702479338842975,10.0,0.6350176787891613,4,ppdai_imb77,gbdt
6,0.15,random,0.7890159045725647,0.5813953488372093,0.05793742757821553,0.16279069767441862,20116,0.2159475044740505,90,14,6,8,0.42857142857142855,0.6444444444444445,6.0,0.6210399447492857,4,ppdai_imb77,gbdt
7,0.15,random,0.7851786501985002,0.6162790697674418,0.05331991951710262,0.23255813953488372,22666,0.21618282890673254,86,13,9,4,0.6923076923076923,0.5581395348837209,9.0,0.6277681427976776,4,ppdai_imb77,gbdt
8,0.15,random,0.7917079944455465,0.6625,0.04925650557620818,0.325,25201,0.21784849807547318,104,16,11,5,0.6875,0.5673076923076923,11.0,0.6390721401643683,4,ppdai_imb77,gbdt
9,0.15,random,0.7946315979102865,0.6153846153846154,0.04823428079242033,0.23076923076923078,27755,0.22010448567825616,82,13,8,5,0.6153846153846154,0.5975609756097561,8.0,0.6070341931443605,4,ppdai_imb77,gbdt
10,0.15,random,0.7832040917340373,0.6593406593406593,0.044676098287416234,0.31868131868131866,30304,0.21940997888067582,88,14,5,9,0.35714285714285715,0.5454545454545454,5.0,0.6102571715237185,4,ppdai_imb77,gbdt
0,0.2,random,0.804,0.7021276595744681,0.15348837209302327,0.40425531914893614,5000,0.2248,0,0,0,0,0.0,0.0,0.0,0.0,0,ppdai_imb77,gbdt
1,0.2,random,0.7948378557246857,0.4772727272727273,0.06818181818181818,-0.045454545454545456,7553,0.22494373096782735,88,18,9,9,0.5,0.5454545454545454,9.0,0.6203058831999251,0,ppdai_imb77,gbdt
2,0.2,random,0.7979197622585439,0.5625,0.08653846153846154,0.125,10093,0.21955810958089766,104,21,11,10,0.5238095238095238,0.6346153846153846,11.0,0.6112012255653864,0,ppdai_imb77,gbdt
3,0.2,random,0.7862232779097387,0.5571428571428572,0.07116788321167883,0.11428571428571428,12629,0.21862380235964843,109,22,13,9,0.5909090909090909,0.5779816513761468,13.0,0.5961268320624534,0,ppdai_imb77,gbdt
4,0.2,random,0.7896472139795582,0.5465116279069767,0.07275541795665634,0.09302325581395349,15164,0.2195331047217093,111,23,14,9,0.6086956521739131,0.6216216216216216,14.0,0.5893884983353148,0,ppdai_imb77,gbdt
5,0.2,random,0.797179125528914,0.5168539325842697,0.06371191135734072,0.033707865168539325,17722,0.22017830944588646,82,17,8,9,0.47058823529411764,0.5,8.0,0.6395493766014808,0,ppdai_imb77,gbdt
6,0.2,random,0.7927039684495933,0.5581395348837209,0.0564042303172738,0.11627906976744186,20283,0.219592762411872,78,16,8,8,0.5,0.47435897435897434,8.0,0.5770837973564172,0,ppdai_imb77,gbdt
7,0.2,random,0.7841978551105274,0.5959595959595959,0.05870646766169154,0.1919191919191919,22841,0.22205682763451687,82,17,10,7,0.5882352941176471,0.7317073170731707,10.0,0.608621223736498,0,ppdai_imb77,gbdt
8,0.2,random,0.7905511811023622,0.6,0.04717853839037928,0.2,25399,0.2205598645615969,82,17,11,6,0.6470588235294118,0.5853658536585366,11.0,0.5826442607199394,0,ppdai_imb77,gbdt
9,0.2,random,0.7896619567161509,0.5504587155963303,0.05054759898904802,0.10091743119266056,27953,0.22069187564840984,87,18,9,9,0.5,0.6091954022988506,9.0,0.5681652431473849,0,ppdai_imb77,gbdt
10,0.2,random,0.7880327868852459,0.6464646464646465,0.048411497730711045,0.29292929292929293,30499,0.22082691235778223,97,20,12,8,0.6,0.7010309278350515,12.0,0.5909693700345733,0,ppdai_imb77,gbdt
0,0.2,random,0.759,0.5,0.08298755186721991,0.0,5000,0.2366,0,0,0,0,0.0,0.0,0.0,0.0,1,ppdai_imb77,gbdt
1,0.2,random,0.7683653209794837,0.47058823529411764,0.04597701149425287,-0.058823529411764705,7555,0.22925215089344805,85,17,8,9,0.47058823529411764,0.49411764705882355,8.0,0.622941681109353,1,ppdai_imb77,gbdt
2,0.2,random,0.7691547207118141,0.5882352941176471,0.08350730688935282,0.17647058823529413,10111,0.2297497774700821,84,17,11,6,0.6470588235294118,0.6071428571428571,11.0,0.5623379108142325,1,ppdai_imb77,gbdt
3,0.2,random,0.7675611681136543,0.5,0.04753820033955857,0.0,12670,0.22825572217837412,80,16,10,6,0.625,0.5875,10.0,0.6072261268042002,1,ppdai_imb77,gbdt
4,0.2,random,0.7791270101739416,0.5,0.05349182763744428,0.0,15233,0.22608809820783823,75,15,9,6,0.6,0.5866666666666667,9.0,0.562114526289239,1,ppdai_imb77,gbdt
5,0.2,random,0.7848101265822784,0.6129032258064516,0.07251908396946564,0.22580645161290322,17771,0.2241291992572168,107,22,16,6,0.7272727272727273,0.5607476635514018,16.0,0.5952919859386608,1,ppdai_imb77,gbdt
6,0.2,random,0.7771217712177122,0.6063829787234043,0.061555075593952485,0.2127659574468085,20322,0.22478102548961718,91,19,11,8,0.5789473684210527,0.5604395604395604,11.0,0.559291967060519,1,ppdai_imb77,gbdt
7,0.2,random,0.7764423076923077,0.6237623762376238,0.060114503816793896,0.24752475247524752,22878,0.22480111897893174,84,17,14,3,0.8235294117647058,0.6785714285714286,14.0,0.583909717481982,1,ppdai_imb77,gbdt
8,0.2,random,0.7819075712881023,0.578125,0.06554472984942426,0.15625,25424,0.22356828193832598,97,20,12,8,0.6,0.6494845360824743,12.0,0.572748384907476,1,ppdai_imb77,gbdt
9,0.2,random,0.7763087368232982,0.5932203389830508,0.054945054945054944,0.1864406779661017,27983,0.22406461065647,80,16,10,6,0.625,0.6,10.0,0.5756084572144313,1,ppdai_imb77,gbdt
10,0.2,random,0.783164100884376,0.5909090909090909,0.04836309523809524,0.18181818181818182,30528,0.22179638364779874,98,20,16,4,0.8,0.673469387755102,16.0,0.5639023207887496,1,ppdai_imb77,gbdt
0,0.2,random,0.785,0.4883720930232558,0.09813084112149532,-0.023255813953488372,5000,0.2286,0,0,0,0,0.0,0.0,0.0,0.0,2,ppdai_imb77,gbdt
1,0.2,random,0.7852393617021277,0.4918032786885246,0.09316770186335403,-0.01639344262295082,7519,0.224497938555659,131,27,15,12,0.5555555555555556,0.6259541984732825,15.0,0.6175286566297243,2,ppdai_imb77,gbdt
2,0.2,random,0.7906281156530409,0.5064935064935064,0.09263657957244656,0.012987012987012988,10028,0.22157957718388513,143,29,17,12,0.5862068965517241,0.4965034965034965,17.0,0.5999238446209801,2,ppdai_imb77,gbdt
3,0.2,random,0.7815862893583101,0.6666666666666666,0.07042253521126761,0.3333333333333333,12545,0.21809485850936627,133,27,15,12,0.5555555555555556,0.5639097744360902,15.0,0.5941369661577944,2,ppdai_imb77,gbdt
4,0.2,random,0.7920398009950249,0.6091954022988506,0.08204334365325078,0.21839080459770116,15075,0.2200995024875622,117,24,13,11,0.5416666666666666,0.5299145299145299,13.0,0.6318893753006437,2,ppdai_imb77,gbdt
5,0.2,random,0.7851872871736663,0.5544554455445545,0.07291666666666667,0.10891089108910891,17620,0.21906923950056753,98,20,9,11,0.45,0.5918367346938775,9.0,0.5818800582649474,2,ppdai_imb77,gbdt
6,0.2,random,0.7863523573200992,0.5212765957446809,0.056647398843930635,0.0425531914893617,20149,0.21881979254553577,118,24,18,6,0.75,0.5677966101694916,18.0,0.6071312585119539,2,ppdai_imb77,gbdt
7,0.2,random,0.7812775330396475,0.6436781609195402,0.0550098231827112,0.28735632183908044,22698,0.21940259053661115,93,19,12,7,0.631578947368421,0.5591397849462365,12.0,0.6474811563517836,2,ppdai_imb77,gbdt
8,0.2,random,0.7894632600514954,0.6363636363636364,0.06404391582799634,0.2727272727272727,25245,0.22043969102792632,95,19,12,7,0.631578947368421,0.5894736842105263,12.0,0.6034964956636593,2,ppdai_imb77,gbdt
9,0.2,random,0.788451160280626,0.5603448275862069,0.0546218487394958,0.1206896551724138,27792,0.21959556706966032,96,20,11,9,0.55,0.5625,11.0,0.6018898024568065,2,ppdai_imb77,gbdt
10,0.2,random,0.7865501895500248,0.6190476190476191,0.05886792452830188,0.23809523809523808,30334,0.22001714248038504,102,21,13,8,0.6190476190476191,0.6568627450980392,13.0,0.6075184645477492,2,ppdai_imb77,gbdt
0,0.2,random,0.774,0.5416666666666666,0.11304347826086956,0.08333333333333333,5000,0.2296,0,0,0,0,0.0,0.0,0.0,0.0,3,ppdai_imb77,gbdt
1,0.2,random,0.7823490378234904,0.5,0.07926829268292683,0.0,7535,0.22680822826808228,111,23,9,14,0.391304347826087,0.5135135135135135,9.0,0.6020351685101745,3,ppdai_imb77,gbdt
2,0.2,random,0.7837972166998012,0.5151515151515151,0.07780320366132723,0.030303030303030304,10058,0.22370252535295287,125,25,15,10,0.6,0.608,15.0,0.6094377669610058,3,ppdai_imb77,gbdt
3,0.2,random,0.7866772402854877,0.6285714285714286,0.07913669064748201,0.2571428571428571,12606,0.22489290813898144,94,19,11,8,0.5789473684210527,0.5425531914893617,11.0,0.6144689538766355,3,ppdai_imb77,gbdt
4,0.2,random,0.7871287128712872,0.6666666666666666,0.05429864253393665,0.3333333333333333,15148,0.22412199630314233,102,21,15,6,0.7142857142857143,0.5882352941176471,15.0,0.6169460547484107,3,ppdai_imb77,gbdt
5,0.2,random,0.7806943268416596,0.5483870967741935,0.0648854961832061,0.0967741935483871,17714,0.22326973015693802,72,15,6,9,0.4,0.5972222222222222,6.0,0.6014107662661135,3,ppdai_imb77,gbdt
6,0.2,random,0.7932395756229953,0.6164383561643836,0.05263157894736842,0.2328767123287671,20264,0.22251283063560995,92,19,13,6,0.6842105263157895,0.6086956521739131,13.0,0.594472000042928,3,ppdai_imb77,gbdt
7,0.2,random,0.7869031975470872,0.574468085106383,0.0547112462006079,0.14893617021276595,22827,0.22166732378323914,75,15,10,5,0.6666666666666666,0.6,10.0,0.5639541014159104,3,ppdai_imb77,gbdt
8,0.2,random,0.7821118991331757,0.5041322314049587,0.05510388437217705,0.008264462809917356,25378,0.22038773741035542,90,18,9,9,0.5,0.7,9.0,0.6006119431260664,3,ppdai_imb77,gbdt
9,0.2,random,0.7881826320501343,0.5462962962962963,0.04945515507124895,0.09259259259259259,27921,0.2203359478528706,100,20,11,9,0.55,0.69,11.0,0.5771717976244306,3,ppdai_imb77,gbdt
10,0.2,random,0.7879533891350731,0.5576923076923077,0.04447852760736196,0.11538461538461539,30464,0.22012867647058823,100,20,13,7,0.65,0.69,13.0,0.5706291532965834,3,ppdai_imb77,gbdt
0,0.2,random,0.779,0.56,0.12334801762114538,0.12,5000,0.2324,0,0,0,0,0.0,0.0,0.0,0.0,4,ppdai_imb77,gbdt
1,0.2,random,0.7636849132176236,0.5555555555555556,0.08333333333333333,0.1111111111111111,7488,0.22516025641025642,169,34,19,15,0.5588235294117647,0.5621301775147929,19.0,0.6248097685847137,4,ppdai_imb77,gbdt
2,0.2,random,0.7758362456315526,0.5555555555555556,0.087527352297593,0.1111111111111111,10011,0.22425332134651882,125,25,12,13,0.48,0.56,12.0,0.6431240214628885,4,ppdai_imb77,gbdt
3,0.2,random,0.7849162011173184,0.5555555555555556,0.0641025641025641,0.1111111111111111,12530,0.21915403032721467,131,27,13,14,0.48148148148148145,0.5038167938931297,13.0,0.65321721832372,4,ppdai_imb77,gbdt
4,0.2,random,0.7747179827471798,0.5647058823529412,0.06956521739130435,0.12941176470588237,15067,0.2170305966682153,108,22,14,8,0.6363636363636364,0.5833333333333334,14.0,0.6232271512951806,4,ppdai_imb77,gbdt
5,0.2,random,0.7786302926967889,0.6777777777777778,0.0752157829839704,0.35555555555555557,17592,0.21845156889495226,123,25,18,7,0.72,0.5609756097560976,18.0,0.5888525397117561,4,ppdai_imb77,gbdt
6,0.2,random,0.7893300248138958,0.58,0.06705202312138728,0.16,20148,0.21714314075838792,84,17,11,6,0.6470588235294118,0.6666666666666666,11.0,0.6063380436370454,4,ppdai_imb77,gbdt
7,0.2,random,0.7935213750550903,0.65,0.054110301768990635,0.3,22686,0.2168297628493344,107,22,15,7,0.6818181818181818,0.616822429906542,15.0,0.6015350307265455,4,ppdai_imb77,gbdt
8,0.2,random,0.7875544986127626,0.6,0.05224564619615032,0.2,25228,0.21828920247344222,102,21,13,8,0.6190476190476191,0.6176470588235294,13.0,0.6206418342215873,4,ppdai_imb77,gbdt
9,0.2,random,0.7815368004318877,0.5858585858585859,0.047116165718927704,0.1717171717171717,27783,0.22056653349170355,86,18,10,8,0.5555555555555556,0.5697674418604651,10.0,0.6198322837988013,4,ppdai_imb77,gbdt
10,0.2,random,0.7838773491592482,0.5675675675675675,0.04751131221719457,0.13513513513513514,30330,0.2199472469502143,96,20,11,9,0.55,0.53125,11.0,0.6063136727299019,4,ppdai_imb77,gbdt
0,0.3,random,0.804,0.7021276595744681,0.15348837209302327,0.40425531914893614,5000,0.2248,0,0,0,0,0.0,0.0,0.0,0.0,0,ppdai_imb77,gbdt
1,0.3,random,0.7878387309980172,0.64,0.0955223880597015,0.28,7562,0.22546945252578682,88,27,15,12,0.5555555555555556,0.5454545454545454,15.0,0.6198710569974184,0,ppdai_imb77,gbdt
2,0.3,random,0.7958477508650519,0.6049382716049383,0.11395348837209303,0.20987654320987653,10115,0.22145328719723184,100,30,19,11,0.6333333333333333,0.56,19.0,0.5969672354374108,0,ppdai_imb77,gbdt
3,0.3,random,0.7870406953773212,0.5476190476190477,0.08409506398537477,0.09523809523809523,12653,0.2201059037382439,122,37,21,16,0.5675675675675675,0.5819672131147541,21.0,0.59730445789278,0,ppdai_imb77,gbdt
4,0.3,random,0.7853385930309007,0.5977011494252874,0.07761194029850746,0.19540229885057472,15207,0.2211481554547248,99,30,18,12,0.6,0.6363636363636364,18.0,0.6094979494349975,0,ppdai_imb77,gbdt
5,0.3,random,0.7856540084388186,0.6262626262626263,0.07878017789072427,0.25252525252525254,17771,0.22159698385009285,85,26,13,13,0.5,0.5176470588235295,13.0,0.6149268513256502,0,ppdai_imb77,gbdt
6,0.3,random,0.7856440511307768,0.625,0.07238307349665925,0.25,20338,0.22091651096469664,80,24,12,12,0.5,0.475,12.0,0.5715415197378256,0,ppdai_imb77,gbdt
7,0.3,random,0.7897379912663756,0.6261682242990654,0.06767676767676768,0.2523364485981308,22898,0.22342562669228755,91,28,21,7,0.75,0.7252747252747253,21.0,0.6156918088700489,0,ppdai_imb77,gbdt
8,0.3,random,0.7851953661888867,0.5877192982456141,0.06014362657091562,0.17543859649122806,25464,0.2218818724473767,82,25,15,10,0.6,0.5853658536585366,15.0,0.5935241467087099,0,ppdai_imb77,gbdt
9,0.3,random,0.783407671721677,0.6446280991735537,0.06244995996797438,0.2892561983471074,28025,0.22212310437109722,89,27,13,14,0.48148148148148145,0.550561797752809,13.0,0.6064783877455063,0,ppdai_imb77,gbdt
10,0.3,random,0.7795584627964023,0.6949152542372882,0.058823529411764705,0.3898305084745763,30573,0.22225493082131292,108,33,22,11,0.6666666666666666,0.6851851851851852,22.0,0.613850122275986,0,ppdai_imb77,gbdt
0,0.3,random,0.759,0.5,0.08298755186721991,0.0,5000,0.2366,0,0,0,0,0.0,0.0,0.0,0.0,1,ppdai_imb77,gbdt
1,0.3,random,0.7554527428949108,0.40540540540540543,0.04132231404958678,-0.1891891891891892,7564,0.22924378635642517,85,26,10,16,0.38461538461538464,0.49411764705882355,10.0,0.5839137232062717,1,ppdai_imb77,gbdt
2,0.3,random,0.7671435619141589,0.5217391304347826,0.05063291139240506,0.043478260869565216,10132,0.22956968022108173,79,24,12,12,0.5,0.6455696202531646,12.0,0.5845303212322454,1,ppdai_imb77,gbdt
3,0.3,random,0.7604248623131392,0.5,0.047619047619047616,0.0,12708,0.22851746931067043,68,21,13,8,0.6190476190476191,0.6029411764705882,13.0,0.591696755354663,1,ppdai_imb77,gbdt
4,0.3,random,0.7710173372587504,0.5757575757575758,0.05352112676056338,0.15151515151515152,15283,0.22665706994699994,69,21,13,8,0.6190476190476191,0.5797101449275363,13.0,0.581274285031536,1,ppdai_imb77,gbdt
5,0.3,random,0.7764705882352941,0.550561797752809,0.06071871127633209,0.10112359550561797,17847,0.22468762256961955,85,26,16,10,0.6153846153846154,0.6235294117647059,16.0,0.6127755168127764,1,ppdai_imb77,gbdt
6,0.3,random,0.7730166503428012,0.5769230769230769,0.04792332268370607,0.15384615384615385,20419,0.22503550614623635,74,23,12,11,0.5217391304347826,0.7027027027027027,12.0,0.5926286766828887,1,ppdai_imb77,gbdt
7,0.3,random,0.7778260869565218,0.5660377358490566,0.05791505791505792,0.1320754716981132,22998,0.22528045917036263,64,20,11,9,0.55,0.671875,11.0,0.5848940190281764,1,ppdai_imb77,gbdt
8,0.3,random,0.7740610328638498,0.5961538461538461,0.05276595744680851,0.19230769230769232,25557,0.22412646241734163,92,28,17,11,0.6071428571428571,0.6739130434782609,17.0,0.5882936762845573,1,ppdai_imb77,gbdt
9,0.3,random,0.7785282616423747,0.5983606557377049,0.05748031496062992,0.19672131147540983,28129,0.22485690923957483,73,22,15,7,0.6818181818181818,0.5753424657534246,15.0,0.5668264459027663,1,ppdai_imb77,gbdt
10,0.3,random,0.7798598663842268,0.719626168224299,0.05507868383404864,0.4392523364485981,30685,0.2226495030145022,97,30,21,9,0.7,0.6701030927835051,21.0,0.5997137364769579,1,ppdai_imb77,gbdt
0,0.3,random,0.785,0.4883720930232558,0.09813084112149532,-0.023255813953488372,5000,0.2286,0,0,0,0,0.0,0.0,0.0,0.0,2,ppdai_imb77,gbdt
1,0.3,random,0.7969475779694758,0.65625,0.12883435582822086,0.3125,7532,0.22557089750398301,131,40,26,14,0.65,0.6259541984732825,26.0,0.6322031915825344,2,ppdai_imb77,gbdt
2,0.3,random,0.7974180734856008,0.47692307692307695,0.07654320987654321,-0.046153846153846156,10067,0.221714512764478,127,39,22,17,0.5641025641025641,0.6062992125984252,22.0,0.5746146096925772,2,ppdai_imb77,gbdt
3,0.3,random,0.7906423473433782,0.6136363636363636,0.09854014598540146,0.22727272727272727,12607,0.2188466724835409,119,36,23,13,0.6388888888888888,0.5882352941176471,23.0,0.5951003896481728,2,ppdai_imb77,gbdt
4,0.3,random,0.7871287128712872,0.68,0.07589285714285714,0.36,15149,0.22093867582018614,116,35,20,15,0.5714285714285714,0.5431034482758621,20.0,0.5752940207967508,2,ppdai_imb77,gbdt
5,0.3,random,0.8020892151326934,0.5148514851485149,0.07386363636363637,0.0297029702970297,17709,0.22045287706815744,90,27,16,11,0.5925925925925926,0.5555555555555556,16.0,0.6119104327755562,2,ppdai_imb77,gbdt
6,0.3,random,0.7874598864477906,0.5760869565217391,0.060571428571428575,0.15217391304347827,20253,0.21986866143287415,114,35,20,15,0.5714285714285714,0.6052631578947368,20.0,0.6126834090390066,2,ppdai_imb77,gbdt
7,0.3,random,0.78965819456617,0.5825242718446602,0.06141248720573183,0.1650485436893204,22820,0.2205521472392638,80,24,15,9,0.625,0.575,15.0,0.6079136568517258,2,ppdai_imb77,gbdt
8,0.3,random,0.7820689655172414,0.625,0.05742049469964664,0.25,25372,0.2216222607598928,102,31,23,8,0.7419354838709677,0.6078431372549019,23.0,0.596703037472167,2,ppdai_imb77,gbdt
9,0.3,random,0.7839240959541711,0.6136363636363636,0.06548100242522231,0.22727272727272727,27930,0.22076620121732904,93,28,18,10,0.6428571428571429,0.6021505376344086,18.0,0.5998687340084318,2,ppdai_imb77,gbdt
10,0.3,random,0.7959317585301837,0.6259541984732825,0.06421299921691465,0.25190839694656486,30479,0.22146395879129893,107,33,22,11,0.6666666666666666,0.5887850467289719,22.0,0.597733573375651,2,ppdai_imb77,gbdt
0,0.3,random,0.774,0.5416666666666666,0.11304347826086956,0.08333333333333333,5000,0.2296,0,0,0,0,0.0,0.0,0.0,0.0,3,ppdai_imb77,gbdt
1,0.3,random,0.7907284768211921,0.5853658536585366,0.07430340557275542,0.17073170731707318,7546,0.22727272727272727,111,34,15,19,0.4411764705882353,0.5135135135135135,15.0,0.6119905173709147,3,ppdai_imb77,gbdt
2,0.3,random,0.7885091629519564,0.6491228070175439,0.08333333333333333,0.2982456140350877,10093,0.22560190230853067,109,33,23,10,0.696969696969697,0.5779816513761468,23.0,0.5924747703403075,3,ppdai_imb77,gbdt
3,0.3,random,0.7920126532226176,0.5483870967741935,0.09532710280373832,0.0967741935483871,12645,0.22641360221431395,102,31,21,10,0.6774193548387096,0.5882352941176471,21.0,0.6247046480142943,3,ppdai_imb77,gbdt
4,0.3,random,0.7843976300197498,0.6190476190476191,0.07703703703703704,0.23809523809523808,15187,0.22578521103575427,116,35,21,14,0.6,0.5172413793103449,21.0,0.6041911866432953,3,ppdai_imb77,gbdt
5,0.3,random,0.7951535643843336,0.6195652173913043,0.07610146862483311,0.2391304347826087,17741,0.22479003438363113,99,30,17,13,0.5666666666666667,0.5555555555555556,17.0,0.5880656179908116,3,ppdai_imb77,gbdt
6,0.3,random,0.7873860556787386,0.5841584158415841,0.06704545454545455,0.16831683168316833,20292,0.22393061304947762,103,31,18,13,0.5806451612903226,0.5728155339805825,18.0,0.6165020136010355,3,ppdai_imb77,gbdt
7,0.3,random,0.7786042441478889,0.5631067961165048,0.05658536585365854,0.1262135922330097,22852,0.22265009627166113,90,27,13,14,0.48148148148148145,0.6111111111111112,13.0,0.5828830652051077,3,ppdai_imb77,gbdt
8,0.3,random,0.7880755608028335,0.5567010309278351,0.04963235294117647,0.1134020618556701,25410,0.2218417945690673,93,28,21,7,0.75,0.6344086021505376,21.0,0.5909951313826663,3,ppdai_imb77,gbdt
9,0.3,random,0.7885234179478012,0.5648148148148148,0.050960735171261484,0.12962962962962962,27966,0.2223056568690553,97,30,23,7,0.7666666666666667,0.6185567010309279,23.0,0.5690412734105516,3,ppdai_imb77,gbdt
10,0.3,random,0.7828009828009828,0.6062992125984252,0.056910569105691054,0.2125984251968504,30522,0.22223314330646746,96,29,22,7,0.7586206896551724,0.6875,22.0,0.6231037092741588,3,ppdai_imb77,gbdt
0,0.3,random,0.779,0.56,0.12334801762114538,0.12,5000,0.2324,0,0,0,0,0.0,0.0,0.0,0.0,4,ppdai_imb77,gbdt
1,0.3,random,0.7848101265822784,0.7368421052631579,0.12,0.47368421052631576,7505,0.22584943371085942,169,51,28,23,0.5490196078431373,0.5621301775147929,28.0,0.6345412103739428,4,ppdai_imb77,gbdt
2,0.3,random,0.7840796019900498,0.5416666666666666,0.08863636363636364,0.08333333333333333,10047,0.2249427689857669,116,35,21,14,0.6,0.6293103448275862,21.0,0.6126393344629782,4,ppdai_imb77,gbdt
3,0.3,random,0.7754372019077902,0.5789473684210527,0.07625649913344887,0.15789473684210525,12579,0.22020828364734876,131,40,21,19,0.525,0.4961832061068702,21.0,0.6355889641689088,4,ppdai_imb77,gbdt
4,0.3,random,0.7798347107438016,0.5824175824175825,0.07782672540381791,0.16483516483516483,15125,0.2178512396694215,111,34,17,17,0.5,0.5855855855855856,17.0,0.5875238129935282,4,ppdai_imb77,gbdt
5,0.3,random,0.7779665817048994,0.6458333333333334,0.07635467980295567,0.2916666666666667,17655,0.21908807703200225,134,41,25,16,0.6097560975609756,0.5671641791044776,25.0,0.589960013691885,4,ppdai_imb77,gbdt
6,0.3,random,0.779124412564927,0.6292134831460674,0.0611353711790393,0.25842696629213485,20213,0.21763221689012022,94,29,17,12,0.5862068965517241,0.6702127659574468,17.0,0.5905435769110358,4,ppdai_imb77,gbdt
7,0.3,random,0.7902942468159859,0.5673076923076923,0.0608875128998968,0.1346153846153846,22767,0.21759564281635702,99,30,15,15,0.5,0.5555555555555556,15.0,0.5908645939730273,4,ppdai_imb77,gbdt
8,0.3,random,0.7772511848341233,0.5714285714285714,0.04903677758318739,0.14285714285714285,25320,0.21911532385466034,101,31,22,9,0.7096774193548387,0.6534653465346535,22.0,0.6002805051926549,4,ppdai_imb77,gbdt
9,0.3,random,0.783715925394548,0.6504854368932039,0.054163298302344384,0.30097087378640774,27880,0.22148493543758968,90,27,15,12,0.5555555555555556,0.5333333333333333,15.0,0.5933148365747334,4,ppdai_imb77,gbdt
10,0.3,random,0.7821944809461235,0.5916666666666667,0.052670623145400594,0.18333333333333332,30436,0.22075831252464187,96,29,12,17,0.41379310344827586,0.53125,12.0,0.6161338200887901,4,ppdai_imb77,gbdt
0,0.5,random,0.804,0.7021276595744681,0.15348837209302327,0.40425531914893614,5000,0.2248,0,0,0,0,0.0,0.0,0.0,0.0,0,ppdai_imb77,gbdt
1,0.5,random,0.7744063324538258,0.575,0.06609195402298851,0.15,7579,0.22549148964243304,88,44,19,25,0.4318181818181818,0.5454545454545454,19.0,0.6229552400942299,0,ppdai_imb77,gbdt
2,0.5,random,0.7963600590260699,0.569620253164557,0.10588235294117647,0.13924050632911392,10162,0.22190513678409762,81,41,29,12,0.7073170731707317,0.6790123456790124,29.0,0.6028299347161292,0,ppdai_imb77,gbdt
3,0.5,random,0.782625786163522,0.5217391304347826,0.06474820143884892,0.043478260869565216,12719,0.22116518594229106,133,67,39,28,0.582089552238806,0.5714285714285714,39.0,0.5844603073679463,0,ppdai_imb77,gbdt
4,0.5,random,0.7845701209545604,0.5876288659793815,0.08431952662721894,0.17525773195876287,15295,0.2226217718208565,94,47,30,17,0.6382978723404256,0.648936170212766,30.0,0.6204493513131326,0,ppdai_imb77,gbdt
5,0.5,random,0.7921678321678322,0.5833333333333334,0.09174311926605505,0.16666666666666666,17875,0.22304895104895106,87,44,25,19,0.5681818181818182,0.5632183908045977,25.0,0.6158325096686393,0,ppdai_imb77,gbdt
6,0.5,random,0.7812805474095796,0.5887850467289719,0.06892778993435449,0.17757009345794392,20458,0.22211359859223775,80,40,14,26,0.35,0.475,14.0,0.5795167124221797,0,ppdai_imb77,gbdt
7,0.5,random,0.7899305555555556,0.5785123966942148,0.07092198581560284,0.15702479338842976,23039,0.224966361387213,85,43,25,18,0.5813953488372093,0.6352941176470588,25.0,0.6025031910343931,0,ppdai_imb77,gbdt
8,0.5,random,0.78064012490242,0.6086956521739131,0.060922541340295906,0.21739130434782608,25616,0.2235321673953779,92,46,31,15,0.6739130434782609,0.5978260869565217,31.0,0.5948626065800271,0,ppdai_imb77,gbdt
9,0.5,random,0.7820535555949637,0.5815602836879432,0.06549520766773163,0.16312056737588654,28193,0.22374348242471537,93,47,25,22,0.5319148936170213,0.5806451612903226,25.0,0.5691018419142808,0,ppdai_imb77,gbdt
10,0.5,random,0.7869332033154559,0.6363636363636364,0.07743362831858407,0.2727272727272727,30762,0.22410766530134582,108,54,37,17,0.6851851851851852,0.6759259259259259,37.0,0.593755760143364,0,ppdai_imb77,gbdt
0,0.5,random,0.759,0.5,0.08298755186721991,0.0,5000,0.2366,0,0,0,0,0.0,0.0,0.0,0.0,1,ppdai_imb77,gbdt
1,0.5,random,0.7719182597231378,0.5348837209302325,0.0659025787965616,0.06976744186046512,7581,0.23004880622609156,85,43,20,23,0.46511627906976744,0.49411764705882355,20.0,0.6121919729630594,1,ppdai_imb77,gbdt
2,0.5,random,0.7718780727630286,0.56,0.059574468085106386,0.12,10167,0.23143503491688797,74,37,24,13,0.6486486486486487,0.6216216216216216,24.0,0.5667669703460884,1,ppdai_imb77,gbdt
3,0.5,random,0.7703761755485894,0.58,0.04882154882154882,0.16,12756,0.2301661962997805,68,34,18,16,0.5294117647058824,0.6029411764705882,18.0,0.5715594495891009,1,ppdai_imb77,gbdt
4,0.5,random,0.772238514173998,0.5975609756097561,0.06853146853146853,0.1951219512195122,15342,0.22800156433320298,75,38,22,16,0.5789473684210527,0.6266666666666667,22.0,0.5808107871978706,1,ppdai_imb77,gbdt
5,0.5,random,0.7782426778242678,0.5045871559633027,0.06909547738693467,0.009174311926605505,17921,0.2263266558785782,88,44,28,16,0.6363636363636364,0.6022727272727273,28.0,0.5955150022350255,1,ppdai_imb77,gbdt
6,0.5,random,0.7751219512195122,0.580952380952381,0.06496272630457935,0.1619047619047619,20499,0.2270354651446412,91,46,26,20,0.5652173913043478,0.5824175824175825,26.0,0.5964510197968286,1,ppdai_imb77,gbdt
7,0.5,random,0.772363006281135,0.5666666666666667,0.06373008434864105,0.13333333333333333,23083,0.2273101416626955,78,39,28,11,0.717948717948718,0.6794871794871795,28.0,0.5882301348007761,1,ppdai_imb77,gbdt
8,0.5,random,0.7805496004677451,0.6111111111111112,0.07599309153713299,0.2222222222222222,25655,0.22627168193334632,102,51,32,19,0.6274509803921569,0.6470588235294118,32.0,0.6221230726210512,1,ppdai_imb77,gbdt
9,0.5,random,0.7818696883852692,0.6153846153846154,0.06956521739130435,0.23076923076923078,28239,0.2269202167215553,79,40,26,14,0.65,0.5949367088607594,26.0,0.5757107354253977,1,ppdai_imb77,gbdt
10,0.5,random,0.7958786305370761,0.6097560975609756,0.07727975270479134,0.21951219512195122,30812,0.2247825522523692,100,50,35,15,0.7,0.68,35.0,0.5874215455658489,1,ppdai_imb77,gbdt
0,0.5,random,0.785,0.4883720930232558,0.09813084112149532,-0.023255813953488372,5000,0.2286,0,0,0,0,0.0,0.0,0.0,0.0,2,ppdai_imb77,gbdt
1,0.5,random,0.7744708994708994,0.5633802816901409,0.11428571428571428,0.1267605633802817,7558,0.2269118814501191,131,66,42,24,0.6363636363636364,0.6259541984732825,42.0,0.6306568406699882,2,ppdai_imb77,gbdt
2,0.5,random,0.7939723320158103,0.5616438356164384,0.09624413145539906,0.1232876712328767,10118,0.22415497133820914,127,64,37,27,0.578125,0.5669291338582677,37.0,0.6143572606296306,2,ppdai_imb77,gbdt
3,0.5,random,0.7910918407567994,0.6067415730337079,0.09836065573770492,0.21348314606741572,12685,0.22144264879779266,113,57,36,21,0.631578947368421,0.6106194690265486,36.0,0.6064631493195258,2,ppdai_imb77,gbdt
4,0.5,random,0.7885245901639344,0.5955056179775281,0.08006042296072508,0.19101123595505617,15249,0.22355564299298314,118,59,32,27,0.5423728813559322,0.5338983050847458,32.0,0.6269634815061967,2,ppdai_imb77,gbdt
5,0.5,random,0.7879382889200561,0.5725806451612904,0.0917312661498708,0.14516129032258066,17821,0.22288311542562145,102,51,32,19,0.6274509803921569,0.5882352941176471,32.0,0.5925967418251201,2,ppdai_imb77,gbdt
6,0.5,random,0.7891123099558607,0.584070796460177,0.07508532423208192,0.168141592920354,20390,0.22236390387444827,109,55,30,25,0.5454545454545454,0.6055045871559633,30.0,0.6049774953059712,2,ppdai_imb77,gbdt
7,0.5,random,0.7802436901653612,0.6551724137931034,0.07265774378585087,0.3103448275862069,22976,0.22288474930362118,74,37,23,14,0.6216216216216216,0.6351351351351351,23.0,0.584041470128499,2,ppdai_imb77,gbdt
8,0.5,random,0.7888867149285854,0.6412213740458015,0.07526881720430108,0.2824427480916031,25552,0.22405291170945524,95,48,35,13,0.7291666666666666,0.631578947368421,35.0,0.5890355080504022,2,ppdai_imb77,gbdt
9,0.5,random,0.7908299271370179,0.5944055944055944,0.07059800664451828,0.1888111888111888,28131,0.2232412640858839,88,44,30,14,0.6818181818181818,0.6363636363636364,30.0,0.583845571757736,2,ppdai_imb77,gbdt
10,0.5,random,0.7898078801693259,0.697986577181208,0.07703703703703704,0.3959731543624161,30708,0.2238830272241761,92,46,27,19,0.5869565217391305,0.6195652173913043,27.0,0.5682486244503472,2,ppdai_imb77,gbdt
0,0.5,random,0.774,0.5416666666666666,0.11304347826086956,0.08333333333333333,5000,0.2296,0,0,0,0,0.0,0.0,0.0,0.0,3,ppdai_imb77,gbdt
1,0.5,random,0.7820343461030383,0.5869565217391305,0.07988165680473373,0.17391304347826086,7568,0.22846194503171247,111,56,29,27,0.5178571428571429,0.5135135135135135,29.0,0.6224972108625869,3,ppdai_imb77,gbdt
2,0.5,random,0.7815581854043393,0.6,0.08552631578947369,0.2,10138,0.22686920497139476,107,54,35,19,0.6481481481481481,0.616822429906542,35.0,0.6058214471635606,3,ppdai_imb77,gbdt
3,0.5,random,0.7833267793944161,0.5652173913043478,0.09236234458259325,0.13043478260869565,12711,0.22791283140586893,101,51,32,19,0.6274509803921569,0.594059405940594,32.0,0.6035631249865416,3,ppdai_imb77,gbdt
4,0.5,random,0.784429178933595,0.6538461538461539,0.0746705710102489,0.3076923076923077,15283,0.22711509520382123,103,52,32,20,0.6153846153846154,0.6116504854368932,32.0,0.6097217612687389,3,ppdai_imb77,gbdt
5,0.5,random,0.7802351623740201,0.6,0.07453416149068323,0.2,17859,0.22616047931015174,94,47,25,22,0.5319148936170213,0.574468085106383,25.0,0.5942655642345596,3,ppdai_imb77,gbdt
6,0.5,random,0.7844911937377691,0.6310679611650486,0.07158590308370044,0.2621359223300971,20436,0.2256312389900176,92,46,27,19,0.5869565217391305,0.5652173913043478,27.0,0.6038133608556031,3,ppdai_imb77,gbdt
7,0.5,random,0.7868781229632849,0.5727272727272728,0.06318956870611836,0.14545454545454545,23012,0.22483921432296194,94,47,28,19,0.5957446808510638,0.5425531914893617,28.0,0.6001810168281725,3,ppdai_imb77,gbdt
8,0.5,random,0.7936694021101993,0.6301369863013698,0.08409506398537477,0.2602739726027397,25586,0.2239505979832721,98,49,36,13,0.7346938775510204,0.6836734693877551,36.0,0.5979725680336831,3,ppdai_imb77,gbdt
9,0.5,random,0.7915482954545454,0.6095890410958904,0.07379767827529021,0.2191780821917808,28160,0.22407670454545456,99,50,34,16,0.68,0.7171717171717171,34.0,0.5848073342901738,3,ppdai_imb77,gbdt
10,0.5,random,0.7912802993330079,0.5816993464052288,0.06804281345565749,0.16339869281045752,30734,0.2242142252879547,98,49,36,13,0.7346938775510204,0.6632653061224489,36.0,0.6099978953302552,3,ppdai_imb77,gbdt
0,0.5,random,0.779,0.56,0.12334801762114538,0.12,5000,0.2324,0,0,0,0,0.0,0.0,0.0,0.0,4,ppdai_imb77,gbdt
1,0.5,random,0.7712201591511937,0.5555555555555556,0.09943181818181818,0.1111111111111111,7539,0.22748375116063138,169,85,48,37,0.5647058823529412,0.5621301775147929,48.0,0.6288121145668403,4,ppdai_imb77,gbdt
2,0.5,random,0.7797029702970297,0.5375,0.09534368070953436,0.075,10098,0.22717369776193305,129,65,40,25,0.6153846153846154,0.6046511627906976,40.0,0.6233593374934233,4,ppdai_imb77,gbdt
3,0.5,random,0.7787435796128013,0.5897435897435898,0.08013937282229965,0.1794871794871795,12654,0.2223012486170381,135,68,37,31,0.5441176470588235,0.5333333333333333,37.0,0.6330664060008516,4,ppdai_imb77,gbdt
4,0.5,random,0.7752956636005256,0.5263157894736842,0.07256894049346879,0.05263157894736842,15218,0.22039689840977789,118,59,35,24,0.5932203389830508,0.5677966101694916,35.0,0.6132441854843376,4,ppdai_imb77,gbdt
5,0.5,random,0.7719988754568456,0.6442307692307693,0.07966706302021404,0.28846153846153844,17782,0.22185355977955235,119,60,37,23,0.6166666666666667,0.5882352941176471,37.0,0.6085923775375001,4,ppdai_imb77,gbdt
6,0.5,random,0.7834520009820771,0.6311475409836066,0.08424507658643327,0.26229508196721313,20361,0.220814301851579,89,45,30,15,0.6666666666666666,0.6292134831460674,30.0,0.6111001428960736,4,ppdai_imb77,gbdt
7,0.5,random,0.7870531822144725,0.6311475409836066,0.07631318136769079,0.26229508196721313,22937,0.22077865457557658,94,47,24,23,0.5106382978723404,0.5425531914893617,24.0,0.5963555610361185,4,ppdai_imb77,gbdt
8,0.5,random,0.7854203409758965,0.6484375,0.07325684024713151,0.296875,25514,0.22230932037312848,93,47,29,18,0.6170212765957447,0.6344086021505376,29.0,0.5988086775951506,4,ppdai_imb77,gbdt
9,0.5,random,0.7834519572953736,0.6214285714285714,0.06954436450839328,0.24285714285714285,28098,0.2244999644102783,78,39,23,16,0.5897435897435898,0.6025641025641025,23.0,0.6038605300893229,4,ppdai_imb77,gbdt
10,0.5,random,0.7869947848761408,0.5903614457831325,0.07329842931937172,0.18072289156626506,30677,0.2238484858362943,88,44,24,20,0.5454545454545454,0.5454545454545454,24.0,0.6164588696468423,4,ppdai_imb77,gbdt
0,0.75,random,0.804,0.7021276595744681,0.15348837209302327,0.40425531914893614,5000,0.2248,0,0,0,0,0.0,0.0,0.0,0.0,0,ppdai_imb77,gbdt
1,0.75,random,0.7804076265614727,0.6521739130434783,0.08620689655172414,0.30434782608695654,7601,0.22747006972766742,88,66,39,27,0.5909090909090909,0.5454545454545454,39.0,0.6168899906439372,0,ppdai_imb77,gbdt
2,0.75,random,0.7879529872673849,0.5694444444444444,0.09255079006772009,0.1388888888888889,10207,0.2243558342314098,69,52,34,18,0.6538461538461539,0.6521739130434783,34.0,0.6296728282455325,0,ppdai_imb77,gbdt
3,0.75,random,0.7813354158531823,0.6428571428571429,0.12162162162162163,0.2857142857142857,12802,0.22379315731916888,113,85,40,45,0.47058823529411764,0.5309734513274337,40.0,0.6107212893518054,0,ppdai_imb77,gbdt
4,0.75,random,0.7779941577409932,0.5514018691588785,0.08489208633093526,0.102803738317757,15401,0.22537497565093176,96,72,46,26,0.6388888888888888,0.65625,46.0,0.6023947906795386,0,ppdai_imb77,gbdt
5,0.75,random,0.7822222222222223,0.5859375,0.09305210918114144,0.171875,18000,0.22577777777777777,98,74,42,32,0.5675675675675675,0.5612244897959183,42.0,0.6284521573304577,0,ppdai_imb77,gbdt
6,0.75,random,0.781121087114778,0.5202702702702703,0.08480176211453745,0.04054054054054054,20602,0.22492961848364237,85,64,28,36,0.4375,0.4588235294117647,28.0,0.5825896484335358,0,ppdai_imb77,gbdt
7,0.75,random,0.7754310344827586,0.5704225352112676,0.07627118644067797,0.14084507042253522,23198,0.22777825674627122,109,82,55,27,0.6707317073170732,0.6697247706422018,55.0,0.6065695076861336,0,ppdai_imb77,gbdt
8,0.75,random,0.7829457364341085,0.5870967741935483,0.07933740191804708,0.17419354838709677,25800,0.2263953488372093,84,63,37,26,0.5873015873015873,0.5595238095238095,37.0,0.6068100932925378,0,ppdai_imb77,gbdt
9,0.75,random,0.7757437070938215,0.5769230769230769,0.08064516129032258,0.15384615384615385,28401,0.22675257913453753,91,69,41,28,0.5942028985507246,0.5824175824175825,41.0,0.5951786998265093,0,ppdai_imb77,gbdt
10,0.75,random,0.7832607643928399,0.6261261261261262,0.09928571428571428,0.25225225225225223,31002,0.22724340365137732,90,68,45,23,0.6617647058823529,0.6888888888888889,45.0,0.592530474161153,0,ppdai_imb77,gbdt
0,0.75,random,0.759,0.5,0.08298755186721991,0.0,5000,0.2366,0,0,0,0,0.0,0.0,0.0,0.0,1,ppdai_imb77,gbdt
1,0.75,random,0.7698882314266929,0.6,0.08333333333333333,0.2,7602,0.23072875559063405,85,64,30,34,0.46875,0.49411764705882355,30.0,0.6084762664386041,1,ppdai_imb77,gbdt
2,0.75,random,0.7610186092066601,0.6666666666666666,0.07495069033530571,0.3333333333333333,10207,0.23238953659253453,74,56,34,22,0.6071428571428571,0.6351351351351351,34.0,0.593374224353389,1,ppdai_imb77,gbdt
3,0.75,random,0.7604369879047991,0.5087719298245614,0.04715447154471545,0.017543859649122806,12813,0.23156169515335986,71,54,33,21,0.6111111111111112,0.6197183098591549,33.0,0.5946599441595638,1,ppdai_imb77,gbdt
4,0.75,random,0.7658884565499352,0.5851063829787234,0.07452574525745258,0.1702127659574468,15419,0.2297165834360205,68,51,33,18,0.6470588235294118,0.6617647058823529,33.0,0.5858599822239423,1,ppdai_imb77,gbdt
5,0.75,random,0.7844062153163152,0.5576923076923077,0.07351077313054499,0.11538461538461539,18018,0.2281052281052281,98,74,42,32,0.5675675675675675,0.5816326530612245,42.0,0.5868458788831603,1,ppdai_imb77,gbdt
6,0.75,random,0.7681862269641125,0.6239316239316239,0.07411167512690356,0.24786324786324787,20619,0.22886657936854357,88,66,39,27,0.5909090909090909,0.625,39.0,0.5861259494493023,1,ppdai_imb77,gbdt
7,0.75,random,0.768783638320775,0.5751633986928104,0.08021877848678213,0.1503267973856209,23225,0.22927879440258342,70,53,37,16,0.6981132075471698,0.7,37.0,0.5826009716959135,1,ppdai_imb77,gbdt
8,0.75,random,0.7746369796708615,0.5989010989010989,0.09083333333333334,0.1978021978021978,25824,0.228430916976456,96,72,44,28,0.6111111111111112,0.6458333333333334,44.0,0.6112305704291221,1,ppdai_imb77,gbdt
9,0.75,random,0.7743580724586704,0.585635359116022,0.0806697108066971,0.1712707182320442,28426,0.22912122704566243,86,65,37,28,0.5692307692307692,0.5465116279069767,37.0,0.5959440338221266,1,ppdai_imb77,gbdt
10,0.75,random,0.7755036261079774,0.5913461538461539,0.0859538784067086,0.18269230769230768,31023,0.22715404699738903,104,78,55,23,0.7051282051282052,0.6923076923076923,55.0,0.5971685498261109,1,ppdai_imb77,gbdt
0,0.75,random,0.785,0.4883720930232558,0.09813084112149532,-0.023255813953488372,5000,0.2286,0,0,0,0,0.0,0.0,0.0,0.0,2,ppdai_imb77,gbdt
1,0.75,random,0.793943383805135,0.6521739130434783,0.1347305389221557,0.30434782608695654,7591,0.22895534185219338,131,99,65,34,0.6565656565656566,0.6259541984732825,65.0,0.6108309121411163,2,ppdai_imb77,gbdt
2,0.75,random,0.7933235149729995,0.5666666666666667,0.11778290993071594,0.13333333333333333,10181,0.2265985659561929,133,100,59,41,0.59,0.5864661654135338,59.0,0.5970496608720444,2,ppdai_imb77,gbdt
3,0.75,random,0.7879499217527387,0.6213592233009708,0.1128747795414462,0.24271844660194175,12776,0.22417031934877896,115,87,49,38,0.5632183908045977,0.5739130434782609,49.0,0.6150980264438466,2,ppdai_imb77,gbdt
4,0.75,random,0.7931034482758621,0.5537190082644629,0.10323574730354391,0.10743801652892562,15367,0.22632914687316977,130,98,50,48,0.5102040816326531,0.5153846153846153,50.0,0.6092502800341084,2,ppdai_imb77,gbdt
5,0.75,random,0.7929306985805733,0.5813953488372093,0.09803921568627451,0.16279069767441862,17965,0.2257166713053159,102,77,44,33,0.5714285714285714,0.5686274509803921,44.0,0.607829395638343,2,ppdai_imb77,gbdt
6,0.75,random,0.7802090931193776,0.5652173913043478,0.08459869848156182,0.13043478260869565,20563,0.225599377522735,103,78,47,31,0.6025641025641025,0.5922330097087378,47.0,0.6093188808666744,2,ppdai_imb77,gbdt
7,0.75,random,0.7835096050075545,0.6025641025641025,0.09082125603864734,0.20512820512820512,23164,0.22621308927646347,88,66,42,24,0.6363636363636364,0.5909090909090909,42.0,0.5915099304300746,2,ppdai_imb77,gbdt
8,0.75,random,0.7822627595575393,0.6168831168831169,0.08203799654576857,0.23376623376623376,25761,0.2273203679981367,106,80,49,31,0.6125,0.5849056603773585,49.0,0.5896486338321807,2,ppdai_imb77,gbdt
9,0.75,random,0.7926657263751763,0.6071428571428571,0.09770114942528736,0.21428571428571427,28360,0.2264456981664316,98,74,47,27,0.6351351351351351,0.6326530612244898,47.0,0.5968721022540326,2,ppdai_imb77,gbdt
10,0.75,random,0.7818152454780362,0.6298342541436464,0.0815450643776824,0.2596685082872928,30957,0.22718609684400942,106,80,50,30,0.625,0.6037735849056604,50.0,0.591066092355305,2,ppdai_imb77,gbdt
0,0.75,random,0.774,0.5416666666666666,0.11304347826086956,0.08333333333333333,5000,0.2296,0,0,0,0,0.0,0.0,0.0,0.0,3,ppdai_imb77,gbdt
1,0.75,random,0.7802631578947369,0.5294117647058824,0.08011869436201781,0.058823529411764705,7596,0.22946287519747235,111,84,43,41,0.5119047619047619,0.5135135135135135,43.0,0.6210975401211196,3,ppdai_imb77,gbdt
2,0.75,random,0.7704757233938205,0.6125,0.10082304526748971,0.225,10193,0.22858824683606396,105,79,50,29,0.6329113924050633,0.6190476190476191,50.0,0.6335903413866152,3,ppdai_imb77,gbdt
3,0.75,random,0.7737397420867527,0.5392156862745098,0.09369676320272573,0.0784313725490196,12791,0.22969275271675396,102,77,42,35,0.5454545454545454,0.5784313725490197,42.0,0.5906494791929844,3,ppdai_imb77,gbdt
4,0.75,random,0.7816764132553606,0.65,0.09259259259259259,0.3,15386,0.22897439230469258,115,87,52,35,0.5977011494252874,0.6260869565217392,52.0,0.6049567156447353,3,ppdai_imb77,gbdt
5,0.75,random,0.7837687604224569,0.6324786324786325,0.09147095179233622,0.26495726495726496,17989,0.22830618711434766,80,60,34,26,0.5666666666666667,0.5875,34.0,0.6039128336279149,3,ppdai_imb77,gbdt
6,0.75,random,0.772705196697426,0.5775862068965517,0.07023060796645703,0.15517241379310345,20590,0.22807187955318114,91,69,43,26,0.6231884057971014,0.5604395604395604,43.0,0.592111744567723,3,ppdai_imb77,gbdt
7,0.75,random,0.7796938995473163,0.5949367088607594,0.08935361216730038,0.189873417721519,23192,0.22719041048637462,84,63,37,26,0.5873015873015873,0.5952380952380952,37.0,0.5727770515543893,3,ppdai_imb77,gbdt
8,0.75,random,0.7893002519868192,0.6764705882352942,0.1002615518744551,0.35294117647058826,25793,0.22634047997518705,90,68,43,25,0.6323529411764706,0.6777777777777778,43.0,0.5994110932083898,3,ppdai_imb77,gbdt
9,0.75,random,0.7765451664025357,0.5644171779141104,0.07131782945736434,0.12883435582822086,28393,0.22681646884795548,94,71,50,21,0.704225352112676,0.6914893617021277,50.0,0.57652595748153,3,ppdai_imb77,gbdt
10,0.75,random,0.7828682045491209,0.5736842105263158,0.07933042212518195,0.14736842105263157,30995,0.22713340861429263,84,63,45,18,0.7142857142857143,0.6547619047619048,45.0,0.6157888426570103,3,ppdai_imb77,gbdt
0,0.75,random,0.779,0.56,0.12334801762114538,0.12,5000,0.2324,0,0,0,0,0.0,0.0,0.0,0.0,4,ppdai_imb77,gbdt
1,0.75,random,0.7844429795649308,0.6610169491525424,0.11271676300578035,0.3220338983050847,7581,0.2295211713494262,169,127,73,54,0.5748031496062992,0.5621301775147929,73.0,0.6260620489301796,4,ppdai_imb77,gbdt
2,0.75,random,0.7842751842751843,0.632183908045977,0.11904761904761904,0.26436781609195403,10172,0.22984663782933543,131,99,55,44,0.5555555555555556,0.5648854961832062,55.0,0.6148573419332368,4,ppdai_imb77,gbdt
3,0.75,random,0.7810419114766941,0.5408163265306123,0.09347442680776014,0.08163265306122448,12761,0.22529582321134708,138,104,55,49,0.5288461538461539,0.5217391304347826,55.0,0.616408498069201,4,ppdai_imb77,gbdt
4,0.75,random,0.7744140625,0.5945945945945946,0.09243697478991597,0.1891891891891892,15356,0.22362594425631674,115,87,56,31,0.6436781609195402,0.6086956521739131,56.0,0.6149785902947253,4,ppdai_imb77,gbdt
5,0.75,random,0.7755499860763019,0.6696428571428571,0.08886255924170616,0.3392857142857143,17951,0.22505709988301487,113,85,49,36,0.5764705882352941,0.5929203539823009,49.0,0.6053909031708203,4,ppdai_imb77,gbdt
6,0.75,random,0.7786426660180005,0.577922077922078,0.09528907922912205,0.15584415584415584,20551,0.2237847306700404,95,72,41,31,0.5694444444444444,0.6210526315789474,41.0,0.5909448416772229,4,ppdai_imb77,gbdt
7,0.75,random,0.7799611315050745,0.5734265734265734,0.07884615384615384,0.14685314685314685,23151,0.22379162887132306,94,71,47,24,0.6619718309859155,0.6382978723404256,47.0,0.6043178883849548,4,ppdai_imb77,gbdt
8,0.75,random,0.7904854368932038,0.6388888888888888,0.08221626452189455,0.2777777777777778,25749,0.2253679754553575,100,75,43,32,0.5733333333333334,0.59,43.0,0.6208947057306763,4,ppdai_imb77,gbdt
9,0.75,random,0.7871252204585538,0.6145251396648045,0.08814102564102565,0.22905027932960895,28350,0.2274779541446208,90,68,39,29,0.5735294117647058,0.5888888888888889,39.0,0.5943558042661811,4,ppdai_imb77,gbdt
10,0.75,random,0.7832337263769988,0.5485714285714286,0.0706401766004415,0.09714285714285714,30951,0.22671319181932734,91,69,40,29,0.5797101449275363,0.6043956043956044,40.0,0.5898490224709327,4,ppdai_imb77,gbdt
0,1.0,random,0.804,0.7021276595744681,0.15348837209302327,0.40425531914893614,5000,0.2248,0,0,0,0,0.0,0.0,0.0,0.0,0,ppdai_imb77,gbdt
1,1.0,random,0.779016393442623,0.6181818181818182,0.09714285714285714,0.23636363636363636,7623,0.227994227994228,88,88,48,40,0.5454545454545454,0.5454545454545454,48.0,0.6113989715650948,0,ppdai_imb77,gbdt
2,1.0,random,0.784390243902439,0.5764705882352941,0.1076923076923077,0.15294117647058825,10246,0.22545383564317784,95,95,61,34,0.6421052631578947,0.6421052631578947,61.0,0.6027517179177926,0,ppdai_imb77,gbdt
3,1.0,random,0.7874902874902875,0.6391752577319587,0.10801393728222997,0.27835051546391754,12869,0.22573626544409045,116,116,67,49,0.5775862068965517,0.5775862068965517,67.0,0.6063674500173497,0,ppdai_imb77,gbdt
4,1.0,random,0.7860600193610843,0.6634615384615384,0.09899569583931134,0.3269230769230769,15492,0.22773044151820293,100,100,67,33,0.67,0.67,67.0,0.6040689484839527,0,ppdai_imb77,gbdt
5,1.0,random,0.786640905327077,0.6,0.11567164179104478,0.2,18115,0.22820866685067623,88,88,49,39,0.5568181818181818,0.5568181818181818,49.0,0.6186525815579104,0,ppdai_imb77,gbdt
6,1.0,random,0.7801350048216008,0.5894039735099338,0.09478168264110756,0.17880794701986755,20738,0.2273604011958723,96,96,47,49,0.4895833333333333,0.4895833333333333,47.0,0.5764255915111983,0,ppdai_imb77,gbdt
7,1.0,random,0.7802268350096297,0.5555555555555556,0.09551098376313276,0.1111111111111111,23361,0.23042677967552758,95,95,63,32,0.6631578947368421,0.6631578947368421,63.0,0.5909278965306015,0,ppdai_imb77,gbdt
8,1.0,random,0.7814123532807389,0.6276595744680851,0.09966216216216216,0.2553191489361702,25984,0.22898706896551724,94,94,53,41,0.5638297872340425,0.5638297872340425,53.0,0.5906555356440392,0,ppdai_imb77,gbdt
9,1.0,random,0.7750786438308284,0.5752212389380531,0.0984102952308857,0.1504424778761062,28607,0.2293494599223966,99,99,58,41,0.5858585858585859,0.5858585858585859,58.0,0.5863037270831312,0,ppdai_imb77,gbdt
10,1.0,random,0.7779378802433558,0.6074766355140186,0.09071877180739707,0.21495327102803738,31230,0.23000320204931157,96,96,69,27,0.71875,0.71875,69.0,0.5990741308528491,0,ppdai_imb77,gbdt
0,1.0,random,0.759,0.5,0.08298755186721991,0.0,5000,0.2366,0,0,0,0,0.0,0.0,0.0,0.0,1,ppdai_imb77,gbdt
1,1.0,random,0.7763934426229508,0.5102040816326531,0.07309941520467836,0.02040816326530612,7623,0.23166732257641348,85,85,42,43,0.49411764705882355,0.49411764705882355,42.0,0.6072480153800799,1,ppdai_imb77,gbdt
2,1.0,random,0.7702439024390244,0.6060606060606061,0.08247422680412371,0.21212121212121213,10246,0.23394495412844038,85,85,49,36,0.5764705882352941,0.5764705882352941,49.0,0.6005783349446677,1,ppdai_imb77,gbdt
3,1.0,random,0.7801087801087802,0.515625,0.058098591549295774,0.03125,12869,0.23335146476027663,74,74,45,29,0.6081081081081081,0.6081081081081081,45.0,0.6013208037587914,1,ppdai_imb77,gbdt
4,1.0,random,0.7734753146176185,0.6140350877192983,0.09615384615384616,0.22807017543859648,15492,0.23173250710043894,75,75,47,28,0.6266666666666667,0.6266666666666667,47.0,0.5872143707702457,1,ppdai_imb77,gbdt
5,1.0,random,0.7767043886282087,0.5526315789473685,0.07673568818514007,0.10526315789473684,18115,0.2303615788020977,102,102,61,41,0.5980392156862745,0.5980392156862745,61.0,0.598691894207407,1,ppdai_imb77,gbdt
6,1.0,random,0.7613307618129219,0.6341463414634146,0.10058027079303675,0.2682926829268293,20738,0.23136271578744333,88,88,53,35,0.6022727272727273,0.6022727272727273,53.0,0.5866753895738595,1,ppdai_imb77,gbdt
7,1.0,random,0.772095013909694,0.6375,0.09197475202885483,0.275,23361,0.2318393904370532,83,83,58,25,0.6987951807228916,0.6987951807228916,58.0,0.5839427508250303,1,ppdai_imb77,gbdt
8,1.0,random,0.7694823936886666,0.654639175257732,0.10095389507154214,0.30927835051546393,25984,0.2312192118226601,106,106,70,36,0.660377358490566,0.660377358490566,70.0,0.601587945820898,1,ppdai_imb77,gbdt
9,1.0,random,0.7792729814750088,0.6650485436893204,0.10293012772351616,0.3300970873786408,28607,0.2318313699444192,80,80,54,26,0.675,0.675,54.0,0.5931233879794962,1,ppdai_imb77,gbdt
10,1.0,random,0.7825808517451168,0.6909871244635193,0.11126468555632343,0.38197424892703863,31230,0.23000320204931157,99,99,69,30,0.696969696969697,0.696969696969697,69.0,0.5906472328694171,1,ppdai_imb77,gbdt
0,1.0,random,0.785,0.4883720930232558,0.09813084112149532,-0.023255813953488372,5000,0.2286,0,0,0,0,0.0,0.0,0.0,0.0,2,ppdai_imb77,gbdt
1,1.0,random,0.7967213114754098,0.625,0.12269938650306748,0.25,7623,0.23022432113341204,131,131,82,49,0.6259541984732825,0.6259541984732825,82.0,0.6150612827049756,2,ppdai_imb77,gbdt
2,1.0,random,0.7990243902439025,0.5822784810126582,0.10823529411764705,0.16455696202531644,10246,0.22867460472379464,143,143,82,61,0.5734265734265734,0.5734265734265734,82.0,0.6183614152885416,2,ppdai_imb77,gbdt
3,1.0,random,0.7948717948717948,0.6320754716981132,0.12050359712230216,0.2641509433962264,12869,0.2266687388297459,129,129,72,57,0.5581395348837209,0.5581395348837209,72.0,0.6181106955985124,2,ppdai_imb77,gbdt
4,1.0,random,0.7918683446272992,0.5755395683453237,0.12012012012012012,0.1510791366906475,15492,0.22902143041569842,114,114,63,51,0.5526315789473685,0.5526315789473685,63.0,0.6111818752836014,2,ppdai_imb77,gbdt
5,1.0,random,0.7910571349710185,0.5605095541401274,0.1134020618556701,0.12101910828025478,18115,0.22848468120342258,103,103,60,43,0.5825242718446602,0.5825242718446602,60.0,0.6241545665789654,2,ppdai_imb77,gbdt
6,1.0,random,0.7806171648987463,0.6,0.09574468085106383,0.2,20738,0.22842125566592728,110,110,68,42,0.6181818181818182,0.6181818181818182,68.0,0.6094139312397704,2,ppdai_imb77,gbdt
7,1.0,random,0.7943505242884656,0.6358695652173914,0.11572700296735905,0.2717391304347826,23361,0.22892855614057617,81,81,49,32,0.6049382716049383,0.6049382716049383,49.0,0.60762848770851,2,ppdai_imb77,gbdt
8,1.0,random,0.7831441216086203,0.6216216216216216,0.09812286689419795,0.24324324324324326,25984,0.2300261699507389,108,108,66,42,0.6111111111111112,0.6111111111111112,66.0,0.601590402088444,2,ppdai_imb77,gbdt
9,1.0,random,0.7887102411744146,0.5982905982905983,0.11155378486055777,0.19658119658119658,28607,0.22924459048484636,94,94,62,32,0.6595744680851063,0.6595744680851063,62.0,0.5906144219947496,2,ppdai_imb77,gbdt
10,1.0,random,0.7793788024335575,0.6134453781512605,0.10195530726256984,0.226890756302521,31230,0.23000320204931157,107,107,64,43,0.5981308411214953,0.5981308411214953,64.0,0.5930028438685514,2,ppdai_imb77,gbdt
0,1.0,random,0.774,0.5416666666666666,0.11304347826086956,0.08333333333333333,5000,0.2296,0,0,0,0,0.0,0.0,0.0,0.0,3,ppdai_imb77,gbdt
1,1.0,random,0.779016393442623,0.6111111111111112,0.09455587392550144,0.2222222222222222,7623,0.23048668503213957,111,111,57,54,0.5135135135135135,0.5135135135135135,57.0,0.6213001208211297,3,ppdai_imb77,gbdt
2,1.0,random,0.786829268292683,0.5866666666666667,0.09777777777777778,0.17333333333333334,10246,0.23023618973257856,105,105,63,42,0.6,0.6,63.0,0.6229726743015797,3,ppdai_imb77,gbdt
3,1.0,random,0.7703962703962703,0.6170212765957447,0.09461663947797716,0.23404255319148937,12869,0.23187504856632216,100,100,54,46,0.54,0.54,54.0,0.625964503580636,3,ppdai_imb77,gbdt
4,1.0,random,0.7808970635688932,0.6796116504854369,0.09776536312849161,0.3592233009708738,15492,0.23166795765556417,94,94,58,36,0.6170212765957447,0.6170212765957447,58.0,0.5994908118642758,3,ppdai_imb77,gbdt
5,1.0,random,0.7791885178029258,0.6076923076923076,0.09541062801932366,0.2153846153846154,18115,0.2310792161192382,79,79,44,35,0.5569620253164557,0.5569620253164557,44.0,0.5949826431504881,3,ppdai_imb77,gbdt
6,1.0,random,0.7794117647058824,0.6575342465753424,0.09989594172736732,0.3150684931506849,20738,0.23063940592149676,96,96,58,38,0.6041666666666666,0.6041666666666666,58.0,0.5968684657773572,3,ppdai_imb77,gbdt
7,1.0,random,0.7791568585491119,0.6201117318435754,0.10325581395348837,0.24022346368715083,23361,0.22982749026154703,88,88,54,34,0.6136363636363636,0.6136363636363636,54.0,0.5786281568802015,3,ppdai_imb77,gbdt
8,1.0,random,0.7866076582643833,0.6303030303030303,0.09027777777777778,0.2606060606060606,25984,0.2292179802955665,87,87,56,31,0.6436781609195402,0.6436781609195402,56.0,0.5813618763389445,3,ppdai_imb77,gbdt
9,1.0,random,0.7804963299545613,0.5769230769230769,0.09316770186335403,0.15384615384615385,28607,0.22976893767259762,100,100,66,34,0.66,0.66,66.0,0.5830210155462818,3,ppdai_imb77,gbdt
10,1.0,random,0.7784181876400896,0.5608856088560885,0.10726887791107975,0.12177121771217712,31230,0.23000320204931157,110,110,71,39,0.6454545454545455,0.6454545454545455,71.0,0.59826311114335,3,ppdai_imb77,gbdt
0,1.0,random,0.779,0.56,0.12334801762114538,0.12,5000,0.2324,0,0,0,0,0.0,0.0,0.0,0.0,4,ppdai_imb77,gbdt
1,1.0,random,0.7691803278688525,0.6268656716417911,0.11382113821138211,0.2537313432835821,7623,0.2311425947789584,169,169,95,74,0.5621301775147929,0.5621301775147929,95.0,0.6356772151444876,4,ppdai_imb77,gbdt
2,1.0,random,0.7878048780487805,0.627906976744186,0.11816192560175055,0.2558139534883721,10246,0.23218817099355846,122,122,72,50,0.5901639344262295,0.5901639344262295,72.0,0.6378245050330634,4,ppdai_imb77,gbdt
3,1.0,random,0.7828282828282829,0.6176470588235294,0.10806174957118353,0.23529411764705882,12869,0.2279120366772865,124,124,67,57,0.5403225806451613,0.5403225806451613,67.0,0.61279239984448,4,ppdai_imb77,gbdt
4,1.0,random,0.7799290093578574,0.672,0.11586206896551725,0.344,15492,0.22631035373095792,101,101,63,38,0.6237623762376238,0.6237623762376238,63.0,0.6111410466128979,4,ppdai_imb77,gbdt
5,1.0,random,0.7692520011040574,0.6293706293706294,0.10309278350515463,0.25874125874125875,18115,0.22798785536847915,127,127,74,53,0.5826771653543307,0.5826771653543307,74.0,0.5893090682535617,4,ppdai_imb77,gbdt
6,1.0,random,0.781099324975892,0.6309523809523809,0.11134453781512606,0.2619047619047619,20738,0.22697463593403414,97,97,61,36,0.6288659793814433,0.6288659793814433,61.0,0.5999410438298077,4,ppdai_imb77,gbdt
7,1.0,random,0.7804408303017334,0.6534090909090909,0.10648148148148148,0.3068181818181818,23361,0.22695946235178288,89,89,52,37,0.5842696629213483,0.5842696629213483,52.0,0.6137650191862513,4,ppdai_imb77,gbdt
8,1.0,random,0.7816047719838368,0.6018957345971564,0.10780984719864177,0.2037914691943128,25984,0.22860221674876846,96,96,56,40,0.5833333333333334,0.5833333333333334,56.0,0.5918524087240115,4,ppdai_imb77,gbdt
9,1.0,random,0.7850401957357567,0.6221198156682027,0.10522213561964147,0.24423963133640553,28607,0.23071276261054988,90,90,51,39,0.5666666666666667,0.5666666666666667,51.0,0.6102633744916284,4,ppdai_imb77,gbdt
10,1.0,random,0.7806596221581812,0.6081081081081081,0.09520451339915374,0.21621621621621623,31230,0.23000320204931157,89,89,54,35,0.6067415730337079,0.6067415730337079,54.0,0.5966779061703879,4,ppdai_imb77,gbdt
0,0.0,most_risky,0.804,0.7021276595744681,0.15348837209302327,0.40425531914893614,5000,0.2248,0,0,0,0,0.0,0.0,0.0,0.0,0,ppdai_imb77,gbdt
1,0.0,most_risky,0.7730590577305906,0.6382978723404256,0.08450704225352113,0.2765957446808511,7535,0.2242866622428666,88,0,0,0,0.0,0.0,0.0,0.0,0,ppdai_imb77,gbdt
2,0.0,most_risky,0.8,0.7142857142857143,0.08254716981132075,0.42857142857142855,10074,0.2194758784991066,84,0,0,0,0.0,0.0,0.0,0.0,0,ppdai_imb77,gbdt
3,0.0,most_risky,0.789515488482923,0.5441176470588235,0.06902985074626866,0.08823529411764706,12590,0.218109610802224,107,0,0,0,0.0,0.0,0.0,0.0,0,ppdai_imb77,gbdt
4,0.0,most_risky,0.7879589811445584,0.56,0.06461538461538462,0.12,15112,0.2187665431445209,101,0,0,0,0.0,0.0,0.0,0.0,0,ppdai_imb77,gbdt
5,0.0,most_risky,0.7835694050991502,0.573170731707317,0.06056701030927835,0.14634146341463414,17647,0.2188473961579872,88,0,0,0,0.0,0.0,0.0,0.0,0,ppdai_imb77,gbdt
6,0.0,most_risky,0.7878712871287129,0.5256410256410257,0.047619047619047616,0.05128205128205128,20199,0.21808010297539482,71,0,0,0,0.0,0.0,0.0,0.0,0,ppdai_imb77,gbdt
7,0.0,most_risky,0.7836887227962189,0.5428571428571428,0.03838383838383838,0.08571428571428572,22744,0.22054168132254662,78,0,0,0,0.0,0.0,0.0,0.0,0,ppdai_imb77,gbdt
8,0.0,most_risky,0.7810522151898734,0.6268656716417911,0.037366548042704624,0.2537313432835821,25277,0.21897377062151363,90,0,0,0,0.0,0.0,0.0,0.0,0,ppdai_imb77,gbdt
9,0.0,most_risky,0.7823508267433501,0.580952380952381,0.0496742671009772,0.1619047619047619,27817,0.21914656505014918,83,0,0,0,0.0,0.0,0.0,0.0,0,ppdai_imb77,gbdt
10,0.0,most_risky,0.7789126853377265,0.611764705882353,0.03820720058780309,0.2235294117647059,30348,0.21928957427178067,92,0,0,0,0.0,0.0,0.0,0.0,0,ppdai_imb77,gbdt
0,0.0,most_risky,0.759,0.5,0.08298755186721991,0.0,5000,0.2366,0,0,0,0,0.0,0.0,0.0,0.0,1,ppdai_imb77,gbdt
1,0.0,most_risky,0.76657824933687,0.6341463414634146,0.07162534435261708,0.2682926829268293,7538,0.22870788007429027,85,0,0,0,0.0,0.0,0.0,0.0,1,ppdai_imb77,gbdt
2,0.0,most_risky,0.7880893300248138,0.5789473684210527,0.07568807339449542,0.15789473684210525,10073,0.2281346172937556,88,0,0,0,0.0,0.0,0.0,0.0,1,ppdai_imb77,gbdt
3,0.0,most_risky,0.7679207920792079,0.5333333333333333,0.04074702886247878,0.06666666666666667,12624,0.22679024081115337,72,0,0,0,0.0,0.0,0.0,0.0,1,ppdai_imb77,gbdt
4,0.0,most_risky,0.7757655581165624,0.5862068965517241,0.049204052098408106,0.1724137931034483,15184,0.22457850368809273,63,0,0,0,0.0,0.0,0.0,0.0,1,ppdai_imb77,gbdt
5,0.0,most_risky,0.7818848758465011,0.5740740740740741,0.03969270166453265,0.14814814814814814,17717,0.22238527967488853,90,0,0,0,0.0,0.0,0.0,0.0,1,ppdai_imb77,gbdt
6,0.0,most_risky,0.7793682132280355,0.5396825396825397,0.03781979977753059,0.07936507936507936,20259,0.2228639123352584,81,0,0,0,0.0,0.0,0.0,0.0,1,ppdai_imb77,gbdt
7,0.0,most_risky,0.7790442788250768,0.5176470588235295,0.043521266073194856,0.03529411764705882,22807,0.22278247906344542,75,0,0,0,0.0,0.0,0.0,0.0,1,ppdai_imb77,gbdt
8,0.0,most_risky,0.7761782685860777,0.5824175824175825,0.04608695652173913,0.16483516483516483,25353,0.22163057626316413,77,0,0,0,0.0,0.0,0.0,0.0,1,ppdai_imb77,gbdt
9,0.0,most_risky,0.7755686906680996,0.5339805825242718,0.04365079365079365,0.06796116504854369,27911,0.22220629859195298,65,0,0,0,0.0,0.0,0.0,0.0,1,ppdai_imb77,gbdt
10,0.0,most_risky,0.781973403382039,0.5784313725490197,0.04389880952380952,0.1568627450980392,30451,0.22015697349840727,83,0,0,0,0.0,0.0,0.0,0.0,1,ppdai_imb77,gbdt
0,0.0,most_risky,0.785,0.4883720930232558,0.09813084112149532,-0.023255813953488372,5000,0.2286,0,0,0,0,0.0,0.0,0.0,0.0,2,ppdai_imb77,gbdt
1,0.0,most_risky,0.7965310206804537,0.625,0.109717868338558,0.25,7492,0.22330485851575013,131,0,0,0,0.0,0.0,0.0,0.0,2,ppdai_imb77,gbdt
2,0.0,most_risky,0.7915831663326653,0.5172413793103449,0.07177033492822966,0.034482758620689655,9980,0.21953907815631263,135,0,0,0,0.0,0.0,0.0,0.0,2,ppdai_imb77,gbdt
3,0.0,most_risky,0.7877452943532238,0.5147058823529411,0.06578947368421052,0.029411764705882353,12482,0.21623137317737542,121,0,0,0,0.0,0.0,0.0,0.0,2,ppdai_imb77,gbdt
4,0.0,most_risky,0.7891927951967979,0.5333333333333333,0.06279434850863422,0.06666666666666667,14990,0.21841227484989995,115,0,0,0,0.0,0.0,0.0,0.0,2,ppdai_imb77,gbdt
5,0.0,most_risky,0.7986864648772131,0.5932203389830508,0.04888268156424581,0.1864406779661017,17508,0.21732922092757598,105,0,0,0,0.0,0.0,0.0,0.0,2,ppdai_imb77,gbdt
6,0.0,most_risky,0.791958041958042,0.5211267605633803,0.04425837320574163,0.04225352112676056,20019,0.2166441880213797,112,0,0,0,0.0,0.0,0.0,0.0,2,ppdai_imb77,gbdt
7,0.0,most_risky,0.7880266075388027,0.7169811320754716,0.03881511746680286,0.4339622641509434,22549,0.21690540600470087,93,0,0,0,0.0,0.0,0.0,0.0,2,ppdai_imb77,gbdt
8,0.0,most_risky,0.790711580625872,0.6610169491525424,0.03648269410664172,0.3220338983050847,25081,0.21773454009010804,91,0,0,0,0.0,0.0,0.0,0.0,2,ppdai_imb77,gbdt
9,0.0,most_risky,0.7913799348062296,0.6756756756756757,0.042444821731748725,0.35135135135135137,27607,0.21682906509218677,97,0,0,0,0.0,0.0,0.0,0.0,2,ppdai_imb77,gbdt
10,0.0,most_risky,0.7889497262319562,0.6229508196721312,0.029526029526029528,0.2459016393442623,30131,0.21728452424413394,99,0,0,0,0.0,0.0,0.0,0.0,2,ppdai_imb77,gbdt
0,0.0,most_risky,0.774,0.5416666666666666,0.11304347826086956,0.08333333333333333,5000,0.2296,0,0,0,0,0.0,0.0,0.0,0.0,3,ppdai_imb77,gbdt
1,0.0,most_risky,0.7777777777777778,0.4807692307692308,0.07530120481927711,-0.038461538461538464,7512,0.22630457933972312,111,0,0,0,0.0,0.0,0.0,0.0,3,ppdai_imb77,gbdt
2,0.0,most_risky,0.7902097902097902,0.5769230769230769,0.07009345794392523,0.15384615384615385,10010,0.22247752247752248,125,0,0,0,0.0,0.0,0.0,0.0,3,ppdai_imb77,gbdt
3,0.0,most_risky,0.7817238627294493,0.5614035087719298,0.05776173285198556,0.12280701754385964,12527,0.223277720124531,106,0,0,0,0.0,0.0,0.0,0.0,3,ppdai_imb77,gbdt
4,0.0,most_risky,0.7863077434363576,0.6,0.07283763277693475,0.2,15043,0.22249551286312572,107,0,0,0,0.0,0.0,0.0,0.0,3,ppdai_imb77,gbdt
5,0.0,most_risky,0.7828067179049246,0.546875,0.045513654096228866,0.09375,17563,0.22137448044183797,103,0,0,0,0.0,0.0,0.0,0.0,3,ppdai_imb77,gbdt
6,0.0,most_risky,0.7796863330843914,0.5897435897435898,0.05116796440489433,0.1794871794871795,20082,0.22034657902599342,104,0,0,0,0.0,0.0,0.0,0.0,3,ppdai_imb77,gbdt
7,0.0,most_risky,0.7889036251105217,0.5857142857142857,0.04239917269906929,0.17142857142857143,22619,0.21910782970069412,86,0,0,0,0.0,0.0,0.0,0.0,3,ppdai_imb77,gbdt
8,0.0,most_risky,0.7920890479030014,0.5569620253164557,0.04170616113744076,0.11392405063291139,25153,0.21814495288832347,89,0,0,0,0.0,0.0,0.0,0.0,3,ppdai_imb77,gbdt
9,0.0,most_risky,0.7871725383920506,0.5111111111111111,0.03898305084745763,0.022222222222222223,27672,0.218235039028621,104,0,0,0,0.0,0.0,0.0,0.0,3,ppdai_imb77,gbdt
10,0.0,most_risky,0.7899619016067583,0.48936170212765956,0.036334913112164295,-0.02127659574468085,30185,0.21795593837999006,110,0,0,0,0.0,0.0,0.0,0.0,3,ppdai_imb77,gbdt
0,0.0,most_risky,0.779,0.56,0.12334801762114538,0.12,5000,0.2324,0,0,0,0,0.0,0.0,0.0,0.0,4,ppdai_imb77,gbdt
1,0.0,most_risky,0.7605633802816901,0.52,0.07242339832869081,0.04,7454,0.22363831499865844,169,0,0,0,0.0,0.0,0.0,0.0,4,ppdai_imb77,gbdt
2,0.0,most_risky,0.7928607340372046,0.609375,0.09154929577464789,0.21875,9941,0.22130570365154412,136,0,0,0,0.0,0.0,0.0,0.0,4,ppdai_imb77,gbdt
3,0.0,most_risky,0.780281690140845,0.5087719298245614,0.05301645338208409,0.017543859649122806,12422,0.21598776364514571,142,0,0,0,0.0,0.0,0.0,0.0,4,ppdai_imb77,gbdt
4,0.0,most_risky,0.7962466487935657,0.5714285714285714,0.05834683954619125,0.14285714285714285,14919,0.21362021583216034,126,0,0,0,0.0,0.0,0.0,0.0,4,ppdai_imb77,gbdt
5,0.0,most_risky,0.7706000574217629,0.5833333333333334,0.051787916152897656,0.16666666666666666,17414,0.21471230044791548,128,0,0,0,0.0,0.0,0.0,0.0,4,ppdai_imb77,gbdt
6,0.0,most_risky,0.7773878164953623,0.5789473684210527,0.03678929765886288,0.15789473684210525,19944,0.2136983553951063,93,0,0,0,0.0,0.0,0.0,0.0,4,ppdai_imb77,gbdt
7,0.0,most_risky,0.7853170189098999,0.5254237288135594,0.03202479338842975,0.05084745762711865,22474,0.21353564118536977,93,0,0,0,0.0,0.0,0.0,0.0,4,ppdai_imb77,gbdt
8,0.0,most_risky,0.792,0.5757575757575758,0.03619047619047619,0.15151515151515152,24999,0.21520860834433378,98,0,0,0,0.0,0.0,0.0,0.0,4,ppdai_imb77,gbdt
9,0.0,most_risky,0.7936104556180795,0.5757575757575758,0.03312990409764603,0.15151515151515152,27544,0.21768806273598607,78,0,0,0,0.0,0.0,0.0,0.0,4,ppdai_imb77,gbdt
10,0.0,most_risky,0.78563113254615,0.5176470588235295,0.034055727554179564,0.03529411764705882,30063,0.21701094368492832,104,0,0,0,0.0,0.0,0.0,0.0,4,ppdai_imb77,gbdt
0,0.01,most_risky,0.804,0.7021276595744681,0.15348837209302327,0.40425531914893614,5000,0.2248,0,0,0,0,0.0,0.0,0.0,0.0,0,ppdai_imb77,gbdt
1,0.01,most_risky,0.7884615384615384,0.5789473684210527,0.10060975609756098,0.15789473684210525,7536,0.22425690021231423,88,1,0,1,0.0,0.5454545454545454,0.0,0.8738392619513377,0,ppdai_imb77,gbdt
2,0.01,most_risky,0.7932405566600398,0.5370370370370371,0.06904761904761905,0.07407407407407407,10060,0.2187872763419483,100,1,1,0,1.0,0.62,1.0,0.8862357993011902,0,ppdai_imb77,gbdt
3,0.01,most_risky,0.7860834990059642,0.546875,0.06433823529411764,0.09375,12571,0.2171664943123061,114,2,2,0,1.0,0.5964912280701754,2.0,0.849819804674784,0,ppdai_imb77,gbdt
4,0.01,most_risky,0.7891426679907315,0.6140350877192983,0.05384615384615385,0.22807017543859648,15101,0.21813124958612012,94,1,1,0,1.0,0.6382978723404256,1.0,0.8900142517937304,0,ppdai_imb77,gbdt
5,0.01,most_risky,0.7911589685463304,0.5125,0.05548037889039242,0.025,17643,0.2182168565436717,82,1,0,1,0.0,0.6097560975609756,0.0,0.8363534070761892,0,ppdai_imb77,gbdt
6,0.01,most_risky,0.7845468053491828,0.5873015873015873,0.04199772985244041,0.1746031746031746,20188,0.217753120665742,79,1,1,0,1.0,0.45569620253164556,1.0,0.7909115357791228,0,ppdai_imb77,gbdt
7,0.01,most_risky,0.7785839929639402,0.5952380952380952,0.04887585532746823,0.19047619047619047,22738,0.22051191837452722,74,1,1,0,1.0,0.6891891891891891,1.0,0.8064224299770569,0,ppdai_imb77,gbdt
8,0.01,most_risky,0.7857990506329114,0.5675675675675675,0.0384263494967978,0.13513513513513514,25276,0.2188637442633328,86,1,0,1,0.0,0.5697674418604651,0.0,0.8235575388366518,0,ppdai_imb77,gbdt
9,0.01,most_risky,0.7857271256516268,0.5882352941176471,0.041425020712510356,0.17647058823529413,27812,0.2190061843808428,88,1,1,0,1.0,0.6022727272727273,1.0,0.7853106257072422,0,ppdai_imb77,gbdt
10,0.01,most_risky,0.7857025201778949,0.6707317073170732,0.04138449962377728,0.34146341463414637,30351,0.21933379460314323,85,1,0,1,0.0,0.6588235294117647,0.0,0.8638815925630613,0,ppdai_imb77,gbdt
0,0.01,most_risky,0.759,0.5,0.08298755186721991,0.0,5000,0.2366,0,0,0,0,0.0,0.0,0.0,0.0,1,ppdai_imb77,gbdt
1,0.01,most_risky,0.769893899204244,0.5365853658536586,0.06285714285714286,0.07317073170731707,7539,0.22881018702745723,85,1,1,0,1.0,0.49411764705882355,1.0,0.9317984075415197,1,ppdai_imb77,gbdt
2,0.01,most_risky,0.7764005949429846,0.6363636363636364,0.06047516198704104,0.2727272727272727,10085,0.228854734754586,78,1,1,0,1.0,0.6282051282051282,1.0,0.9378356137441903,1,ppdai_imb77,gbdt
3,0.01,most_risky,0.7776898734177216,0.6938775510204082,0.058519793459552494,0.3877551020408163,12639,0.22731228736450668,70,1,1,0,1.0,0.6,1.0,0.777088842278717,1,ppdai_imb77,gbdt
4,0.01,most_risky,0.7723978919631094,0.6071428571428571,0.04836415362731152,0.21428571428571427,15180,0.2248353096179183,83,1,0,1,0.0,0.5662650602409639,0.0,0.8102956707525678,1,ppdai_imb77,gbdt
5,0.01,most_risky,0.7765867418899859,0.5606060606060606,0.04625,0.12121212121212122,17725,0.22296191819464034,79,1,0,1,0.0,0.5569620253164557,0.0,0.8454695796740204,1,ppdai_imb77,gbdt
6,0.01,most_risky,0.7648655317049099,0.6190476190476191,0.040289256198347105,0.23809523809523808,20262,0.2231763893001678,87,1,1,0,1.0,0.6436781609195402,1.0,0.78401276074783,1,ppdai_imb77,gbdt
7,0.01,most_risky,0.7778264680105171,0.5054945054945055,0.04532019704433497,0.01098901098901099,22817,0.22329841784634263,69,1,1,0,1.0,0.6666666666666666,1.0,0.7926701832400981,1,ppdai_imb77,gbdt
8,0.01,most_risky,0.7767910005920663,0.5875,0.04104803493449782,0.175,25333,0.22176607586941932,109,2,1,1,0.5,0.6422018348623854,1.0,0.848160401633395,1,ppdai_imb77,gbdt
9,0.01,most_risky,0.777120315581854,0.5752212389380531,0.051587301587301584,0.1504424778761062,27881,0.22233779276209606,76,1,1,0,1.0,0.5789473684210527,1.0,0.8742913461599416,1,ppdai_imb77,gbdt
10,0.01,most_risky,0.7793488983886879,0.5402298850574713,0.034840622683469234,0.08045977011494253,30407,0.219883579438945,98,1,0,1,0.0,0.6530612244897959,0.0,0.843145694521249,1,ppdai_imb77,gbdt
0,0.01,most_risky,0.785,0.4883720930232558,0.09813084112149532,-0.023255813953488372,5000,0.2286,0,0,0,0,0.0,0.0,0.0,0.0,2,ppdai_imb77,gbdt
1,0.01,most_risky,0.7931954636424283,0.6190476190476191,0.12,0.23809523809523808,7494,0.22351214304777156,131,2,2,0,1.0,0.6259541984732825,2.0,0.8863729551466755,2,ppdai_imb77,gbdt
2,0.01,most_risky,0.8095238095238095,0.5245901639344263,0.0835509138381201,0.04918032786885246,9972,0.21871239470517448,147,2,1,1,0.5,0.564625850340136,1.0,0.8758363442458083,2,ppdai_imb77,gbdt
3,0.01,most_risky,0.7892628205128205,0.5283018867924528,0.052930056710775046,0.05660377358490566,12476,0.2156941327348509,121,2,2,0,1.0,0.5454545454545454,2.0,0.8396772729919544,2,ppdai_imb77,gbdt
4,0.01,most_risky,0.7961294627961295,0.6060606060606061,0.064,0.21212121212121213,14982,0.21759444666933653,119,2,0,2,0.0,0.5210084033613446,0.0,0.852492050699139,2,ppdai_imb77,gbdt
5,0.01,most_risky,0.7972587093089663,0.6153846153846154,0.05517241379310345,0.23076923076923078,17509,0.21646010623108117,97,1,1,0,1.0,0.6391752577319587,1.0,0.7931704436665558,2,ppdai_imb77,gbdt
6,0.01,most_risky,0.7898152770843735,0.5138888888888888,0.04383886255924171,0.027777777777777776,20029,0.21613660192720555,105,2,1,1,0.5,0.5714285714285714,1.0,0.8820982780168259,2,ppdai_imb77,gbdt
7,0.01,most_risky,0.7864421798848028,0.6666666666666666,0.028629856850715747,0.3333333333333333,22567,0.21651083440421856,86,1,1,0,1.0,0.6395348837209303,1.0,0.8284032857471151,2,ppdai_imb77,gbdt
8,0.01,most_risky,0.7957395978498905,0.5789473684210527,0.03188405797101449,0.15789473684210525,25111,0.2176337063438334,80,1,0,1,0.0,0.625,0.0,0.8410463039478299,2,ppdai_imb77,gbdt
9,0.01,most_risky,0.7921866521975041,0.5970149253731343,0.03442340791738382,0.19402985074626866,27644,0.21650267689191144,91,1,0,1,0.0,0.6703296703296703,0.0,0.8335351685501526,2,ppdai_imb77,gbdt
10,0.01,most_risky,0.7838688307386552,0.6666666666666666,0.033157498116051246,0.3333333333333333,30190,0.21725736999006293,78,1,1,0,1.0,0.6666666666666666,1.0,0.7913447807349852,2,ppdai_imb77,gbdt
0,0.01,most_risky,0.774,0.5416666666666666,0.11304347826086956,0.08333333333333333,5000,0.2296,0,0,0,0,0.0,0.0,0.0,0.0,3,ppdai_imb77,gbdt
1,0.01,most_risky,0.782435129740519,0.5102040816326531,0.07621951219512195,0.02040816326530612,7514,0.22651051370774555,111,2,2,0,1.0,0.5135135135135135,2.0,0.877393095132175,3,ppdai_imb77,gbdt
2,0.01,most_risky,0.7877122877122877,0.6181818181818182,0.0776255707762557,0.23636363636363636,10006,0.22276634019588248,133,2,2,0,1.0,0.5789473684210527,2.0,0.9056461140221935,3,ppdai_imb77,gbdt
3,0.01,most_risky,0.7848303393213573,0.5909090909090909,0.07078039927404718,0.18181818181818182,12523,0.2227900662780484,108,2,0,2,0.0,0.5925925925925926,0.0,0.8834395046030711,3,ppdai_imb77,gbdt
4,0.01,most_risky,0.789561170212766,0.6896551724137931,0.061068702290076333,0.3793103448275862,15036,0.22186751795690343,112,2,1,1,0.5,0.5357142857142857,1.0,0.8360985783711361,3,ppdai_imb77,gbdt
5,0.01,most_risky,0.7844141069397043,0.625,0.04533678756476684,0.25,17579,0.22111610444280108,81,1,1,0,1.0,0.5802469135802469,1.0,0.8114293405301433,3,ppdai_imb77,gbdt
6,0.01,most_risky,0.7799602187966186,0.6271186440677966,0.04111111111111111,0.2542372881355932,20108,0.2203103242490551,95,1,1,0,1.0,0.5789473684210527,1.0,0.8821117404232925,3,ppdai_imb77,gbdt
7,0.01,most_risky,0.7843267108167771,0.5846153846153846,0.038461538461538464,0.16923076923076924,22647,0.2194551154678324,85,1,1,0,1.0,0.5529411764705883,1.0,0.8326447302251384,3,ppdai_imb77,gbdt
8,0.01,most_risky,0.7955132023029581,0.625,0.05228136882129278,0.25,25181,0.21853778642627378,90,1,1,0,1.0,0.6111111111111112,1.0,0.8293061221173242,3,ppdai_imb77,gbdt
9,0.01,most_risky,0.7935390723696084,0.5747126436781609,0.043215211754537596,0.14942528735632185,27704,0.2184883049379151,102,2,1,1,0.5,0.6666666666666666,1.0,0.8415398835396877,3,ppdai_imb77,gbdt
10,0.01,most_risky,0.7903092442533488,0.6153846153846154,0.03732503888024884,0.23076923076923078,30232,0.21831172267795712,96,1,0,1,0.0,0.65625,0.0,0.7917041235969107,3,ppdai_imb77,gbdt
0,0.01,most_risky,0.779,0.56,0.12334801762114538,0.12,5000,0.2324,0,0,0,0,0.0,0.0,0.0,0.0,4,ppdai_imb77,gbdt
1,0.01,most_risky,0.7754691689008043,0.64,0.09169054441260745,0.28,7456,0.22384656652360516,169,2,2,0,1.0,0.5621301775147929,2.0,0.8940635824130242,4,ppdai_imb77,gbdt
2,0.01,most_risky,0.7868275515334339,0.5740740740740741,0.07175925925925926,0.14814814814814814,9943,0.22236749471990344,138,2,1,1,0.5,0.5507246376811594,1.0,0.905010737421122,4,ppdai_imb77,gbdt
3,0.01,most_risky,0.7929232006433454,0.5636363636363636,0.05938697318007663,0.12727272727272726,12432,0.21685971685971686,136,2,1,1,0.5,0.5147058823529411,1.0,0.8335026351365483,4,ppdai_imb77,gbdt
4,0.01,most_risky,0.7877469032474054,0.5757575757575758,0.059006211180124224,0.15151515151515152,14933,0.214290497555749,124,2,2,0,1.0,0.5725806451612904,2.0,0.8389980443760441,4,ppdai_imb77,gbdt
5,0.01,most_risky,0.7773000859845228,0.6071428571428571,0.06415094339622641,0.21428571428571427,17443,0.21555925012899158,115,2,2,0,1.0,0.5739130434782609,2.0,0.8333142887241431,4,ppdai_imb77,gbdt
6,0.01,most_risky,0.78542814221332,0.6142857142857143,0.049255441008018326,0.22857142857142856,19969,0.2143322149331464,98,1,1,0,1.0,0.5918367346938775,1.0,0.8104559145587367,4,ppdai_imb77,gbdt
7,0.01,most_risky,0.7912869526561458,0.6081081081081081,0.04712041884816754,0.21621621621621623,22494,0.21401262558904596,99,1,0,1,0.0,0.6161616161616161,0.0,0.7792180141609132,4,ppdai_imb77,gbdt
8,0.01,most_risky,0.793365307753797,0.7058823529411765,0.034123222748815164,0.4117647058823529,25020,0.21558752997601918,98,1,1,0,1.0,0.6020408163265306,1.0,0.8409208753601133,4,ppdai_imb77,gbdt
9,0.01,most_risky,0.797133006713845,0.6666666666666666,0.040315512708150744,0.3333333333333333,27555,0.21800036291054256,89,1,0,1,0.0,0.5280898876404494,0.0,0.791898603556362,4,ppdai_imb77,gbdt
10,0.01,most_risky,0.7894561782803925,0.5952380952380952,0.0390015600624025,0.19047619047619047,30064,0.21730308674827037,116,2,2,0,1.0,0.5086206896551724,2.0,0.810217861033395,4,ppdai_imb77,gbdt
0,0.02,most_risky,0.804,0.7021276595744681,0.15348837209302327,0.40425531914893614,5000,0.2248,0,0,0,0,0.0,0.0,0.0,0.0,0,ppdai_imb77,gbdt
1,0.02,most_risky,0.786472148541114,0.5319148936170213,0.07692307692307693,0.06382978723404255,7537,0.22435982486400424,88,2,1,1,0.5,0.5454545454545454,1.0,0.8737254858849034,0,ppdai_imb77,gbdt
2,0.02,most_risky,0.7848981619473423,0.5384615384615384,0.06407322654462243,0.07692307692307693,10061,0.2189643176622602,102,3,3,0,1.0,0.6176470588235294,3.0,0.841111462878552,0,ppdai_imb77,gbdt
3,0.02,most_risky,0.7926102502979738,0.515625,0.06297709923664122,0.03125,12582,0.21769194086790652,105,3,3,0,1.0,0.5904761904761905,3.0,0.8389735714657937,0,ppdai_imb77,gbdt
4,0.02,most_risky,0.8025140588819054,0.6666666666666666,0.06796116504854369,0.3333333333333333,15113,0.2184873949579832,94,2,2,0,1.0,0.6595744680851063,2.0,0.891966160063691,0,ppdai_imb77,gbdt
5,0.02,most_risky,0.7915604644576607,0.5333333333333333,0.05398110661268556,0.06666666666666667,17653,0.21871636549028495,85,2,1,1,0.5,0.5647058823529412,1.0,0.8344759517755562,0,ppdai_imb77,gbdt
6,0.02,most_risky,0.7835230084116774,0.5333333333333333,0.05448354143019296,0.06666666666666667,20208,0.21842834520981788,70,2,2,0,1.0,0.42857142857142855,2.0,0.8132715198694611,0,ppdai_imb77,gbdt
7,0.02,most_risky,0.7911628929435041,0.5280898876404494,0.049214659685863874,0.056179775280898875,22744,0.22089342244108337,89,2,1,1,0.5,0.6629213483146067,1.0,0.8359917051301085,0,ppdai_imb77,gbdt
8,0.02,most_risky,0.7890053391338738,0.6111111111111112,0.040627885503231764,0.2222222222222222,25282,0.21932600268966063,87,2,2,0,1.0,0.5517241379310345,2.0,0.77982235755196,0,ppdai_imb77,gbdt
9,0.02,most_risky,0.7956506110711719,0.6018518518518519,0.056082830025884385,0.2037037037037037,27817,0.2194701082072114,90,2,2,0,1.0,0.5888888888888889,2.0,0.8490682425502534,0,ppdai_imb77,gbdt
10,0.02,most_risky,0.7827949901120633,0.6,0.04484304932735426,0.2,30336,0.21944224683544303,107,3,2,1,0.6666666666666666,0.6728971962616822,2.0,0.7941235129104575,0,ppdai_imb77,gbdt
0,0.02,most_risky,0.759,0.5,0.08298755186721991,0.0,5000,0.2366,0,0,0,0,0.0,0.0,0.0,0.0,1,ppdai_imb77,gbdt
1,0.02,most_risky,0.7652519893899205,0.5238095238095238,0.06179775280898876,0.047619047619047616,7540,0.22877984084880637,85,2,1,1,0.5,0.49411764705882355,1.0,0.8956196153706977,1,ppdai_imb77,gbdt
2,0.02,most_risky,0.789786812097174,0.627906976744186,0.06206896551724138,0.2558139534883721,10085,0.228854734754586,80,2,1,1,0.5,0.6125,1.0,0.8339890513912778,1,ppdai_imb77,gbdt
3,0.02,most_risky,0.7758007117437722,0.5531914893617021,0.045454545454545456,0.10638297872340426,12642,0.22757475083056478,68,2,2,0,1.0,0.5735294117647058,2.0,0.7982974800354095,1,ppdai_imb77,gbdt
4,0.02,most_risky,0.7743421052631579,0.5423728813559322,0.04630969609261939,0.0847457627118644,15200,0.22539473684210526,67,2,1,1,0.5,0.582089552238806,1.0,0.800048000759596,1,ppdai_imb77,gbdt
5,0.02,most_risky,0.7830374753451677,0.5581395348837209,0.06153846153846154,0.11627906976744186,17741,0.22343723578152302,84,2,1,1,0.5,0.5476190476190477,1.0,0.8539181928371462,1,ppdai_imb77,gbdt
6,0.02,most_risky,0.7830374753451677,0.6133333333333333,0.05128205128205128,0.22666666666666666,20280,0.22366863905325443,86,2,2,0,1.0,0.6395348837209303,2.0,0.8015029602909407,1,ppdai_imb77,gbdt
7,0.02,most_risky,0.7812089356110381,0.47,0.0473313192346425,-0.06,22828,0.22367268267040477,77,2,2,0,1.0,0.6493506493506493,2.0,0.7462374492517696,1,ppdai_imb77,gbdt
8,0.02,most_risky,0.77534516765286,0.5054945054945055,0.04035087719298246,0.01098901098901099,25350,0.22216962524654832,104,3,3,0,1.0,0.6634615384615384,3.0,0.8475858948010576,1,ppdai_imb77,gbdt
9,0.02,most_risky,0.787378988884905,0.5769230769230769,0.037562604340567615,0.15384615384615385,27890,0.2224094657583363,85,2,2,0,1.0,0.6470588235294118,2.0,0.846321350367212,1,ppdai_imb77,gbdt
10,0.02,most_risky,0.7876397107166337,0.5632183908045977,0.03760552570990023,0.12643678160919541,30419,0.22009270521713403,96,2,1,1,0.5,0.625,1.0,0.8387056581293505,1,ppdai_imb77,gbdt
0,0.02,most_risky,0.785,0.4883720930232558,0.09813084112149532,-0.023255813953488372,5000,0.2286,0,0,0,0,0.0,0.0,0.0,0.0,2,ppdai_imb77,gbdt
1,0.02,most_risky,0.7945296864576384,0.660377358490566,0.1076923076923077,0.32075471698113206,7495,0.22361574382921948,131,3,3,0,1.0,0.6259541984732825,3.0,0.8725587382875132,2,ppdai_imb77,gbdt
2,0.02,most_risky,0.7922922922922923,0.5357142857142857,0.07159904534606205,0.07142857142857142,9990,0.21901901901901902,131,3,1,2,0.3333333333333333,0.5877862595419847,1.0,0.8292543646499784,2,ppdai_imb77,gbdt
3,0.02,most_risky,0.7965627498001598,0.6521739130434783,0.05736137667304015,0.30434782608695654,12506,0.21597633136094674,110,3,3,0,1.0,0.5818181818181818,3.0,0.8716016877335956,2,ppdai_imb77,gbdt
4,0.02,most_risky,0.7795144662454273,0.4225352112676056,0.046012269938650305,-0.15492957746478872,15035,0.21822414366478218,96,2,1,1,0.5,0.5416666666666666,1.0,0.8175557006007125,2,ppdai_imb77,gbdt
5,0.02,most_risky,0.7953898690950484,0.5466666666666666,0.05647382920110193,0.09333333333333334,17568,0.21738387978142076,92,2,1,1,0.5,0.5869565217391305,1.0,0.8277141660127059,2,ppdai_imb77,gbdt
6,0.02,most_risky,0.7889497262319562,0.625,0.05196304849884527,0.25,20086,0.2171661854027681,108,3,1,2,0.3333333333333333,0.5185185185185185,1.0,0.8787306918389249,2,ppdai_imb77,gbdt
7,0.02,most_risky,0.7846731448763251,0.6666666666666666,0.04216867469879518,0.3333333333333333,22640,0.21780035335689046,71,2,2,0,1.0,0.6197183098591549,2.0,0.8153021857556826,2,ppdai_imb77,gbdt
8,0.02,most_risky,0.7845940043676791,0.5844155844155844,0.040983606557377046,0.16883116883116883,25184,0.21875,81,2,2,0,1.0,0.654320987654321,2.0,0.7479909896506323,2,ppdai_imb77,gbdt
9,0.02,most_risky,0.7908402452217814,0.5952380952380952,0.04251700680272109,0.19047619047619047,27728,0.21775822273514137,81,2,1,1,0.5,0.654320987654321,1.0,0.7790670662376251,2,ppdai_imb77,gbdt
10,0.02,most_risky,0.7840740128861722,0.6164383561643836,0.033987915407854986,0.2328767123287671,30261,0.21823469151713426,92,2,0,2,0.0,0.6413043478260869,0.0,0.7825225619837306,2,ppdai_imb77,gbdt
0,0.02,most_risky,0.774,0.5416666666666666,0.11304347826086956,0.08333333333333333,5000,0.2296,0,0,0,0,0.0,0.0,0.0,0.0,3,ppdai_imb77,gbdt
1,0.02,most_risky,0.7737857618097139,0.5,0.08235294117647059,0.0,7515,0.22661343978709247,111,3,3,0,1.0,0.5135135135135135,3.0,0.8640958022207529,3,ppdai_imb77,gbdt
2,0.02,most_risky,0.7777222777222778,0.5964912280701754,0.07456140350877193,0.19298245614035087,10007,0.22264414909563307,134,3,3,0,1.0,0.5970149253731343,3.0,0.9003503806885806,3,ppdai_imb77,gbdt
3,0.02,most_risky,0.7869964100518548,0.6551724137931034,0.06884057971014493,0.3103448275862069,12534,0.22331258975586404,98,2,1,1,0.5,0.5612244897959183,1.0,0.8601190192971633,3,ppdai_imb77,gbdt
4,0.02,most_risky,0.7881806108897742,0.6666666666666666,0.0578386605783866,0.3333333333333333,15060,0.22224435590969455,99,2,2,0,1.0,0.5959595959595959,2.0,0.8627154853846332,3,ppdai_imb77,gbdt
5,0.02,most_risky,0.7839295854628052,0.6451612903225806,0.051347881899871634,0.2903225806451613,17609,0.22170481004032028,76,2,2,0,1.0,0.5526315789473685,2.0,0.8239049199518962,3,ppdai_imb77,gbdt
6,0.02,most_risky,0.7800397219463754,0.6875,0.04835164835164835,0.375,20140,0.22075471698113208,94,2,1,1,0.5,0.5957446808510638,1.0,0.8460528035672563,3,ppdai_imb77,gbdt
7,0.02,most_risky,0.7872574955908289,0.5952380952380952,0.0509683995922528,0.19047619047619047,22680,0.21966490299823632,85,2,2,0,1.0,0.611764705882353,2.0,0.8623224948343842,3,ppdai_imb77,gbdt
8,0.02,most_risky,0.7907576358587862,0.6666666666666666,0.046296296296296294,0.3333333333333333,25210,0.21852439508131694,95,2,1,1,0.5,0.6421052631578947,1.0,0.8463638833979175,3,ppdai_imb77,gbdt
9,0.02,most_risky,0.7905259365994236,0.6153846153846154,0.0472972972972973,0.23076923076923078,27759,0.21891998991318132,76,2,1,1,0.5,0.6578947368421053,1.0,0.8487631129876985,3,ppdai_imb77,gbdt
10,0.02,most_risky,0.7877537547450074,0.5151515151515151,0.0395655546935609,0.030303030303030304,30295,0.21878197722396436,89,2,2,0,1.0,0.6853932584269663,2.0,0.8835934375260808,3,ppdai_imb77,gbdt
0,0.02,most_risky,0.779,0.56,0.12334801762114538,0.12,5000,0.2324,0,0,0,0,0.0,0.0,0.0,0.0,4,ppdai_imb77,gbdt
1,0.02,most_risky,0.7667560321715817,0.5869565217391305,0.07584269662921349,0.17391304347826086,7458,0.2240547063555913,169,4,4,0,1.0,0.5621301775147929,4.0,0.8846876749432049,4,ppdai_imb77,gbdt
2,0.02,most_risky,0.7758793969849246,0.6222222222222222,0.061269146608315096,0.24444444444444444,9950,0.22241206030150754,134,3,2,1,0.6666666666666666,0.5746268656716418,2.0,0.8582878307801801,4,ppdai_imb77,gbdt
3,0.02,most_risky,0.7965489566613162,0.5892857142857143,0.06382978723404255,0.17857142857142858,12456,0.2172447013487476,120,3,2,1,0.6666666666666666,0.525,2.0,0.8332669881274836,4,ppdai_imb77,gbdt
4,0.02,most_risky,0.786096256684492,0.6197183098591549,0.0669710806697108,0.23943661971830985,14957,0.2149495219629605,125,3,3,0,1.0,0.536,3.0,0.8733058607387297,4,ppdai_imb77,gbdt
5,0.02,most_risky,0.7902718168812589,0.647887323943662,0.0610079575596817,0.29577464788732394,17474,0.2164358475449239,109,3,2,1,0.6666666666666666,0.5412844036697247,2.0,0.8420672056793602,4,ppdai_imb77,gbdt
6,0.02,most_risky,0.7956021989005497,0.6363636363636364,0.0665083135391924,0.2727272727272727,20008,0.2151639344262295,91,2,2,0,1.0,0.6153846153846154,2.0,0.7895978524090416,4,ppdai_imb77,gbdt
7,0.02,most_risky,0.7916111850865513,0.6901408450704225,0.050724637681159424,0.38028169014084506,22530,0.21509098979138927,104,3,2,1,0.6666666666666666,0.5384615384615384,2.0,0.7903917411526837,4,ppdai_imb77,gbdt
8,0.02,most_risky,0.7810816204350429,0.5797101449275363,0.036101083032490974,0.15942028985507245,25055,0.2165236479744562,100,2,1,1,0.5,0.6,1.0,0.8301232933489175,4,ppdai_imb77,gbdt
9,0.02,most_risky,0.7943095324392896,0.6419753086419753,0.044905008635578586,0.2839506172839506,27589,0.21878284823661603,91,2,0,2,0.0,0.5384615384615384,0.0,0.7970751906256471,4,ppdai_imb77,gbdt
10,0.02,most_risky,0.7904002657365886,0.47474747474747475,0.03739061256961018,-0.050505050505050504,30105,0.21797043680451753,110,3,2,1,0.6666666666666666,0.5363636363636364,2.0,0.8277595990867178,4,ppdai_imb77,gbdt
0,0.05,most_risky,0.804,0.7021276595744681,0.15348837209302327,0.40425531914893614,5000,0.2248,0,0,0,0,0.0,0.0,0.0,0.0,0,ppdai_imb77,gbdt
1,0.05,most_risky,0.7851458885941645,0.4418604651162791,0.05956112852664577,-0.11627906976744186,7540,0.22453580901856765,88,5,3,2,0.6,0.5454545454545454,3.0,0.8460456753159358,0,ppdai_imb77,gbdt
2,0.05,most_risky,0.8046719681908548,0.5714285714285714,0.07,0.14285714285714285,10056,0.21927207637231502,113,6,5,1,0.8333333333333334,0.5752212389380531,5.0,0.8231933327525732,0,ppdai_imb77,gbdt
3,0.05,most_risky,0.7802066772655007,0.5285714285714286,0.06642728904847396,0.05714285714285714,12577,0.21817603562057725,108,6,5,1,0.8333333333333334,0.5648148148148148,5.0,0.7642072544706263,0,ppdai_imb77,gbdt
4,0.05,most_risky,0.786896095301125,0.5692307692307692,0.05666156202143951,0.13846153846153847,15109,0.21900853795750877,96,5,4,1,0.8,0.6458333333333334,4.0,0.8373555024278673,0,ppdai_imb77,gbdt
5,0.05,most_risky,0.794392523364486,0.5263157894736842,0.06839945280437756,0.05263157894736842,17655,0.2193712829226848,82,5,1,4,0.2,0.524390243902439,1.0,0.8462864914529703,0,ppdai_imb77,gbdt
6,0.05,most_risky,0.7875711809853925,0.547945205479452,0.046242774566473986,0.0958904109589041,20191,0.2187113070179783,92,5,2,3,0.4,0.43478260869565216,2.0,0.7580696302407809,0,ppdai_imb77,gbdt
7,0.05,most_risky,0.7860598065083553,0.5625,0.05482233502538071,0.125,22738,0.22125956548509104,81,5,4,1,0.8,0.7037037037037037,4.0,0.7872020088511246,0,ppdai_imb77,gbdt
8,0.05,most_risky,0.7792721518987342,0.5915492957746479,0.03720106288751107,0.18309859154929578,25280,0.21950158227848102,86,5,2,3,0.4,0.5930232558139535,2.0,0.7685390645783453,0,ppdai_imb77,gbdt
9,0.05,most_risky,0.778796046720575,0.6025641025641025,0.03769045709703288,0.20512820512820512,27823,0.21978219458721202,85,5,5,0,1.0,0.5882352941176471,5.0,0.7817394263471409,0,ppdai_imb77,gbdt
10,0.05,most_risky,0.7852205398288348,0.6122448979591837,0.0452147701582517,0.22448979591836735,30379,0.22025083116626618,71,4,4,0,1.0,0.704225352112676,4.0,0.7625448035330408,0,ppdai_imb77,gbdt
0,0.05,most_risky,0.759,0.5,0.08298755186721991,0.0,5000,0.2366,0,0,0,0,0.0,0.0,0.0,0.0,1,ppdai_imb77,gbdt
1,0.05,most_risky,0.7852882703777336,0.5869565217391305,0.08132530120481928,0.17391304347826086,7543,0.22882142383666976,85,5,2,3,0.4,0.49411764705882355,2.0,0.8649273150453574,1,ppdai_imb77,gbdt
2,0.05,most_risky,0.7861386138613862,0.49056603773584906,0.060324825986078884,-0.018867924528301886,10097,0.22887986530652668,73,4,3,1,0.75,0.6712328767123288,3.0,0.8583687601961915,1,ppdai_imb77,gbdt
3,0.05,most_risky,0.7772943037974683,0.5294117647058824,0.04770318021201413,0.058823529411764705,12638,0.22701376800126602,87,5,1,4,0.2,0.5632183908045977,1.0,0.7534186229039148,1,ppdai_imb77,gbdt
4,0.05,most_risky,0.771964461994077,0.5072463768115942,0.05043227665706052,0.014492753623188406,15195,0.22513984863441922,70,4,3,1,0.75,0.5428571428571428,3.0,0.7460477871061805,1,ppdai_imb77,gbdt
5,0.05,most_risky,0.7826944757609922,0.5675675675675675,0.05377720870678617,0.13513513513513514,17738,0.22330589694441313,85,5,4,1,0.8,0.5529411764705883,4.0,0.7774450321520299,1,ppdai_imb77,gbdt
6,0.05,most_risky,0.7789006655163915,0.5342465753424658,0.043237250554323724,0.0684931506849315,20285,0.2239585900912004,80,4,4,0,1.0,0.5875,4.0,0.7816548189671839,1,ppdai_imb77,gbdt
7,0.05,most_risky,0.7849791985986424,0.5510204081632653,0.05443548387096774,0.10204081632653061,22831,0.22381849240068327,82,5,3,2,0.6,0.6585365853658537,3.0,0.7938772761493498,1,ppdai_imb77,gbdt
8,0.05,most_risky,0.7805166633800039,0.5607476635514018,0.05328596802841918,0.12149532710280374,25355,0.22244133307040032,105,6,3,3,0.5,0.6190476190476191,3.0,0.7740236744957852,1,ppdai_imb77,gbdt
9,0.05,most_risky,0.7844858473665353,0.6415094339622641,0.055150040551500405,0.2830188679245283,27908,0.22298265730256558,74,4,3,1,0.75,0.5945945945945946,3.0,0.8008349973550825,1,ppdai_imb77,gbdt
10,0.05,most_risky,0.7832156347511907,0.5686274509803921,0.043478260869565216,0.13725490196078433,30442,0.2207148019184022,94,5,3,2,0.6,0.6170212765957447,3.0,0.7644462001951731,1,ppdai_imb77,gbdt
0,0.05,most_risky,0.785,0.4883720930232558,0.09813084112149532,-0.023255813953488372,5000,0.2286,0,0,0,0,0.0,0.0,0.0,0.0,2,ppdai_imb77,gbdt
1,0.05,most_risky,0.806,0.546875,0.11784511784511785,0.09375,7499,0.22389651953593812,131,7,6,1,0.8571428571428571,0.6259541984732825,6.0,0.8373815101124213,2,ppdai_imb77,gbdt
2,0.05,most_risky,0.8087130696044066,0.5538461538461539,0.09254498714652956,0.1076923076923077,9983,0.21967344485625565,147,8,5,3,0.625,0.5374149659863946,5.0,0.8227612286171375,2,ppdai_imb77,gbdt
3,0.05,most_risky,0.7984775641025641,0.5757575757575758,0.07407407407407407,0.15151515151515152,12479,0.2157224136549403,134,7,7,0,1.0,0.6119402985074627,7.0,0.8279372468467571,2,ppdai_imb77,gbdt
4,0.05,most_risky,0.7972657552517506,0.6285714285714286,0.07028753993610223,0.2571428571428571,14995,0.21807269089696565,113,6,4,2,0.6666666666666666,0.504424778761062,4.0,0.8140552362059635,2,ppdai_imb77,gbdt
5,0.05,most_risky,0.7974900171135196,0.6,0.058011049723756904,0.2,17527,0.21720773663490614,96,5,4,1,0.8,0.6041666666666666,4.0,0.8129857268378033,2,ppdai_imb77,gbdt
6,0.05,most_risky,0.7992518703241895,0.5641025641025641,0.053987730061349694,0.1282051282051282,20049,0.2167689161554192,107,6,3,3,0.5,0.5794392523364486,3.0,0.8208325566464675,2,ppdai_imb77,gbdt
7,0.05,most_risky,0.7849557522123893,0.5970149253731343,0.04060913705583756,0.19402985074626866,22596,0.217427863338644,80,4,3,1,0.75,0.5875,3.0,0.8351432940565509,2,ppdai_imb77,gbdt
8,0.05,most_risky,0.7845204934341424,0.6,0.03828623518687329,0.2,25129,0.2185522702853277,95,5,3,2,0.6,0.5578947368421052,3.0,0.780441775974379,2,ppdai_imb77,gbdt
9,0.05,most_risky,0.7851851851851852,0.5256410256410257,0.03436714165968147,0.05128205128205128,27674,0.2176049721760497,83,5,2,3,0.4,0.6385542168674698,2.0,0.8047103481183668,2,ppdai_imb77,gbdt
10,0.05,most_risky,0.7928181366870759,0.5842696629213483,0.04104183109707971,0.16853932584269662,30212,0.21829074539917914,90,5,3,2,0.6,0.6111111111111112,3.0,0.7779709335552131,2,ppdai_imb77,gbdt
0,0.05,most_risky,0.774,0.5416666666666666,0.11304347826086956,0.08333333333333333,5000,0.2296,0,0,0,0,0.0,0.0,0.0,0.0,3,ppdai_imb77,gbdt
1,0.05,most_risky,0.785904255319149,0.5102040816326531,0.07739938080495357,0.02040816326530612,7518,0.2266560255387071,111,6,4,2,0.6666666666666666,0.5135135135135135,4.0,0.8355439461162812,3,ppdai_imb77,gbdt
2,0.05,most_risky,0.7875311720698255,0.6078431372549019,0.07093821510297482,0.21568627450980393,10025,0.2233416458852868,123,7,5,2,0.7142857142857143,0.5853658536585366,5.0,0.8661785194750911,3,ppdai_imb77,gbdt
3,0.05,most_risky,0.7847748106815464,0.5076923076923077,0.06099815157116451,0.015384615384615385,12544,0.22337372448979592,110,6,2,4,0.3333333333333333,0.5818181818181818,2.0,0.8105756883102702,3,ppdai_imb77,gbdt
4,0.05,most_risky,0.7863304578633046,0.6833333333333333,0.06156156156156156,0.36666666666666664,15069,0.22284159532815714,104,6,5,1,0.8333333333333334,0.5192307692307693,5.0,0.8556046768674378,3,ppdai_imb77,gbdt
5,0.05,most_risky,0.7775568181818182,0.5230769230769231,0.043256997455470736,0.046153846153846156,17597,0.22185599818150822,100,5,5,0,1.0,0.56,5.0,0.7644959895697971,3,ppdai_imb77,gbdt
6,0.05,most_risky,0.7775018624286069,0.5844155844155844,0.04950495049504951,0.16883116883116883,20133,0.22122882829185914,92,5,2,3,0.4,0.532608695652174,2.0,0.82936643437282,3,ppdai_imb77,gbdt
7,0.05,most_risky,0.7824074074074074,0.569620253164557,0.045090180360721446,0.13924050632911392,22677,0.22022313357146006,84,5,4,1,0.8,0.5952380952380952,4.0,0.7789915923221352,3,ppdai_imb77,gbdt
8,0.05,most_risky,0.7848929421094369,0.5555555555555556,0.04113345521023766,0.1111111111111111,25216,0.21918623096446702,89,5,2,3,0.4,0.6292134831460674,2.0,0.79151984041561,3,ppdai_imb77,gbdt
9,0.05,most_risky,0.7879279279279279,0.5402298850574713,0.03969594594594594,0.08045977011494253,27746,0.21902256181071145,98,5,2,3,0.4,0.7040816326530612,2.0,0.7840190355951914,3,ppdai_imb77,gbdt
10,0.05,most_risky,0.785667107001321,0.5824175824175825,0.04036557501904037,0.16483516483516483,30276,0.21905139384330824,98,5,4,1,0.8,0.6020408163265306,4.0,0.8547792239805645,3,ppdai_imb77,gbdt
0,0.05,most_risky,0.779,0.56,0.12334801762114538,0.12,5000,0.2324,0,0,0,0,0.0,0.0,0.0,0.0,4,ppdai_imb77,gbdt
1,0.05,most_risky,0.7722705961152043,0.5909090909090909,0.07471264367816093,0.18181818181818182,7463,0.22390459600696772,169,9,4,5,0.4444444444444444,0.5621301775147929,4.0,0.8600983771650887,4,ppdai_imb77,gbdt
2,0.05,most_risky,0.7929824561403509,0.5932203389830508,0.08254716981132075,0.1864406779661017,9971,0.2230468358238893,122,7,6,1,0.8571428571428571,0.5737704918032787,6.0,0.8090435963286803,4,ppdai_imb77,gbdt
3,0.05,most_risky,0.7895791583166333,0.5862068965517241,0.06355140186915888,0.1724137931034483,12472,0.21744708146247593,129,7,5,2,0.7142857142857143,0.5503875968992248,5.0,0.8235792181772517,4,ppdai_imb77,gbdt
4,0.05,most_risky,0.7847847847847848,0.5949367088607594,0.07121212121212121,0.189873417721519,14983,0.2151104585196556,118,6,6,0,1.0,0.576271186440678,6.0,0.8291394892500447,4,ppdai_imb77,gbdt
5,0.05,most_risky,0.7830808802515005,0.5432098765432098,0.057441253263707574,0.08641975308641975,17494,0.216645707099577,118,6,6,0,1.0,0.5338983050847458,6.0,0.8331336383920092,4,ppdai_imb77,gbdt
6,0.05,most_risky,0.782326510234648,0.5925925925925926,0.05411499436302142,0.18518518518518517,20026,0.21517027863777088,96,5,4,1,0.8,0.6458333333333334,4.0,0.7526082829907922,4,ppdai_imb77,gbdt
7,0.05,most_risky,0.7881675160647019,0.5797101449275363,0.04136504653567735,0.15942028985507245,22562,0.2153177909759773,92,5,2,3,0.4,0.5217391304347826,2.0,0.7983901572043074,4,ppdai_imb77,gbdt
8,0.05,most_risky,0.789599521817095,0.6588235294117647,0.05170821791320406,0.3176470588235294,25094,0.2168645891448155,96,5,3,2,0.6,0.59375,3.0,0.8237840948149481,4,ppdai_imb77,gbdt
9,0.05,most_risky,0.7888929088277858,0.618421052631579,0.039662447257383965,0.23684210526315788,27636,0.21917064698219713,86,5,3,2,0.6,0.5581395348837209,3.0,0.765535942611176,4,ppdai_imb77,gbdt
10,0.05,most_risky,0.7888281120503895,0.5581395348837209,0.037383177570093455,0.11627906976744186,30163,0.2186122070085867,102,6,5,1,0.8333333333333334,0.5,5.0,0.7508318675752085,4,ppdai_imb77,gbdt
0,0.1,most_risky,0.804,0.7021276595744681,0.15348837209302327,0.40425531914893614,5000,0.2248,0,0,0,0,0.0,0.0,0.0,0.0,0,ppdai_imb77,gbdt
1,0.1,most_risky,0.7886017229953611,0.6,0.0911854103343465,0.2,7544,0.22468186638388124,88,9,5,4,0.5555555555555556,0.5454545454545454,5.0,0.8103044801662922,0,ppdai_imb77,gbdt
2,0.1,most_risky,0.7928642220019821,0.5373134328358209,0.0851063829787234,0.07462686567164178,10090,0.22001982160555006,86,9,7,2,0.7777777777777778,0.627906976744186,7.0,0.748929085453407,0,ppdai_imb77,gbdt
3,0.1,most_risky,0.7816957210776545,0.5522388059701493,0.06630824372759857,0.1044776119402985,12619,0.21855931531817102,105,11,8,3,0.7272727272727273,0.6190476190476191,8.0,0.8049034088705199,0,ppdai_imb77,gbdt
4,0.1,most_risky,0.7764589515331355,0.5324675324675324,0.060029282576866766,0.06493506493506493,15161,0.21924675153354,90,9,7,2,0.7777777777777778,0.7111111111111111,7.0,0.8225574848061452,0,ppdai_imb77,gbdt
5,0.1,most_risky,0.7805084745762711,0.5411764705882353,0.058673469387755105,0.08235294117647059,17700,0.2196045197740113,94,10,5,5,0.5,0.5106382978723404,5.0,0.8224612596819763,0,ppdai_imb77,gbdt
6,0.1,most_risky,0.7879535917057516,0.5411764705882353,0.053117782909930716,0.08235294117647059,20254,0.21911721141502913,77,8,5,3,0.625,0.45454545454545453,5.0,0.6911943003051702,0,ppdai_imb77,gbdt
7,0.1,most_risky,0.7814075860556895,0.5789473684210527,0.04360753221010902,0.15789473684210525,22802,0.22169107972984825,84,9,8,1,0.8888888888888888,0.7023809523809523,8.0,0.7626345023463003,0,ppdai_imb77,gbdt
8,0.1,most_risky,0.7818970617235259,0.684931506849315,0.0441306266548985,0.3698630136986301,25354,0.22008361599747575,79,8,4,4,0.5,0.5822784810126582,4.0,0.7362571174672862,0,ppdai_imb77,gbdt
9,0.1,most_risky,0.785522307830138,0.5283018867924528,0.046550290939318374,0.05660377358490566,27901,0.22006379699652343,85,9,7,2,0.7777777777777778,0.6823529411764706,7.0,0.7436756671780949,0,ppdai_imb77,gbdt
10,0.1,most_risky,0.7853153745072273,0.6947368421052632,0.049107142857142856,0.3894736842105263,30440,0.22013797634691196,94,10,7,3,0.7,0.723404255319149,7.0,0.7813990103939813,0,ppdai_imb77,gbdt
0,0.1,most_risky,0.759,0.5,0.08298755186721991,0.0,5000,0.2366,0,0,0,0,0.0,0.0,0.0,0.0,1,ppdai_imb77,gbdt
1,0.1,most_risky,0.7728476821192053,0.4772727272727273,0.06158357771260997,-0.045454545454545456,7547,0.2290976546972307,85,9,5,4,0.5555555555555556,0.49411764705882355,5.0,0.830173321588058,1,ppdai_imb77,gbdt
2,0.1,most_risky,0.7710187932739861,0.6,0.06342494714587738,0.2,10106,0.22946764298436573,72,8,6,2,0.75,0.6527777777777778,6.0,0.7978803279657269,1,ppdai_imb77,gbdt
3,0.1,most_risky,0.7693522906793049,0.5869565217391305,0.04560810810810811,0.17391304347826086,12658,0.227682098277769,79,8,5,3,0.625,0.6075949367088608,5.0,0.7572451262396148,1,ppdai_imb77,gbdt
4,0.1,most_risky,0.7800393959290873,0.5441176470588235,0.05473372781065089,0.08823529411764706,15228,0.22576832151300236,59,6,3,3,0.5,0.576271186440678,3.0,0.7483505165819005,1,ppdai_imb77,gbdt
5,0.1,most_risky,0.7813731007315701,0.5443037974683544,0.0548469387755102,0.08860759493670886,17769,0.22359164837638584,92,10,5,5,0.5,0.5760869565217391,5.0,0.7834636726444263,1,ppdai_imb77,gbdt
6,0.1,most_risky,0.7727720334810438,0.5662650602409639,0.05032119914346895,0.13253012048192772,20309,0.22394012506770397,93,10,8,2,0.8,0.6236559139784946,8.0,0.7475993475983673,1,ppdai_imb77,gbdt
7,0.1,most_risky,0.7776076973540346,0.5789473684210527,0.05329457364341085,0.15789473684210525,22864,0.22406403079076276,76,8,7,1,0.875,0.6578947368421053,7.0,0.7298690075454004,1,ppdai_imb77,gbdt
8,0.1,most_risky,0.7819326904152726,0.5660377358490566,0.053475935828877004,0.1320754716981132,25401,0.22282587299712608,96,10,8,2,0.8,0.65625,8.0,0.7541999264118028,1,ppdai_imb77,gbdt
9,0.1,most_risky,0.7780361294938294,0.5801526717557252,0.060221870047543584,0.16030534351145037,27951,0.22331938034417373,82,9,7,2,0.7777777777777778,0.5975609756097561,7.0,0.7365143413851929,1,ppdai_imb77,gbdt
10,0.1,most_risky,0.7842269224463027,0.6495726495726496,0.056254626202812734,0.29914529914529914,30492,0.22091040272858456,92,10,8,2,0.8,0.7065217391304348,8.0,0.7348063075567273,1,ppdai_imb77,gbdt
0,0.1,most_risky,0.785,0.4883720930232558,0.09813084112149532,-0.023255813953488372,5000,0.2286,0,0,0,0,0.0,0.0,0.0,0.0,2,ppdai_imb77,gbdt
1,0.1,most_risky,0.7916111850865513,0.5294117647058824,0.11356466876971609,0.058823529411764705,7506,0.22435385025313082,131,14,11,3,0.7857142857142857,0.6259541984732825,11.0,0.8001017321596333,2,ppdai_imb77,gbdt
2,0.1,most_risky,0.7997997997997998,0.5571428571428572,0.09558823529411764,0.11428571428571428,9988,0.22046455746896276,157,16,10,6,0.625,0.5095541401273885,10.0,0.8011295799656101,2,ppdai_imb77,gbdt
3,0.1,most_risky,0.8036,0.6212121212121212,0.08086785009861933,0.24242424242424243,12499,0.21713737098967917,125,13,11,2,0.8461538461538461,0.584,11.0,0.7656714221717944,2,ppdai_imb77,gbdt
4,0.1,most_risky,0.7894211576846307,0.5657894736842105,0.06687402799377916,0.13157894736842105,15029,0.21930933528511545,104,11,8,3,0.7272727272727273,0.5480769230769231,8.0,0.7454899492251648,2,ppdai_imb77,gbdt
5,0.1,most_risky,0.7885600455321571,0.6329113924050633,0.06544502617801047,0.26582278481012656,17567,0.21847782774520408,95,10,7,3,0.7,0.5894736842105263,7.0,0.8048748227882273,2,ppdai_imb77,gbdt
6,0.1,most_risky,0.7904951480467778,0.5232558139534884,0.05319148936170213,0.046511627906976744,20092,0.21804698387417878,109,11,6,5,0.5454545454545454,0.5596330275229358,6.0,0.7665294588987815,2,ppdai_imb77,gbdt
7,0.1,most_risky,0.7929816817479585,0.5769230769230769,0.04736842105263158,0.15384615384615385,22652,0.21874448172346814,71,8,4,4,0.5,0.5774647887323944,4.0,0.8015287131476683,2,ppdai_imb77,gbdt
8,0.1,most_risky,0.7876562810081366,0.6206896551724138,0.04949587534372136,0.2413793103448276,25191,0.2196022388948434,94,10,9,1,0.9,0.648936170212766,9.0,0.7446543664222756,2,ppdai_imb77,gbdt
9,0.1,most_risky,0.7914187849287904,0.627906976744186,0.04580152671755725,0.2558139534883721,27732,0.21855618058560508,92,10,8,2,0.8,0.6521739130434783,8.0,0.7184389137880963,2,ppdai_imb77,gbdt
10,0.1,most_risky,0.7854311199207136,0.6,0.03650190114068441,0.2,30270,0.21922695738354805,95,10,7,3,0.7,0.6,7.0,0.7132049476935687,2,ppdai_imb77,gbdt
0,0.1,most_risky,0.774,0.5416666666666666,0.11304347826086956,0.08333333333333333,5000,0.2296,0,0,0,0,0.0,0.0,0.0,0.0,3,ppdai_imb77,gbdt
1,0.1,most_risky,0.7906976744186046,0.5319148936170213,0.07861635220125786,0.06382978723404255,7524,0.2267410951621478,111,12,6,6,0.5,0.5135135135135135,6.0,0.8029846396609636,3,ppdai_imb77,gbdt
2,0.1,most_risky,0.7943227091633466,0.625,0.09324009324009325,0.25,10039,0.22402629743998406,120,12,9,3,0.75,0.5666666666666667,9.0,0.8177096220384411,3,ppdai_imb77,gbdt
3,0.1,most_risky,0.7784407319013524,0.5428571428571428,0.0674955595026643,0.08571428571428572,12567,0.22431765735656878,106,11,5,6,0.45454545454545453,0.5660377358490566,5.0,0.8041119119727355,3,ppdai_imb77,gbdt
4,0.1,most_risky,0.7817880794701987,0.6666666666666666,0.06461086637298091,0.3333333333333333,15100,0.2237748344370861,101,11,9,2,0.8181818181818182,0.5346534653465347,9.0,0.779615841875416,3,ppdai_imb77,gbdt
5,0.1,most_risky,0.7917847025495751,0.6266666666666667,0.0623342175066313,0.25333333333333335,17648,0.2228014505893019,84,9,5,4,0.5555555555555556,0.5833333333333334,5.0,0.7505067821039282,3,ppdai_imb77,gbdt
6,0.1,most_risky,0.7786864931846345,0.5652173913043478,0.057458563535911604,0.13043478260869565,20173,0.22183116046200366,109,11,7,4,0.6363636363636364,0.5596330275229358,7.0,0.7501282885631958,3,ppdai_imb77,gbdt
7,0.1,most_risky,0.7940140845070423,0.6585365853658537,0.056133056133056136,0.3170731707317073,22716,0.2208135235076598,89,9,6,3,0.6666666666666666,0.5730337078651685,6.0,0.7250811844570442,3,ppdai_imb77,gbdt
8,0.1,most_risky,0.7923594615993665,0.7272727272727273,0.05876951331496786,0.45454545454545453,25256,0.2197101678808996,93,10,4,6,0.4,0.6236559139784946,4.0,0.7242621346893443,3,ppdai_imb77,gbdt
9,0.1,most_risky,0.7790969598848714,0.5641025641025641,0.035541195476575124,0.1282051282051282,27794,0.21983161833489243,95,10,5,5,0.5,0.6421052631578947,5.0,0.7073512637758627,3,ppdai_imb77,gbdt
10,0.1,most_risky,0.7876091613115834,0.6136363636363636,0.04125286478227655,0.22727272727272727,30345,0.21990443236117976,81,9,7,2,0.7777777777777778,0.6666666666666666,7.0,0.7722215962656961,3,ppdai_imb77,gbdt
0,0.1,most_risky,0.779,0.56,0.12334801762114538,0.12,5000,0.2324,0,0,0,0,0.0,0.0,0.0,0.0,4,ppdai_imb77,gbdt
1,0.1,most_risky,0.7779264214046823,0.576271186440678,0.09970674486803519,0.15254237288135594,7471,0.22446794271181902,169,17,10,7,0.5882352941176471,0.5621301775147929,10.0,0.8302798058633754,4,ppdai_imb77,gbdt
2,0.1,most_risky,0.7862862862862863,0.5797101449275363,0.091324200913242,0.15942028985507245,9988,0.22356828193832598,118,12,10,2,0.8333333333333334,0.6016949152542372,10.0,0.8165210947247421,4,ppdai_imb77,gbdt
3,0.1,most_risky,0.789515806322529,0.625,0.06481481481481481,0.25,12493,0.2182021932282078,132,14,9,5,0.6428571428571429,0.5303030303030303,9.0,0.7905163176645552,4,ppdai_imb77,gbdt
4,0.1,most_risky,0.7803660565723793,0.49382716049382713,0.06069802731411229,-0.012345679012345678,15023,0.21626838847101112,104,11,10,1,0.9090909090909091,0.5769230769230769,10.0,0.8066424794996375,4,ppdai_imb77,gbdt
5,0.1,most_risky,0.790478905359179,0.6021505376344086,0.07427055702917772,0.20430107526881722,17536,0.21743841240875914,123,13,10,3,0.7692307692307693,0.5691056910569106,10.0,0.7778150627653436,4,ppdai_imb77,gbdt
6,0.1,most_risky,0.7833665338645418,0.5974025974025974,0.0519774011299435,0.19480519480519481,20076,0.21617852161785217,93,10,9,1,0.9,0.6344086021505376,9.0,0.7300791604260534,4,ppdai_imb77,gbdt
7,0.1,most_risky,0.7950928381962865,0.6923076923076923,0.05642633228840126,0.38461538461538464,22616,0.2162186062964273,93,10,8,2,0.8,0.5698924731182796,8.0,0.7919444907965617,4,ppdai_imb77,gbdt
8,0.1,most_risky,0.7888667992047713,0.6483516483516484,0.05417814508723599,0.2967032967032967,25149,0.21770249314088036,100,10,7,3,0.7,0.6,7.0,0.805474559848068,4,ppdai_imb77,gbdt
9,0.1,most_risky,0.7961725943311067,0.631578947368421,0.05199306759098787,0.2631578947368421,27695,0.22007582596136488,86,9,7,2,0.7777777777777778,0.5465116279069767,7.0,0.7973775588960703,4,ppdai_imb77,gbdt
10,0.1,most_risky,0.7874627853126034,0.6153846153846154,0.04889228418640183,0.23076923076923078,30226,0.21941374975186925,103,11,7,4,0.6363636363636364,0.5145631067961165,7.0,0.7871856958868403,4,ppdai_imb77,gbdt
0,0.15,most_risky,0.804,0.7021276595744681,0.15348837209302327,0.40425531914893614,5000,0.2248,0,0,0,0,0.0,0.0,0.0,0.0,0,ppdai_imb77,gbdt
1,0.15,most_risky,0.7966887417218543,0.6153846153846154,0.10031347962382445,0.23076923076923078,7549,0.22506292224135646,88,14,9,5,0.6428571428571429,0.5454545454545454,9.0,0.7806848119866585,0,ppdai_imb77,gbdt
2,0.15,most_risky,0.7879088206144698,0.5,0.07242990654205607,0.0,10090,0.22001982160555006,97,15,10,5,0.6666666666666666,0.6288659793814433,10.0,0.7289298886818639,0,ppdai_imb77,gbdt
3,0.15,most_risky,0.786930693069307,0.6296296296296297,0.09123434704830054,0.25925925925925924,12623,0.21896538065436108,106,16,12,4,0.75,0.5943396226415094,12.0,0.7776255841283196,0,ppdai_imb77,gbdt
4,0.15,most_risky,0.7879986811737554,0.5714285714285714,0.06125574272588055,0.14285714285714285,15161,0.21957654508277819,100,15,9,6,0.6,0.67,9.0,0.7679189688139955,0,ppdai_imb77,gbdt
5,0.15,most_risky,0.7778091473743648,0.4659090909090909,0.052496798975672214,-0.06818181818181818,17710,0.21959345002823263,88,14,7,7,0.5,0.6022727272727273,7.0,0.7761650323954196,0,ppdai_imb77,gbdt
6,0.15,most_risky,0.7912142152023692,0.5875,0.05465116279069768,0.175,20260,0.21895360315893386,87,14,8,6,0.5714285714285714,0.4827586206896552,8.0,0.6738879928008352,0,ppdai_imb77,gbdt
7,0.15,most_risky,0.781455501972819,0.5729166666666666,0.05440158259149357,0.14583333333333334,22809,0.2214038318207725,88,14,12,2,0.8571428571428571,0.75,12.0,0.7603689917702042,0,ppdai_imb77,gbdt
8,0.15,most_risky,0.7861226098955253,0.6024096385542169,0.045372050816696916,0.20481927710843373,25364,0.21983914209115282,80,12,5,7,0.4166666666666667,0.575,5.0,0.6946095554238987,0,ppdai_imb77,gbdt
9,0.15,most_risky,0.7869292748433303,0.594059405940594,0.04962779156327544,0.18811881188118812,27922,0.22011317240885322,77,12,9,3,0.75,0.6493506493506493,9.0,0.7202080561989986,0,ppdai_imb77,gbdt
10,0.15,most_risky,0.7843780767968493,0.6396396396396397,0.05278810408921933,0.27927927927927926,30468,0.22039516870158854,91,14,10,4,0.7142857142857143,0.6923076923076923,10.0,0.7317560776399389,0,ppdai_imb77,gbdt
0,0.15,most_risky,0.759,0.5,0.08298755186721991,0.0,5000,0.2366,0,0,0,0,0.0,0.0,0.0,0.0,1,ppdai_imb77,gbdt
1,0.15,most_risky,0.7816015883520847,0.6153846153846154,0.047619047619047616,0.23076923076923078,7551,0.22924116011124354,85,13,7,6,0.5384615384615384,0.49411764705882355,7.0,0.8020045796564902,1,ppdai_imb77,gbdt
2,0.15,most_risky,0.764211566979733,0.6545454545454545,0.0728744939271255,0.3090909090909091,10115,0.23015323776569452,70,11,10,1,0.9090909090909091,0.6285714285714286,10.0,0.7639382856197755,1,ppdai_imb77,gbdt
3,0.15,most_risky,0.7686243594797004,0.5813953488372093,0.04208754208754209,0.16279069767441862,12681,0.22853087295954577,68,11,6,5,0.5454545454545454,0.6176470588235294,6.0,0.7184602575437734,1,ppdai_imb77,gbdt
4,0.15,most_risky,0.7654765804127088,0.5125,0.057103064066852366,0.025,15262,0.2268378980474381,50,8,5,3,0.625,0.56,5.0,0.7041646810231789,1,ppdai_imb77,gbdt
5,0.15,most_risky,0.7823033707865169,0.5813953488372093,0.06337135614702155,0.16279069767441862,17800,0.22466292134831461,100,15,11,4,0.7333333333333333,0.57,11.0,0.761956398185584,1,ppdai_imb77,gbdt
6,0.15,most_risky,0.7827476038338658,0.5411764705882353,0.051627384960718295,0.08235294117647059,20345,0.22511673629884493,92,14,10,4,0.7142857142857143,0.5869565217391305,10.0,0.7525963242921845,1,ppdai_imb77,gbdt
7,0.15,most_risky,0.7757152216641188,0.6116504854368932,0.06,0.22330097087378642,22894,0.2250808071983926,88,14,11,3,0.7857142857142857,0.6363636363636364,11.0,0.7360498401280974,1,ppdai_imb77,gbdt
8,0.15,most_risky,0.7796776729559748,0.5967741935483871,0.06462882096069869,0.1935483870967742,25437,0.2239257774108582,95,15,10,5,0.6666666666666666,0.6210526315789474,10.0,0.7921625158348015,1,ppdai_imb77,gbdt
9,0.15,most_risky,0.7886745266166488,0.6259541984732825,0.06743421052631579,0.25190839694656486,27987,0.22435416443348696,86,13,11,2,0.8461538461538461,0.6046511627906976,11.0,0.7426978301100656,1,ppdai_imb77,gbdt
10,0.15,most_risky,0.7886977886977887,0.6782608695652174,0.058602554470323066,0.3565217391304348,30525,0.22185094185094184,100,15,11,4,0.7333333333333333,0.69,11.0,0.7351306405542745,1,ppdai_imb77,gbdt
0,0.15,most_risky,0.785,0.4883720930232558,0.09813084112149532,-0.023255813953488372,5000,0.2286,0,0,0,0,0.0,0.0,0.0,0.0,2,ppdai_imb77,gbdt
1,0.15,most_risky,0.7937458416500333,0.5384615384615384,0.1111111111111111,0.07692307692307693,7512,0.22470713525026625,131,20,15,5,0.75,0.6259541984732825,15.0,0.7799210809220442,2,ppdai_imb77,gbdt
2,0.15,most_risky,0.7913130304543186,0.5081967213114754,0.07398568019093078,0.01639344262295082,10014,0.2212901937287797,143,22,15,7,0.6818181818181818,0.5244755244755245,15.0,0.753266046137793,2,ppdai_imb77,gbdt
3,0.15,most_risky,0.7869114126097366,0.546875,0.06481481481481481,0.09375,12529,0.21789448479527496,128,20,16,4,0.8,0.59375,16.0,0.7503644168049735,2,ppdai_imb77,gbdt
4,0.15,most_risky,0.7833443928334439,0.6190476190476191,0.07726597325408618,0.23809523809523808,15066,0.22029735829018984,102,16,12,4,0.75,0.5294117647058824,12.0,0.7662662054567767,2,ppdai_imb77,gbdt
5,0.15,most_risky,0.7909684748650951,0.6024096385542169,0.06640106241699867,0.20481927710843373,17603,0.2192808044083395,102,16,9,7,0.5625,0.5784313725490197,9.0,0.7829189332652591,2,ppdai_imb77,gbdt
6,0.15,most_risky,0.7904667328699106,0.6067415730337079,0.06257242178447277,0.21348314606741572,20136,0.21886174016686533,106,16,11,5,0.6875,0.5849056603773585,11.0,0.7622291518285,2,ppdai_imb77,gbdt
7,0.15,most_risky,0.7862494490965183,0.6022727272727273,0.053643724696356275,0.20454545454545456,22686,0.2193864057127744,87,14,10,4,0.7142857142857143,0.5862068965517241,10.0,0.7453781671685036,2,ppdai_imb77,gbdt
8,0.15,most_risky,0.7924341453753219,0.6239316239316239,0.06778087279480037,0.24786324786324787,25243,0.220655231153191,78,12,10,2,0.8333333333333334,0.5897435897435898,10.0,0.7388661441034982,2,ppdai_imb77,gbdt
9,0.15,most_risky,0.7903545078279647,0.6460176991150443,0.06093489148580968,0.2920353982300885,27784,0.2195868125539879,97,15,10,5,0.6666666666666666,0.6185567010309279,10.0,0.7267157686175414,2,ppdai_imb77,gbdt
10,0.15,most_risky,0.7888577550684028,0.6363636363636364,0.05339435545385202,0.2727272727272727,30331,0.22010484322969898,90,14,7,7,0.5,0.6333333333333333,7.0,0.7472481825007821,2,ppdai_imb77,gbdt
0,0.15,most_risky,0.774,0.5416666666666666,0.11304347826086956,0.08333333333333333,5000,0.2296,0,0,0,0,0.0,0.0,0.0,0.0,3,ppdai_imb77,gbdt
1,0.15,most_risky,0.7875166002656042,0.4666666666666667,0.06624605678233439,-0.06666666666666667,7529,0.22712179572320362,111,17,10,7,0.5882352941176471,0.5135135135135135,10.0,0.7757579669025907,3,ppdai_imb77,gbdt
2,0.15,most_risky,0.7866732968672302,0.6417910447761194,0.09598214285714286,0.2835820895522388,10053,0.22451009648861037,117,18,14,4,0.7777777777777778,0.5897435897435898,14.0,0.8038868014214704,3,ppdai_imb77,gbdt
3,0.15,most_risky,0.7810015898251192,0.5454545454545454,0.0539568345323741,0.09090909090909091,12580,0.2246422893481717,114,18,9,9,0.5,0.5701754385964912,9.0,0.7588866448989601,3,ppdai_imb77,gbdt
4,0.15,most_risky,0.7755371900826447,0.6296296296296297,0.07285714285714286,0.25925925925925924,15122,0.22371379447163073,96,15,11,4,0.7333333333333333,0.6145833333333334,11.0,0.7556287217914843,3,ppdai_imb77,gbdt
5,0.15,most_risky,0.7770862800565771,0.573170731707317,0.05875,0.14634146341463414,17672,0.22306473517428702,87,14,9,5,0.6428571428571429,0.5402298850574713,9.0,0.7014324779280977,3,ppdai_imb77,gbdt
6,0.15,most_risky,0.774672273064556,0.6153846153846154,0.060085836909871244,0.23076923076923078,20214,0.22227169288611853,96,15,9,6,0.6,0.5729166666666666,9.0,0.7852534449849655,3,ppdai_imb77,gbdt
7,0.15,most_risky,0.7945115257958287,0.6222222222222222,0.05845511482254697,0.24444444444444444,22773,0.22144644974311684,76,12,8,4,0.6666666666666666,0.5789473684210527,8.0,0.6978678242358565,3,ppdai_imb77,gbdt
8,0.15,most_risky,0.7942338072669827,0.6666666666666666,0.061395348837209304,0.3333333333333333,25318,0.22043605340074254,92,14,10,4,0.7142857142857143,0.6413043478260869,10.0,0.7190988137356653,3,ppdai_imb77,gbdt
9,0.15,most_risky,0.7885857860732233,0.6176470588235294,0.0524126455906822,0.23529411764705882,27860,0.22053122756640345,96,15,11,4,0.7333333333333333,0.6770833333333334,11.0,0.7159052139047921,3,ppdai_imb77,gbdt
10,0.15,most_risky,0.7898371978293044,0.63,0.04831288343558282,0.26,30401,0.22045327456333674,97,15,14,1,0.9333333333333333,0.6804123711340206,14.0,0.7156303215507445,3,ppdai_imb77,gbdt
0,0.15,most_risky,0.779,0.56,0.12334801762114538,0.12,5000,0.2324,0,0,0,0,0.0,0.0,0.0,0.0,4,ppdai_imb77,gbdt
1,0.15,most_risky,0.7740641711229946,0.47368421052631576,0.08059701492537313,-0.05263157894736842,7480,0.22473262032085561,169,26,14,12,0.5384615384615384,0.5621301775147929,14.0,0.8046597854214563,4,ppdai_imb77,gbdt
2,0.15,most_risky,0.774,0.5774647887323944,0.08855291576673865,0.15492957746478872,9999,0.22422242224222422,123,19,16,3,0.8421052631578947,0.5853658536585366,16.0,0.7823262377272581,4,ppdai_imb77,gbdt
3,0.15,most_risky,0.7899361022364217,0.5846153846153846,0.07076350093109869,0.16923076923076924,12517,0.21938164096828314,124,19,11,8,0.5789473684210527,0.49193548387096775,11.0,0.7773990767780583,4,ppdai_imb77,gbdt
4,0.15,most_risky,0.7873047524094383,0.6463414634146342,0.07981927710843373,0.2926829268292683,15042,0.21705890174178966,116,18,12,6,0.6666666666666666,0.5689655172413793,12.0,0.7486884719696184,4,ppdai_imb77,gbdt
5,0.15,most_risky,0.7867312072892938,0.5729166666666666,0.07208387942332896,0.14583333333333334,17558,0.21830504613281695,127,20,14,6,0.7,0.5511811023622047,14.0,0.7416573943208289,4,ppdai_imb77,gbdt
6,0.15,most_risky,0.7899055196419692,0.584070796460177,0.0763888888888889,0.168141592920354,20107,0.2170388421942607,88,14,9,5,0.6428571428571429,0.625,9.0,0.7397872940273879,4,ppdai_imb77,gbdt
7,0.15,most_risky,0.7948774563921396,0.5925925925925926,0.06743940990516333,0.18518518518518517,22644,0.21705529058470235,102,16,11,5,0.6875,0.5392156862745098,11.0,0.7574877351212671,4,ppdai_imb77,gbdt
8,0.15,most_risky,0.7913026211278793,0.6521739130434783,0.05560704355885079,0.30434782608695654,25177,0.21845335028001747,106,16,13,3,0.8125,0.6226415094339622,13.0,0.7514517814812616,4,ppdai_imb77,gbdt
9,0.15,most_risky,0.7946267580238009,0.6063829787234043,0.04918032786885246,0.2127659574468085,27727,0.22061528474050565,86,13,7,6,0.5384615384615384,0.5813953488372093,7.0,0.7371378536076635,4,ppdai_imb77,gbdt
10,0.15,most_risky,0.7889953734302709,0.616822429906542,0.05069124423963134,0.2336448598130841,30256,0.21995637228979376,111,17,11,6,0.6470588235294118,0.5045045045045045,11.0,0.7121501168159459,4,ppdai_imb77,gbdt
0,0.2,most_risky,0.804,0.7021276595744681,0.15348837209302327,0.40425531914893614,5000,0.2248,0,0,0,0,0.0,0.0,0.0,0.0,0,ppdai_imb77,gbdt
1,0.2,most_risky,0.7928524156187955,0.4444444444444444,0.06493506493506493,-0.1111111111111111,7553,0.22507612869058652,88,18,10,8,0.5555555555555556,0.5454545454545454,10.0,0.7606878280614772,0,ppdai_imb77,gbdt
2,0.2,most_risky,0.7998017839444995,0.582089552238806,0.09397590361445783,0.16417910447761194,10087,0.2202835332606325,112,23,17,6,0.7391304347826086,0.5982142857142857,17.0,0.7319889335043254,0,ppdai_imb77,gbdt
3,0.2,most_risky,0.7943740095087163,0.6282051282051282,0.09090909090909091,0.2564102564102564,12618,0.21952765889998416,115,23,16,7,0.6956521739130435,0.5478260869565217,16.0,0.7630314300278656,0,ppdai_imb77,gbdt
4,0.2,most_risky,0.784514003294893,0.5802469135802469,0.0704647676161919,0.16049382716049382,15173,0.22065511105252752,86,18,15,3,0.8333333333333334,0.6976744186046512,15.0,0.7476281451055028,0,ppdai_imb77,gbdt
5,0.2,most_risky,0.7879300620417372,0.5742574257425742,0.07561929595827901,0.1485148514851485,17726,0.22103125352589417,88,18,12,6,0.6666666666666666,0.5454545454545454,12.0,0.7794952203918908,0,ppdai_imb77,gbdt
6,0.2,most_risky,0.7774217402021197,0.6,0.05863192182410423,0.2,20285,0.2204584668474242,81,17,10,7,0.5882352941176471,0.4567901234567901,10.0,0.6789923589976452,0,ppdai_imb77,gbdt
7,0.2,most_risky,0.7824469249288685,0.6105263157894737,0.05714285714285714,0.22105263157894736,22841,0.22319513156166543,84,17,15,2,0.8823529411764706,0.6785714285714286,15.0,0.7277309390317167,0,ppdai_imb77,gbdt
8,0.2,most_risky,0.787992125984252,0.5798319327731093,0.06295620437956205,0.15966386554621848,25396,0.22168845487478342,85,17,9,8,0.5294117647058824,0.5176470588235295,9.0,0.7083569980131956,0,ppdai_imb77,gbdt
9,0.2,most_risky,0.7822118826055834,0.5833333333333334,0.056588520614389654,0.16666666666666666,27940,0.22172512526843235,99,20,15,5,0.75,0.6161616161616161,15.0,0.7211476962455328,0,ppdai_imb77,gbdt
10,0.2,most_risky,0.7884205346891914,0.6306306306306306,0.05307050796057619,0.26126126126126126,30483,0.22199258603155858,101,21,16,5,0.7619047619047619,0.6534653465346535,16.0,0.7415748979243486,0,ppdai_imb77,gbdt
0,0.2,most_risky,0.759,0.5,0.08298755186721991,0.0,5000,0.2366,0,0,0,0,0.0,0.0,0.0,0.0,1,ppdai_imb77,gbdt
1,0.2,most_risky,0.7696889477167439,0.4857142857142857,0.04899135446685879,-0.02857142857142857,7555,0.22925215089344805,85,17,8,9,0.47058823529411764,0.49411764705882355,8.0,0.7717389477971045,1,ppdai_imb77,gbdt
2,0.2,most_risky,0.7766798418972332,0.5238095238095238,0.07252747252747253,0.047619047619047616,10116,0.2299327797548438,78,16,11,5,0.6875,0.6153846153846154,11.0,0.7033477493311038,1,ppdai_imb77,gbdt
3,0.2,most_risky,0.7664694280078895,0.5454545454545454,0.05025125628140704,0.09090909090909091,12675,0.22863905325443787,81,17,11,6,0.6470588235294118,0.5555555555555556,11.0,0.6835431127618271,1,ppdai_imb77,gbdt
4,0.2,most_risky,0.7706692913385826,0.5471698113207547,0.041193181818181816,0.09433962264150944,15236,0.22624048306642164,78,16,11,5,0.6875,0.6282051282051282,11.0,0.6776765555843399,1,ppdai_imb77,gbdt
5,0.2,most_risky,0.7808373138522057,0.6578947368421053,0.06218905472636816,0.3157894736842105,17791,0.22404586588724637,85,17,9,8,0.5294117647058824,0.6235294117647059,9.0,0.740250506672489,1,ppdai_imb77,gbdt
6,0.2,most_risky,0.7808353808353808,0.6075949367088608,0.052805280528052806,0.21518987341772153,20349,0.22477763035038578,82,17,13,4,0.7647058823529411,0.6097560975609756,13.0,0.69246807046513,1,ppdai_imb77,gbdt
7,0.2,most_risky,0.787521815008726,0.5757575757575758,0.057633973710819006,0.15151515151515152,22920,0.22521815008726004,65,13,11,2,0.8461538461538461,0.6307692307692307,11.0,0.7024680193101697,1,ppdai_imb77,gbdt
8,0.2,most_risky,0.7824464951894757,0.5894039735099338,0.07841409691629955,0.17880794701986755,25462,0.22413793103448276,102,21,19,2,0.9047619047619048,0.6470588235294118,19.0,0.7352853275898872,1,ppdai_imb77,gbdt
9,0.2,most_risky,0.779760842405854,0.6666666666666666,0.05669291338582677,0.3333333333333333,28013,0.22461000249883983,90,18,14,4,0.7777777777777778,0.5888888888888889,14.0,0.7211185063459519,1,ppdai_imb77,gbdt
10,0.2,most_risky,0.7889743170292819,0.6206896551724138,0.06792452830188679,0.2413793103448276,30563,0.2223276510813729,92,19,16,3,0.8421052631578947,0.6956521739130435,16.0,0.7049005529284883,1,ppdai_imb77,gbdt
0,0.2,most_risky,0.785,0.4883720930232558,0.09813084112149532,-0.023255813953488372,5000,0.2286,0,0,0,0,0.0,0.0,0.0,0.0,2,ppdai_imb77,gbdt
1,0.2,most_risky,0.785904255319149,0.5138888888888888,0.11419753086419752,0.027777777777777776,7519,0.22502992419204682,131,27,19,8,0.7037037037037037,0.6259541984732825,19.0,0.761592440218716,2,ppdai_imb77,gbdt
2,0.2,most_risky,0.7946161515453639,0.5,0.08495145631067962,0.0,10030,0.2218344965104686,141,29,19,10,0.6551724137931034,0.524822695035461,19.0,0.7638518529739204,2,ppdai_imb77,gbdt
3,0.2,most_risky,0.7768035073734556,0.6046511627906976,0.08996539792387544,0.20930232558139536,12545,0.21921084097249902,135,27,23,4,0.8518518518518519,0.5333333333333333,23.0,0.7254133185260679,2,ppdai_imb77,gbdt
4,0.2,most_risky,0.7944297082228117,0.61,0.09501557632398754,0.22,15076,0.22127885380737597,116,24,15,9,0.625,0.5172413793103449,15.0,0.7203482341434325,2,ppdai_imb77,gbdt
5,0.2,most_risky,0.7996026114107295,0.611764705882353,0.07172413793103448,0.2235294117647059,17611,0.22014649934699904,110,22,15,7,0.6818181818181818,0.5909090909090909,15.0,0.7250437129151658,2,ppdai_imb77,gbdt
6,0.2,most_risky,0.7915632754342432,0.6019417475728155,0.07200929152148665,0.20388349514563106,20147,0.21968531294981883,109,22,14,8,0.6363636363636364,0.5779816513761468,14.0,0.7452482082102573,2,ppdai_imb77,gbdt
7,0.2,most_risky,0.7889402952192113,0.6476190476190476,0.06875631951466127,0.29523809523809524,22694,0.220190358685115,96,20,14,6,0.7,0.5625,14.0,0.7207314523294357,2,ppdai_imb77,gbdt
8,0.2,most_risky,0.7821782178217822,0.6120689655172413,0.0630550621669627,0.22413793103448276,25246,0.22134199477144895,89,18,15,3,0.8333333333333334,0.5955056179775281,15.0,0.753170950872823,2,ppdai_imb77,gbdt
9,0.2,most_risky,0.7828746177370031,0.7094017094017094,0.0660828025477707,0.4188034188034188,27795,0.22050728548300055,93,19,16,3,0.8421052631578947,0.6021505376344086,16.0,0.7011862163811674,2,ppdai_imb77,gbdt
10,0.2,most_risky,0.788233355306526,0.65,0.059046177138531414,0.3,30338,0.22091106862680468,100,20,12,8,0.6,0.64,12.0,0.7173205066171021,2,ppdai_imb77,gbdt
0,0.2,most_risky,0.774,0.5416666666666666,0.11304347826086956,0.08333333333333333,5000,0.2296,0,0,0,0,0.0,0.0,0.0,0.0,3,ppdai_imb77,gbdt
1,0.2,most_risky,0.781021897810219,0.4909090909090909,0.08206686930091185,-0.01818181818181818,7535,0.22733908427339083,111,23,13,10,0.5652173913043478,0.5135135135135135,13.0,0.7549432794624942,3,ppdai_imb77,gbdt
2,0.2,most_risky,0.7763419483101391,0.609375,0.08405172413793104,0.21875,10058,0.224696758798966,126,26,19,7,0.7307692307692307,0.5873015873015873,19.0,0.7967853594402226,3,ppdai_imb77,gbdt
3,0.2,most_risky,0.7813492063492063,0.5333333333333333,0.08617594254937164,0.06666666666666667,12600,0.22555555555555556,102,21,13,8,0.6190476190476191,0.5490196078431373,13.0,0.753477932608831,3,ppdai_imb77,gbdt
4,0.2,most_risky,0.7806408985794516,0.6704545454545454,0.08501440922190202,0.3409090909090909,15135,0.22451271886356128,110,22,17,5,0.7727272727272727,0.6,17.0,0.7773194900105428,3,ppdai_imb77,gbdt
5,0.2,most_risky,0.7826455624646693,0.6046511627906976,0.06607369758576874,0.20930232558139536,17686,0.22362320479475292,90,18,8,10,0.4444444444444444,0.5333333333333333,8.0,0.7407324582389889,3,ppdai_imb77,gbdt
6,0.2,most_risky,0.784672435105068,0.6470588235294118,0.06138392857142857,0.29411764705882354,20224,0.22260680379746836,107,22,14,8,0.6363636363636364,0.5981308411214953,14.0,0.72029914758825,3,ppdai_imb77,gbdt
7,0.2,most_risky,0.7829712530173359,0.5252525252525253,0.052313883299798795,0.050505050505050504,22781,0.22180764672314648,83,17,12,5,0.7058823529411765,0.5662650602409639,12.0,0.6786868341687962,3,ppdai_imb77,gbdt
8,0.2,most_risky,0.7948667324777887,0.638095238095238,0.06273408239700375,0.2761904761904762,25323,0.22058997749081863,102,21,15,6,0.7142857142857143,0.6764705882352942,15.0,0.717126648096758,3,ppdai_imb77,gbdt
9,0.2,most_risky,0.7904932735426009,0.6,0.05298570227081581,0.2,27874,0.22070746932625385,91,19,11,8,0.5789473684210527,0.6813186813186813,11.0,0.6742397700119507,3,ppdai_imb77,gbdt
10,0.2,most_risky,0.7822514379622021,0.5730337078651685,0.03811659192825112,0.14606741573033707,30425,0.22064092029580937,90,18,14,4,0.7777777777777778,0.7,14.0,0.7467314765113122,3,ppdai_imb77,gbdt
0,0.2,most_risky,0.779,0.56,0.12334801762114538,0.12,5000,0.2324,0,0,0,0,0.0,0.0,0.0,0.0,4,ppdai_imb77,gbdt
1,0.2,most_risky,0.7656875834445928,0.6071428571428571,0.09366391184573003,0.21428571428571427,7488,0.22529380341880342,169,34,20,14,0.5882352941176471,0.5621301775147929,20.0,0.7845424345986693,4,ppdai_imb77,gbdt
2,0.2,most_risky,0.7865336658354115,0.5256410256410257,0.09490740740740741,0.05128205128205128,10021,0.22472807105079334,113,23,16,7,0.6956521739130435,0.6017699115044248,16.0,0.7556993722650805,4,ppdai_imb77,gbdt
3,0.2,most_risky,0.7706422018348624,0.5675675675675675,0.07179487179487179,0.13513513513513514,12532,0.21927864666453878,141,29,18,11,0.6206896551724138,0.5390070921985816,18.0,0.7408484622412538,4,ppdai_imb77,gbdt
4,0.2,most_risky,0.7773722627737226,0.5882352941176471,0.0728862973760933,0.17647058823529413,15067,0.21722970730736046,110,22,18,4,0.8181818181818182,0.6,18.0,0.7331732382631654,4,ppdai_imb77,gbdt
5,0.2,most_risky,0.7843137254901961,0.6759259259259259,0.09159347553324969,0.35185185185185186,17591,0.21857768176908646,124,25,16,9,0.64,0.5483870967741935,16.0,0.7091134154290931,4,ppdai_imb77,gbdt
6,0.2,most_risky,0.7767568909858455,0.5670103092783505,0.06030701754385965,0.13402061855670103,20134,0.21729412933346579,101,21,15,6,0.7142857142857143,0.6138613861386139,15.0,0.7218494645864362,4,ppdai_imb77,gbdt
7,0.2,most_risky,0.7835574167952392,0.5978260869565217,0.055,0.1956521739130435,22682,0.21726479146459748,94,19,12,7,0.631578947368421,0.574468085106383,12.0,0.7300558301412289,4,ppdai_imb77,gbdt
8,0.2,most_risky,0.7826431543491182,0.67,0.0592396109637489,0.34,25234,0.21887136403265436,89,18,12,6,0.6666666666666666,0.6179775280898876,12.0,0.7213258226342356,4,ppdai_imb77,gbdt
9,0.2,most_risky,0.7965461413923367,0.5769230769230769,0.05231037489102005,0.15384615384615385,27791,0.22118671512360116,83,17,11,6,0.6470588235294118,0.5662650602409639,11.0,0.7417424741905733,4,ppdai_imb77,gbdt
10,0.2,most_risky,0.7951211471897148,0.6176470588235294,0.06588235294117648,0.23529411764705882,30335,0.22043843744849184,99,20,10,10,0.5,0.5353535353535354,10.0,0.6994464939418614,4,ppdai_imb77,gbdt
0,0.3,most_risky,0.804,0.7021276595744681,0.15348837209302327,0.40425531914893614,5000,0.2248,0,0,0,0,0.0,0.0,0.0,0.0,0,ppdai_imb77,gbdt
1,0.3,most_risky,0.7865168539325843,0.62,0.09253731343283582,0.24,7562,0.22546945252578682,88,27,15,12,0.5555555555555556,0.5454545454545454,15.0,0.7254901291889796,0,ppdai_imb77,gbdt
2,0.3,most_risky,0.7916049382716049,0.6166666666666667,0.08486238532110092,0.23333333333333334,10124,0.22125642038719873,88,27,19,8,0.7037037037037037,0.6363636363636364,19.0,0.6868368018160226,0,ppdai_imb77,gbdt
3,0.3,most_risky,0.7880820836621941,0.6129032258064516,0.06896551724137931,0.22580645161290322,12668,0.2206346700347332,113,34,22,12,0.6470588235294118,0.5486725663716814,22.0,0.6960404945167024,0,ppdai_imb77,gbdt
4,0.3,most_risky,0.7760998030203545,0.5862068965517241,0.07317073170731707,0.1724137931034483,15227,0.22184277927365864,92,28,19,9,0.6785714285714286,0.6413043478260869,19.0,0.7169392000765836,0,ppdai_imb77,gbdt
5,0.3,most_risky,0.7875807811182917,0.5,0.07804232804232804,0.0,17793,0.22205361659079415,82,25,15,10,0.6,0.5853658536585366,15.0,0.7204502792020844,0,ppdai_imb77,gbdt
6,0.3,most_risky,0.791943011545075,0.5614035087719298,0.0743321718931475,0.12280701754385964,20351,0.22131590585229227,93,28,18,10,0.6428571428571429,0.4946236559139785,18.0,0.666364823618128,0,ppdai_imb77,gbdt
7,0.3,most_risky,0.7849040139616056,0.5818181818181818,0.06374501992031872,0.16363636363636364,22917,0.22420037526726885,82,25,22,3,0.88,0.6829268292682927,22.0,0.7004688022934553,0,ppdai_imb77,gbdt
8,0.3,most_risky,0.7868916797488226,0.6727272727272727,0.06583629893238434,0.34545454545454546,25479,0.22265395031202168,88,27,17,10,0.6296296296296297,0.5568181818181818,17.0,0.6706331805565405,0,ppdai_imb77,gbdt
9,0.3,most_risky,0.7845934379457917,0.6587301587301587,0.06650641025641026,0.31746031746031744,28039,0.2228324833267948,91,28,21,7,0.75,0.6263736263736264,21.0,0.6853196300533296,0,ppdai_imb77,gbdt
10,0.3,most_risky,0.7900326797385621,0.6944444444444444,0.07457121551081283,0.3888888888888889,30597,0.22315913324835768,94,29,23,6,0.7931034482758621,0.6914893617021277,23.0,0.692102887281621,0,ppdai_imb77,gbdt
0,0.3,most_risky,0.759,0.5,0.08298755186721991,0.0,5000,0.2366,0,0,0,0,0.0,0.0,0.0,0.0,1,ppdai_imb77,gbdt
1,0.3,most_risky,0.7554527428949108,0.43243243243243246,0.043835616438356165,-0.13513513513513514,7564,0.2297726070861978,85,26,14,12,0.5384615384615384,0.49411764705882355,14.0,0.7264411625507902,1,ppdai_imb77,gbdt
2,0.3,most_risky,0.769723865877712,0.5882352941176471,0.06302521008403361,0.17647058823529413,10137,0.2304429318338759,72,22,15,7,0.6818181818181818,0.6666666666666666,15.0,0.6713974127687453,1,ppdai_imb77,gbdt
3,0.3,most_risky,0.7695635076681085,0.5245901639344263,0.05432937181663837,0.04918032786885246,12713,0.22913553055927005,68,21,14,7,0.6666666666666666,0.6323529411764706,14.0,0.6623187091211944,1,ppdai_imb77,gbdt
4,0.3,most_risky,0.7701863354037267,0.5147058823529411,0.04964539007092199,0.029411764705882353,15292,0.22704682186764322,63,19,10,9,0.5263157894736842,0.6031746031746031,10.0,0.6760362347025061,1,ppdai_imb77,gbdt
5,0.3,most_risky,0.7832539904788575,0.6,0.060759493670886074,0.2,17852,0.22501680483979386,91,28,18,10,0.6428571428571429,0.6153846153846154,18.0,0.7119119418146219,1,ppdai_imb77,gbdt
6,0.3,most_risky,0.7770700636942676,0.6530612244897959,0.06808510638297872,0.30612244897959184,20410,0.22572268495835374,93,28,21,7,0.75,0.6021505376344086,21.0,0.6870236885514547,1,ppdai_imb77,gbdt
7,0.3,most_risky,0.7778503046127067,0.5871559633027523,0.06153846153846154,0.1743119266055046,22977,0.22600861731296515,80,24,20,4,0.8333333333333334,0.65,20.0,0.6789365320952211,1,ppdai_imb77,gbdt
8,0.3,most_risky,0.7802585193889542,0.5666666666666667,0.07443082311733801,0.13333333333333333,25530,0.22491186839012925,100,30,23,7,0.7666666666666667,0.66,23.0,0.7135825315605733,1,ppdai_imb77,gbdt
9,0.3,most_risky,0.7773228907084372,0.6046511627906976,0.06103286384976526,0.20930232558139536,28090,0.22534709861160557,90,27,17,10,0.6296296296296297,0.5888888888888889,17.0,0.6648919988097569,1,ppdai_imb77,gbdt
10,0.3,most_risky,0.7831973898858074,0.6484375,0.06071689831748354,0.296875,30647,0.2231539791823017,95,29,20,9,0.6896551724137931,0.6526315789473685,20.0,0.6785187057112287,1,ppdai_imb77,gbdt
0,0.3,most_risky,0.785,0.4883720930232558,0.09813084112149532,-0.023255813953488372,5000,0.2286,0,0,0,0,0.0,0.0,0.0,0.0,2,ppdai_imb77,gbdt
1,0.3,most_risky,0.7982747179827472,0.6615384615384615,0.13230769230769232,0.3230769230769231,7532,0.2257036643653744,131,40,27,13,0.675,0.6259541984732825,27.0,0.7310451156047474,2,ppdai_imb77,gbdt
2,0.3,most_risky,0.7994041708043694,0.5584415584415584,0.10411622276029056,0.11688311688311688,10069,0.22226636210149966,123,37,24,13,0.6486486486486487,0.6016260162601627,24.0,0.7093911794845826,2,ppdai_imb77,gbdt
3,0.3,most_risky,0.7915180340864051,0.6049382716049383,0.09023941068139964,0.20987654320987653,12612,0.2198699651125912,115,35,24,11,0.6857142857142857,0.5478260869565217,24.0,0.697769301923088,2,ppdai_imb77,gbdt
4,0.3,most_risky,0.7968337730870713,0.6373626373626373,0.0904836193447738,0.27472527472527475,15158,0.2221269296740995,110,33,19,14,0.5757575757575758,0.509090909090909,19.0,0.7049479986552522,2,ppdai_imb77,gbdt
5,0.3,most_risky,0.7888794806661021,0.49557522123893805,0.0749665327978581,-0.008849557522123894,17713,0.22141929656184722,98,30,22,8,0.7333333333333333,0.5918367346938775,22.0,0.690680836550696,2,ppdai_imb77,gbdt
6,0.3,most_risky,0.7896815601086151,0.6421052631578947,0.06939704209328783,0.28421052631578947,20252,0.22121271973138457,120,36,25,11,0.6944444444444444,0.5416666666666666,25.0,0.715960253601017,2,ppdai_imb77,gbdt
7,0.3,most_risky,0.7812842428227044,0.635593220338983,0.07281553398058252,0.2711864406779661,22812,0.22168157110292827,90,27,18,9,0.6666666666666666,0.5777777777777777,18.0,0.6739586679164011,2,ppdai_imb77,gbdt
8,0.3,most_risky,0.7940886699507389,0.6614173228346457,0.07734806629834254,0.3228346456692913,25373,0.22252000157647894,89,27,17,10,0.6296296296296297,0.6404494382022472,17.0,0.7016171148264305,2,ppdai_imb77,gbdt
9,0.3,most_risky,0.7923751566135672,0.6870229007633588,0.07444168734491315,0.37404580152671757,27931,0.22179657011922238,94,29,24,5,0.8275862068965517,0.5957446808510638,24.0,0.6801172662130972,2,ppdai_imb77,gbdt
10,0.3,most_risky,0.7836995736306986,0.6616541353383458,0.06461086637298091,0.3233082706766917,30488,0.22228417738126477,95,29,18,11,0.6206896551724138,0.6421052631578947,18.0,0.6655583706186429,2,ppdai_imb77,gbdt
0,0.3,most_risky,0.774,0.5416666666666666,0.11304347826086956,0.08333333333333333,5000,0.2296,0,0,0,0,0.0,0.0,0.0,0.0,3,ppdai_imb77,gbdt
1,0.3,most_risky,0.7947019867549668,0.6382978723404256,0.09287925696594428,0.2765957446808511,7546,0.2278028094354625,111,34,19,15,0.5588235294117647,0.5135135135135135,19.0,0.7315413401181456,3,ppdai_imb77,gbdt
2,0.3,most_risky,0.7879088206144698,0.6825396825396826,0.09534368070953436,0.36507936507936506,10089,0.2256913470115968,115,35,24,11,0.6857142857142857,0.591304347826087,24.0,0.7349614033454888,3,ppdai_imb77,gbdt
3,0.3,most_risky,0.7975484381178332,0.5753424657534246,0.08030592734225621,0.1506849315068493,12645,0.22601818900751286,96,29,19,10,0.6551724137931034,0.65625,19.0,0.7215750112137089,3,ppdai_imb77,gbdt
4,0.3,most_risky,0.787828947368421,0.7236842105263158,0.08100147275405008,0.4473684210526316,15199,0.22540956641884335,99,30,20,10,0.6666666666666666,0.5757575757575758,20.0,0.687540393844528,3,ppdai_imb77,gbdt
5,0.3,most_risky,0.7841868317388858,0.6020408163265306,0.07496823379923762,0.20408163265306123,17770,0.2249296567248171,75,23,14,9,0.6086956521739131,0.5333333333333333,14.0,0.68736481946152,3,ppdai_imb77,gbdt
6,0.3,most_risky,0.7757560855667568,0.6145833333333334,0.06316916488222699,0.22916666666666666,20333,0.22441351497565534,87,27,18,9,0.6666666666666666,0.5632183908045977,18.0,0.7010636986727369,3,ppdai_imb77,gbdt
7,0.3,most_risky,0.7903930131004366,0.5945945945945946,0.0672782874617737,0.1891891891891892,22900,0.2234061135371179,81,25,14,11,0.56,0.5802469135802469,14.0,0.6806935413597257,3,ppdai_imb77,gbdt
8,0.3,most_risky,0.7793049283330061,0.6198347107438017,0.06504770164787511,0.2396694214876033,25462,0.22229204304453695,88,27,15,12,0.5555555555555556,0.6590909090909091,15.0,0.6840933208742771,3,ppdai_imb77,gbdt
9,0.3,most_risky,0.7869379014989293,0.5555555555555556,0.053852526926263466,0.1111111111111111,28020,0.22244825124910778,94,29,21,8,0.7241379310344828,0.6914893617021277,21.0,0.6599859341402939,3,ppdai_imb77,gbdt
10,0.3,most_risky,0.7928045789043336,0.5203252032520326,0.050314465408805034,0.04065040650406504,30573,0.22225493082131292,101,31,21,10,0.6774193548387096,0.6831683168316832,21.0,0.6737199402384172,3,ppdai_imb77,gbdt
0,0.3,most_risky,0.779,0.56,0.12334801762114538,0.12,5000,0.2324,0,0,0,0,0.0,0.0,0.0,0.0,4,ppdai_imb77,gbdt
1,0.3,most_risky,0.7788141239173884,0.6153846153846154,0.11527377521613832,0.23076923076923078,7505,0.22638241172551632,169,51,32,19,0.6274509803921569,0.5621301775147929,32.0,0.7537466312828858,4,ppdai_imb77,gbdt
2,0.3,most_risky,0.794425087108014,0.7,0.09610983981693363,0.4,10041,0.22537595856986356,125,38,26,12,0.6842105263157895,0.632,26.0,0.7584968335830492,4,ppdai_imb77,gbdt
3,0.3,most_risky,0.78060413354531,0.5930232558139535,0.0897887323943662,0.18604651162790697,12579,0.2204467763733206,122,37,26,11,0.7027027027027027,0.5737704918032787,26.0,0.7197864026075722,4,ppdai_imb77,gbdt
4,0.3,most_risky,0.7842035690680766,0.6235294117647059,0.07863501483679525,0.24705882352941178,15130,0.21830799735624587,103,31,22,9,0.7096774193548387,0.6310679611650486,22.0,0.702030267513322,4,ppdai_imb77,gbdt
5,0.3,most_risky,0.7709276018099548,0.59,0.07125603864734299,0.18,17679,0.21980881271565134,107,33,21,12,0.6363636363636364,0.5794392523364486,21.0,0.6929406913940144,4,ppdai_imb77,gbdt
6,0.3,most_risky,0.7935802469135802,0.6186440677966102,0.08449074074074074,0.23728813559322035,20246,0.21885804603378445,81,25,19,6,0.76,0.6296296296296297,19.0,0.6988523538782249,4,ppdai_imb77,gbdt
7,0.3,most_risky,0.7965804471722928,0.6388888888888888,0.0720250521920668,0.2777777777777778,22809,0.2187294489017493,86,26,14,12,0.5384615384615384,0.5930232558139535,14.0,0.698505476197731,4,ppdai_imb77,gbdt
8,0.3,most_risky,0.793062672447773,0.7008547008547008,0.07474931631722881,0.4017094017094017,25366,0.2203343057636206,95,29,19,10,0.6551724137931034,0.6,19.0,0.71329981668161,4,ppdai_imb77,gbdt
9,0.3,most_risky,0.7891533918023984,0.5748031496062992,0.06098579782790309,0.14960629921259844,27931,0.2226200279259604,84,26,16,10,0.6153846153846154,0.5595238095238095,16.0,0.7013509839476586,4,ppdai_imb77,gbdt
10,0.3,most_risky,0.7883259550746023,0.608,0.057663125948406675,0.216,30495,0.2220363994097393,85,26,16,10,0.6153846153846154,0.5411764705882353,16.0,0.6974414864187234,4,ppdai_imb77,gbdt
0,0.5,most_risky,0.804,0.7021276595744681,0.15348837209302327,0.40425531914893614,5000,0.2248,0,0,0,0,0.0,0.0,0.0,0.0,0,ppdai_imb77,gbdt
1,0.5,most_risky,0.7730870712401056,0.5416666666666666,0.07471264367816093,0.08333333333333333,7579,0.22615120728328275,88,44,24,20,0.5454545454545454,0.5454545454545454,24.0,0.6829366946575682,0,ppdai_imb77,gbdt
2,0.5,most_risky,0.7883858267716536,0.5555555555555556,0.10250569476082004,0.1111111111111111,10157,0.222408191395097,90,45,30,15,0.6666666666666666,0.6333333333333333,30.0,0.6624938809798405,0,ppdai_imb77,gbdt
3,0.5,most_risky,0.7909626719056975,0.6382978723404256,0.10752688172043011,0.2765957446808511,12722,0.22229209243829587,116,58,34,24,0.5862068965517241,0.5172413793103449,34.0,0.6573694752591285,0,ppdai_imb77,gbdt
4,0.5,most_risky,0.7796665576985943,0.61,0.08764367816091954,0.22,15293,0.2238278951154123,104,52,39,13,0.75,0.6442307692307693,39.0,0.66438279362888,0,ppdai_imb77,gbdt
5,0.5,most_risky,0.7775601566871853,0.5431034482758621,0.0782608695652174,0.08620689655172414,17869,0.22407521405786557,95,48,28,20,0.5833333333333334,0.5578947368421052,28.0,0.6829229572868791,0,ppdai_imb77,gbdt
6,0.5,most_risky,0.7843520782396088,0.591304347826087,0.0753045404208195,0.1826086956521739,20449,0.2230426915741601,87,44,20,24,0.45454545454545453,0.5057471264367817,20.0,0.6425138797167403,0,ppdai_imb77,gbdt
7,0.5,most_risky,0.7870169344333479,0.5798319327731093,0.069,0.15966386554621848,23030,0.22579244463742945,85,43,34,9,0.7906976744186046,0.7411764705882353,34.0,0.6549101308876821,0,ppdai_imb77,gbdt
8,0.5,most_risky,0.7827444856529377,0.6347826086956522,0.06381118881118882,0.26956521739130435,25612,0.223957519912541,83,42,23,19,0.5476190476190477,0.6506024096385542,23.0,0.6434888561888018,0,ppdai_imb77,gbdt
9,0.5,most_risky,0.7802412202908833,0.6301369863013698,0.07204385277995301,0.2602739726027397,28189,0.2242718791017773,92,46,29,17,0.6304347826086957,0.5869565217391305,29.0,0.6419809066809723,0,ppdai_imb77,gbdt
10,0.5,most_risky,0.7838452787258248,0.6909090909090909,0.08183776022972003,0.38181818181818183,30765,0.22476840565577766,94,47,39,8,0.8297872340425532,0.723404255319149,39.0,0.6546343025373208,0,ppdai_imb77,gbdt
0,0.5,most_risky,0.759,0.5,0.08298755186721991,0.0,5000,0.2366,0,0,0,0,0.0,0.0,0.0,0.0,1,ppdai_imb77,gbdt
1,0.5,most_risky,0.7745550428477258,0.5882352941176471,0.05747126436781609,0.17647058823529413,7581,0.23044453238359056,85,43,23,20,0.5348837209302325,0.49411764705882355,23.0,0.6763102909201647,1,ppdai_imb77,gbdt
2,0.5,most_risky,0.7753195673549655,0.5588235294117647,0.08172043010752689,0.11764705882352941,10167,0.23182846464050358,75,38,26,12,0.6842105263157895,0.6266666666666667,26.0,0.6697102375240029,1,ppdai_imb77,gbdt
3,0.5,most_risky,0.777734221873775,0.5846153846153846,0.0657439446366782,0.16923076923076924,12755,0.23104664837318697,71,36,28,8,0.7777777777777778,0.6197183098591549,28.0,0.6513427627765292,1,ppdai_imb77,gbdt
4,0.5,most_risky,0.7650700553926361,0.5844155844155844,0.06130790190735695,0.16883116883116883,15345,0.22913000977517106,67,34,22,12,0.6470588235294118,0.5970149253731343,22.0,0.6372554958145142,1,ppdai_imb77,gbdt
5,0.5,most_risky,0.7781808035714286,0.6068376068376068,0.08658536585365853,0.21367521367521367,17918,0.22697845741712244,100,50,29,21,0.58,0.61,29.0,0.6736559600965193,1,ppdai_imb77,gbdt
6,0.5,most_risky,0.7775609756097561,0.6466165413533834,0.0904311251314406,0.2932330827067669,20499,0.22786477389140933,84,42,32,10,0.7619047619047619,0.6309523809523809,32.0,0.6676219444899798,1,ppdai_imb77,gbdt
7,0.5,most_risky,0.7758284600389863,0.5850340136054422,0.08113207547169811,0.17006802721088435,23081,0.2280663749404272,83,42,30,12,0.7142857142857143,0.6626506024096386,30.0,0.6401697687592043,1,ppdai_imb77,gbdt
8,0.5,most_risky,0.7772364061586435,0.6569767441860465,0.09440267335004177,0.313953488372093,25653,0.22710794059174366,103,52,37,15,0.7115384615384616,0.6504854368932039,37.0,0.6775312636147147,1,ppdai_imb77,gbdt
9,0.5,most_risky,0.7860811050115105,0.6428571428571429,0.08598726114649681,0.2857142857142857,28233,0.22764141253143486,87,44,29,15,0.6590909090909091,0.5977011494252874,29.0,0.643059808580059,1,ppdai_imb77,gbdt
10,0.5,most_risky,0.7855867553968512,0.6826347305389222,0.0824891461649783,0.3652694610778443,30805,0.22541795163122869,103,52,38,14,0.7307692307692307,0.6990291262135923,38.0,0.6491715845304464,1,ppdai_imb77,gbdt
0,0.5,most_risky,0.785,0.4883720930232558,0.09813084112149532,-0.023255813953488372,5000,0.2286,0,0,0,0,0.0,0.0,0.0,0.0,2,ppdai_imb77,gbdt
1,0.5,most_risky,0.7757936507936508,0.5652173913043478,0.11206896551724138,0.13043478260869565,7558,0.22744112198994443,131,66,46,20,0.696969696969697,0.6259541984732825,46.0,0.6841401757860888,2,ppdai_imb77,gbdt
2,0.5,most_risky,0.7958477508650519,0.5802469135802469,0.11032863849765258,0.16049382716049382,10113,0.2254523880154257,136,68,46,22,0.6764705882352942,0.5367647058823529,46.0,0.675284336006943,2,ppdai_imb77,gbdt
3,0.5,most_risky,0.7817679558011049,0.5913978494623656,0.09649122807017543,0.1827956989247312,12669,0.222827373904807,135,68,45,23,0.6617647058823529,0.562962962962963,45.0,0.6793671467887042,2,ppdai_imb77,gbdt
4,0.5,most_risky,0.7840498851329176,0.5576923076923077,0.08656716417910448,0.11538461538461539,15231,0.22467336353489595,122,61,35,26,0.5737704918032787,0.5491803278688525,35.0,0.6696614158437775,2,ppdai_imb77,gbdt
5,0.5,most_risky,0.7851123595505618,0.5714285714285714,0.09693877551020408,0.14285714285714285,17800,0.22393258426966292,108,54,37,17,0.6851851851851852,0.5925925925925926,37.0,0.6897842082557278,2,ppdai_imb77,gbdt
6,0.5,most_risky,0.7959734839184877,0.6116504854368932,0.07377049180327869,0.22330097087378642,20364,0.22348261638185032,118,59,36,23,0.6101694915254238,0.5847457627118644,36.0,0.673125157753375,2,ppdai_imb77,gbdt
7,0.5,most_risky,0.7803921568627451,0.6616541353383458,0.08372978116079924,0.3233082706766917,22946,0.22430924779918068,83,42,32,10,0.7619047619047619,0.5662650602409639,32.0,0.6555263345405736,2,ppdai_imb77,gbdt
8,0.5,most_risky,0.7792360430950049,0.6590909090909091,0.09805579036348266,0.3181818181818182,25524,0.22523899075380036,90,45,31,14,0.6888888888888889,0.6444444444444445,31.0,0.6779125649651638,2,ppdai_imb77,gbdt
9,0.5,most_risky,0.7877224199288256,0.7161290322580646,0.0880952380952381,0.432258064516129,28097,0.2241520447022814,100,50,35,15,0.7,0.67,35.0,0.6604321944637671,2,ppdai_imb77,gbdt
10,0.5,most_risky,0.7905460472697636,0.6329787234042553,0.08913857677902622,0.26595744680851063,30674,0.2247180022168612,92,46,30,16,0.6521739130434783,0.6521739130434783,30.0,0.6465808641106197,2,ppdai_imb77,gbdt
0,0.5,most_risky,0.774,0.5416666666666666,0.11304347826086956,0.08333333333333333,5000,0.2296,0,0,0,0,0.0,0.0,0.0,0.0,3,ppdai_imb77,gbdt
1,0.5,most_risky,0.7807133421400264,0.5510204081632653,0.08011869436201781,0.10204081632653061,7568,0.2285940803382664,111,56,30,26,0.5357142857142857,0.5135135135135135,30.0,0.6966773390661233,3,ppdai_imb77,gbdt
2,0.5,most_risky,0.77465483234714,0.5853658536585366,0.10191082802547771,0.17073170731707318,10140,0.2272189349112426,103,52,34,18,0.6538461538461539,0.6019417475728155,34.0,0.7048512222437314,3,ppdai_imb77,gbdt
3,0.5,most_risky,0.7801808887141172,0.5280898876404494,0.08333333333333333,0.056179775280898875,12714,0.22840962718263333,98,49,29,20,0.5918367346938775,0.5510204081632653,29.0,0.7004290385576319,3,ppdai_imb77,gbdt
4,0.5,most_risky,0.7724002616088947,0.6226415094339622,0.09141274238227147,0.24528301886792453,15286,0.2280518121156614,102,51,36,15,0.7058823529411765,0.5784313725490197,36.0,0.6902935508453041,3,ppdai_imb77,gbdt
5,0.5,most_risky,0.7789591494124231,0.5641025641025641,0.08198757763975155,0.1282051282051282,17866,0.22719131310869808,87,44,27,17,0.6136363636363636,0.5862068965517241,27.0,0.6452551407298537,3,ppdai_imb77,gbdt
6,0.5,most_risky,0.772805086818293,0.56,0.07415254237288135,0.12,20443,0.22643447634887248,93,47,28,19,0.5957446808510638,0.5913978494623656,28.0,0.6583962190091665,3,ppdai_imb77,gbdt
7,0.5,most_risky,0.784799131378936,0.5958904109589042,0.08537782139352307,0.1917808219178082,23022,0.22565372252627922,89,45,31,14,0.6888888888888889,0.5730337078651685,31.0,0.6406186004316333,3,ppdai_imb77,gbdt
8,0.5,most_risky,0.7833984375,0.6484848484848484,0.0924006908462867,0.296969696969697,25597,0.22483103488690082,97,49,36,13,0.7346938775510204,0.6494845360824743,36.0,0.639294285548112,3,ppdai_imb77,gbdt
9,0.5,most_risky,0.7875399361022364,0.5494505494505495,0.0823045267489712,0.0989010989010989,28170,0.22502662406815763,100,50,33,17,0.66,0.66,33.0,0.6242790775433964,3,ppdai_imb77,gbdt
10,0.5,most_risky,0.7883864671437866,0.6363636363636364,0.08302446256486286,0.2727272727272727,30738,0.22496584032793285,110,55,41,14,0.7454545454545455,0.6818181818181818,41.0,0.6602076876173976,3,ppdai_imb77,gbdt
0,0.5,most_risky,0.779,0.56,0.12334801762114538,0.12,5000,0.2324,0,0,0,0,0.0,0.0,0.0,0.0,4,ppdai_imb77,gbdt
1,0.5,most_risky,0.7725464190981433,0.5964912280701754,0.096045197740113,0.19298245614035087,7539,0.22761639474731396,169,85,49,36,0.5764705882352941,0.5621301775147929,49.0,0.7132201252337445,4,ppdai_imb77,gbdt
2,0.5,most_risky,0.7743691241959426,0.4838709677419355,0.09933774834437085,-0.03225806451612903,10102,0.2277766778855672,121,61,42,19,0.6885245901639344,0.6115702479338843,42.0,0.6890536948857533,4,ppdai_imb77,gbdt
3,0.5,most_risky,0.7811141841169498,0.6170212765957447,0.10069444444444445,0.23404255319148937,12653,0.22295107879554255,144,72,43,29,0.5972222222222222,0.5347222222222222,43.0,0.697538713484363,4,ppdai_imb77,gbdt
4,0.5,most_risky,0.7782522996057819,0.6057692307692307,0.09038737446197992,0.21153846153846154,15218,0.22131686161124983,116,58,39,19,0.6724137931034483,0.5603448275862069,39.0,0.6616747652636155,4,ppdai_imb77,gbdt
5,0.5,most_risky,0.7743114109050028,0.664,0.09834123222748815,0.328,17788,0.223015516078255,107,54,33,21,0.6111111111111112,0.5420560747663551,33.0,0.6722921462603876,4,ppdai_imb77,gbdt
6,0.5,most_risky,0.7825233186057928,0.5985915492957746,0.09299781181619256,0.19718309859154928,20368,0.22201492537313433,86,43,31,12,0.7209302325581395,0.6162790697674418,31.0,0.6679765072419916,4,ppdai_imb77,gbdt
7,0.5,most_risky,0.7818696883852692,0.5590062111801242,0.08823529411764706,0.11801242236024845,22945,0.22196556984092394,92,46,27,19,0.5869565217391305,0.5543478260869565,27.0,0.6825111565028645,4,ppdai_imb77,gbdt
8,0.5,most_risky,0.7897315304722712,0.6376811594202898,0.07920792079207921,0.2753623188405797,25512,0.22330667920978364,113,57,37,20,0.6491228070175439,0.6283185840707964,37.0,0.6775061893042519,4,ppdai_imb77,gbdt
9,0.5,most_risky,0.7881808472766109,0.6060606060606061,0.08163265306122448,0.21212121212121213,28088,0.22543434918826546,95,48,29,19,0.6041666666666666,0.5684210526315789,29.0,0.6666414394571462,4,ppdai_imb77,gbdt
10,0.5,most_risky,0.7868905918799934,0.5862068965517241,0.0762902019446522,0.1724137931034483,30665,0.22465351377792273,93,47,27,20,0.574468085106383,0.5698924731182796,27.0,0.6790308165385366,4,ppdai_imb77,gbdt
0,0.75,most_risky,0.804,0.7021276595744681,0.15348837209302327,0.40425531914893614,5000,0.2248,0,0,0,0,0.0,0.0,0.0,0.0,0,ppdai_imb77,gbdt
1,0.75,most_risky,0.7830374753451677,0.6666666666666666,0.09248554913294797,0.3333333333333333,7601,0.22694382318116038,88,66,35,31,0.5303030303030303,0.5454545454545454,35.0,0.6434677364320398,0,ppdai_imb77,gbdt
2,0.75,most_risky,0.787359137677609,0.6231884057971014,0.09534368070953436,0.2463768115942029,10204,0.224421795374363,82,62,44,18,0.7096774193548387,0.6219512195121951,44.0,0.6505909432902521,0,ppdai_imb77,gbdt
3,0.75,most_risky,0.780859375,0.5416666666666666,0.1138353765323993,0.08333333333333333,12800,0.224296875,108,81,48,33,0.5925925925925926,0.5740740740740741,48.0,0.6186153731404728,0,ppdai_imb77,gbdt
4,0.75,most_risky,0.7847402597402597,0.6216216216216216,0.1,0.24324324324324326,15397,0.2257582645969994,106,80,55,25,0.6875,0.6886792452830188,55.0,0.6349506335323696,0,ppdai_imb77,gbdt
5,0.75,most_risky,0.7791666666666667,0.5602836879432624,0.09729064039408868,0.12056737588652482,17996,0.22610580128917537,98,74,42,32,0.5675675675675675,0.5612244897959183,42.0,0.6440126230191044,0,ppdai_imb77,gbdt
6,0.75,most_risky,0.7825242718446602,0.5961538461538461,0.10043196544276457,0.19230769230769232,20596,0.22518935715672947,93,70,32,38,0.45714285714285713,0.4731182795698925,32.0,0.6015897835372078,0,ppdai_imb77,gbdt
7,0.75,most_risky,0.7773706896551724,0.5915492957746479,0.07932011331444759,0.18309859154929578,23197,0.2280467301806268,91,69,47,22,0.6811594202898551,0.6923076923076923,47.0,0.6290467693749355,0,ppdai_imb77,gbdt
8,0.75,most_risky,0.7849254020538655,0.5843373493975904,0.0852372583479789,0.1686746987951807,25801,0.22661912328979497,76,57,33,24,0.5789473684210527,0.5657894736842105,33.0,0.6314147788261469,0,ppdai_imb77,gbdt
9,0.75,most_risky,0.776975884527372,0.5822784810126582,0.0711523588553751,0.16455696202531644,28403,0.22691265007217548,87,66,38,28,0.5757575757575758,0.5862068965517241,38.0,0.6264038632131215,0,ppdai_imb77,gbdt
10,0.75,most_risky,0.7850346718271246,0.6634146341463415,0.09714285714285714,0.32682926829268294,31005,0.22751169166263505,85,64,48,16,0.75,0.7176470588235294,48.0,0.631014475244928,0,ppdai_imb77,gbdt
0,0.75,most_risky,0.759,0.5,0.08298755186721991,0.0,5000,0.2366,0,0,0,0,0.0,0.0,0.0,0.0,1,ppdai_imb77,gbdt
1,0.75,most_risky,0.7679158448389217,0.5957446808510638,0.07734806629834254,0.19148936170212766,7602,0.23138647724283085,85,64,35,29,0.546875,0.49411764705882355,35.0,0.6362844666303377,1,ppdai_imb77,gbdt
2,0.75,most_risky,0.7571008814887366,0.46835443037974683,0.07535641547861507,-0.06329113924050633,10207,0.23297736847261682,74,56,35,21,0.625,0.6351351351351351,35.0,0.6243211981948306,1,ppdai_imb77,gbdt
3,0.75,most_risky,0.7685402029664324,0.5,0.06408094435075885,0.0,12809,0.23194628776641424,87,66,40,26,0.6060606060606061,0.6091954022988506,40.0,0.6276221865555502,1,ppdai_imb77,gbdt
4,0.75,most_risky,0.7714007782101168,0.5728155339805825,0.08194444444444444,0.14563106796116504,15418,0.23018549747048903,59,45,30,15,0.6666666666666666,0.6610169491525424,30.0,0.6367268548729359,1,ppdai_imb77,gbdt
5,0.75,most_risky,0.7846836847946725,0.5528455284552846,0.08618504435994931,0.10569105691056911,18016,0.2285746003552398,100,75,49,26,0.6533333333333333,0.63,49.0,0.6282783240914965,1,ppdai_imb77,gbdt
6,0.75,most_risky,0.7710960232783706,0.6016949152542372,0.07334710743801653,0.2033898305084746,20616,0.22919091967403957,95,72,41,31,0.5694444444444444,0.6210526315789474,41.0,0.615897057715821,1,ppdai_imb77,gbdt
7,0.75,most_risky,0.7795004306632214,0.6428571428571429,0.08458646616541353,0.2857142857142857,23220,0.22967269595176573,77,58,44,14,0.7586206896551724,0.7012987012987013,44.0,0.6098828491016286,1,ppdai_imb77,gbdt
8,0.75,most_risky,0.7699457784663052,0.6149732620320856,0.0934199837530463,0.22994652406417113,25819,0.2288624656260893,96,72,49,23,0.6805555555555556,0.6770833333333334,49.0,0.6427029353409893,1,ppdai_imb77,gbdt
9,0.75,most_risky,0.7830752990851513,0.6517412935323383,0.10123647604327667,0.3034825870646766,28419,0.22949435236989338,92,69,43,26,0.6231884057971014,0.5869565217391305,43.0,0.6120845354337588,1,ppdai_imb77,gbdt
10,0.75,most_risky,0.7825596389426177,0.6613756613756614,0.08865248226950355,0.32275132275132273,31018,0.22764201431426914,97,73,53,20,0.726027397260274,0.6701030927835051,53.0,0.6133505239732033,1,ppdai_imb77,gbdt
0,0.75,most_risky,0.785,0.4883720930232558,0.09813084112149532,-0.023255813953488372,5000,0.2286,0,0,0,0,0.0,0.0,0.0,0.0,2,ppdai_imb77,gbdt
1,0.75,most_risky,0.793285055957867,0.6338028169014085,0.13513513513513514,0.2676056338028169,7591,0.22921881175075748,131,99,67,32,0.6767676767676768,0.6259541984732825,67.0,0.6451495733827628,2,ppdai_imb77,gbdt
2,0.75,most_risky,0.7879234167893961,0.6506024096385542,0.11816192560175055,0.30120481927710846,10183,0.22714327801237355,127,96,60,36,0.625,0.5905511811023622,60.0,0.6266446834469913,2,ppdai_imb77,gbdt
3,0.75,most_risky,0.7902973395931142,0.6153846153846154,0.11428571428571428,0.23076923076923078,12778,0.22483956800751292,114,86,55,31,0.6395348837209303,0.6052631578947368,55.0,0.6374466224592308,2,ppdai_imb77,gbdt
4,0.75,most_risky,0.7879674796747967,0.6209677419354839,0.11290322580645161,0.24193548387096775,15371,0.22737622796174614,121,91,55,36,0.6043956043956044,0.5289256198347108,55.0,0.6266143138313389,2,ppdai_imb77,gbdt
5,0.75,most_risky,0.7885364496382861,0.6323529411764706,0.10804020100502512,0.2647058823529412,17969,0.2268351049028883,103,78,47,31,0.6025641025641025,0.5533980582524272,47.0,0.6510495470146072,2,ppdai_imb77,gbdt
6,0.75,most_risky,0.7957695113056164,0.5657894736842105,0.1,0.13157894736842105,20564,0.22636646566815793,115,87,47,40,0.5402298850574713,0.5739130434782609,47.0,0.6229023152872448,2,ppdai_imb77,gbdt
7,0.75,most_risky,0.78717893373624,0.6455696202531646,0.09883720930232558,0.2911392405063291,23164,0.2268606458297358,92,69,46,23,0.6666666666666666,0.6195652173913043,46.0,0.6205113014063014,2,ppdai_imb77,gbdt
8,0.75,most_risky,0.7800854037267081,0.5743589743589743,0.0963855421686747,0.14871794871794872,25760,0.2279114906832298,109,82,55,27,0.6707317073170732,0.6238532110091743,55.0,0.6178399076732846,2,ppdai_imb77,gbdt
9,0.75,most_risky,0.7898448519040903,0.6861702127659575,0.10221870047543581,0.3723404255319149,28358,0.2269200930954228,103,78,49,29,0.6282051282051282,0.6407766990291263,49.0,0.6282800346942208,2,ppdai_imb77,gbdt
10,0.75,most_risky,0.7817800032304959,0.6304347826086957,0.08291636883488206,0.2608695652173913,30954,0.2276280932997351,109,82,54,28,0.6585365853658537,0.6238532110091743,54.0,0.6034547693134221,2,ppdai_imb77,gbdt
0,0.75,most_risky,0.774,0.5416666666666666,0.11304347826086956,0.08333333333333333,5000,0.2296,0,0,0,0,0.0,0.0,0.0,0.0,3,ppdai_imb77,gbdt
1,0.75,most_risky,0.7802631578947369,0.5686274509803921,0.08504398826979472,0.13725490196078433,7596,0.22985781990521326,111,84,46,38,0.5476190476190477,0.5135135135135135,46.0,0.653843121150548,3,ppdai_imb77,gbdt
2,0.75,most_risky,0.7690044139283962,0.5747126436781609,0.10330578512396695,0.14942528735632185,10195,0.22883766552231485,98,74,47,27,0.6351351351351351,0.6326530612244898,47.0,0.6736583542713961,3,ppdai_imb77,gbdt
3,0.75,most_risky,0.774609375,0.5871559633027523,0.10738255033557047,0.1743119266055046,12798,0.2302703547429286,81,61,39,22,0.639344262295082,0.6172839506172839,39.0,0.6457953567023088,3,ppdai_imb77,gbdt
4,0.75,most_risky,0.7698051948051948,0.5648854961832062,0.10192837465564739,0.1297709923664122,15397,0.22991491849061504,97,73,46,27,0.6301369863013698,0.5979381443298969,46.0,0.6312374840282579,3,ppdai_imb77,gbdt
5,0.75,most_risky,0.7752777777777777,0.66,0.07847800237812129,0.32,17996,0.22932873971993775,98,74,46,28,0.6216216216216216,0.5714285714285714,46.0,0.6159649300271467,3,ppdai_imb77,gbdt
6,0.75,most_risky,0.7745145631067961,0.5785714285714286,0.08517350157728706,0.15714285714285714,20599,0.22865187630467498,80,60,37,23,0.6166666666666667,0.6375,37.0,0.6287336959557643,3,ppdai_imb77,gbdt
7,0.75,most_risky,0.7873303167420814,0.5870967741935483,0.08974358974358974,0.17419354838709677,23204,0.2279779348388209,75,57,38,19,0.6666666666666666,0.5866666666666667,38.0,0.6063002008092265,3,ppdai_imb77,gbdt
8,0.75,most_risky,0.7802751404766518,0.6127167630057804,0.09036658141517477,0.2254335260115607,25802,0.22734671730873576,103,78,54,24,0.6923076923076923,0.6310679611650486,54.0,0.6174121716979607,3,ppdai_imb77,gbdt
9,0.75,most_risky,0.7831367716951241,0.6208530805687204,0.10210444271239283,0.24170616113744076,28401,0.22770324988556742,98,74,46,28,0.6216216216216216,0.6326530612244898,46.0,0.6135322788673631,3,ppdai_imb77,gbdt
10,0.75,most_risky,0.7824193548387097,0.5873015873015873,0.08031837916063676,0.1746031746031746,30999,0.22781380044517566,100,75,51,24,0.68,0.66,51.0,0.624023818266762,3,ppdai_imb77,gbdt
0,0.75,most_risky,0.779,0.56,0.12334801762114538,0.12,5000,0.2324,0,0,0,0,0.0,0.0,0.0,0.0,4,ppdai_imb77,gbdt
1,0.75,most_risky,0.7818061964403428,0.6119402985074627,0.11849710982658959,0.22388059701492538,7581,0.2295211713494262,169,127,73,54,0.5748031496062992,0.5621301775147929,73.0,0.6713475537474342,4,ppdai_imb77,gbdt
2,0.75,most_risky,0.7847665847665848,0.6082474226804123,0.12854030501089325,0.21649484536082475,10173,0.23011894229824045,125,94,63,31,0.6702127659574468,0.632,63.0,0.6621416879185392,4,ppdai_imb77,gbdt
3,0.75,most_risky,0.7759498629063847,0.5670103092783505,0.09401709401709402,0.13402061855670103,12761,0.22560927826972807,140,105,57,48,0.5428571428571428,0.5214285714285715,57.0,0.6444791131894518,4,ppdai_imb77,gbdt
4,0.75,most_risky,0.7861328125,0.6124031007751938,0.1151603498542274,0.2248062015503876,15360,0.22415364583333333,96,72,52,20,0.7222222222222222,0.6354166666666666,52.0,0.6307785301432282,4,ppdai_imb77,gbdt
5,0.75,most_risky,0.7769423558897243,0.6524822695035462,0.10900473933649289,0.3049645390070922,17952,0.22571301247771836,126,95,58,37,0.6105263157894737,0.5793650793650794,58.0,0.6295821208200587,4,ppdai_imb77,gbdt
6,0.75,most_risky,0.7820481634638774,0.5764705882352941,0.10629067245119306,0.15294117647058825,20555,0.2245195816103138,83,63,42,21,0.6666666666666666,0.6746987951807228,42.0,0.621010762527655,4,ppdai_imb77,gbdt
7,0.75,most_risky,0.7875188944072554,0.6645161290322581,0.09951690821256039,0.32903225806451614,23151,0.22443954904755734,109,82,51,31,0.6219512195121951,0.5963302752293578,51.0,0.6272672980551434,4,ppdai_imb77,gbdt
8,0.75,most_risky,0.778252427184466,0.6060606060606061,0.08496176720475786,0.21212121212121213,25749,0.2260281952697192,100,75,47,28,0.6266666666666667,0.61,47.0,0.6183056001543475,4,ppdai_imb77,gbdt
9,0.75,most_risky,0.7860670194003527,0.6169154228855721,0.09841269841269841,0.23383084577114427,28350,0.22825396825396826,90,68,42,26,0.6176470588235294,0.5666666666666667,42.0,0.6268860237295372,4,ppdai_imb77,gbdt
10,0.75,most_risky,0.7789983844911147,0.6009615384615384,0.08865248226950355,0.20192307692307693,30950,0.22762520193861066,94,71,44,27,0.6197183098591549,0.5638297872340425,44.0,0.6289733531864226,4,ppdai_imb77,gbdt
0,1.0,most_risky,0.804,0.7021276595744681,0.15348837209302327,0.40425531914893614,5000,0.2248,0,0,0,0,0.0,0.0,0.0,0.0,0,ppdai_imb77,gbdt
1,1.0,most_risky,0.7750819672131147,0.5660377358490566,0.08571428571428572,0.1320754716981132,7623,0.227994227994228,88,88,48,40,0.5454545454545454,0.5454545454545454,48.0,0.6113989715650948,0,ppdai_imb77,gbdt
2,1.0,most_risky,0.7858536585365854,0.6222222222222222,0.12147505422993492,0.24444444444444444,10246,0.22545383564317784,88,88,53,35,0.6022727272727273,0.6022727272727273,53.0,0.6056360114915882,0,ppdai_imb77,gbdt
3,1.0,most_risky,0.7828282828282829,0.5591397849462365,0.0912280701754386,0.11827956989247312,12869,0.22573626544409045,108,108,64,44,0.5925925925925926,0.5925925925925926,64.0,0.6149325639634824,0,ppdai_imb77,gbdt
4,1.0,most_risky,0.7841239109390126,0.5597014925373134,0.10948905109489052,0.11940298507462686,15492,0.22773044151820293,102,102,66,36,0.6470588235294118,0.6470588235294118,66.0,0.6118989076613207,0,ppdai_imb77,gbdt
5,1.0,most_risky,0.7935412641457356,0.5845070422535211,0.10751295336787564,0.16901408450704225,18115,0.22820866685067623,97,97,53,44,0.5463917525773195,0.5463917525773195,53.0,0.6325252845882822,0,ppdai_imb77,gbdt
6,1.0,most_risky,0.7803760848601736,0.5838926174496645,0.09294871794871795,0.16778523489932887,20738,0.2273604011958723,82,82,39,43,0.47560975609756095,0.47560975609756095,39.0,0.5810547634969926,0,ppdai_imb77,gbdt
7,1.0,most_risky,0.7748769527070405,0.5838150289017341,0.09343200740055504,0.1676300578034682,23361,0.23042677967552758,90,90,61,29,0.6777777777777778,0.6777777777777778,61.0,0.5971652612158875,0,ppdai_imb77,gbdt
8,1.0,most_risky,0.7833365403117183,0.6324324324324324,0.09957446808510638,0.2648648648648649,25984,0.22898706896551724,85,85,47,38,0.5529411764705883,0.5529411764705883,47.0,0.5910687381714583,0,ppdai_imb77,gbdt
9,1.0,most_risky,0.7867878364208318,0.6598984771573604,0.10132501948558068,0.3197969543147208,28607,0.2293494599223966,101,101,60,41,0.594059405940594,0.594059405940594,60.0,0.5861345571907881,0,ppdai_imb77,gbdt
10,1.0,most_risky,0.7843419788664745,0.639269406392694,0.09943181818181818,0.2785388127853881,31230,0.23000320204931157,98,98,67,31,0.6836734693877551,0.6836734693877551,67.0,0.5938545222596222,0,ppdai_imb77,gbdt
0,1.0,most_risky,0.759,0.5,0.08298755186721991,0.0,5000,0.2366,0,0,0,0,0.0,0.0,0.0,0.0,1,ppdai_imb77,gbdt
1,1.0,most_risky,0.7744262295081967,0.5,0.06686046511627906,0.0,7623,0.23166732257641348,85,85,42,43,0.49411764705882355,0.49411764705882355,42.0,0.6072480153800798,1,ppdai_imb77,gbdt
2,1.0,most_risky,0.7770731707317073,0.5932203389830508,0.07478632478632478,0.1864406779661017,10246,0.23394495412844038,82,82,49,33,0.5975609756097561,0.5975609756097561,49.0,0.5926448372069648,1,ppdai_imb77,gbdt
3,1.0,most_risky,0.7688422688422688,0.5789473684210527,0.07248764415156507,0.15789473684210525,12869,0.23335146476027663,71,71,38,33,0.5352112676056338,0.5352112676056338,38.0,0.5963641425165304,1,ppdai_imb77,gbdt
4,1.0,most_risky,0.766053565666344,0.6,0.08445040214477212,0.2,15492,0.23173250710043894,80,80,50,30,0.625,0.625,50.0,0.584599191843145,1,ppdai_imb77,gbdt
5,1.0,most_risky,0.7811206182721502,0.6666666666666666,0.0914560770156438,0.3333333333333333,18115,0.2303615788020977,103,103,58,45,0.5631067961165048,0.5631067961165048,58.0,0.5931530127758493,1,ppdai_imb77,gbdt
6,1.0,most_risky,0.7688042430086789,0.6242038216560509,0.09819639278557114,0.2484076433121019,20738,0.23136271578744333,92,92,57,35,0.6195652173913043,0.6195652173913043,57.0,0.5967633168839523,1,ppdai_imb77,gbdt
7,1.0,most_risky,0.7733789856623154,0.6274509803921569,0.08743169398907104,0.2549019607843137,23361,0.2318393904370532,87,87,58,29,0.6666666666666666,0.6666666666666666,58.0,0.5850088024013592,1,ppdai_imb77,gbdt
8,1.0,most_risky,0.771406580719646,0.6040609137055838,0.096826688364524,0.20812182741116753,25984,0.2312192118226601,97,97,65,32,0.6701030927835051,0.6701030927835051,65.0,0.6111774799454059,1,ppdai_imb77,gbdt
9,1.0,most_risky,0.7754281719678434,0.6082949308755761,0.0990990990990991,0.21658986175115208,28607,0.2318313699444192,93,93,58,35,0.6236559139784946,0.6236559139784946,58.0,0.5882037608372055,1,ppdai_imb77,gbdt
10,1.0,most_risky,0.7893051552993916,0.6186770428015564,0.11546840958605664,0.23735408560311283,31230,0.23000320204931157,101,101,67,34,0.6633663366336634,0.6633663366336634,67.0,0.5820935513358353,1,ppdai_imb77,gbdt
0,1.0,most_risky,0.785,0.4883720930232558,0.09813084112149532,-0.023255813953488372,5000,0.2286,0,0,0,0,0.0,0.0,0.0,0.0,2,ppdai_imb77,gbdt
1,1.0,most_risky,0.7986885245901639,0.6935483870967742,0.1299093655589124,0.3870967741935484,7623,0.23022432113341204,131,131,82,49,0.6259541984732825,0.6259541984732825,82.0,0.6150612827049757,2,ppdai_imb77,gbdt
2,1.0,most_risky,0.8063414634146342,0.6627906976744186,0.13411764705882354,0.32558139534883723,10246,0.22867460472379464,125,125,74,51,0.592,0.592,74.0,0.6187288232006684,2,ppdai_imb77,gbdt
3,1.0,most_risky,0.790986790986791,0.5963302752293578,0.11627906976744186,0.1926605504587156,12869,0.2266687388297459,129,129,81,48,0.627906976744186,0.627906976744186,81.0,0.6056702797085249,2,ppdai_imb77,gbdt
4,1.0,most_risky,0.7992900935785737,0.5815602836879432,0.12713178294573643,0.16312056737588654,15492,0.22902143041569842,111,111,61,50,0.5495495495495496,0.5495495495495496,61.0,0.6090197376184231,2,ppdai_imb77,gbdt
5,1.0,most_risky,0.7885730057963014,0.5844155844155844,0.11363636363636363,0.16883116883116883,18115,0.22848468120342258,111,111,65,46,0.5855855855855856,0.5855855855855856,65.0,0.602709021821833,2,ppdai_imb77,gbdt
6,1.0,most_risky,0.7854387656702025,0.59375,0.10326086956521739,0.1875,20738,0.22842125566592728,105,105,63,42,0.6,0.6,63.0,0.6118590284293234,2,ppdai_imb77,gbdt
7,1.0,most_risky,0.7785148726728012,0.5747126436781609,0.0942507068803016,0.14942528735632185,23361,0.22892855614057617,95,95,58,37,0.6105263157894737,0.6105263157894737,58.0,0.588701080174791,2,ppdai_imb77,gbdt
8,1.0,most_risky,0.7781412353280739,0.5988372093023255,0.08677337826453244,0.19767441860465115,25984,0.2300261699507389,109,109,67,42,0.6146788990825688,0.6146788990825688,67.0,0.5989227228142466,2,ppdai_imb77,gbdt
9,1.0,most_risky,0.7883607130373995,0.6061946902654868,0.10881652104845115,0.21238938053097345,28607,0.22924459048484636,85,85,59,26,0.6941176470588235,0.6941176470588235,59.0,0.6063732214985534,2,ppdai_imb77,gbdt
10,1.0,most_risky,0.7841818764008965,0.6379310344827587,0.1048158640226629,0.27586206896551724,31230,0.23000320204931157,106,106,66,40,0.6226415094339622,0.6226415094339622,66.0,0.5907724319933075,2,ppdai_imb77,gbdt
0,1.0,most_risky,0.774,0.5416666666666666,0.11304347826086956,0.08333333333333333,5000,0.2296,0,0,0,0,0.0,0.0,0.0,0.0,3,ppdai_imb77,gbdt
1,1.0,most_risky,0.7737704918032787,0.5306122448979592,0.07471264367816093,0.061224489795918366,7623,0.23048668503213957,111,111,57,54,0.5135135135135135,0.5135135135135135,57.0,0.6213001208211297,3,ppdai_imb77,gbdt
2,1.0,most_risky,0.7848780487804878,0.5333333333333333,0.10738255033557047,0.06666666666666667,10246,0.23023618973257856,107,107,59,48,0.5514018691588785,0.5514018691588785,59.0,0.6277362227070272,3,ppdai_imb77,gbdt
3,1.0,most_risky,0.7754467754467754,0.6078431372549019,0.10333333333333333,0.21568627450980393,12869,0.23187504856632216,100,100,61,39,0.61,0.61,61.0,0.6055746173006417,3,ppdai_imb77,gbdt
4,1.0,most_risky,0.7702484672474992,0.6448598130841121,0.09286675639300135,0.2897196261682243,15492,0.23166795765556417,105,105,59,46,0.5619047619047619,0.5619047619047619,59.0,0.5950339068133159,3,ppdai_imb77,gbdt
5,1.0,most_risky,0.7731162020425062,0.6166666666666667,0.08705882352941176,0.23333333333333334,18115,0.2310792161192382,87,87,49,38,0.5632183908045977,0.5632183908045977,49.0,0.5996486382966492,3,ppdai_imb77,gbdt
6,1.0,most_risky,0.7757955641272902,0.5869565217391305,0.08490566037735849,0.17391304347826086,20738,0.23063940592149676,90,90,54,36,0.6,0.6,54.0,0.593914826064862,3,ppdai_imb77,gbdt
7,1.0,most_risky,0.7815108067622513,0.5604395604395604,0.0977948226270374,0.12087912087912088,23361,0.22982749026154703,85,85,51,34,0.6,0.6,51.0,0.5759119321486907,3,ppdai_imb77,gbdt
8,1.0,most_risky,0.7921878006542236,0.6470588235294118,0.09734513274336283,0.29411764705882354,25984,0.2292179802955665,98,98,62,36,0.6326530612244898,0.6326530612244898,62.0,0.59507079662756,3,ppdai_imb77,gbdt
9,1.0,most_risky,0.7846906675987417,0.6031746031746031,0.08969315499606609,0.20634920634920634,28607,0.22976893767259762,96,96,66,30,0.6875,0.6875,66.0,0.5822505860841758,3,ppdai_imb77,gbdt
10,1.0,most_risky,0.7904258725584374,0.6428571428571429,0.10487982520029134,0.2857142857142857,31230,0.23000320204931157,106,106,67,39,0.6320754716981132,0.6320754716981132,67.0,0.5894710701014938,3,ppdai_imb77,gbdt
0,1.0,most_risky,0.779,0.56,0.12334801762114538,0.12,5000,0.2324,0,0,0,0,0.0,0.0,0.0,0.0,4,ppdai_imb77,gbdt
1,1.0,most_risky,0.7665573770491804,0.6060606060606061,0.10810810810810811,0.21212121212121213,7623,0.2311425947789584,169,169,95,74,0.5621301775147929,0.5621301775147929,95.0,0.6356772151444876,4,ppdai_imb77,gbdt
2,1.0,most_risky,0.7780487804878049,0.5102040816326531,0.10940919037199125,0.02040816326530612,10246,0.23218817099355846,122,122,70,52,0.5737704918032787,0.5737704918032787,70.0,0.6275917649889097,4,ppdai_imb77,gbdt
3,1.0,most_risky,0.7688422688422688,0.5045045045045045,0.09395973154362416,0.009009009009009009,12869,0.2279120366772865,140,140,73,67,0.5214285714285715,0.5214285714285715,73.0,0.6229211769787495,4,ppdai_imb77,gbdt
4,1.0,most_risky,0.7741206840916425,0.6201550387596899,0.1094391244870041,0.24031007751937986,15492,0.22631035373095792,111,111,63,48,0.5675675675675675,0.5675675675675675,63.0,0.6063428790769573,4,ppdai_imb77,gbdt
5,1.0,most_risky,0.7675959149875794,0.6190476190476191,0.10376282782212087,0.23809523809523808,18115,0.22798785536847915,105,105,63,42,0.6,0.6,63.0,0.6054197640635938,4,ppdai_imb77,gbdt
6,1.0,most_risky,0.7770009643201543,0.6190476190476191,0.1077720207253886,0.23809523809523808,20738,0.22697463593403414,85,85,56,29,0.6588235294117647,0.6588235294117647,56.0,0.6067091817363713,4,ppdai_imb77,gbdt
7,1.0,most_risky,0.782152792638562,0.6832298136645962,0.1021355617455896,0.36645962732919257,23361,0.22695946235178288,106,106,63,43,0.5943396226415094,0.5943396226415094,63.0,0.6029210737204119,4,ppdai_imb77,gbdt
8,1.0,most_risky,0.7717914181258418,0.6190476190476191,0.10517799352750809,0.23809523809523808,25984,0.22860221674876846,100,100,58,42,0.58,0.58,58.0,0.5928991522700227,4,ppdai_imb77,gbdt
9,1.0,most_risky,0.7811953862285914,0.6497695852534562,0.1070615034168565,0.2995391705069124,28607,0.23071276261054988,86,86,49,37,0.5697674418604651,0.5697674418604651,49.0,0.6046356967068224,4,ppdai_imb77,gbdt
10,1.0,most_risky,0.7785782901056676,0.6036036036036037,0.09377186843946816,0.2072072072072072,31230,0.23000320204931157,93,93,50,43,0.5376344086021505,0.5376344086021505,50.0,0.5885569649526307,4,ppdai_imb77,gbdt
