iteration,exploration_rate,ranking_strategy,accuracy,precision,recall,kickout,training_set_size,training_default_rate,n_rejects_total,n_explored,n_explored_defaulted,n_explored_repaid,exploration_default_rate,reject_default_rate,exploration_cost,explored_risk_mean,run,dataset,model
0,0.0,least_risky,0.795,0.625,0.11627906976744186,0.25,5000,0.2248,0,0,0,0,0.0,0.0,0.0,0.0,0,ppdai_imb77,rf
1,0.0,least_risky,0.7869507323568575,0.5333333333333333,0.07430340557275542,0.06666666666666667,7509,0.22373152217339193,114,0,0,0,0.0,0.0,0.0,0.0,0,ppdai_imb77,rf
2,0.0,least_risky,0.7832167832167832,0.5434782608695652,0.11312217194570136,0.08695652173913043,10010,0.217982017982018,122,0,0,0,0.0,0.0,0.0,0.0,0,ppdai_imb77,rf
3,0.0,least_risky,0.7812375249500998,0.4895833333333333,0.08608058608058608,-0.020833333333333332,12523,0.21688093907210731,110,0,0,0,0.0,0.0,0.0,0.0,0,ppdai_imb77,rf
4,0.0,least_risky,0.7876871880199667,0.4583333333333333,0.06984126984126984,-0.08333333333333333,15023,0.2173334220861346,123,0,0,0,0.0,0.0,0.0,0.0,0,ppdai_imb77,rf
5,0.0,least_risky,0.7853268626891237,0.528169014084507,0.09868421052631579,0.056338028169014086,17512,0.21750799451804476,134,0,0,0,0.0,0.0,0.0,0.0,0,ppdai_imb77,rf
6,0.0,least_risky,0.7910112359550562,0.5080645161290323,0.07508939213349225,0.016129032258064516,20025,0.216729088639201,110,0,0,0,0.0,0.0,0.0,0.0,0,ppdai_imb77,rf
7,0.0,least_risky,0.7865542489460838,0.5,0.06756756756756757,0.0,22534,0.21913552853465873,114,0,0,0,0.0,0.0,0.0,0.0,0,ppdai_imb77,rf
8,0.0,least_risky,0.7851437699680511,0.5241935483870968,0.06007393715341959,0.04838709677419355,25039,0.21738088581812373,118,0,0,0,0.0,0.0,0.0,0.0,0,ppdai_imb77,rf
9,0.0,least_risky,0.7893972403776325,0.5323741007194245,0.06330196749358426,0.06474820143884892,27539,0.21732815280148154,123,0,0,0,0.0,0.0,0.0,0.0,0,ppdai_imb77,rf
10,0.0,least_risky,0.7878182725911134,0.558282208588957,0.07032457496136012,0.1165644171779141,30043,0.2175215524415005,119,0,0,0,0.0,0.0,0.0,0.0,0,ppdai_imb77,rf
0,0.0,least_risky,0.764,0.6,0.06224066390041494,0.2,5000,0.2366,0,0,0,0,0.0,0.0,0.0,0.0,1,ppdai_imb77,rf
1,0.0,least_risky,0.7746852220013254,0.5416666666666666,0.0755813953488372,0.08333333333333333,7541,0.2295451531627105,82,0,0,0,0.0,0.0,0.0,0.0,1,ppdai_imb77,rf
2,0.0,least_risky,0.773247140726007,0.5,0.07894736842105263,0.0,10053,0.22918531781557744,111,0,0,0,0.0,0.0,0.0,0.0,1,ppdai_imb77,rf
3,0.0,least_risky,0.7587440381558028,0.4714285714285714,0.05472636815920398,-0.05714285714285714,12576,0.22725826972010177,100,0,0,0,0.0,0.0,0.0,0.0,1,ppdai_imb77,rf
4,0.0,least_risky,0.7672185430463576,0.5432098765432098,0.061971830985915494,0.08641975308641975,15098,0.22420188104384686,101,0,0,0,0.0,0.0,0.0,0.0,1,ppdai_imb77,rf
5,0.0,least_risky,0.772611284377658,0.5,0.0685785536159601,0.0,17631,0.22171175769950655,90,0,0,0,0.0,0.0,0.0,0.0,1,ppdai_imb77,rf
6,0.0,least_risky,0.7795431976166832,0.5161290322580645,0.07174887892376682,0.03225806451612903,20139,0.22210636079249219,115,0,0,0,0.0,0.0,0.0,0.0,1,ppdai_imb77,rf
7,0.0,least_risky,0.7806223791657471,0.484375,0.06262626262626263,-0.03125,22652,0.2215256930955324,110,0,0,0,0.0,0.0,0.0,0.0,1,ppdai_imb77,rf
8,0.0,least_risky,0.7843799682034976,0.47398843930635837,0.0762081784386617,-0.05202312138728324,25158,0.22032753001033467,117,0,0,0,0.0,0.0,0.0,0.0,1,ppdai_imb77,rf
9,0.0,least_risky,0.7812725958062183,0.5490196078431373,0.06857142857142857,0.09803921568627451,27656,0.22038617298235463,125,0,0,0,0.0,0.0,0.0,0.0,1,ppdai_imb77,rf
10,0.0,least_risky,0.7807992041120876,0.5061728395061729,0.061933534743202415,0.012345679012345678,30154,0.217981030709027,125,0,0,0,0.0,0.0,0.0,0.0,1,ppdai_imb77,rf
0,0.0,least_risky,0.791,0.5471698113207547,0.13551401869158877,0.09433962264150944,5000,0.2286,0,0,0,0,0.0,0.0,0.0,0.0,2,ppdai_imb77,rf
1,0.0,least_risky,0.7846153846153846,0.43283582089552236,0.0926517571884984,-0.13432835820895522,7473,0.22347116285293725,150,0,0,0,0.0,0.0,0.0,0.0,2,ppdai_imb77,rf
2,0.0,least_risky,0.7965846308387745,0.45348837209302323,0.0982367758186398,-0.09302325581395349,9954,0.21950974482620053,142,0,0,0,0.0,0.0,0.0,0.0,2,ppdai_imb77,rf
3,0.0,least_risky,0.7849375755134917,0.46774193548387094,0.05471698113207547,-0.06451612903225806,12413,0.21509707564649963,164,0,0,0,0.0,0.0,0.0,0.0,2,ppdai_imb77,rf
4,0.0,least_risky,0.7914151576123407,0.43434343434343436,0.07060755336617405,-0.13131313131313133,14908,0.21652803863697342,128,0,0,0,0.0,0.0,0.0,0.0,2,ppdai_imb77,rf
5,0.0,least_risky,0.7998276852383688,0.4732142857142857,0.07670043415340087,-0.05357142857142857,17409,0.21540582457349647,122,0,0,0,0.0,0.0,0.0,0.0,2,ppdai_imb77,rf
6,0.0,least_risky,0.7936667504398089,0.5420560747663551,0.06987951807228916,0.08411214953271028,19892,0.21506133118841744,140,0,0,0,0.0,0.0,0.0,0.0,2,ppdai_imb77,rf
7,0.0,least_risky,0.787770586922562,0.5,0.06203995793901157,0.0,22403,0.21559612551890373,112,0,0,0,0.0,0.0,0.0,0.0,2,ppdai_imb77,rf
8,0.0,least_risky,0.7958199356913184,0.5555555555555556,0.06796116504854369,0.1111111111111111,24880,0.21639871382636655,146,0,0,0,0.0,0.0,0.0,0.0,2,ppdai_imb77,rf
9,0.0,least_risky,0.7912328767123288,0.5206611570247934,0.054878048780487805,0.04132231404958678,27374,0.2150946153284138,129,0,0,0,0.0,0.0,0.0,0.0,2,ppdai_imb77,rf
10,0.0,least_risky,0.7867068474803282,0.5234375,0.05234375,0.046875,29863,0.2154840438000201,134,0,0,0,0.0,0.0,0.0,0.0,2,ppdai_imb77,rf
0,0.0,least_risky,0.773,0.5405405405405406,0.08695652173913043,0.08108108108108109,5000,0.2296,0,0,0,0,0.0,0.0,0.0,0.0,3,ppdai_imb77,rf
1,0.0,least_risky,0.7627906976744186,0.38596491228070173,0.06395348837209303,-0.22807017543859648,7521,0.22643265523201703,102,0,0,0,0.0,0.0,0.0,0.0,3,ppdai_imb77,rf
2,0.0,least_risky,0.7744510978043913,0.47619047619047616,0.066815144766147,-0.047619047619047616,10018,0.22259932122180076,126,0,0,0,0.0,0.0,0.0,0.0,3,ppdai_imb77,rf
3,0.0,least_risky,0.7703349282296651,0.4025974025974026,0.05525846702317291,-0.19480519480519481,12540,0.22296650717703348,101,0,0,0,0.0,0.0,0.0,0.0,3,ppdai_imb77,rf
4,0.0,least_risky,0.7737857618097139,0.47619047619047616,0.05917159763313609,-0.047619047619047616,15028,0.221187117380889,135,0,0,0,0.0,0.0,0.0,0.0,3,ppdai_imb77,rf
5,0.0,least_risky,0.7875071306332002,0.5151515151515151,0.06818181818181818,0.030303030303030304,17528,0.22004792332268372,123,0,0,0,0.0,0.0,0.0,0.0,3,ppdai_imb77,rf
6,0.0,least_risky,0.782435129740519,0.4909090909090909,0.06206896551724138,-0.01818181818181818,20036,0.21920543022559394,115,0,0,0,0.0,0.0,0.0,0.0,3,ppdai_imb77,rf
7,0.0,least_risky,0.7824063815643696,0.48739495798319327,0.059244126659857,-0.025210084033613446,22561,0.21825273702406808,98,0,0,0,0.0,0.0,0.0,0.0,3,ppdai_imb77,rf
8,0.0,least_risky,0.7801715539597047,0.46405228758169936,0.06507791017415215,-0.0718954248366013,25061,0.2171102509875903,123,0,0,0,0.0,0.0,0.0,0.0,3,ppdai_imb77,rf
9,0.0,least_risky,0.7808020322990383,0.4626865671641791,0.05175292153589316,-0.07462686567164178,27553,0.2169636700177839,131,0,0,0,0.0,0.0,0.0,0.0,3,ppdai_imb77,rf
10,0.0,least_risky,0.7869861873855882,0.5526315789473685,0.048761609907120744,0.10526315789473684,30043,0.21662284059514694,133,0,0,0,0.0,0.0,0.0,0.0,3,ppdai_imb77,rf
0,0.0,least_risky,0.777,0.5384615384615384,0.12334801762114538,0.07692307692307693,5000,0.2324,0,0,0,0,0.0,0.0,0.0,0.0,4,ppdai_imb77,rf
1,0.0,least_risky,0.7781501340482574,0.5813953488372093,0.07396449704142012,0.16279069767441862,7459,0.22389060195736693,164,0,0,0,0.0,0.0,0.0,0.0,4,ppdai_imb77,rf
2,0.0,least_risky,0.7928607340372046,0.5316455696202531,0.10071942446043165,0.06329113924050633,9943,0.22206577491702706,139,0,0,0,0.0,0.0,0.0,0.0,4,ppdai_imb77,rf
3,0.0,least_risky,0.7822061191626409,0.609375,0.07027027027027027,0.21875,12416,0.21601159793814434,150,0,0,0,0.0,0.0,0.0,0.0,4,ppdai_imb77,rf
4,0.0,least_risky,0.7904633982538617,0.5,0.060897435897435896,0.0,14887,0.21360918922549876,152,0,0,0,0.0,0.0,0.0,0.0,4,ppdai_imb77,rf
5,0.0,least_risky,0.7917146144994246,0.5176470588235295,0.06052269601100413,0.03529411764705882,17379,0.21491455204557225,131,0,0,0,0.0,0.0,0.0,0.0,4,ppdai_imb77,rf
6,0.0,least_risky,0.778420523138833,0.5045045045045045,0.06349206349206349,0.009009009009009009,19877,0.2132615585852996,125,0,0,0,0.0,0.0,0.0,0.0,4,ppdai_imb77,rf
7,0.0,least_risky,0.7837354781054513,0.4909090909090909,0.055900621118012424,-0.01818181818181818,22379,0.21323562268197865,121,0,0,0,0.0,0.0,0.0,0.0,4,ppdai_imb77,rf
8,0.0,least_risky,0.7864897466827503,0.5423728813559322,0.05970149253731343,0.0847457627118644,24866,0.21450977237995655,136,0,0,0,0.0,0.0,0.0,0.0,4,ppdai_imb77,rf
9,0.0,least_risky,0.7841884243198831,0.5185185185185185,0.047217537942664416,0.037037037037037035,27381,0.21671962309630766,108,0,0,0,0.0,0.0,0.0,0.0,4,ppdai_imb77,rf
10,0.0,least_risky,0.7866465863453815,0.53125,0.05300077942322681,0.0625,29876,0.21565805328691925,128,0,0,0,0.0,0.0,0.0,0.0,4,ppdai_imb77,rf
0,0.01,least_risky,0.795,0.625,0.11627906976744186,0.25,5000,0.2248,0,0,0,0,0.0,0.0,0.0,0.0,0,ppdai_imb77,rf
1,0.01,least_risky,0.7771124417831005,0.5306122448979592,0.07692307692307693,0.061224489795918366,7511,0.2238050858740514,114,2,1,1,0.5,0.5087719298245614,1.0,0.51,0,ppdai_imb77,rf
2,0.01,least_risky,0.7930174563591023,0.5064935064935064,0.09375,0.012987012987012988,10025,0.21825436408977555,111,2,0,2,0.0,0.5855855855855856,0.0,0.51,0,ppdai_imb77,rf
3,0.01,least_risky,0.7843450479233227,0.5094339622641509,0.0996309963099631,0.018867924528301886,12518,0.21672791180699794,132,2,1,1,0.5,0.5378787878787878,1.0,0.51,0,ppdai_imb77,rf
4,0.01,least_risky,0.7883527454242929,0.5052631578947369,0.07535321821036106,0.010526315789473684,15021,0.21696291858065375,122,2,1,1,0.5,0.639344262295082,1.0,0.51,0,ppdai_imb77,rf
5,0.01,least_risky,0.7890379674564659,0.48672566371681414,0.07472826086956522,-0.02654867256637168,17513,0.217152972077885,133,2,0,2,0.0,0.46616541353383456,0.0,0.51,0,ppdai_imb77,rf
6,0.01,least_risky,0.7930604093859212,0.5847457627118644,0.0812720848056537,0.1694915254237288,20028,0.21649690433393248,110,2,2,0,1.0,0.45454545454545453,2.0,0.51,0,ppdai_imb77,rf
7,0.01,least_risky,0.782338584424229,0.5112781954887218,0.06910569105691057,0.022556390977443608,22534,0.2189580189935209,119,2,0,2,0.0,0.5882352941176471,0.0,0.51,0,ppdai_imb77,rf
8,0.01,least_risky,0.7869408945686901,0.5328467153284672,0.06784386617100371,0.06569343065693431,25037,0.217238487039182,122,2,2,0,1.0,0.5245901639344263,2.0,0.51,0,ppdai_imb77,rf
9,0.01,least_risky,0.7904104613149292,0.5,0.06672443674176777,0.0,27528,0.21712438244696308,134,2,1,1,0.5,0.5522388059701493,1.0,0.51,0,ppdai_imb77,rf
10,0.01,least_risky,0.7885095753538718,0.5449101796407185,0.07081712062256809,0.08982035928143713,30021,0.2169814463209087,132,2,2,0,1.0,0.6590909090909091,2.0,0.51,0,ppdai_imb77,rf
0,0.01,least_risky,0.764,0.6,0.06224066390041494,0.2,5000,0.2366,0,0,0,0,0.0,0.0,0.0,0.0,1,ppdai_imb77,rf
1,0.01,least_risky,0.7700463883366467,0.5098039215686274,0.07471264367816093,0.0196078431372549,7542,0.22951471758154335,82,1,0,1,0.0,0.4268292682926829,0.0,0.51,1,ppdai_imb77,rf
2,0.01,least_risky,0.775682382133995,0.6176470588235294,0.08974358974358974,0.23529411764705882,10074,0.22979948381973397,92,1,1,0,1.0,0.5217391304347826,1.0,0.51,1,ppdai_imb77,rf
3,0.01,least_risky,0.7736298649722002,0.5384615384615384,0.07291666666666667,0.07692307692307693,12588,0.22720050842071815,111,2,1,1,0.5,0.5585585585585585,1.0,0.51,1,ppdai_imb77,rf
4,0.01,least_risky,0.7753886867350315,0.573170731707317,0.06801736613603473,0.14634146341463414,15113,0.2242440283199894,99,1,0,1,0.0,0.5858585858585859,0.0,0.51,1,ppdai_imb77,rf
5,0.01,least_risky,0.7703430677629713,0.4690265486725664,0.0660024906600249,-0.061946902654867256,17631,0.2216550394192048,107,2,1,1,0.5,0.6074766355140186,1.0,0.51,1,ppdai_imb77,rf
6,0.01,least_risky,0.7639026812313804,0.4636363636363636,0.05408271474019088,-0.07272727272727272,20139,0.2218084314017578,117,2,2,0,1.0,0.5811965811965812,2.0,0.51,1,ppdai_imb77,rf
7,0.01,least_risky,0.7761358623731804,0.5033557046979866,0.07381889763779527,0.006711409395973154,22669,0.22184481009307866,94,1,1,0,1.0,0.6063829787234043,1.0,0.51,1,ppdai_imb77,rf
8,0.01,least_risky,0.789620202823623,0.5037037037037037,0.06421152030217187,0.007407407407407408,25144,0.22005249761374482,150,2,0,2,0.0,0.5866666666666667,0.0,0.51,1,ppdai_imb77,rf
9,0.01,least_risky,0.7888266136322546,0.5447761194029851,0.06186440677966102,0.08955223880597014,27651,0.2201005388593541,118,2,1,1,0.5,0.6101694915254238,1.0,0.51,1,ppdai_imb77,rf
10,0.01,least_risky,0.7888888888888889,0.4968152866242038,0.06132075471698113,-0.006369426751592357,30146,0.21747495521793936,130,2,1,1,0.5,0.6307692307692307,1.0,0.51,1,ppdai_imb77,rf
0,0.01,least_risky,0.791,0.5471698113207547,0.13551401869158877,0.09433962264150944,5000,0.2286,0,0,0,0,0.0,0.0,0.0,0.0,2,ppdai_imb77,rf
1,0.01,least_risky,0.7812709030100334,0.3918918918918919,0.0932475884244373,-0.21621621621621623,7475,0.22354515050167223,150,2,1,1,0.5,0.5666666666666667,1.0,0.51,2,ppdai_imb77,rf
2,0.01,least_risky,0.7983911513323279,0.4931506849315068,0.09,-0.0136986301369863,9941,0.21919324011668845,159,2,2,0,1.0,0.5157232704402516,2.0,0.51,2,ppdai_imb77,rf
3,0.01,least_risky,0.7913148371531966,0.45348837209302323,0.07632093933463796,-0.09302325581395349,12433,0.21579667015201479,133,2,1,1,0.5,0.5338345864661654,1.0,0.51,2,ppdai_imb77,rf
4,0.01,least_risky,0.7951726449882669,0.5116279069767442,0.07177814029363784,0.023255813953488372,14914,0.21684323454472307,144,2,0,2,0.0,0.5555555555555556,0.0,0.51,2,ppdai_imb77,rf
5,0.01,least_risky,0.7915590008613265,0.5714285714285714,0.0967741935483871,0.14285714285714285,17415,0.2162503588860178,124,2,0,2,0.0,0.47580645161290325,0.0,0.51,2,ppdai_imb77,rf
6,0.01,least_risky,0.7912584777694047,0.4811320754716981,0.06166868198307134,-0.03773584905660377,19902,0.21575721033062004,138,2,1,1,0.5,0.5144927536231884,1.0,0.51,2,ppdai_imb77,rf
7,0.01,least_risky,0.7811733214365381,0.5757575757575758,0.0572289156626506,0.15151515151515152,22411,0.21609923698183928,116,2,2,0,1.0,0.5517241379310345,2.0,0.51,2,ppdai_imb77,rf
8,0.01,least_risky,0.7857429718875502,0.4863013698630137,0.06679209783631232,-0.0273972602739726,24898,0.21680456261547112,138,2,1,1,0.5,0.5434782608695652,1.0,0.51,2,ppdai_imb77,rf
9,0.01,least_risky,0.7933929549187808,0.5461538461538461,0.062062937062937064,0.09230769230769231,27391,0.21543572706363404,132,2,1,1,0.5,0.5984848484848485,1.0,0.51,2,ppdai_imb77,rf
10,0.01,least_risky,0.7916387959866221,0.5367647058823529,0.058121019108280256,0.07352941176470588,29897,0.21624243235107202,119,2,1,1,0.5,0.5210084033613446,1.0,0.51,2,ppdai_imb77,rf
0,0.01,least_risky,0.773,0.5405405405405406,0.08695652173913043,0.08108108108108109,5000,0.2296,0,0,0,0,0.0,0.0,0.0,0.0,3,ppdai_imb77,rf
1,0.01,least_risky,0.7794019933554818,0.43137254901960786,0.06769230769230769,-0.13725490196078433,7523,0.22650538349062874,102,2,1,1,0.5,0.5294117647058824,1.0,0.51,3,ppdai_imb77,rf
2,0.01,least_risky,0.7851445663010967,0.524390243902439,0.09885057471264368,0.04878048780487805,10029,0.22385083258550204,119,2,0,2,0.0,0.5126050420168067,0.0,0.51,3,ppdai_imb77,rf
3,0.01,least_risky,0.7779992028696692,0.42105263157894735,0.05871559633027523,-0.15789473684210525,12541,0.22390558966589585,113,2,0,2,0.0,0.5486725663716814,0.0,0.51,3,ppdai_imb77,rf
4,0.01,least_risky,0.777593085106383,0.5280898876404494,0.06973293768545995,0.056179775280898875,15038,0.22203750498736535,128,2,1,1,0.5,0.5859375,1.0,0.51,3,ppdai_imb77,rf
5,0.01,least_risky,0.7802166476624858,0.49056603773584906,0.06762028608582575,-0.018867924528301886,17537,0.22096139590579916,126,2,0,2,0.0,0.48412698412698413,0.0,0.51,3,ppdai_imb77,rf
6,0.01,least_risky,0.7808834539555778,0.5447761194029851,0.08202247191011236,0.08955223880597014,20035,0.21986523583728476,127,2,1,1,0.5,0.5354330708661418,1.0,0.51,3,ppdai_imb77,rf
7,0.01,least_risky,0.7846529163894433,0.48484848484848486,0.06618407445708377,-0.030303030303030304,22543,0.2186044448387526,117,2,1,1,0.5,0.5470085470085471,1.0,0.51,3,ppdai_imb77,rf
8,0.01,least_risky,0.7879816330604911,0.6111111111111112,0.06077348066298342,0.2222222222222222,25042,0.2171152463860714,126,2,1,1,0.5,0.626984126984127,1.0,0.51,3,ppdai_imb77,rf
9,0.01,least_risky,0.7866086009798585,0.49044585987261147,0.06564364876385337,-0.01910828025477707,27551,0.21708830895430292,116,2,0,2,0.0,0.6293103448275862,0.0,0.51,3,ppdai_imb77,rf
10,0.01,least_risky,0.7915141430948419,0.5847457627118644,0.05420267085624509,0.1694915254237288,30048,0.21678647497337594,128,2,0,2,0.0,0.6015625,0.0,0.51,3,ppdai_imb77,rf
0,0.01,least_risky,0.777,0.5384615384615384,0.12334801762114538,0.07692307692307693,5000,0.2324,0,0,0,0,0.0,0.0,0.0,0.0,4,ppdai_imb77,rf
1,0.01,least_risky,0.7736101808439384,0.5333333333333333,0.07038123167155426,0.06666666666666667,7461,0.22396461600321674,164,2,1,1,0.5,0.5609756097560976,1.0,0.51,4,ppdai_imb77,rf
2,0.01,least_risky,0.7877263581488934,0.5211267605633803,0.08705882352941176,0.04225352112676056,9938,0.22167438116321192,148,2,1,1,0.5,0.581081081081081,1.0,0.51,4,ppdai_imb77,rf
3,0.01,least_risky,0.7989524576954069,0.5757575757575758,0.07465618860510806,0.15151515151515152,12409,0.2157305181722943,154,2,1,1,0.5,0.525974025974026,1.0,0.51,4,ppdai_imb77,rf
4,0.01,least_risky,0.7792338709677419,0.5411764705882353,0.06927710843373494,0.08235294117647059,14876,0.2129604732454961,158,2,0,2,0.0,0.5189873417721519,0.0,0.51,4,ppdai_imb77,rf
5,0.01,least_risky,0.7836981566820277,0.49504950495049505,0.06666666666666667,-0.009900990099009901,17359,0.2136643815888012,142,2,1,1,0.5,0.5915492957746479,1.0,0.51,4,ppdai_imb77,rf
6,0.01,least_risky,0.7848324514991182,0.6266666666666667,0.053837342497136315,0.25333333333333335,19842,0.21217619191613749,142,2,1,1,0.5,0.5422535211267606,1.0,0.51,4,ppdai_imb77,rf
7,0.01,least_risky,0.7867679928475637,0.5142857142857142,0.05642633228840126,0.02857142857142857,22366,0.212510059912367,101,2,0,2,0.0,0.5148514851485149,0.0,0.51,4,ppdai_imb77,rf
8,0.01,least_risky,0.7853266331658292,0.49473684210526314,0.044048734770384255,-0.010526315789473684,24872,0.21401576069475717,119,2,1,1,0.5,0.5798319327731093,1.0,0.51,4,ppdai_imb77,rf
9,0.01,least_risky,0.7871757398611618,0.5288461538461539,0.04696840307429547,0.057692307692307696,27369,0.21608389053308488,128,2,1,1,0.5,0.546875,1.0,0.51,4,ppdai_imb77,rf
10,0.01,least_risky,0.7813860060261132,0.5925925925925926,0.048265460030165915,0.18518518518518517,29868,0.2151131645908665,126,2,1,1,0.5,0.5793650793650794,1.0,0.51,4,ppdai_imb77,rf
0,0.02,least_risky,0.795,0.625,0.11627906976744186,0.25,5000,0.2248,0,0,0,0,0.0,0.0,0.0,0.0,0,ppdai_imb77,rf
1,0.02,least_risky,0.7784431137724551,0.5576923076923077,0.0855457227138643,0.11538461538461539,7512,0.22377529286474973,114,3,1,2,0.3333333333333333,0.5087719298245614,1.0,0.51,0,ppdai_imb77,rf
2,0.02,least_risky,0.7972027972027972,0.5205479452054794,0.09290953545232274,0.0410958904109589,10009,0.21800379658307523,129,3,2,1,0.6666666666666666,0.5658914728682171,2.0,0.51,0,ppdai_imb77,rf
3,0.02,least_risky,0.7812375249500998,0.5544554455445545,0.1001788908765653,0.10891089108910891,12522,0.21681839961667465,113,3,1,2,0.3333333333333333,0.5575221238938053,1.0,0.51,0,ppdai_imb77,rf
4,0.02,least_risky,0.7952729693741678,0.5673076923076923,0.09379968203497616,0.1346153846153846,15016,0.21710175812466703,132,3,2,1,0.6666666666666666,0.6060606060606061,2.0,0.51,0,ppdai_imb77,rf
5,0.02,least_risky,0.788752497858978,0.48695652173913045,0.07598371777476255,-0.02608695652173913,17511,0.21694934612529268,131,3,2,1,0.6666666666666666,0.5267175572519084,2.0,0.51,0,ppdai_imb77,rf
6,0.02,least_risky,0.7955056179775281,0.6,0.06801909307875895,0.2,20025,0.21632958801498128,112,3,3,0,1.0,0.45535714285714285,3.0,0.51,0,ppdai_imb77,rf
7,0.02,least_risky,0.7868707030383677,0.4375,0.06680805938494168,-0.125,22541,0.2186682046049421,110,3,0,3,0.0,0.6454545454545455,0.0,0.51,0,ppdai_imb77,rf
8,0.02,least_risky,0.7881389776357828,0.4861111111111111,0.06622516556291391,-0.027777777777777776,25038,0.21695023564182442,129,3,1,2,0.3333333333333333,0.5038759689922481,1.0,0.51,0,ppdai_imb77,rf
9,0.02,least_risky,0.7784637733793354,0.4966442953020134,0.06070549630844955,-0.006711409395973154,27531,0.21691910936762196,133,3,2,1,0.6666666666666666,0.5488721804511278,2.0,0.51,0,ppdai_imb77,rf
10,0.02,least_risky,0.7796271637816246,0.4713375796178344,0.05627376425855513,-0.05732484076433121,30039,0.2171510369852525,118,3,3,0,1.0,0.6271186440677966,3.0,0.51,0,ppdai_imb77,rf
0,0.02,least_risky,0.764,0.6,0.06224066390041494,0.2,5000,0.2366,0,0,0,0,0.0,0.0,0.0,0.0,1,ppdai_imb77,rf
1,0.02,least_risky,0.7740225314777999,0.5777777777777777,0.07471264367816093,0.15555555555555556,7543,0.22961686331698264,82,2,1,1,0.5,0.4268292682926829,1.0,0.51,1,ppdai_imb77,rf
2,0.02,least_risky,0.7718253968253969,0.41935483870967744,0.057777777777777775,-0.16129032258064516,10076,0.22905915045653036,92,2,1,1,0.5,0.6086956521739131,1.0,0.51,1,ppdai_imb77,rf
3,0.02,least_risky,0.7837301587301587,0.6153846153846154,0.07142857142857142,0.23076923076923078,12596,0.2266592569069546,106,3,2,1,0.6666666666666666,0.5754716981132075,2.0,0.51,1,ppdai_imb77,rf
4,0.02,least_risky,0.7718719049191152,0.5194805194805194,0.05763688760806916,0.03896103896103896,15145,0.22410036315615714,76,2,2,0,1.0,0.6578947368421053,2.0,0.51,1,ppdai_imb77,rf
5,0.02,least_risky,0.7789414095669402,0.47959183673469385,0.06048906048906049,-0.04081632653061224,17661,0.22195798652397938,110,3,2,1,0.6666666666666666,0.5363636363636364,2.0,0.51,1,ppdai_imb77,rf
6,0.02,least_risky,0.7700693756194251,0.5080645161290323,0.06774193548387097,0.016129032258064516,20180,0.22205153617443013,107,3,0,3,0.0,0.5981308411214953,0.0,0.51,1,ppdai_imb77,rf
7,0.02,least_risky,0.7824553669825877,0.5234375,0.06747230614300101,0.046875,22685,0.22168834031298215,121,3,3,0,1.0,0.6033057851239669,3.0,0.51,1,ppdai_imb77,rf
8,0.02,least_risky,0.7757046447002779,0.4066666666666667,0.05535390199637023,-0.18666666666666668,25187,0.22031206574820345,124,3,1,2,0.3333333333333333,0.5887096774193549,1.0,0.51,1,ppdai_imb77,rf
9,0.02,least_risky,0.7841934319740166,0.5276073619631901,0.07136929460580912,0.05521472392638037,27706,0.22060203566014583,107,3,2,1,0.6666666666666666,0.5887850467289719,2.0,0.51,1,ppdai_imb77,rf
10,0.02,least_risky,0.7880794701986755,0.5562913907284768,0.06476484194294525,0.11258278145695365,30200,0.2180132450331126,132,3,3,0,1.0,0.6212121212121212,3.0,0.51,1,ppdai_imb77,rf
0,0.02,least_risky,0.791,0.5471698113207547,0.13551401869158877,0.09433962264150944,5000,0.2286,0,0,0,0,0.0,0.0,0.0,0.0,2,ppdai_imb77,rf
1,0.02,least_risky,0.7847593582887701,0.4375,0.08917197452229299,-0.125,7476,0.2236490101658641,150,3,2,1,0.6666666666666666,0.5666666666666667,2.0,0.51,2,ppdai_imb77,rf
2,0.02,least_risky,0.7944723618090452,0.44155844155844154,0.085,-0.11688311688311688,9948,0.2189384800965018,155,4,1,3,0.25,0.535483870967742,1.0,0.51,2,ppdai_imb77,rf
3,0.02,least_risky,0.7942834138486312,0.5142857142857142,0.07017543859649122,0.02857142857142857,12419,0.21515419921088655,156,4,2,2,0.5,0.5256410256410257,2.0,0.51,2,ppdai_imb77,rf
4,0.02,least_risky,0.7945619335347432,0.5,0.07679738562091504,0.0,14895,0.21651560926485397,150,3,2,1,0.6666666666666666,0.5333333333333333,2.0,0.51,2,ppdai_imb77,rf
5,0.02,least_risky,0.7877480586712683,0.49504950495049505,0.06784260515603799,-0.009900990099009901,17385,0.21524302559677883,136,3,1,2,0.3333333333333333,0.5514705882352942,1.0,0.51,2,ppdai_imb77,rf
6,0.02,least_risky,0.7941620533467539,0.46078431372549017,0.05802469135802469,-0.0784313725490196,19870,0.21499748364368396,141,3,1,2,0.3333333333333333,0.48936170212765956,1.0,0.51,2,ppdai_imb77,rf
7,0.02,least_risky,0.7882037533512064,0.4672897196261682,0.053134962805526036,-0.06542056074766354,22379,0.21551454488583047,117,3,0,3,0.0,0.5128205128205128,0.0,0.51,2,ppdai_imb77,rf
8,0.02,least_risky,0.7867765273311897,0.4728682170542636,0.05787476280834915,-0.05426356589147287,24877,0.21634441451943562,128,3,1,2,0.3333333333333333,0.5546875,1.0,0.51,2,ppdai_imb77,rf
9,0.02,least_risky,0.7895890410958905,0.47101449275362317,0.056818181818181816,-0.057971014492753624,27375,0.21530593607305937,128,3,2,1,0.6666666666666666,0.5546875,2.0,0.51,2,ppdai_imb77,rf
10,0.02,least_risky,0.786144578313253,0.4785276073619632,0.06136900078678206,-0.04294478527607362,29879,0.2160380200140567,122,3,1,2,0.3333333333333333,0.5327868852459017,1.0,0.51,2,ppdai_imb77,rf
0,0.02,least_risky,0.773,0.5405405405405406,0.08695652173913043,0.08108108108108109,5000,0.2296,0,0,0,0,0.0,0.0,0.0,0.0,3,ppdai_imb77,rf
1,0.02,least_risky,0.7867109634551495,0.45652173913043476,0.06624605678233439,-0.08695652173913043,7524,0.22647527910685805,102,3,1,2,0.3333333333333333,0.5294117647058824,1.0,0.51,3,ppdai_imb77,rf
2,0.02,least_risky,0.7737917289486796,0.5254237288135594,0.06783369803063458,0.05084745762711865,10035,0.22321873442949677,115,3,0,3,0.0,0.5739130434782609,0.0,0.51,3,ppdai_imb77,rf
3,0.02,least_risky,0.779236276849642,0.4069767441860465,0.06493506493506493,-0.18604651162790697,12568,0.22342457033736474,92,2,1,1,0.5,0.6304347826086957,1.0,0.51,3,ppdai_imb77,rf
4,0.02,least_risky,0.7711723679840584,0.5625,0.06437768240343347,0.125,15054,0.2214693769097914,140,3,3,0,1.0,0.5857142857142857,3.0,0.51,3,ppdai_imb77,rf
5,0.02,least_risky,0.7900882939333523,0.46296296296296297,0.06858710562414266,-0.07407407407407407,17555,0.21999430361720307,125,3,3,0,1.0,0.576,3.0,0.51,3,ppdai_imb77,rf
6,0.02,least_risky,0.7782760338814151,0.5544554455445545,0.06215316315205328,0.10891089108910891,20068,0.21895555112617102,113,3,2,1,0.6666666666666666,0.5929203539823009,2.0,0.51,3,ppdai_imb77,rf
7,0.02,least_risky,0.7890192605711756,0.44144144144144143,0.052127659574468084,-0.11711711711711711,22585,0.21793225592207216,109,3,2,1,0.6666666666666666,0.5504587155963303,2.0,0.51,3,ppdai_imb77,rf
8,0.02,least_risky,0.788331342094783,0.5304347826086957,0.05700934579439252,0.06086956521739131,25109,0.21705364610299097,102,3,3,0,1.0,0.6078431372549019,3.0,0.51,3,ppdai_imb77,rf
9,0.02,least_risky,0.7872533043635705,0.4788732394366197,0.058169375534645,-0.04225352112676056,27614,0.21717244875787645,121,3,3,0,1.0,0.6033057851239669,3.0,0.51,3,ppdai_imb77,rf
10,0.02,least_risky,0.7916666666666666,0.427536231884058,0.04777327935222672,-0.14492753623188406,30117,0.21688747219178536,123,3,1,2,0.3333333333333333,0.6178861788617886,1.0,0.51,3,ppdai_imb77,rf
0,0.02,least_risky,0.777,0.5384615384615384,0.12334801762114538,0.07692307692307693,5000,0.2324,0,0,0,0,0.0,0.0,0.0,0.0,4,ppdai_imb77,rf
1,0.02,least_risky,0.7829872739450771,0.5510204081632653,0.08206686930091185,0.10204081632653061,7463,0.22390459600696772,164,4,1,3,0.25,0.5609756097560976,1.0,0.51,4,ppdai_imb77,rf
2,0.02,least_risky,0.7913524384112619,0.5443037974683544,0.1018957345971564,0.08860759493670886,9941,0.22160748415652348,148,3,2,1,0.6666666666666666,0.5878378378378378,2.0,0.51,4,ppdai_imb77,rf
3,0.02,least_risky,0.7975040257648953,0.6060606060606061,0.07736943907156674,0.21212121212121213,12419,0.21587889524116274,148,3,3,0,1.0,0.5337837837837838,3.0,0.51,4,ppdai_imb77,rf
4,0.02,least_risky,0.79081461615823,0.5352112676056338,0.06041335453100159,0.07042253521126761,14911,0.21319830997250352,134,3,1,2,0.3333333333333333,0.5671641791044776,1.0,0.51,4,ppdai_imb77,rf
5,0.02,least_risky,0.7895947111238861,0.5643564356435643,0.07651006711409396,0.12871287128712872,17393,0.2143391019375611,144,3,0,3,0.0,0.5208333333333334,0.0,0.51,4,ppdai_imb77,rf
6,0.02,least_risky,0.7923057581091275,0.5154639175257731,0.06031363088057901,0.030927835051546393,19884,0.21258298129149064,135,3,1,2,0.3333333333333333,0.5851851851851851,1.0,0.51,4,ppdai_imb77,rf
7,0.02,least_risky,0.7882169158669939,0.6091954022988506,0.05475206611570248,0.21839080459770116,22404,0.21286377432601322,106,3,2,1,0.6666666666666666,0.5188679245283019,2.0,0.51,4,ppdai_imb77,rf
8,0.02,least_risky,0.7925361155698234,0.5,0.05415860735009671,0.0,24920,0.21468699839486358,110,3,2,1,0.6666666666666666,0.5363636363636364,2.0,0.51,4,ppdai_imb77,rf
9,0.02,least_risky,0.7877573328475133,0.5714285714285714,0.06418918918918919,0.14285714285714285,27441,0.21708392551291864,105,3,1,2,0.3333333333333333,0.5142857142857142,1.0,0.51,4,ppdai_imb77,rf
10,0.02,least_risky,0.7822890559732665,0.46938775510204084,0.05332302936630603,-0.061224489795918366,29921,0.21600213896594364,146,3,1,2,0.3333333333333333,0.5342465753424658,1.0,0.51,4,ppdai_imb77,rf
0,0.05,least_risky,0.795,0.625,0.11627906976744186,0.25,5000,0.2248,0,0,0,0,0.0,0.0,0.0,0.0,0,ppdai_imb77,rf
1,0.05,least_risky,0.7751164337990686,0.48936170212765956,0.06824925816023739,-0.02127659574468085,7515,0.22395209580838324,114,6,3,3,0.5,0.5087719298245614,3.0,0.5099999999999999,0,ppdai_imb77,rf
2,0.05,least_risky,0.7865336658354115,0.5333333333333333,0.09237875288683603,0.06666666666666667,10023,0.2180983737403971,122,7,1,6,0.14285714285714285,0.5737704918032787,1.0,0.5099999999999999,0,ppdai_imb77,rf
3,0.05,least_risky,0.7773795300677021,0.5188679245283019,0.09769094138543517,0.03773584905660377,12553,0.2172389070341751,98,5,4,1,0.8,0.5918367346938775,4.0,0.51,0,ppdai_imb77,rf
4,0.05,least_risky,0.7871845949535192,0.5046728971962616,0.08411214953271028,0.009345794392523364,15056,0.2175876726886291,127,7,4,3,0.5714285714285714,0.6141732283464567,4.0,0.5099999999999999,0,ppdai_imb77,rf
5,0.05,least_risky,0.7841685649202733,0.5,0.0712401055408971,0.0,17560,0.2173120728929385,126,7,5,2,0.7142857142857143,0.5634920634920635,5.0,0.5099999999999999,0,ppdai_imb77,rf
6,0.05,least_risky,0.7865671641791044,0.5092592592592593,0.06395348837209303,0.018518518518518517,20097,0.21679852714335474,91,5,4,1,0.8,0.4835164835164835,4.0,0.51,0,ppdai_imb77,rf
7,0.05,least_risky,0.7936297279362973,0.5133333333333333,0.08217716115261472,0.02666666666666667,22601,0.21914959515065704,126,7,3,4,0.42857142857142855,0.5952380952380952,3.0,0.5099999999999999,0,ppdai_imb77,rf
8,0.05,least_risky,0.7854581673306773,0.43884892086330934,0.057547169811320756,-0.1223021582733813,25099,0.21725965177895534,132,7,4,3,0.5714285714285714,0.5378787878787878,4.0,0.5099999999999999,0,ppdai_imb77,rf
9,0.05,least_risky,0.7901793803225222,0.4476744186046512,0.06754385964912281,-0.10465116279069768,27595,0.21746693241529264,134,7,5,2,0.7142857142857143,0.5074626865671642,5.0,0.5099999999999999,0,ppdai_imb77,rf
10,0.05,least_risky,0.7814888667331339,0.4810810810810811,0.06804281345565749,-0.03783783783783784,30088,0.2175285828237171,137,7,3,4,0.42857142857142855,0.5912408759124088,3.0,0.5099999999999999,0,ppdai_imb77,rf
0,0.05,least_risky,0.764,0.6,0.06224066390041494,0.2,5000,0.2366,0,0,0,0,0.0,0.0,0.0,0.0,1,ppdai_imb77,rf
1,0.05,least_risky,0.756953642384106,0.4318181818181818,0.05263157894736842,-0.13636363636363635,7546,0.22965809700503578,82,5,2,3,0.4,0.4268292682926829,2.0,0.51,1,ppdai_imb77,rf
2,0.05,least_risky,0.7698412698412699,0.4461538461538462,0.06345733041575492,-0.1076923076923077,10080,0.2296626984126984,94,5,2,3,0.4,0.5425531914893617,2.0,0.51,1,ppdai_imb77,rf
3,0.05,least_risky,0.7649861055974593,0.5735294117647058,0.06478405315614617,0.14705882352941177,12591,0.2271463743944087,118,6,4,2,0.6666666666666666,0.5508474576271186,4.0,0.5099999999999999,1,ppdai_imb77,rf
4,0.05,least_risky,0.7752808988764045,0.5113636363636364,0.06598240469208211,0.022727272727272728,15128,0.22435219460602857,91,5,3,2,0.6,0.6153846153846154,3.0,0.51,1,ppdai_imb77,rf
5,0.05,least_risky,0.7758571833380561,0.43478260869565216,0.051347881899871634,-0.13043478260869565,17644,0.2217184311947404,113,6,2,4,0.3333333333333333,0.5929203539823009,2.0,0.5099999999999999,1,ppdai_imb77,rf
6,0.05,least_risky,0.7798710956866634,0.4857142857142857,0.07692307692307693,-0.02857142857142857,20167,0.2219467446819061,106,6,4,2,0.6666666666666666,0.6132075471698113,4.0,0.5099999999999999,1,ppdai_imb77,rf
7,0.05,least_risky,0.781084656084656,0.5203252032520326,0.06412825651302605,0.04065040650406504,22679,0.22161470964328234,117,6,1,5,0.16666666666666666,0.5897435897435898,1.0,0.5099999999999999,1,ppdai_imb77,rf
8,0.05,least_risky,0.776255707762557,0.49333333333333335,0.06577777777777778,-0.013333333333333334,25181,0.22024542313649179,128,7,2,5,0.2857142857142857,0.578125,2.0,0.5099999999999999,1,ppdai_imb77,rf
9,0.05,least_risky,0.7835740072202166,0.5337423312883436,0.07190082644628099,0.06748466257668712,27698,0.220485233590873,112,6,2,4,0.3333333333333333,0.5803571428571429,2.0,0.5099999999999999,1,ppdai_imb77,rf
10,0.05,least_risky,0.7856669976828865,0.5432098765432098,0.06722689075630252,0.08641975308641975,30208,0.2180217161016949,119,6,3,3,0.5,0.6302521008403361,3.0,0.5099999999999999,1,ppdai_imb77,rf
0,0.05,least_risky,0.791,0.5471698113207547,0.13551401869158877,0.09433962264150944,5000,0.2286,0,0,0,0,0.0,0.0,0.0,0.0,2,ppdai_imb77,rf
1,0.05,least_risky,0.7955911823647295,0.5714285714285714,0.11428571428571428,0.14285714285714285,7481,0.22390054805507284,150,8,5,3,0.625,0.5666666666666667,5.0,0.51,2,ppdai_imb77,rf
2,0.05,least_risky,0.8090225563909774,0.56,0.1076923076923077,0.12,9974,0.22037296972127532,137,7,3,4,0.42857142857142855,0.49635036496350365,3.0,0.5099999999999999,2,ppdai_imb77,rf
3,0.05,least_risky,0.7840224809313528,0.47674418604651164,0.07677902621722846,-0.046511627906976744,12455,0.216298675230831,150,8,3,5,0.375,0.54,3.0,0.51,2,ppdai_imb77,rf
4,0.05,least_risky,0.7937144767636242,0.5188679245283019,0.08856682769726248,0.03773584905660377,14952,0.2180310326377742,133,7,2,5,0.2857142857142857,0.5037593984962406,2.0,0.5099999999999999,2,ppdai_imb77,rf
5,0.05,least_risky,0.7976497563771855,0.5145631067961165,0.07475317348377997,0.02912621359223301,17442,0.21671826625386997,141,8,2,6,0.25,0.5177304964539007,2.0,0.51,2,ppdai_imb77,rf
6,0.05,least_risky,0.7905693503887635,0.5289855072463768,0.08659549228944247,0.057971014492753624,19935,0.2166039628793579,137,7,4,3,0.5714285714285714,0.46715328467153283,4.0,0.5099999999999999,2,ppdai_imb77,rf
7,0.05,least_risky,0.7842656563405394,0.5042735042735043,0.0608875128998968,0.008547008547008548,22434,0.21699206561469198,131,7,5,2,0.7142857142857143,0.5038167938931297,5.0,0.5099999999999999,2,ppdai_imb77,rf
8,0.05,least_risky,0.7833500501504513,0.5666666666666667,0.06204379562043796,0.13333333333333333,24923,0.21779079565060386,142,8,3,5,0.375,0.5070422535211268,3.0,0.51,2,ppdai_imb77,rf
9,0.05,least_risky,0.7883318140382862,0.488,0.05267702936096719,-0.024,27425,0.2165542388331814,128,7,5,2,0.7142857142857143,0.5859375,5.0,0.5099999999999999,2,ppdai_imb77,rf
10,0.05,least_risky,0.780377736921277,0.4899328859060403,0.05568268497330282,-0.020134228187919462,29912,0.21703664081305163,144,8,3,5,0.375,0.5208333333333334,3.0,0.51,2,ppdai_imb77,rf
0,0.05,least_risky,0.773,0.5405405405405406,0.08695652173913043,0.08108108108108109,5000,0.2296,0,0,0,0,0.0,0.0,0.0,0.0,3,ppdai_imb77,rf
1,0.05,least_risky,0.7875166002656042,0.543859649122807,0.09538461538461539,0.08771929824561403,7527,0.2266507240600505,102,6,3,3,0.5,0.5294117647058824,3.0,0.5099999999999999,3,ppdai_imb77,rf
2,0.05,least_risky,0.788135593220339,0.5,0.07294117647058823,0.0,10027,0.22319736710880622,130,7,3,4,0.42857142857142855,0.5615384615384615,3.0,0.5099999999999999,3,ppdai_imb77,rf
3,0.05,least_risky,0.7606531262445241,0.425,0.057724957555178265,-0.15,12555,0.22373556352050974,100,5,3,2,0.6,0.57,3.0,0.51,3,ppdai_imb77,rf
4,0.05,least_risky,0.7779621639561899,0.4631578947368421,0.06646525679758308,-0.07368421052631578,15065,0.22197145701958182,119,6,5,1,0.8333333333333334,0.6302521008403361,5.0,0.5099999999999999,3,ppdai_imb77,rf
5,0.05,least_risky,0.7798634812286689,0.4953271028037383,0.0685640362225097,-0.009345794392523364,17577,0.22079990897195198,117,6,2,4,0.3333333333333333,0.5299145299145299,2.0,0.5099999999999999,3,ppdai_imb77,rf
6,0.05,least_risky,0.7744585511575803,0.5566037735849056,0.06427015250544663,0.11320754716981132,20084,0.2197769368651663,123,7,3,4,0.42857142857142855,0.5447154471544715,3.0,0.5099999999999999,3,ppdai_imb77,rf
7,0.05,least_risky,0.7925696594427245,0.5486725663716814,0.06533192834562697,0.09734513274336283,22610,0.21879699248120302,103,6,4,2,0.6666666666666666,0.5533980582524272,4.0,0.5099999999999999,3,ppdai_imb77,rf
8,0.05,least_risky,0.7870222929936306,0.4959349593495935,0.05706267539756782,-0.008130081300813009,25119,0.21764401449102272,121,7,4,3,0.5714285714285714,0.5867768595041323,4.0,0.5099999999999999,3,ppdai_imb77,rf
9,0.05,least_risky,0.7891020999275887,0.5035971223021583,0.060034305317324184,0.007194244604316547,27618,0.2174668694329785,131,7,4,3,0.5714285714285714,0.6259541984732825,4.0,0.5099999999999999,3,ppdai_imb77,rf
10,0.05,least_risky,0.8015267175572519,0.5539568345323741,0.06358381502890173,0.1079136690647482,30126,0.2172210051118635,122,7,5,2,0.7142857142857143,0.6311475409836066,5.0,0.5099999999999999,3,ppdai_imb77,rf
0,0.05,least_risky,0.777,0.5384615384615384,0.12334801762114538,0.07692307692307693,5000,0.2324,0,0,0,0,0.0,0.0,0.0,0.0,4,ppdai_imb77,rf
1,0.05,least_risky,0.785140562248996,0.5892857142857143,0.09969788519637462,0.17857142857142858,7468,0.22415640064274236,164,9,4,5,0.4444444444444444,0.5609756097560976,4.0,0.51,4,ppdai_imb77,rf
2,0.05,least_risky,0.7734806629834254,0.5285714285714286,0.08131868131868132,0.05714285714285714,9952,0.222467845659164,147,8,1,7,0.125,0.5306122448979592,1.0,0.51,4,ppdai_imb77,rf
3,0.05,least_risky,0.7975855130784708,0.62,0.06019417475728155,0.24,12421,0.2164882054584977,163,9,2,7,0.2222222222222222,0.49693251533742333,2.0,0.51,4,ppdai_imb77,rf
4,0.05,least_risky,0.789738430583501,0.4810126582278481,0.060897435897435896,-0.0379746835443038,14910,0.21354795439302482,142,8,2,6,0.25,0.5633802816901409,2.0,0.51,4,ppdai_imb77,rf
5,0.05,least_risky,0.7851809304997128,0.5490196078431373,0.07387862796833773,0.09803921568627451,17406,0.21527059634608756,134,7,4,3,0.5714285714285714,0.48507462686567165,4.0,0.5099999999999999,4,ppdai_imb77,rf
6,0.05,least_risky,0.7808184785337685,0.584070796460177,0.07399103139013453,0.168141592920354,19915,0.2140597539543058,120,6,1,5,0.16666666666666666,0.5166666666666667,1.0,0.5099999999999999,4,ppdai_imb77,rf
7,0.05,least_risky,0.7898373077780254,0.5462962962962963,0.06190975865687303,0.09259259259259259,22431,0.21407873032856314,113,6,0,6,0.0,0.49557522123893805,0.0,0.5133333333333333,4,ppdai_imb77,rf
8,0.05,least_risky,0.7847263980757667,0.5503875968992248,0.06531738730450783,0.10077519379844961,24945,0.2154740428943676,115,6,3,3,0.5,0.591304347826087,3.0,0.5099999999999999,4,ppdai_imb77,rf
9,0.05,least_risky,0.7895791583166333,0.5602836879432624,0.0674061433447099,0.12056737588652482,27444,0.21753388718845648,131,7,2,5,0.2857142857142857,0.5114503816793893,2.0,0.5099999999999999,4,ppdai_imb77,rf
10,0.05,least_risky,0.7864061456245826,0.547945205479452,0.061871616395978345,0.0958904109589041,29936,0.21672902191341528,138,7,5,2,0.7142857142857143,0.5072463768115942,5.0,0.5099999999999999,4,ppdai_imb77,rf
0,0.1,least_risky,0.795,0.625,0.11627906976744186,0.25,5000,0.2248,0,0,0,0,0.0,0.0,0.0,0.0,0,ppdai_imb77,rf
1,0.1,least_risky,0.7760797342192691,0.5757575757575758,0.05555555555555555,0.15151515151515152,7521,0.22390639542614013,114,12,4,8,0.3333333333333333,0.5087719298245614,4.0,0.5099999999999999,0,ppdai_imb77,rf
2,0.1,least_risky,0.7897614314115308,0.4626865671641791,0.07416267942583732,-0.07462686567164178,10058,0.21952674487969775,96,10,4,6,0.4,0.5416666666666666,4.0,0.51,0,ppdai_imb77,rf
3,0.1,least_risky,0.7774244833068362,0.5315315315315315,0.10405643738977072,0.06306306306306306,12579,0.2187773272915176,114,12,7,5,0.5833333333333334,0.5087719298245614,7.0,0.5099999999999999,0,ppdai_imb77,rf
4,0.1,least_risky,0.7872270019854402,0.47619047619047616,0.07836990595611286,-0.047619047619047616,15109,0.2194718379773645,104,11,4,7,0.36363636363636365,0.6057692307692307,4.0,0.5109090909090909,0,ppdai_imb77,rf
5,0.1,least_risky,0.7882486517172864,0.5,0.09651474530831099,0.0,17615,0.21935850127732046,130,13,6,7,0.46153846153846156,0.49230769230769234,6.0,0.5123076923076921,0,ppdai_imb77,rf
6,0.1,least_risky,0.7929493545183715,0.5357142857142857,0.08886255924170616,0.07142857142857142,20138,0.21839308769490515,112,12,3,9,0.25,0.44642857142857145,3.0,0.5108333333333333,0,ppdai_imb77,rf
7,0.1,least_risky,0.7886950761757562,0.5275590551181102,0.06950207468879668,0.05511811023622047,22643,0.22059797729982777,132,14,10,4,0.7142857142857143,0.6136363636363636,10.0,0.5128571428571427,0,ppdai_imb77,rf
8,0.1,least_risky,0.7880715705765408,0.5259259259259259,0.06616961789375582,0.05185185185185185,25149,0.21881585748936339,130,13,4,9,0.3076923076923077,0.4846153846153846,4.0,0.5099999999999999,0,ppdai_imb77,rf
9,0.1,least_risky,0.785933827517628,0.5341614906832298,0.07196652719665272,0.06832298136645963,27655,0.2187669499186404,131,14,5,9,0.35714285714285715,0.5267175572519084,5.0,0.5107142857142856,0,ppdai_imb77,rf
10,0.1,least_risky,0.7817368246602585,0.5371428571428571,0.07067669172932331,0.07428571428571429,30170,0.21879350348027843,121,13,6,7,0.46153846153846156,0.6363636363636364,6.0,0.513076923076923,0,ppdai_imb77,rf
0,0.1,least_risky,0.764,0.6,0.06224066390041494,0.2,5000,0.2366,0,0,0,0,0.0,0.0,0.0,0.0,1,ppdai_imb77,rf
1,0.1,least_risky,0.7682119205298014,0.4583333333333333,0.06358381502890173,-0.08333333333333333,7550,0.2295364238410596,82,9,2,7,0.2222222222222222,0.4268292682926829,2.0,0.51,1,ppdai_imb77,rf
2,0.1,least_risky,0.7784935579781962,0.5573770491803278,0.07488986784140969,0.11475409836065574,10087,0.22950332110637453,96,10,4,6,0.4,0.5520833333333334,4.0,0.51,1,ppdai_imb77,rf
3,0.1,least_risky,0.7635643564356436,0.5555555555555556,0.057947019867549666,0.1111111111111111,12624,0.22774081115335867,96,10,5,5,0.5,0.53125,5.0,0.5109999999999999,1,ppdai_imb77,rf
4,0.1,least_risky,0.775691699604743,0.5306122448979592,0.07569141193595343,0.061224489795918366,15177,0.22547275482638202,78,8,5,3,0.625,0.5769230769230769,5.0,0.51,1,ppdai_imb77,rf
5,0.1,least_risky,0.7712750918857789,0.4854368932038835,0.062034739454094295,-0.02912621359223301,17681,0.22255528533453992,133,14,5,9,0.35714285714285715,0.5639097744360902,5.0,0.5142857142857141,1,ppdai_imb77,rf
6,0.1,least_risky,0.7824795842613215,0.5041322314049587,0.06931818181818182,0.008264462809917356,20205,0.2228656273199703,110,11,7,4,0.6363636363636364,0.5818181818181818,7.0,0.5136363636363636,1,ppdai_imb77,rf
7,0.1,least_risky,0.7820061592608887,0.48299319727891155,0.0720081135902637,-0.034013605442176874,22730,0.22248130224373075,109,11,7,4,0.6363636363636364,0.6513761467889908,7.0,0.5099999999999999,1,ppdai_imb77,rf
8,0.1,least_risky,0.7894945490584737,0.51875,0.07771535580524344,0.0375,25225,0.22120911793855302,143,15,9,6,0.6,0.5454545454545454,9.0,0.5106666666666666,1,ppdai_imb77,rf
9,0.1,least_risky,0.78478731074261,0.5459770114942529,0.07851239669421488,0.09195402298850575,27740,0.2211607786589762,120,12,7,5,0.5833333333333334,0.6333333333333333,7.0,0.5099999999999999,1,ppdai_imb77,rf
10,0.1,least_risky,0.7863756613756614,0.5248618784530387,0.0730207532667179,0.049723756906077346,30237,0.21840791083771538,140,14,7,7,0.5,0.6357142857142857,7.0,0.5157142857142855,1,ppdai_imb77,rf
0,0.1,least_risky,0.791,0.5471698113207547,0.13551401869158877,0.09433962264150944,5000,0.2286,0,0,0,0,0.0,0.0,0.0,0.0,2,ppdai_imb77,rf
1,0.1,least_risky,0.7843791722296395,0.5161290322580645,0.09846153846153846,0.03225806451612903,7488,0.22395833333333334,150,15,7,8,0.4666666666666667,0.5666666666666667,7.0,0.5099999999999999,2,ppdai_imb77,rf
2,0.1,least_risky,0.7947947947947948,0.5256410256410257,0.09903381642512077,0.05128205128205128,9986,0.22010815141197676,139,14,5,9,0.35714285714285715,0.5179856115107914,5.0,0.5135714285714285,2,ppdai_imb77,rf
3,0.1,least_risky,0.7925510612735283,0.5178571428571429,0.05576923076923077,0.03571428571428571,12484,0.21595642422300546,139,14,4,10,0.2857142857142857,0.5755395683453237,4.0,0.5099999999999999,2,ppdai_imb77,rf
4,0.1,least_risky,0.7880706431189604,0.5268817204301075,0.07644305772230889,0.053763440860215055,15003,0.21795640871825636,116,12,6,6,0.5,0.5431034482758621,6.0,0.5124999999999998,2,ppdai_imb77,rf
5,0.1,least_risky,0.7844089091947458,0.4742268041237113,0.06133333333333333,-0.05154639175257732,17510,0.21673329525985152,129,13,6,7,0.46153846153846156,0.5581395348837209,6.0,0.5107692307692306,2,ppdai_imb77,rf
6,0.1,least_risky,0.7932067932067932,0.427536231884058,0.07301980198019802,-0.14492753623188406,20017,0.21651596143278212,129,13,5,8,0.38461538461538464,0.49612403100775193,5.0,0.513076923076923,2,ppdai_imb77,rf
7,0.1,least_risky,0.7916574217883293,0.559322033898305,0.06925498426023086,0.11864406779661017,22534,0.21718292358214253,118,12,10,2,0.8333333333333334,0.5169491525423728,10.0,0.5141666666666665,2,ppdai_imb77,rf
8,0.1,least_risky,0.7797084082284801,0.5,0.05802357207615594,0.0,25035,0.21793489115238665,136,14,10,4,0.7142857142857143,0.5661764705882353,10.0,0.5099999999999999,2,ppdai_imb77,rf
9,0.1,least_risky,0.7808020322990383,0.5193798449612403,0.055234954657873044,0.03875968992248062,27555,0.21683904917437852,115,12,7,5,0.5833333333333334,0.6,7.0,0.5099999999999999,2,ppdai_imb77,rf
10,0.1,least_risky,0.7886855241264559,0.5393258426966292,0.07476635514018691,0.07865168539325842,30046,0.21720029288424417,147,15,7,8,0.4666666666666667,0.5510204081632653,7.0,0.5153333333333331,2,ppdai_imb77,rf
0,0.1,least_risky,0.773,0.5405405405405406,0.08695652173913043,0.08108108108108109,5000,0.2296,0,0,0,0,0.0,0.0,0.0,0.0,3,ppdai_imb77,rf
1,0.1,least_risky,0.7717319177173192,0.43636363636363634,0.0712166172106825,-0.12727272727272726,7532,0.22676579925650558,102,11,5,6,0.45454545454545453,0.5294117647058824,5.0,0.5109090909090909,3,ppdai_imb77,rf
2,0.1,least_risky,0.7742899850523169,0.5166666666666667,0.06813186813186813,0.03333333333333333,10034,0.2227426749053219,135,14,5,9,0.35714285714285715,0.5925925925925926,5.0,0.5157142857142855,3,ppdai_imb77,rf
3,0.1,least_risky,0.767608436132113,0.425,0.05944055944055944,-0.15,12562,0.2237701003024996,106,11,9,2,0.8181818181818182,0.5471698113207547,9.0,0.5099999999999999,3,ppdai_imb77,rf
4,0.1,least_risky,0.7732847199204508,0.45544554455445546,0.06814814814814815,-0.0891089108910891,15081,0.2224653537563822,116,12,8,4,0.6666666666666666,0.5948275862068966,8.0,0.5116666666666666,3,ppdai_imb77,rf
5,0.1,least_risky,0.7719647426784191,0.45794392523364486,0.0617906683480454,-0.08411214953271028,17584,0.22099636032757053,134,14,7,7,0.5,0.5447761194029851,7.0,0.5099999999999999,3,ppdai_imb77,rf
6,0.1,least_risky,0.78269517652909,0.4642857142857143,0.06004618937644342,-0.07142857142857142,20108,0.21986274119753332,110,11,5,6,0.45454545454545453,0.6090909090909091,5.0,0.5136363636363636,3,ppdai_imb77,rf
7,0.1,least_risky,0.7887759611135661,0.5038759689922481,0.06792058516196448,0.007751937984496124,22630,0.21900132567388422,113,12,4,8,0.3333333333333333,0.48672566371681414,4.0,0.5124999999999998,3,ppdai_imb77,rf
8,0.1,least_risky,0.7890966971746916,0.5614035087719298,0.0595903165735568,0.12280701754385964,25130,0.21766812574612018,137,14,7,7,0.5,0.583941605839416,7.0,0.5099999999999999,3,ppdai_imb77,rf
9,0.1,least_risky,0.7883502170767004,0.512,0.05456095481670929,0.024,27637,0.21757064804428847,129,13,5,8,0.38461538461538464,0.6124031007751938,5.0,0.5115384615384614,3,ppdai_imb77,rf
10,0.1,least_risky,0.7909136129995026,0.512396694214876,0.0490506329113924,0.024793388429752067,30151,0.2174388909157242,122,13,6,7,0.46153846153846156,0.5983606557377049,6.0,0.5099999999999999,3,ppdai_imb77,rf
0,0.1,least_risky,0.777,0.5384615384615384,0.12334801762114538,0.07692307692307693,5000,0.2324,0,0,0,0,0.0,0.0,0.0,0.0,4,ppdai_imb77,rf
1,0.1,least_risky,0.7693850267379679,0.6101694915254238,0.1005586592178771,0.22033898305084745,7476,0.2241840556447298,164,17,6,11,0.35294117647058826,0.5609756097560976,6.0,0.5117647058823529,4,ppdai_imb77,rf
2,0.1,least_risky,0.7783350050150452,0.4805194805194805,0.08428246013667426,-0.03896103896103896,9967,0.22243403230661182,147,15,3,12,0.2,0.5374149659863946,3.0,0.5099999999999999,4,ppdai_imb77,rf
3,0.1,least_risky,0.7967055042185617,0.6376811594202898,0.0838095238095238,0.2753623188405797,12445,0.21695460024106067,162,17,6,11,0.35294117647058826,0.47530864197530864,6.0,0.5117647058823529,4,ppdai_imb77,rf
4,0.1,least_risky,0.782870525259284,0.5925925925925926,0.07228915662650602,0.18518518518518517,14944,0.21419967880085652,138,14,8,6,0.5714285714285714,0.5797101449275363,8.0,0.5114285714285713,4,ppdai_imb77,rf
5,0.1,least_risky,0.7888857061014036,0.5567010309278351,0.07219251336898395,0.1134020618556701,17453,0.21549303844611242,127,13,7,6,0.5384615384615384,0.5590551181102362,7.0,0.5107692307692306,4,ppdai_imb77,rf
6,0.1,least_risky,0.7823691460055097,0.5046728971962616,0.06206896551724138,0.009345794392523364,19963,0.21369533637228874,126,13,6,7,0.46153846153846156,0.6190476190476191,6.0,0.513076923076923,4,ppdai_imb77,rf
7,0.1,least_risky,0.7861747054901089,0.5428571428571428,0.05870236869207003,0.08571428571428572,22492,0.2140761159523386,105,11,6,5,0.5454545454545454,0.49523809523809526,6.0,0.5163636363636364,4,ppdai_imb77,rf
8,0.1,least_risky,0.7841726618705036,0.5779816513761468,0.05742935278030994,0.1559633027522936,25016,0.21574192516789256,110,11,3,8,0.2727272727272727,0.5363636363636364,3.0,0.5109090909090909,4,ppdai_imb77,rf
9,0.1,least_risky,0.7919389978213508,0.5944055944055944,0.07246376811594203,0.1888111888111888,27536,0.21796920395119118,115,12,6,6,0.5,0.5304347826086957,6.0,0.5116666666666666,4,ppdai_imb77,rf
10,0.1,least_risky,0.7829199267521225,0.5285714285714286,0.056402439024390245,0.05714285714285714,30034,0.21695411866551242,139,14,6,8,0.42857142857142855,0.539568345323741,6.0,0.5149999999999998,4,ppdai_imb77,rf
0,0.15,least_risky,0.795,0.625,0.11627906976744186,0.25,5000,0.2248,0,0,0,0,0.0,0.0,0.0,0.0,0,ppdai_imb77,rf
1,0.15,least_risky,0.7722443559096945,0.5098039215686274,0.0755813953488372,0.0196078431372549,7527,0.22399362295735353,114,18,6,12,0.3333333333333333,0.5087719298245614,6.0,0.51,0,ppdai_imb77,rf
2,0.15,least_risky,0.7896568871208354,0.609375,0.08924485125858124,0.21875,10054,0.21911676944499703,113,17,7,10,0.4117647058823529,0.5486725663716814,7.0,0.5111764705882352,0,ppdai_imb77,rf
3,0.15,least_risky,0.7706677265500795,0.5531914893617021,0.08858603066439523,0.10638297872340426,12579,0.21798235153827808,116,18,8,10,0.4444444444444444,0.5517241379310345,8.0,0.51,0,ppdai_imb77,rf
4,0.15,least_risky,0.7763070814030444,0.49572649572649574,0.08592592592592592,-0.008547008547008548,15109,0.21887616652326428,110,17,7,10,0.4117647058823529,0.5909090909090909,7.0,0.5152941176470588,0,ppdai_imb77,rf
5,0.15,least_risky,0.7889960294951787,0.5037593984962406,0.08993288590604027,0.007518796992481203,17628,0.2189130928068981,123,19,8,11,0.42105263157894735,0.5040650406504065,8.0,0.5126315789473683,0,ppdai_imb77,rf
6,0.15,least_risky,0.7901785714285714,0.5084745762711864,0.07075471698113207,0.01694915254237288,20158,0.21807719019744023,110,17,8,9,0.47058823529411764,0.4727272727272727,8.0,0.5123529411764706,0,ppdai_imb77,rf
7,0.15,least_risky,0.7876184181537783,0.4840764331210191,0.07924921793534932,-0.03184713375796178,22691,0.22074831430963818,106,16,10,6,0.625,0.6132075471698113,10.0,0.516875,0,ppdai_imb77,rf
8,0.15,least_risky,0.7787698412698413,0.4966887417218543,0.06732495511669659,-0.006622516556291391,25199,0.21885789118615817,136,21,11,10,0.5238095238095238,0.5294117647058824,11.0,0.5142857142857141,0,ppdai_imb77,rf
9,0.15,least_risky,0.7851731601731602,0.5266666666666666,0.0658882402001668,0.05333333333333334,27718,0.2189551915722635,123,19,8,11,0.42105263157894735,0.5284552845528455,8.0,0.5121052631578946,0,ppdai_imb77,rf
10,0.15,least_risky,0.7849818061528283,0.5294117647058824,0.07551487414187644,0.058823529411764705,30227,0.21897641181724947,135,21,10,11,0.47619047619047616,0.6074074074074074,10.0,0.51,0,ppdai_imb77,rf
0,0.15,least_risky,0.764,0.6,0.06224066390041494,0.2,5000,0.2366,0,0,0,0,0.0,0.0,0.0,0.0,1,ppdai_imb77,rf
1,0.15,least_risky,0.7703507610853739,0.43902439024390244,0.05263157894736842,-0.12195121951219512,7554,0.2296796399258671,82,13,4,9,0.3076923076923077,0.4268292682926829,4.0,0.5099999999999999,1,ppdai_imb77,rf
2,0.15,least_risky,0.7743691241959426,0.5061728395061729,0.08971553610503283,0.012345679012345678,10104,0.22971100554235946,87,14,8,6,0.5714285714285714,0.6091954022988506,8.0,0.5149999999999998,1,ppdai_imb77,rf
3,0.15,least_risky,0.7590027700831025,0.5538461538461539,0.05844155844155844,0.1076923076923077,12633,0.22742024855537085,111,17,9,8,0.5294117647058824,0.5675675675675675,9.0,0.5158823529411765,1,ppdai_imb77,rf
4,0.15,least_risky,0.7693574958813838,0.46464646464646464,0.06637806637806638,-0.0707070707070707,15174,0.22492421246869646,97,15,9,6,0.6,0.5773195876288659,9.0,0.5099999999999999,1,ppdai_imb77,rf
5,0.15,least_risky,0.7694915254237288,0.47474747474747475,0.05795314426633785,-0.050505050505050504,17697,0.22241057806407866,118,18,6,12,0.3333333333333333,0.559322033898305,6.0,0.5116666666666666,1,ppdai_imb77,rf
6,0.15,least_risky,0.7791501976284585,0.4772727272727273,0.07094594594594594,-0.045454545454545456,20236,0.2227712986756276,99,15,10,5,0.6666666666666666,0.6363636363636364,10.0,0.5126666666666665,1,ppdai_imb77,rf
7,0.15,least_risky,0.7793148880105402,0.4462809917355372,0.05443548387096774,-0.10743801652892562,22768,0.222549191848208,108,17,9,8,0.5294117647058824,0.6296296296296297,9.0,0.5135294117647059,1,ppdai_imb77,rf
8,0.15,least_risky,0.7773383428910421,0.4930555555555556,0.06316725978647687,-0.013888888888888888,25284,0.22136529030216737,127,20,10,10,0.5,0.5669291338582677,10.0,0.5139999999999999,1,ppdai_imb77,rf
9,0.15,least_risky,0.7778975741239892,0.5034965034965035,0.0582053354890865,0.006993006993006993,27824,0.22178694652098907,98,15,7,8,0.4666666666666667,0.5816326530612245,7.0,0.5113333333333332,1,ppdai_imb77,rf
10,0.15,least_risky,0.7826660075795024,0.5402298850574713,0.07051762940735183,0.08045977011494253,30344,0.21938439230160822,122,19,10,9,0.5263157894736842,0.6147540983606558,10.0,0.5126315789473683,1,ppdai_imb77,rf
0,0.15,least_risky,0.791,0.5471698113207547,0.13551401869158877,0.09433962264150944,5000,0.2286,0,0,0,0,0.0,0.0,0.0,0.0,2,ppdai_imb77,rf
1,0.15,least_risky,0.7953333333333333,0.4714285714285714,0.10891089108910891,-0.05714285714285714,7496,0.2242529348986126,150,23,11,12,0.4782608695652174,0.5666666666666667,11.0,0.5130434782608695,2,ppdai_imb77,rf
2,0.15,least_risky,0.785,0.45121951219512196,0.08767772511848342,-0.0975609756097561,9996,0.22058823529411764,145,22,12,10,0.5454545454545454,0.5241379310344828,12.0,0.5154545454545453,2,ppdai_imb77,rf
3,0.15,least_risky,0.7844,0.45263157894736844,0.08113207547169811,-0.09473684210526316,12496,0.21662932138284252,145,22,8,14,0.36363636363636365,0.5517241379310345,8.0,0.5131818181818181,2,ppdai_imb77,rf
4,0.15,least_risky,0.7971352431712192,0.5625,0.10112359550561797,0.125,15006,0.2185125949620152,133,20,6,14,0.3,0.48872180451127817,6.0,0.5165,2,ppdai_imb77,rf
5,0.15,least_risky,0.7962910128388017,0.559322033898305,0.09065934065934066,0.11864406779661017,17524,0.21758730883359964,124,19,13,6,0.6842105263157895,0.5645161290322581,13.0,0.5136842105263156,2,ppdai_imb77,rf
6,0.15,least_risky,0.7820768846729905,0.4666666666666667,0.07291666666666667,-0.06666666666666667,20028,0.21694627521469942,140,21,8,13,0.38095238095238093,0.5285714285714286,8.0,0.5109523809523809,2,ppdai_imb77,rf
7,0.15,least_risky,0.7863001551762359,0.5648854961832062,0.07543323139653414,0.1297709923664122,22555,0.21746841055198404,113,17,6,11,0.35294117647058826,0.504424778761062,6.0,0.5135294117647059,2,ppdai_imb77,rf
8,0.15,least_risky,0.7839616995810892,0.5967741935483871,0.06684733514001806,0.1935483870967742,25063,0.21825000997486335,136,21,9,12,0.42857142857142855,0.5367647058823529,9.0,0.5142857142857141,2,ppdai_imb77,rf
9,0.15,least_risky,0.7921348314606742,0.5273972602739726,0.06666666666666667,0.0547945205479452,27589,0.21700677806372104,115,18,11,7,0.6111111111111112,0.6521739130434783,11.0,0.52,2,ppdai_imb77,rf
10,0.15,least_risky,0.7800664451827243,0.5426356589147286,0.052434456928838954,0.08527131782945736,30099,0.21744908468719892,134,21,10,11,0.47619047619047616,0.5746268656716418,10.0,0.5157142857142857,2,ppdai_imb77,rf
0,0.15,least_risky,0.773,0.5405405405405406,0.08695652173913043,0.08108108108108109,5000,0.2296,0,0,0,0,0.0,0.0,0.0,0.0,3,ppdai_imb77,rf
1,0.15,least_risky,0.769893899204244,0.4307692307692308,0.08284023668639054,-0.13846153846153847,7537,0.22688072177258856,102,16,7,9,0.4375,0.5294117647058824,7.0,0.5137499999999999,3,ppdai_imb77,rf
2,0.15,least_risky,0.7713717693836978,0.5072463768115942,0.07592190889370933,0.014492753623188406,10056,0.2240453460620525,123,19,9,10,0.47368421052631576,0.5528455284552846,9.0,0.5168421052631579,3,ppdai_imb77,rf
3,0.15,least_risky,0.7757936507936508,0.4430379746835443,0.06294964028776978,-0.11392405063291139,12599,0.2251766013175649,95,15,7,8,0.4666666666666667,0.5052631578947369,7.0,0.5133333333333332,3,ppdai_imb77,rf
4,0.15,least_risky,0.7783658617267615,0.5232558139534884,0.06676557863501484,0.046511627906976744,15112,0.22320010587612493,130,20,11,9,0.55,0.6153846153846154,11.0,0.5184999999999998,3,ppdai_imb77,rf
5,0.15,least_risky,0.779699461298554,0.4796747967479675,0.07642487046632124,-0.04065040650406504,17631,0.22210878566161874,123,19,5,14,0.2631578947368421,0.4796747967479675,5.0,0.511578947368421,3,ppdai_imb77,rf
6,0.15,least_risky,0.7769784172661871,0.46153846153846156,0.060674157303370786,-0.07692307692307693,20155,0.22093773257256263,117,18,7,11,0.3888888888888889,0.5726495726495726,7.0,0.5144444444444444,3,ppdai_imb77,rf
7,0.15,least_risky,0.7858875413450938,0.43137254901960786,0.06947368421052631,-0.13725490196078433,22671,0.21984032464381809,126,19,8,11,0.42105263157894735,0.5,8.0,0.51,3,ppdai_imb77,rf
8,0.15,least_risky,0.7834887874578289,0.4931506849315068,0.06611570247933884,-0.0136986301369863,25191,0.21876860783613195,122,19,13,6,0.6842105263157895,0.5983606557377049,13.0,0.5136842105263156,3,ppdai_imb77,rf
9,0.15,least_risky,0.7833543961003792,0.5390070921985816,0.06275805119735756,0.07801418439716312,27695,0.2186315219353674,140,21,9,12,0.42857142857142855,0.5857142857142857,9.0,0.5138095238095237,3,ppdai_imb77,rf
10,0.15,least_risky,0.792686962276638,0.5802469135802469,0.07349491790461297,0.16049382716049382,30217,0.21845318860244234,119,18,8,10,0.4444444444444444,0.6050420168067226,8.0,0.5166666666666666,3,ppdai_imb77,rf
0,0.15,least_risky,0.777,0.5384615384615384,0.12334801762114538,0.07692307692307693,5000,0.2324,0,0,0,0,0.0,0.0,0.0,0.0,4,ppdai_imb77,rf
1,0.15,least_risky,0.7762191048764195,0.5192307692307693,0.08011869436201781,0.038461538461538464,7484,0.2244788882950294,164,25,10,15,0.4,0.5609756097560976,10.0,0.5152,4,ppdai_imb77,rf
2,0.15,least_risky,0.7917917917917918,0.5909090909090909,0.0911214953271028,0.18181818181818182,9989,0.2224446891580739,139,21,11,10,0.5238095238095238,0.6187050359712231,11.0,0.5223809523809523,4,ppdai_imb77,rf
3,0.15,least_risky,0.7811124449779911,0.5645161290322581,0.06306306306306306,0.12903225806451613,12491,0.21735649667760787,143,22,6,16,0.2727272727272727,0.46853146853146854,6.0,0.5163636363636361,4,ppdai_imb77,rf
4,0.15,least_risky,0.7747417527490836,0.5288461538461539,0.08064516129032258,0.057692307692307696,15003,0.2152236219422782,131,20,9,11,0.45,0.5190839694656488,9.0,0.5129999999999999,4,ppdai_imb77,rf
5,0.15,least_risky,0.7901199314677327,0.55,0.0738255033557047,0.1,17509,0.2162316522931064,138,21,6,15,0.2857142857142857,0.5289855072463768,6.0,0.5166666666666665,4,ppdai_imb77,rf
6,0.15,least_risky,0.7814685314685315,0.543859649122807,0.07005649717514124,0.08771929824561403,20019,0.21469603876317497,134,21,9,12,0.42857142857142855,0.5522388059701493,9.0,0.5147619047619048,4,ppdai_imb77,rf
7,0.15,least_risky,0.7861579414374446,0.5041322314049587,0.06321243523316063,0.008264462809917356,22537,0.2144917247193504,124,19,9,10,0.47368421052631576,0.5483870967741935,9.0,0.514736842105263,4,ppdai_imb77,rf
8,0.15,least_risky,0.7849162011173184,0.5714285714285714,0.05850091407678245,0.14285714285714285,25058,0.2160188362997845,120,18,11,7,0.6111111111111112,0.5833333333333334,11.0,0.5138888888888888,4,ppdai_imb77,rf
9,0.15,least_risky,0.7839405473989487,0.45454545454545453,0.04230118443316413,-0.09090909090909091,27585,0.21827079934747146,113,17,7,10,0.4117647058823529,0.5221238938053098,7.0,0.5111764705882352,4,ppdai_imb77,rf
10,0.15,least_risky,0.7847533632286996,0.5161290322580645,0.061491160645657184,0.03225806451612903,30101,0.21743463672303245,126,19,8,11,0.42105263157894735,0.5317460317460317,8.0,0.5147368421052632,4,ppdai_imb77,rf
0,0.2,least_risky,0.795,0.625,0.11627906976744186,0.25,5000,0.2248,0,0,0,0,0.0,0.0,0.0,0.0,0,ppdai_imb77,rf
1,0.2,least_risky,0.7850033178500332,0.5102040816326531,0.07692307692307693,0.02040816326530612,7532,0.22411046202867765,114,23,8,15,0.34782608695652173,0.5087719298245614,8.0,0.5121739130434781,0,ppdai_imb77,rf
2,0.2,least_risky,0.782350024789291,0.4805194805194805,0.08486238532110092,-0.03896103896103896,10083,0.2198750371913121,91,19,6,13,0.3157894736842105,0.5384615384615384,6.0,0.5173684210526315,0,ppdai_imb77,rf
3,0.2,least_risky,0.7854877081681205,0.49107142857142855,0.10204081632653061,-0.017857142857142856,12608,0.21882931472081218,123,25,12,13,0.48,0.5284552845528455,12.0,0.5164,0,ppdai_imb77,rf
4,0.2,least_risky,0.7800925925925926,0.5247524752475248,0.0791044776119403,0.04950495049504951,15117,0.21902493881061058,143,29,15,14,0.5172413793103449,0.6013986013986014,15.0,0.5158620689655171,0,ppdai_imb77,rf
5,0.2,least_risky,0.7906976744186046,0.47096774193548385,0.10013717421124829,-0.05806451612903226,17630,0.21905842314237095,138,28,10,18,0.35714285714285715,0.47101449275362317,10.0,0.5157142857142857,0,ppdai_imb77,rf
6,0.2,least_risky,0.7947446703024293,0.5503875968992248,0.08442330558858502,0.10077519379844961,20167,0.21837655575940892,108,22,9,13,0.4090909090909091,0.4444444444444444,9.0,0.5168181818181817,0,ppdai_imb77,rf
7,0.2,least_risky,0.7901697156711484,0.5223880597014925,0.07306889352818371,0.04477611940298507,22683,0.22056165410219106,134,27,14,13,0.5185185185185185,0.6194029850746269,14.0,0.514074074074074,0,ppdai_imb77,rf
8,0.2,least_risky,0.7829795675461217,0.4723926380368098,0.07096774193548387,-0.05521472392638037,25205,0.21876611783376315,127,26,13,13,0.5,0.5433070866141733,13.0,0.5146153846153846,0,ppdai_imb77,rf
9,0.2,least_risky,0.7911255411255411,0.5374149659863946,0.06757912745936698,0.07482993197278912,27718,0.21866657045962912,138,28,14,14,0.5,0.5652173913043478,14.0,0.5210714285714285,0,ppdai_imb77,rf
10,0.2,least_risky,0.7890560423210448,0.5333333333333333,0.07453416149068323,0.06666666666666667,30244,0.2189525195080016,122,25,13,12,0.52,0.6065573770491803,13.0,0.5188,0,ppdai_imb77,rf
0,0.2,least_risky,0.764,0.6,0.06224066390041494,0.2,5000,0.2366,0,0,0,0,0.0,0.0,0.0,0.0,1,ppdai_imb77,rf
1,0.2,least_risky,0.7605820105820106,0.5294117647058824,0.04945054945054945,0.058823529411764705,7558,0.2298227044191585,82,17,6,11,0.35294117647058826,0.4268292682926829,6.0,0.5123529411764706,1,ppdai_imb77,rf
2,0.2,least_risky,0.7645895153313551,0.4666666666666667,0.07430997876857749,-0.06666666666666667,10109,0.23019091898308439,90,18,12,6,0.6666666666666666,0.5888888888888889,12.0,0.5155555555555554,1,ppdai_imb77,rf
3,0.2,least_risky,0.7686832740213523,0.5625,0.06070826306913996,0.125,12644,0.22769693135083835,110,22,8,14,0.36363636363636365,0.5636363636363636,8.0,0.5122727272727272,1,ppdai_imb77,rf
4,0.2,least_risky,0.7792763157894737,0.4936708860759494,0.058208955223880594,-0.012658227848101266,15200,0.22519736842105262,84,17,6,11,0.35294117647058826,0.5833333333333334,6.0,0.5211764705882352,1,ppdai_imb77,rf
5,0.2,least_risky,0.7738296672306825,0.452991452991453,0.06700379266750948,-0.09401709401709402,17730,0.2224478285391991,117,24,7,17,0.2916666666666667,0.5897435897435898,7.0,0.51625,1,ppdai_imb77,rf
6,0.2,least_risky,0.7770653514180025,0.47368421052631576,0.060133630289532294,-0.05263157894736842,20273,0.2229073151482267,101,21,7,14,0.3333333333333333,0.5643564356435643,7.0,0.5138095238095237,1,ppdai_imb77,rf
7,0.2,least_risky,0.7797018851380974,0.4304635761589404,0.06605691056910569,-0.1390728476821192,22808,0.22281655559452823,111,23,13,10,0.5652173913043478,0.6126126126126126,13.0,0.5130434782608695,1,ppdai_imb77,rf
8,0.2,least_risky,0.7786771964461994,0.50920245398773,0.07384341637010676,0.018404907975460124,25321,0.22163421665810987,138,28,11,17,0.39285714285714285,0.5289855072463768,11.0,0.5167857142857142,1,ppdai_imb77,rf
9,0.2,least_risky,0.782444803446419,0.5301204819277109,0.07201309328968904,0.060240963855421686,27852,0.22177940542869454,116,24,13,11,0.5416666666666666,0.6206896551724138,13.0,0.5204166666666666,1,ppdai_imb77,rf
10,0.2,least_risky,0.7820934825543121,0.5340314136125655,0.0762902019446522,0.06806282722513089,30376,0.21931788253884646,124,25,17,8,0.68,0.6693548387096774,17.0,0.5152,1,ppdai_imb77,rf
0,0.2,least_risky,0.791,0.5471698113207547,0.13551401869158877,0.09433962264150944,5000,0.2286,0,0,0,0,0.0,0.0,0.0,0.0,2,ppdai_imb77,rf
1,0.2,least_risky,0.7801465689540307,0.5147058823529411,0.10542168674698796,0.029411764705882353,7503,0.22431027588964414,150,30,13,17,0.43333333333333335,0.5666666666666667,13.0,0.5156666666666666,2,ppdai_imb77,rf
2,0.2,least_risky,0.7971014492753623,0.5227272727272727,0.11219512195121951,0.045454545454545456,10002,0.22085582883423316,156,32,16,16,0.5,0.5,16.0,0.5175000000000001,2,ppdai_imb77,rf
3,0.2,least_risky,0.795281887245102,0.5116279069767442,0.08560311284046693,0.023255813953488372,12505,0.216953218712515,151,31,13,18,0.41935483870967744,0.5496688741721855,13.0,0.5193548387096774,2,ppdai_imb77,rf
4,0.2,least_risky,0.7908061292471685,0.5398230088495575,0.09576138147566719,0.07964601769911504,15010,0.21892071952031977,148,30,15,15,0.5,0.49324324324324326,15.0,0.5146666666666666,2,ppdai_imb77,rf
5,0.2,least_risky,0.7860199714693296,0.5081967213114754,0.08244680851063829,0.01639344262295082,17523,0.21788506534269247,138,28,12,16,0.42857142857142855,0.5144927536231884,12.0,0.5178571428571427,2,ppdai_imb77,rf
6,0.2,least_risky,0.7896706586826348,0.47368421052631576,0.06451612903225806,-0.05263157894736842,20037,0.21769726006887258,137,28,13,15,0.4642857142857143,0.48905109489051096,13.0,0.5228571428571428,2,ppdai_imb77,rf
7,0.2,least_risky,0.7852393617021277,0.5267175572519084,0.0706967213114754,0.05343511450381679,22557,0.21824710732810215,129,26,16,10,0.6153846153846154,0.5116279069767442,16.0,0.5165384615384615,2,ppdai_imb77,rf
8,0.2,least_risky,0.7939768647786198,0.5241935483870968,0.06256015399422522,0.04838709677419355,25069,0.2189157924129403,139,28,15,13,0.5357142857142857,0.5683453237410072,15.0,0.5175,2,ppdai_imb77,rf
9,0.2,least_risky,0.7928221859706363,0.5460992907801419,0.06660899653979238,0.09219858156028368,27582,0.21782321804075122,138,28,15,13,0.5357142857142857,0.5507246376811594,15.0,0.5146428571428571,2,ppdai_imb77,rf
10,0.2,least_risky,0.7898321980395414,0.5879120879120879,0.08249807247494217,0.17582417582417584,30093,0.2184228890439637,140,28,16,12,0.5714285714285714,0.5428571428571428,16.0,0.5196428571428571,2,ppdai_imb77,rf
0,0.2,least_risky,0.773,0.5405405405405406,0.08695652173913043,0.08108108108108109,5000,0.2296,0,0,0,0,0.0,0.0,0.0,0.0,3,ppdai_imb77,rf
1,0.2,least_risky,0.757455268389662,0.5102040816326531,0.0681198910081744,0.02040816326530612,7542,0.2269954919119597,102,21,9,12,0.42857142857142855,0.5294117647058824,9.0,0.515238095238095,3,ppdai_imb77,rf
2,0.2,least_risky,0.7770605759682224,0.44594594594594594,0.07482993197278912,-0.10810810810810811,10068,0.22407628128724671,122,25,11,14,0.44,0.5655737704918032,11.0,0.52,3,ppdai_imb77,rf
3,0.2,least_risky,0.7764565992865636,0.4583333333333333,0.07913669064748201,-0.08333333333333333,12611,0.225120926175561,101,21,17,4,0.8095238095238095,0.5841584158415841,17.0,0.5176190476190475,3,ppdai_imb77,rf
4,0.2,least_risky,0.7693324520819563,0.5164835164835165,0.06704707560627675,0.03296703296703297,15126,0.22332407774692584,135,27,11,16,0.4074074074074074,0.5703703703703704,11.0,0.5166666666666666,3,ppdai_imb77,rf
5,0.2,least_risky,0.7802322288303597,0.553030303030303,0.09240506329113925,0.10606060606060606,17653,0.22251175437602674,121,25,13,12,0.52,0.49586776859504134,13.0,0.5128,3,ppdai_imb77,rf
6,0.2,least_risky,0.7740336967294351,0.48120300751879697,0.07056229327453142,-0.03759398496240601,20177,0.221489815136046,124,25,14,11,0.56,0.5645161290322581,14.0,0.5168,3,ppdai_imb77,rf
7,0.2,least_risky,0.7881057268722467,0.49606299212598426,0.06555671175858481,-0.007874015748031496,22698,0.2202837254383646,128,26,10,16,0.38461538461538464,0.5078125,10.0,0.5119230769230769,3,ppdai_imb77,rf
8,0.2,least_risky,0.7846946867565424,0.5032679738562091,0.07083716651333946,0.006535947712418301,25218,0.2192481560789912,129,26,16,10,0.6153846153846154,0.5736434108527132,16.0,0.5215384615384615,3,ppdai_imb77,rf
9,0.2,least_risky,0.7869502523431867,0.4697986577181208,0.059676044330775786,-0.06040268456375839,27739,0.2193301849381737,128,26,15,11,0.5769230769230769,0.6015625,15.0,0.5176923076923077,3,ppdai_imb77,rf
10,0.2,least_risky,0.783801652892562,0.4787234042553192,0.06923076923076923,-0.0425531914893617,30249,0.21898244570068431,142,29,15,14,0.5172413793103449,0.5985915492957746,15.0,0.5172413793103448,3,ppdai_imb77,rf
0,0.2,least_risky,0.777,0.5384615384615384,0.12334801762114538,0.07692307692307693,5000,0.2324,0,0,0,0,0.0,0.0,0.0,0.0,4,ppdai_imb77,rf
1,0.2,least_risky,0.7678452301534356,0.574468085106383,0.07605633802816901,0.14893617021276595,7492,0.22490656700480513,164,33,15,18,0.45454545454545453,0.5609756097560976,15.0,0.5187878787878789,4,ppdai_imb77,rf
2,0.2,least_risky,0.7897102897102897,0.6229508196721312,0.0871559633027523,0.2459016393442623,10006,0.2230661603038177,137,28,9,19,0.32142857142857145,0.5766423357664233,9.0,0.5149999999999999,4,ppdai_imb77,rf
3,0.2,least_risky,0.7940119760479042,0.5789473684210527,0.08333333333333333,0.15789473684210525,12521,0.2178739717274978,135,27,14,13,0.5185185185185185,0.5333333333333333,14.0,0.5166666666666666,4,ppdai_imb77,rf
4,0.2,least_risky,0.7805851063829787,0.5393258426966292,0.07196401799100449,0.07865168539325842,15038,0.21558717914616304,133,27,15,12,0.5555555555555556,0.556390977443609,15.0,0.5214814814814814,4,ppdai_imb77,rf
5,0.2,least_risky,0.7890691716481639,0.6739130434782609,0.08020698576972833,0.34782608695652173,17564,0.21709177863812343,122,25,14,11,0.56,0.5491803278688525,14.0,0.5136,4,ppdai_imb77,rf
6,0.2,least_risky,0.7855187857676039,0.6106194690265486,0.0777903043968433,0.22123893805309736,20092,0.21595659964164843,119,24,11,13,0.4583333333333333,0.5210084033613446,11.0,0.5179166666666667,4,ppdai_imb77,rf
7,0.2,least_risky,0.7793987621573828,0.5757575757575758,0.0562685093780849,0.15151515151515152,22620,0.21600353669319186,119,24,13,11,0.5416666666666666,0.5126050420168067,13.0,0.5183333333333334,4,ppdai_imb77,rf
8,0.2,least_risky,0.7757009345794392,0.5144927536231884,0.0627208480565371,0.028985507246376812,25142,0.2176040092275873,127,26,12,14,0.46153846153846156,0.5118110236220472,12.0,0.5157692307692308,4,ppdai_imb77,rf
9,0.2,least_risky,0.7854690041568769,0.5792682926829268,0.07831821929101401,0.15853658536585366,27664,0.21956333140543666,127,26,13,13,0.5,0.5511811023622047,13.0,0.5169230769230769,4,ppdai_imb77,rf
10,0.2,least_risky,0.7729908864954432,0.532051282051282,0.060144927536231886,0.0641025641025641,30175,0.2184589892294946,141,29,15,14,0.5172413793103449,0.5673758865248227,15.0,0.5172413793103448,4,ppdai_imb77,rf
0,0.3,least_risky,0.795,0.625,0.11627906976744186,0.25,5000,0.2248,0,0,0,0,0.0,0.0,0.0,0.0,0,ppdai_imb77,rf
1,0.3,least_risky,0.7833001988071571,0.546875,0.10510510510510511,0.09375,7544,0.22441675503711558,114,35,13,22,0.37142857142857144,0.5087719298245614,13.0,0.5148571428571428,0,ppdai_imb77,rf
2,0.3,least_risky,0.797624938149431,0.5595238095238095,0.11217183770883055,0.11904761904761904,10102,0.2204513957632152,94,29,19,10,0.6551724137931034,0.6063829787234043,19.0,0.5199999999999999,0,ppdai_imb77,rf
3,0.3,least_risky,0.7810276679841898,0.5882352941176471,0.1048951048951049,0.17647058823529413,12647,0.21941962520755912,112,34,16,18,0.47058823529411764,0.5625,16.0,0.5226470588235294,0,ppdai_imb77,rf
4,0.3,least_risky,0.7812191103789127,0.48936170212765956,0.06948640483383686,-0.02127659574468085,15172,0.21981281307672026,141,43,21,22,0.4883720930232558,0.5957446808510638,21.0,0.5206976744186048,0,ppdai_imb77,rf
5,0.3,least_risky,0.7850889579214911,0.5299145299145299,0.08072916666666667,0.05982905982905983,17705,0.21976842699802315,129,39,19,20,0.48717948717948717,0.5348837209302325,19.0,0.5189743589743592,0,ppdai_imb77,rf
6,0.3,least_risky,0.7830700888450148,0.4918032786885246,0.06841505131128849,-0.01639344262295082,20256,0.21879936808846762,103,31,13,18,0.41935483870967744,0.5145631067961165,13.0,0.521290322580645,0,ppdai_imb77,rf
7,0.3,least_risky,0.787546590659943,0.45588235294117646,0.06478578892371996,-0.08823529411764706,22802,0.22098938689588632,110,33,14,19,0.42424242424242425,0.6818181818181818,14.0,0.5227272727272727,0,ppdai_imb77,rf
8,0.3,least_risky,0.7806706114398422,0.5,0.0683453237410072,0.0,25348,0.21946504655199622,110,33,16,17,0.48484848484848486,0.5363636363636364,16.0,0.5236363636363637,0,ppdai_imb77,rf
9,0.3,least_risky,0.7860473457675753,0.489010989010989,0.07485281749369217,-0.02197802197802198,27880,0.21961979913916788,130,39,15,24,0.38461538461538464,0.5076923076923077,15.0,0.5179487179487182,0,ppdai_imb77,rf
10,0.3,least_risky,0.7802071346375143,0.4692737430167598,0.06334841628959276,-0.061452513966480445,30411,0.21975600933872613,132,40,20,20,0.5,0.6212121212121212,20.0,0.5189999999999999,0,ppdai_imb77,rf
0,0.3,least_risky,0.764,0.6,0.06224066390041494,0.2,5000,0.2366,0,0,0,0,0.0,0.0,0.0,0.0,1,ppdai_imb77,rf
1,0.3,least_risky,0.7701453104359313,0.5769230769230769,0.08426966292134831,0.15384615384615385,7566,0.22997620935765264,82,25,9,16,0.36,0.4268292682926829,9.0,0.5168,1,ppdai_imb77,rf
2,0.3,least_risky,0.7614814814814815,0.5625,0.07331975560081466,0.125,10125,0.2305185185185185,92,28,12,16,0.42857142857142855,0.532608695652174,12.0,0.5224999999999999,1,ppdai_imb77,rf
3,0.3,least_risky,0.7584846093133386,0.5757575757575758,0.06109324758842444,0.15151515151515152,12669,0.22882626884521273,113,34,15,19,0.4411764705882353,0.49557522123893805,15.0,0.5182352941176472,1,ppdai_imb77,rf
4,0.3,least_risky,0.7803676953381484,0.5333333333333333,0.08284023668639054,0.06666666666666667,15229,0.22660713113139405,90,27,19,8,0.7037037037037037,0.6,19.0,0.5181481481481481,1,ppdai_imb77,rf
5,0.3,least_risky,0.7723691615081598,0.5948275862068966,0.08303249097472924,0.1896551724137931,17766,0.2240234155127772,123,37,18,19,0.4864864864864865,0.5853658536585366,18.0,0.5227027027027026,1,ppdai_imb77,rf
6,0.3,least_risky,0.776218611521418,0.4435483870967742,0.061452513966480445,-0.11290322580645161,20308,0.22449281071498917,116,35,16,19,0.45714285714285713,0.5344827586206896,16.0,0.5177142857142858,1,ppdai_imb77,rf
7,0.3,least_risky,0.7820568927789935,0.5389221556886228,0.08919722497522299,0.07784431137724551,22847,0.2245371383551451,120,36,20,16,0.5555555555555556,0.5583333333333333,20.0,0.517777777777778,1,ppdai_imb77,rf
8,0.3,least_risky,0.7820689655172414,0.5257142857142857,0.08251121076233184,0.05142857142857143,25374,0.2232600299519193,138,42,24,18,0.5714285714285714,0.5869565217391305,24.0,0.5254761904761904,1,ppdai_imb77,rf
9,0.3,least_risky,0.7822970793764559,0.5343915343915344,0.08224755700325732,0.06878306878306878,27904,0.22337299311926606,133,40,18,22,0.45,0.556390977443609,18.0,0.52225,1,ppdai_imb77,rf
10,0.3,least_risky,0.7849868593955321,0.5294117647058824,0.075,0.058823529411764705,30436,0.22098830332500985,131,40,26,14,0.65,0.6412213740458015,26.0,0.523,1,ppdai_imb77,rf
0,0.3,least_risky,0.791,0.5471698113207547,0.13551401869158877,0.09433962264150944,5000,0.2286,0,0,0,0,0.0,0.0,0.0,0.0,2,ppdai_imb77,rf
1,0.3,least_risky,0.7819148936170213,0.5,0.08536585365853659,0.0,7518,0.224926842245278,150,45,21,24,0.4666666666666667,0.5666666666666667,21.0,0.520888888888889,2,ppdai_imb77,rf
2,0.3,least_risky,0.7820895522388059,0.42857142857142855,0.07728337236533958,-0.14285714285714285,10048,0.2220342356687898,133,40,20,20,0.5,0.5112781954887218,20.0,0.5305,2,ppdai_imb77,rf
3,0.3,least_risky,0.7906884202148826,0.46875,0.08653846153846154,-0.0625,12564,0.21840178287169693,153,46,17,29,0.3695652173913043,0.5098039215686274,17.0,0.5267391304347825,2,ppdai_imb77,rf
4,0.3,least_risky,0.7935034802784223,0.5338983050847458,0.09984152139461172,0.06779661016949153,15083,0.22018166147318172,149,45,20,25,0.4444444444444444,0.4966442953020134,20.0,0.5264444444444446,2,ppdai_imb77,rf
5,0.3,least_risky,0.793416572077185,0.559322033898305,0.0889487870619946,0.11864406779661017,17617,0.21904978146108872,128,39,18,21,0.46153846153846156,0.5546875,18.0,0.52,2,ppdai_imb77,rf
6,0.3,least_risky,0.7920079424174733,0.532258064516129,0.07801418439716312,0.06451612903225806,20143,0.21883532740902548,139,42,21,21,0.5,0.5035971223021583,21.0,0.5245238095238095,2,ppdai_imb77,rf
7,0.3,least_risky,0.7930806522697224,0.512396694214876,0.06581740976645435,0.024793388429752067,22686,0.21925416556466543,115,35,19,16,0.5428571428571428,0.5565217391304348,19.0,0.5225714285714287,2,ppdai_imb77,rf
8,0.3,least_risky,0.781565906838454,0.48905109489051096,0.060964513193812554,-0.021897810218978103,25222,0.2199666957418127,125,38,18,20,0.47368421052631576,0.584,18.0,0.5244736842105261,2,ppdai_imb77,rf
9,0.3,least_risky,0.7939110070257611,0.539568345323741,0.06493506493506493,0.07913669064748201,27754,0.21888736758665417,131,40,28,12,0.7,0.6259541984732825,28.0,0.5235000000000001,2,ppdai_imb77,rf
10,0.3,least_risky,0.790820538220241,0.5357142857142857,0.07036747458952307,0.07142857142857142,30285,0.21954763084035,132,40,23,17,0.575,0.5606060606060606,23.0,0.52425,2,ppdai_imb77,rf
0,0.3,least_risky,0.773,0.5405405405405406,0.08695652173913043,0.08108108108108109,5000,0.2296,0,0,0,0,0.0,0.0,0.0,0.0,3,ppdai_imb77,rf
1,0.3,least_risky,0.7902051621442753,0.5070422535211268,0.11320754716981132,0.014084507042253521,7552,0.227489406779661,102,31,15,16,0.4838709677419355,0.5294117647058824,15.0,0.5203225806451611,3,ppdai_imb77,rf
2,0.3,least_risky,0.7715559960356789,0.4861111111111111,0.07625272331154684,-0.027777777777777776,10088,0.22442505947660588,125,38,20,18,0.5263157894736842,0.608,20.0,0.5276315789473683,3,ppdai_imb77,rf
3,0.3,least_risky,0.7692916501780768,0.43023255813953487,0.0647985989492119,-0.13953488372093023,12635,0.22524732884843687,109,33,13,20,0.3939393939393939,0.5137614678899083,13.0,0.5160606060606061,3,ppdai_imb77,rf
4,0.3,least_risky,0.771004942339374,0.4845360824742268,0.06791907514450866,-0.030927835051546393,15174,0.22406748385396072,120,36,14,22,0.3888888888888889,0.5416666666666666,14.0,0.5211111111111111,3,ppdai_imb77,rf
5,0.3,least_risky,0.7827313769751693,0.5089285714285714,0.07383419689119171,0.017857142857142856,17716,0.2230187401219237,117,36,17,19,0.4722222222222222,0.5384615384615384,17.0,0.5252777777777777,3,ppdai_imb77,rf
6,0.3,least_risky,0.7818361303060217,0.48905109489051096,0.07604994324631101,-0.021897810218978103,20257,0.22189860295206595,118,36,14,22,0.3888888888888889,0.5677966101694916,14.0,0.5161111111111113,3,ppdai_imb77,rf
7,0.3,least_risky,0.7792891619131198,0.4430379746835443,0.0708502024291498,-0.11392405063291139,22789,0.22098380797753303,130,39,22,17,0.5641025641025641,0.5153846153846153,22.0,0.5243589743589743,3,ppdai_imb77,rf
8,0.3,least_risky,0.7820765890248716,0.5266272189349113,0.07996406109613657,0.05325443786982249,25328,0.2200726468730259,121,37,23,14,0.6216216216216216,0.5950413223140496,23.0,0.5248648648648647,3,ppdai_imb77,rf
9,0.3,least_risky,0.7853553481694185,0.4444444444444444,0.05767599660729432,-0.1111111111111111,27860,0.22002871500358936,131,40,25,15,0.625,0.6564885496183206,25.0,0.5217500000000002,3,ppdai_imb77,rf
10,0.3,least_risky,0.7886165487744695,0.5145631067961165,0.08210689388071263,0.02912621359223301,30393,0.219984864936005,129,39,20,19,0.5128205128205128,0.5736434108527132,20.0,0.5261538461538461,3,ppdai_imb77,rf
0,0.3,least_risky,0.777,0.5384615384615384,0.12334801762114538,0.07692307692307693,5000,0.2324,0,0,0,0,0.0,0.0,0.0,0.0,4,ppdai_imb77,rf
1,0.3,least_risky,0.7623169107856191,0.5,0.08683473389355742,0.0,7509,0.22546277799973366,164,50,23,27,0.46,0.5609756097560976,23.0,0.5272000000000001,4,ppdai_imb77,rf
2,0.3,least_risky,0.7784967645594824,0.5581395348837209,0.1054945054945055,0.11627906976744186,10041,0.224081266806095,130,39,15,24,0.38461538461538464,0.5769230769230769,15.0,0.5258974358974359,4,ppdai_imb77,rf
3,0.3,least_risky,0.7808273667462211,0.5512820512820513,0.07692307692307693,0.10256410256410256,12569,0.21926963163338373,136,41,14,27,0.34146341463414637,0.45588235294117646,14.0,0.5304878048780489,4,ppdai_imb77,rf
4,0.3,least_risky,0.7892124420913302,0.5463917525773195,0.08204334365325078,0.09278350515463918,15106,0.21739706077055473,123,37,18,19,0.4864864864864865,0.5121951219512195,18.0,0.5210810810810811,4,ppdai_imb77,rf
5,0.3,least_risky,0.7743764172335601,0.5588235294117647,0.07054455445544554,0.11764705882352941,17636,0.21858698117486958,133,40,18,22,0.45,0.5338345864661654,18.0,0.5195000000000001,4,ppdai_imb77,rf
6,0.3,least_risky,0.777998017839445,0.5801526717557252,0.08287895310796074,0.16030534351145037,20176,0.21713917525773196,119,36,18,18,0.5,0.5798319327731093,18.0,0.5225,4,ppdai_imb77,rf
7,0.3,least_risky,0.7807616112700858,0.5664335664335665,0.07980295566502463,0.13286713286713286,22715,0.21708122386088488,120,36,18,18,0.5,0.525,18.0,0.5222222222222221,4,ppdai_imb77,rf
8,0.3,least_risky,0.7786576915462284,0.5616438356164384,0.0721830985915493,0.1232876712328767,25252,0.21855694598447648,123,37,18,19,0.4864864864864865,0.5528455284552846,18.0,0.51972972972973,4,ppdai_imb77,rf
9,0.3,least_risky,0.775778297642613,0.5151515151515151,0.06794564348521183,0.030303030303030304,27781,0.22069039991361003,135,41,19,22,0.4634146341463415,0.4962962962962963,19.0,0.5219512195121951,4,ppdai_imb77,rf
10,0.3,least_risky,0.7756886030018143,0.4860335195530726,0.06420664206642067,-0.027932960893854747,30313,0.2197077161613829,131,40,18,22,0.45,0.549618320610687,18.0,0.5197499999999999,4,ppdai_imb77,rf
0,0.5,least_risky,0.795,0.625,0.11627906976744186,0.25,5000,0.2248,0,0,0,0,0.0,0.0,0.0,0.0,0,ppdai_imb77,rf
1,0.5,least_risky,0.7892998678996037,0.5161290322580645,0.09968847352024922,0.03225806451612903,7566,0.22521808088818399,114,57,24,33,0.42105263157894735,0.5087719298245614,24.0,0.5221052631578947,0,ppdai_imb77,rf
2,0.5,least_risky,0.7947705969412926,0.5595238095238095,0.11032863849765258,0.11904761904761904,10131,0.22139966439640707,117,59,34,25,0.576271186440678,0.5726495726495726,34.0,0.5350847457627119,0,ppdai_imb77,rf
3,0.5,least_risky,0.7710795902285263,0.48936170212765956,0.07944732297063903,-0.02127659574468085,12690,0.22056737588652484,129,65,34,31,0.5230769230769231,0.5658914728682171,34.0,0.534,0,ppdai_imb77,rf
4,0.5,least_risky,0.7875409836065573,0.5867768595041323,0.10612855007473841,0.17355371900826447,15249,0.22171945701357465,129,65,36,29,0.5538461538461539,0.5968992248062015,36.0,0.5312307692307694,0,ppdai_imb77,rf
5,0.5,least_risky,0.7888826501965188,0.5182926829268293,0.11213720316622691,0.036585365853658534,17807,0.2219351940248217,131,66,32,34,0.48484848484848486,0.5114503816793893,32.0,0.5416666666666666,0,ppdai_imb77,rf
6,0.5,least_risky,0.7794947265145941,0.5581395348837209,0.1044613710554951,0.11627906976744186,20381,0.22128452970904275,99,50,24,26,0.48,0.47474747474747475,24.0,0.5396,0,ppdai_imb77,rf
7,0.5,least_risky,0.7868352223190933,0.43820224719101125,0.08158995815899582,-0.12359550561797752,22939,0.22372378917999913,131,66,35,31,0.5303030303030303,0.6183206106870229,35.0,0.5431818181818181,0,ppdai_imb77,rf
8,0.5,least_risky,0.7729411764705882,0.5388888888888889,0.08276450511945392,0.07777777777777778,25498,0.22197819436818575,128,64,26,38,0.40625,0.5078125,26.0,0.53203125,0,ppdai_imb77,rf
9,0.5,least_risky,0.7729864575908767,0.4846938775510204,0.0749211356466877,-0.030612244897959183,28058,0.22211134079406944,127,64,31,33,0.484375,0.5511811023622047,31.0,0.538125,0,ppdai_imb77,rf
10,0.5,least_risky,0.7782857142857142,0.5416666666666666,0.08502906976744186,0.08333333333333333,30622,0.22251975703742408,119,60,31,29,0.5166666666666667,0.5966386554621849,31.0,0.5418333333333333,0,ppdai_imb77,rf
0,0.5,least_risky,0.764,0.6,0.06224066390041494,0.2,5000,0.2366,0,0,0,0,0.0,0.0,0.0,0.0,1,ppdai_imb77,rf
1,0.5,least_risky,0.7633487145682267,0.40540540540540543,0.04261363636363636,-0.1891891891891892,7582,0.23054603007122132,82,41,17,24,0.4146341463414634,0.4268292682926829,17.0,0.5246341463414634,1,ppdai_imb77,rf
2,0.5,least_risky,0.7727496310870634,0.56,0.08917197452229299,0.12,10165,0.23157894736842105,80,40,18,22,0.45,0.5375,18.0,0.528,1,ppdai_imb77,rf
3,0.5,least_risky,0.7739403453689168,0.5465116279069767,0.08047945205479452,0.09302325581395349,12740,0.23014128728414443,96,48,26,22,0.5416666666666666,0.5625,26.0,0.5331250000000001,1,ppdai_imb77,rf
4,0.5,least_risky,0.7650130548302873,0.5309734513274337,0.08253094910591471,0.061946902654867256,15316,0.22799686602246017,95,48,26,22,0.5416666666666666,0.5578947368421052,26.0,0.5247916666666667,1,ppdai_imb77,rf
5,0.5,least_risky,0.7614653243847874,0.45038167938931295,0.07023809523809524,-0.09923664122137404,17878,0.2255285826155051,122,61,26,35,0.4262295081967213,0.5655737704918032,26.0,0.5306557377049181,1,ppdai_imb77,rf
6,0.5,least_risky,0.7752506725360724,0.47126436781609193,0.09020902090209021,-0.05747126436781609,20444,0.22603208765407945,114,57,34,23,0.5964912280701754,0.6140350877192983,34.0,0.5387719298245615,1,ppdai_imb77,rf
7,0.5,least_risky,0.7790091264667536,0.5792682926829268,0.09108341323106424,0.15853658536585366,23008,0.2260952712100139,119,60,35,25,0.5833333333333334,0.6050420168067226,35.0,0.5341666666666666,1,ppdai_imb77,rf
8,0.5,least_risky,0.7789947193428516,0.49489795918367346,0.08599290780141844,-0.01020408163265306,25562,0.22482591346530006,138,69,28,41,0.4057971014492754,0.5434782608695652,28.0,0.5342028985507248,1,ppdai_imb77,rf
9,0.5,least_risky,0.7829719161038038,0.5774647887323944,0.09808612440191387,0.15492957746478872,28130,0.22531105581230004,110,55,34,21,0.6181818181818182,0.6090909090909091,34.0,0.5369090909090908,1,ppdai_imb77,rf
10,0.5,least_risky,0.7855979146301727,0.5645933014354066,0.08786299329858525,0.1291866028708134,30690,0.22303681981101336,127,64,31,33,0.484375,0.5905511811023622,31.0,0.543125,1,ppdai_imb77,rf
0,0.5,least_risky,0.791,0.5471698113207547,0.13551401869158877,0.09433962264150944,5000,0.2286,0,0,0,0,0.0,0.0,0.0,0.0,2,ppdai_imb77,rf
1,0.5,least_risky,0.7788079470198676,0.5647058823529412,0.1391304347826087,0.12941176470588237,7548,0.2264175940646529,150,75,39,36,0.52,0.5666666666666667,39.0,0.5325333333333335,2,ppdai_imb77,rf
2,0.5,least_risky,0.7999009410599307,0.45054945054945056,0.10379746835443038,-0.0989010989010989,10095,0.2234769687964339,153,77,36,41,0.4675324675324675,0.5032679738562091,36.0,0.5371428571428573,2,ppdai_imb77,rf
3,0.5,least_risky,0.7816455696202531,0.4777777777777778,0.07846715328467153,-0.044444444444444446,12639,0.2200332304770947,158,79,39,40,0.4936708860759494,0.5569620253164557,39.0,0.5382278481012659,2,ppdai_imb77,rf
4,0.5,least_risky,0.7882275567247616,0.5161290322580645,0.09876543209876543,0.03225806451612903,15202,0.2220102618076569,120,60,24,36,0.4,0.5083333333333333,24.0,0.5486666666666669,2,ppdai_imb77,rf
5,0.5,least_risky,0.7914438502673797,0.5522388059701493,0.09801324503311258,0.1044776119402985,17762,0.22120256727845963,126,63,34,29,0.5396825396825397,0.5634920634920635,34.0,0.5330158730158729,2,ppdai_imb77,rf
6,0.5,least_risky,0.7765748031496063,0.48951048951048953,0.07734806629834254,-0.02097902097902098,20320,0.22125984251968503,130,65,32,33,0.49230769230769234,0.4846153846153846,32.0,0.5392307692307692,2,ppdai_imb77,rf
7,0.5,least_risky,0.7846221057230232,0.5454545454545454,0.084,0.09090909090909091,22886,0.22170759416237001,114,57,28,29,0.49122807017543857,0.5350877192982456,28.0,0.5435087719298246,2,ppdai_imb77,rf
8,0.5,least_risky,0.7855738993710691,0.49740932642487046,0.08807339449541285,-0.0051813471502590676,25438,0.2224624577403884,143,72,31,41,0.4305555555555556,0.5244755244755245,31.0,0.5322222222222224,2,ppdai_imb77,rf
9,0.5,least_risky,0.780139310591177,0.48130841121495327,0.08421913327882256,-0.037383177570093455,27992,0.2212417833666762,138,69,35,34,0.5072463768115942,0.5942028985507246,35.0,0.5413043478260868,2,ppdai_imb77,rf
10,0.5,least_risky,0.7814699623506303,0.48095238095238096,0.07611152976639035,-0.0380952380952381,30542,0.2217929408683125,146,73,39,34,0.5342465753424658,0.5684931506849316,39.0,0.5432876712328767,2,ppdai_imb77,rf
0,0.5,least_risky,0.773,0.5405405405405406,0.08695652173913043,0.08108108108108109,5000,0.2296,0,0,0,0,0.0,0.0,0.0,0.0,3,ppdai_imb77,rf
1,0.5,least_risky,0.7788778877887789,0.4782608695652174,0.09939759036144578,-0.043478260869565216,7572,0.22820919175911253,102,51,25,26,0.49019607843137253,0.5294117647058824,25.0,0.5327450980392158,3,ppdai_imb77,rf
2,0.5,least_risky,0.7680157946692991,0.5571428571428572,0.08158995815899582,0.11428571428571428,10128,0.22610584518167456,134,67,39,28,0.582089552238806,0.5895522388059702,39.0,0.5456716417910449,3,ppdai_imb77,rf
3,0.5,least_risky,0.7780401416765053,0.5531914893617021,0.09059233449477352,0.10638297872340426,12702,0.2271295858919855,99,50,24,26,0.48,0.5454545454545454,24.0,0.5249999999999999,3,ppdai_imb77,rf
4,0.5,least_risky,0.7866273352999017,0.4909090909090909,0.08320493066255778,-0.01818181818181818,15254,0.22584240199291988,143,72,36,36,0.5,0.5664335664335665,36.0,0.5298611111111111,3,ppdai_imb77,rf
5,0.5,least_risky,0.7753440044931199,0.4827586206896552,0.0880503144654088,-0.034482758620689655,17804,0.22472478094810155,146,73,32,41,0.4383561643835616,0.5,32.0,0.5289041095890411,3,ppdai_imb77,rf
6,0.5,least_risky,0.7771232204221895,0.4967741935483871,0.08489525909592062,-0.0064516129032258064,20368,0.22397879025923018,118,59,22,37,0.3728813559322034,0.4915254237288136,22.0,0.5330508474576271,3,ppdai_imb77,rf
7,0.5,least_risky,0.7876144788486699,0.5426356589147286,0.07106598984771574,0.08527131782945736,22929,0.22264381351127394,124,62,38,24,0.6129032258064516,0.6532258064516129,38.0,0.5301612903225807,3,ppdai_imb77,rf
8,0.5,least_risky,0.7854901960784314,0.5472972972972973,0.07310469314079422,0.0945945945945946,25499,0.22177340287854425,107,54,27,27,0.5,0.5981308411214953,27.0,0.5311111111111111,3,ppdai_imb77,rf
9,0.5,least_risky,0.7839330245814037,0.5341614906832298,0.07026143790849673,0.06832298136645963,28066,0.22201239934440248,113,57,29,28,0.5087719298245614,0.6194690265486725,29.0,0.5329824561403509,3,ppdai_imb77,rf
10,0.5,least_risky,0.7913469387755102,0.5159574468085106,0.07554517133956386,0.031914893617021274,30621,0.2217105907710395,137,69,40,29,0.5797101449275363,0.6715328467153284,40.0,0.533623188405797,3,ppdai_imb77,rf
0,0.5,least_risky,0.777,0.5384615384615384,0.12334801762114538,0.07692307692307693,5000,0.2324,0,0,0,0,0.0,0.0,0.0,0.0,4,ppdai_imb77,rf
1,0.5,least_risky,0.7733598409542743,0.6610169491525424,0.10803324099722991,0.3220338983050847,7541,0.2266277682005039,164,82,39,43,0.47560975609756095,0.5609756097560976,39.0,0.5431707317073171,4,ppdai_imb77,rf
2,0.5,least_risky,0.7712871287128713,0.5056179775280899,0.09719222462203024,0.011235955056179775,10100,0.22613861386138615,128,64,40,24,0.625,0.640625,40.0,0.53875,4,ppdai_imb77,rf
3,0.5,least_risky,0.7797548438117833,0.5,0.06822262118491922,0.0,12645,0.22119414788453934,156,78,38,40,0.48717948717948717,0.5064102564102564,38.0,0.537051282051282,4,ppdai_imb77,rf
4,0.5,least_risky,0.7855263157894737,0.5420560747663551,0.08774583963691376,0.08411214953271028,15200,0.21907894736842104,136,68,34,34,0.5,0.5441176470588235,34.0,0.536029411764706,4,ppdai_imb77,rf
5,0.5,least_risky,0.776463963963964,0.5702479338842975,0.08508014796547472,0.14049586776859505,17756,0.22037621085830142,134,67,33,34,0.4925373134328358,0.5522388059701493,33.0,0.5389552238805969,4,ppdai_imb77,rf
6,0.5,least_risky,0.7879458794587946,0.5540540540540541,0.09339407744874716,0.10810810810810811,20323,0.21925896767209566,113,57,30,27,0.5263157894736842,0.5663716814159292,30.0,0.5410526315789473,4,ppdai_imb77,rf
7,0.5,least_risky,0.784527972027972,0.5367647058823529,0.07329317269076305,0.07352941176470588,22879,0.21884697757769134,134,67,31,36,0.4626865671641791,0.5597014925373134,31.0,0.5298507462686567,4,ppdai_imb77,rf
8,0.5,least_risky,0.7903320888190214,0.5469613259668509,0.09132841328413284,0.09392265193370165,25445,0.2205541363725683,114,57,27,30,0.47368421052631576,0.5263157894736842,27.0,0.5321052631578947,4,ppdai_imb77,rf
9,0.5,least_risky,0.7861478043555873,0.56,0.09165302782324058,0.12,28007,0.2226943264183954,122,61,32,29,0.5245901639344263,0.5491803278688525,32.0,0.5406557377049181,4,ppdai_imb77,rf
10,0.5,least_risky,0.7812857843939146,0.5698924731182796,0.07776962582538519,0.13978494623655913,30561,0.22175321488171199,138,69,39,30,0.5652173913043478,0.5942028985507246,39.0,0.5362318840579711,4,ppdai_imb77,rf
0,0.75,least_risky,0.795,0.625,0.11627906976744186,0.25,5000,0.2248,0,0,0,0,0.0,0.0,0.0,0.0,0,ppdai_imb77,rf
1,0.75,least_risky,0.783410138248848,0.5161290322580645,0.09667673716012085,0.03225806451612903,7595,0.22672811059907835,114,86,42,44,0.4883720930232558,0.5087719298245614,42.0,0.5406976744186047,0,ppdai_imb77,rf
2,0.75,least_risky,0.7925453653751839,0.5,0.10638297872340426,0.0,10193,0.22358481310703424,102,77,43,34,0.5584415584415584,0.5686274509803921,43.0,0.5520779220779221,0,ppdai_imb77,rf
3,0.75,least_risky,0.7756059421422987,0.47580645161290325,0.10387323943661972,-0.04838709677419355,12786,0.22360394181135618,122,92,50,42,0.5434782608695652,0.5327868852459017,50.0,0.5563043478260871,0,ppdai_imb77,rf
4,0.75,least_risky,0.7863414634146342,0.5066666666666667,0.11532625189681335,0.013333333333333334,15375,0.22504065040650406,137,103,60,43,0.5825242718446602,0.5985401459854015,60.0,0.5565048543689319,0,ppdai_imb77,rf
5,0.75,least_risky,0.7842427616926503,0.5359116022099447,0.12309644670050761,0.0718232044198895,17959,0.22517957570020602,156,117,59,58,0.5042735042735043,0.5192307692307693,59.0,0.5595726495726495,0,ppdai_imb77,rf
6,0.75,least_risky,0.7803988326848249,0.5193370165745856,0.10329670329670329,0.03867403314917127,20557,0.22420586661477843,103,78,29,49,0.3717948717948718,0.4368932038834951,29.0,0.5555128205128205,0,ppdai_imb77,rf
7,0.75,least_risky,0.7818574514038877,0.5355450236966824,0.11024390243902439,0.07109004739336493,23149,0.22687805088772733,127,96,57,39,0.59375,0.6456692913385826,57.0,0.5768749999999999,0,ppdai_imb77,rf
8,0.75,least_risky,0.7808857808857809,0.5613207547169812,0.10311958405545928,0.12264150943396226,25740,0.2254079254079254,128,96,48,48,0.5,0.5078125,48.0,0.5560416666666667,0,ppdai_imb77,rf
9,0.75,least_risky,0.7730721722251632,0.559322033898305,0.1004566210045662,0.11864406779661017,28333,0.2256379486817492,121,91,43,48,0.4725274725274725,0.5206611570247934,43.0,0.5648351648351648,0,ppdai_imb77,rf
10,0.75,least_risky,0.7757477768795473,0.5037593984962406,0.0964722822174226,0.007518796992481203,30923,0.225915984865634,132,99,52,47,0.5252525252525253,0.6136363636363636,52.0,0.5609090909090908,0,ppdai_imb77,rf
0,0.75,least_risky,0.764,0.6,0.06224066390041494,0.2,5000,0.2366,0,0,0,0,0.0,0.0,0.0,0.0,1,ppdai_imb77,rf
1,0.75,least_risky,0.7685733070348455,0.5098039215686274,0.07365439093484419,0.0196078431372549,7603,0.23122451663816915,82,62,27,35,0.43548387096774194,0.4268292682926829,27.0,0.5391935483870969,1,ppdai_imb77,rf
2,0.75,least_risky,0.7700980392156863,0.4805194805194805,0.07939914163090128,-0.03896103896103896,10200,0.23245098039215686,104,78,36,42,0.46153846153846156,0.5192307692307693,36.0,0.5480769230769231,1,ppdai_imb77,rf
3,0.75,least_risky,0.775,0.5697674418604651,0.08333333333333333,0.13953488372093023,12799,0.23126806781779827,99,75,42,33,0.56,0.5959595959595959,42.0,0.5513333333333332,1,ppdai_imb77,rf
4,0.75,least_risky,0.7740259740259741,0.5826086956521739,0.0937062937062937,0.16521739130434782,15397,0.22913554588556212,101,76,36,40,0.47368421052631576,0.5445544554455446,36.0,0.5494736842105263,1,ppdai_imb77,rf
5,0.75,least_risky,0.7707696582383996,0.46923076923076923,0.07466340269277846,-0.06153846153846154,17991,0.22733589016730588,119,90,50,40,0.5555555555555556,0.5966386554621849,50.0,0.5593333333333335,1,ppdai_imb77,rf
6,0.75,least_risky,0.7726499878552344,0.5241379310344828,0.08059384941675504,0.04827586206896552,20584,0.22808977846871356,121,91,48,43,0.5274725274725275,0.5619834710743802,48.0,0.5626373626373626,1,ppdai_imb77,rf
7,0.75,least_risky,0.7799827437446074,0.5401069518716578,0.09758454106280193,0.08021390374331551,23179,0.2283101082876742,113,85,52,33,0.611764705882353,0.6460176991150443,52.0,0.552470588235294,1,ppdai_imb77,rf
8,0.75,least_risky,0.7788125727590222,0.5221674876847291,0.09225413402959094,0.04433497536945813,25769,0.2274050215375063,135,102,55,47,0.5392156862745098,0.5851851851851851,55.0,0.563235294117647,1,ppdai_imb77,rf
9,0.75,least_risky,0.7768376520359598,0.5230125523012552,0.09788566953797964,0.04602510460251046,28362,0.22780480925181582,121,91,51,40,0.5604395604395604,0.6115702479338843,51.0,0.5568131868131868,1,ppdai_imb77,rf
10,0.75,least_risky,0.7769342594088192,0.5686274509803921,0.10240112994350282,0.13725490196078433,30953,0.22576163861338158,130,98,63,35,0.6428571428571429,0.6692307692307692,63.0,0.5637755102040816,1,ppdai_imb77,rf
0,0.75,least_risky,0.791,0.5471698113207547,0.13551401869158877,0.09433962264150944,5000,0.2286,0,0,0,0,0.0,0.0,0.0,0.0,2,ppdai_imb77,rf
1,0.75,least_risky,0.7753623188405797,0.4533333333333333,0.10179640718562874,-0.09333333333333334,7586,0.22778803058265226,150,113,58,55,0.5132743362831859,0.5666666666666667,58.0,0.5506194690265487,2,ppdai_imb77,rf
2,0.75,least_risky,0.7818181818181819,0.5425531914893617,0.11283185840707964,0.0851063829787234,10172,0.2255210381439245,151,114,56,58,0.49122807017543857,0.5165562913907285,56.0,0.5541228070175438,2,ppdai_imb77,rf
3,0.75,least_risky,0.7880924402663533,0.5289256198347108,0.11678832116788321,0.05785123966942149,12761,0.2228665465088943,139,105,54,51,0.5142857142857142,0.5611510791366906,54.0,0.5619047619047619,2,ppdai_imb77,rf
4,0.75,least_risky,0.7830618892508143,0.4961832061068702,0.09774436090225563,-0.007633587786259542,15350,0.22488599348534202,139,105,48,57,0.45714285714285713,0.5107913669064749,48.0,0.5645714285714286,2,ppdai_imb77,rf
5,0.75,least_risky,0.7954292084726867,0.6241610738255033,0.12062256809338522,0.2483221476510067,17938,0.2239380086966217,141,106,49,57,0.46226415094339623,0.5319148936170213,49.0,0.5561320754716982,2,ppdai_imb77,rf
6,0.75,least_risky,0.7837311251826595,0.6,0.08533916849015317,0.2,20528,0.2239867498051442,133,100,52,48,0.52,0.518796992481203,52.0,0.5502,2,ppdai_imb77,rf
7,0.75,least_risky,0.7824864864864864,0.5859872611464968,0.08906098741529525,0.17197452229299362,23124,0.22448538315170385,110,83,42,41,0.5060240963855421,0.5454545454545454,42.0,0.5602409638554217,2,ppdai_imb77,rf
8,0.75,least_risky,0.7871306376360808,0.5663265306122449,0.09901873327386262,0.1326530612244898,25717,0.22572617334836878,121,91,53,38,0.5824175824175825,0.5619834710743802,53.0,0.5550549450549449,2,ppdai_imb77,rf
9,0.75,least_risky,0.7780328447819177,0.5272727272727272,0.09141055949566587,0.05454545454545454,28311,0.22475362933135531,119,90,52,38,0.5777777777777777,0.6302521008403361,52.0,0.5545555555555556,2,ppdai_imb77,rf
10,0.75,least_risky,0.781715210355987,0.5110132158590308,0.08567208271787297,0.022026431718061675,30900,0.22553398058252427,138,104,59,45,0.5673076923076923,0.5652173913043478,59.0,0.5627884615384615,2,ppdai_imb77,rf
0,0.75,least_risky,0.773,0.5405405405405406,0.08695652173913043,0.08108108108108109,5000,0.2296,0,0,0,0,0.0,0.0,0.0,0.0,3,ppdai_imb77,rf
1,0.75,least_risky,0.7842105263157895,0.6101694915254238,0.10557184750733138,0.22033898305084745,7598,0.22927086075282968,102,77,39,38,0.5064935064935064,0.5294117647058824,39.0,0.5538961038961038,3,ppdai_imb77,rf
2,0.75,least_risky,0.77145659637077,0.5119047619047619,0.09188034188034189,0.023809523809523808,10191,0.2282406044549112,122,92,54,38,0.5869565217391305,0.5901639344262295,54.0,0.5605434782608697,3,ppdai_imb77,rf
3,0.75,least_risky,0.77443315089914,0.4732142857142857,0.09281961471103327,-0.05357142857142857,12787,0.2295299913975131,110,83,37,46,0.4457831325301205,0.4818181818181818,37.0,0.5557831325301205,3,ppdai_imb77,rf
4,0.75,least_risky,0.7698309492847855,0.49206349206349204,0.08781869688385269,-0.015873015873015872,15379,0.22875349502568437,127,96,50,46,0.5208333333333334,0.5669291338582677,50.0,0.5658333333333333,3,ppdai_imb77,rf
5,0.75,least_risky,0.7696160267111853,0.5403726708074534,0.10344827586206896,0.08074534161490683,17969,0.22783683009627692,134,101,53,48,0.5247524752475248,0.5522388059701493,53.0,0.5525742574257425,3,ppdai_imb77,rf
6,0.75,least_risky,0.7690250425480185,0.54375,0.09024896265560166,0.0875,20562,0.22721525143468535,120,90,49,41,0.5444444444444444,0.5666666666666667,49.0,0.5564444444444444,3,ppdai_imb77,rf
7,0.75,least_risky,0.7791450777202072,0.575,0.08787010506208214,0.15,23157,0.22632465345251976,112,84,43,41,0.5119047619047619,0.5357142857142857,43.0,0.5569047619047618,3,ppdai_imb77,rf
8,0.75,least_risky,0.7755339805825243,0.6231155778894473,0.10290456431535269,0.24623115577889448,25750,0.2254757281553398,120,90,53,37,0.5888888888888889,0.625,53.0,0.5552222222222222,3,ppdai_imb77,rf
9,0.75,least_risky,0.7828924162257496,0.5779816513761468,0.09960474308300395,0.1559633027522936,28347,0.22580872755494408,105,79,43,36,0.5443037974683544,0.6190476190476191,43.0,0.5640506329113921,3,ppdai_imb77,rf
10,0.75,least_risky,0.7894311570782159,0.6352459016393442,0.11322132943754565,0.27049180327868855,30936,0.22578872510990433,139,105,58,47,0.5523809523809524,0.60431654676259,58.0,0.5555238095238095,3,ppdai_imb77,rf
0,0.75,least_risky,0.777,0.5384615384615384,0.12334801762114538,0.07692307692307693,5000,0.2324,0,0,0,0,0.0,0.0,0.0,0.0,4,ppdai_imb77,rf
1,0.75,least_risky,0.7844429795649308,0.6290322580645161,0.11370262390670553,0.25806451612903225,7582,0.22883144289105778,164,123,65,58,0.5284552845528455,0.5609756097560976,65.0,0.5699186991869918,4,ppdai_imb77,rf
2,0.75,least_risky,0.7823095823095824,0.5494505494505495,0.11061946902654868,0.0989010989010989,10171,0.2287877298200767,138,104,58,46,0.5576923076923077,0.6014492753623188,58.0,0.5685576923076923,4,ppdai_imb77,rf
3,0.75,least_risky,0.7817398119122257,0.5670103092783505,0.09649122807017543,0.13402061855670103,12758,0.22401630349584575,145,109,47,62,0.43119266055045874,0.4827586206896552,47.0,0.5670642201834862,4,ppdai_imb77,rf
4,0.75,least_risky,0.7811787691305764,0.5214285714285715,0.10766961651917405,0.04285714285714286,15353,0.22230183026118674,113,85,42,43,0.49411764705882355,0.5309734513274337,42.0,0.5576470588235294,4,ppdai_imb77,rf
5,0.75,least_risky,0.782329988851728,0.5801526717557252,0.09476309226932668,0.16030534351145037,17940,0.22363433667781493,145,109,62,47,0.5688073394495413,0.6,62.0,0.5630275229357798,4,ppdai_imb77,rf
6,0.75,least_risky,0.7825663501339177,0.6060606060606061,0.10775862068965517,0.21212121212121213,20534,0.2225090094477452,118,89,45,44,0.5056179775280899,0.5508474576271186,45.0,0.5659550561797754,4,ppdai_imb77,rf
7,0.75,least_risky,0.7675675675675676,0.5276073619631901,0.07933579335793357,0.05521472392638037,23125,0.22244324324324324,128,96,48,48,0.5,0.53125,48.0,0.5522916666666667,4,ppdai_imb77,rf
8,0.75,least_risky,0.78149300155521,0.5536723163841808,0.0857392825896763,0.10734463276836158,25720,0.22410575427682738,114,86,51,35,0.5930232558139535,0.6052631578947368,51.0,0.5629069767441859,4,ppdai_imb77,rf
9,0.75,least_risky,0.7858025781387957,0.5467289719626168,0.0948905109489051,0.09345794392523364,28315,0.22634645947377716,113,85,52,33,0.611764705882353,0.5929203539823009,52.0,0.5808235294117647,4,ppdai_imb77,rf
10,0.75,least_risky,0.7816240698802976,0.538135593220339,0.09283625730994152,0.07627118644067797,30908,0.22566972951986541,123,93,49,44,0.5268817204301075,0.5365853658536586,49.0,0.5573118279569894,4,ppdai_imb77,rf
0,1.0,least_risky,0.795,0.625,0.11627906976744186,0.25,5000,0.2248,0,0,0,0,0.0,0.0,0.0,0.0,0,ppdai_imb77,rf
1,1.0,least_risky,0.7731147540983606,0.5666666666666667,0.096045197740113,0.13333333333333333,7623,0.227994227994228,114,114,58,56,0.5087719298245614,0.5087719298245614,58.0,0.5797368421052633,0,ppdai_imb77,rf
2,1.0,least_risky,0.7790243902439025,0.488,0.13555555555555557,-0.024,10246,0.22545383564317784,103,103,57,46,0.5533980582524272,0.5533980582524272,57.0,0.5876699029126214,0,ppdai_imb77,rf
3,1.0,least_risky,0.7773892773892774,0.5074626865671642,0.11826086956521739,0.014925373134328358,12869,0.22573626544409045,125,125,76,49,0.608,0.608,76.0,0.592,0,ppdai_imb77,rf
4,1.0,least_risky,0.7883188125201678,0.5895953757225434,0.14847161572052403,0.1791907514450867,15492,0.22773044151820293,140,140,84,56,0.6,0.6,84.0,0.5926428571428571,0,ppdai_imb77,rf
5,1.0,least_risky,0.7841567761523599,0.5561497326203209,0.1295143212951432,0.11229946524064172,18115,0.22820866685067623,145,145,75,70,0.5172413793103449,0.5172413793103449,75.0,0.6044827586206897,0,ppdai_imb77,rf
6,1.0,least_risky,0.7770009643201543,0.5642458100558659,0.10654008438818566,0.12849162011173185,20738,0.2273604011958723,107,107,47,60,0.4392523364485981,0.4392523364485981,47.0,0.5950467289719626,0,ppdai_imb77,rf
7,1.0,least_risky,0.7765889150438691,0.5465587044534413,0.12652296157450796,0.0931174089068826,23361,0.23042677967552758,118,118,78,40,0.6610169491525424,0.6610169491525424,78.0,0.6006779661016951,0,ppdai_imb77,rf
8,1.0,least_risky,0.7825668654993265,0.563265306122449,0.11886304909560723,0.12653061224489795,25984,0.22898706896551724,120,120,68,52,0.5666666666666667,0.5666666666666667,68.0,0.59225,0,ppdai_imb77,rf
9,1.0,least_risky,0.7801468018175464,0.5767918088737202,0.12970069071373752,0.15358361774744028,28607,0.2293494599223966,120,120,66,54,0.55,0.55,66.0,0.5945,0,ppdai_imb77,rf
10,1.0,least_risky,0.776496958053154,0.5516129032258065,0.11974789915966387,0.1032258064516129,31230,0.23000320204931157,133,133,90,43,0.6766917293233082,0.6766917293233082,90.0,0.6080451127819549,0,ppdai_imb77,rf
0,1.0,least_risky,0.764,0.6,0.06224066390041494,0.2,5000,0.2366,0,0,0,0,0.0,0.0,0.0,0.0,1,ppdai_imb77,rf
1,1.0,least_risky,0.7691803278688525,0.5087719298245614,0.0821529745042493,0.017543859649122806,7623,0.23166732257641348,82,82,35,47,0.4268292682926829,0.4268292682926829,35.0,0.5719512195121952,1,ppdai_imb77,rf
2,1.0,least_risky,0.7834146341463415,0.5578947368421052,0.11648351648351649,0.11578947368421053,10246,0.23394495412844038,99,99,56,43,0.5656565656565656,0.5656565656565656,56.0,0.6006060606060606,1,ppdai_imb77,rf
3,1.0,least_risky,0.7723387723387724,0.5242718446601942,0.09137055837563451,0.04854368932038835,12869,0.23335146476027663,101,101,61,40,0.6039603960396039,0.6039603960396039,61.0,0.5906930693069307,1,ppdai_imb77,rf
4,1.0,least_risky,0.7689577282994514,0.5847457627118644,0.09375,0.1694915254237288,15492,0.23173250710043894,103,103,57,46,0.5533980582524272,0.5533980582524272,57.0,0.5887378640776699,1,ppdai_imb77,rf
5,1.0,least_risky,0.7675959149875794,0.5373134328358209,0.08450704225352113,0.07462686567164178,18115,0.2303615788020977,122,122,70,52,0.5737704918032787,0.5737704918032787,70.0,0.5921311475409836,1,ppdai_imb77,rf
6,1.0,least_risky,0.7683220829315333,0.6162162162162163,0.11354581673306773,0.23243243243243245,20738,0.23136271578744333,104,104,61,43,0.5865384615384616,0.5865384615384616,61.0,0.5976923076923076,1,ppdai_imb77,rf
7,1.0,least_risky,0.7746629574149368,0.5601851851851852,0.11214087117701575,0.12037037037037036,23361,0.2318393904370532,115,115,66,49,0.5739130434782609,0.5739130434782609,66.0,0.5951304347826085,1,ppdai_imb77,rf
8,1.0,least_risky,0.7758322108908986,0.5478927203065134,0.12016806722689076,0.09578544061302682,25984,0.2312192118226601,129,129,75,54,0.5813953488372093,0.5813953488372093,75.0,0.6109302325581396,1,ppdai_imb77,rf
9,1.0,least_risky,0.7846906675987417,0.6062717770034843,0.1345707656612529,0.21254355400696864,28607,0.2318313699444192,128,128,76,52,0.59375,0.59375,76.0,0.598046875,1,ppdai_imb77,rf
10,1.0,least_risky,0.7795389048991355,0.564935064935065,0.12279463655610445,0.12987012987012986,31230,0.23000320204931157,139,139,86,53,0.6187050359712231,0.6187050359712231,86.0,0.5942446043165467,1,ppdai_imb77,rf
0,1.0,least_risky,0.791,0.5471698113207547,0.13551401869158877,0.09433962264150944,5000,0.2286,0,0,0,0,0.0,0.0,0.0,0.0,2,ppdai_imb77,rf
1,1.0,least_risky,0.7921311475409836,0.5368421052631579,0.1574074074074074,0.07368421052631578,7623,0.23022432113341204,150,150,85,65,0.5666666666666667,0.5666666666666667,85.0,0.5896666666666667,2,ppdai_imb77,rf
2,1.0,least_risky,0.7878048780487805,0.5192307692307693,0.12300683371298406,0.038461538461538464,10246,0.22867460472379464,162,162,86,76,0.5308641975308642,0.5308641975308642,86.0,0.6008024691358026,2,ppdai_imb77,rf
3,1.0,least_risky,0.7905982905982906,0.5546218487394958,0.11956521739130435,0.1092436974789916,12869,0.2266687388297459,152,152,86,66,0.5657894736842105,0.5657894736842105,86.0,0.5930921052631579,2,ppdai_imb77,rf
4,1.0,least_risky,0.7960632462084544,0.5535714285714286,0.14307692307692307,0.10714285714285714,15492,0.22902143041569842,136,136,72,64,0.5294117647058824,0.5294117647058824,72.0,0.6086764705882353,2,ppdai_imb77,rf
5,1.0,least_risky,0.7833287330941209,0.5707317073170731,0.14373464373464373,0.14146341463414633,18115,0.22848468120342258,129,129,66,63,0.5116279069767442,0.5116279069767442,66.0,0.5942635658914729,2,ppdai_imb77,rf
6,1.0,least_risky,0.7849566055930569,0.5276381909547738,0.11627906976744186,0.05527638190954774,20738,0.22842125566592728,130,130,66,64,0.5076923076923077,0.5076923076923077,66.0,0.6161538461538462,2,ppdai_imb77,rf
7,1.0,least_risky,0.7840787502674941,0.5550239234449761,0.1124031007751938,0.11004784688995216,23361,0.22892855614057617,124,124,64,60,0.5161290322580645,0.5161290322580645,64.0,0.5931451612903226,2,ppdai_imb77,rf
8,1.0,least_risky,0.7864152395612853,0.5810276679841897,0.12771503040834056,0.16205533596837945,25984,0.2300261699507389,124,124,70,54,0.5645161290322581,0.5645161290322581,70.0,0.6064516129032257,2,ppdai_imb77,rf
9,1.0,least_risky,0.788185948968892,0.5519713261648745,0.12409347300564061,0.1039426523297491,28607,0.22924459048484636,126,126,74,52,0.5873015873015873,0.5873015873015873,74.0,0.5808730158730158,2,ppdai_imb77,rf
10,1.0,least_risky,0.7870637207813,0.5941558441558441,0.13184438040345822,0.18831168831168832,31230,0.23000320204931157,141,141,79,62,0.5602836879432624,0.5602836879432624,79.0,0.6044680851063831,2,ppdai_imb77,rf
0,1.0,least_risky,0.773,0.5405405405405406,0.08695652173913043,0.08108108108108109,5000,0.2296,0,0,0,0,0.0,0.0,0.0,0.0,3,ppdai_imb77,rf
1,1.0,least_risky,0.7718032786885246,0.5757575757575758,0.10614525139664804,0.15151515151515152,7623,0.23048668503213957,102,102,54,48,0.5294117647058824,0.5294117647058824,54.0,0.589313725490196,3,ppdai_imb77,rf
2,1.0,least_risky,0.7751219512195122,0.5348837209302325,0.09850107066381156,0.06976744186046512,10246,0.23023618973257856,120,120,72,48,0.6,0.6,72.0,0.5823333333333333,3,ppdai_imb77,rf
3,1.0,least_risky,0.782051282051282,0.512396694214876,0.1099290780141844,0.024793388429752067,12869,0.23187504856632216,112,112,60,52,0.5357142857142857,0.5357142857142857,60.0,0.5799107142857143,3,ppdai_imb77,rf
4,1.0,least_risky,0.7676669893514037,0.5076923076923077,0.09141274238227147,0.015384615384615385,15492,0.23166795765556417,130,130,74,56,0.5692307692307692,0.5692307692307692,74.0,0.5959230769230769,3,ppdai_imb77,rf
5,1.0,least_risky,0.7731162020425062,0.5245901639344263,0.11552346570397112,0.04918032786885246,18115,0.2310792161192382,130,130,73,57,0.5615384615384615,0.5615384615384615,73.0,0.5948461538461539,3,ppdai_imb77,rf
6,1.0,least_risky,0.7765188042430087,0.5870646766169154,0.12266112266112267,0.17412935323383086,20738,0.23063940592149676,108,108,61,47,0.5648148148148148,0.5648148148148148,61.0,0.6048148148148149,3,ppdai_imb77,rf
7,1.0,least_risky,0.7862187031885298,0.5973451327433629,0.12943432406519656,0.19469026548672566,23361,0.22982749026154703,118,118,74,44,0.6271186440677966,0.6271186440677966,74.0,0.5785593220338981,3,ppdai_imb77,rf
8,1.0,least_risky,0.7789109101404657,0.5352697095435685,0.11063464837049743,0.07053941908713693,25984,0.2292179802955665,108,108,72,36,0.6666666666666666,0.6666666666666666,72.0,0.5967592592592593,3,ppdai_imb77,rf
9,1.0,least_risky,0.7829430269136666,0.5918367346938775,0.11266511266511267,0.1836734693877551,28607,0.22976893767259762,134,134,76,58,0.5671641791044776,0.5671641791044776,76.0,0.5972388059701492,3,ppdai_imb77,rf
10,1.0,least_risky,0.7886647454370798,0.6006944444444444,0.125544267053701,0.2013888888888889,31230,0.23000320204931157,119,119,73,46,0.6134453781512605,0.6134453781512605,73.0,0.6036974789915965,3,ppdai_imb77,rf
0,1.0,least_risky,0.777,0.5384615384615384,0.12334801762114538,0.07692307692307693,5000,0.2324,0,0,0,0,0.0,0.0,0.0,0.0,4,ppdai_imb77,rf
1,1.0,least_risky,0.7691803278688525,0.5308641975308642,0.12044817927170869,0.06172839506172839,7623,0.2311425947789584,164,164,92,72,0.5609756097560976,0.5609756097560976,92.0,0.6103048780487805,4,ppdai_imb77,rf
2,1.0,least_risky,0.7834146341463415,0.6373626373626373,0.12366737739872068,0.27472527472527475,10246,0.23218817099355846,136,136,78,58,0.5735294117647058,0.5735294117647058,78.0,0.6055882352941175,4,ppdai_imb77,rf
3,1.0,least_risky,0.7878787878787878,0.5564516129032258,0.12321428571428572,0.11290322580645161,12869,0.2279120366772865,140,140,73,67,0.5214285714285715,0.5214285714285715,73.0,0.5874285714285715,4,ppdai_imb77,rf
4,1.0,least_risky,0.7783155856727977,0.6050955414012739,0.13194444444444445,0.21019108280254778,15492,0.22631035373095792,142,142,82,60,0.5774647887323944,0.5774647887323944,82.0,0.593169014084507,4,ppdai_imb77,rf
5,1.0,least_risky,0.7780844603919403,0.5865921787709497,0.12574850299401197,0.17318435754189945,18115,0.22798785536847915,124,124,75,49,0.6048387096774194,0.6048387096774194,75.0,0.6031451612903226,4,ppdai_imb77,rf
6,1.0,least_risky,0.787367405978785,0.6480446927374302,0.12406417112299466,0.29608938547486036,20738,0.22697463593403414,133,133,74,59,0.556390977443609,0.556390977443609,74.0,0.6145864661654135,4,ppdai_imb77,rf
7,1.0,least_risky,0.7744489621228333,0.6398104265402843,0.12129380053908356,0.2796208530805687,23361,0.22695946235178288,117,117,61,56,0.5213675213675214,0.5213675213675214,61.0,0.5950427350427351,4,ppdai_imb77,rf
8,1.0,least_risky,0.7806426784683471,0.5983606557377049,0.12289562289562289,0.19672131147540983,25984,0.22860221674876846,122,122,73,49,0.5983606557377049,0.5983606557377049,73.0,0.6054098360655739,4,ppdai_imb77,rf
9,1.0,least_risky,0.7817196784341139,0.5915492957746479,0.1291314373558801,0.18309859154929578,28607,0.23071276261054988,127,127,69,58,0.5433070866141733,0.5433070866141733,69.0,0.6024409448818897,4,ppdai_imb77,rf
10,1.0,least_risky,0.7867435158501441,0.6124031007751938,0.11366906474820145,0.2248062015503876,31230,0.23000320204931157,119,119,68,51,0.5714285714285714,0.5714285714285714,68.0,0.6000840336134453,4,ppdai_imb77,rf
0,0.0,random,0.795,0.625,0.11627906976744186,0.25,5000,0.2248,0,0,0,0,0.0,0.0,0.0,0.0,0,ppdai_imb77,rf
1,0.0,random,0.7869507323568575,0.5333333333333333,0.07430340557275542,0.06666666666666667,7509,0.22373152217339193,114,0,0,0,0.0,0.0,0.0,0.0,0,ppdai_imb77,rf
2,0.0,random,0.7832167832167832,0.5434782608695652,0.11312217194570136,0.08695652173913043,10010,0.217982017982018,122,0,0,0,0.0,0.0,0.0,0.0,0,ppdai_imb77,rf
3,0.0,random,0.7812375249500998,0.4895833333333333,0.08608058608058608,-0.020833333333333332,12523,0.21688093907210731,110,0,0,0,0.0,0.0,0.0,0.0,0,ppdai_imb77,rf
4,0.0,random,0.7876871880199667,0.4583333333333333,0.06984126984126984,-0.08333333333333333,15023,0.2173334220861346,123,0,0,0,0.0,0.0,0.0,0.0,0,ppdai_imb77,rf
5,0.0,random,0.7853268626891237,0.528169014084507,0.09868421052631579,0.056338028169014086,17512,0.21750799451804476,134,0,0,0,0.0,0.0,0.0,0.0,0,ppdai_imb77,rf
6,0.0,random,0.7910112359550562,0.5080645161290323,0.07508939213349225,0.016129032258064516,20025,0.216729088639201,110,0,0,0,0.0,0.0,0.0,0.0,0,ppdai_imb77,rf
7,0.0,random,0.7865542489460838,0.5,0.06756756756756757,0.0,22534,0.21913552853465873,114,0,0,0,0.0,0.0,0.0,0.0,0,ppdai_imb77,rf
8,0.0,random,0.7851437699680511,0.5241935483870968,0.06007393715341959,0.04838709677419355,25039,0.21738088581812373,118,0,0,0,0.0,0.0,0.0,0.0,0,ppdai_imb77,rf
9,0.0,random,0.7893972403776325,0.5323741007194245,0.06330196749358426,0.06474820143884892,27539,0.21732815280148154,123,0,0,0,0.0,0.0,0.0,0.0,0,ppdai_imb77,rf
10,0.0,random,0.7878182725911134,0.558282208588957,0.07032457496136012,0.1165644171779141,30043,0.2175215524415005,119,0,0,0,0.0,0.0,0.0,0.0,0,ppdai_imb77,rf
0,0.0,random,0.764,0.6,0.06224066390041494,0.2,5000,0.2366,0,0,0,0,0.0,0.0,0.0,0.0,1,ppdai_imb77,rf
1,0.0,random,0.7746852220013254,0.5416666666666666,0.0755813953488372,0.08333333333333333,7541,0.2295451531627105,82,0,0,0,0.0,0.0,0.0,0.0,1,ppdai_imb77,rf
2,0.0,random,0.773247140726007,0.5,0.07894736842105263,0.0,10053,0.22918531781557744,111,0,0,0,0.0,0.0,0.0,0.0,1,ppdai_imb77,rf
3,0.0,random,0.7587440381558028,0.4714285714285714,0.05472636815920398,-0.05714285714285714,12576,0.22725826972010177,100,0,0,0,0.0,0.0,0.0,0.0,1,ppdai_imb77,rf
4,0.0,random,0.7672185430463576,0.5432098765432098,0.061971830985915494,0.08641975308641975,15098,0.22420188104384686,101,0,0,0,0.0,0.0,0.0,0.0,1,ppdai_imb77,rf
5,0.0,random,0.772611284377658,0.5,0.0685785536159601,0.0,17631,0.22171175769950655,90,0,0,0,0.0,0.0,0.0,0.0,1,ppdai_imb77,rf
6,0.0,random,0.7795431976166832,0.5161290322580645,0.07174887892376682,0.03225806451612903,20139,0.22210636079249219,115,0,0,0,0.0,0.0,0.0,0.0,1,ppdai_imb77,rf
7,0.0,random,0.7806223791657471,0.484375,0.06262626262626263,-0.03125,22652,0.2215256930955324,110,0,0,0,0.0,0.0,0.0,0.0,1,ppdai_imb77,rf
8,0.0,random,0.7843799682034976,0.47398843930635837,0.0762081784386617,-0.05202312138728324,25158,0.22032753001033467,117,0,0,0,0.0,0.0,0.0,0.0,1,ppdai_imb77,rf
9,0.0,random,0.7812725958062183,0.5490196078431373,0.06857142857142857,0.09803921568627451,27656,0.22038617298235463,125,0,0,0,0.0,0.0,0.0,0.0,1,ppdai_imb77,rf
10,0.0,random,0.7807992041120876,0.5061728395061729,0.061933534743202415,0.012345679012345678,30154,0.217981030709027,125,0,0,0,0.0,0.0,0.0,0.0,1,ppdai_imb77,rf
0,0.0,random,0.791,0.5471698113207547,0.13551401869158877,0.09433962264150944,5000,0.2286,0,0,0,0,0.0,0.0,0.0,0.0,2,ppdai_imb77,rf
1,0.0,random,0.7846153846153846,0.43283582089552236,0.0926517571884984,-0.13432835820895522,7473,0.22347116285293725,150,0,0,0,0.0,0.0,0.0,0.0,2,ppdai_imb77,rf
2,0.0,random,0.7965846308387745,0.45348837209302323,0.0982367758186398,-0.09302325581395349,9954,0.21950974482620053,142,0,0,0,0.0,0.0,0.0,0.0,2,ppdai_imb77,rf
3,0.0,random,0.7849375755134917,0.46774193548387094,0.05471698113207547,-0.06451612903225806,12413,0.21509707564649963,164,0,0,0,0.0,0.0,0.0,0.0,2,ppdai_imb77,rf
4,0.0,random,0.7914151576123407,0.43434343434343436,0.07060755336617405,-0.13131313131313133,14908,0.21652803863697342,128,0,0,0,0.0,0.0,0.0,0.0,2,ppdai_imb77,rf
5,0.0,random,0.7998276852383688,0.4732142857142857,0.07670043415340087,-0.05357142857142857,17409,0.21540582457349647,122,0,0,0,0.0,0.0,0.0,0.0,2,ppdai_imb77,rf
6,0.0,random,0.7936667504398089,0.5420560747663551,0.06987951807228916,0.08411214953271028,19892,0.21506133118841744,140,0,0,0,0.0,0.0,0.0,0.0,2,ppdai_imb77,rf
7,0.0,random,0.787770586922562,0.5,0.06203995793901157,0.0,22403,0.21559612551890373,112,0,0,0,0.0,0.0,0.0,0.0,2,ppdai_imb77,rf
8,0.0,random,0.7958199356913184,0.5555555555555556,0.06796116504854369,0.1111111111111111,24880,0.21639871382636655,146,0,0,0,0.0,0.0,0.0,0.0,2,ppdai_imb77,rf
9,0.0,random,0.7912328767123288,0.5206611570247934,0.054878048780487805,0.04132231404958678,27374,0.2150946153284138,129,0,0,0,0.0,0.0,0.0,0.0,2,ppdai_imb77,rf
10,0.0,random,0.7867068474803282,0.5234375,0.05234375,0.046875,29863,0.2154840438000201,134,0,0,0,0.0,0.0,0.0,0.0,2,ppdai_imb77,rf
0,0.0,random,0.773,0.5405405405405406,0.08695652173913043,0.08108108108108109,5000,0.2296,0,0,0,0,0.0,0.0,0.0,0.0,3,ppdai_imb77,rf
1,0.0,random,0.7627906976744186,0.38596491228070173,0.06395348837209303,-0.22807017543859648,7521,0.22643265523201703,102,0,0,0,0.0,0.0,0.0,0.0,3,ppdai_imb77,rf
2,0.0,random,0.7744510978043913,0.47619047619047616,0.066815144766147,-0.047619047619047616,10018,0.22259932122180076,126,0,0,0,0.0,0.0,0.0,0.0,3,ppdai_imb77,rf
3,0.0,random,0.7703349282296651,0.4025974025974026,0.05525846702317291,-0.19480519480519481,12540,0.22296650717703348,101,0,0,0,0.0,0.0,0.0,0.0,3,ppdai_imb77,rf
4,0.0,random,0.7737857618097139,0.47619047619047616,0.05917159763313609,-0.047619047619047616,15028,0.221187117380889,135,0,0,0,0.0,0.0,0.0,0.0,3,ppdai_imb77,rf
5,0.0,random,0.7875071306332002,0.5151515151515151,0.06818181818181818,0.030303030303030304,17528,0.22004792332268372,123,0,0,0,0.0,0.0,0.0,0.0,3,ppdai_imb77,rf
6,0.0,random,0.782435129740519,0.4909090909090909,0.06206896551724138,-0.01818181818181818,20036,0.21920543022559394,115,0,0,0,0.0,0.0,0.0,0.0,3,ppdai_imb77,rf
7,0.0,random,0.7824063815643696,0.48739495798319327,0.059244126659857,-0.025210084033613446,22561,0.21825273702406808,98,0,0,0,0.0,0.0,0.0,0.0,3,ppdai_imb77,rf
8,0.0,random,0.7801715539597047,0.46405228758169936,0.06507791017415215,-0.0718954248366013,25061,0.2171102509875903,123,0,0,0,0.0,0.0,0.0,0.0,3,ppdai_imb77,rf
9,0.0,random,0.7808020322990383,0.4626865671641791,0.05175292153589316,-0.07462686567164178,27553,0.2169636700177839,131,0,0,0,0.0,0.0,0.0,0.0,3,ppdai_imb77,rf
10,0.0,random,0.7869861873855882,0.5526315789473685,0.048761609907120744,0.10526315789473684,30043,0.21662284059514694,133,0,0,0,0.0,0.0,0.0,0.0,3,ppdai_imb77,rf
0,0.0,random,0.777,0.5384615384615384,0.12334801762114538,0.07692307692307693,5000,0.2324,0,0,0,0,0.0,0.0,0.0,0.0,4,ppdai_imb77,rf
1,0.0,random,0.7781501340482574,0.5813953488372093,0.07396449704142012,0.16279069767441862,7459,0.22389060195736693,164,0,0,0,0.0,0.0,0.0,0.0,4,ppdai_imb77,rf
2,0.0,random,0.7928607340372046,0.5316455696202531,0.10071942446043165,0.06329113924050633,9943,0.22206577491702706,139,0,0,0,0.0,0.0,0.0,0.0,4,ppdai_imb77,rf
3,0.0,random,0.7822061191626409,0.609375,0.07027027027027027,0.21875,12416,0.21601159793814434,150,0,0,0,0.0,0.0,0.0,0.0,4,ppdai_imb77,rf
4,0.0,random,0.7904633982538617,0.5,0.060897435897435896,0.0,14887,0.21360918922549876,152,0,0,0,0.0,0.0,0.0,0.0,4,ppdai_imb77,rf
5,0.0,random,0.7917146144994246,0.5176470588235295,0.06052269601100413,0.03529411764705882,17379,0.21491455204557225,131,0,0,0,0.0,0.0,0.0,0.0,4,ppdai_imb77,rf
6,0.0,random,0.778420523138833,0.5045045045045045,0.06349206349206349,0.009009009009009009,19877,0.2132615585852996,125,0,0,0,0.0,0.0,0.0,0.0,4,ppdai_imb77,rf
7,0.0,random,0.7837354781054513,0.4909090909090909,0.055900621118012424,-0.01818181818181818,22379,0.21323562268197865,121,0,0,0,0.0,0.0,0.0,0.0,4,ppdai_imb77,rf
8,0.0,random,0.7864897466827503,0.5423728813559322,0.05970149253731343,0.0847457627118644,24866,0.21450977237995655,136,0,0,0,0.0,0.0,0.0,0.0,4,ppdai_imb77,rf
9,0.0,random,0.7841884243198831,0.5185185185185185,0.047217537942664416,0.037037037037037035,27381,0.21671962309630766,108,0,0,0,0.0,0.0,0.0,0.0,4,ppdai_imb77,rf
10,0.0,random,0.7866465863453815,0.53125,0.05300077942322681,0.0625,29876,0.21565805328691925,128,0,0,0,0.0,0.0,0.0,0.0,4,ppdai_imb77,rf
0,0.01,random,0.795,0.625,0.11627906976744186,0.25,5000,0.2248,0,0,0,0,0.0,0.0,0.0,0.0,0,ppdai_imb77,rf
1,0.01,random,0.7797737857618097,0.574468085106383,0.07988165680473373,0.14893617021276595,7511,0.22393822393822393,114,2,2,0,1.0,0.5087719298245614,2.0,0.54,0,ppdai_imb77,rf
2,0.01,random,0.792123629112662,0.4939759036144578,0.0985576923076923,-0.012048192771084338,10029,0.2189650014956626,107,2,1,1,0.5,0.5514018691588785,1.0,0.605,0,ppdai_imb77,rf
3,0.01,random,0.7889066241021548,0.5434782608695652,0.0931098696461825,0.08695652173913043,12528,0.2175925925925926,126,2,1,1,0.5,0.5238095238095238,1.0,0.655,0,ppdai_imb77,rf
4,0.01,random,0.794479547721982,0.46153846153846156,0.06873977086743044,-0.07692307692307693,15031,0.21774998336770673,122,2,1,1,0.5,0.6311475409836066,1.0,0.565,0,ppdai_imb77,rf
5,0.01,random,0.7840228245363766,0.5161290322580645,0.08409986859395532,0.03225806451612903,17521,0.21756749044004337,135,2,1,1,0.5,0.5037037037037037,1.0,0.575,0,ppdai_imb77,rf
6,0.01,random,0.7846806387225549,0.544,0.07780320366132723,0.088,20038,0.2169877233256812,108,2,2,0,1.0,0.4351851851851852,2.0,0.75,0,ppdai_imb77,rf
7,0.01,random,0.7890884896872921,0.5231788079470199,0.0824634655532359,0.046357615894039736,22544,0.21934882895670688,119,2,2,0,1.0,0.6134453781512605,2.0,0.66,0,ppdai_imb77,rf
8,0.01,random,0.7849870233579557,0.4934210526315789,0.06976744186046512,-0.013157894736842105,25045,0.2177680175683769,124,2,0,2,0.0,0.46774193548387094,0.0,0.5700000000000001,0,ppdai_imb77,rf
9,0.01,random,0.7835238613681728,0.5254237288135594,0.07737104825291181,0.05084745762711865,27555,0.2180729450190528,115,2,2,0,1.0,0.5043478260869565,2.0,0.55,0,ppdai_imb77,rf
10,0.01,random,0.7844181787914101,0.5459770114942529,0.07246376811594203,0.09195402298850575,30035,0.21771266855335442,145,2,2,0,1.0,0.6482758620689655,2.0,0.575,0,ppdai_imb77,rf
0,0.01,random,0.764,0.6,0.06224066390041494,0.2,5000,0.2366,0,0,0,0,0.0,0.0,0.0,0.0,1,ppdai_imb77,rf
1,0.01,random,0.7693836978131213,0.5,0.07471264367816093,0.0,7542,0.22951471758154335,82,1,0,1,0.0,0.4268292682926829,0.0,0.65,1,ppdai_imb77,rf
2,0.01,random,0.771712158808933,0.5588235294117647,0.0811965811965812,0.11764705882352941,10074,0.22979948381973397,92,1,1,0,1.0,0.5217391304347826,1.0,0.54,1,ppdai_imb77,rf
3,0.01,random,0.7641921397379913,0.5135135135135135,0.06375838926174497,0.02702702702702703,12595,0.22723302897975386,104,2,1,1,0.5,0.5769230769230769,1.0,0.6799999999999999,1,ppdai_imb77,rf
4,0.01,random,0.7736285525446134,0.4367816091954023,0.05637982195845697,-0.12643678160919541,15130,0.22458691341705223,89,1,1,0,1.0,0.5842696629213483,1.0,0.64,1,ppdai_imb77,rf
5,0.01,random,0.7765173000567215,0.48717948717948717,0.07261146496815286,-0.02564102564102564,17629,0.22190708491689828,126,2,0,2,0.0,0.5476190476190477,0.0,0.5800000000000001,1,ppdai_imb77,rf
6,0.01,random,0.7765640516385303,0.4954128440366973,0.060066740823136816,-0.009174311926605505,20137,0.22202910066047574,117,2,1,1,0.5,0.5726495726495726,1.0,0.64,1,ppdai_imb77,rf
7,0.01,random,0.7775082690187431,0.5071428571428571,0.0702274975272008,0.014285714285714285,22671,0.2218693485069031,90,1,1,0,1.0,0.6666666666666666,1.0,0.56,1,ppdai_imb77,rf
8,0.01,random,0.7749751737835154,0.4866666666666667,0.06465899025686449,-0.02666666666666667,25172,0.22028444303194025,124,2,1,1,0.5,0.6290322580645161,1.0,0.5800000000000001,1,ppdai_imb77,rf
9,0.01,random,0.7749277456647399,0.46308724832214765,0.055870445344129556,-0.0738255033557047,27677,0.22050800303501103,120,2,1,1,0.5,0.5583333333333333,1.0,0.56,1,ppdai_imb77,rf
10,0.01,random,0.7811101905550952,0.43670886075949367,0.053036126056879324,-0.12658227848101267,30175,0.21806130903065452,127,2,1,1,0.5,0.5905511811023622,1.0,0.5800000000000001,1,ppdai_imb77,rf
0,0.01,random,0.791,0.5471698113207547,0.13551401869158877,0.09433962264150944,5000,0.2286,0,0,0,0,0.0,0.0,0.0,0.0,2,ppdai_imb77,rf
1,0.01,random,0.7852842809364549,0.4307692307692308,0.08974358974358974,-0.13846153846153847,7475,0.22354515050167223,150,2,1,1,0.5,0.5666666666666667,1.0,0.605,2,ppdai_imb77,rf
2,0.01,random,0.7908496732026143,0.4305555555555556,0.07635467980295567,-0.1388888888888889,9941,0.21909264661502867,159,2,2,0,1.0,0.5220125786163522,2.0,0.645,2,ppdai_imb77,rf
3,0.01,random,0.7922705314009661,0.5483870967741935,0.06513409961685823,0.0967741935483871,12420,0.21561996779388085,146,2,0,2,0.0,0.5068493150684932,0.0,0.53,2,ppdai_imb77,rf
4,0.01,random,0.7928835179590467,0.6179775280898876,0.08620689655172414,0.23595505617977527,14895,0.2168512923799933,150,2,1,1,0.5,0.5333333333333333,1.0,0.655,2,ppdai_imb77,rf
5,0.01,random,0.7902761795166858,0.5,0.06721536351165981,0.0,17379,0.21537487772599115,141,2,0,2,0.0,0.5531914893617021,0.0,0.535,2,ppdai_imb77,rf
6,0.01,random,0.7886260694514343,0.48120300751879697,0.07664670658682635,-0.03759398496240601,19866,0.2152421222188664,138,2,0,2,0.0,0.47101449275362317,0.0,0.575,2,ppdai_imb77,rf
7,0.01,random,0.7853309481216458,0.5871559633027523,0.06537282941777324,0.1743119266055046,22356,0.21555734478439792,135,2,0,2,0.0,0.5037037037037037,0.0,0.5900000000000001,2,ppdai_imb77,rf
8,0.01,random,0.7872811430871403,0.5609756097560976,0.06436567164179105,0.12195121951219512,24842,0.2164882054584977,139,2,0,2,0.0,0.5035971223021583,0.0,0.645,2,ppdai_imb77,rf
9,0.01,random,0.7840555860303529,0.49586776859504134,0.05084745762711865,-0.008264462809917356,27341,0.21539080501810468,126,2,1,1,0.5,0.5634920634920635,1.0,0.6100000000000001,2,ppdai_imb77,rf
10,0.01,random,0.7915200268141445,0.5443037974683544,0.06836248012718601,0.08860759493670886,29831,0.21605041735107774,135,2,1,1,0.5,0.5185185185185185,1.0,0.53,2,ppdai_imb77,rf
0,0.01,random,0.773,0.5405405405405406,0.08695652173913043,0.08108108108108109,5000,0.2296,0,0,0,0,0.0,0.0,0.0,0.0,3,ppdai_imb77,rf
1,0.01,random,0.7833887043189369,0.49056603773584906,0.08,-0.018867924528301886,7523,0.226372457796092,102,2,0,2,0.0,0.5294117647058824,0.0,0.605,3,ppdai_imb77,rf
2,0.01,random,0.780439121756487,0.5901639344262295,0.07982261640798226,0.18032786885245902,10019,0.22367501746681306,129,2,2,0,1.0,0.5116279069767442,2.0,0.575,3,ppdai_imb77,rf
3,0.01,random,0.7788844621513944,0.4186046511627907,0.066543438077634,-0.16279069767441862,12546,0.2244540092459748,97,1,0,1,0.0,0.5154639175257731,0.0,0.52,3,ppdai_imb77,rf
4,0.01,random,0.7794019933554818,0.5,0.06626506024096386,0.0,15046,0.22265053834906287,125,2,1,1,0.5,0.576,1.0,0.59,3,ppdai_imb77,rf
5,0.01,random,0.786936679977182,0.5436893203883495,0.07407407407407407,0.08737864077669903,17527,0.2212015747132995,144,2,2,0,1.0,0.5,2.0,0.5700000000000001,3,ppdai_imb77,rf
6,0.01,random,0.7791656257806645,0.5238095238095238,0.07415730337078652,0.047619047619047616,20015,0.22008493629777667,137,2,2,0,1.0,0.5182481751824818,2.0,0.585,3,ppdai_imb77,rf
7,0.01,random,0.7759271596713302,0.4732142857142857,0.05284147557328016,-0.05357142857142857,22515,0.21869864534754607,125,2,1,1,0.5,0.544,1.0,0.585,3,ppdai_imb77,rf
8,0.01,random,0.7956408718256349,0.6016260162601627,0.07067812798471824,0.2032520325203252,25005,0.2174365126974605,135,2,1,1,0.5,0.5555555555555556,1.0,0.55,3,ppdai_imb77,rf
9,0.01,random,0.7912347699581742,0.55,0.06626506024096386,0.1,27494,0.21713828471666546,136,2,1,1,0.5,0.625,1.0,0.605,3,ppdai_imb77,rf
10,0.01,random,0.795530353569046,0.5328467153284672,0.05910931174089069,0.06569343065693431,29978,0.21669224097671627,141,2,1,1,0.5,0.6028368794326241,1.0,0.7150000000000001,3,ppdai_imb77,rf
0,0.01,random,0.777,0.5384615384615384,0.12334801762114538,0.07692307692307693,5000,0.2324,0,0,0,0,0.0,0.0,0.0,0.0,4,ppdai_imb77,rf
1,0.01,random,0.7742799732083054,0.5416666666666666,0.07624633431085044,0.08333333333333333,7461,0.22409864629406245,164,2,2,0,1.0,0.5609756097560976,2.0,0.6799999999999999,4,ppdai_imb77,rf
2,0.01,random,0.7912474849094567,0.5542168674698795,0.10849056603773585,0.10843373493975904,9938,0.22227812437110084,148,2,2,0,1.0,0.5540540540540541,2.0,0.7,4,ppdai_imb77,rf
3,0.01,random,0.8025785656728445,0.6206896551724138,0.07142857142857142,0.2413793103448276,12410,0.21643835616438356,153,2,1,1,0.5,0.5098039215686274,1.0,0.58,4,ppdai_imb77,rf
4,0.01,random,0.7895266868076536,0.5,0.07655502392344497,0.0,14894,0.21350879548811602,141,2,2,0,1.0,0.574468085106383,2.0,0.535,4,ppdai_imb77,rf
5,0.01,random,0.7873993095512083,0.56,0.07456724367509987,0.12,17378,0.21504200713545862,141,2,2,0,1.0,0.48936170212765956,2.0,0.645,4,ppdai_imb77,rf
6,0.01,random,0.7868109740750063,0.5714285714285714,0.06504065040650407,0.14285714285714285,19864,0.21345146999597261,139,2,1,1,0.5,0.539568345323741,1.0,0.66,4,ppdai_imb77,rf
7,0.01,random,0.7962921599285235,0.546875,0.07575757575757576,0.09375,22383,0.21400169771701738,106,2,0,2,0.0,0.42452830188679247,0.0,0.61,4,ppdai_imb77,rf
8,0.01,random,0.7833165829145728,0.5555555555555556,0.05957836846929423,0.1111111111111111,24871,0.21519038237304491,137,2,1,1,0.5,0.5620437956204379,1.0,0.6,4,ppdai_imb77,rf
9,0.01,random,0.7959817351598174,0.5867768595041323,0.06239015817223199,0.17355371900826447,27373,0.21736747890256822,123,2,1,1,0.5,0.5121951219512195,1.0,0.6000000000000001,4,ppdai_imb77,rf
10,0.01,random,0.7798057602143336,0.5323741007194245,0.055891238670694864,0.06474820143884892,29858,0.21659186817603324,140,2,1,1,0.5,0.4785714285714286,1.0,0.62,4,ppdai_imb77,rf
0,0.02,random,0.795,0.625,0.11627906976744186,0.25,5000,0.2248,0,0,0,0,0.0,0.0,0.0,0.0,0,ppdai_imb77,rf
1,0.02,random,0.7711244178310046,0.44680851063829785,0.061946902654867256,-0.10638297872340426,7512,0.22377529286474973,114,3,1,2,0.3333333333333333,0.5087719298245614,1.0,0.6933333333333334,0,ppdai_imb77,rf
2,0.02,random,0.7861415752741775,0.5,0.08857808857808858,0.0,10029,0.21876557981852626,109,3,3,0,1.0,0.5688073394495413,3.0,0.68,0,ppdai_imb77,rf
3,0.02,random,0.7828343313373254,0.5476190476190477,0.08333333333333333,0.09523809523809523,12521,0.21747464260043128,134,3,2,1,0.6666666666666666,0.5074626865671642,2.0,0.5566666666666666,0,ppdai_imb77,rf
4,0.02,random,0.7877578176979375,0.6086956521739131,0.0851063829787234,0.21739130434782608,15029,0.21817818883491916,118,3,3,0,1.0,0.5932203389830508,3.0,0.62,0,ppdai_imb77,rf
5,0.02,random,0.7918926634313446,0.5590551181102362,0.09543010752688172,0.11811023622047244,17513,0.2176097755952721,142,3,3,0,1.0,0.5422535211267606,3.0,0.61,0,ppdai_imb77,rf
6,0.02,random,0.7826846307385229,0.5111111111111111,0.07894736842105263,0.022222222222222223,20039,0.2168770896751335,99,2,0,2,0.0,0.46464646464646464,0.0,0.535,0,ppdai_imb77,rf
7,0.02,random,0.7813262364160568,0.5172413793103449,0.07568113017154389,0.034482758620689655,22545,0.21920603237968508,120,3,0,3,0.0,0.6,0.0,0.54,0,ppdai_imb77,rf
8,0.02,random,0.7901357827476039,0.5271317829457365,0.06427221172022685,0.05426356589147287,25040,0.2174920127795527,131,3,0,3,0.0,0.48091603053435117,0.0,0.6433333333333332,0,ppdai_imb77,rf
9,0.02,random,0.7851824950063555,0.528,0.05546218487394958,0.056,27531,0.21735498165704115,135,3,1,2,0.3333333333333333,0.5481481481481482,1.0,0.5633333333333334,0,ppdai_imb77,rf
10,0.02,random,0.7866777685262282,0.5302013422818792,0.06124031007751938,0.06040268456375839,30023,0.21726676214901908,134,3,1,2,0.3333333333333333,0.6268656716417911,1.0,0.5499999999999999,0,ppdai_imb77,rf
0,0.02,random,0.764,0.6,0.06224066390041494,0.2,5000,0.2366,0,0,0,0,0.0,0.0,0.0,0.0,1,ppdai_imb77,rf
1,0.02,random,0.7687210072895958,0.4782608695652174,0.06340057636887608,-0.043478260869565216,7543,0.22948429007026383,82,2,0,2,0.0,0.4268292682926829,0.0,0.545,1,ppdai_imb77,rf
2,0.02,random,0.7732009925558313,0.625,0.07430997876857749,0.25,10072,0.22934868943606038,96,2,1,1,0.5,0.5520833333333334,1.0,0.53,1,ppdai_imb77,rf
3,0.02,random,0.7640984908657665,0.5507246376811594,0.0632279534109817,0.10144927536231885,12587,0.22761579407325017,111,3,2,1,0.6666666666666666,0.4774774774774775,2.0,0.6133333333333334,1,ppdai_imb77,rf
4,0.02,random,0.7759418374091209,0.5227272727272727,0.06744868035190615,0.045454545454545456,15127,0.22489588153632578,85,2,0,2,0.0,0.5882352941176471,0.0,0.55,1,ppdai_imb77,rf
5,0.02,random,0.7693617021276595,0.5047619047619047,0.06511056511056511,0.009523809523809525,17625,0.22235460992907802,128,3,2,1,0.6666666666666666,0.53125,2.0,0.52,1,ppdai_imb77,rf
6,0.02,random,0.7815835194837428,0.5462184873949579,0.07295173961840629,0.09243697478991597,20142,0.22261940224406712,109,3,3,0,1.0,0.5779816513761468,3.0,0.5433333333333333,1,ppdai_imb77,rf
7,0.02,random,0.7760864769468343,0.5111111111111111,0.06777996070726916,0.022222222222222223,22661,0.22223202859538413,107,3,2,1,0.6666666666666666,0.6355140186915887,2.0,0.6633333333333334,1,ppdai_imb77,rf
8,0.02,random,0.786438655796381,0.5209580838323353,0.08048103607770583,0.041916167664670656,25142,0.22066661363455572,145,3,1,2,0.3333333333333333,0.5586206896551724,1.0,0.6133333333333333,1,ppdai_imb77,rf
9,0.02,random,0.777315484804631,0.5194805194805194,0.0646725949878739,0.03896103896103896,27640,0.2205137481910275,128,3,0,3,0.0,0.6015625,0.0,0.6333333333333333,1,ppdai_imb77,rf
10,0.02,random,0.7925029026372533,0.5123456790123457,0.06613545816733067,0.024691358024691357,30143,0.2179610523172876,123,3,1,2,0.3333333333333333,0.6260162601626016,1.0,0.53,1,ppdai_imb77,rf
0,0.02,random,0.791,0.5471698113207547,0.13551401869158877,0.09433962264150944,5000,0.2286,0,0,0,0,0.0,0.0,0.0,0.0,2,ppdai_imb77,rf
1,0.02,random,0.7901069518716578,0.5,0.10509554140127389,0.0,7476,0.22351524879614768,150,3,1,2,0.3333333333333333,0.5666666666666667,1.0,0.5966666666666667,2,ppdai_imb77,rf
2,0.02,random,0.8066298342541437,0.4659090909090909,0.10817941952506596,-0.06818181818181818,9951,0.21927444477941915,152,4,3,1,0.75,0.5263157894736842,3.0,0.5625,2,ppdai_imb77,rf
3,0.02,random,0.7910628019323671,0.5,0.08092485549132948,0.0,12417,0.21470564548602722,161,4,3,1,0.75,0.577639751552795,3.0,0.56,2,ppdai_imb77,rf
4,0.02,random,0.7962466487935657,0.45121951219512196,0.06166666666666667,-0.0975609756097561,14916,0.21634486457495308,127,3,1,2,0.3333333333333333,0.5590551181102362,1.0,0.6933333333333334,2,ppdai_imb77,rf
5,0.02,random,0.7997705106138842,0.4824561403508772,0.0792507204610951,-0.03508771929824561,17429,0.2159045269378622,113,3,2,1,0.6666666666666666,0.504424778761062,2.0,0.56,2,ppdai_imb77,rf
6,0.02,random,0.7963335007533903,0.5204081632653061,0.06257668711656442,0.04081632653061224,19910,0.21541938724259166,145,3,1,2,0.3333333333333333,0.503448275862069,1.0,0.62,2,ppdai_imb77,rf
7,0.02,random,0.7939799331103679,0.5793650793650794,0.07733050847457627,0.15873015873015872,22425,0.216231884057971,111,3,3,0,1.0,0.4864864864864865,3.0,0.56,2,ppdai_imb77,rf
8,0.02,random,0.7922521075873143,0.5652173913043478,0.06190476190476191,0.13043478260869565,24908,0.2168781114501365,143,3,0,3,0.0,0.5314685314685315,0.0,0.5599999999999999,2,ppdai_imb77,rf
9,0.02,random,0.7959146452671895,0.5354330708661418,0.06028368794326241,0.07086614173228346,27414,0.21587510031370832,120,3,2,1,0.6666666666666666,0.5583333333333333,2.0,0.5666666666666667,2,ppdai_imb77,rf
10,0.02,random,0.7907754010695187,0.5746268656716418,0.060534591194968554,0.14925373134328357,29917,0.21633185145569409,123,3,0,3,0.0,0.5772357723577236,0.0,0.6066666666666668,2,ppdai_imb77,rf
0,0.02,random,0.773,0.5405405405405406,0.08695652173913043,0.08108108108108109,5000,0.2296,0,0,0,0,0.0,0.0,0.0,0.0,3,ppdai_imb77,rf
1,0.02,random,0.7900332225913621,0.5111111111111111,0.07255520504731862,0.022222222222222223,7524,0.22660818713450293,102,3,2,1,0.6666666666666666,0.5294117647058824,2.0,0.6333333333333333,3,ppdai_imb77,rf
2,0.02,random,0.7905236907730673,0.5074626865671642,0.08076009501187649,0.014925373134328358,10023,0.22328644118527388,127,3,0,3,0.0,0.5433070866141733,0.0,0.5433333333333333,3,ppdai_imb77,rf
3,0.02,random,0.7708250298923874,0.39215686274509803,0.07233273056057866,-0.21568627450980393,12543,0.22426851630391453,106,3,2,1,0.6666666666666666,0.49056603773584906,2.0,0.54,3,ppdai_imb77,rf
4,0.02,random,0.7801064537591483,0.4854368932038835,0.07598784194528875,-0.02912621359223301,15030,0.22208915502328677,139,3,2,1,0.6666666666666666,0.5899280575539568,2.0,0.5499999999999999,3,ppdai_imb77,rf
5,0.02,random,0.7692747001713307,0.49523809523809526,0.0644361833952912,-0.009523809523809525,17506,0.2203244601850794,150,3,3,0,1.0,0.54,3.0,0.5966666666666667,3,ppdai_imb77,rf
6,0.02,random,0.7823588205897052,0.5408163265306123,0.06029579067121729,0.08163265306122448,20006,0.21903428971308608,126,3,0,3,0.0,0.5714285714285714,0.0,0.5700000000000001,3,ppdai_imb77,rf
7,0.02,random,0.7808127914723517,0.5128205128205128,0.06060606060606061,0.02564102564102564,22512,0.21810589907604833,120,3,2,1,0.6666666666666666,0.5,2.0,0.6133333333333333,3,ppdai_imb77,rf
8,0.02,random,0.78017585931255,0.5932203389830508,0.062388591800356503,0.1864406779661017,25019,0.21707502298253328,119,3,2,1,0.6666666666666666,0.5714285714285714,2.0,0.5366666666666667,3,ppdai_imb77,rf
9,0.02,random,0.7852080683263675,0.5244755244755245,0.06307821698906645,0.04895104895104895,27515,0.2169362166091223,130,3,1,2,0.3333333333333333,0.6153846153846154,1.0,0.5666666666666668,3,ppdai_imb77,rf
10,0.02,random,0.793735421526158,0.5785123966942148,0.05568814638027048,0.15702479338842976,30006,0.21662334199826702,135,3,3,0,1.0,0.6074074074074074,3.0,0.6633333333333333,3,ppdai_imb77,rf
0,0.02,random,0.777,0.5384615384615384,0.12334801762114538,0.07692307692307693,5000,0.2324,0,0,0,0,0.0,0.0,0.0,0.0,4,ppdai_imb77,rf
1,0.02,random,0.7829872739450771,0.5531914893617021,0.0790273556231003,0.10638297872340426,7463,0.22403859037920407,164,4,2,2,0.5,0.5609756097560976,2.0,0.6525,4,ppdai_imb77,rf
2,0.02,random,0.7821285140562249,0.5,0.07603686635944701,0.0,9957,0.22245656322185398,132,3,1,2,0.3333333333333333,0.5681818181818182,1.0,0.5566666666666668,4,ppdai_imb77,rf
3,0.02,random,0.7928399034593725,0.6056338028169014,0.08113207547169811,0.2112676056338028,12426,0.21599871237727347,158,4,0,4,0.0,0.5379746835443038,0.0,0.585,4,ppdai_imb77,rf
4,0.02,random,0.7847338466688986,0.5617977528089888,0.0764525993883792,0.12359550561797752,14932,0.21383605679078488,120,3,2,1,0.6666666666666666,0.55,2.0,0.6066666666666666,4,ppdai_imb77,rf
5,0.02,random,0.7848937392303273,0.5925925925925926,0.06282722513089005,0.18518518518518517,17410,0.21493394600804136,148,3,0,3,0.0,0.5067567567567568,0.0,0.5366666666666667,4,ppdai_imb77,rf
6,0.02,random,0.7872020075282309,0.5368421052631579,0.05964912280701754,0.07368421052631578,19921,0.21364389337884646,115,3,3,0,1.0,0.5739130434782609,3.0,0.5366666666666666,4,ppdai_imb77,rf
7,0.02,random,0.787703274671419,0.512,0.06694560669456066,0.024,22445,0.21394519937625306,102,3,2,1,0.6666666666666666,0.5,2.0,0.5499999999999999,4,ppdai_imb77,rf
8,0.02,random,0.7946303346022842,0.6814159292035398,0.07223264540337711,0.36283185840707965,24951,0.2154222275660294,120,3,3,0,1.0,0.5666666666666667,3.0,0.5766666666666667,4,ppdai_imb77,rf
9,0.02,random,0.7850382235165635,0.5107913669064749,0.059966216216216214,0.02158273381294964,27467,0.21767939709469544,110,3,2,1,0.6666666666666666,0.5272727272727272,2.0,0.6266666666666666,4,ppdai_imb77,rf
10,0.02,random,0.786846937072275,0.4642857142857143,0.0616600790513834,-0.07142857142857142,29951,0.2166204801175253,142,3,3,0,1.0,0.5422535211267606,3.0,0.69,4,ppdai_imb77,rf
0,0.05,random,0.795,0.625,0.11627906976744186,0.25,5000,0.2248,0,0,0,0,0.0,0.0,0.0,0.0,0,ppdai_imb77,rf
1,0.05,random,0.7777777777777778,0.5348837209302325,0.06824925816023739,0.06976744186046512,7515,0.22395209580838324,114,6,3,3,0.5,0.5087719298245614,3.0,0.58,0,ppdai_imb77,rf
2,0.05,random,0.7889497262319562,0.5205479452054794,0.08899297423887588,0.0410958904109589,10042,0.21848237402907789,102,6,2,4,0.3333333333333333,0.6176470588235294,2.0,0.5783333333333333,0,ppdai_imb77,rf
3,0.05,random,0.77875049741345,0.4742268041237113,0.08348457350272233,-0.05154639175257732,12563,0.2178619756427605,108,6,5,1,0.8333333333333334,0.5277777777777778,5.0,0.5383333333333334,0,ppdai_imb77,rf
4,0.05,random,0.7840079628400797,0.5161290322580645,0.07339449541284404,0.03225806451612903,15067,0.21849074135527974,126,7,5,2,0.7142857142857143,0.5793650793650794,5.0,0.5814285714285715,0,ppdai_imb77,rf
5,0.05,random,0.7849217638691323,0.46853146853146854,0.08969210174029452,-0.06293706293706294,17574,0.21850460908159783,123,7,3,4,0.42857142857142855,0.4959349593495935,3.0,0.6014285714285714,0,ppdai_imb77,rf
6,0.05,random,0.782392439691619,0.47101449275362317,0.07497116493656286,-0.057971014492753624,20101,0.21784985821600916,102,6,3,3,0.5,0.4411764705882353,3.0,0.5533333333333333,0,ppdai_imb77,rf
7,0.05,random,0.7812430878124309,0.46616541353383456,0.06326530612244897,-0.06766917293233082,22603,0.21983807459186833,128,7,4,3,0.5714285714285714,0.640625,4.0,0.5928571428571429,0,ppdai_imb77,rf
8,0.05,random,0.787378060919769,0.5755395683453237,0.07346189164370982,0.1510791366906475,25112,0.21786396941701178,120,6,3,3,0.5,0.5666666666666667,3.0,0.5966666666666666,0,ppdai_imb77,rf
9,0.05,random,0.7859985528219972,0.5073529411764706,0.05822784810126582,0.014705882352941176,27636,0.2182660298161818,105,6,3,3,0.5,0.5047619047619047,3.0,0.5883333333333334,0,ppdai_imb77,rf
10,0.05,random,0.7748465239754438,0.5093167701863354,0.060294117647058824,0.018633540372670808,30133,0.21816613015630704,133,7,4,3,0.5714285714285714,0.631578947368421,4.0,0.6157142857142857,0,ppdai_imb77,rf
0,0.05,random,0.764,0.6,0.06224066390041494,0.2,5000,0.2366,0,0,0,0,0.0,0.0,0.0,0.0,1,ppdai_imb77,rf
1,0.05,random,0.7615894039735099,0.5098039215686274,0.07202216066481995,0.0196078431372549,7546,0.22979061754571958,82,5,3,2,0.6,0.4268292682926829,3.0,0.556,1,ppdai_imb77,rf
2,0.05,random,0.7718253968253969,0.5454545454545454,0.06451612903225806,0.09090909090909091,10080,0.22956349206349205,94,5,3,2,0.6,0.574468085106383,3.0,0.63,1,ppdai_imb77,rf
3,0.05,random,0.7758825862752876,0.578125,0.06434782608695652,0.15625,12603,0.22700944219630248,106,6,2,4,0.3333333333333333,0.5754716981132075,2.0,0.63,1,ppdai_imb77,rf
4,0.05,random,0.7733729765444334,0.5208333333333334,0.07246376811594203,0.041666666666666664,15133,0.2242780677988502,98,5,4,1,0.8,0.5918367346938775,4.0,0.568,1,ppdai_imb77,rf
5,0.05,random,0.7846415415131766,0.5892857142857143,0.08461538461538462,0.17857142857142858,17643,0.22218443575355665,119,6,5,1,0.8333333333333334,0.5210084033613446,5.0,0.615,1,ppdai_imb77,rf
6,0.05,random,0.7868649318463445,0.5478260869565217,0.07233065442020666,0.09565217391304348,20171,0.22269594963065786,101,6,3,3,0.5,0.5544554455445545,3.0,0.6,1,ppdai_imb77,rf
7,0.05,random,0.7803964757709251,0.46405228758169936,0.0720081135902637,-0.0718954248366013,22697,0.22254042384456096,103,6,5,1,0.8333333333333334,0.6213592233009708,5.0,0.6583333333333333,1,ppdai_imb77,rf
8,0.05,random,0.7771383210954554,0.4927536231884058,0.060660124888492414,-0.014492753623188406,25194,0.2209653092006033,133,7,1,6,0.14285714285714285,0.5789473684210527,1.0,0.5628571428571428,1,ppdai_imb77,rf
9,0.05,random,0.777316985214569,0.5086705202312138,0.07108239095315025,0.017341040462427744,27728,0.22136468551644548,94,5,3,2,0.6,0.5957446808510638,3.0,0.6079999999999999,1,ppdai_imb77,rf
10,0.05,random,0.7841548130995699,0.56353591160221,0.07680722891566265,0.1270718232044199,30228,0.2186383485510123,130,7,6,1,0.8571428571428571,0.6615384615384615,6.0,0.5828571428571429,1,ppdai_imb77,rf
0,0.05,random,0.791,0.5471698113207547,0.13551401869158877,0.09433962264150944,5000,0.2286,0,0,0,0,0.0,0.0,0.0,0.0,2,ppdai_imb77,rf
1,0.05,random,0.7955911823647295,0.5666666666666667,0.10828025477707007,0.13333333333333333,7481,0.22376687608608475,150,8,4,4,0.5,0.5666666666666667,4.0,0.6325000000000001,2,ppdai_imb77,rf
2,0.05,random,0.7985971943887775,0.5,0.11442786069651742,0.0,9976,0.22052927024859664,135,7,3,4,0.42857142857142855,0.48148148148148145,3.0,0.5957142857142859,2,ppdai_imb77,rf
3,0.05,random,0.787379421221865,0.51,0.096045197740113,0.02,12439,0.21633571830533002,169,9,6,3,0.6666666666666666,0.5266272189349113,6.0,0.5877777777777778,2,ppdai_imb77,rf
4,0.05,random,0.7926992632283992,0.5494505494505495,0.07961783439490445,0.0989010989010989,14929,0.21809900194252796,140,7,2,5,0.2857142857142857,0.4857142857142857,2.0,0.5828571428571429,2,ppdai_imb77,rf
5,0.05,random,0.7970723306544202,0.5794392523364486,0.0856353591160221,0.1588785046728972,17417,0.21720158465866682,143,8,6,2,0.75,0.48951048951048953,6.0,0.63,2,ppdai_imb77,rf
6,0.05,random,0.7860010035122931,0.4774774774774775,0.0625,-0.04504504504504504,19926,0.21710328214393254,120,6,5,1,0.8333333333333334,0.5,5.0,0.7416666666666667,2,ppdai_imb77,rf
7,0.05,random,0.7942028985507247,0.5153846153846153,0.07227615965480043,0.03076923076923077,22423,0.21736609731079695,133,7,2,5,0.2857142857142857,0.48872180451127817,2.0,0.5585714285714286,2,ppdai_imb77,rf
8,0.05,random,0.783908507223114,0.4788732394366197,0.06349206349206349,-0.04225352112676056,24917,0.21804390576714694,136,7,7,0,1.0,0.5661764705882353,7.0,0.6171428571428572,2,ppdai_imb77,rf
9,0.05,random,0.7846715328467153,0.5131578947368421,0.06587837837837837,0.02631578947368421,27399,0.21650425197999926,149,8,3,5,0.375,0.5704697986577181,3.0,0.56125,2,ppdai_imb77,rf
10,0.05,random,0.7836843864928118,0.4726027397260274,0.053654743390357695,-0.0547945205479452,29907,0.21727354799879628,122,7,5,2,0.7142857142857143,0.5245901639344263,5.0,0.5542857142857144,2,ppdai_imb77,rf
0,0.05,random,0.773,0.5405405405405406,0.08695652173913043,0.08108108108108109,5000,0.2296,0,0,0,0,0.0,0.0,0.0,0.0,3,ppdai_imb77,rf
1,0.05,random,0.7861885790172642,0.5306122448979592,0.08,0.061224489795918366,7527,0.22678357911518535,102,6,4,2,0.6666666666666666,0.5294117647058824,4.0,0.625,3,ppdai_imb77,rf
2,0.05,random,0.7811565304087736,0.4927536231884058,0.0776255707762557,-0.014492753623188406,10026,0.22351885098743268,131,7,3,4,0.42857142857142855,0.5419847328244275,3.0,0.5685714285714286,3,ppdai_imb77,rf
3,0.05,random,0.7820717131474103,0.45569620253164556,0.06666666666666667,-0.08860759493670886,12550,0.22430278884462151,105,6,4,2,0.6666666666666666,0.5238095238095238,4.0,0.635,3,ppdai_imb77,rf
4,0.05,random,0.7793286806247923,0.5111111111111111,0.06906906906906907,0.022222222222222223,15045,0.22253240279162512,135,7,4,3,0.5714285714285714,0.562962962962963,4.0,0.5700000000000001,3,ppdai_imb77,rf
5,0.05,random,0.7899087799315849,0.5377358490566038,0.07651006711409396,0.07547169811320754,17537,0.2207903290186463,138,7,6,1,0.8571428571428571,0.572463768115942,6.0,0.6314285714285715,3,ppdai_imb77,rf
6,0.05,random,0.7886726546906188,0.52,0.07629107981220658,0.04,20037,0.2194939362179967,130,7,3,4,0.42857142857142855,0.5692307692307692,3.0,0.5742857142857144,3,ppdai_imb77,rf
7,0.05,random,0.7833222444000887,0.46774193548387094,0.05985552115583075,-0.06451612903225806,22545,0.2183632734530938,122,7,3,4,0.42857142857142855,0.5245901639344263,3.0,0.5700000000000001,3,ppdai_imb77,rf
8,0.05,random,0.7818109293976865,0.5294117647058824,0.05722070844686648,0.058823529411764705,25066,0.21754567940636718,108,6,4,2,0.6666666666666666,0.5648148148148148,4.0,0.6250000000000001,3,ppdai_imb77,rf
9,0.05,random,0.7876314834965542,0.5364238410596026,0.06852791878172589,0.0728476821192053,27570,0.21770039898440333,126,7,4,3,0.5714285714285714,0.5714285714285714,4.0,0.5728571428571428,3,ppdai_imb77,rf
10,0.05,random,0.7857974388824214,0.54421768707483,0.061491160645657184,0.08843537414965986,30061,0.21739130434782608,139,7,3,4,0.42857142857142855,0.5755395683453237,3.0,0.5814285714285715,3,ppdai_imb77,rf
0,0.05,random,0.777,0.5384615384615384,0.12334801762114538,0.07692307692307693,5000,0.2324,0,0,0,0,0.0,0.0,0.0,0.0,4,ppdai_imb77,rf
1,0.05,random,0.7898259705488622,0.6440677966101694,0.1148036253776435,0.288135593220339,7468,0.22388859132297803,164,9,2,7,0.2222222222222222,0.5609756097560976,2.0,0.5977777777777779,4,ppdai_imb77,rf
2,0.05,random,0.7830236062280261,0.5714285714285714,0.09932279909706546,0.14285714285714285,9951,0.22238970957692694,148,8,6,2,0.75,0.5540540540540541,6.0,0.615,4,ppdai_imb77,rf
3,0.05,random,0.7893890675241158,0.6119402985074627,0.07606679035250463,0.22388059701492538,12436,0.21695078803473786,146,8,3,5,0.375,0.4931506849315068,3.0,0.5675,4,ppdai_imb77,rf
4,0.05,random,0.7949748743718593,0.5454545454545454,0.07741935483870968,0.09090909090909091,14925,0.21420435510887773,142,8,3,5,0.375,0.5422535211267606,3.0,0.56125,4,ppdai_imb77,rf
5,0.05,random,0.7824964131994261,0.5446428571428571,0.07942708333333333,0.08928571428571429,17425,0.21589670014347204,130,7,3,4,0.42857142857142855,0.47692307692307695,3.0,0.6142857142857142,4,ppdai_imb77,rf
6,0.05,random,0.7838312829525483,0.5948275862068966,0.07814269535673839,0.1896551724137931,19914,0.21422115094908104,142,8,5,3,0.625,0.5492957746478874,5.0,0.64375,4,ppdai_imb77,rf
7,0.05,random,0.7919268510258698,0.5258620689655172,0.06496272630457935,0.05172413793103448,22419,0.21401489807752352,125,7,4,3,0.5714285714285714,0.536,4.0,0.5700000000000001,4,ppdai_imb77,rf
8,0.05,random,0.7805856397914159,0.5905511811023622,0.06714413607878246,0.18110236220472442,24926,0.21531733932440023,123,7,4,3,0.5714285714285714,0.5934959349593496,4.0,0.5685714285714286,4,ppdai_imb77,rf
9,0.05,random,0.7931851311953353,0.5555555555555556,0.07805724197745013,0.1111111111111111,27440,0.21767492711370262,115,6,5,1,0.8333333333333334,0.5130434782608696,5.0,0.6583333333333334,4,ppdai_imb77,rf
10,0.05,random,0.7826958409888091,0.5033557046979866,0.0576036866359447,0.006711409395973154,29934,0.21681031602859624,136,7,4,3,0.5714285714285714,0.5147058823529411,4.0,0.5814285714285713,4,ppdai_imb77,rf
0,0.1,random,0.795,0.625,0.11627906976744186,0.25,5000,0.2248,0,0,0,0,0.0,0.0,0.0,0.0,0,ppdai_imb77,rf
1,0.1,random,0.7760797342192691,0.5714285714285714,0.05847953216374269,0.14285714285714285,7521,0.22403935646855472,114,12,5,7,0.4166666666666667,0.5087719298245614,5.0,0.5733333333333333,0,ppdai_imb77,rf
2,0.1,random,0.7810945273631841,0.5,0.08863636363636364,0.0,10047,0.21907036926445705,108,11,9,2,0.8181818181818182,0.6018518518518519,9.0,0.5918181818181818,0,ppdai_imb77,rf
3,0.1,random,0.7745917960971724,0.4810126582278481,0.0674955595026643,-0.0379746835443038,12555,0.2174432497013142,128,13,2,11,0.15384615384615385,0.53125,2.0,0.5630769230769231,0,ppdai_imb77,rf
4,0.1,random,0.7836761778367618,0.47,0.07275541795665634,-0.06,15070,0.21778367617783675,120,12,7,5,0.5833333333333334,0.65,7.0,0.5725,0,ppdai_imb77,rf
5,0.1,random,0.7788215200683177,0.4576271186440678,0.07040417209908735,-0.0847457627118644,17565,0.21776259607173357,143,15,11,4,0.7333333333333333,0.5174825174825175,11.0,0.5846666666666668,0,ppdai_imb77,rf
6,0.1,random,0.7859273993038289,0.5185185185185185,0.06473988439306358,0.037037037037037035,20107,0.21728751181180683,91,10,5,5,0.5,0.46153846153846156,5.0,0.641,0,ppdai_imb77,rf
7,0.1,random,0.7833480565371025,0.4701492537313433,0.06474820143884892,-0.05970149253731343,22637,0.21986128904006716,104,11,8,3,0.7272727272727273,0.6538461538461539,8.0,0.5654545454545455,0,ppdai_imb77,rf
8,0.1,random,0.7823061630218688,0.5238095238095238,0.06987295825771325,0.047619047619047616,25148,0.21814856052171147,125,13,5,8,0.38461538461538464,0.504,5.0,0.5592307692307692,0,ppdai_imb77,rf
9,0.1,random,0.7929849936720303,0.5348837209302325,0.07951598962834917,0.06976744186046512,27654,0.21812396036739712,130,13,8,5,0.6153846153846154,0.5615384615384615,8.0,0.59,0,ppdai_imb77,rf
10,0.1,random,0.7820321564727333,0.4797687861271676,0.06345565749235474,-0.04046242774566474,30162,0.21798952324116438,128,13,9,4,0.6923076923076923,0.6875,9.0,0.5807692307692307,0,ppdai_imb77,rf
0,0.1,random,0.764,0.6,0.06224066390041494,0.2,5000,0.2366,0,0,0,0,0.0,0.0,0.0,0.0,1,ppdai_imb77,rf
1,0.1,random,0.7695364238410596,0.5,0.06896551724137931,0.0,7550,0.23033112582781456,82,9,8,1,0.8888888888888888,0.4268292682926829,8.0,0.6077777777777779,1,ppdai_imb77,rf
2,0.1,random,0.7674764501735251,0.5064935064935064,0.08297872340425531,0.012987012987012988,10085,0.2302429350520575,98,10,5,5,0.5,0.5408163265306123,5.0,0.589,1,ppdai_imb77,rf
3,0.1,random,0.7682250396196514,0.5671641791044776,0.06397306397306397,0.13432835820895522,12618,0.22840386749088604,101,11,9,2,0.8181818181818182,0.5445544554455446,9.0,0.6154545454545454,1,ppdai_imb77,rf
4,0.1,random,0.7800131926121372,0.5,0.07496251874062969,0.0,15159,0.2254766145524111,92,10,6,4,0.6,0.6195652173913043,6.0,0.568,1,ppdai_imb77,rf
5,0.1,random,0.7745403111739746,0.4864864864864865,0.06801007556675064,-0.02702702702702703,17673,0.22282577943756013,122,13,7,6,0.5384615384615384,0.5737704918032787,7.0,0.5684615384615385,1,ppdai_imb77,rf
6,0.1,random,0.7815750371471025,0.5263157894736842,0.06756756756756757,0.05263157894736842,20186,0.22287724165263054,123,13,8,5,0.6153846153846154,0.5853658536585366,8.0,0.5692307692307692,1,ppdai_imb77,rf
7,0.1,random,0.7775577557755775,0.4785714285714286,0.06666666666666667,-0.04285714285714286,22723,0.22312194692602208,96,10,9,1,0.9,0.5833333333333334,9.0,0.629,1,ppdai_imb77,rf
8,0.1,random,0.7835051546391752,0.5411764705882353,0.08318264014466546,0.08235294117647059,25217,0.22147757465202048,144,15,8,7,0.5333333333333333,0.5902777777777778,8.0,0.5886666666666667,1,ppdai_imb77,rf
9,0.1,random,0.777577505407354,0.5280898876404494,0.07556270096463022,0.056179775280898875,27736,0.22180559561580618,116,12,11,1,0.9166666666666666,0.5862068965517241,11.0,0.6433333333333333,1,ppdai_imb77,rf
10,0.1,random,0.7800925925925926,0.5246913580246914,0.06352765321375187,0.04938271604938271,30240,0.2189484126984127,133,14,8,6,0.5714285714285714,0.6766917293233082,8.0,0.5978571428571428,1,ppdai_imb77,rf
0,0.1,random,0.791,0.5471698113207547,0.13551401869158877,0.09433962264150944,5000,0.2286,0,0,0,0,0.0,0.0,0.0,0.0,2,ppdai_imb77,rf
1,0.1,random,0.7850467289719626,0.515625,0.10185185185185185,0.03125,7488,0.22382478632478633,150,15,6,9,0.4,0.5666666666666667,6.0,0.5926666666666667,2,ppdai_imb77,rf
2,0.1,random,0.7853926963481741,0.4878048780487805,0.0936768149882904,-0.024390243902439025,9995,0.2208104052026013,129,13,7,6,0.5384615384615384,0.49612403100775193,7.0,0.5838461538461539,2,ppdai_imb77,rf
3,0.1,random,0.7858286629303443,0.4891304347826087,0.08442776735459662,-0.021739130434782608,12489,0.21707102249979982,144,15,6,9,0.4,0.5277777777777778,6.0,0.6053333333333334,2,ppdai_imb77,rf
4,0.1,random,0.7949316438812938,0.5631067961165048,0.09235668789808917,0.1262135922330097,14995,0.21867289096365455,131,14,8,6,0.5714285714285714,0.5419847328244275,8.0,0.6228571428571428,2,ppdai_imb77,rf
5,0.1,random,0.790916880891174,0.45112781954887216,0.08344923504867872,-0.09774436090225563,17501,0.217816124792869,131,14,7,7,0.5,0.4961832061068702,7.0,0.6064285714285715,2,ppdai_imb77,rf
6,0.1,random,0.8002999250187454,0.5476190476190477,0.08508014796547472,0.09523809523809523,20003,0.21761735739639054,135,14,8,6,0.5714285714285714,0.48148148148148145,8.0,0.637142857142857,2,ppdai_imb77,rf
7,0.1,random,0.7825893848545414,0.5289855072463768,0.07396149949341439,0.057971014492753624,22511,0.21784905157478565,128,13,7,6,0.5384615384615384,0.5234375,7.0,0.5861538461538461,2,ppdai_imb77,rf
8,0.1,random,0.7912834866053579,0.576,0.06773283160865474,0.152,25006,0.21850755818603534,143,15,8,7,0.5333333333333333,0.5384615384615384,8.0,0.5853333333333334,2,ppdai_imb77,rf
9,0.1,random,0.7932788374205267,0.5658914728682171,0.0632034632034632,0.13178294573643412,27522,0.21717171717171718,119,12,8,4,0.6666666666666666,0.6386554621848739,8.0,0.5866666666666667,2,ppdai_imb77,rf
10,0.1,random,0.7863802863802863,0.5209580838323353,0.06744186046511629,0.041916167664670656,30028,0.21773011855601437,131,14,12,2,0.8571428571428571,0.5801526717557252,12.0,0.6378571428571428,2,ppdai_imb77,rf
0,0.1,random,0.773,0.5405405405405406,0.08695652173913043,0.08108108108108109,5000,0.2296,0,0,0,0,0.0,0.0,0.0,0.0,3,ppdai_imb77,rf
1,0.1,random,0.7737226277372263,0.46,0.06824925816023739,-0.08,7532,0.22663303239511418,102,11,4,7,0.36363636363636365,0.5294117647058824,4.0,0.5745454545454546,3,ppdai_imb77,rf
2,0.1,random,0.7791625124626121,0.5138888888888888,0.08314606741573034,0.027777777777777776,10029,0.22355170006979758,141,15,11,4,0.7333333333333333,0.5531914893617021,11.0,0.5886666666666667,3,ppdai_imb77,rf
3,0.1,random,0.7832669322709164,0.4492753623188406,0.05772811918063315,-0.10144927536231885,12550,0.22350597609561754,114,12,5,7,0.4166666666666667,0.5877192982456141,5.0,0.5724999999999999,3,ppdai_imb77,rf
4,0.1,random,0.7676499834272457,0.46808510638297873,0.06330935251798561,-0.06382978723404255,15084,0.22235481304693716,99,10,8,2,0.8,0.6464646464646465,8.0,0.597,3,ppdai_imb77,rf
5,0.1,random,0.7771461057418988,0.4369747899159664,0.06762028608582575,-0.12605042016806722,17590,0.22114837976122798,131,14,8,6,0.5714285714285714,0.5267175572519084,8.0,0.5757142857142856,3,ppdai_imb77,rf
6,0.1,random,0.7799054961452375,0.4473684210526316,0.058419243986254296,-0.10526315789473684,20105,0.2200945038547625,120,12,7,5,0.5833333333333334,0.575,7.0,0.57,3,ppdai_imb77,rf
7,0.1,random,0.7919982316534041,0.4420289855072464,0.06594594594594595,-0.11594202898550725,22619,0.21897519784252178,122,13,6,7,0.46153846153846156,0.5245901639344263,6.0,0.603076923076923,3,ppdai_imb77,rf
8,0.1,random,0.7812686418771128,0.5,0.060909090909090906,0.0,25141,0.21793086989379898,113,12,9,3,0.75,0.6194690265486725,9.0,0.6341666666666667,3,ppdai_imb77,rf
9,0.1,random,0.7853526220614828,0.5086206896551724,0.0496215306980656,0.017241379310344827,27647,0.21756429268998445,131,14,10,4,0.7142857142857143,0.6946564885496184,10.0,0.6021428571428571,3,ppdai_imb77,rf
10,0.1,random,0.7868037135278515,0.5703703703703704,0.05900383141762452,0.14074074074074075,30158,0.21732210358777107,125,13,8,5,0.6153846153846154,0.632,8.0,0.6184615384615385,3,ppdai_imb77,rf
0,0.1,random,0.777,0.5384615384615384,0.12334801762114538,0.07692307692307693,5000,0.2324,0,0,0,0,0.0,0.0,0.0,0.0,4,ppdai_imb77,rf
1,0.1,random,0.7727272727272727,0.6666666666666666,0.1005586592178771,0.3333333333333333,7476,0.2245853397538791,164,17,9,8,0.5294117647058824,0.5609756097560976,9.0,0.59,4,ppdai_imb77,rf
2,0.1,random,0.7985971943887775,0.6153846153846154,0.11428571428571428,0.23076923076923078,9979,0.22346928549954906,134,14,10,4,0.7142857142857143,0.5671641791044776,10.0,0.5907142857142856,4,ppdai_imb77,rf
3,0.1,random,0.7991178829190057,0.625,0.07736943907156674,0.25,12467,0.21745407876794737,150,15,4,11,0.26666666666666666,0.5133333333333333,4.0,0.6086666666666667,4,ppdai_imb77,rf
4,0.1,random,0.7882431529726119,0.5154639175257731,0.07849293563579278,0.030927835051546393,14968,0.21532602886157134,136,14,9,5,0.6428571428571429,0.5147058823529411,9.0,0.5907142857142856,4,ppdai_imb77,rf
5,0.1,random,0.786368843069874,0.6236559139784946,0.0754226267880364,0.24731182795698925,17460,0.21603665521191295,146,15,11,4,0.7333333333333333,0.589041095890411,11.0,0.6199999999999999,4,ppdai_imb77,rf
6,0.1,random,0.7848386289717288,0.5811965811965812,0.07736063708759955,0.1623931623931624,19981,0.21485411140583555,114,12,8,4,0.6666666666666666,0.5614035087719298,8.0,0.5875,4,ppdai_imb77,rf
7,0.1,random,0.7797777777777778,0.5370370370370371,0.05805805805805806,0.07407407407407407,22499,0.21498733277034535,117,12,9,3,0.75,0.5128205128205128,9.0,0.5683333333333332,4,ppdai_imb77,rf
8,0.1,random,0.7900099900099901,0.6608695652173913,0.06985294117647059,0.3217391304347826,25023,0.21636094792790633,111,12,8,4,0.6666666666666666,0.6216216216216216,8.0,0.5924999999999999,4,ppdai_imb77,rf
9,0.1,random,0.7843528771101833,0.5704225352112676,0.06705298013245033,0.14084507042253522,27543,0.2188214791417057,115,12,8,4,0.6666666666666666,0.4782608695652174,8.0,0.5758333333333333,4,ppdai_imb77,rf
10,0.1,random,0.7912782956058588,0.631578947368421,0.07418856259659969,0.2631578947368421,30036,0.2177054201624717,145,15,8,7,0.5333333333333333,0.5448275862068965,8.0,0.5853333333333334,4,ppdai_imb77,rf
0,0.15,random,0.795,0.625,0.11627906976744186,0.25,5000,0.2248,0,0,0,0,0.0,0.0,0.0,0.0,0,ppdai_imb77,rf
1,0.15,random,0.7722443559096945,0.5185185185185185,0.08115942028985507,0.037037037037037035,7527,0.22452504317789293,114,18,10,8,0.5555555555555556,0.5087719298245614,10.0,0.5822222222222222,0,ppdai_imb77,rf
2,0.15,random,0.7853949329359166,0.6075949367088608,0.10690423162583519,0.21518987341772153,10061,0.21975946724977635,105,16,8,8,0.5,0.5619047619047619,8.0,0.569375,0,ppdai_imb77,rf
3,0.15,random,0.7757455268389662,0.5339805825242718,0.09632224168126094,0.06796116504854369,12575,0.21876739562624253,129,20,12,8,0.6,0.5193798449612403,12.0,0.5694999999999999,0,ppdai_imb77,rf
4,0.15,random,0.7852882703777336,0.49557522123893805,0.0865533230293663,-0.008849557522123894,15088,0.21964475079533405,130,20,12,8,0.6,0.5538461538461539,12.0,0.5965,0,ppdai_imb77,rf
5,0.15,random,0.7928388746803069,0.5581395348837209,0.0967741935483871,0.11627906976744186,17592,0.21958844929513416,140,21,8,13,0.38095238095238093,0.4642857142857143,8.0,0.6285714285714287,0,ppdai_imb77,rf
6,0.15,random,0.7818091451292246,0.5864661654135338,0.08657047724750278,0.17293233082706766,20119,0.21869874248223073,113,17,10,7,0.5882352941176471,0.4778761061946903,10.0,0.5752941176470588,0,ppdai_imb77,rf
7,0.15,random,0.7877650176678446,0.6111111111111112,0.08862034239677745,0.2222222222222222,22638,0.22108843537414966,123,19,11,8,0.5789473684210527,0.6016260162601627,11.0,0.5636842105263158,0,ppdai_imb77,rf
8,0.15,random,0.7860123186966024,0.5408805031446541,0.07889908256880734,0.08176100628930817,25163,0.21932996860469736,116,18,6,12,0.3333333333333333,0.5086206896551724,6.0,0.5916666666666666,0,ppdai_imb77,rf
9,0.15,random,0.783778901734104,0.5297619047619048,0.07373653686826843,0.05952380952380952,27678,0.21948840234120962,128,20,11,9,0.55,0.515625,11.0,0.615,0,ppdai_imb77,rf
10,0.15,random,0.7802616327206491,0.5269461077844312,0.0658682634730539,0.05389221556886228,30191,0.2196349905601007,130,20,16,4,0.8,0.6307692307692307,16.0,0.6540000000000001,0,ppdai_imb77,rf
0,0.15,random,0.764,0.6,0.06224066390041494,0.2,5000,0.2366,0,0,0,0,0.0,0.0,0.0,0.0,1,ppdai_imb77,rf
1,0.15,random,0.7696889477167439,0.43636363636363634,0.07038123167155426,-0.12727272727272726,7554,0.22994440031771246,82,13,6,7,0.46153846153846156,0.4268292682926829,6.0,0.5692307692307693,1,ppdai_imb77,rf
2,0.15,random,0.7787128712871287,0.46153846153846156,0.06787330316742081,-0.07692307692307693,10098,0.2297484650425827,94,15,7,8,0.4666666666666667,0.5851063829787234,7.0,0.602,1,ppdai_imb77,rf
3,0.15,random,0.7496044303797469,0.4943820224719101,0.06962025316455696,-0.011235955056179775,12636,0.22807850585628364,100,15,9,6,0.6,0.53,9.0,0.59,1,ppdai_imb77,rf
4,0.15,random,0.7678630227197892,0.5288461538461539,0.07735583684950774,0.057692307692307696,15181,0.22587444832356235,92,14,10,4,0.7142857142857143,0.5434782608695652,10.0,0.5492857142857143,1,ppdai_imb77,rf
5,0.15,random,0.7692090395480226,0.4596774193548387,0.07063197026022305,-0.08064516129032258,17697,0.2232016725998757,127,20,9,11,0.45,0.5590551181102362,9.0,0.5825,1,ppdai_imb77,rf
6,0.15,random,0.7768983428147416,0.5,0.08314855875831485,0.0,20215,0.22344793470195398,124,19,11,8,0.5789473684210527,0.5564516129032258,11.0,0.6210526315789474,1,ppdai_imb77,rf
7,0.15,random,0.7757748955814465,0.45294117647058824,0.07669322709163347,-0.09411764705882353,22743,0.22318955282944203,112,17,10,7,0.5882352941176471,0.6160714285714286,10.0,0.5976470588235294,1,ppdai_imb77,rf
8,0.15,random,0.7756435643564357,0.4925373134328358,0.08761061946902655,-0.014925373134328358,25247,0.22161048837485642,141,22,13,9,0.5909090909090909,0.6099290780141844,13.0,0.6168181818181818,1,ppdai_imb77,rf
9,0.15,random,0.7745768815268275,0.4915254237288136,0.06965572457966374,-0.01694915254237288,27768,0.22169403630077789,120,18,10,8,0.5555555555555556,0.6083333333333333,10.0,0.5844444444444444,1,ppdai_imb77,rf
10,0.15,random,0.783614139411959,0.5487179487179488,0.08051166290443942,0.09743589743589744,30270,0.2189957053187975,143,22,12,10,0.5454545454545454,0.6293706293706294,12.0,0.5772727272727273,1,ppdai_imb77,rf
0,0.15,random,0.791,0.5471698113207547,0.13551401869158877,0.09433962264150944,5000,0.2286,0,0,0,0,0.0,0.0,0.0,0.0,2,ppdai_imb77,rf
1,0.15,random,0.7986666666666666,0.5147058823529411,0.11513157894736842,0.029411764705882353,7496,0.22505336179295624,150,23,17,6,0.7391304347826086,0.5666666666666667,17.0,0.6147826086956522,2,ppdai_imb77,rf
2,0.15,random,0.791895947973987,0.5064935064935064,0.09352517985611511,0.012987012987012988,9995,0.2207103551775888,146,22,10,12,0.45454545454545453,0.541095890410959,10.0,0.605,2,ppdai_imb77,rf
3,0.15,random,0.784,0.5,0.07407407407407407,0.0,12500,0.21736,139,21,11,10,0.5238095238095238,0.5323741007194245,11.0,0.5714285714285714,2,ppdai_imb77,rf
4,0.15,random,0.7892809587217043,0.5050505050505051,0.07886435331230283,0.010101010101010102,15019,0.2189226979159731,123,19,10,9,0.5263157894736842,0.5691056910569106,10.0,0.6252631578947369,2,ppdai_imb77,rf
5,0.15,random,0.7893386545039909,0.47692307692307695,0.08458390177353342,-0.046153846153846156,17539,0.21768629910485204,122,19,5,14,0.2631578947368421,0.5409836065573771,5.0,0.5931578947368421,2,ppdai_imb77,rf
6,0.15,random,0.790720878024445,0.4594594594594595,0.06144578313253012,-0.08108108108108109,20043,0.21708327096742006,140,21,10,11,0.47619047619047616,0.5357142857142857,10.0,0.608095238095238,2,ppdai_imb77,rf
7,0.15,random,0.7913988029261805,0.6272727272727273,0.07120743034055728,0.2545454545454545,22553,0.21753203564935927,133,20,13,7,0.65,0.518796992481203,13.0,0.6080000000000001,2,ppdai_imb77,rf
8,0.15,random,0.7925807738332669,0.5833333333333334,0.0660377358490566,0.16666666666666666,25070,0.21834862385321102,125,19,10,9,0.5263157894736842,0.568,10.0,0.6042105263157895,2,ppdai_imb77,rf
9,0.15,random,0.7862318840579711,0.4939759036144578,0.06960950764006792,-0.012048192771084338,27597,0.2174149364061311,113,17,12,5,0.7058823529411765,0.5929203539823009,12.0,0.5588235294117648,2,ppdai_imb77,rf
10,0.15,random,0.775323812686815,0.5269461077844312,0.06461086637298091,0.05389221556886228,30108,0.2180815730038528,132,20,14,6,0.7,0.553030303030303,14.0,0.617,2,ppdai_imb77,rf
0,0.15,random,0.773,0.5405405405405406,0.08695652173913043,0.08108108108108109,5000,0.2296,0,0,0,0,0.0,0.0,0.0,0.0,3,ppdai_imb77,rf
1,0.15,random,0.7652519893899205,0.375,0.07100591715976332,-0.25,7537,0.22727875812657555,102,16,10,6,0.625,0.5294117647058824,10.0,0.5968749999999999,3,ppdai_imb77,rf
2,0.15,random,0.7791044776119403,0.5507246376811594,0.08425720620842572,0.10144927536231885,10048,0.2249203821656051,132,20,13,7,0.65,0.5151515151515151,13.0,0.611,3,ppdai_imb77,rf
3,0.15,random,0.7776451869530628,0.45454545454545453,0.08181818181818182,-0.09090909090909091,12569,0.22460020685814305,121,19,4,15,0.21052631578947367,0.5454545454545454,4.0,0.5647368421052631,3,ppdai_imb77,rf
4,0.15,random,0.7712959893934372,0.49038461538461536,0.07412790697674419,-0.019230769230769232,15081,0.22339367415953848,131,20,13,7,0.65,0.549618320610687,13.0,0.5885,3,ppdai_imb77,rf
5,0.15,random,0.7760727479397556,0.49504950495049505,0.06353240152477764,-0.009900990099009901,17591,0.22187482235233927,134,21,11,10,0.5238095238095238,0.5522388059701493,11.0,0.5742857142857142,3,ppdai_imb77,rf
6,0.15,random,0.7779159413081324,0.5158730158730159,0.07246376811594203,0.031746031746031744,20105,0.2207411091768217,129,20,10,10,0.5,0.5581395348837209,10.0,0.598,3,ppdai_imb77,rf
7,0.15,random,0.7822241874861817,0.46218487394957986,0.05635245901639344,-0.07563025210084033,22615,0.21976564227282777,134,21,6,15,0.2857142857142857,0.44776119402985076,6.0,0.5619047619047618,3,ppdai_imb77,rf
8,0.15,random,0.7830151153540175,0.5142857142857142,0.08211678832116788,0.02857142857142857,25140,0.21897374701670644,116,18,12,6,0.6666666666666666,0.5517241379310345,12.0,0.61,3,ppdai_imb77,rf
9,0.15,random,0.7847322720694645,0.5263157894736842,0.0667779632721202,0.05263157894736842,27638,0.21893769447861638,148,23,14,9,0.6086956521739131,0.5743243243243243,14.0,0.5943478260869565,3,ppdai_imb77,rf
10,0.15,random,0.787526953060209,0.5,0.06869633099141297,0.0,30145,0.21837784043788355,137,21,13,8,0.6190476190476191,0.6642335766423357,13.0,0.5809523809523809,3,ppdai_imb77,rf
0,0.15,random,0.777,0.5384615384615384,0.12334801762114538,0.07692307692307693,5000,0.2324,0,0,0,0,0.0,0.0,0.0,0.0,4,ppdai_imb77,rf
1,0.15,random,0.7822311289245157,0.6111111111111112,0.09763313609467456,0.2222222222222222,7484,0.2248797434526991,164,25,13,12,0.52,0.5609756097560976,13.0,0.6056,4,ppdai_imb77,rf
2,0.15,random,0.7886830245368052,0.5142857142857142,0.08490566037735849,0.02857142857142857,9983,0.2231794049884804,147,23,14,9,0.6086956521739131,0.5850340136054422,14.0,0.6039130434782609,4,ppdai_imb77,rf
3,0.15,random,0.7979149959903769,0.6285714285714286,0.0842911877394636,0.2571428571428571,12469,0.21765979629481114,162,25,13,12,0.52,0.5,13.0,0.6128,4,ppdai_imb77,rf
4,0.15,random,0.7860480640854473,0.5833333333333334,0.0852359208523592,0.16666666666666666,14976,0.21501068376068377,137,21,12,9,0.5714285714285714,0.5766423357664233,12.0,0.5757142857142857,4,ppdai_imb77,rf
5,0.15,random,0.7874285714285715,0.5825242718446602,0.07884362680683311,0.1650485436893204,17499,0.21675524315675182,118,18,12,6,0.6666666666666666,0.5338983050847458,12.0,0.5950000000000001,4,ppdai_imb77,rf
6,0.15,random,0.7826630027479391,0.6036036036036037,0.07502799552071669,0.2072072072072072,20015,0.2154384211841119,126,19,15,4,0.7894736842105263,0.5793650793650794,15.0,0.6136842105263157,4,ppdai_imb77,rf
7,0.15,random,0.7879795963628299,0.5581395348837209,0.07415036045314109,0.11627906976744186,22543,0.21580978574280266,112,17,11,6,0.6470588235294118,0.4732142857142857,11.0,0.5964705882352943,4,ppdai_imb77,rf
8,0.15,random,0.7855147645650439,0.5384615384615384,0.07727690892364306,0.07692307692307693,25058,0.21713624391411923,128,20,10,10,0.5,0.5625,10.0,0.572,4,ppdai_imb77,rf
9,0.15,random,0.7884336475707034,0.5869565217391305,0.06801007556675064,0.17391304347826086,27580,0.21928934010152284,119,18,13,5,0.7222222222222222,0.5546218487394958,13.0,0.6044444444444445,4,ppdai_imb77,rf
10,0.15,random,0.7852750540136281,0.532967032967033,0.07438650306748466,0.06593406593406594,30081,0.2184767793623882,144,22,14,8,0.6363636363636364,0.5069444444444444,14.0,0.6095454545454545,4,ppdai_imb77,rf
0,0.2,random,0.795,0.625,0.11627906976744186,0.25,5000,0.2248,0,0,0,0,0.0,0.0,0.0,0.0,0,ppdai_imb77,rf
1,0.2,random,0.7889847378898474,0.5689655172413793,0.10122699386503067,0.13793103448275862,7532,0.22490706319702602,114,23,14,9,0.6086956521739131,0.5087719298245614,14.0,0.5695652173913043,0,ppdai_imb77,rf
2,0.2,random,0.7870967741935484,0.5405405405405406,0.09195402298850575,0.08108108108108109,10071,0.22003773210207528,105,21,10,11,0.47619047619047616,0.5714285714285714,10.0,0.5776190476190477,0,ppdai_imb77,rf
3,0.2,random,0.7841269841269841,0.5096153846153846,0.09706959706959707,0.019230769230769232,12599,0.21898563378045877,119,24,15,9,0.625,0.5630252100840336,15.0,0.5666666666666667,0,ppdai_imb77,rf
4,0.2,random,0.7853126033741317,0.5086206896551724,0.09062980030721966,0.017241379310344827,15113,0.21961225435055912,137,28,15,13,0.5357142857142857,0.5693430656934306,15.0,0.6024999999999999,0,ppdai_imb77,rf
5,0.2,random,0.7986386840612593,0.5342465753424658,0.10833333333333334,0.0684931506849315,17630,0.2196256381168463,133,27,13,14,0.48148148148148145,0.49624060150375937,13.0,0.595925925925926,0,ppdai_imb77,rf
6,0.2,random,0.794197867592363,0.5625,0.09551886792452831,0.125,20163,0.21906462331994248,113,23,12,11,0.5217391304347826,0.4247787610619469,12.0,0.58,0,ppdai_imb77,rf
7,0.2,random,0.7925942252589817,0.5574712643678161,0.10093652445369407,0.11494252873563218,22682,0.22140904682126797,131,27,17,10,0.6296296296296297,0.6106870229007634,17.0,0.5522222222222223,0,ppdai_imb77,rf
8,0.2,random,0.779012100773656,0.5028248587570622,0.07982062780269059,0.005649717514124294,25205,0.2198373338623289,125,25,13,12,0.52,0.488,13.0,0.6076,0,ppdai_imb77,rf
9,0.2,random,0.781644428416877,0.5083798882681564,0.07495881383855024,0.01675977653631285,27728,0.21977784189267166,126,26,13,13,0.5,0.5634920634920635,13.0,0.6026923076923077,0,ppdai_imb77,rf
10,0.2,random,0.7896825396825397,0.5208333333333334,0.078125,0.041666666666666664,30239,0.22008002910149146,140,28,20,8,0.7142857142857143,0.5785714285714286,20.0,0.6075000000000002,0,ppdai_imb77,rf
0,0.2,random,0.764,0.6,0.06224066390041494,0.2,5000,0.2366,0,0,0,0,0.0,0.0,0.0,0.0,1,ppdai_imb77,rf
1,0.2,random,0.7599206349206349,0.5,0.06060606060606061,0.0,7558,0.22995501455411485,82,17,7,10,0.4117647058823529,0.4268292682926829,7.0,0.5635294117647058,1,ppdai_imb77,rf
2,0.2,random,0.7611275964391692,0.4634146341463415,0.07966457023060797,-0.07317073170731707,10106,0.23006134969325154,94,19,9,10,0.47368421052631576,0.5638297872340425,9.0,0.5815789473684212,1,ppdai_imb77,rf
3,0.2,random,0.7747035573122529,0.5714285714285714,0.06896551724137931,0.14285714285714285,12646,0.22821445516368813,104,21,11,10,0.5238095238095238,0.5384615384615384,11.0,0.5790476190476189,1,ppdai_imb77,rf
4,0.2,random,0.7795327410332347,0.5543478260869565,0.075,0.10869565217391304,15193,0.2257618640163233,95,19,11,8,0.5789473684210527,0.5684210526315789,11.0,0.5773684210526315,1,ppdai_imb77,rf
5,0.2,random,0.7784363533728479,0.5614035087719298,0.08010012515644556,0.12280701754385964,17714,0.2234390877272214,128,26,15,11,0.5769230769230769,0.546875,15.0,0.6030769230769232,1,ppdai_imb77,rf
6,0.2,random,0.7777777777777778,0.5306122448979592,0.0858085808580858,0.061224489795918366,20250,0.224,109,22,13,9,0.5909090909090909,0.5504587155963303,13.0,0.5768181818181818,1,ppdai_imb77,rf
7,0.2,random,0.7888498683055312,0.4968944099378882,0.08324661810613944,-0.006211180124223602,22778,0.22372464658881377,119,24,13,11,0.5416666666666666,0.5966386554621849,13.0,0.5941666666666666,1,ppdai_imb77,rf
8,0.2,random,0.7843020956899961,0.49710982658959535,0.07889908256880734,-0.005780346820809248,25290,0.2225385527876631,139,28,16,12,0.5714285714285714,0.5467625899280576,16.0,0.6271428571428571,1,ppdai_imb77,rf
9,0.2,random,0.7813117699910153,0.5625,0.08702659145850121,0.125,27824,0.222649511213341,112,23,14,9,0.6086956521739131,0.6339285714285714,14.0,0.5891304347826086,1,ppdai_imb77,rf
10,0.2,random,0.7971659251936069,0.5721925133689839,0.08505564387917329,0.1443850267379679,30341,0.22009821693418147,133,27,16,11,0.5925925925925926,0.631578947368421,16.0,0.5766666666666667,1,ppdai_imb77,rf
0,0.2,random,0.791,0.5471698113207547,0.13551401869158877,0.09433962264150944,5000,0.2286,0,0,0,0,0.0,0.0,0.0,0.0,2,ppdai_imb77,rf
1,0.2,random,0.782145236508994,0.525,0.1268882175226586,0.05,7503,0.22497667599626817,150,30,18,12,0.6,0.5666666666666667,18.0,0.5956666666666667,2,ppdai_imb77,rf
2,0.2,random,0.7948974487243622,0.5384615384615384,0.11750599520383694,0.07692307692307693,9993,0.22145501851295907,167,34,18,16,0.5294117647058824,0.48502994011976047,18.0,0.5929411764705883,2,ppdai_imb77,rf
3,0.2,random,0.7866293034427542,0.5,0.08630393996247655,0.0,12489,0.2176315157338458,159,32,16,16,0.5,0.5345911949685535,16.0,0.57875,2,ppdai_imb77,rf
4,0.2,random,0.8,0.5319148936170213,0.08250825082508251,0.06382978723404255,14996,0.21919178447586024,146,30,16,14,0.5333333333333333,0.5342465753424658,16.0,0.6106666666666667,2,ppdai_imb77,rf
5,0.2,random,0.7875499714448886,0.536,0.08897742363877822,0.072,17507,0.2179128348660536,140,28,14,14,0.5,0.55,14.0,0.5710714285714286,2,ppdai_imb77,rf
6,0.2,random,0.7927590511860175,0.5210084033613446,0.07425149700598803,0.04201680672268908,20022,0.21756068324842673,135,27,12,15,0.4444444444444444,0.5111111111111111,12.0,0.6018518518518519,2,ppdai_imb77,rf
7,0.2,random,0.7909090909090909,0.5446428571428571,0.06400839454354669,0.08928571428571429,22549,0.21819149407956007,120,24,10,14,0.4166666666666667,0.475,10.0,0.62125,2,ppdai_imb77,rf
8,0.2,random,0.7871958516154767,0.5833333333333334,0.06439742410303588,0.16666666666666666,25067,0.2190130450392947,132,27,18,9,0.6666666666666666,0.5833333333333334,18.0,0.6137037037037035,2,ppdai_imb77,rf
9,0.2,random,0.7951414068165337,0.5094339622641509,0.07149161518093557,0.018867924528301886,27577,0.2177901874750698,142,29,19,10,0.6551724137931034,0.5915492957746479,19.0,0.5682758620689655,2,ppdai_imb77,rf
10,0.2,random,0.7835188569529822,0.625,0.07084265473527218,0.25,30092,0.21836368470025255,136,28,16,12,0.5714285714285714,0.5588235294117647,16.0,0.5907142857142859,2,ppdai_imb77,rf
0,0.2,random,0.773,0.5405405405405406,0.08695652173913043,0.08108108108108109,5000,0.2296,0,0,0,0,0.0,0.0,0.0,0.0,3,ppdai_imb77,rf
1,0.2,random,0.7567925778661365,0.5094339622641509,0.07336956521739131,0.018867924528301886,7542,0.2269954919119597,102,21,9,12,0.42857142857142855,0.5294117647058824,9.0,0.5890476190476189,3,ppdai_imb77,rf
2,0.2,random,0.7612903225806451,0.46551724137931033,0.05660377358490566,-0.06896551724137931,10075,0.22451612903225807,113,23,9,14,0.391304347826087,0.5398230088495575,9.0,0.6017391304347826,3,ppdai_imb77,rf
3,0.2,random,0.7678288431061807,0.44285714285714284,0.05363321799307959,-0.11428571428571428,12616,0.22558655675332911,103,21,14,7,0.6666666666666666,0.5339805825242718,14.0,0.580952380952381,3,ppdai_imb77,rf
4,0.2,random,0.7722772277227723,0.5567010309278351,0.07703281027104136,0.1134020618556701,15147,0.22459893048128343,115,23,12,11,0.5217391304347826,0.5304347826086957,12.0,0.6060869565217392,3,ppdai_imb77,rf
5,0.2,random,0.7860175488253609,0.568,0.09184993531694696,0.136,17664,0.2229393115942029,133,27,21,6,0.7777777777777778,0.6165413533834586,21.0,0.5881481481481481,3,ppdai_imb77,rf
6,0.2,random,0.7727722772277228,0.5149253731343284,0.07483731019522777,0.029850746268656716,20196,0.22197464844523668,114,23,18,5,0.782608695652174,0.6140350877192983,18.0,0.6160869565217391,3,ppdai_imb77,rf
7,0.2,random,0.7839383938393839,0.4906832298136646,0.08069458631256383,-0.018633540372670808,22723,0.22100954979536153,121,25,15,10,0.6,0.512396694214876,15.0,0.5860000000000001,3,ppdai_imb77,rf
8,0.2,random,0.786053882725832,0.5492957746478874,0.0712979890310786,0.09859154929577464,25238,0.21947063951184723,135,27,14,13,0.5185185185185185,0.6222222222222222,14.0,0.5822222222222223,3,ppdai_imb77,rf
9,0.2,random,0.7889048991354467,0.5099337748344371,0.06553191489361702,0.019867549668874173,27758,0.21961236400317025,129,26,12,14,0.46153846153846156,0.5581395348837209,12.0,0.6103846153846153,3,ppdai_imb77,rf
10,0.2,random,0.791776750330251,0.5529411764705883,0.07349491790461297,0.10588235294117647,30280,0.21931968295904888,127,26,15,11,0.5769230769230769,0.6299212598425197,15.0,0.5865384615384615,3,ppdai_imb77,rf
0,0.2,random,0.777,0.5384615384615384,0.12334801762114538,0.07692307692307693,5000,0.2324,0,0,0,0,0.0,0.0,0.0,0.0,4,ppdai_imb77,rf
1,0.2,random,0.7698465643762509,0.6140350877192983,0.09776536312849161,0.22807017543859648,7492,0.2251735184196476,164,33,17,16,0.5151515151515151,0.5609756097560976,17.0,0.6157575757575756,4,ppdai_imb77,rf
2,0.2,random,0.7775,0.5384615384615384,0.09312638580931264,0.07692307692307693,9998,0.22394478895779155,147,30,14,16,0.4666666666666667,0.5374149659863946,14.0,0.5826666666666667,4,ppdai_imb77,rf
3,0.2,random,0.7816,0.5789473684210527,0.07885304659498207,0.15789473684210525,12496,0.21814980793854033,157,32,14,18,0.4375,0.5159235668789809,14.0,0.6065625,4,ppdai_imb77,rf
4,0.2,random,0.7865467865467866,0.6631578947368421,0.09375,0.3263157894736842,15012,0.21609379163335998,134,27,16,11,0.5925925925925926,0.5298507462686567,16.0,0.5911111111111111,4,ppdai_imb77,rf
5,0.2,random,0.7840228245363766,0.5619047619047619,0.07662337662337662,0.12380952380952381,17523,0.21731438680591222,141,29,15,14,0.5172413793103449,0.5319148936170213,15.0,0.606551724137931,4,ppdai_imb77,rf
6,0.2,random,0.7851796407185628,0.5833333333333334,0.08720271800679502,0.16666666666666666,20037,0.21600039926136647,137,28,19,9,0.6785714285714286,0.5547445255474452,19.0,0.5982142857142858,4,ppdai_imb77,rf
7,0.2,random,0.7933097031457688,0.6216216216216216,0.071875,0.24324324324324326,22568,0.21601382488479262,116,24,15,9,0.625,0.5431034482758621,15.0,0.585,4,ppdai_imb77,rf
8,0.2,random,0.7874925313682534,0.5620915032679739,0.07918968692449356,0.12418300653594772,25103,0.21762339162649882,111,23,12,11,0.5217391304347826,0.5585585585585585,12.0,0.5991304347826087,4,ppdai_imb77,rf
9,0.2,random,0.7911690191820485,0.5225806451612903,0.06976744186046512,0.04516129032258064,27628,0.21945128130881714,123,25,12,13,0.48,0.5853658536585366,12.0,0.5972,4,ppdai_imb77,rf
10,0.2,random,0.7931663625808592,0.5445026178010471,0.08227848101265822,0.08900523560209424,30145,0.2189086083927683,133,27,16,11,0.5925925925925926,0.47368421052631576,16.0,0.6033333333333333,4,ppdai_imb77,rf
0,0.3,random,0.795,0.625,0.11627906976744186,0.25,5000,0.2248,0,0,0,0,0.0,0.0,0.0,0.0,0,ppdai_imb77,rf
1,0.3,random,0.7886017229953611,0.6545454545454545,0.10714285714285714,0.3090909090909091,7544,0.22560975609756098,114,35,22,13,0.6285714285714286,0.5087719298245614,22.0,0.5794285714285715,0,ppdai_imb77,rf
2,0.3,random,0.7874132804757186,0.5119047619047619,0.09976798143851508,0.023809523809523808,10089,0.2207354544553474,112,34,17,17,0.5,0.5714285714285714,17.0,0.5894117647058823,0,ppdai_imb77,rf
3,0.3,random,0.784639746634996,0.543859649122807,0.11191335740072202,0.08771929824561403,12629,0.219811544857075,119,36,19,17,0.5277777777777778,0.5462184873949579,19.0,0.5725000000000001,0,ppdai_imb77,rf
4,0.3,random,0.7791694133157547,0.5739130434782609,0.09606986899563319,0.14782608695652175,15167,0.22067646864904067,122,37,22,15,0.5945945945945946,0.6065573770491803,22.0,0.5751351351351351,0,ppdai_imb77,rf
5,0.3,random,0.7963276836158192,0.5660377358490566,0.12129380053908356,0.1320754716981132,17697,0.22088489574504153,134,41,21,20,0.5121951219512195,0.48507462686567165,21.0,0.6029268292682928,0,ppdai_imb77,rf
6,0.3,random,0.7853791059520869,0.5548387096774193,0.09706546275395034,0.10967741935483871,20244,0.2202627939142462,109,33,17,16,0.5151515151515151,0.44036697247706424,17.0,0.5790909090909091,0,ppdai_imb77,rf
7,0.3,random,0.794162826420891,0.5057471264367817,0.09361702127659574,0.011494252873563218,22781,0.22264167508011062,124,38,22,16,0.5789473684210527,0.6209677419354839,22.0,0.5907894736842105,0,ppdai_imb77,rf
8,0.3,random,0.7869693978282329,0.5663265306122449,0.10045248868778281,0.1326530612244898,25323,0.22102436520159538,117,36,20,16,0.5555555555555556,0.5299145299145299,20.0,0.5972222222222222,0,ppdai_imb77,rf
9,0.3,random,0.7810480976310122,0.5408163265306123,0.08576051779935275,0.08163265306122448,27859,0.2208980939732223,125,38,22,16,0.5789473684210527,0.608,22.0,0.6089473684210527,0,ppdai_imb77,rf
10,0.3,random,0.780190852254031,0.5135135135135135,0.07084265473527218,0.02702702702702703,30389,0.220968113462108,133,40,24,16,0.6,0.6390977443609023,24.0,0.59825,0,ppdai_imb77,rf
0,0.3,random,0.764,0.6,0.06224066390041494,0.2,5000,0.2366,0,0,0,0,0.0,0.0,0.0,0.0,1,ppdai_imb77,rf
1,0.3,random,0.7661822985468957,0.5238095238095238,0.06179775280898876,0.047619047619047616,7566,0.23010837959291566,82,25,10,15,0.4,0.4268292682926829,10.0,0.5744,1,ppdai_imb77,rf
2,0.3,random,0.7694965449160909,0.5416666666666666,0.0824524312896406,0.08333333333333333,10129,0.2312172968703722,87,27,18,9,0.6666666666666666,0.5517241379310345,18.0,0.6103703703703703,1,ppdai_imb77,rf
3,0.3,random,0.7620173364854216,0.5473684210526316,0.08482871125611746,0.09473684210526316,12686,0.22985968784486835,95,29,18,11,0.6206896551724138,0.5263157894736842,18.0,0.6013793103448276,1,ppdai_imb77,rf
4,0.3,random,0.7859016393442623,0.5636363636363636,0.09295352323838081,0.12727272727272726,15249,0.22722801495180012,87,27,16,11,0.5925925925925926,0.6206896551724138,16.0,0.5914814814814815,1,ppdai_imb77,rf
5,0.3,random,0.7849311217317965,0.5597014925373134,0.09603072983354674,0.11940298507462686,17781,0.22467802710758675,131,40,18,22,0.45,0.5419847328244275,18.0,0.603,1,ppdai_imb77,rf
6,0.3,random,0.780619773733399,0.5241379310344828,0.08453837597330367,0.04827586206896552,20330,0.2250368912936547,106,32,18,14,0.5625,0.5943396226415094,18.0,0.5862499999999999,1,ppdai_imb77,rf
7,0.3,random,0.7729458041958042,0.4678362573099415,0.07782101167315175,-0.06432748538011696,22876,0.22495191467039694,111,34,25,9,0.7352941176470589,0.6486486486486487,25.0,0.5941176470588236,1,ppdai_imb77,rf
8,0.3,random,0.7713498622589532,0.5,0.076592082616179,0.0,25407,0.22395402841736528,132,40,25,15,0.625,0.553030303030303,25.0,0.6045,1,ppdai_imb77,rf
9,0.3,random,0.7695473251028807,0.5265700483091788,0.08391070053887606,0.05314009661835749,27945,0.22390409733404903,122,37,22,15,0.5945945945945946,0.6475409836065574,22.0,0.5675675675675675,1,ppdai_imb77,rf
10,0.3,random,0.7796554552912223,0.6176470588235294,0.07592190889370933,0.23529411764705882,30471,0.22122674017918678,139,42,26,16,0.6190476190476191,0.6690647482014388,26.0,0.5930952380952381,1,ppdai_imb77,rf
0,0.3,random,0.791,0.5471698113207547,0.13551401869158877,0.09433962264150944,5000,0.2286,0,0,0,0,0.0,0.0,0.0,0.0,2,ppdai_imb77,rf
1,0.3,random,0.7852393617021277,0.5555555555555556,0.0911854103343465,0.1111111111111111,7518,0.22519287044426708,150,45,23,22,0.5111111111111111,0.5666666666666667,23.0,0.5822222222222224,2,ppdai_imb77,rf
2,0.3,random,0.7781094527363184,0.40594059405940597,0.09601873536299765,-0.18811881188118812,10048,0.2223328025477707,133,40,23,17,0.575,0.5263157894736842,23.0,0.5987500000000001,2,ppdai_imb77,rf
3,0.3,random,0.7958615200955034,0.5053763440860215,0.0914396887159533,0.010752688172043012,12561,0.2190112252209219,158,48,25,23,0.5208333333333334,0.5189873417721519,25.0,0.5875,2,ppdai_imb77,rf
4,0.3,random,0.7843656840013249,0.5529411764705883,0.07121212121212121,0.10588235294117647,15092,0.22071296050887887,132,40,19,21,0.475,0.5303030303030303,19.0,0.6032500000000001,2,ppdai_imb77,rf
5,0.3,random,0.7881452070334657,0.5147058823529411,0.09320905459387484,0.029411764705882353,17627,0.22006013502013955,127,39,23,16,0.5897435897435898,0.5196850393700787,23.0,0.5861538461538461,2,ppdai_imb77,rf
6,0.3,random,0.7909226190476191,0.512396694214876,0.07328605200945626,0.024793388429752067,20159,0.21965375266630288,131,40,21,19,0.525,0.5343511450381679,21.0,0.59275,2,ppdai_imb77,rf
7,0.3,random,0.785635602555629,0.5483870967741935,0.06903553299492386,0.0967741935483871,22694,0.22005816515378515,126,38,26,12,0.6842105263157895,0.5634920634920635,26.0,0.6092105263157894,2,ppdai_imb77,rf
8,0.3,random,0.7894945490584737,0.5656565656565656,0.10294117647058823,0.13131313131313133,25224,0.22090072946400255,134,41,22,19,0.5365853658536586,0.5447761194029851,22.0,0.591951219512195,2,ppdai_imb77,rf
9,0.3,random,0.7914265129682997,0.6,0.08067226890756303,0.2,27759,0.21971252566735114,127,39,19,20,0.48717948717948717,0.5748031496062992,19.0,0.5753846153846154,2,ppdai_imb77,rf
10,0.3,random,0.7867634923254663,0.5947368421052631,0.08509036144578314,0.18947368421052632,30294,0.22043969102792632,126,38,24,14,0.631578947368421,0.5555555555555556,24.0,0.6057894736842107,2,ppdai_imb77,rf
0,0.3,random,0.773,0.5405405405405406,0.08695652173913043,0.08108108108108109,5000,0.2296,0,0,0,0,0.0,0.0,0.0,0.0,3,ppdai_imb77,rf
1,0.3,random,0.7895433487756452,0.49295774647887325,0.11041009463722397,-0.014084507042253521,7552,0.2276218220338983,102,31,16,15,0.5161290322580645,0.5294117647058824,16.0,0.5877419354838712,3,ppdai_imb77,rf
2,0.3,random,0.7694595934556272,0.5205479452054794,0.0811965811965812,0.0410958904109589,10085,0.22469013386217154,129,39,23,16,0.5897435897435898,0.6046511627906976,23.0,0.588974358974359,3,ppdai_imb77,rf
3,0.3,random,0.7757120253164557,0.5104166666666666,0.08611599297012303,0.020833333333333332,12640,0.2259493670886076,98,30,15,15,0.5,0.5102040816326531,15.0,0.5686666666666667,3,ppdai_imb77,rf
4,0.3,random,0.771993410214168,0.47863247863247865,0.08151382823871907,-0.042735042735042736,15174,0.2243310926584948,128,39,19,20,0.48717948717948717,0.59375,19.0,0.5935897435897435,3,ppdai_imb77,rf
5,0.3,random,0.7837380011293055,0.4765625,0.08026315789473684,-0.046875,17706,0.22308821868293233,130,39,17,22,0.4358974358974359,0.5230769230769231,17.0,0.582820512820513,3,ppdai_imb77,rf
6,0.3,random,0.7809876543209876,0.5476190476190477,0.07675194660734148,0.09523809523809523,20249,0.22257889278482887,115,35,24,11,0.6857142857142857,0.5565217391304348,24.0,0.5948571428571429,3,ppdai_imb77,rf
7,0.3,random,0.7846491228070176,0.4370860927152318,0.06853582554517133,-0.12582781456953643,22796,0.22144235830847517,109,33,16,17,0.48484848484848486,0.5596330275229358,16.0,0.5684848484848485,3,ppdai_imb77,rf
8,0.3,random,0.7858693507006118,0.6068965517241379,0.07885304659498207,0.21379310344827587,25335,0.22064337872508388,121,37,22,15,0.5945945945945946,0.5537190082644629,22.0,0.5972972972972972,3,ppdai_imb77,rf
9,0.3,random,0.7862266857962698,0.5029239766081871,0.07208717518860017,0.005847953216374269,27879,0.22106244843789233,114,35,22,13,0.6285714285714286,0.5789473684210527,22.0,0.5800000000000001,3,ppdai_imb77,rf
10,0.3,random,0.7853033042906461,0.5913978494623656,0.08208955223880597,0.1827956989247312,30411,0.22077537733057118,130,39,27,12,0.6923076923076923,0.6615384615384615,27.0,0.5910256410256409,3,ppdai_imb77,rf
0,0.3,random,0.777,0.5384615384615384,0.12334801762114538,0.07692307692307693,5000,0.2324,0,0,0,0,0.0,0.0,0.0,0.0,4,ppdai_imb77,rf
1,0.3,random,0.762982689747004,0.5,0.0898876404494382,0.0,7509,0.22532960447463043,164,50,22,28,0.44,0.5609756097560976,22.0,0.6082000000000001,4,ppdai_imb77,rf
2,0.3,random,0.7699203187250996,0.5,0.08225108225108226,0.0,10039,0.22462396653053093,134,41,26,15,0.6341463414634146,0.5970149253731343,26.0,0.6029268292682927,4,ppdai_imb77,rf
3,0.3,random,0.7791484281734978,0.5974025974025974,0.08070175438596491,0.19480519480519481,12562,0.21907339595605796,143,43,22,21,0.5116279069767442,0.5524475524475524,22.0,0.5797674418604651,4,ppdai_imb77,rf
4,0.3,random,0.7881496193313472,0.6138613861386139,0.09351432880844646,0.22772277227722773,15101,0.21740282100523145,120,36,19,17,0.5277777777777778,0.5083333333333333,19.0,0.5822222222222222,4,ppdai_imb77,rf
5,0.3,random,0.7913240714488233,0.5579710144927537,0.1023936170212766,0.11594202898550725,17633,0.2187375942834458,130,39,26,13,0.6666666666666666,0.5846153846153846,26.0,0.5717948717948718,4,ppdai_imb77,rf
6,0.3,random,0.7850768468021815,0.5565217391304348,0.07272727272727272,0.11304347826086956,20169,0.2173632802816203,125,38,22,16,0.5789473684210527,0.576,22.0,0.6157894736842106,4,ppdai_imb77,rf
7,0.3,random,0.7877586966094232,0.5205479452054794,0.07835051546391752,0.0410958904109589,22710,0.21730515191545574,118,36,16,20,0.4444444444444444,0.5084745762711864,16.0,0.6022222222222223,4,ppdai_imb77,rf
8,0.3,random,0.7770738467630173,0.5298013245033113,0.07048458149779736,0.059602649006622516,25254,0.21881682109764788,113,34,18,16,0.5294117647058824,0.5752212389380531,18.0,0.6173529411764707,4,ppdai_imb77,rf
9,0.3,random,0.7836720014385902,0.5621301775147929,0.07761437908496732,0.1242603550295858,27803,0.22101931446246809,106,32,19,13,0.59375,0.5660377358490566,19.0,0.5978125,4,ppdai_imb77,rf
10,0.3,random,0.7863853634415692,0.5522388059701493,0.08428246013667426,0.1044776119402985,30331,0.22020375193696218,137,42,22,20,0.5238095238095238,0.5182481751824818,22.0,0.6047619047619048,4,ppdai_imb77,rf
0,0.5,random,0.795,0.625,0.11627906976744186,0.25,5000,0.2248,0,0,0,0,0.0,0.0,0.0,0.0,0,ppdai_imb77,rf
1,0.5,random,0.78665785997358,0.4852941176470588,0.102803738317757,-0.029411764705882353,7566,0.22574676182923606,114,57,28,29,0.49122807017543857,0.5087719298245614,28.0,0.5743859649122808,0,ppdai_imb77,rf
2,0.5,random,0.788746298124383,0.6043956043956044,0.12304250559284116,0.2087912087912088,10129,0.22144338039293118,121,61,33,28,0.5409836065573771,0.5785123966942148,33.0,0.5929508196721313,0,ppdai_imb77,rf
3,0.5,random,0.7774714454509649,0.4789915966386555,0.10178571428571428,-0.04201680672268908,12694,0.22136442413738774,117,59,35,24,0.5932203389830508,0.5384615384615384,35.0,0.5883050847457627,0,ppdai_imb77,rf
4,0.5,random,0.7925270403146509,0.5177304964539007,0.11442006269592477,0.03546099290780142,15253,0.22271028650101618,129,65,45,20,0.6923076923076923,0.627906976744186,45.0,0.6080000000000001,0,ppdai_imb77,rf
5,0.5,random,0.7922515440763616,0.569060773480663,0.134640522875817,0.13812154696132597,17807,0.22288987476834954,139,70,35,35,0.5,0.49640287769784175,35.0,0.5927142857142857,0,ppdai_imb77,rf
6,0.5,random,0.785521472392638,0.5972222222222222,0.09534368070953436,0.19444444444444445,20372,0.22187315923817003,116,58,27,31,0.46551724137931033,0.49137931034482757,27.0,0.5867241379310345,0,ppdai_imb77,rf
7,0.5,random,0.790104620749782,0.5078534031413613,0.10041407867494824,0.015706806282722512,22939,0.22459566676838572,113,57,36,21,0.631578947368421,0.6371681415929203,36.0,0.6105263157894738,0,ppdai_imb77,rf
8,0.5,random,0.7870588235294118,0.5392670157068062,0.09355131698455948,0.07853403141361257,25499,0.2233420918467391,126,63,37,26,0.5873015873015873,0.48412698412698413,37.0,0.5858730158730159,0,ppdai_imb77,rf
9,0.5,random,0.7756193191944395,0.5022421524663677,0.08888888888888889,0.004484304932735426,28052,0.2233708826465136,141,71,33,38,0.4647887323943662,0.5177304964539007,33.0,0.5911267605633802,0,ppdai_imb77,rf
10,0.5,random,0.7858193105701683,0.5189393939393939,0.10370931112793338,0.03787878787878788,30603,0.22360552886971866,145,73,45,28,0.6164383561643836,0.6206896551724138,45.0,0.593972602739726,0,ppdai_imb77,rf
0,0.5,random,0.764,0.6,0.06224066390041494,0.2,5000,0.2366,0,0,0,0,0.0,0.0,0.0,0.0,1,ppdai_imb77,rf
1,0.5,random,0.7666446934739618,0.45652173913043476,0.06,-0.08695652173913043,7582,0.23041413874967026,82,41,16,25,0.3902439024390244,0.4268292682926829,16.0,0.5790243902439024,1,ppdai_imb77,rf
2,0.5,random,0.7790354330708661,0.5230769230769231,0.0752212389380531,0.046153846153846156,10160,0.231496062992126,90,45,25,20,0.5555555555555556,0.5666666666666667,25.0,0.5926666666666667,1,ppdai_imb77,rf
3,0.5,random,0.7710133542812254,0.5816326530612245,0.09515859766277128,0.16326530612244897,12728,0.22988686360779384,111,56,27,29,0.48214285714285715,0.5315315315315315,27.0,0.5775,1,ppdai_imb77,rf
4,0.5,random,0.7654361319830121,0.53125,0.09366391184573003,0.0625,15305,0.22763802678863115,93,47,27,20,0.574468085106383,0.6021505376344086,27.0,0.5808510638297872,1,ppdai_imb77,rf
5,0.5,random,0.7725237828763291,0.5967741935483871,0.0884109916367981,0.1935483870967742,17866,0.22573603492667638,124,62,37,25,0.5967741935483871,0.5725806451612904,37.0,0.607258064516129,1,ppdai_imb77,rf
6,0.5,random,0.7839491069243945,0.5394736842105263,0.09162011173184358,0.07894736842105263,20432,0.22655638214565388,115,58,36,22,0.6206896551724138,0.5652173913043478,36.0,0.5732758620689656,1,ppdai_imb77,rf
7,0.5,random,0.7782608695652173,0.5232558139534884,0.08754863813229571,0.046511627906976744,22996,0.2267350843624978,118,59,35,24,0.5932203389830508,0.576271186440678,35.0,0.5998305084745763,1,ppdai_imb77,rf
8,0.5,random,0.7781256114263354,0.5353535353535354,0.09233449477351917,0.0707070707070707,25554,0.22548329028723488,131,66,31,35,0.4696969696969697,0.5725190839694656,31.0,0.6045454545454545,1,ppdai_imb77,rf
9,0.5,random,0.7733333333333333,0.5135135135135135,0.08899297423887588,0.02702702702702703,28122,0.22580186330986415,111,56,32,24,0.5714285714285714,0.6126126126126126,32.0,0.6033928571428572,1,ppdai_imb77,rf
10,0.5,random,0.779335071707953,0.5655737704918032,0.09956709956709957,0.13114754098360656,30678,0.22345002933698416,135,68,40,28,0.5882352941176471,0.6370370370370371,40.0,0.604264705882353,1,ppdai_imb77,rf
0,0.5,random,0.791,0.5471698113207547,0.13551401869158877,0.09433962264150944,5000,0.2286,0,0,0,0,0.0,0.0,0.0,0.0,2,ppdai_imb77,rf
1,0.5,random,0.7801324503311259,0.5925925925925926,0.138328530259366,0.18518518518518517,7548,0.22708002119766826,150,75,44,31,0.5866666666666667,0.5666666666666667,44.0,0.5956,2,ppdai_imb77,rf
2,0.5,random,0.7991093518060366,0.5480769230769231,0.13701923076923078,0.09615384615384616,10102,0.2242130271233419,138,69,41,28,0.5942028985507246,0.5652173913043478,41.0,0.6040579710144927,2,ppdai_imb77,rf
3,0.5,random,0.7905966021335441,0.5272727272727272,0.10820895522388059,0.05454545454545454,12654,0.22119487908961594,143,72,40,32,0.5555555555555556,0.5594405594405595,40.0,0.5895833333333333,2,ppdai_imb77,rf
4,0.5,random,0.7882971729125575,0.5826771653543307,0.11127819548872181,0.16535433070866143,15207,0.223186690339975,140,70,35,35,0.5,0.5071428571428571,35.0,0.6128571428571429,2,ppdai_imb77,rf
5,0.5,random,0.7870005627462014,0.62,0.11727616645649433,0.24,17769,0.22257864820755247,122,61,31,30,0.5081967213114754,0.5,31.0,0.5901639344262296,2,ppdai_imb77,rf
6,0.5,random,0.789033685763462,0.5933333333333334,0.10045146726862303,0.18666666666666668,20332,0.22260476096793233,120,60,36,24,0.6,0.525,36.0,0.6031666666666666,2,ppdai_imb77,rf
7,0.5,random,0.7879912663755458,0.5454545454545454,0.09127789046653144,0.09090909090909091,22897,0.2230859937983142,116,58,32,26,0.5517241379310345,0.5258620689655172,32.0,0.6039655172413794,2,ppdai_imb77,rf
8,0.5,random,0.7882537811824789,0.615819209039548,0.09740840035746202,0.23163841807909605,25451,0.22427409532041964,139,70,45,25,0.6428571428571429,0.5323741007194245,45.0,0.6038571428571429,2,ppdai_imb77,rf
9,0.5,random,0.7811495894323456,0.54,0.08695652173913043,0.08,28006,0.2232735842319503,137,69,44,25,0.6376811594202898,0.583941605839416,44.0,0.582463768115942,2,ppdai_imb77,rf
10,0.5,random,0.7768689677735973,0.5669642857142857,0.09110473457675754,0.13392857142857142,30562,0.22380734245141023,135,68,39,29,0.5735294117647058,0.5703703703703704,39.0,0.5954411764705881,2,ppdai_imb77,rf
0,0.5,random,0.773,0.5405405405405406,0.08695652173913043,0.08108108108108109,5000,0.2296,0,0,0,0,0.0,0.0,0.0,0.0,3,ppdai_imb77,rf
1,0.5,random,0.7768976897689769,0.4857142857142857,0.10119047619047619,-0.02857142857142857,7572,0.2286053882725832,102,51,28,23,0.5490196078431373,0.5294117647058824,28.0,0.5813725490196079,3,ppdai_imb77,rf
2,0.5,random,0.773938795656466,0.4897959183673469,0.10526315789473684,-0.02040816326530612,10126,0.22694054908157218,139,70,47,23,0.6714285714285714,0.5899280575539568,47.0,0.6038571428571428,3,ppdai_imb77,rf
3,0.5,random,0.764381402679275,0.4608695652173913,0.0899830220713073,-0.0782608695652174,12689,0.22751989912522658,121,61,27,34,0.4426229508196721,0.5206611570247934,27.0,0.5942622950819674,3,ppdai_imb77,rf
4,0.5,random,0.7852459016393443,0.5298507462686567,0.10708898944193061,0.05970149253731343,15249,0.22657223424486853,127,64,40,24,0.625,0.6062992125984252,40.0,0.6018749999999999,3,ppdai_imb77,rf
5,0.5,random,0.7798989331836047,0.5416666666666666,0.09798994974874371,0.08333333333333333,17810,0.2257720381807973,124,62,32,30,0.5161290322580645,0.5080645161290323,32.0,0.5808064516129032,3,ppdai_imb77,rf
6,0.5,random,0.7803680981595092,0.5510204081632653,0.08901098901098901,0.10204081632653061,20371,0.2250748613224682,125,63,35,28,0.5555555555555556,0.544,35.0,0.5996825396825397,3,ppdai_imb77,rf
7,0.5,random,0.783129904097646,0.5276073619631901,0.08565737051792828,0.05521472392638037,22936,0.22418904778514126,116,58,31,27,0.5344827586206896,0.5172413793103449,31.0,0.5779310344827586,3,ppdai_imb77,rf
8,0.5,random,0.7837254901960784,0.5051020408163265,0.08959276018099548,0.01020408163265306,25499,0.2233420918467391,120,60,33,27,0.55,0.5583333333333333,33.0,0.597,3,ppdai_imb77,rf
9,0.5,random,0.790589912671538,0.5188679245283019,0.09298393913778528,0.03773584905660377,28053,0.223398566998182,138,69,37,32,0.5362318840579711,0.5942028985507246,37.0,0.6005797101449275,3,ppdai_imb77,rf
10,0.5,random,0.7830774256778831,0.47368421052631576,0.08897338403041825,-0.05263157894736842,30610,0.22329304148970924,133,67,39,28,0.582089552238806,0.6090225563909775,39.0,0.5807462686567165,3,ppdai_imb77,rf
0,0.5,random,0.777,0.5384615384615384,0.12334801762114538,0.07692307692307693,5000,0.2324,0,0,0,0,0.0,0.0,0.0,0.0,4,ppdai_imb77,rf
1,0.5,random,0.7620941020543406,0.4931506849315068,0.1005586592178771,-0.0136986301369863,7541,0.2280864606816072,164,82,50,32,0.6097560975609756,0.5609756097560976,50.0,0.616829268292683,4,ppdai_imb77,rf
2,0.5,random,0.7786032689450223,0.5172413793103449,0.1,0.034482758620689655,10093,0.22738531655602892,142,71,43,28,0.6056338028169014,0.5985915492957746,43.0,0.5974647887323943,4,ppdai_imb77,rf
3,0.5,random,0.7898694103680254,0.5764705882352941,0.0900735294117647,0.15294117647058825,12634,0.22194079468101946,164,82,36,46,0.43902439024390244,0.49390243902439024,36.0,0.6184146341463416,4,ppdai_imb77,rf
4,0.5,random,0.7840684660961159,0.5405405405405406,0.09022556390977443,0.08108108108108109,15187,0.21946401527622308,141,71,39,32,0.5492957746478874,0.5886524822695035,39.0,0.5966197183098592,4,ppdai_imb77,rf
5,0.5,random,0.7788732394366197,0.5639097744360902,0.09351620947630923,0.12781954887218044,17746,0.22083849881663473,129,65,38,27,0.5846153846153846,0.5891472868217055,38.0,0.5904615384615385,4,ppdai_imb77,rf
6,0.5,random,0.7862595419847328,0.5633802816901409,0.09029345372460497,0.1267605633802817,20305,0.21955183452351637,128,64,35,29,0.546875,0.5703125,35.0,0.61640625,4,ppdai_imb77,rf
7,0.5,random,0.7866200262352426,0.5818181818181818,0.09571286141575275,0.16363636363636364,22867,0.2192242095596274,122,61,27,34,0.4426229508196721,0.5491803278688525,27.0,0.5818032786885245,4,ppdai_imb77,rf
8,0.5,random,0.7753096127383526,0.6047904191616766,0.08573853989813243,0.20958083832335328,25431,0.22071487554559396,118,59,37,22,0.6271186440677966,0.635593220338983,37.0,0.5793220338983052,4,ppdai_imb77,rf
9,0.5,random,0.7858928571428572,0.5333333333333333,0.09233305853256389,0.06666666666666667,27996,0.22274610658665522,117,59,31,28,0.5254237288135594,0.5811965811965812,31.0,0.5889830508474575,4,ppdai_imb77,rf
10,0.5,random,0.7849779086892489,0.5276381909547738,0.07924528301886792,0.05527638190954774,30554,0.22203312168619493,131,66,37,29,0.5606060606060606,0.549618320610687,37.0,0.6001515151515151,4,ppdai_imb77,rf
0,0.75,random,0.795,0.625,0.11627906976744186,0.25,5000,0.2248,0,0,0,0,0.0,0.0,0.0,0.0,0,ppdai_imb77,rf
1,0.75,random,0.7873601053324556,0.5555555555555556,0.10606060606060606,0.1111111111111111,7595,0.22672811059907835,114,86,42,44,0.4883720930232558,0.5087719298245614,42.0,0.5772093023255814,0,ppdai_imb77,rf
2,0.75,random,0.795387634936212,0.5368421052631579,0.12028301886792453,0.07368421052631578,10189,0.22298557267641575,119,90,47,43,0.5222222222222223,0.5798319327731093,47.0,0.5825555555555556,0,ppdai_imb77,rf
3,0.75,random,0.7660406885758998,0.5403225806451613,0.11019736842105263,0.08064516129032258,12780,0.22308294209702662,131,99,51,48,0.5151515151515151,0.5114503816793893,51.0,0.5802020202020203,0,ppdai_imb77,rf
4,0.75,random,0.7782113821138211,0.5838926174496645,0.12305516265912306,0.16778523489932887,15372,0.22508456934686444,127,96,62,34,0.6458333333333334,0.5984251968503937,62.0,0.5927083333333334,0,ppdai_imb77,rf
5,0.75,random,0.784521158129176,0.592814371257485,0.12298136645962733,0.18562874251497005,17960,0.22533407572383074,142,107,48,59,0.4485981308411215,0.47183098591549294,48.0,0.5994392523364486,0,ppdai_imb77,rf
6,0.75,random,0.7847762645914397,0.5555555555555556,0.09966777408637874,0.1111111111111111,20560,0.22456225680933853,95,72,34,38,0.4722222222222222,0.47368421052631576,34.0,0.5959722222222222,0,ppdai_imb77,rf
7,0.75,random,0.7833693304535637,0.5424528301886793,0.11263467189030363,0.08490566037735849,23149,0.22739643181130934,136,102,66,36,0.6470588235294118,0.6397058823529411,66.0,0.5970588235294116,0,ppdai_imb77,rf
8,0.75,random,0.7766556612934551,0.5871559633027523,0.10774410774410774,0.1743119266055046,25744,0.225955562461156,115,87,43,44,0.4942528735632184,0.4956521739130435,43.0,0.5954022988505747,0,ppdai_imb77,rf
9,0.75,random,0.7750529287226535,0.5510204081632653,0.10384615384615385,0.10204081632653061,28337,0.22606486219430427,120,90,48,42,0.5333333333333333,0.5833333333333334,48.0,0.6062222222222222,0,ppdai_imb77,rf
10,0.75,random,0.779017135467184,0.5759717314487632,0.11560283687943262,0.1519434628975265,30929,0.22671279381809953,124,93,64,29,0.6881720430107527,0.6451612903225806,64.0,0.6133333333333335,0,ppdai_imb77,rf
0,0.75,random,0.764,0.6,0.06224066390041494,0.2,5000,0.2366,0,0,0,0,0.0,0.0,0.0,0.0,1,ppdai_imb77,rf
1,0.75,random,0.7685733070348455,0.5,0.07102272727272728,0.0,7603,0.23082993555175588,82,62,24,38,0.3870967741935484,0.4268292682926829,24.0,0.5675806451612903,1,ppdai_imb77,rf
2,0.75,random,0.7781586679725759,0.5641025641025641,0.09503239740820735,0.1282051282051282,10206,0.233098177542622,82,62,38,24,0.6129032258064516,0.5487804878048781,38.0,0.5932258064516129,1,ppdai_imb77,rf
3,0.75,random,0.7762592737212026,0.5444444444444444,0.08433734939759036,0.08888888888888889,12802,0.23191688798625215,110,83,41,42,0.4939759036144578,0.5181818181818182,41.0,0.5826506024096385,1,ppdai_imb77,rf
4,0.75,random,0.7789678675754625,0.6132075471698113,0.09219858156028368,0.22641509433962265,15402,0.23022984028048304,93,70,43,27,0.6142857142857143,0.5698924731182796,43.0,0.5845714285714285,1,ppdai_imb77,rf
5,0.75,random,0.7863888888888889,0.5942028985507246,0.10314465408805032,0.18840579710144928,17997,0.22870478413068845,115,87,54,33,0.6206896551724138,0.5826086956521739,54.0,0.5932183908045977,1,ppdai_imb77,rf
6,0.75,random,0.7751335599805731,0.5056818181818182,0.09590517241379311,0.011363636363636364,20590,0.2294803302574065,123,93,52,41,0.5591397849462365,0.5528455284552846,52.0,0.5968817204301075,1,ppdai_imb77,rf
7,0.75,random,0.7852059521242183,0.5656565656565656,0.1095890410958904,0.13131313131313133,23185,0.2298037524261376,115,87,60,27,0.6896551724137931,0.6521739130434783,60.0,0.6180459770114942,1,ppdai_imb77,rf
8,0.75,random,0.7827352085354026,0.538135593220339,0.11159929701230228,0.07627118644067797,25774,0.2289516567083107,136,102,54,48,0.5294117647058824,0.5367647058823529,54.0,0.6136274509803922,1,ppdai_imb77,rf
9,0.75,random,0.7748986426934602,0.5241635687732342,0.10930232558139535,0.048327137546468404,28365,0.2294729420059933,130,98,57,41,0.5816326530612245,0.5615384615384615,57.0,0.5996938775510203,1,ppdai_imb77,rf
10,0.75,random,0.7869487966402843,0.5698924731182796,0.1170839469808542,0.13978494623655913,30953,0.22747391206022033,140,105,69,36,0.6571428571428571,0.6285714285714286,69.0,0.5956190476190475,1,ppdai_imb77,rf
0,0.75,random,0.791,0.5471698113207547,0.13551401869158877,0.09433962264150944,5000,0.2286,0,0,0,0,0.0,0.0,0.0,0.0,2,ppdai_imb77,rf
1,0.75,random,0.7812911725955204,0.5294117647058824,0.10714285714285714,0.058823529411764705,7586,0.22831531769048247,150,113,62,51,0.5486725663716814,0.5666666666666667,62.0,0.5960176991150442,2,ppdai_imb77,rf
2,0.75,random,0.8024570024570025,0.5052631578947369,0.11910669975186104,0.010526315789473684,10173,0.2258920672368033,145,109,57,52,0.5229357798165137,0.5448275862068965,57.0,0.5935779816513762,2,ppdai_imb77,rf
3,0.75,random,0.8040752351097179,0.5961538461538461,0.11923076923076924,0.19230769230769232,12756,0.22342427093132644,161,121,72,49,0.5950413223140496,0.5838509316770186,72.0,0.5950413223140496,2,ppdai_imb77,rf
4,0.75,random,0.788599348534202,0.527027027027027,0.1187214611872146,0.05405405405405406,15349,0.2254870024105805,120,90,44,46,0.4888888888888889,0.5333333333333333,44.0,0.598,2,ppdai_imb77,rf
5,0.75,random,0.8007246376811594,0.5740740740740741,0.12584573748308525,0.14814814814814814,17939,0.22487318133675233,132,99,57,42,0.5757575757575758,0.5681818181818182,57.0,0.6043434343434343,2,ppdai_imb77,rf
6,0.75,random,0.789627465303141,0.5235294117647059,0.10206422018348624,0.047058823529411764,20531,0.2249281574204861,127,96,51,45,0.53125,0.5118110236220472,51.0,0.59375,2,ppdai_imb77,rf
7,0.75,random,0.7876756756756756,0.5947368421052631,0.11100196463654224,0.18947368421052632,23124,0.22556651098425878,122,92,49,43,0.532608695652174,0.5081967213114754,49.0,0.6105434782608696,2,ppdai_imb77,rf
8,0.75,random,0.7814505152634649,0.5323383084577115,0.09410729991204925,0.06467661691542288,25714,0.22656918410204557,135,102,51,51,0.5,0.5185185185185185,51.0,0.5893137254901961,2,ppdai_imb77,rf
9,0.75,random,0.7822324267043448,0.5420560747663551,0.09272581934452438,0.08411214953271028,28308,0.22562526494277235,117,88,57,31,0.6477272727272727,0.6581196581196581,57.0,0.5972727272727272,2,ppdai_imb77,rf
10,0.75,random,0.7820388349514563,0.522633744855967,0.093519882179676,0.04526748971193416,30898,0.2261958702828662,133,100,57,43,0.57,0.6015037593984962,57.0,0.5972,2,ppdai_imb77,rf
0,0.75,random,0.773,0.5405405405405406,0.08695652173913043,0.08108108108108109,5000,0.2296,0,0,0,0,0.0,0.0,0.0,0.0,3,ppdai_imb77,rf
1,0.75,random,0.775,0.47540983606557374,0.0855457227138643,-0.04918032786885246,7598,0.22953408791787314,102,77,41,36,0.5324675324675324,0.5294117647058824,41.0,0.5746753246753248,3,ppdai_imb77,rf
2,0.75,random,0.7660617949975478,0.5,0.09433962264150944,0.0,10191,0.2286331076439996,121,91,55,36,0.6043956043956044,0.5867768595041323,55.0,0.6031868131868132,3,ppdai_imb77,rf
3,0.75,random,0.7829487680876026,0.5079365079365079,0.11490125673249552,0.015873015873015872,12785,0.22980054751662105,116,87,53,34,0.6091954022988506,0.603448275862069,53.0,0.5803448275862069,3,ppdai_imb77,rf
4,0.75,random,0.7697560975609756,0.5078125,0.09154929577464789,0.015625,15373,0.22916802185650165,140,105,65,40,0.6190476190476191,0.6071428571428571,65.0,0.5911428571428572,3,ppdai_imb77,rf
5,0.75,random,0.7790147509045366,0.536144578313253,0.11042183622828784,0.07228915662650602,17965,0.2283328694684108,126,95,48,47,0.5052631578947369,0.5238095238095238,48.0,0.5964210526315789,3,ppdai_imb77,rf
6,0.75,random,0.7823972769268174,0.550561797752809,0.10733844468784227,0.10112359550561797,20561,0.2278099314235689,111,84,44,40,0.5238095238095238,0.5315315315315315,44.0,0.605952380952381,3,ppdai_imb77,rf
7,0.75,random,0.7844957892463831,0.5628140703517588,0.10948191593352884,0.12562814070351758,23155,0.22677607428201252,119,90,53,37,0.5888888888888889,0.6050420168067226,53.0,0.5886666666666667,3,ppdai_imb77,rf
8,0.75,random,0.7829126213592233,0.5515463917525774,0.09402460456942004,0.10309278350515463,25748,0.22611464968152867,122,92,51,41,0.5543478260869565,0.5491803278688525,51.0,0.6064130434782607,3,ppdai_imb77,rf
9,0.75,random,0.7942836979534227,0.5960591133004927,0.1004149377593361,0.1921182266009852,28340,0.226393789696542,125,94,58,36,0.6170212765957447,0.648,58.0,0.6086170212765958,3,ppdai_imb77,rf
10,0.75,random,0.7840284513417394,0.5541125541125541,0.0940484937545922,0.10822510822510822,30929,0.22661579747162858,137,103,67,36,0.6504854368932039,0.6131386861313869,67.0,0.5933980582524273,3,ppdai_imb77,rf
0,0.75,random,0.777,0.5384615384615384,0.12334801762114538,0.07692307692307693,5000,0.2324,0,0,0,0,0.0,0.0,0.0,0.0,4,ppdai_imb77,rf
1,0.75,random,0.7804878048780488,0.5652173913043478,0.11403508771929824,0.13043478260869565,7582,0.22962279082036402,164,123,71,52,0.5772357723577236,0.5609756097560976,71.0,0.6068292682926828,4,ppdai_imb77,rf
2,0.75,random,0.7699115044247787,0.5384615384615384,0.11764705882352941,0.07692307692307693,10168,0.22915027537372148,149,112,59,53,0.5267857142857143,0.5838926174496645,59.0,0.6080357142857142,4,ppdai_imb77,rf
3,0.75,random,0.7785182281458252,0.6179775280898876,0.09385665529010238,0.23595505617977527,12755,0.22453939631517053,145,109,49,60,0.44954128440366975,0.47586206896551725,49.0,0.6137614678899082,4,ppdai_imb77,rf
4,0.75,random,0.7888563049853372,0.5562913907284768,0.12631578947368421,0.11258278145695365,15345,0.22274356467904854,133,100,52,48,0.52,0.5338345864661654,52.0,0.5907000000000001,4,ppdai_imb77,rf
5,0.75,random,0.7720178372352285,0.5816993464052288,0.1055753262158956,0.16339869281045752,17936,0.2246877787689563,131,99,55,44,0.5555555555555556,0.5114503816793893,55.0,0.6072727272727273,4,ppdai_imb77,rf
6,0.75,random,0.7903068679980516,0.5978835978835979,0.12583518930957685,0.19576719576719576,20526,0.22347266881028938,135,102,57,45,0.5588235294117647,0.5703703703703704,57.0,0.6203921568627452,4,ppdai_imb77,rf
7,0.75,random,0.7759515570934256,0.5824175824175825,0.09943714821763602,0.16483516483516483,23118,0.22337572454364565,127,96,46,50,0.4791666666666667,0.5039370078740157,46.0,0.5967708333333334,4,ppdai_imb77,rf
8,0.75,random,0.7868533644496305,0.5921787709497207,0.09388839681133747,0.18435754189944134,25708,0.22491053368601213,132,99,54,45,0.5454545454545454,0.5606060606060606,54.0,0.5997979797979798,4,ppdai_imb77,rf
9,0.75,random,0.7837455830388692,0.5745614035087719,0.1041335453100159,0.14912280701754385,28300,0.22703180212014135,126,95,49,46,0.5157894736842106,0.5238095238095238,49.0,0.6047368421052632,4,ppdai_imb77,rf
10,0.75,random,0.7834601068134003,0.54296875,0.10220588235294117,0.0859375,30891,0.2264737302126833,128,96,56,40,0.5833333333333334,0.53125,56.0,0.60125,4,ppdai_imb77,rf
0,1.0,random,0.795,0.625,0.11627906976744186,0.25,5000,0.2248,0,0,0,0,0.0,0.0,0.0,0.0,0,ppdai_imb77,rf
1,1.0,random,0.7731147540983606,0.5614035087719298,0.0906515580736544,0.12280701754385964,7623,0.227994227994228,114,114,58,56,0.5087719298245614,0.5087719298245614,58.0,0.5797368421052632,0,ppdai_imb77,rf
2,1.0,random,0.7824390243902439,0.5576923076923077,0.12663755458515283,0.11538461538461539,10246,0.22545383564317784,106,106,66,40,0.6226415094339622,0.6226415094339622,66.0,0.5891509433962264,0,ppdai_imb77,rf
3,1.0,random,0.7801087801087802,0.5462184873949579,0.11265164644714037,0.09243697478991597,12869,0.22573626544409045,113,113,67,46,0.5929203539823009,0.5929203539823009,67.0,0.5913274336283186,0,ppdai_imb77,rf
4,1.0,random,0.7773475314617618,0.5602409638554217,0.13098591549295774,0.12048192771084337,15492,0.22773044151820293,150,150,97,53,0.6466666666666666,0.6466666666666666,97.0,0.5915333333333332,0,ppdai_imb77,rf
5,1.0,random,0.7758763455699696,0.5786516853932584,0.12261904761904761,0.15730337078651685,18115,0.22820866685067623,124,124,66,58,0.532258064516129,0.532258064516129,66.0,0.6042741935483872,0,ppdai_imb77,rf
6,1.0,random,0.7767598842815815,0.5760869565217391,0.1111111111111111,0.15217391304347827,20738,0.2273604011958723,91,91,43,48,0.4725274725274725,0.4725274725274725,43.0,0.5981318681318681,0,ppdai_imb77,rf
7,1.0,random,0.7823667879306655,0.5954545454545455,0.12370160528800755,0.19090909090909092,23361,0.23042677967552758,129,129,85,44,0.6589147286821705,0.6589147286821705,85.0,0.5931007751937986,0,ppdai_imb77,rf
8,1.0,random,0.7729459303444295,0.5674603174603174,0.11779242174629324,0.1349206349206349,25984,0.22898706896551724,109,109,57,52,0.5229357798165137,0.5229357798165137,57.0,0.5991743119266055,0,ppdai_imb77,rf
9,1.0,random,0.7750786438308284,0.5474452554744526,0.11424219345011424,0.0948905109489051,28607,0.2293494599223966,120,120,65,55,0.5416666666666666,0.5416666666666666,65.0,0.5970833333333334,0,ppdai_imb77,rf
10,1.0,random,0.781940441882805,0.6146179401993356,0.12928022361984626,0.2292358803986711,31230,0.23000320204931157,129,129,84,45,0.6511627906976745,0.6511627906976745,84.0,0.61,0,ppdai_imb77,rf
0,1.0,random,0.764,0.6,0.06224066390041494,0.2,5000,0.2366,0,0,0,0,0.0,0.0,0.0,0.0,1,ppdai_imb77,rf
1,1.0,random,0.761311475409836,0.3877551020408163,0.053824362606232294,-0.22448979591836735,7623,0.23166732257641348,82,82,35,47,0.4268292682926829,0.4268292682926829,35.0,0.5719512195121951,1,ppdai_imb77,rf
2,1.0,random,0.771219512195122,0.4883720930232558,0.08993576017130621,-0.023255813953488372,10246,0.23394495412844038,99,99,56,43,0.5656565656565656,0.5656565656565656,56.0,0.5988888888888889,1,ppdai_imb77,rf
3,1.0,random,0.7622377622377622,0.5591397849462365,0.08346709470304976,0.11827956989247312,12869,0.23335146476027663,118,118,61,57,0.5169491525423728,0.5169491525423728,61.0,0.5816949152542374,1,ppdai_imb77,rf
4,1.0,random,0.7647628267182962,0.5,0.09876543209876543,0.0,15492,0.23173250710043894,89,89,51,38,0.5730337078651685,0.5730337078651685,51.0,0.5852808988764044,1,ppdai_imb77,rf
5,1.0,random,0.7634556996963842,0.5170068027210885,0.08816705336426914,0.034013605442176874,18115,0.2303615788020977,102,102,60,42,0.5882352941176471,0.5882352941176471,60.0,0.608529411764706,1,ppdai_imb77,rf
6,1.0,random,0.7731436837029894,0.5628415300546448,0.10684647302904564,0.12568306010928962,20738,0.23136271578744333,102,102,55,47,0.5392156862745098,0.5392156862745098,55.0,0.5997058823529411,1,ppdai_imb77,rf
7,1.0,random,0.7695270704044511,0.48132780082987553,0.10861423220973783,-0.03734439834024896,23361,0.2318393904370532,110,110,72,38,0.6545454545454545,0.6545454545454545,72.0,0.599090909090909,1,ppdai_imb77,rf
8,1.0,random,0.7731383490475274,0.5843621399176955,0.11639344262295082,0.16872427983539096,25984,0.2312192118226601,138,138,79,59,0.572463768115942,0.572463768115942,79.0,0.6161594202898549,1,ppdai_imb77,rf
9,1.0,random,0.7743795875567984,0.5674740484429066,0.12330827067669173,0.13494809688581316,28607,0.2318313699444192,120,120,70,50,0.5833333333333334,0.5833333333333334,70.0,0.60075,1,ppdai_imb77,rf
10,1.0,random,0.7760166506564201,0.5952380952380952,0.12027491408934708,0.19047619047619047,31230,0.23000320204931157,141,141,91,50,0.6453900709219859,0.6453900709219859,91.0,0.6011347517730495,1,ppdai_imb77,rf
0,1.0,random,0.791,0.5471698113207547,0.13551401869158877,0.09433962264150944,5000,0.2286,0,0,0,0,0.0,0.0,0.0,0.0,2,ppdai_imb77,rf
1,1.0,random,0.7895081967213115,0.5294117647058824,0.13803680981595093,0.058823529411764705,7623,0.23022432113341204,150,150,85,65,0.5666666666666667,0.5666666666666667,85.0,0.5896666666666668,2,ppdai_imb77,rf
2,1.0,random,0.7926829268292683,0.5263157894736842,0.13921113689095127,0.05263157894736842,10246,0.22867460472379464,164,164,82,82,0.5,0.5,82.0,0.601280487804878,2,ppdai_imb77,rf
3,1.0,random,0.7886557886557887,0.5714285714285714,0.1349911190053286,0.14285714285714285,12869,0.2266687388297459,138,138,82,56,0.5942028985507246,0.5942028985507246,82.0,0.5965217391304347,2,ppdai_imb77,rf
4,1.0,random,0.7879961277831559,0.591715976331361,0.14534883720930233,0.1834319526627219,15492,0.22902143041569842,137,137,76,61,0.5547445255474452,0.5547445255474452,76.0,0.61,2,ppdai_imb77,rf
5,1.0,random,0.7808446039194038,0.6428571428571429,0.14823529411764705,0.2857142857142857,18115,0.22848468120342258,133,133,76,57,0.5714285714285714,0.5714285714285714,76.0,0.5974436090225563,2,ppdai_imb77,rf
6,1.0,random,0.7880906460945034,0.5585106382978723,0.11653718091009989,0.11702127659574468,20738,0.22842125566592728,124,124,62,62,0.5,0.5,62.0,0.6075806451612904,2,ppdai_imb77,rf
7,1.0,random,0.7900706184463941,0.5720930232558139,0.12154150197628459,0.14418604651162792,23361,0.22892855614057617,101,101,52,49,0.5148514851485149,0.5148514851485149,52.0,0.6062376237623761,2,ppdai_imb77,rf
8,1.0,random,0.7735231864537233,0.570281124497992,0.11716171617161716,0.14056224899598393,25984,0.2300261699507389,135,135,70,65,0.5185185185185185,0.5185185185185185,70.0,0.6008888888888889,2,ppdai_imb77,rf
9,1.0,random,0.7768262845159035,0.5590551181102362,0.10864575363427698,0.11811023622047244,28607,0.22924459048484636,110,110,62,48,0.5636363636363636,0.5636363636363636,62.0,0.5903636363636363,2,ppdai_imb77,rf
10,1.0,random,0.7800192122958693,0.584717607973422,0.12350877192982457,0.16943521594684385,31230,0.23000320204931157,133,133,70,63,0.5263157894736842,0.5263157894736842,70.0,0.6092481203007519,2,ppdai_imb77,rf
0,1.0,random,0.773,0.5405405405405406,0.08695652173913043,0.08108108108108109,5000,0.2296,0,0,0,0,0.0,0.0,0.0,0.0,3,ppdai_imb77,rf
1,1.0,random,0.7691803278688525,0.5483870967741935,0.09497206703910614,0.0967741935483871,7623,0.23048668503213957,102,102,54,48,0.5294117647058824,0.5294117647058824,54.0,0.5893137254901961,3,ppdai_imb77,rf
2,1.0,random,0.78,0.5104166666666666,0.10816777041942605,0.020833333333333332,10246,0.23023618973257856,105,105,61,44,0.580952380952381,0.580952380952381,61.0,0.5904761904761906,3,ppdai_imb77,rf
3,1.0,random,0.7793317793317793,0.5233644859813084,0.09773123909249563,0.04672897196261682,12869,0.23187504856632216,102,102,50,52,0.49019607843137253,0.49019607843137253,50.0,0.589313725490196,3,ppdai_imb77,rf
4,1.0,random,0.7679896740884156,0.5217391304347826,0.0993103448275862,0.043478260869565216,15492,0.23166795765556417,109,109,60,49,0.5504587155963303,0.5504587155963303,60.0,0.5910091743119268,3,ppdai_imb77,rf
5,1.0,random,0.7631796853436379,0.4972972972972973,0.1073512252042007,-0.005405405405405406,18115,0.2310792161192382,141,141,85,56,0.6028368794326241,0.6028368794326241,85.0,0.5878014184397162,3,ppdai_imb77,rf
6,1.0,random,0.7772420443587271,0.5474137931034483,0.13424947145877378,0.09482758620689655,20738,0.23063940592149676,132,132,70,62,0.5303030303030303,0.5303030303030303,70.0,0.5913636363636364,3,ppdai_imb77,rf
7,1.0,random,0.7817248020543548,0.5877192982456141,0.12641509433962264,0.17543859649122806,23361,0.22982749026154703,119,119,64,55,0.5378151260504201,0.5378151260504201,64.0,0.5857142857142856,3,ppdai_imb77,rf
8,1.0,random,0.78410621512411,0.5538461538461539,0.12521739130434784,0.1076923076923077,25984,0.2292179802955665,117,117,67,50,0.5726495726495726,0.5726495726495726,67.0,0.5988034188034187,3,ppdai_imb77,rf
9,1.0,random,0.7860887801468018,0.5797665369649806,0.11778656126482213,0.15953307392996108,28607,0.22976893767259762,131,131,84,47,0.6412213740458015,0.6412213740458015,84.0,0.6041984732824428,3,ppdai_imb77,rf
10,1.0,random,0.7861031059878322,0.6,0.11447084233261338,0.2,31230,0.23000320204931157,122,122,79,43,0.6475409836065574,0.6475409836065574,79.0,0.6077868852459015,3,ppdai_imb77,rf
0,1.0,random,0.777,0.5384615384615384,0.12334801762114538,0.07692307692307693,5000,0.2324,0,0,0,0,0.0,0.0,0.0,0.0,4,ppdai_imb77,rf
1,1.0,random,0.7652459016393443,0.49382716049382713,0.11204481792717087,-0.012345679012345678,7623,0.2311425947789584,164,164,92,72,0.5609756097560976,0.5609756097560976,92.0,0.6103048780487805,4,ppdai_imb77,rf
2,1.0,random,0.7790243902439025,0.49586776859504134,0.13274336283185842,-0.008264462809917356,10246,0.23218817099355846,149,149,83,66,0.5570469798657718,0.5570469798657718,83.0,0.6114093959731544,4,ppdai_imb77,rf
3,1.0,random,0.782051282051282,0.5350877192982456,0.10720562390158173,0.07017543859649122,12869,0.2279120366772865,144,144,69,75,0.4791666666666667,0.4791666666666667,69.0,0.6067361111111111,4,ppdai_imb77,rf
4,1.0,random,0.7763794772507261,0.6187050359712231,0.1184573002754821,0.23741007194244604,15492,0.22631035373095792,133,133,72,61,0.5413533834586466,0.5413533834586466,72.0,0.5973684210526315,4,ppdai_imb77,rf
5,1.0,random,0.7869169196798234,0.654320987654321,0.12895377128953772,0.30864197530864196,18115,0.22798785536847915,131,131,77,54,0.5877862595419847,0.5877862595419847,77.0,0.5992366412213741,4,ppdai_imb77,rf
6,1.0,random,0.7847155255544841,0.616580310880829,0.12686567164179105,0.23316062176165803,20738,0.22697463593403414,124,124,70,54,0.5645161290322581,0.5645161290322581,70.0,0.6033064516129032,4,ppdai_imb77,rf
7,1.0,random,0.7783008773806976,0.5877192982456141,0.12453531598513011,0.17543859649122806,23361,0.22695946235178288,123,123,65,58,0.5284552845528455,0.5284552845528455,65.0,0.6003252032520326,4,ppdai_imb77,rf
8,1.0,random,0.7846834712334039,0.6320346320346321,0.12372881355932204,0.26406926406926406,25984,0.22860221674876846,119,119,73,46,0.6134453781512605,0.6134453781512605,73.0,0.5990756302521008,4,ppdai_imb77,rf
9,1.0,random,0.788535477105907,0.6410256410256411,0.13597513597513597,0.28205128205128205,28607,0.23071276261054988,109,109,64,45,0.5871559633027523,0.5871559633027523,64.0,0.613119266055046,4,ppdai_imb77,rf
10,1.0,random,0.7801793147614473,0.5797101449275363,0.11291460832745237,0.15942028985507245,31230,0.23000320204931157,130,130,74,56,0.5692307692307692,0.5692307692307692,74.0,0.5916923076923077,4,ppdai_imb77,rf
0,0.0,most_risky,0.795,0.625,0.11627906976744186,0.25,5000,0.2248,0,0,0,0,0.0,0.0,0.0,0.0,0,ppdai_imb77,rf
1,0.0,most_risky,0.7869507323568575,0.5333333333333333,0.07430340557275542,0.06666666666666667,7509,0.22373152217339193,114,0,0,0,0.0,0.0,0.0,0.0,0,ppdai_imb77,rf
2,0.0,most_risky,0.7832167832167832,0.5434782608695652,0.11312217194570136,0.08695652173913043,10010,0.217982017982018,122,0,0,0,0.0,0.0,0.0,0.0,0,ppdai_imb77,rf
3,0.0,most_risky,0.7812375249500998,0.4895833333333333,0.08608058608058608,-0.020833333333333332,12523,0.21688093907210731,110,0,0,0,0.0,0.0,0.0,0.0,0,ppdai_imb77,rf
4,0.0,most_risky,0.7876871880199667,0.4583333333333333,0.06984126984126984,-0.08333333333333333,15023,0.2173334220861346,123,0,0,0,0.0,0.0,0.0,0.0,0,ppdai_imb77,rf
5,0.0,most_risky,0.7853268626891237,0.528169014084507,0.09868421052631579,0.056338028169014086,17512,0.21750799451804476,134,0,0,0,0.0,0.0,0.0,0.0,0,ppdai_imb77,rf
6,0.0,most_risky,0.7910112359550562,0.5080645161290323,0.07508939213349225,0.016129032258064516,20025,0.216729088639201,110,0,0,0,0.0,0.0,0.0,0.0,0,ppdai_imb77,rf
7,0.0,most_risky,0.7865542489460838,0.5,0.06756756756756757,0.0,22534,0.21913552853465873,114,0,0,0,0.0,0.0,0.0,0.0,0,ppdai_imb77,rf
8,0.0,most_risky,0.7851437699680511,0.5241935483870968,0.06007393715341959,0.04838709677419355,25039,0.21738088581812373,118,0,0,0,0.0,0.0,0.0,0.0,0,ppdai_imb77,rf
9,0.0,most_risky,0.7893972403776325,0.5323741007194245,0.06330196749358426,0.06474820143884892,27539,0.21732815280148154,123,0,0,0,0.0,0.0,0.0,0.0,0,ppdai_imb77,rf
10,0.0,most_risky,0.7878182725911134,0.558282208588957,0.07032457496136012,0.1165644171779141,30043,0.2175215524415005,119,0,0,0,0.0,0.0,0.0,0.0,0,ppdai_imb77,rf
0,0.0,most_risky,0.764,0.6,0.06224066390041494,0.2,5000,0.2366,0,0,0,0,0.0,0.0,0.0,0.0,1,ppdai_imb77,rf
1,0.0,most_risky,0.7746852220013254,0.5416666666666666,0.0755813953488372,0.08333333333333333,7541,0.2295451531627105,82,0,0,0,0.0,0.0,0.0,0.0,1,ppdai_imb77,rf
2,0.0,most_risky,0.773247140726007,0.5,0.07894736842105263,0.0,10053,0.22918531781557744,111,0,0,0,0.0,0.0,0.0,0.0,1,ppdai_imb77,rf
3,0.0,most_risky,0.7587440381558028,0.4714285714285714,0.05472636815920398,-0.05714285714285714,12576,0.22725826972010177,100,0,0,0,0.0,0.0,0.0,0.0,1,ppdai_imb77,rf
4,0.0,most_risky,0.7672185430463576,0.5432098765432098,0.061971830985915494,0.08641975308641975,15098,0.22420188104384686,101,0,0,0,0.0,0.0,0.0,0.0,1,ppdai_imb77,rf
5,0.0,most_risky,0.772611284377658,0.5,0.0685785536159601,0.0,17631,0.22171175769950655,90,0,0,0,0.0,0.0,0.0,0.0,1,ppdai_imb77,rf
6,0.0,most_risky,0.7795431976166832,0.5161290322580645,0.07174887892376682,0.03225806451612903,20139,0.22210636079249219,115,0,0,0,0.0,0.0,0.0,0.0,1,ppdai_imb77,rf
7,0.0,most_risky,0.7806223791657471,0.484375,0.06262626262626263,-0.03125,22652,0.2215256930955324,110,0,0,0,0.0,0.0,0.0,0.0,1,ppdai_imb77,rf
8,0.0,most_risky,0.7843799682034976,0.47398843930635837,0.0762081784386617,-0.05202312138728324,25158,0.22032753001033467,117,0,0,0,0.0,0.0,0.0,0.0,1,ppdai_imb77,rf
9,0.0,most_risky,0.7812725958062183,0.5490196078431373,0.06857142857142857,0.09803921568627451,27656,0.22038617298235463,125,0,0,0,0.0,0.0,0.0,0.0,1,ppdai_imb77,rf
10,0.0,most_risky,0.7807992041120876,0.5061728395061729,0.061933534743202415,0.012345679012345678,30154,0.217981030709027,125,0,0,0,0.0,0.0,0.0,0.0,1,ppdai_imb77,rf
0,0.0,most_risky,0.791,0.5471698113207547,0.13551401869158877,0.09433962264150944,5000,0.2286,0,0,0,0,0.0,0.0,0.0,0.0,2,ppdai_imb77,rf
1,0.0,most_risky,0.7846153846153846,0.43283582089552236,0.0926517571884984,-0.13432835820895522,7473,0.22347116285293725,150,0,0,0,0.0,0.0,0.0,0.0,2,ppdai_imb77,rf
2,0.0,most_risky,0.7965846308387745,0.45348837209302323,0.0982367758186398,-0.09302325581395349,9954,0.21950974482620053,142,0,0,0,0.0,0.0,0.0,0.0,2,ppdai_imb77,rf
3,0.0,most_risky,0.7849375755134917,0.46774193548387094,0.05471698113207547,-0.06451612903225806,12413,0.21509707564649963,164,0,0,0,0.0,0.0,0.0,0.0,2,ppdai_imb77,rf
4,0.0,most_risky,0.7914151576123407,0.43434343434343436,0.07060755336617405,-0.13131313131313133,14908,0.21652803863697342,128,0,0,0,0.0,0.0,0.0,0.0,2,ppdai_imb77,rf
5,0.0,most_risky,0.7998276852383688,0.4732142857142857,0.07670043415340087,-0.05357142857142857,17409,0.21540582457349647,122,0,0,0,0.0,0.0,0.0,0.0,2,ppdai_imb77,rf
6,0.0,most_risky,0.7936667504398089,0.5420560747663551,0.06987951807228916,0.08411214953271028,19892,0.21506133118841744,140,0,0,0,0.0,0.0,0.0,0.0,2,ppdai_imb77,rf
7,0.0,most_risky,0.787770586922562,0.5,0.06203995793901157,0.0,22403,0.21559612551890373,112,0,0,0,0.0,0.0,0.0,0.0,2,ppdai_imb77,rf
8,0.0,most_risky,0.7958199356913184,0.5555555555555556,0.06796116504854369,0.1111111111111111,24880,0.21639871382636655,146,0,0,0,0.0,0.0,0.0,0.0,2,ppdai_imb77,rf
9,0.0,most_risky,0.7912328767123288,0.5206611570247934,0.054878048780487805,0.04132231404958678,27374,0.2150946153284138,129,0,0,0,0.0,0.0,0.0,0.0,2,ppdai_imb77,rf
10,0.0,most_risky,0.7867068474803282,0.5234375,0.05234375,0.046875,29863,0.2154840438000201,134,0,0,0,0.0,0.0,0.0,0.0,2,ppdai_imb77,rf
0,0.0,most_risky,0.773,0.5405405405405406,0.08695652173913043,0.08108108108108109,5000,0.2296,0,0,0,0,0.0,0.0,0.0,0.0,3,ppdai_imb77,rf
1,0.0,most_risky,0.7627906976744186,0.38596491228070173,0.06395348837209303,-0.22807017543859648,7521,0.22643265523201703,102,0,0,0,0.0,0.0,0.0,0.0,3,ppdai_imb77,rf
2,0.0,most_risky,0.7744510978043913,0.47619047619047616,0.066815144766147,-0.047619047619047616,10018,0.22259932122180076,126,0,0,0,0.0,0.0,0.0,0.0,3,ppdai_imb77,rf
3,0.0,most_risky,0.7703349282296651,0.4025974025974026,0.05525846702317291,-0.19480519480519481,12540,0.22296650717703348,101,0,0,0,0.0,0.0,0.0,0.0,3,ppdai_imb77,rf
4,0.0,most_risky,0.7737857618097139,0.47619047619047616,0.05917159763313609,-0.047619047619047616,15028,0.221187117380889,135,0,0,0,0.0,0.0,0.0,0.0,3,ppdai_imb77,rf
5,0.0,most_risky,0.7875071306332002,0.5151515151515151,0.06818181818181818,0.030303030303030304,17528,0.22004792332268372,123,0,0,0,0.0,0.0,0.0,0.0,3,ppdai_imb77,rf
6,0.0,most_risky,0.782435129740519,0.4909090909090909,0.06206896551724138,-0.01818181818181818,20036,0.21920543022559394,115,0,0,0,0.0,0.0,0.0,0.0,3,ppdai_imb77,rf
7,0.0,most_risky,0.7824063815643696,0.48739495798319327,0.059244126659857,-0.025210084033613446,22561,0.21825273702406808,98,0,0,0,0.0,0.0,0.0,0.0,3,ppdai_imb77,rf
8,0.0,most_risky,0.7801715539597047,0.46405228758169936,0.06507791017415215,-0.0718954248366013,25061,0.2171102509875903,123,0,0,0,0.0,0.0,0.0,0.0,3,ppdai_imb77,rf
9,0.0,most_risky,0.7808020322990383,0.4626865671641791,0.05175292153589316,-0.07462686567164178,27553,0.2169636700177839,131,0,0,0,0.0,0.0,0.0,0.0,3,ppdai_imb77,rf
10,0.0,most_risky,0.7869861873855882,0.5526315789473685,0.048761609907120744,0.10526315789473684,30043,0.21662284059514694,133,0,0,0,0.0,0.0,0.0,0.0,3,ppdai_imb77,rf
0,0.0,most_risky,0.777,0.5384615384615384,0.12334801762114538,0.07692307692307693,5000,0.2324,0,0,0,0,0.0,0.0,0.0,0.0,4,ppdai_imb77,rf
1,0.0,most_risky,0.7781501340482574,0.5813953488372093,0.07396449704142012,0.16279069767441862,7459,0.22389060195736693,164,0,0,0,0.0,0.0,0.0,0.0,4,ppdai_imb77,rf
2,0.0,most_risky,0.7928607340372046,0.5316455696202531,0.10071942446043165,0.06329113924050633,9943,0.22206577491702706,139,0,0,0,0.0,0.0,0.0,0.0,4,ppdai_imb77,rf
3,0.0,most_risky,0.7822061191626409,0.609375,0.07027027027027027,0.21875,12416,0.21601159793814434,150,0,0,0,0.0,0.0,0.0,0.0,4,ppdai_imb77,rf
4,0.0,most_risky,0.7904633982538617,0.5,0.060897435897435896,0.0,14887,0.21360918922549876,152,0,0,0,0.0,0.0,0.0,0.0,4,ppdai_imb77,rf
5,0.0,most_risky,0.7917146144994246,0.5176470588235295,0.06052269601100413,0.03529411764705882,17379,0.21491455204557225,131,0,0,0,0.0,0.0,0.0,0.0,4,ppdai_imb77,rf
6,0.0,most_risky,0.778420523138833,0.5045045045045045,0.06349206349206349,0.009009009009009009,19877,0.2132615585852996,125,0,0,0,0.0,0.0,0.0,0.0,4,ppdai_imb77,rf
7,0.0,most_risky,0.7837354781054513,0.4909090909090909,0.055900621118012424,-0.01818181818181818,22379,0.21323562268197865,121,0,0,0,0.0,0.0,0.0,0.0,4,ppdai_imb77,rf
8,0.0,most_risky,0.7864897466827503,0.5423728813559322,0.05970149253731343,0.0847457627118644,24866,0.21450977237995655,136,0,0,0,0.0,0.0,0.0,0.0,4,ppdai_imb77,rf
9,0.0,most_risky,0.7841884243198831,0.5185185185185185,0.047217537942664416,0.037037037037037035,27381,0.21671962309630766,108,0,0,0,0.0,0.0,0.0,0.0,4,ppdai_imb77,rf
10,0.0,most_risky,0.7866465863453815,0.53125,0.05300077942322681,0.0625,29876,0.21565805328691925,128,0,0,0,0.0,0.0,0.0,0.0,4,ppdai_imb77,rf
0,0.01,most_risky,0.795,0.625,0.11627906976744186,0.25,5000,0.2248,0,0,0,0,0.0,0.0,0.0,0.0,0,ppdai_imb77,rf
1,0.01,most_risky,0.7771124417831005,0.5283018867924528,0.08284023668639054,0.05660377358490566,7511,0.22393822393822393,114,2,2,0,1.0,0.5087719298245614,2.0,0.9450000000000001,0,ppdai_imb77,rf
2,0.01,most_risky,0.800997506234414,0.5384615384615384,0.08663366336633663,0.07692307692307693,10024,0.21837589784517158,112,2,1,1,0.5,0.5892857142857143,1.0,0.735,0,ppdai_imb77,rf
3,0.01,most_risky,0.7712574850299401,0.5569620253164557,0.07560137457044673,0.11392405063291139,12524,0.21710316192909612,125,2,2,0,1.0,0.536,2.0,0.875,0,ppdai_imb77,rf
4,0.01,most_risky,0.7832446808510638,0.49107142857142855,0.08461538461538462,-0.017857142857142856,15038,0.21811411091900518,111,2,2,0,1.0,0.5765765765765766,2.0,0.965,0,ppdai_imb77,rf
5,0.01,most_risky,0.7834522111269615,0.44755244755244755,0.08602150537634409,-0.1048951048951049,17521,0.21790993664745162,142,2,2,0,1.0,0.49295774647887325,2.0,0.935,0,ppdai_imb77,rf
6,0.01,most_risky,0.7858747192413277,0.5238095238095238,0.0763888888888889,0.047619047619047616,20032,0.21705271565495207,114,2,1,1,0.5,0.45614035087719296,1.0,0.845,0,ppdai_imb77,rf
7,0.01,most_risky,0.7850488021295474,0.5073529411764706,0.07106076210092688,0.014705882352941176,22538,0.21931848433756324,119,2,1,1,0.5,0.6218487394957983,1.0,0.875,0,ppdai_imb77,rf
8,0.01,most_risky,0.792814371257485,0.5,0.07225433526011561,0.0,25046,0.21771939631078815,117,2,1,1,0.5,0.49572649572649574,1.0,0.875,0,ppdai_imb77,rf
9,0.01,most_risky,0.7838475499092559,0.5735294117647058,0.06440957886044592,0.14705882352941177,27550,0.21771324863883848,121,2,2,0,1.0,0.5619834710743802,2.0,0.87,0,ppdai_imb77,rf
10,0.01,most_risky,0.7877225087339876,0.564935064935065,0.06712962962962964,0.12987012987012986,30051,0.21789624305347577,124,2,2,0,1.0,0.5967741935483871,2.0,0.975,0,ppdai_imb77,rf
0,0.01,most_risky,0.764,0.6,0.06224066390041494,0.2,5000,0.2366,0,0,0,0,0.0,0.0,0.0,0.0,1,ppdai_imb77,rf
1,0.01,most_risky,0.7700463883366467,0.5192307692307693,0.07736389684813753,0.038461538461538464,7542,0.2296473084062583,82,1,1,0,1.0,0.4268292682926829,1.0,0.95,1,ppdai_imb77,rf
2,0.01,most_risky,0.771712158808933,0.5555555555555556,0.08547008547008547,0.1111111111111111,10074,0.22989874925550924,92,1,1,0,1.0,0.5217391304347826,1.0,0.97,1,ppdai_imb77,rf
3,0.01,most_risky,0.7582373957919809,0.5254237288135594,0.05065359477124183,0.05084745762711865,12595,0.2276300119094879,104,2,2,0,1.0,0.5480769230769231,2.0,0.89,1,ppdai_imb77,rf
4,0.01,most_risky,0.7806408985794516,0.532608695652174,0.07313432835820896,0.06521739130434782,15132,0.22488765530002644,87,1,1,0,1.0,0.5977011494252874,1.0,0.98,1,ppdai_imb77,rf
5,0.01,most_risky,0.7776203966005666,0.5517241379310345,0.08030112923462986,0.10344827586206896,17650,0.22260623229461757,107,2,2,0,1.0,0.5514018691588785,2.0,0.9299999999999999,1,ppdai_imb77,rf
6,0.01,most_risky,0.7847222222222222,0.4621212121212121,0.07109557109557109,-0.07575757575757576,20157,0.22270179094111228,118,2,1,1,0.5,0.559322033898305,1.0,0.825,1,ppdai_imb77,rf
7,0.01,most_risky,0.7827046106331348,0.5071428571428571,0.07193515704154002,0.014285714285714285,22661,0.22249680067075592,121,2,2,0,1.0,0.5537190082644629,2.0,0.81,1,ppdai_imb77,rf
8,0.01,most_risky,0.7865235539654144,0.532051282051282,0.07656826568265683,0.0641025641025641,25155,0.22095010932220235,131,2,2,0,1.0,0.5954198473282443,2.0,1.0,1,ppdai_imb77,rf
9,0.01,most_risky,0.7811313934574372,0.5099337748344371,0.06342668863261944,0.019867549668874173,27662,0.22102523317186032,118,2,2,0,1.0,0.5932203389830508,2.0,0.915,1,ppdai_imb77,rf
10,0.01,most_risky,0.7862709335101973,0.5666666666666667,0.06493506493506493,0.13333333333333333,30153,0.21815408085430968,134,2,2,0,1.0,0.664179104477612,2.0,0.94,1,ppdai_imb77,rf
0,0.01,most_risky,0.791,0.5471698113207547,0.13551401869158877,0.09433962264150944,5000,0.2286,0,0,0,0,0.0,0.0,0.0,0.0,2,ppdai_imb77,rf
1,0.01,most_risky,0.7866220735785954,0.4533333333333333,0.10897435897435898,-0.09333333333333334,7475,0.2236789297658863,150,2,2,0,1.0,0.5666666666666667,2.0,0.985,2,ppdai_imb77,rf
2,0.01,most_risky,0.7848164906988436,0.4,0.06265060240963856,-0.2,9941,0.2186902726083895,159,2,2,0,1.0,0.5534591194968553,2.0,0.96,2,ppdai_imb77,rf
3,0.01,most_risky,0.7909127462806594,0.45569620253164556,0.07017543859649122,-0.08860759493670886,12432,0.21557271557271557,134,2,2,0,1.0,0.5223880597014925,2.0,0.8049999999999999,2,ppdai_imb77,rf
4,0.01,most_risky,0.786791820315119,0.574468085106383,0.08307692307692308,0.14893617021276595,14911,0.21715512038092682,146,2,2,0,1.0,0.5136986301369864,2.0,0.985,2,ppdai_imb77,rf
5,0.01,most_risky,0.796264367816092,0.6019417475728155,0.08493150684931507,0.20388349514563106,17398,0.21565697206575468,138,2,2,0,1.0,0.572463768115942,2.0,0.84,2,ppdai_imb77,rf
6,0.01,most_risky,0.7931121166415284,0.512396694214876,0.07506053268765134,0.024793388429752067,19889,0.21549600281562672,134,2,1,1,0.5,0.48507462686567165,1.0,0.985,2,ppdai_imb77,rf
7,0.01,most_risky,0.7865594998883679,0.6190476190476191,0.06625891946992865,0.23809523809523808,22391,0.21611361707829038,123,2,2,0,1.0,0.4878048780487805,2.0,1.0,2,ppdai_imb77,rf
8,0.01,most_risky,0.7934083601286174,0.528169014084507,0.07239382239382239,0.056338028169014086,24879,0.21676916274769886,137,2,2,0,1.0,0.5620437956204379,2.0,0.895,2,ppdai_imb77,rf
9,0.01,most_risky,0.7933491686460807,0.5853658536585366,0.0625,0.17073170731707318,27365,0.2156038735611182,139,2,2,0,1.0,0.5467625899280576,2.0,0.88,2,ppdai_imb77,rf
10,0.01,most_risky,0.7953098827470687,0.5838509316770186,0.07526020816653323,0.16770186335403728,29850,0.21601340033500838,140,2,2,0,1.0,0.5642857142857143,2.0,0.98,2,ppdai_imb77,rf
0,0.01,most_risky,0.773,0.5405405405405406,0.08695652173913043,0.08108108108108109,5000,0.2296,0,0,0,0,0.0,0.0,0.0,0.0,3,ppdai_imb77,rf
1,0.01,most_risky,0.7820598006644518,0.4745762711864407,0.08615384615384615,-0.05084745762711865,7523,0.22650538349062874,102,2,1,1,0.5,0.5294117647058824,1.0,0.875,3,ppdai_imb77,rf
2,0.01,most_risky,0.7825436408977556,0.5,0.06880733944954129,0.0,10024,0.22356344772545889,124,2,1,1,0.5,0.532258064516129,1.0,0.8999999999999999,3,ppdai_imb77,rf
3,0.01,most_risky,0.7804780876494024,0.4177215189873418,0.06133828996282528,-0.16455696202531644,12546,0.22389606249003666,103,2,1,1,0.5,0.5631067961165048,1.0,0.76,3,ppdai_imb77,rf
4,0.01,most_risky,0.77847891066091,0.5384615384615384,0.08296296296296296,0.07692307692307693,15052,0.22222960403933031,119,2,2,0,1.0,0.5966386554621849,2.0,0.8999999999999999,3,ppdai_imb77,rf
5,0.01,most_risky,0.7859789113707609,0.5339805825242718,0.07255936675461741,0.06796116504854369,17544,0.22104423164614684,133,2,2,0,1.0,0.49624060150375937,2.0,0.905,3,ppdai_imb77,rf
6,0.01,most_risky,0.7837365926665004,0.6086956521739131,0.07847533632286996,0.21739130434782608,20044,0.21996607463580123,125,2,2,0,1.0,0.544,2.0,0.87,3,ppdai_imb77,rf
7,0.01,most_risky,0.7926369483255711,0.5,0.06844919786096257,0.0,22544,0.2187721788502484,125,2,2,0,1.0,0.52,2.0,0.8200000000000001,3,ppdai_imb77,rf
8,0.01,most_risky,0.7894211576846307,0.5555555555555556,0.06548175865294668,0.1111111111111111,25049,0.21757355583057209,120,2,2,0,1.0,0.5916666666666667,2.0,0.9550000000000001,3,ppdai_imb77,rf
9,0.01,most_risky,0.7892921960072595,0.5038167938931297,0.05679862306368331,0.007633587786259542,27547,0.21766435546520493,127,2,2,0,1.0,0.5748031496062992,2.0,0.985,3,ppdai_imb77,rf
10,0.01,most_risky,0.7998667998667999,0.5617283950617284,0.07446808510638298,0.12345679012345678,30030,0.21724941724941724,142,2,2,0,1.0,0.5915492957746479,2.0,0.9199999999999999,3,ppdai_imb77,rf
0,0.01,most_risky,0.777,0.5384615384615384,0.12334801762114538,0.07692307692307693,5000,0.2324,0,0,0,0,0.0,0.0,0.0,0.0,4,ppdai_imb77,rf
1,0.01,most_risky,0.7729403884795714,0.5208333333333334,0.07331378299120235,0.041666666666666664,7461,0.22409864629406245,164,2,2,0,1.0,0.5609756097560976,2.0,0.81,4,ppdai_imb77,rf
2,0.01,most_risky,0.7722473604826546,0.5737704918032787,0.07575757575757576,0.14754098360655737,9944,0.22204344328238135,142,2,2,0,1.0,0.5845070422535211,2.0,0.845,4,ppdai_imb77,rf
3,0.01,most_risky,0.7918006430868167,0.5070422535211268,0.06936416184971098,0.014084507042253521,12437,0.21709415453887593,132,2,2,0,1.0,0.48484848484848486,2.0,0.785,4,ppdai_imb77,rf
4,0.01,most_risky,0.7864565873281931,0.5714285714285714,0.06790123456790123,0.14285714285714285,14915,0.21414683204827356,147,2,2,0,1.0,0.5510204081632653,2.0,0.865,4,ppdai_imb77,rf
5,0.01,most_risky,0.777841561423651,0.5943396226415094,0.07934508816120907,0.18867924528301888,17416,0.21595084979329351,124,2,2,0,1.0,0.47580645161290325,2.0,0.8300000000000001,4,ppdai_imb77,rf
6,0.01,most_risky,0.7906100928948029,0.5769230769230769,0.07058823529411765,0.15384615384615385,19913,0.2143825641540702,128,2,2,0,1.0,0.5546875,2.0,0.87,4,ppdai_imb77,rf
7,0.01,most_risky,0.7883586083853702,0.5833333333333334,0.06514994829369183,0.16666666666666666,22418,0.2143813007404764,120,2,2,0,1.0,0.5,2.0,0.87,4,ppdai_imb77,rf
8,0.01,most_risky,0.7896109105495387,0.5702479338842975,0.0647279549718574,0.14049586776859505,24929,0.21577279473705324,114,2,2,0,1.0,0.5877192982456141,2.0,0.835,4,ppdai_imb77,rf
9,0.01,most_risky,0.7840743440233237,0.5547445255474452,0.06333333333333334,0.10948905109489052,27436,0.21777955970258056,118,2,1,1,0.5,0.5508474576271186,1.0,0.845,4,ppdai_imb77,rf
10,0.01,most_risky,0.7832915622389307,0.5414012738853503,0.0648854961832061,0.08280254777070063,29921,0.2167374085090739,140,2,2,0,1.0,0.5357142857142857,2.0,0.9450000000000001,4,ppdai_imb77,rf
0,0.02,most_risky,0.795,0.625,0.11627906976744186,0.25,5000,0.2248,0,0,0,0,0.0,0.0,0.0,0.0,0,ppdai_imb77,rf
1,0.02,most_risky,0.7784431137724551,0.56,0.08259587020648967,0.12,7512,0.2239084132055378,114,3,2,1,0.6666666666666666,0.5087719298245614,2.0,0.9133333333333334,0,ppdai_imb77,rf
2,0.02,most_risky,0.7778332501248127,0.5,0.0853932584269663,0.0,10015,0.21807289066400398,123,3,0,3,0.0,0.5691056910569106,0.0,0.7366666666666667,0,ppdai_imb77,rf
3,0.02,most_risky,0.7767145135566188,0.5057471264367817,0.0784313725490196,0.011494252873563218,12536,0.21689534141671984,105,3,3,0,1.0,0.6,3.0,0.8433333333333334,0,ppdai_imb77,rf
4,0.02,most_risky,0.7940199335548173,0.5333333333333333,0.08931419457735247,0.06666666666666667,15047,0.21798365122615804,115,3,3,0,1.0,0.5652173913043478,3.0,0.8866666666666667,0,ppdai_imb77,rf
5,0.02,most_risky,0.7940757618911991,0.5702479338842975,0.09324324324324325,0.14049586776859505,17554,0.21858265922296913,119,3,3,0,1.0,0.4369747899159664,3.0,0.8966666666666666,0,ppdai_imb77,rf
6,0.02,most_risky,0.7859456765512086,0.5161290322580645,0.07415990730011587,0.03225806451612903,20064,0.21805223285486444,116,3,2,1,0.6666666666666666,0.3879310344827586,2.0,0.8966666666666666,0,ppdai_imb77,rf
7,0.02,most_risky,0.7832446808510638,0.54421768707483,0.08072653884964683,0.08843537414965986,22556,0.22007448129100904,134,3,3,0,1.0,0.6119402985074627,3.0,0.8266666666666667,0,ppdai_imb77,rf
8,0.02,most_risky,0.7766467065868263,0.4689655172413793,0.06126126126126126,-0.06206896551724138,25050,0.2181636726546906,132,3,0,3,0.0,0.5,0.0,0.7666666666666666,0,ppdai_imb77,rf
9,0.02,most_risky,0.7958961321953877,0.5,0.07473309608540925,0.0,27532,0.21803719308441086,144,3,3,0,1.0,0.5277777777777778,3.0,0.8933333333333332,0,ppdai_imb77,rf
10,0.02,most_risky,0.7856786011656952,0.5949367088607594,0.07137433561123765,0.189873417721519,30022,0.2180734128305909,136,3,3,0,1.0,0.5955882352941176,3.0,0.9700000000000001,0,ppdai_imb77,rf
0,0.02,most_risky,0.764,0.6,0.06224066390041494,0.2,5000,0.2366,0,0,0,0,0.0,0.0,0.0,0.0,1,ppdai_imb77,rf
1,0.02,most_risky,0.7700463883366467,0.5098039215686274,0.07471264367816093,0.0196078431372549,7543,0.22974943656370145,82,2,2,0,1.0,0.4268292682926829,2.0,0.945,1,ppdai_imb77,rf
2,0.02,most_risky,0.7647642679900745,0.5625,0.07468879668049792,0.125,10072,0.2294479745830024,96,2,1,1,0.5,0.5625,1.0,0.98,1,ppdai_imb77,rf
3,0.02,most_risky,0.7723125743752479,0.5333333333333333,0.0690846286701209,0.06666666666666667,12605,0.22752875842919476,92,2,2,0,1.0,0.5543478260869565,2.0,0.865,1,ppdai_imb77,rf
4,0.02,most_risky,0.7683168316831683,0.5612244897959183,0.07703081232492998,0.12244897959183673,15146,0.22520797570315595,84,2,2,0,1.0,0.5476190476190477,2.0,0.89,1,ppdai_imb77,rf
5,0.02,most_risky,0.7783753184262666,0.53125,0.06463878326996197,0.0625,17661,0.22258082781269464,111,3,3,0,1.0,0.5945945945945946,3.0,0.87,1,ppdai_imb77,rf
6,0.02,most_risky,0.7839444995044599,0.5161290322580645,0.0730593607305936,0.03225806451612903,20177,0.2229766565891857,110,3,3,0,1.0,0.5454545454545454,3.0,0.7733333333333333,1,ppdai_imb77,rf
7,0.02,most_risky,0.7861233480176212,0.5111111111111111,0.07084188911704312,0.022222222222222223,22696,0.2228145928798026,107,3,3,0,1.0,0.5887850467289719,3.0,0.8933333333333334,1,ppdai_imb77,rf
8,0.02,most_risky,0.7844810478269498,0.5426829268292683,0.0809090909090909,0.08536585365853659,25194,0.2216400730332619,128,3,3,0,1.0,0.53125,3.0,0.9500000000000001,1,ppdai_imb77,rf
9,0.02,most_risky,0.7798844348140123,0.5207100591715976,0.07177814029363784,0.04142011834319527,27688,0.22135943368968505,132,3,3,0,1.0,0.6212121212121212,3.0,0.8833333333333334,1,ppdai_imb77,rf
10,0.02,most_risky,0.7921776599270799,0.5621890547263682,0.08835027365129007,0.12437810945273632,30169,0.2185355828830919,145,3,2,1,0.6666666666666666,0.6137931034482759,2.0,0.8966666666666666,1,ppdai_imb77,rf
0,0.02,most_risky,0.791,0.5471698113207547,0.13551401869158877,0.09433962264150944,5000,0.2286,0,0,0,0,0.0,0.0,0.0,0.0,2,ppdai_imb77,rf
1,0.02,most_risky,0.786096256684492,0.453125,0.09235668789808917,-0.09375,7476,0.22378277153558052,150,3,3,0,1.0,0.5666666666666667,3.0,0.98,2,ppdai_imb77,rf
2,0.02,most_risky,0.7978883861236803,0.4625,0.09343434343434344,-0.075,9943,0.2193502966911395,160,4,2,2,0.5,0.5125,2.0,0.8724999999999999,2,ppdai_imb77,rf
3,0.02,most_risky,0.7887323943661971,0.4418604651162791,0.07378640776699029,-0.11627906976744186,12421,0.21592464374849046,148,3,3,0,1.0,0.5135135135135135,3.0,0.8033333333333333,2,ppdai_imb77,rf
4,0.02,most_risky,0.7989258140315542,0.5882352941176471,0.09724473257698542,0.17647058823529413,14894,0.21760440445817109,154,4,4,0,1.0,0.4935064935064935,4.0,0.98,2,ppdai_imb77,rf
5,0.02,most_risky,0.7967222541690627,0.6,0.08653846153846154,0.2,17386,0.21620844357529045,134,3,2,1,0.6666666666666666,0.5597014925373134,2.0,0.8966666666666666,2,ppdai_imb77,rf
6,0.02,most_risky,0.7934591194968553,0.48872180451127817,0.07946210268948656,-0.022556390977443608,19874,0.21606118546845124,138,3,2,1,0.6666666666666666,0.47101449275362317,2.0,0.9466666666666667,2,ppdai_imb77,rf
7,0.02,most_risky,0.7841646164169089,0.47863247863247865,0.058333333333333334,-0.042735042735042736,22354,0.21642659031940592,146,3,3,0,1.0,0.4794520547945205,3.0,0.9633333333333334,2,ppdai_imb77,rf
8,0.02,most_risky,0.7886047916247232,0.6218487394957983,0.0685820203892493,0.24369747899159663,24835,0.21719347694785585,145,3,3,0,1.0,0.5241379310344828,3.0,0.8533333333333334,2,ppdai_imb77,rf
9,0.02,most_risky,0.7829188002926115,0.55,0.05504587155963303,0.1,27338,0.2161826029702246,123,3,2,1,0.6666666666666666,0.5447154471544715,2.0,0.8366666666666666,2,ppdai_imb77,rf
10,0.02,most_risky,0.7896765543824368,0.5241379310344828,0.060221870047543584,0.04827586206896552,29832,0.21678063824081523,132,3,3,0,1.0,0.5378787878787878,3.0,1.0,2,ppdai_imb77,rf
0,0.02,most_risky,0.773,0.5405405405405406,0.08695652173913043,0.08108108108108109,5000,0.2296,0,0,0,0,0.0,0.0,0.0,0.0,3,ppdai_imb77,rf
1,0.02,most_risky,0.7847176079734219,0.4339622641509434,0.07255520504731862,-0.1320754716981132,7524,0.22660818713450293,102,3,2,1,0.6666666666666666,0.5294117647058824,2.0,0.8366666666666666,3,ppdai_imb77,rf
2,0.02,most_risky,0.773067331670823,0.4794520547945205,0.07743362831858407,-0.0410958904109589,10022,0.2234085012971463,128,3,2,1,0.6666666666666666,0.546875,2.0,0.8266666666666668,3,ppdai_imb77,rf
3,0.02,most_risky,0.7858851674641149,0.47126436781609193,0.07706766917293233,-0.05747126436781609,12538,0.2236401339926623,110,3,2,1,0.6666666666666666,0.5636363636363636,2.0,0.7666666666666666,3,ppdai_imb77,rf
4,0.02,most_risky,0.7697937458416501,0.44047619047619047,0.054252199413489736,-0.11904761904761904,15030,0.22228875582168994,134,3,3,0,1.0,0.5298507462686567,3.0,0.8733333333333334,3,ppdai_imb77,rf
5,0.02,most_risky,0.7766352470722651,0.4857142857142857,0.06546854942233633,-0.02857142857142857,17505,0.22062267923450443,152,4,4,0,1.0,0.5263157894736842,4.0,0.7725,3,ppdai_imb77,rf
6,0.02,most_risky,0.7766116941529235,0.41732283464566927,0.06071019473081329,-0.16535433070866143,20009,0.2195512019591184,122,3,3,0,1.0,0.5655737704918032,3.0,0.8833333333333333,3,ppdai_imb77,rf
7,0.02,most_risky,0.7797024206084833,0.45390070921985815,0.06537282941777324,-0.09219858156028368,22515,0.21852098600932712,120,3,2,1,0.6666666666666666,0.5083333333333333,2.0,0.73,3,ppdai_imb77,rf
8,0.02,most_risky,0.7859284429342395,0.5378151260504201,0.05925925925925926,0.07563025210084033,25014,0.2170384584632606,127,3,2,1,0.6666666666666666,0.6299212598425197,2.0,0.88,3,ppdai_imb77,rf
9,0.02,most_risky,0.7816760588983821,0.49295774647887325,0.058381984987489574,-0.014084507042253521,27503,0.2172126677089772,137,3,3,0,1.0,0.5474452554744526,3.0,0.9433333333333334,3,ppdai_imb77,rf
10,0.02,most_risky,0.7887981330221704,0.5407407407407407,0.05712050078247261,0.08148148148148149,29994,0.21697672867906914,135,3,3,0,1.0,0.5851851851851851,3.0,0.8566666666666668,3,ppdai_imb77,rf
0,0.02,most_risky,0.777,0.5384615384615384,0.12334801762114538,0.07692307692307693,5000,0.2324,0,0,0,0,0.0,0.0,0.0,0.0,4,ppdai_imb77,rf
1,0.02,most_risky,0.7829872739450771,0.5555555555555556,0.07598784194528875,0.1111111111111111,7463,0.2243065791236768,164,4,4,0,1.0,0.5609756097560976,4.0,0.8049999999999999,4,ppdai_imb77,rf
2,0.02,most_risky,0.7733668341708543,0.5428571428571428,0.08315098468271334,0.08571428571428572,9949,0.22213287767614837,140,3,3,0,1.0,0.6,3.0,0.8333333333333334,4,ppdai_imb77,rf
3,0.02,most_risky,0.7992759452936444,0.7142857142857143,0.0945179584120983,0.42857142857142855,12426,0.21664252374054402,149,3,2,1,0.6666666666666666,0.4966442953020134,2.0,0.7799999999999999,4,ppdai_imb77,rf
4,0.02,most_risky,0.7950435365036839,0.6133333333333333,0.07313195548489666,0.22666666666666666,14927,0.21410866215582502,125,3,2,1,0.6666666666666666,0.568,2.0,0.8000000000000002,4,ppdai_imb77,rf
5,0.02,most_risky,0.7801377726750861,0.6341463414634146,0.06598984771573604,0.2682926829268293,17419,0.21510993742465123,134,3,3,0,1.0,0.5671641791044776,3.0,0.8766666666666666,4,ppdai_imb77,rf
6,0.02,most_risky,0.7824887104867034,0.5892857142857143,0.07440811724915446,0.17857142857142858,19929,0.21355813136635055,116,3,3,0,1.0,0.6120689655172413,3.0,0.9166666666666666,4,ppdai_imb77,rf
7,0.02,most_risky,0.7894385026737968,0.5945945945945946,0.06832298136645963,0.1891891891891892,22440,0.21368092691622104,115,3,2,1,0.6666666666666666,0.5043478260869565,2.0,0.89,4,ppdai_imb77,rf
8,0.02,most_risky,0.7887775551102204,0.6363636363636364,0.06457564575645756,0.2727272727272727,24948,0.21512746512746514,118,3,3,0,1.0,0.5847457627118644,3.0,0.75,4,ppdai_imb77,rf
9,0.02,most_risky,0.7968323320589842,0.6434108527131783,0.07198612315698179,0.2868217054263566,27465,0.21718550882941925,109,3,2,1,0.6666666666666666,0.5871559633027523,2.0,0.8300000000000001,4,ppdai_imb77,rf
10,0.02,most_risky,0.7894561227894561,0.5416666666666666,0.061224489795918366,0.08333333333333333,29970,0.21644978311644977,121,3,2,1,0.6666666666666666,0.5206611570247934,2.0,0.8833333333333333,4,ppdai_imb77,rf
0,0.05,most_risky,0.795,0.625,0.11627906976744186,0.25,5000,0.2248,0,0,0,0,0.0,0.0,0.0,0.0,0,ppdai_imb77,rf
1,0.05,most_risky,0.7811044577511643,0.5952380952380952,0.07418397626112759,0.19047619047619047,7515,0.2240851630073187,114,6,4,2,0.6666666666666666,0.5087719298245614,4.0,0.8433333333333334,0,ppdai_imb77,rf
2,0.05,most_risky,0.7878486055776892,0.55,0.0763888888888889,0.1,10038,0.2185694361426579,106,6,3,3,0.5,0.6132075471698113,3.0,0.725,0,ppdai_imb77,rf
3,0.05,most_risky,0.7756563245823389,0.5217391304347826,0.08450704225352113,0.043478260869565216,12566,0.21780996339328346,101,6,3,3,0.5,0.5445544554455446,3.0,0.77,0,ppdai_imb77,rf
4,0.05,most_risky,0.786472148541114,0.452991452991453,0.08372827804107424,-0.09401709401709402,15080,0.21843501326259948,115,6,5,1,0.8333333333333334,0.6173913043478261,5.0,0.8433333333333333,0,ppdai_imb77,rf
5,0.05,most_risky,0.785083973811557,0.528169014084507,0.0982961992136304,0.056338028169014086,17565,0.21821804725306007,146,8,4,4,0.5,0.4863013698630137,4.0,0.81125,0,ppdai_imb77,rf
6,0.05,most_risky,0.7844698855151817,0.5508474576271186,0.07403189066059225,0.1016949152542373,20090,0.21781981085116975,104,6,5,1,0.8333333333333334,0.41346153846153844,5.0,0.88,0,ppdai_imb77,rf
7,0.05,most_risky,0.7919062361786819,0.4689655172413793,0.07296137339055794,-0.06206896551724138,22607,0.22002034767992215,112,6,3,3,0.5,0.6517857142857143,3.0,0.775,0,ppdai_imb77,rf
8,0.05,most_risky,0.7781318462457678,0.4378698224852071,0.0677035681610247,-0.1242603550295858,25101,0.21803912194733277,136,7,4,3,0.5714285714285714,0.5294117647058824,4.0,0.7357142857142858,0,ppdai_imb77,rf
9,0.05,most_risky,0.7852871897082805,0.4723926380368098,0.06547619047619048,-0.05521472392638037,27595,0.21808298604819715,136,7,5,2,0.7142857142857143,0.5220588235294118,5.0,0.8242857142857142,0,ppdai_imb77,rf
10,0.05,most_risky,0.7874002659574468,0.5076142131979695,0.078003120124805,0.015228426395939087,30079,0.21799261943548656,147,8,8,0,1.0,0.6190476190476191,8.0,0.90375,0,ppdai_imb77,rf
0,0.05,most_risky,0.764,0.6,0.06224066390041494,0.2,5000,0.2366,0,0,0,0,0.0,0.0,0.0,0.0,1,ppdai_imb77,rf
1,0.05,most_risky,0.7642384105960265,0.5471698113207547,0.08033240997229917,0.09433962264150944,7546,0.22979061754571958,82,5,3,2,0.6,0.4268292682926829,3.0,0.8160000000000001,1,ppdai_imb77,rf
2,0.05,most_risky,0.7851485148514852,0.5555555555555556,0.09049773755656108,0.1111111111111111,10097,0.23036545508566902,76,4,3,1,0.75,0.5526315789473685,3.0,0.915,1,ppdai_imb77,rf
3,0.05,most_risky,0.7777337559429477,0.6164383561643836,0.07785467128027682,0.2328767123287671,12617,0.22810493778235713,109,6,4,2,0.6666666666666666,0.5321100917431193,4.0,0.7733333333333334,1,ppdai_imb77,rf
4,0.05,most_risky,0.7753216760145166,0.52,0.07591240875912408,0.04,15154,0.2256169988121948,91,5,5,0,1.0,0.5604395604395604,5.0,0.796,1,ppdai_imb77,rf
5,0.05,most_risky,0.7758279082932352,0.49074074074074076,0.0670886075949367,-0.018518518518518517,17661,0.22309042523073438,123,7,6,1,0.8571428571428571,0.5528455284552846,6.0,0.8314285714285715,1,ppdai_imb77,rf
6,0.05,most_risky,0.7841387856257744,0.5371900826446281,0.07386363636363637,0.0743801652892562,20173,0.22326872552421553,117,6,6,0,1.0,0.5726495726495726,6.0,0.8033333333333333,1,ppdai_imb77,rf
7,0.05,most_risky,0.7839982367202998,0.5033112582781457,0.07747196738022426,0.006622516556291391,22681,0.22305013006481195,122,7,7,0,1.0,0.5737704918032787,7.0,0.8585714285714285,1,ppdai_imb77,rf
8,0.05,most_risky,0.7803376365441906,0.4840764331210191,0.06902815622161672,-0.03184713375796178,25171,0.22160422708672678,140,7,6,1,0.8571428571428571,0.5642857142857143,6.0,0.8371428571428571,1,ppdai_imb77,rf
9,0.05,most_risky,0.7861657937511287,0.5076923076923077,0.08340353833192923,0.015384615384615385,27681,0.22174054405548932,119,6,6,0,1.0,0.5882352941176471,6.0,0.875,1,ppdai_imb77,rf
10,0.05,most_risky,0.7838912827311899,0.5449101796407185,0.06899166034874905,0.08982035928143713,30167,0.21894785692975768,145,8,6,2,0.75,0.6206896551724138,6.0,0.7975,1,ppdai_imb77,rf
0,0.05,most_risky,0.791,0.5471698113207547,0.13551401869158877,0.09433962264150944,5000,0.2286,0,0,0,0,0.0,0.0,0.0,0.0,2,ppdai_imb77,rf
1,0.05,most_risky,0.7955911823647295,0.5806451612903226,0.11392405063291139,0.16129032258064516,7481,0.22430156396203715,150,8,8,0,1.0,0.5666666666666667,8.0,0.875,2,ppdai_imb77,rf
2,0.05,most_risky,0.7971887550200804,0.5,0.1311881188118812,0.0,9960,0.22038152610441766,152,8,4,4,0.5,0.4934210526315789,4.0,0.80875,2,ppdai_imb77,rf
3,0.05,most_risky,0.7922025723472669,0.4819277108433735,0.07782101167315175,-0.03614457831325301,12436,0.21638790607912511,155,8,5,3,0.625,0.535483870967742,5.0,0.73375,2,ppdai_imb77,rf
4,0.05,most_risky,0.7979257276681164,0.5168539325842697,0.0757825370675453,0.033707865168539325,14944,0.21841541755888652,122,7,7,0,1.0,0.5327868852459017,7.0,0.92,2,ppdai_imb77,rf
5,0.05,most_risky,0.7916905444126074,0.5258620689655172,0.08321964529331514,0.05172413793103448,17447,0.21740127242505874,127,7,6,1,0.8571428571428571,0.5354330708661418,6.0,0.8214285714285714,2,ppdai_imb77,rf
6,0.05,most_risky,0.792178490849837,0.509090909090909,0.06738868832731648,0.01818181818181818,19945,0.21714715467535722,132,7,5,2,0.7142857142857143,0.49242424242424243,5.0,0.9114285714285716,2,ppdai_imb77,rf
7,0.05,most_risky,0.7877978178579381,0.5083333333333333,0.06387434554973823,0.016666666666666666,22451,0.21718408979555476,124,7,4,3,0.5714285714285714,0.5645161290322581,4.0,0.8228571428571428,2,ppdai_imb77,rf
8,0.05,most_risky,0.787374749498998,0.5586206896551724,0.075139146567718,0.11724137931034483,24950,0.2182364729458918,131,7,6,1,0.8571428571428571,0.5038167938931297,6.0,0.8028571428571427,2,ppdai_imb77,rf
9,0.05,most_risky,0.7924940790672254,0.5310344827586206,0.06707317073170732,0.06206896551724138,27444,0.21709663314385658,136,7,6,1,0.8571428571428571,0.5441176470588235,6.0,0.7699999999999999,2,ppdai_imb77,rf
10,0.05,most_risky,0.7877775922524628,0.5133333333333333,0.0603921568627451,0.02666666666666667,29943,0.21741308486123634,131,7,4,3,0.5714285714285714,0.5877862595419847,4.0,0.9071428571428573,2,ppdai_imb77,rf
0,0.05,most_risky,0.773,0.5405405405405406,0.08695652173913043,0.08108108108108109,5000,0.2296,0,0,0,0,0.0,0.0,0.0,0.0,3,ppdai_imb77,rf
1,0.05,most_risky,0.7835325365205843,0.4918032786885246,0.09230769230769231,-0.01639344262295082,7527,0.22678357911518535,102,6,4,2,0.6666666666666666,0.5294117647058824,4.0,0.7833333333333333,3,ppdai_imb77,rf
2,0.05,most_risky,0.771072319201995,0.373134328358209,0.05656108597285068,-0.2537313432835821,10022,0.2229095988824586,135,7,2,5,0.2857142857142857,0.5703703703703704,2.0,0.8099999999999999,3,ppdai_imb77,rf
3,0.05,most_risky,0.7836653386454183,0.5,0.07550644567219153,0.0,12550,0.22350597609561754,100,5,4,1,0.8,0.58,4.0,0.76,3,ppdai_imb77,rf
4,0.05,most_risky,0.7778884462151394,0.46226415094339623,0.07413010590015129,-0.07547169811320754,15059,0.22199349226376253,121,7,5,2,0.7142857142857143,0.5950413223140496,5.0,0.7785714285714286,3,ppdai_imb77,rf
5,0.05,most_risky,0.7788543744656597,0.5376344086021505,0.06385696040868455,0.07526881720430108,17543,0.2206578122327994,147,8,6,2,0.75,0.5102040816326531,6.0,0.7012499999999999,3,ppdai_imb77,rf
6,0.05,most_risky,0.7808526551982049,0.5314685314685315,0.08558558558558559,0.06293706293706294,20052,0.21977857570317175,121,7,4,3,0.5714285714285714,0.5371900826446281,4.0,0.802857142857143,3,ppdai_imb77,rf
7,0.05,most_risky,0.7897651750110767,0.5714285714285714,0.07851239669421488,0.14285714285714285,22569,0.21870707607780585,112,6,6,0,1.0,0.5625,6.0,0.7533333333333333,3,ppdai_imb77,rf
8,0.05,most_risky,0.7932615629984051,0.5785714285714286,0.0764872521246459,0.15714285714285714,25080,0.21790271132376396,118,6,5,1,0.8333333333333334,0.5338983050847458,5.0,0.7483333333333334,3,ppdai_imb77,rf
9,0.05,most_risky,0.785856754306437,0.5428571428571428,0.06370494551550712,0.08571428571428572,27575,0.21769718948322755,135,7,6,1,0.8571428571428571,0.6296296296296297,6.0,0.8614285714285713,3,ppdai_imb77,rf
10,0.05,most_risky,0.7935162094763092,0.6050955414012739,0.07450980392156863,0.21019108280254778,30074,0.21766309769235884,131,7,7,0,1.0,0.5648854961832062,7.0,0.8185714285714287,3,ppdai_imb77,rf
0,0.05,most_risky,0.777,0.5384615384615384,0.12334801762114538,0.07692307692307693,5000,0.2324,0,0,0,0,0.0,0.0,0.0,0.0,4,ppdai_imb77,rf
1,0.05,most_risky,0.784471218206158,0.5714285714285714,0.09696969696969697,0.14285714285714285,7468,0.2244242099625067,164,9,6,3,0.6666666666666666,0.5609756097560976,6.0,0.7922222222222222,4,ppdai_imb77,rf
2,0.05,most_risky,0.7739829231541939,0.5238095238095238,0.0728476821192053,0.047619047619047616,9952,0.22236736334405144,147,8,6,2,0.75,0.5850340136054422,6.0,0.80375,4,ppdai_imb77,rf
3,0.05,most_risky,0.7948511665325825,0.55,0.06395348837209303,0.1,12426,0.2165620473201352,157,8,5,3,0.625,0.5159235668789809,5.0,0.7925,4,ppdai_imb77,rf
4,0.05,most_risky,0.7936348408710218,0.6447368421052632,0.0768025078369906,0.2894736842105263,14925,0.21440536013400335,131,7,5,2,0.7142857142857143,0.5267175572519084,5.0,0.7914285714285716,4,ppdai_imb77,rf
5,0.05,most_risky,0.791451520367183,0.6170212765957447,0.0774365821094793,0.23404255319148937,17427,0.21547024731738107,128,7,5,2,0.7142857142857143,0.578125,5.0,0.8328571428571429,4,ppdai_imb77,rf
6,0.05,most_risky,0.7876660817247431,0.6153846153846154,0.08237986270022883,0.23076923076923078,19945,0.2142892955627977,111,6,6,0,1.0,0.5765765765765766,6.0,0.8616666666666667,4,ppdai_imb77,rf
7,0.05,most_risky,0.7837416481069043,0.5363636363636364,0.0602655771195097,0.07272727272727272,22448,0.21418389166072702,127,7,3,4,0.42857142857142855,0.5039370078740157,3.0,0.8242857142857142,4,ppdai_imb77,rf
8,0.05,most_risky,0.7877027838974564,0.5785123966942148,0.06487488415199258,0.15702479338842976,24964,0.2154702771991668,113,6,2,4,0.3333333333333333,0.6106194690265486,2.0,0.79,4,ppdai_imb77,rf
9,0.05,most_risky,0.7811135371179039,0.6033057851239669,0.059446254071661236,0.2066115702479339,27477,0.21789132729191688,116,6,5,1,0.8333333333333334,0.49137931034482757,5.0,0.7966666666666665,4,ppdai_imb77,rf
10,0.05,most_risky,0.7813177648040034,0.5416666666666666,0.05895691609977324,0.08333333333333333,29974,0.21722159204644026,133,7,5,2,0.7142857142857143,0.48120300751879697,5.0,0.8485714285714285,4,ppdai_imb77,rf
0,0.1,most_risky,0.795,0.625,0.11627906976744186,0.25,5000,0.2248,0,0,0,0,0.0,0.0,0.0,0.0,0,ppdai_imb77,rf
1,0.1,most_risky,0.7774086378737541,0.5945945945945946,0.06432748538011696,0.1891891891891892,7521,0.22430527855338386,114,12,7,5,0.5833333333333334,0.5087719298245614,7.0,0.7766666666666665,0,ppdai_imb77,rf
2,0.1,most_risky,0.7887673956262425,0.49333333333333335,0.08726415094339622,-0.013333333333333334,10058,0.22022270829190693,96,10,7,3,0.7,0.53125,7.0,0.6910000000000001,0,ppdai_imb77,rf
3,0.1,most_risky,0.7852028639618138,0.5392156862745098,0.10036496350364964,0.0784313725490196,12568,0.21888924252068745,126,13,10,3,0.7692307692307693,0.5476190476190477,10.0,0.7176923076923077,0,ppdai_imb77,rf
4,0.1,most_risky,0.7834880636604774,0.4956521739130435,0.08742331288343558,-0.008695652173913044,15080,0.21909814323607427,124,13,11,2,0.8461538461538461,0.6532258064516129,11.0,0.7499999999999999,0,ppdai_imb77,rf
5,0.1,most_risky,0.7938584020471993,0.5952380952380952,0.10013351134846461,0.19047619047619047,17581,0.21904328536488255,136,14,10,4,0.7142857142857143,0.5073529411764706,10.0,0.8114285714285715,0,ppdai_imb77,rf
6,0.1,most_risky,0.7913973147687717,0.5428571428571428,0.08930669800235018,0.08571428571428572,20110,0.2184485330681253,105,11,8,3,0.7272727272727273,0.44761904761904764,8.0,0.7854545454545455,0,ppdai_imb77,rf
7,0.1,most_risky,0.7849723756906077,0.5592105263157895,0.08577194752774975,0.11842105263157894,22624,0.22069483734087694,122,13,10,3,0.7692307692307693,0.639344262295082,10.0,0.7092307692307691,0,ppdai_imb77,rf
8,0.1,most_risky,0.7861122164743335,0.5126582278481012,0.07506950880444857,0.02531645569620253,25127,0.21892784653957895,134,14,6,8,0.42857142857142855,0.48507462686567165,6.0,0.747857142857143,0,ppdai_imb77,rf
9,0.1,most_risky,0.7845513748191028,0.49696969696969695,0.06890756302521009,-0.006060606060606061,27640,0.218849493487699,123,13,11,2,0.8461538461538461,0.6016260162601627,11.0,0.7699999999999998,0,ppdai_imb77,rf
10,0.1,most_risky,0.7821256839661748,0.5357142857142857,0.06787330316742081,0.07142857142857142,30152,0.21912310957813744,124,13,12,1,0.9230769230769231,0.6129032258064516,12.0,0.8415384615384617,0,ppdai_imb77,rf
0,0.1,most_risky,0.764,0.6,0.06224066390041494,0.2,5000,0.2366,0,0,0,0,0.0,0.0,0.0,0.0,1,ppdai_imb77,rf
1,0.1,most_risky,0.7649006622516556,0.4090909090909091,0.05187319884726225,-0.18181818181818182,7550,0.22980132450331126,82,9,4,5,0.4444444444444444,0.4268292682926829,4.0,0.741111111111111,1,ppdai_imb77,rf
2,0.1,most_risky,0.7809712586719524,0.5,0.06108597285067873,0.0,10087,0.22999900862496284,96,10,5,5,0.5,0.53125,5.0,0.7629999999999999,1,ppdai_imb77,rf
3,0.1,most_risky,0.7607920792079208,0.6206896551724138,0.05825242718446602,0.2413793103448276,12621,0.2284288091276444,99,10,8,2,0.8,0.5151515151515151,8.0,0.7380000000000001,1,ppdai_imb77,rf
4,0.1,most_risky,0.7744807121661721,0.5294117647058824,0.0782608695652174,0.058823529411764705,15163,0.22561498384224757,90,9,5,4,0.5555555555555556,0.6,5.0,0.7755555555555556,1,ppdai_imb77,rf
5,0.1,most_risky,0.7748231966053748,0.5287356321839081,0.05742821473158552,0.05747126436781609,17674,0.22303949304062465,125,13,11,2,0.8461538461538461,0.584,11.0,0.8146153846153847,1,ppdai_imb77,rf
6,0.1,most_risky,0.77728285077951,0.47692307692307695,0.06935123042505593,-0.046153846153846156,20201,0.22370179694074552,107,11,11,0,1.0,0.5514018691588785,11.0,0.7654545454545455,1,ppdai_imb77,rf
7,0.1,most_risky,0.7857457105147382,0.50920245398773,0.0849539406345957,0.018404907975460124,22726,0.22348851535685998,109,11,9,2,0.8181818181818182,0.6146788990825688,9.0,0.7927272727272726,1,ppdai_imb77,rf
8,0.1,most_risky,0.7812128418549346,0.5808823529411765,0.07015985790408526,0.16176470588235295,25227,0.22182582154041305,136,14,12,2,0.8571428571428571,0.6397058823529411,12.0,0.7928571428571429,1,ppdai_imb77,rf
9,0.1,most_risky,0.7863448027382454,0.567741935483871,0.07290803645401822,0.13548387096774195,27754,0.22205808171795058,107,11,11,0,1.0,0.6355140186915887,11.0,0.8172727272727272,1,ppdai_imb77,rf
10,0.1,most_risky,0.7868120971740208,0.5714285714285714,0.0730593607305936,0.14285714285714285,30251,0.21923242206869195,140,14,9,5,0.6428571428571429,0.65,9.0,0.7621428571428571,1,ppdai_imb77,rf
0,0.1,most_risky,0.791,0.5471698113207547,0.13551401869158877,0.09433962264150944,5000,0.2286,0,0,0,0,0.0,0.0,0.0,0.0,2,ppdai_imb77,rf
1,0.1,most_risky,0.7897196261682243,0.5735294117647058,0.12,0.14705882352941177,7488,0.2248931623931624,150,15,14,1,0.9333333333333333,0.5666666666666667,14.0,0.8013333333333335,2,ppdai_imb77,rf
2,0.1,most_risky,0.7925,0.5061728395061729,0.0985576923076923,0.012345679012345678,9998,0.22164432886577315,126,13,8,5,0.6153846153846154,0.5079365079365079,8.0,0.7738461538461541,2,ppdai_imb77,rf
3,0.1,most_risky,0.7934347477982386,0.5517241379310345,0.09142857142857143,0.10344827586206896,12486,0.21760371616210156,150,15,10,5,0.6666666666666666,0.5533333333333333,10.0,0.7313333333333332,2,ppdai_imb77,rf
4,0.1,most_risky,0.7962654218072691,0.648936170212766,0.09546165884194054,0.2978723404255319,14992,0.2193836712913554,130,13,11,2,0.8461538461538461,0.5384615384615384,11.0,0.8369230769230769,2,ppdai_imb77,rf
5,0.1,most_risky,0.7918926634313446,0.5172413793103449,0.08185538881309687,0.034482758620689655,17511,0.2182056992747416,116,12,9,3,0.75,0.5862068965517241,9.0,0.7749999999999999,2,ppdai_imb77,rf
6,0.1,most_risky,0.7986510117411941,0.5230769230769231,0.08374384236453201,0.046153846153846156,20013,0.2179083595662819,135,14,11,3,0.7857142857142857,0.5111111111111111,11.0,0.7992857142857142,2,ppdai_imb77,rf
7,0.1,most_risky,0.7887261429205504,0.5578231292517006,0.0846233230134159,0.11564625850340136,22530,0.2184642698624057,118,12,12,0,1.0,0.5254237288135594,12.0,0.7950000000000003,2,ppdai_imb77,rf
8,0.1,most_risky,0.7937649880095923,0.6083916083916084,0.08184383819379115,0.21678321678321677,25019,0.219073504136856,149,15,10,5,0.6666666666666666,0.5369127516778524,10.0,0.7919999999999999,2,ppdai_imb77,rf
9,0.1,most_risky,0.7844169996367599,0.5324675324675324,0.06850459482038429,0.06493506493506493,27530,0.2177987649836542,125,13,9,4,0.6923076923076923,0.6,9.0,0.7384615384615384,2,ppdai_imb77,rf
10,0.1,most_risky,0.7861185086551264,0.6126760563380281,0.06605922551252848,0.22535211267605634,30037,0.2183307254386257,129,13,8,5,0.6153846153846154,0.5503875968992248,8.0,0.7884615384615383,2,ppdai_imb77,rf
0,0.1,most_risky,0.773,0.5405405405405406,0.08695652173913043,0.08108108108108109,5000,0.2296,0,0,0,0,0.0,0.0,0.0,0.0,3,ppdai_imb77,rf
1,0.1,most_risky,0.7757133377571334,0.48936170212765956,0.06824925816023739,-0.02127659574468085,7532,0.22689856611789697,102,11,6,5,0.5454545454545454,0.5294117647058824,6.0,0.7454545454545454,3,ppdai_imb77,rf
2,0.1,most_risky,0.7740169238427078,0.47435897435897434,0.08222222222222222,-0.05128205128205128,10041,0.2230853500647346,127,13,8,5,0.6153846153846154,0.6220472440944882,8.0,0.7315384615384614,3,ppdai_imb77,rf
3,0.1,most_risky,0.7735399284862932,0.49382716049382713,0.070298769771529,-0.012345679012345678,12584,0.22401462174189446,89,9,7,2,0.7777777777777778,0.5955056179775281,7.0,0.7522222222222221,3,ppdai_imb77,rf
4,0.1,most_risky,0.7686196623634558,0.46,0.06657018813314038,-0.08,15105,0.22310493214167496,114,12,9,3,0.75,0.5526315789473685,9.0,0.7474999999999999,3,ppdai_imb77,rf
5,0.1,most_risky,0.7856331629755821,0.5190839694656488,0.08947368421052632,0.03816793893129771,17608,0.222228532485234,134,14,13,1,0.9285714285714286,0.5,13.0,0.7442857142857143,3,ppdai_imb77,rf
6,0.1,most_risky,0.779269202087994,0.5333333333333333,0.0802675585284281,0.06666666666666667,20112,0.2215095465393795,133,14,13,1,0.9285714285714286,0.5112781954887218,13.0,0.752142857142857,3,ppdai_imb77,rf
7,0.1,most_risky,0.7808491817779744,0.5625,0.07149950347567031,0.125,22608,0.2203202406227884,142,15,11,4,0.7333333333333333,0.5,11.0,0.7253333333333332,3,ppdai_imb77,rf
8,0.1,most_risky,0.7856716417910448,0.5960264900662252,0.081374321880651,0.19205298013245034,25125,0.21930348258706467,118,12,10,2,0.8333333333333334,0.576271186440678,10.0,0.8099999999999999,3,ppdai_imb77,rf
9,0.1,most_risky,0.7922923828478379,0.6174496644295302,0.07776838546069316,0.2348993288590604,27632,0.21934713375796178,129,13,11,2,0.8461538461538461,0.5968992248062015,11.0,0.8146153846153847,3,ppdai_imb77,rf
10,0.1,most_risky,0.7945569200132758,0.5294117647058824,0.06495589414595028,0.058823529411764705,30129,0.2189916691559627,141,15,14,1,0.9333333333333333,0.6170212765957447,14.0,0.7966666666666669,3,ppdai_imb77,rf
0,0.1,most_risky,0.777,0.5384615384615384,0.12334801762114538,0.07692307692307693,5000,0.2324,0,0,0,0,0.0,0.0,0.0,0.0,4,ppdai_imb77,rf
1,0.1,most_risky,0.7693850267379679,0.6166666666666667,0.10306406685236769,0.23333333333333334,7476,0.22512038523274477,164,17,13,4,0.7647058823529411,0.5609756097560976,13.0,0.7729411764705884,4,ppdai_imb77,rf
2,0.1,most_risky,0.789764174611139,0.5833333333333334,0.11316397228637413,0.16666666666666666,9964,0.22330389401846648,150,15,11,4,0.7333333333333333,0.5733333333333334,11.0,0.7706666666666668,4,ppdai_imb77,rf
3,0.1,most_risky,0.7828181453231634,0.6153846153846154,0.07194244604316546,0.23076923076923078,12455,0.21870734644720996,147,15,10,5,0.6666666666666666,0.4421768707482993,10.0,0.7540000000000001,4,ppdai_imb77,rf
4,0.1,most_risky,0.7841630471099231,0.5865384615384616,0.09186746987951808,0.17307692307692307,14965,0.21617106582024725,126,13,7,6,0.5384615384615384,0.5476190476190477,7.0,0.7930769230769232,4,ppdai_imb77,rf
5,0.1,most_risky,0.7850601030337722,0.603448275862069,0.09032258064516129,0.20689655172413793,17466,0.21722203137524332,136,14,12,2,0.8571428571428571,0.5661764705882353,12.0,0.7657142857142859,4,ppdai_imb77,rf
6,0.1,most_risky,0.7858752817430503,0.6203703703703703,0.07604994324631101,0.24074074074074073,19963,0.21574913590141762,140,14,10,4,0.7142857142857143,0.5285714285714286,10.0,0.8157142857142858,4,ppdai_imb77,rf
7,0.1,most_risky,0.7922597864768683,0.56,0.0737618545837724,0.12,22476,0.21551877558284394,123,13,6,7,0.46153846153846156,0.5203252032520326,6.0,0.7623076923076924,4,ppdai_imb77,rf
8,0.1,most_risky,0.7913582716543308,0.6328125,0.07520891364902507,0.265625,24991,0.2169581049177704,121,13,8,5,0.6153846153846154,0.5619834710743802,8.0,0.7730769230769231,4,ppdai_imb77,rf
9,0.1,most_risky,0.791969476744186,0.5892857142857143,0.08425531914893616,0.17857142857142858,27516,0.21903619712167466,109,11,7,4,0.6363636363636364,0.5688073394495413,7.0,0.7399999999999999,4,ppdai_imb77,rf
10,0.1,most_risky,0.7832167832167832,0.5117647058823529,0.0666156202143951,0.023529411764705882,30028,0.21819635007326496,124,13,11,2,0.8461538461538461,0.5564516129032258,11.0,0.7861538461538463,4,ppdai_imb77,rf
0,0.15,most_risky,0.795,0.625,0.11627906976744186,0.25,5000,0.2248,0,0,0,0,0.0,0.0,0.0,0.0,0,ppdai_imb77,rf
1,0.15,most_risky,0.7669322709163346,0.4482758620689655,0.07536231884057971,-0.10344827586206896,7527,0.22479075328816261,114,18,12,6,0.6666666666666666,0.5087719298245614,12.0,0.7372222222222223,0,ppdai_imb77,rf
2,0.15,most_risky,0.7846842366981601,0.5421686746987951,0.10227272727272728,0.08433734939759036,10051,0.21928166351606806,117,18,8,10,0.4444444444444444,0.5811965811965812,8.0,0.7305555555555555,0,ppdai_imb77,rf
3,0.15,most_risky,0.7814858959078268,0.4351851851851852,0.08768656716417911,-0.12962962962962962,12582,0.2185662056906692,109,17,9,8,0.5294117647058824,0.5321100917431193,9.0,0.7029411764705882,0,ppdai_imb77,rf
4,0.15,most_risky,0.7860218615435575,0.5083333333333333,0.0941358024691358,0.016666666666666666,15092,0.21978531672409224,134,21,14,7,0.6666666666666666,0.5223880597014925,14.0,0.7204761904761905,0,ppdai_imb77,rf
5,0.15,most_risky,0.79375,0.6141732283464567,0.10331125827814569,0.2283464566929134,17599,0.2196147508381158,137,21,12,9,0.5714285714285714,0.5109489051094891,12.0,0.766190476190476,0,ppdai_imb77,rf
6,0.15,most_risky,0.7889771598808342,0.6060606060606061,0.09111617312072894,0.21212121212121213,20138,0.21908829079352468,99,15,10,5,0.6666666666666666,0.4444444444444444,10.0,0.7373333333333336,0,ppdai_imb77,rf
7,0.15,most_risky,0.7868020304568528,0.5149700598802395,0.08856848609680741,0.029940119760479042,22652,0.22134910824651244,129,20,16,4,0.8,0.6356589147286822,16.0,0.727,0,ppdai_imb77,rf
8,0.15,most_risky,0.7864521255462853,0.5804195804195804,0.075591985428051,0.16083916083916083,25169,0.21951607135762247,125,19,8,11,0.42105263157894735,0.512,8.0,0.7305263157894736,0,ppdai_imb77,rf
9,0.15,most_risky,0.7850821744627055,0.4685714285714286,0.06955046649703138,-0.06285714285714286,27684,0.219621441988152,128,20,12,8,0.6,0.53125,12.0,0.7175,0,ppdai_imb77,rf
10,0.15,most_risky,0.7832422586520947,0.5056179775280899,0.06864988558352403,0.011235955056179775,30192,0.22002517223105458,136,21,18,3,0.8571428571428571,0.5661764705882353,18.0,0.7709523809523808,0,ppdai_imb77,rf
0,0.15,most_risky,0.764,0.6,0.06224066390041494,0.2,5000,0.2366,0,0,0,0,0.0,0.0,0.0,0.0,1,ppdai_imb77,rf
1,0.15,most_risky,0.7776307081403044,0.5714285714285714,0.08163265306122448,0.14285714285714285,7554,0.22981202012178978,82,13,5,8,0.38461538461538464,0.4268292682926829,5.0,0.7076923076923075,1,ppdai_imb77,rf
2,0.15,most_risky,0.7712871287128713,0.4050632911392405,0.07158836689038031,-0.189873417721519,10098,0.22935234699940582,94,15,11,4,0.7333333333333333,0.6595744680851063,11.0,0.7406666666666667,1,ppdai_imb77,rf
3,0.15,most_risky,0.7601899485555995,0.5,0.057755775577557754,0.0,12631,0.22769376929775947,106,16,11,5,0.6875,0.5377358490566038,11.0,0.715625,1,ppdai_imb77,rf
4,0.15,most_risky,0.7811059907834101,0.5346534653465347,0.08035714285714286,0.06930693069306931,15189,0.22549213246428337,77,12,8,4,0.6666666666666666,0.5974025974025974,8.0,0.735,1,ppdai_imb77,rf
5,0.15,most_risky,0.7743936830231246,0.4732142857142857,0.06675062972292191,-0.05357142857142857,17727,0.22344446324815254,101,16,11,5,0.6875,0.5742574257425742,11.0,0.749375,1,ppdai_imb77,rf
6,0.15,most_risky,0.7800543075783757,0.5303030303030303,0.0778642936596218,0.06060606060606061,20254,0.22370889700799843,114,18,13,5,0.7222222222222222,0.5964912280701754,13.0,0.7200000000000001,1,ppdai_imb77,rf
7,0.15,most_risky,0.7856045644064077,0.512987012987013,0.08053007135575943,0.025974025974025976,22782,0.22324642261434466,112,17,12,5,0.7058823529411765,0.6696428571428571,12.0,0.7705882352941176,1,ppdai_imb77,rf
8,0.15,most_risky,0.7778656126482213,0.5063291139240507,0.07104795737122557,0.012658227848101266,25298,0.22234959285318998,127,20,16,4,0.8,0.5433070866141733,16.0,0.7834999999999999,1,ppdai_imb77,rf
9,0.15,most_risky,0.7788755164361415,0.5478723404255319,0.08246597277822258,0.09574468085106383,27834,0.22264137385930877,103,16,12,4,0.75,0.6213592233009708,12.0,0.7949999999999999,1,ppdai_imb77,rf
10,0.15,most_risky,0.7796805532685658,0.53125,0.07555555555555556,0.0625,30362,0.22014360055332324,112,17,11,6,0.6470588235294118,0.6696428571428571,11.0,0.7570588235294118,1,ppdai_imb77,rf
0,0.15,most_risky,0.791,0.5471698113207547,0.13551401869158877,0.09433962264150944,5000,0.2286,0,0,0,0,0.0,0.0,0.0,0.0,2,ppdai_imb77,rf
1,0.15,most_risky,0.7953333333333333,0.4666666666666667,0.11589403973509933,-0.06666666666666667,7496,0.22505336179295624,150,23,17,6,0.7391304347826086,0.5666666666666667,17.0,0.7534782608695652,2,ppdai_imb77,rf
2,0.15,most_risky,0.7958979489744873,0.5757575757575758,0.09090909090909091,0.15151515151515152,9991,0.22079871884696226,151,23,13,10,0.5652173913043478,0.543046357615894,13.0,0.754782608695652,2,ppdai_imb77,rf
3,0.15,most_risky,0.794,0.4819277108433735,0.078125,-0.03614457831325301,12498,0.2173147703632581,137,21,14,7,0.6666666666666666,0.5693430656934306,14.0,0.7242857142857142,2,ppdai_imb77,rf
4,0.15,most_risky,0.792,0.5670103092783505,0.08634222919937205,0.13402061855670103,14997,0.21884376875375075,147,23,16,7,0.6956521739130435,0.5510204081632653,16.0,0.7917391304347826,2,ppdai_imb77,rf
5,0.15,most_risky,0.7964601769911505,0.5636363636363636,0.08528198074277854,0.12727272727272726,17511,0.218148592313403,129,20,17,3,0.85,0.5426356589147286,17.0,0.72,2,ppdai_imb77,rf
6,0.15,most_risky,0.7800798801797304,0.5555555555555556,0.07270693512304251,0.1111111111111111,20028,0.21819452766127423,125,19,12,7,0.631578947368421,0.48,12.0,0.7931578947368421,2,ppdai_imb77,rf
7,0.15,most_risky,0.7849223946784922,0.5507246376811594,0.07723577235772358,0.10144927536231885,22550,0.21862527716186253,119,18,11,7,0.6111111111111112,0.5210084033613446,11.0,0.76,2,ppdai_imb77,rf
8,0.15,most_risky,0.7871109337589784,0.535031847133758,0.07792207792207792,0.07006369426751592,25060,0.21955307262569831,134,21,15,6,0.7142857142857143,0.5373134328358209,15.0,0.778095238095238,2,ppdai_imb77,rf
9,0.15,most_risky,0.789225467077816,0.5783132530120482,0.08080808080808081,0.1566265060240964,27564,0.21843709185894644,141,22,15,7,0.6818181818181818,0.5460992907801419,15.0,0.7000000000000001,2,ppdai_imb77,rf
10,0.15,most_risky,0.7885286783042394,0.5502645502645502,0.08055770720371805,0.10052910052910052,30072,0.21887470071827614,136,21,11,10,0.5238095238095238,0.5514705882352942,11.0,0.7461904761904762,2,ppdai_imb77,rf
0,0.15,most_risky,0.773,0.5405405405405406,0.08695652173913043,0.08108108108108109,5000,0.2296,0,0,0,0,0.0,0.0,0.0,0.0,3,ppdai_imb77,rf
1,0.15,most_risky,0.7705570291777188,0.4444444444444444,0.08259587020648967,-0.1111111111111111,7537,0.22714607934191322,102,16,9,7,0.5625,0.5294117647058824,9.0,0.72375,3,ppdai_imb77,rf
2,0.15,most_risky,0.7716417910447761,0.5588235294117647,0.08137044967880086,0.11764705882352941,10047,0.2243455757937693,133,20,13,7,0.65,0.5488721804511278,13.0,0.758,3,ppdai_imb77,rf
3,0.15,most_risky,0.778395552025417,0.46236559139784944,0.0780399274047187,-0.07526881720430108,12587,0.2250734885199015,98,15,11,4,0.7333333333333333,0.5816326530612245,11.0,0.7219999999999999,3,ppdai_imb77,rf
4,0.15,most_risky,0.7752399867593512,0.5148514851485149,0.07624633431085044,0.0297029702970297,15102,0.2234803337306317,128,20,12,8,0.6,0.5859375,12.0,0.7105,3,ppdai_imb77,rf
5,0.15,most_risky,0.783423218847573,0.5545454545454546,0.07870967741935483,0.10909090909090909,17612,0.2222916193504429,134,21,12,9,0.5714285714285714,0.5149253731343284,12.0,0.6833333333333335,3,ppdai_imb77,rf
6,0.15,most_risky,0.7879841112214498,0.5546218487394958,0.07612456747404844,0.1092436974789916,20139,0.22146084711256767,114,18,14,4,0.7777777777777778,0.5789473684210527,14.0,0.716111111111111,3,ppdai_imb77,rf
7,0.15,most_risky,0.7805469783855316,0.5384615384615384,0.07654075546719682,0.07692307692307693,22669,0.22030085138294586,110,17,11,6,0.6470588235294118,0.5727272727272728,11.0,0.6905882352941177,3,ppdai_imb77,rf
8,0.15,most_risky,0.7849206349206349,0.577922077922078,0.08032490974729242,0.15584415584415584,25199,0.21953252113179095,110,17,11,6,0.6470588235294118,0.5454545454545454,11.0,0.7229411764705883,3,ppdai_imb77,rf
9,0.15,most_risky,0.7963564213564214,0.5877862595419847,0.06684027777777778,0.17557251908396945,27716,0.2193678741521143,125,19,12,7,0.631578947368421,0.648,12.0,0.7494736842105263,3,ppdai_imb77,rf
10,0.15,most_risky,0.7939133311280185,0.562962962962963,0.060174188440221696,0.1259259259259259,30227,0.21917490984881066,132,20,15,5,0.75,0.6060606060606061,15.0,0.7315000000000002,3,ppdai_imb77,rf
0,0.15,most_risky,0.777,0.5384615384615384,0.12334801762114538,0.07692307692307693,5000,0.2324,0,0,0,0,0.0,0.0,0.0,0.0,4,ppdai_imb77,rf
1,0.15,most_risky,0.7802271209084837,0.5740740740740741,0.09198813056379822,0.14814814814814814,7484,0.22528059861036878,164,25,16,9,0.64,0.5609756097560976,16.0,0.7572,4,ppdai_imb77,rf
2,0.15,most_risky,0.7840681362725451,0.4722222222222222,0.07962529274004684,-0.05555555555555555,9979,0.22346928549954906,151,23,13,10,0.5652173913043478,0.5695364238410596,13.0,0.7291304347826089,4,ppdai_imb77,rf
3,0.15,most_risky,0.8048096192384769,0.6341463414634146,0.10216110019646366,0.2682926829268293,12475,0.2183567134268537,150,23,15,8,0.6521739130434783,0.5,15.0,0.7226086956521738,4,ppdai_imb77,rf
4,0.15,most_risky,0.7826377295492487,0.5728155339805825,0.08858858858858859,0.14563106796116504,14974,0.21557366101242154,146,22,15,7,0.6818181818181818,0.5753424657534246,15.0,0.7349999999999999,4,ppdai_imb77,rf
5,0.15,most_risky,0.7866132723112128,0.5526315789473685,0.08311345646437995,0.10526315789473684,17476,0.21715495536736096,143,22,19,3,0.8636363636363636,0.5314685314685315,19.0,0.7422727272727272,4,ppdai_imb77,rf
6,0.15,most_risky,0.7902902902902903,0.589041095890411,0.09953703703703703,0.1780821917808219,19979,0.21532609239701686,142,22,15,7,0.6818181818181818,0.5985915492957746,15.0,0.8104545454545455,4,ppdai_imb77,rf
7,0.15,most_risky,0.7877777777777778,0.6183206106870229,0.0821501014198783,0.2366412213740458,22500,0.2156888888888889,121,19,12,7,0.631578947368421,0.4628099173553719,12.0,0.7452631578947368,4,ppdai_imb77,rf
8,0.15,most_risky,0.7814874050379849,0.5774647887323944,0.07354260089686099,0.15492957746478872,25010,0.2171531387445022,134,21,14,7,0.6666666666666666,0.5522388059701493,14.0,0.7342857142857143,4,ppdai_imb77,rf
9,0.15,most_risky,0.7987649836541955,0.5416666666666666,0.08110516934046345,0.08333333333333333,27529,0.21940499110029424,123,19,14,5,0.7368421052631579,0.5284552845528455,14.0,0.7642105263157893,4,ppdai_imb77,rf
10,0.15,most_risky,0.7890091590341383,0.5743589743589743,0.08641975308641975,0.14871794871794872,30021,0.2185803271043603,155,24,15,9,0.625,0.49032258064516127,15.0,0.7679166666666667,4,ppdai_imb77,rf
0,0.2,most_risky,0.795,0.625,0.11627906976744186,0.25,5000,0.2248,0,0,0,0,0.0,0.0,0.0,0.0,0,ppdai_imb77,rf
1,0.2,most_risky,0.7896483078964831,0.576271186440678,0.10429447852760736,0.15254237288135594,7532,0.22477429633563462,114,23,13,10,0.5652173913043478,0.5087719298245614,13.0,0.7160869565217393,0,ppdai_imb77,rf
2,0.2,most_risky,0.7811414392059554,0.5125,0.09255079006772009,0.025,10071,0.2201370271075365,105,21,13,8,0.6190476190476191,0.580952380952381,13.0,0.6819047619047621,0,ppdai_imb77,rf
3,0.2,most_risky,0.7799365582870738,0.4957983193277311,0.10649819494584838,-0.008403361344537815,12606,0.21902268760907503,111,23,16,7,0.6956521739130435,0.6036036036036037,16.0,0.6839130434782611,0,ppdai_imb77,rf
4,0.2,most_risky,0.778916060806345,0.48936170212765956,0.1036036036036036,-0.02127659574468085,15126,0.21982017717836838,129,26,20,6,0.7692307692307693,0.6124031007751938,20.0,0.7019230769230769,0,ppdai_imb77,rf
5,0.2,most_risky,0.796542930008501,0.541095890410959,0.10821917808219178,0.0821917808219178,17641,0.2199988662774219,135,27,14,13,0.5185185185185185,0.4740740740740741,14.0,0.7225925925925926,0,ppdai_imb77,rf
6,0.2,most_risky,0.7859266600594648,0.581081081081081,0.09684684684684684,0.16216216216216217,20176,0.21917129262490087,111,23,12,11,0.5217391304347826,0.46846846846846846,12.0,0.7156521739130435,0,ppdai_imb77,rf
7,0.2,most_risky,0.7822545134302069,0.5192307692307693,0.0814070351758794,0.038461538461538464,22708,0.2218161000528448,114,23,17,6,0.7391304347826086,0.6140350877192983,17.0,0.7230434782608696,0,ppdai_imb77,rf
8,0.2,most_risky,0.7854170794531404,0.55625,0.08083560399636694,0.1125,25233,0.22006895731779813,123,25,12,13,0.48,0.5121951219512195,12.0,0.7,0,ppdai_imb77,rf
9,0.2,most_risky,0.7868852459016393,0.4972067039106145,0.07529610829103214,-0.00558659217877095,27752,0.22034447967714038,131,27,19,8,0.7037037037037037,0.5190839694656488,19.0,0.738888888888889,0,ppdai_imb77,rf
10,0.2,most_risky,0.7779613414835619,0.5392670157068062,0.07579102281089035,0.07853403141361257,30263,0.22050028087103063,141,29,20,9,0.6896551724137931,0.5957446808510638,20.0,0.7510344827586205,0,ppdai_imb77,rf
0,0.2,most_risky,0.764,0.6,0.06224066390041494,0.2,5000,0.2366,0,0,0,0,0.0,0.0,0.0,0.0,1,ppdai_imb77,rf
1,0.2,most_risky,0.7546296296296297,0.4222222222222222,0.0521978021978022,-0.15555555555555556,7558,0.22995501455411485,82,17,7,10,0.4117647058823529,0.4268292682926829,7.0,0.6852941176470587,1,ppdai_imb77,rf
2,0.2,most_risky,0.7725024727992087,0.5466666666666666,0.08779443254817987,0.09333333333333334,10109,0.22979523197151053,90,18,11,7,0.6111111111111112,0.6333333333333333,11.0,0.75,1,ppdai_imb77,rf
3,0.2,most_risky,0.7763729751086527,0.64,0.0817717206132879,0.28,12652,0.22786911160290862,100,20,11,9,0.55,0.57,11.0,0.6820000000000002,1,ppdai_imb77,rf
4,0.2,most_risky,0.7866535174227481,0.5119047619047619,0.06605222734254992,0.023809523809523808,15206,0.22517427331316586,87,18,12,6,0.6666666666666666,0.6666666666666666,12.0,0.676111111111111,1,ppdai_imb77,rf
5,0.2,most_risky,0.7767127149703975,0.6222222222222222,0.0687960687960688,0.24444444444444444,17733,0.22297411605481307,121,25,16,9,0.64,0.5702479338842975,16.0,0.7339999999999999,1,ppdai_imb77,rf
6,0.2,most_risky,0.7812037493833252,0.5327868852459017,0.07262569832402235,0.06557377049180328,20269,0.22364201489960037,109,22,16,6,0.7272727272727273,0.5688073394495413,16.0,0.6986363636363637,1,ppdai_imb77,rf
7,0.2,most_risky,0.7834283209118807,0.46258503401360546,0.06960081883316274,-0.07482993197278912,22806,0.22366920985705516,108,22,15,7,0.6818181818181818,0.6018518518518519,15.0,0.7013636363636366,1,ppdai_imb77,rf
8,0.2,most_risky,0.7863770977295163,0.49142857142857144,0.07970342910101946,-0.017142857142857144,25325,0.2226258637709773,131,27,18,9,0.6666666666666666,0.5572519083969466,18.0,0.7600000000000001,1,ppdai_imb77,rf
9,0.2,most_risky,0.7775982767905224,0.5480225988700564,0.07722929936305732,0.096045197740113,27851,0.2229363398082654,122,25,21,4,0.84,0.6065573770491803,21.0,0.7408,1,ppdai_imb77,rf
10,0.2,most_risky,0.7875596511436564,0.5638297872340425,0.0806083650190114,0.1276595744680851,30383,0.22041931343185334,114,23,14,9,0.6086956521739131,0.6754385964912281,14.0,0.721304347826087,1,ppdai_imb77,rf
0,0.2,most_risky,0.791,0.5471698113207547,0.13551401869158877,0.09433962264150944,5000,0.2286,0,0,0,0,0.0,0.0,0.0,0.0,2,ppdai_imb77,rf
1,0.2,most_risky,0.7868087941372418,0.569620253164557,0.13595166163141995,0.13924050632911392,7503,0.22524323603891777,150,30,20,10,0.6666666666666666,0.5666666666666667,20.0,0.7279999999999999,2,ppdai_imb77,rf
2,0.2,most_risky,0.8016983016983017,0.5,0.12846347607052896,0.0,10006,0.22176693983609835,151,31,19,12,0.6129032258064516,0.5165562913907285,19.0,0.7132258064516129,2,ppdai_imb77,rf
3,0.2,most_risky,0.7995198079231692,0.49514563106796117,0.102,-0.009708737864077669,12492,0.218139609349984,172,35,23,12,0.6571428571428571,0.5290697674418605,23.0,0.7008571428571428,2,ppdai_imb77,rf
4,0.2,most_risky,0.8043333333333333,0.5546218487394958,0.11,0.1092436974789916,14999,0.22008133875591707,146,30,20,10,0.6666666666666666,0.5136986301369864,20.0,0.7609999999999999,2,ppdai_imb77,rf
5,0.2,most_risky,0.7987439337710533,0.5886524822695035,0.1136986301369863,0.1773049645390071,17511,0.21923362457883616,139,28,20,8,0.7142857142857143,0.5251798561151079,20.0,0.7203571428571428,2,ppdai_imb77,rf
6,0.2,most_risky,0.7967540574282147,0.59375,0.09069212410501193,0.1875,20021,0.21906997652464913,142,29,15,14,0.5172413793103449,0.4647887323943662,15.0,0.7420689655172417,2,ppdai_imb77,rf
7,0.2,most_risky,0.783717834960071,0.5116279069767442,0.06748466257668712,0.023255813953488372,22540,0.21934338952972493,130,26,16,10,0.6153846153846154,0.5307692307692308,16.0,0.6988461538461539,2,ppdai_imb77,rf
8,0.2,most_risky,0.7879090183559457,0.5517241379310345,0.08880666049953746,0.10344827586206896,25060,0.22031125299281723,129,26,17,9,0.6538461538461539,0.5348837209302325,17.0,0.7376923076923076,2,ppdai_imb77,rf
9,0.2,most_risky,0.7827348567283279,0.5056818181818182,0.07416666666666667,0.011363636363636364,27568,0.21898578061520604,144,29,19,10,0.6551724137931034,0.5833333333333334,19.0,0.6824137931034483,2,ppdai_imb77,rf
10,0.2,most_risky,0.7834828846792955,0.5336538461538461,0.08428246013667426,0.0673076923076923,30090,0.21964107676969094,127,26,18,8,0.6923076923076923,0.5590551181102362,18.0,0.7519230769230768,2,ppdai_imb77,rf
0,0.2,most_risky,0.773,0.5405405405405406,0.08695652173913043,0.08108108108108109,5000,0.2296,0,0,0,0,0.0,0.0,0.0,0.0,3,ppdai_imb77,rf
1,0.2,most_risky,0.7647448641484427,0.6101694915254238,0.09782608695652174,0.22033898305084745,7542,0.22752585521081942,102,21,13,8,0.6190476190476191,0.5294117647058824,13.0,0.7080952380952381,3,ppdai_imb77,rf
2,0.2,most_risky,0.7637717121588089,0.463768115942029,0.06794055201698514,-0.07246376811594203,10072,0.22537728355837966,117,24,16,8,0.6666666666666666,0.5470085470085471,16.0,0.7366666666666667,3,ppdai_imb77,rf
3,0.2,most_risky,0.7656621728786678,0.44554455445544555,0.07758620689655173,-0.10891089108910891,12610,0.22624900872323553,107,22,16,6,0.7272727272727273,0.5420560747663551,16.0,0.6972727272727274,3,ppdai_imb77,rf
4,0.2,most_risky,0.7775206611570248,0.5299145299145299,0.09117647058823529,0.05982905982905983,15125,0.22426446280991735,135,27,17,10,0.6296296296296297,0.6148148148148148,17.0,0.7081481481481481,3,ppdai_imb77,rf
5,0.2,most_risky,0.7695578231292517,0.504,0.0773955773955774,0.008,17638,0.22321124844086632,138,28,19,9,0.6785714285714286,0.5144927536231884,19.0,0.6782142857142857,3,ppdai_imb77,rf
6,0.2,most_risky,0.7768963807635102,0.45714285714285713,0.07207207207207207,-0.08571428571428572,20170,0.22231036192364897,114,23,19,4,0.8260869565217391,0.6052631578947368,19.0,0.726086956521739,3,ppdai_imb77,rf
7,0.2,most_risky,0.7779246530072703,0.5178571428571429,0.08579881656804733,0.03571428571428571,22691,0.22105680666343483,128,26,15,11,0.5769230769230769,0.5390625,15.0,0.6811538461538462,3,ppdai_imb77,rf
8,0.2,most_risky,0.7860400555225064,0.5914634146341463,0.08746618575293057,0.18292682926829268,25211,0.22018166673277537,129,26,18,8,0.6923076923076923,0.5426356589147286,18.0,0.7530769230769233,3,ppdai_imb77,rf
9,0.2,most_risky,0.7824441240086518,0.5988372093023255,0.08299758259468171,0.19767441860465115,27739,0.22041169472583727,119,24,19,5,0.7916666666666666,0.6134453781512605,19.0,0.7383333333333333,3,ppdai_imb77,rf
10,0.2,most_risky,0.7927957699933906,0.5482233502538071,0.08483896307934014,0.09644670050761421,30258,0.2201401282305506,131,27,21,6,0.7777777777777778,0.6412213740458015,21.0,0.7440740740740739,3,ppdai_imb77,rf
0,0.2,most_risky,0.777,0.5384615384615384,0.12334801762114538,0.07692307692307693,5000,0.2324,0,0,0,0,0.0,0.0,0.0,0.0,4,ppdai_imb77,rf
1,0.2,most_risky,0.7725150100066711,0.6551724137931034,0.10584958217270195,0.3103448275862069,7492,0.2259743726641751,164,33,23,10,0.696969696969697,0.5609756097560976,23.0,0.743939393939394,4,ppdai_imb77,rf
2,0.2,most_risky,0.78,0.5777777777777777,0.1145374449339207,0.15555555555555556,10000,0.2254,144,29,23,6,0.7931034482758621,0.5486111111111112,23.0,0.713793103448276,4,ppdai_imb77,rf
3,0.2,most_risky,0.7855142056822729,0.5652173913043478,0.0948905109489051,0.13043478260869565,12495,0.21968787515006002,161,33,20,13,0.6060606060606061,0.515527950310559,20.0,0.7160606060606062,4,ppdai_imb77,rf
4,0.2,most_risky,0.781406197934022,0.6213592233009708,0.09397944199706314,0.24271844660194175,15002,0.21690441274496733,146,30,19,11,0.6333333333333333,0.5684931506849316,19.0,0.7300000000000002,4,ppdai_imb77,rf
5,0.2,most_risky,0.7868150684931506,0.5285714285714286,0.09801324503311258,0.05714285714285714,17516,0.21882849965745604,137,28,21,7,0.75,0.48175182481751827,21.0,0.7242857142857144,4,ppdai_imb77,rf
6,0.2,most_risky,0.7864271457085829,0.6044776119402985,0.0916289592760181,0.208955223880597,20038,0.2170376285058389,127,26,14,12,0.5384615384615384,0.5905511811023622,14.0,0.7684615384615386,4,ppdai_imb77,rf
7,0.2,most_risky,0.783119184758529,0.5533333333333333,0.08341708542713568,0.10666666666666667,22568,0.21712158808933002,117,24,16,8,0.6666666666666666,0.5128205128205128,16.0,0.7070833333333333,4,ppdai_imb77,rf
8,0.2,most_risky,0.7876494023904382,0.6830985915492958,0.08676207513416816,0.36619718309859156,25100,0.21872509960159361,114,23,15,8,0.6521739130434783,0.5526315789473685,15.0,0.7047826086956522,4,ppdai_imb77,rf
9,0.2,most_risky,0.7853782120883098,0.6097560975609756,0.08183306055646482,0.21951219512195122,27626,0.22062549771953957,122,25,16,9,0.64,0.5819672131147541,16.0,0.7075999999999999,4,ppdai_imb77,rf
10,0.2,most_risky,0.7871599203715992,0.5911111111111111,0.10045317220543806,0.18222222222222223,30136,0.21950491106981684,142,29,20,9,0.6896551724137931,0.5845070422535211,20.0,0.7093103448275863,4,ppdai_imb77,rf
0,0.3,most_risky,0.795,0.625,0.11627906976744186,0.25,5000,0.2248,0,0,0,0,0.0,0.0,0.0,0.0,0,ppdai_imb77,rf
1,0.3,most_risky,0.7872763419483101,0.6190476190476191,0.11607142857142858,0.23809523809523808,7544,0.22534464475079533,114,35,20,15,0.5714285714285714,0.5087719298245614,20.0,0.6802857142857145,0,ppdai_imb77,rf
2,0.3,most_risky,0.7776126795443289,0.41346153846153844,0.09976798143851508,-0.17307692307692307,10095,0.22080237741456166,103,31,20,11,0.6451612903225806,0.6116504854368932,20.0,0.638709677419355,0,ppdai_imb77,rf
3,0.3,most_risky,0.7838479809976246,0.5405405405405406,0.10810810810810811,0.08108108108108109,12628,0.2198289515362686,129,39,23,16,0.5897435897435898,0.5503875968992248,23.0,0.672051282051282,0,ppdai_imb77,rf
4,0.3,most_risky,0.7808174027686223,0.5423728813559322,0.09481481481481481,0.0847457627118644,15167,0.22074240126590625,121,37,25,12,0.6756756756756757,0.628099173553719,25.0,0.6872972972972973,0,ppdai_imb77,rf
5,0.3,most_risky,0.7909604519774012,0.5612903225806452,0.11462450592885376,0.12258064516129032,17697,0.2211674295078262,133,40,21,19,0.525,0.45864661654135336,21.0,0.71175,0,ppdai_imb77,rf
6,0.3,most_risky,0.7834567901234568,0.4968553459119497,0.09018264840182648,-0.006289308176100629,20246,0.2205373901017485,107,33,21,12,0.6363636363636364,0.4766355140186916,21.0,0.6824242424242424,0,ppdai_imb77,rf
7,0.3,most_risky,0.78397365532382,0.5573770491803278,0.10149253731343283,0.11475409836065574,22775,0.222788144895719,135,41,29,12,0.7073170731707317,0.6518518518518519,29.0,0.653658536585366,0,ppdai_imb77,rf
8,0.3,most_risky,0.7938795656465942,0.5393258426966292,0.09073724007561437,0.07865168539325842,25323,0.22122181416103937,108,33,17,16,0.5151515151515151,0.5185185185185185,17.0,0.6693939393939394,0,ppdai_imb77,rf
9,0.3,most_risky,0.7844193143062287,0.5132275132275133,0.08043117744610281,0.026455026455026454,27853,0.22155602628083151,134,41,29,12,0.7073170731707317,0.5298507462686567,29.0,0.6904878048780488,0,ppdai_imb77,rf
10,0.3,most_risky,0.7852912142152023,0.5362318840579711,0.08409090909090909,0.07246376811594203,30388,0.22173226273529026,127,39,27,12,0.6923076923076923,0.6456692913385826,27.0,0.7166666666666668,0,ppdai_imb77,rf
0,0.3,most_risky,0.764,0.6,0.06224066390041494,0.2,5000,0.2366,0,0,0,0,0.0,0.0,0.0,0.0,1,ppdai_imb77,rf
1,0.3,most_risky,0.7635402906208718,0.4791666666666667,0.06460674157303371,-0.041666666666666664,7566,0.23024054982817868,82,25,11,14,0.44,0.4268292682926829,11.0,0.6567999999999999,1,ppdai_imb77,rf
2,0.3,most_risky,0.7620927936821322,0.4854368932038835,0.10438413361169102,-0.02912621359223301,10126,0.23108828757653566,91,28,16,12,0.5714285714285714,0.5384615384615384,16.0,0.6950000000000002,1,ppdai_imb77,rf
3,0.3,most_risky,0.7629191321499014,0.5421686746987951,0.07401315789473684,0.08433734939759036,12672,0.2294034090909091,110,33,19,14,0.5757575757575758,0.5272727272727272,19.0,0.6663636363636363,1,ppdai_imb77,rf
4,0.3,most_risky,0.7814243518214637,0.5446428571428571,0.09023668639053255,0.08928571428571429,15234,0.2271235394512275,88,27,20,7,0.7407407407407407,0.6136363636363636,20.0,0.6629629629629631,1,ppdai_imb77,rf
5,0.3,most_risky,0.7765897580191333,0.5416666666666666,0.0967741935483871,0.08333333333333333,17769,0.22499859305532108,127,39,29,10,0.7435897435897436,0.5826771653543307,29.0,0.697948717948718,1,ppdai_imb77,rf
6,0.3,most_risky,0.7789810484863401,0.5182926829268293,0.09402654867256637,0.036585365853658534,20311,0.2254935749101472,117,36,22,14,0.6111111111111112,0.5555555555555556,22.0,0.6833333333333333,1,ppdai_imb77,rf
7,0.3,most_risky,0.789588801399825,0.546875,0.10714285714285714,0.09375,22858,0.2254790445358299,109,33,20,13,0.6060606060606061,0.5871559633027523,20.0,0.6981818181818182,1,ppdai_imb77,rf
8,0.3,most_risky,0.7881055533674675,0.5351351351351351,0.09090909090909091,0.07027027027027027,25387,0.22448497262378383,135,41,29,12,0.7073170731707317,0.562962962962963,29.0,0.7360975609756097,1,ppdai_imb77,rf
9,0.3,most_risky,0.7773003938417472,0.5720524017467249,0.10258418167580266,0.14410480349344978,27926,0.22513070257108073,121,37,29,8,0.7837837837837838,0.5371900826446281,29.0,0.7000000000000001,1,ppdai_imb77,rf
10,0.3,most_risky,0.7849638870650033,0.5582329317269076,0.10380881254667662,0.11646586345381527,30456,0.22271473601260836,133,40,28,12,0.7,0.6240601503759399,28.0,0.7032499999999999,1,ppdai_imb77,rf
0,0.3,most_risky,0.791,0.5471698113207547,0.13551401869158877,0.09433962264150944,5000,0.2286,0,0,0,0,0.0,0.0,0.0,0.0,2,ppdai_imb77,rf
1,0.3,most_risky,0.7892287234042553,0.6031746031746031,0.11515151515151516,0.20634920634920634,7518,0.2261239691407289,150,45,30,15,0.6666666666666666,0.5666666666666667,30.0,0.6908888888888889,2,ppdai_imb77,rf
2,0.3,most_risky,0.7904430064708811,0.5795454545454546,0.11724137931034483,0.1590909090909091,10044,0.22291915571485463,139,42,22,20,0.5238095238095238,0.5107913669064749,22.0,0.7011904761904761,2,ppdai_imb77,rf
3,0.3,most_risky,0.7801192842942346,0.44144144144144143,0.09074074074074075,-0.11711711711711711,12575,0.21980119284294233,132,40,24,16,0.6,0.553030303030303,24.0,0.6695,2,ppdai_imb77,rf
4,0.3,most_risky,0.7911287653095002,0.5932203389830508,0.10719754977029096,0.1864406779661017,15103,0.22161160034430247,137,42,27,15,0.6428571428571429,0.5474452554744526,27.0,0.7278571428571429,2,ppdai_imb77,rf
5,0.3,most_risky,0.7871315192743764,0.5384615384615384,0.09198423127463863,0.07692307692307693,17640,0.220578231292517,124,38,27,11,0.7105263157894737,0.5967741935483871,27.0,0.6668421052631581,2,ppdai_imb77,rf
6,0.3,most_risky,0.8,0.5362318840579711,0.09057527539779682,0.07246376811594203,20173,0.2204431666088336,129,39,24,15,0.6153846153846154,0.5116279069767442,24.0,0.7246153846153847,2,ppdai_imb77,rf
7,0.3,most_risky,0.7849438696896324,0.5857988165680473,0.09840954274353876,0.17159763313609466,22711,0.22073004271058078,122,37,23,14,0.6216216216216216,0.5573770491803278,23.0,0.7197297297297297,2,ppdai_imb77,rf
8,0.3,most_risky,0.7776237623762376,0.5568181818181818,0.0857392825896763,0.11363636363636363,25249,0.22175135648936592,122,37,23,14,0.6216216216216216,0.5409836065573771,23.0,0.6705405405405408,2,ppdai_imb77,rf
9,0.3,most_risky,0.7814355099838101,0.5133689839572193,0.07868852459016394,0.026737967914438502,27791,0.22079090352991976,117,36,25,11,0.6944444444444444,0.5897435897435898,25.0,0.6616666666666666,2,ppdai_imb77,rf
10,0.3,most_risky,0.7746455654467523,0.5742574257425742,0.08303507516105942,0.1485148514851485,30330,0.2213979558193208,121,37,25,12,0.6756756756756757,0.5867768595041323,25.0,0.7051351351351351,2,ppdai_imb77,rf
0,0.3,most_risky,0.773,0.5405405405405406,0.08695652173913043,0.08108108108108109,5000,0.2296,0,0,0,0,0.0,0.0,0.0,0.0,3,ppdai_imb77,rf
1,0.3,most_risky,0.7835870284579749,0.4166666666666667,0.09523809523809523,-0.16666666666666666,7552,0.2278866525423729,102,31,18,13,0.5806451612903226,0.5294117647058824,18.0,0.6838709677419356,3,ppdai_imb77,rf
2,0.3,most_risky,0.7813584531482399,0.5352112676056338,0.08520179372197309,0.07042253521126761,10083,0.22523058613507885,132,40,26,14,0.65,0.5909090909090909,26.0,0.683,3,ppdai_imb77,rf
3,0.3,most_risky,0.7796677215189873,0.46511627906976744,0.07259528130671507,-0.06976744186046512,12637,0.2265569359816412,99,30,21,9,0.7,0.5454545454545454,21.0,0.6656666666666666,3,ppdai_imb77,rf
4,0.3,most_risky,0.7733860342555995,0.5142857142857142,0.07814761215629522,0.02857142857142857,15177,0.22547275482638202,119,36,22,14,0.6111111111111112,0.5714285714285714,22.0,0.7044444444444443,3,ppdai_imb77,rf
5,0.3,most_risky,0.7897262207169066,0.5714285714285714,0.09436435124508519,0.14285714285714285,17714,0.22451168567234955,123,37,23,14,0.6216216216216216,0.5284552845528455,23.0,0.6716216216216215,3,ppdai_imb77,rf
6,0.3,most_risky,0.7776406712734452,0.5510204081632653,0.08842794759825327,0.10204081632653061,20258,0.22391154111955772,114,35,21,14,0.6,0.5175438596491229,21.0,0.6825714285714287,3,ppdai_imb77,rf
7,0.3,most_risky,0.7814075860556895,0.5030674846625767,0.08216432865731463,0.006134969325153374,22802,0.22265590737654592,114,35,21,14,0.6,0.5789473684210527,21.0,0.6551428571428572,3,ppdai_imb77,rf
8,0.3,most_risky,0.7849674492010258,0.580110497237569,0.0938337801608579,0.16022099447513813,25345,0.22181889919116196,115,35,25,10,0.7142857142857143,0.5826086956521739,25.0,0.7054285714285715,3,ppdai_imb77,rf
9,0.3,most_risky,0.7938329150233059,0.620253164556962,0.08249158249158249,0.24050632911392406,27887,0.2220748018790117,117,36,22,14,0.6111111111111112,0.5811965811965812,22.0,0.7244444444444446,3,ppdai_imb77,rf
10,0.3,most_risky,0.7881676253081348,0.6170212765957447,0.08702175543885972,0.23404255319148937,30423,0.22226604871314465,125,38,32,6,0.8421052631578947,0.584,32.0,0.7002631578947368,3,ppdai_imb77,rf
0,0.3,most_risky,0.777,0.5384615384615384,0.12334801762114538,0.07692307692307693,5000,0.2324,0,0,0,0,0.0,0.0,0.0,0.0,4,ppdai_imb77,rf
1,0.3,most_risky,0.762982689747004,0.5,0.09550561797752809,0.0,7509,0.22666133972566255,164,50,32,18,0.64,0.5609756097560976,32.0,0.7186,4,ppdai_imb77,rf
2,0.3,most_risky,0.7746759720837487,0.5408163265306123,0.11521739130434783,0.08163265306122448,10030,0.22622133599202393,146,44,32,12,0.7272727272727273,0.5616438356164384,32.0,0.7381818181818183,4,ppdai_imb77,rf
3,0.3,most_risky,0.780789159027501,0.6344086021505376,0.10260869565217391,0.26881720430107525,12545,0.2210442407333599,155,47,25,22,0.5319148936170213,0.4838709677419355,25.0,0.6804255319148937,4,ppdai_imb77,rf
4,0.3,most_risky,0.7906436629064366,0.5504587155963303,0.09345794392523364,0.10091743119266056,15068,0.2188080700822936,144,44,29,15,0.6590909090909091,0.5416666666666666,29.0,0.6872727272727274,4,ppdai_imb77,rf
5,0.3,most_risky,0.7890247369917543,0.6744186046511628,0.11054637865311309,0.3488372093023256,17585,0.21996019334660222,152,46,34,12,0.7391304347826086,0.5723684210526315,34.0,0.7045652173913043,4,ppdai_imb77,rf
6,0.3,most_risky,0.7800695825049702,0.5923566878980892,0.10175054704595186,0.18471337579617833,20120,0.21868787276341947,127,39,27,12,0.6923076923076923,0.5669291338582677,27.0,0.7289743589743589,4,ppdai_imb77,rf
7,0.3,most_risky,0.7887883469432796,0.6046511627906976,0.10473313192346426,0.20930232558139536,22655,0.2187155153387773,127,39,23,16,0.5897435897435898,0.49606299212598426,23.0,0.6925641025641025,4,ppdai_imb77,rf
8,0.3,most_risky,0.7901945216355697,0.61875,0.09041095890410959,0.2375,25189,0.22001667394497598,128,39,23,16,0.5897435897435898,0.578125,23.0,0.7025641025641025,4,ppdai_imb77,rf
9,0.3,most_risky,0.7903371191635118,0.6188118811881188,0.10322047894302229,0.2376237623762376,27733,0.22204593805214004,113,34,19,15,0.5588235294117647,0.5575221238938053,19.0,0.7179411764705882,4,ppdai_imb77,rf
10,0.3,most_risky,0.7891954402775483,0.6009615384615384,0.09484066767830046,0.20192307692307693,30263,0.2212272411856062,134,41,27,14,0.6585365853658537,0.5447761194029851,27.0,0.6965853658536586,4,ppdai_imb77,rf
0,0.5,most_risky,0.795,0.625,0.11627906976744186,0.25,5000,0.2248,0,0,0,0,0.0,0.0,0.0,0.0,0,ppdai_imb77,rf
1,0.5,most_risky,0.7820343461030383,0.45454545454545453,0.09259259259259259,-0.09090909090909091,7566,0.22653978324081417,114,57,34,23,0.5964912280701754,0.5087719298245614,34.0,0.6373684210526316,0,ppdai_imb77,rf
2,0.5,most_risky,0.7892398815399803,0.5212765957446809,0.1136890951276102,0.0425531914893617,10128,0.22176145339652448,122,61,37,24,0.6065573770491803,0.6311475409836066,37.0,0.6298360655737704,0,ppdai_imb77,rf
3,0.5,most_risky,0.7709563164108618,0.4732142857142857,0.0920138888888889,-0.05357142857142857,12701,0.22155735768837098,100,50,31,19,0.62,0.58,31.0,0.6305999999999999,0,ppdai_imb77,rf
4,0.5,most_risky,0.7835625409299279,0.5328947368421053,0.12071535022354694,0.06578947368421052,15267,0.22322656710552172,115,58,40,18,0.6896551724137931,0.6,40.0,0.6439655172413793,0,ppdai_imb77,rf
5,0.5,most_risky,0.7943322109988776,0.5849056603773585,0.12236842105263158,0.16981132075471697,17817,0.22304540607285178,146,73,36,37,0.4931506849315068,0.5205479452054794,36.0,0.6676712328767123,0,ppdai_imb77,rf
6,0.5,most_risky,0.7785679254536537,0.5773809523809523,0.10441334768568353,0.15476190476190477,20390,0.22236390387444827,101,51,30,21,0.5882352941176471,0.504950495049505,30.0,0.6598039215686274,0,ppdai_imb77,rf
7,0.5,most_risky,0.7889348725767806,0.5868544600938967,0.1242544731610338,0.17370892018779344,22952,0.22547054722899965,122,61,48,13,0.7868852459016393,0.6147540983606558,48.0,0.6714754098360658,0,ppdai_imb77,rf
8,0.5,most_risky,0.7824808935920047,0.582010582010582,0.09640666082383874,0.164021164021164,25512,0.2239730322985262,127,64,30,34,0.46875,0.4566929133858268,30.0,0.6465625,0,ppdai_imb77,rf
9,0.5,most_risky,0.7818732193732194,0.5565610859728507,0.0984,0.11312217194570136,28077,0.2242404815329273,116,58,36,22,0.6206896551724138,0.5603448275862069,36.0,0.6598275862068965,0,ppdai_imb77,rf
10,0.5,most_risky,0.7859007832898173,0.6014760147601476,0.11923920994879297,0.2029520295202952,30640,0.22467362924281983,120,60,49,11,0.8166666666666667,0.6916666666666667,49.0,0.6693333333333332,0,ppdai_imb77,rf
0,0.5,most_risky,0.764,0.6,0.06224066390041494,0.2,5000,0.2366,0,0,0,0,0.0,0.0,0.0,0.0,1,ppdai_imb77,rf
1,0.5,most_risky,0.7719182597231378,0.574468085106383,0.0764872521246459,0.14893617021276595,7582,0.23067792139277235,82,41,18,23,0.43902439024390244,0.4268292682926829,18.0,0.6192682926829268,1,ppdai_imb77,rf
2,0.5,most_risky,0.7663551401869159,0.5,0.08210526315789474,0.0,10165,0.23207083128381703,80,40,24,16,0.6,0.5625,24.0,0.636,1,ppdai_imb77,rf
3,0.5,most_risky,0.7574568288854003,0.5113636363636364,0.07258064516129033,0.022727272727272728,12736,0.23115577889447236,105,53,34,19,0.6415094339622641,0.5238095238095238,34.0,0.6418867924528302,1,ppdai_imb77,rf
4,0.5,most_risky,0.7783942558746736,0.5701754385964912,0.09352517985611511,0.14035087719298245,15318,0.22894633764198982,83,42,27,15,0.6428571428571429,0.6144578313253012,27.0,0.6438095238095237,1,ppdai_imb77,rf
5,0.5,most_risky,0.7691447736165455,0.5190839694656488,0.08182912154031288,0.03816793893129771,17887,0.22709230167160507,109,55,30,25,0.5454545454545454,0.5321100917431193,30.0,0.6643636363636363,1,ppdai_imb77,rf
6,0.5,most_risky,0.7806845965770172,0.5476190476190477,0.10076670317634173,0.09523809523809523,20448,0.22745500782472614,124,62,37,25,0.5967741935483871,0.5887096774193549,37.0,0.660806451612903,1,ppdai_imb77,rf
7,0.5,most_risky,0.7703172533681009,0.5085714285714286,0.08396226415094339,0.017142857142857144,23008,0.2271818497913769,127,64,40,24,0.625,0.6456692913385826,40.0,0.64796875,1,ppdai_imb77,rf
8,0.5,most_risky,0.7800156433320298,0.6197183098591549,0.11224489795918367,0.23943661971830985,25569,0.22656341663733426,124,62,39,23,0.6290322580645161,0.5241935483870968,39.0,0.6911290322580647,1,ppdai_imb77,rf
9,0.5,most_risky,0.7771459036786921,0.5388349514563107,0.08740157480314961,0.07766990291262135,28135,0.227190332326284,115,58,41,17,0.7068965517241379,0.5739130434782609,41.0,0.6624137931034483,1,ppdai_imb77,rf
10,0.5,most_risky,0.7823749796383775,0.6194690265486725,0.10071942446043165,0.23893805309734514,30695,0.224890047238964,127,64,44,20,0.6875,0.6614173228346457,44.0,0.651875,1,ppdai_imb77,rf
0,0.5,most_risky,0.791,0.5471698113207547,0.13551401869158877,0.09433962264150944,5000,0.2286,0,0,0,0,0.0,0.0,0.0,0.0,2,ppdai_imb77,rf
1,0.5,most_risky,0.7781456953642384,0.569620253164557,0.13005780346820808,0.13924050632911392,7548,0.2273449920508744,150,75,46,29,0.6133333333333333,0.5666666666666667,46.0,0.6467999999999999,2,ppdai_imb77,rf
2,0.5,most_risky,0.8030677882236517,0.5555555555555556,0.12254901960784313,0.1111111111111111,10101,0.22403722403722404,141,71,39,32,0.5492957746478874,0.5673758865248227,39.0,0.6522535211267605,2,ppdai_imb77,rf
3,0.5,most_risky,0.7851500789889415,0.5333333333333333,0.10163339382940109,0.06666666666666667,12657,0.2213004661452161,135,68,39,29,0.5735294117647058,0.5555555555555556,39.0,0.6385294117647059,2,ppdai_imb77,rf
4,0.5,most_risky,0.7958579881656804,0.5384615384615384,0.1,0.07692307692307693,15207,0.22377852304859605,147,74,43,31,0.581081081081081,0.4897959183673469,43.0,0.662027027027027,2,ppdai_imb77,rf
5,0.5,most_risky,0.7822172200337648,0.56875,0.114321608040201,0.1375,17769,0.22314142607912657,123,62,41,21,0.6612903225806451,0.5691056910569106,41.0,0.6579032258064514,2,ppdai_imb77,rf
6,0.5,most_risky,0.7936039360393604,0.5418994413407822,0.11358313817330211,0.08379888268156424,20323,0.22280175170988537,139,70,37,33,0.5285714285714286,0.5179856115107914,37.0,0.6695714285714285,2,ppdai_imb77,rf
7,0.5,most_risky,0.7881170816950633,0.6067415730337079,0.10714285714285714,0.21348314606741572,22889,0.2236445454148281,115,58,35,23,0.603448275862069,0.4782608695652174,35.0,0.6575862068965518,2,ppdai_imb77,rf
8,0.5,most_risky,0.7841288548418778,0.5681818181818182,0.11071744906997343,0.13636363636363635,25452,0.2246974697469747,121,61,34,27,0.5573770491803278,0.5206611570247934,34.0,0.6445901639344263,2,ppdai_imb77,rf
9,0.5,most_risky,0.7794038907728003,0.5603448275862069,0.10284810126582279,0.1206896551724138,28013,0.22371755970442295,124,62,39,23,0.6290322580645161,0.5806451612903226,39.0,0.6387096774193549,2,ppdai_imb77,rf
10,0.5,most_risky,0.7800490596892886,0.5622489959839357,0.10174418604651163,0.12449799196787148,30574,0.22427552822659777,125,63,43,20,0.6825396825396826,0.624,43.0,0.6677777777777776,2,ppdai_imb77,rf
0,0.5,most_risky,0.773,0.5405405405405406,0.08695652173913043,0.08108108108108109,5000,0.2296,0,0,0,0,0.0,0.0,0.0,0.0,3,ppdai_imb77,rf
1,0.5,most_risky,0.7749174917491749,0.45714285714285713,0.0955223880597015,-0.08571428571428572,7572,0.22873745377707344,102,51,29,22,0.5686274509803921,0.5294117647058824,29.0,0.6458823529411766,3,ppdai_imb77,rf
2,0.5,most_risky,0.7755303404045387,0.5833333333333334,0.11889596602972399,0.16666666666666666,10132,0.22660876431109356,127,64,37,27,0.578125,0.5905511811023622,37.0,0.65703125,3,ppdai_imb77,rf
3,0.5,most_risky,0.7733175914994097,0.4956521739130435,0.09913043478260869,-0.008695652173913044,12705,0.22817788272333728,101,51,32,19,0.6274509803921569,0.5346534653465347,32.0,0.6374509803921569,3,ppdai_imb77,rf
4,0.5,most_risky,0.7707173272191288,0.5873015873015873,0.10249307479224377,0.1746031746031746,15263,0.22780580488763677,131,66,46,20,0.696969696969697,0.5572519083969466,46.0,0.6392424242424243,3,ppdai_imb77,rf
5,0.5,most_risky,0.7746913580246914,0.5163398692810458,0.09777227722772278,0.032679738562091505,17817,0.22680585957231858,139,70,46,24,0.6571428571428571,0.5683453237410072,46.0,0.6305714285714288,3,ppdai_imb77,rf
6,0.5,most_risky,0.7899901864573111,0.6107784431137725,0.11422172452407615,0.2215568862275449,20378,0.22627343213269213,124,62,41,21,0.6612903225806451,0.5483870967741935,41.0,0.6591935483870967,3,ppdai_imb77,rf
7,0.5,most_risky,0.7884070603617346,0.5988372093023255,0.10248756218905472,0.19767441860465115,22941,0.22522993766618718,121,61,38,23,0.6229508196721312,0.5619834710743802,38.0,0.6349180327868854,3,ppdai_imb77,rf
8,0.5,most_risky,0.7791062328498628,0.546448087431694,0.08741258741258741,0.09289617486338798,25510,0.22453939631517053,108,54,32,22,0.5925925925925926,0.5370370370370371,32.0,0.673148148148148,3,ppdai_imb77,rf
9,0.5,most_risky,0.7853580334877093,0.5652173913043478,0.09496753246753246,0.13043478260869565,28068,0.22477554510474562,131,66,45,21,0.6818181818181818,0.6183206106870229,45.0,0.6631818181818182,3,ppdai_imb77,rf
10,0.5,most_risky,0.7864489795918367,0.591743119266055,0.0956973293768546,0.1834862385321101,30624,0.22472570532915362,135,68,47,21,0.6911764705882353,0.6222222222222222,47.0,0.6586764705882353,3,ppdai_imb77,rf
0,0.5,most_risky,0.777,0.5384615384615384,0.12334801762114538,0.07692307692307693,5000,0.2324,0,0,0,0,0.0,0.0,0.0,0.0,4,ppdai_imb77,rf
1,0.5,most_risky,0.7687210072895958,0.581081081081081,0.11911357340720222,0.16216216216216217,7541,0.2284842859037263,164,82,53,29,0.6463414634146342,0.5609756097560976,53.0,0.6774390243902441,4,ppdai_imb77,rf
2,0.5,most_risky,0.7633663366336634,0.5054945054945055,0.09603340292275574,0.01098901098901099,10098,0.22846108140225788,133,67,45,22,0.6716417910447762,0.5864661654135338,45.0,0.6804477611940299,4,ppdai_imb77,rf
3,0.5,most_risky,0.7798418972332016,0.6595744680851063,0.10562180579216354,0.3191489361702128,12648,0.2236717267552182,147,74,41,33,0.5540540540540541,0.4965986394557823,41.0,0.6597297297297297,4,ppdai_imb77,rf
4,0.5,most_risky,0.7888852351200263,0.6029411764705882,0.12238805970149254,0.20588235294117646,15203,0.22166677629415246,137,69,45,24,0.6521739130434783,0.5620437956204379,45.0,0.6537681159420289,4,ppdai_imb77,rf
5,0.5,most_risky,0.78766544635314,0.6326530612244898,0.11727616645649433,0.2653061224489796,17754,0.2225977244564605,145,73,45,28,0.6164383561643836,0.6,45.0,0.6601369863013699,4,ppdai_imb77,rf
6,0.5,most_risky,0.7811422944362383,0.5740740740740741,0.10186199342825848,0.14814814814814814,20309,0.22108424836279483,137,69,42,27,0.6086956521739131,0.5912408759124088,42.0,0.6702898550724637,4,ppdai_imb77,rf
7,0.5,most_risky,0.7855737704918033,0.6127167630057804,0.10392156862745099,0.2254335260115607,22874,0.22112442073970448,116,58,33,25,0.5689655172413793,0.5172413793103449,33.0,0.6665517241379311,4,ppdai_imb77,rf
8,0.5,most_risky,0.7833005893909627,0.5647668393782384,0.09663120567375887,0.12953367875647667,25446,0.22290340328538866,102,51,31,20,0.6078431372549019,0.5392156862745098,31.0,0.6545098039215685,4,ppdai_imb77,rf
9,0.5,most_risky,0.7816851124598357,0.576036866359447,0.09952229299363058,0.15207373271889402,28009,0.22499910742975474,121,61,35,26,0.5737704918032787,0.5371900826446281,35.0,0.6572131147540983,4,ppdai_imb77,rf
10,0.5,most_risky,0.7860647693817469,0.6111111111111112,0.10514705882352941,0.2222222222222222,30567,0.22439231851342953,131,66,38,28,0.5757575757575758,0.48854961832061067,38.0,0.660151515151515,4,ppdai_imb77,rf
0,0.75,most_risky,0.795,0.625,0.11627906976744186,0.25,5000,0.2248,0,0,0,0,0.0,0.0,0.0,0.0,0,ppdai_imb77,rf
1,0.75,most_risky,0.7913100724160632,0.6268656716417911,0.12574850299401197,0.2537313432835821,7595,0.22764976958525346,114,86,49,37,0.5697674418604651,0.5087719298245614,49.0,0.6012790697674422,0,ppdai_imb77,rf
2,0.75,most_risky,0.7934249263984299,0.56,0.12933025404157045,0.12,10188,0.22428347074990185,120,90,52,38,0.5777777777777777,0.5666666666666667,52.0,0.6121111111111112,0,ppdai_imb77,rf
3,0.75,most_risky,0.7831702544031311,0.56,0.12302284710017575,0.12,12775,0.22403131115459882,144,108,63,45,0.5833333333333334,0.5625,63.0,0.6059259259259259,0,ppdai_imb77,rf
4,0.75,most_risky,0.7817176317501626,0.5641025641025641,0.12735166425470332,0.1282051282051282,15366,0.22575816738253288,131,99,65,34,0.6565656565656566,0.6183206106870229,65.0,0.6196969696969697,0,ppdai_imb77,rf
5,0.75,most_risky,0.7891952102478418,0.554945054945055,0.12998712998713,0.10989010989010989,17955,0.2258980785296575,136,102,56,46,0.5490196078431373,0.5514705882352942,56.0,0.6260784313725489,0,ppdai_imb77,rf
6,0.75,most_risky,0.7820481634638774,0.618421052631579,0.10085836909871244,0.23684210526315788,20551,0.22490389762055374,111,84,37,47,0.44047619047619047,0.46846846846846846,37.0,0.6204761904761904,0,ppdai_imb77,rf
7,0.75,most_risky,0.7844026787643119,0.5821596244131455,0.12003872216844143,0.1643192488262911,23143,0.22771464373676706,125,94,55,39,0.5851063829787234,0.6,55.0,0.6227659574468086,0,ppdai_imb77,rf
8,0.75,most_risky,0.7882261511560132,0.5581395348837209,0.12857142857142856,0.11627906976744186,25735,0.22638430153487468,125,94,56,38,0.5957446808510638,0.536,56.0,0.6220212765957447,0,ppdai_imb77,rf
9,0.75,most_risky,0.7906812566184257,0.5789473684210527,0.1254071661237785,0.15789473684210525,28327,0.22678010378790553,125,94,53,41,0.5638297872340425,0.528,53.0,0.6155319148936171,0,ppdai_imb77,rf
10,0.75,most_risky,0.7899417852522639,0.549079754601227,0.13448534936138243,0.09815950920245399,30919,0.22740062744590706,127,96,64,32,0.6666666666666666,0.6220472440944882,64.0,0.6357291666666667,0,ppdai_imb77,rf
0,0.75,most_risky,0.764,0.6,0.06224066390041494,0.2,5000,0.2366,0,0,0,0,0.0,0.0,0.0,0.0,1,ppdai_imb77,rf
1,0.75,most_risky,0.7685733070348455,0.5,0.07386363636363637,0.0,7603,0.231487570695778,82,62,29,33,0.46774193548387094,0.4268292682926829,29.0,0.5908064516129033,1,ppdai_imb77,rf
2,0.75,most_risky,0.7711905928466438,0.5172413793103449,0.09574468085106383,0.034482758620689655,10204,0.23294786358290867,91,69,35,34,0.5072463768115942,0.5384615384615384,35.0,0.6100000000000001,1,ppdai_imb77,rf
3,0.75,most_risky,0.7625927372120266,0.574468085106383,0.08681672025723473,0.14893617021276595,12803,0.2321330938061392,97,73,42,31,0.5753424657534246,0.5463917525773195,42.0,0.6054794520547946,1,ppdai_imb77,rf
4,0.75,most_risky,0.780266147354755,0.5363636363636364,0.08613138686131387,0.07272727272727272,15403,0.23060442770888787,92,69,41,28,0.5942028985507246,0.5217391304347826,41.0,0.6075362318840581,1,ppdai_imb77,rf
5,0.75,most_risky,0.7744444444444445,0.5066666666666667,0.09336609336609336,0.013333333333333334,17999,0.22890160564475803,110,83,49,34,0.5903614457831325,0.5818181818181818,49.0,0.6279518072289157,1,ppdai_imb77,rf
6,0.75,most_risky,0.7747025977178927,0.5494505494505495,0.10570824524312897,0.0989010989010989,20591,0.22956631538050604,125,94,55,39,0.5851063829787234,0.584,55.0,0.6174468085106383,1,ppdai_imb77,rf
7,0.75,most_risky,0.7729624838292367,0.5245098039215687,0.1006585136406397,0.049019607843137254,23189,0.22997973176937342,100,75,46,29,0.6133333333333333,0.58,46.0,0.6252000000000001,1,ppdai_imb77,rf
8,0.75,most_risky,0.7792862684251358,0.5454545454545454,0.12392426850258176,0.09090909090909091,25778,0.22926526495461247,139,105,60,45,0.5714285714285714,0.539568345323741,60.0,0.6387619047619046,1,ppdai_imb77,rf
9,0.75,most_risky,0.7837504406062742,0.5762081784386617,0.1222397476340694,0.1524163568773234,28370,0.22985548114205145,125,94,56,38,0.5957446808510638,0.552,56.0,0.6290425531914893,1,ppdai_imb77,rf
10,0.75,most_risky,0.7873062015503876,0.5878136200716846,0.12005856515373353,0.17562724014336917,30960,0.2277454780361757,134,101,65,36,0.6435643564356436,0.6417910447761194,65.0,0.6278217821782178,1,ppdai_imb77,rf
0,0.75,most_risky,0.791,0.5471698113207547,0.13551401869158877,0.09433962264150944,5000,0.2286,0,0,0,0,0.0,0.0,0.0,0.0,2,ppdai_imb77,rf
1,0.75,most_risky,0.7806324110671937,0.5,0.11711711711711711,0.0,7586,0.22897442657527023,150,113,67,46,0.5929203539823009,0.5666666666666667,67.0,0.6130088495575221,2,ppdai_imb77,rf
2,0.75,most_risky,0.7773955773955774,0.5686274509803921,0.12419700214132762,0.13725490196078433,10171,0.22672303608298103,153,115,62,53,0.5391304347826087,0.5294117647058824,62.0,0.6365217391304349,2,ppdai_imb77,rf
3,0.75,most_risky,0.7954545454545454,0.5317460317460317,0.12641509433962264,0.06349206349206349,12758,0.22464336102837434,144,108,61,47,0.5648148148148148,0.5208333333333334,61.0,0.6188888888888892,2,ppdai_imb77,rf
4,0.75,most_risky,0.7888563049853372,0.5228758169934641,0.12213740458015267,0.0457516339869281,15344,0.2269290928050052,150,113,56,57,0.49557522123893805,0.47333333333333333,56.0,0.64141592920354,2,ppdai_imb77,rf
5,0.75,most_risky,0.788681349316978,0.6185567010309279,0.14925373134328357,0.23711340206185566,17932,0.22624358688378318,143,108,66,42,0.6111111111111112,0.5734265734265734,66.0,0.6183333333333335,2,ppdai_imb77,rf
6,0.75,most_risky,0.7853836784409257,0.5357142857142857,0.11731843575418995,0.07142857142857142,20521,0.22581745528970323,138,104,54,50,0.5192307692307693,0.5434782608695652,54.0,0.6462500000000001,2,ppdai_imb77,rf
7,0.75,most_risky,0.7834739346744538,0.6091370558375635,0.11494252873563218,0.2182741116751269,23114,0.22626979319892707,121,91,49,42,0.5384615384615384,0.5289256198347108,49.0,0.6283516483516485,2,ppdai_imb77,rf
8,0.75,most_risky,0.7794203462361409,0.6064814814814815,0.11101694915254237,0.21296296296296297,25705,0.22730986189457303,129,97,53,44,0.5463917525773195,0.5348837209302325,53.0,0.6290721649484536,2,ppdai_imb77,rf
9,0.75,most_risky,0.7773851590106007,0.5752212389380531,0.10046367851622875,0.1504424778761062,28297,0.22656111955330954,125,94,59,35,0.6276595744680851,0.576,59.0,0.6073404255319148,2,ppdai_imb77,rf
10,0.75,most_risky,0.7738750404661703,0.5732758620689655,0.09294199860237597,0.14655172413793102,30886,0.2272226898918604,136,102,56,46,0.5490196078431373,0.5441176470588235,56.0,0.6331372549019608,2,ppdai_imb77,rf
0,0.75,most_risky,0.773,0.5405405405405406,0.08695652173913043,0.08108108108108109,5000,0.2296,0,0,0,0,0.0,0.0,0.0,0.0,3,ppdai_imb77,rf
1,0.75,most_risky,0.7782894736842105,0.5423728813559322,0.0935672514619883,0.0847457627118644,7598,0.22979731508291656,102,77,43,34,0.5584415584415584,0.5294117647058824,43.0,0.6127272727272728,3,ppdai_imb77,rf
2,0.75,most_risky,0.7748896517900932,0.5263157894736842,0.10775862068965517,0.05263157894736842,10195,0.2291319274153997,107,81,53,28,0.654320987654321,0.6074766355140186,53.0,0.6239506172839506,3,ppdai_imb77,rf
3,0.75,most_risky,0.7694411879640485,0.5495495495495496,0.10149750415973377,0.0990990990990991,12792,0.23053470919324578,106,80,44,36,0.55,0.5283018867924528,44.0,0.6119999999999999,3,ppdai_imb77,rf
4,0.75,most_risky,0.764380890477738,0.49640287769784175,0.09530386740331492,-0.007194244604316547,15383,0.2299291425599688,130,98,62,36,0.6326530612244898,0.6076923076923076,62.0,0.6081632653061225,3,ppdai_imb77,rf
5,0.75,most_risky,0.7721202003338898,0.5469613259668509,0.11842105263157894,0.09392265193370165,17970,0.2291597106288258,145,109,61,48,0.5596330275229358,0.5310344827586206,61.0,0.6131192660550461,3,ppdai_imb77,rf
6,0.75,most_risky,0.7656781720952844,0.55,0.10081466395112017,0.1,20567,0.2289103904312734,105,79,46,33,0.5822784810126582,0.5047619047619047,46.0,0.6245569620253162,3,ppdai_imb77,rf
7,0.75,most_risky,0.7841571336067343,0.572139303482587,0.11175898931000972,0.14427860696517414,23162,0.22787324065279338,115,87,50,37,0.5747126436781609,0.5739130434782609,50.0,0.6105747126436781,3,ppdai_imb77,rf
8,0.75,most_risky,0.7773680124223602,0.5887850467289719,0.10632911392405063,0.17757009345794392,25757,0.226928601933455,114,86,54,32,0.627906976744186,0.6491228070175439,54.0,0.6256976744186048,3,ppdai_imb77,rf
9,0.75,most_risky,0.7864197530864198,0.6203703703703703,0.1060965954077593,0.24074074074074073,28348,0.22742345138986877,128,96,56,40,0.5833333333333334,0.5546875,56.0,0.6229166666666667,3,ppdai_imb77,rf
10,0.75,most_risky,0.786360698125404,0.5732217573221757,0.10095799557848195,0.14644351464435146,30939,0.2275445230938298,129,97,64,33,0.6597938144329897,0.627906976744186,64.0,0.6247422680412372,3,ppdai_imb77,rf
0,0.75,most_risky,0.777,0.5384615384615384,0.12334801762114538,0.07692307692307693,5000,0.2324,0,0,0,0,0.0,0.0,0.0,0.0,4,ppdai_imb77,rf
1,0.75,most_risky,0.7824653922214898,0.569620253164557,0.13196480938416422,0.13924050632911392,7582,0.23001846478501714,164,123,74,49,0.6016260162601627,0.5609756097560976,74.0,0.6394308943089434,4,ppdai_imb77,rf
2,0.75,most_risky,0.7802359882005899,0.5739130434782609,0.14224137931034483,0.14782608695652175,10169,0.23030779821024683,146,110,66,44,0.6,0.5821917808219178,66.0,0.6337272727272726,4,ppdai_imb77,rf
3,0.75,most_risky,0.7871422971383771,0.6346153846153846,0.11558669001751314,0.2692307692307692,12753,0.22590762957735436,157,118,61,57,0.5169491525423728,0.4840764331210191,61.0,0.6227118644067801,4,ppdai_imb77,rf
4,0.75,most_risky,0.7758227435646791,0.6335877862595419,0.11479944674965421,0.26717557251908397,15345,0.22437275985663083,127,96,58,38,0.6041666666666666,0.5433070866141733,58.0,0.6155208333333334,4,ppdai_imb77,rf
5,0.75,most_risky,0.7789855072463768,0.577639751552795,0.1136919315403423,0.15527950310559005,17939,0.2258765817492614,119,90,53,37,0.5888888888888889,0.5714285714285714,53.0,0.6304444444444445,4,ppdai_imb77,rf
6,0.75,most_risky,0.7798343886994642,0.5777777777777777,0.13844515441959532,0.15555555555555556,20527,0.22463097383933356,140,105,64,41,0.6095238095238096,0.5857142857142857,64.0,0.6241904761904761,4,ppdai_imb77,rf
7,0.75,most_risky,0.782439446366782,0.5297029702970297,0.10510805500982318,0.0594059405940594,23120,0.22435121107266437,123,93,46,47,0.4946236559139785,0.5284552845528455,46.0,0.6370967741935484,4,ppdai_imb77,rf
8,0.75,most_risky,0.7837837837837838,0.5887850467289719,0.10956521739130434,0.17757009345794392,25714,0.2259469549661663,119,90,56,34,0.6222222222222222,0.5966386554621849,56.0,0.6266666666666667,4,ppdai_imb77,rf
9,0.75,most_risky,0.7845284351819145,0.6049382716049383,0.11565696302124312,0.20987654320987653,28307,0.227929487405942,122,92,53,39,0.5760869565217391,0.5819672131147541,53.0,0.635,4,ppdai_imb77,rf
10,0.75,most_risky,0.7869276816049183,0.6239669421487604,0.10965867828612927,0.24793388429752067,30902,0.22720212283994565,112,84,48,36,0.5714285714285714,0.5535714285714286,48.0,0.6247619047619049,4,ppdai_imb77,rf
0,1.0,most_risky,0.795,0.625,0.11627906976744186,0.25,5000,0.2248,0,0,0,0,0.0,0.0,0.0,0.0,0,ppdai_imb77,rf
1,1.0,most_risky,0.7744262295081967,0.5535714285714286,0.08857142857142856,0.10714285714285714,7623,0.227994227994228,114,114,58,56,0.5087719298245614,0.5087719298245614,58.0,0.5797368421052632,0,ppdai_imb77,rf
2,1.0,most_risky,0.7809756097560976,0.5,0.13140311804008908,0.0,10246,0.22545383564317784,115,115,66,49,0.5739130434782609,0.5739130434782609,66.0,0.5721739130434783,0,ppdai_imb77,rf
3,1.0,most_risky,0.7762237762237763,0.49586776859504134,0.10434782608695652,-0.008264462809917356,12869,0.22573626544409045,117,117,64,53,0.5470085470085471,0.5470085470085471,64.0,0.5869230769230772,0,ppdai_imb77,rf
4,1.0,most_risky,0.7860600193610843,0.6122448979591837,0.12931034482758622,0.22448979591836735,15492,0.22773044151820293,141,141,89,52,0.6312056737588653,0.6312056737588653,89.0,0.5999290780141844,0,ppdai_imb77,rf
5,1.0,most_risky,0.7808446039194038,0.5668449197860963,0.12942612942612944,0.13368983957219252,18115,0.22820866685067623,145,145,68,77,0.4689655172413793,0.4689655172413793,68.0,0.5886206896551723,0,ppdai_imb77,rf
6,1.0,most_risky,0.7868852459016393,0.5376884422110553,0.11902113459399333,0.07537688442211055,20738,0.2273604011958723,107,107,49,58,0.45794392523364486,0.45794392523364486,49.0,0.5999065420560747,0,ppdai_imb77,rf
7,1.0,most_risky,0.7857907126043226,0.5843137254901961,0.14272030651340997,0.16862745098039217,23361,0.23042677967552758,140,140,90,50,0.6428571428571429,0.6428571428571429,90.0,0.5959285714285714,0,ppdai_imb77,rf
8,1.0,most_risky,0.7773715605156821,0.5597014925373134,0.1261564339781329,0.11940298507462686,25984,0.22898706896551724,118,118,59,59,0.5,0.5,59.0,0.5946610169491527,0,ppdai_imb77,rf
9,1.0,most_risky,0.7790982174065012,0.5915492957746479,0.1276595744680851,0.18309859154929578,28607,0.2293494599223966,131,131,69,62,0.5267175572519084,0.5267175572519084,69.0,0.6003053435114503,0,ppdai_imb77,rf
10,1.0,most_risky,0.7768171629843099,0.5889967637540453,0.12560386473429952,0.1779935275080906,31230,0.23000320204931157,129,129,80,49,0.6201550387596899,0.6201550387596899,80.0,0.6091472868217053,0,ppdai_imb77,rf
0,1.0,most_risky,0.764,0.6,0.06224066390041494,0.2,5000,0.2366,0,0,0,0,0.0,0.0,0.0,0.0,1,ppdai_imb77,rf
1,1.0,most_risky,0.7639344262295082,0.45,0.07627118644067797,-0.1,7623,0.23166732257641348,82,82,35,47,0.4268292682926829,0.4268292682926829,35.0,0.571951219512195,1,ppdai_imb77,rf
2,1.0,most_risky,0.7760975609756098,0.514018691588785,0.11904761904761904,0.028037383177570093,10246,0.23394495412844038,100,100,56,44,0.56,0.56,56.0,0.5937999999999999,1,ppdai_imb77,rf
3,1.0,most_risky,0.7688422688422688,0.5154639175257731,0.08361204013377926,0.030927835051546393,12869,0.23335146476027663,110,110,61,49,0.5545454545454546,0.5545454545454546,61.0,0.5892727272727272,1,ppdai_imb77,rf
4,1.0,most_risky,0.7802516940948693,0.5944055944055944,0.12005649717514125,0.1888111888111888,15492,0.23173250710043894,108,108,60,48,0.5555555555555556,0.5555555555555556,60.0,0.5837962962962963,1,ppdai_imb77,rf
5,1.0,most_risky,0.7667678719293404,0.5401459854014599,0.08644859813084112,0.08029197080291971,18115,0.2303615788020977,124,124,76,48,0.6129032258064516,0.6129032258064516,76.0,0.605725806451613,1,ppdai_imb77,rf
6,1.0,most_risky,0.7692864030858245,0.5594059405940595,0.11518858307849134,0.1188118811881188,20738,0.23136271578744333,118,118,67,51,0.5677966101694916,0.5677966101694916,67.0,0.589576271186441,1,ppdai_imb77,rf
7,1.0,most_risky,0.7864326984806335,0.5502183406113537,0.12340842311459353,0.10043668122270742,23361,0.2318393904370532,105,105,63,42,0.6,0.6,63.0,0.6,1,ppdai_imb77,rf
8,1.0,most_risky,0.7660188570329036,0.5017921146953405,0.11503697617091208,0.0035842293906810036,25984,0.2312192118226601,133,133,71,62,0.5338345864661654,0.5338345864661654,71.0,0.6150375939849623,1,ppdai_imb77,rf
9,1.0,most_risky,0.7775253407899336,0.5407166123778502,0.12788906009244994,0.08143322475570032,28607,0.2318313699444192,114,114,64,50,0.5614035087719298,0.5614035087719298,64.0,0.6013157894736844,1,ppdai_imb77,rf
10,1.0,most_risky,0.7782580851745117,0.5382165605095541,0.11994322214336409,0.07643312101910828,31230,0.23000320204931157,140,140,92,48,0.6571428571428571,0.6571428571428571,92.0,0.6014999999999999,1,ppdai_imb77,rf
0,1.0,most_risky,0.791,0.5471698113207547,0.13551401869158877,0.09433962264150944,5000,0.2286,0,0,0,0,0.0,0.0,0.0,0.0,2,ppdai_imb77,rf
1,1.0,most_risky,0.7967213114754098,0.6338028169014085,0.13677811550151975,0.2676056338028169,7623,0.23022432113341204,150,150,85,65,0.5666666666666667,0.5666666666666667,85.0,0.5896666666666666,2,ppdai_imb77,rf
2,1.0,most_risky,0.7878048780487805,0.5045045045045045,0.12844036697247707,0.009009009009009009,10246,0.22867460472379464,150,150,81,69,0.54,0.54,81.0,0.6038,2,ppdai_imb77,rf
3,1.0,most_risky,0.785936285936286,0.5547445255474452,0.13427561837455831,0.10948905109489052,12869,0.2266687388297459,147,147,84,63,0.5714285714285714,0.5714285714285714,84.0,0.5945578231292517,2,ppdai_imb77,rf
4,1.0,most_risky,0.7854146498870603,0.5590062111801242,0.13157894736842105,0.11801242236024845,15492,0.22902143041569842,135,135,77,58,0.5703703703703704,0.5703703703703704,77.0,0.6139259259259259,2,ppdai_imb77,rf
5,1.0,most_risky,0.7825006900358819,0.5706806282722513,0.13374233128834356,0.14136125654450263,18115,0.22848468120342258,143,143,87,56,0.6083916083916084,0.6083916083916084,87.0,0.5960139860139859,2,ppdai_imb77,rf
6,1.0,most_risky,0.7801350048216008,0.5467980295566502,0.11922663802363051,0.09359605911330049,20738,0.22842125566592728,130,130,76,54,0.5846153846153846,0.5846153846153846,76.0,0.6027692307692306,2,ppdai_imb77,rf
7,1.0,most_risky,0.7789428632570083,0.5352112676056338,0.10877862595419847,0.07042253521126761,23361,0.22892855614057617,128,128,62,66,0.484375,0.484375,62.0,0.5978125,2,ppdai_imb77,rf
8,1.0,most_risky,0.7848758899365018,0.5719424460431655,0.13730569948186527,0.14388489208633093,25984,0.2300261699507389,128,128,70,58,0.546875,0.546875,70.0,0.59921875,2,ppdai_imb77,rf
9,1.0,most_risky,0.7790982174065012,0.592,0.11297709923664122,0.184,28607,0.22924459048484636,134,134,73,61,0.5447761194029851,0.5447761194029851,73.0,0.5851492537313433,2,ppdai_imb77,rf
10,1.0,most_risky,0.776496958053154,0.5512367491166078,0.10947368421052632,0.10247349823321555,31230,0.23000320204931157,129,129,75,54,0.5813953488372093,0.5813953488372093,75.0,0.6028682170542636,2,ppdai_imb77,rf
0,1.0,most_risky,0.773,0.5405405405405406,0.08695652173913043,0.08108108108108109,5000,0.2296,0,0,0,0,0.0,0.0,0.0,0.0,3,ppdai_imb77,rf
1,1.0,most_risky,0.7770491803278688,0.6451612903225806,0.11173184357541899,0.2903225806451613,7623,0.23048668503213957,102,102,54,48,0.5294117647058824,0.5294117647058824,54.0,0.5893137254901959,3,ppdai_imb77,rf
2,1.0,most_risky,0.7795121951219512,0.4845360824742268,0.10467706013363029,-0.030927835051546393,10246,0.23023618973257856,117,117,63,54,0.5384615384615384,0.5384615384615384,63.0,0.5849572649572652,3,ppdai_imb77,rf
3,1.0,most_risky,0.7750582750582751,0.4583333333333333,0.09666080843585237,-0.08333333333333333,12869,0.23187504856632216,108,108,59,49,0.5462962962962963,0.5462962962962963,59.0,0.5913888888888889,3,ppdai_imb77,rf
4,1.0,most_risky,0.7721845756695709,0.5074626865671642,0.096045197740113,0.014925373134328358,15492,0.23166795765556417,137,137,82,55,0.5985401459854015,0.5985401459854015,82.0,0.5890510948905109,3,ppdai_imb77,rf
5,1.0,most_risky,0.774496273806238,0.5597826086956522,0.12276519666269368,0.11956521739130435,18115,0.2310792161192382,142,142,82,60,0.5774647887323944,0.5774647887323944,82.0,0.587112676056338,3,ppdai_imb77,rf
6,1.0,most_risky,0.7688042430086789,0.4975845410628019,0.10751565762004175,-0.004830917874396135,20738,0.23063940592149676,113,113,59,54,0.5221238938053098,0.5221238938053098,59.0,0.5995575221238939,3,ppdai_imb77,rf
7,1.0,most_risky,0.7802268350096297,0.5518867924528302,0.111534795042898,0.10377358490566038,23361,0.22982749026154703,125,125,73,52,0.584,0.584,73.0,0.5876800000000002,3,ppdai_imb77,rf
8,1.0,most_risky,0.777756397921878,0.5916666666666667,0.11843202668890743,0.18333333333333332,25984,0.2292179802955665,137,137,82,55,0.5985401459854015,0.5985401459854015,82.0,0.6002919708029197,3,ppdai_imb77,rf
9,1.0,most_risky,0.7846906675987417,0.5810276679841897,0.11547525530243519,0.16205533596837945,28607,0.22976893767259762,130,130,86,44,0.6615384615384615,0.6615384615384615,86.0,0.6053076923076923,3,ppdai_imb77,rf
10,1.0,most_risky,0.7843419788664745,0.5620915032679739,0.12418772563176896,0.12418300653594772,31230,0.23000320204931157,130,130,79,51,0.6076923076923076,0.6076923076923076,79.0,0.6018461538461538,3,ppdai_imb77,rf
0,1.0,most_risky,0.777,0.5384615384615384,0.12334801762114538,0.07692307692307693,5000,0.2324,0,0,0,0,0.0,0.0,0.0,0.0,4,ppdai_imb77,rf
1,1.0,most_risky,0.7698360655737705,0.5476190476190477,0.12813370473537605,0.09523809523809523,7623,0.2311425947789584,164,164,92,72,0.5609756097560976,0.5609756097560976,92.0,0.6103048780487805,4,ppdai_imb77,rf
2,1.0,most_risky,0.7770731707317073,0.4954954954954955,0.1206140350877193,-0.009009009009009009,10246,0.23218817099355846,137,137,82,55,0.5985401459854015,0.5985401459854015,82.0,0.6099270072992701,4,ppdai_imb77,rf
3,1.0,most_risky,0.7832167832167832,0.6036036036036037,0.1153184165232358,0.2072072072072072,12869,0.2279120366772865,139,139,68,71,0.4892086330935252,0.4892086330935252,68.0,0.6114388489208633,4,ppdai_imb77,rf
4,1.0,most_risky,0.7776702161987737,0.5253164556962026,0.11908177905308465,0.05063291139240506,15492,0.22631035373095792,133,133,77,56,0.5789473684210527,0.5789473684210527,77.0,0.5817293233082707,4,ppdai_imb77,rf
5,1.0,most_risky,0.7802925752139112,0.6114649681528662,0.11552346570397112,0.2229299363057325,18115,0.22798785536847915,142,142,83,59,0.5845070422535211,0.5845070422535211,83.0,0.6025352112676056,4,ppdai_imb77,rf
6,1.0,most_risky,0.7919479267116682,0.6120218579234973,0.12389380530973451,0.22404371584699453,20738,0.22697463593403414,141,141,76,65,0.5390070921985816,0.5390070921985816,76.0,0.5995744680851063,4,ppdai_imb77,rf
7,1.0,most_risky,0.7770169056280762,0.5939086294416244,0.10843373493975904,0.18781725888324874,23361,0.22695946235178288,119,119,62,57,0.5210084033613446,0.5210084033613446,62.0,0.5966386554621852,4,ppdai_imb77,rf
8,1.0,most_risky,0.7752549547816048,0.5875,0.11652892561983472,0.175,25984,0.22860221674876846,122,122,71,51,0.5819672131147541,0.5819672131147541,71.0,0.605,4,ppdai_imb77,rf
9,1.0,most_risky,0.7887102411744146,0.6277372262773723,0.1344800625488663,0.25547445255474455,28607,0.23071276261054988,128,128,75,53,0.5859375,0.5859375,75.0,0.6022656249999999,4,ppdai_imb77,rf
10,1.0,most_risky,0.7753762407941083,0.5718849840255591,0.12361878453038674,0.14376996805111822,31230,0.23000320204931157,123,123,70,53,0.5691056910569106,0.5691056910569106,70.0,0.5963414634146342,4,ppdai_imb77,rf
