iteration,exploration_rate,ranking_strategy,accuracy,precision,recall,kickout,training_set_size,training_default_rate,n_rejects_total,n_explored,n_explored_defaulted,n_explored_repaid,exploration_default_rate,reject_default_rate,exploration_cost,explored_risk_mean,run,dataset,model
0,0.0,least_risky,0.7838333333333334,0.562874251497006,0.07132018209408195,0.12574850299401197,60000,0.22338333333333332,0,0,0,0,0.0,0.0,0.0,0.0,0,lendingclub_imb77,rf
1,0.0,least_risky,0.7820315860628034,0.5060975609756098,0.04674739509997184,0.012195121951219513,81363,0.221279942971621,589,0,0,0,0.0,0.0,0.0,0.0,0,lendingclub_imb77,rf
2,0.0,least_risky,0.7817836812144212,0.5360824742268041,0.046089076002658984,0.07216494845360824,102761,0.22023919580385554,554,0,0,0,0.0,0.0,0.0,0.0,0,lendingclub_imb77,rf
3,0.0,least_risky,0.7836499758492996,0.5615763546798029,0.04202764976958526,0.12315270935960591,124218,0.21957365277174,495,0,0,0,0.0,0.0,0.0,0.0,0,lendingclub_imb77,rf
4,0.0,least_risky,0.784578941947887,0.4950884086444008,0.04019138755980861,-0.009823182711198428,145642,0.21898902789030636,528,0,0,0,0.0,0.0,0.0,0.0,0,lendingclub_imb77,rf
5,0.0,least_risky,0.7854898087456227,0.5319548872180451,0.03930009720872101,0.06390977443609022,167052,0.21883605104997247,542,0,0,0,0.0,0.0,0.0,0.0,0,lendingclub_imb77,rf
6,0.0,least_risky,0.785181844709128,0.5448275862068965,0.038773006134969326,0.0896551724137931,188484,0.21860210946287217,520,0,0,0,0.0,0.0,0.0,0.0,0,lendingclub_imb77,rf
7,0.0,least_risky,0.7839150516642065,0.5245098039215687,0.03525148253898529,0.049019607843137254,210010,0.2186943478881958,426,0,0,0,0.0,0.0,0.0,0.0,0,lendingclub_imb77,rf
8,0.0,least_risky,0.7828894792544115,0.5152838427947598,0.03514345279459943,0.03056768558951965,231494,0.21830371413513958,468,0,0,0,0.0,0.0,0.0,0.0,0,lendingclub_imb77,rf
9,0.0,least_risky,0.7818163850182824,0.5163398692810458,0.035701373825018076,0.032679738562091505,252972,0.21817829641225117,474,0,0,0,0.0,0.0,0.0,0.0,0,lendingclub_imb77,rf
10,0.0,least_risky,0.7822213314870823,0.5213675213675214,0.035618952285618954,0.042735042735042736,274428,0.21831955922865015,496,0,0,0,0.0,0.0,0.0,0.0,0,lendingclub_imb77,rf
0,0.0,least_risky,0.7800833333333334,0.5563139931740614,0.06100299401197605,0.11262798634812286,60000,0.22658333333333333,0,0,0,0,0.0,0.0,0.0,0.0,1,lendingclub_imb77,rf
1,0.0,least_risky,0.7773821218074656,0.49184782608695654,0.05,-0.016304347826086956,81436,0.2239058892872931,516,0,0,0,0.0,0.0,0.0,0.0,1,lendingclub_imb77,rf
2,0.0,least_risky,0.7828496427008896,0.5495978552278821,0.045515097690941385,0.09919571045576407,102852,0.22082215221872203,536,0,0,0,0.0,0.0,0.0,0.0,1,lendingclub_imb77,rf
3,0.0,least_risky,0.7803121731434548,0.5066666666666667,0.04170477409914029,0.013333333333333334,124288,0.22050399073120494,516,0,0,0,0.0,0.0,0.0,0.0,1,lendingclub_imb77,rf
4,0.0,least_risky,0.7777282239527943,0.5169491525423728,0.03756735950731332,0.03389830508474576,145742,0.21957294396948032,498,0,0,0,0.0,0.0,0.0,0.0,1,lendingclub_imb77,rf
5,0.0,least_risky,0.7830064577852188,0.5349794238683128,0.03565551289083928,0.06995884773662552,167238,0.21900525000298976,456,0,0,0,0.0,0.0,0.0,0.0,1,lendingclub_imb77,rf
6,0.0,least_risky,0.7811688655751603,0.5,0.03256658595641646,0.0,188730,0.21857680284003603,460,0,0,0,0.0,0.0,0.0,0.0,1,lendingclub_imb77,rf
7,0.0,least_risky,0.783025373950679,0.5188356164383562,0.03312923682484146,0.03767123287671233,210252,0.21850921751041608,430,0,0,0,0.0,0.0,0.0,0.0,1,lendingclub_imb77,rf
8,0.0,least_risky,0.7825148873737809,0.5064102564102564,0.03132434575733545,0.01282051282051282,231738,0.21838023975351475,466,0,0,0,0.0,0.0,0.0,0.0,1,lendingclub_imb77,rf
9,0.0,least_risky,0.7810050350478823,0.5052473763118441,0.030365831681384032,0.010494752623688156,253225,0.2183710139204265,465,0,0,0,0.0,0.0,0.0,0.0,1,lendingclub_imb77,rf
10,0.0,least_risky,0.7823586159194743,0.5361702127659574,0.031479013990672884,0.07234042553191489,274695,0.21842042993137845,482,0,0,0,0.0,0.0,0.0,0.0,1,lendingclub_imb77,rf
0,0.0,least_risky,0.7753333333333333,0.5,0.04896142433234421,0.0,60000,0.2216,0,0,0,0,0.0,0.0,0.0,0.0,2,lendingclub_imb77,rf
1,0.0,least_risky,0.7802319160684704,0.545751633986928,0.04626038781163435,0.0915032679738562,81492,0.21994797035291808,460,0,0,0,0.0,0.0,0.0,0.0,2,lendingclub_imb77,rf
2,0.0,least_risky,0.7789208074534162,0.5015015015015015,0.03664691683124863,0.003003003003003003,103036,0.21984549089638572,408,0,0,0,0.0,0.0,0.0,0.0,2,lendingclub_imb77,rf
3,0.0,least_risky,0.7805847859265804,0.5297157622739018,0.03736784542471746,0.059431524547803614,124486,0.2191170091415902,502,0,0,0,0.0,0.0,0.0,0.0,2,lendingclub_imb77,rf
4,0.0,least_risky,0.781294964028777,0.5021551724137931,0.036486063263388664,0.004310344827586207,145946,0.21863565976457044,492,0,0,0,0.0,0.0,0.0,0.0,2,lendingclub_imb77,rf
5,0.0,least_risky,0.7834100005974073,0.5207547169811321,0.03794857692836519,0.04150943396226415,167386,0.21811262590658717,512,0,0,0,0.0,0.0,0.0,0.0,2,lendingclub_imb77,rf
6,0.0,least_risky,0.782452145826163,0.5008517887563884,0.03577512776831346,0.0017035775127768314,188855,0.2177702470149056,483,0,0,0,0.0,0.0,0.0,0.0,2,lendingclub_imb77,rf
7,0.0,least_risky,0.781745560019971,0.5207986688851913,0.034003259098316134,0.04159733777038269,210305,0.218178360000951,502,0,0,0,0.0,0.0,0.0,0.0,2,lendingclub_imb77,rf
8,0.0,least_risky,0.7822653721682848,0.5279411764705882,0.03543928923988154,0.05588235294117647,231749,0.21823610889367376,508,0,0,0,0.0,0.0,0.0,0.0,2,lendingclub_imb77,rf
9,0.0,least_risky,0.7794913313060305,0.5251989389920424,0.035341365461847386,0.050397877984084884,253208,0.21872531673564816,493,0,0,0,0.0,0.0,0.0,0.0,2,lendingclub_imb77,rf
10,0.0,least_risky,0.7816533469261437,0.5369649805447471,0.03435399551904406,0.07392996108949416,274653,0.2184283441287734,507,0,0,0,0.0,0.0,0.0,0.0,2,lendingclub_imb77,rf
0,0.0,least_risky,0.77875,0.5595238095238095,0.05251396648044693,0.11904761904761904,60000,0.22273333333333334,0,0,0,0,0.0,0.0,0.0,0.0,3,lendingclub_imb77,rf
1,0.0,least_risky,0.7788278613071494,0.5419161676646707,0.049834801762114536,0.08383233532934131,81472,0.2210943637077769,480,0,0,0,0.0,0.0,0.0,0.0,3,lendingclub_imb77,rf
2,0.0,least_risky,0.7818040511002089,0.5028571428571429,0.039163328882955054,0.005714285714285714,102933,0.21970602236406206,491,0,0,0,0.0,0.0,0.0,0.0,3,lendingclub_imb77,rf
3,0.0,least_risky,0.779528191938271,0.53125,0.04009433962264151,0.0625,124415,0.21925009042318047,470,0,0,0,0.0,0.0,0.0,0.0,3,lendingclub_imb77,rf
4,0.0,least_risky,0.7837291388232068,0.5068493150684932,0.03514326420769352,0.0136986301369863,145903,0.21902222709608438,464,0,0,0,0.0,0.0,0.0,0.0,3,lendingclub_imb77,rf
5,0.0,least_risky,0.7831933777605116,0.525691699604743,0.0365334432083505,0.05138339920948617,167315,0.21849206586378986,540,0,0,0,0.0,0.0,0.0,0.0,3,lendingclub_imb77,rf
6,0.0,least_risky,0.7802707213053959,0.53125,0.034698042982350824,0.0625,188755,0.21872798071574262,512,0,0,0,0.0,0.0,0.0,0.0,3,lendingclub_imb77,rf
7,0.0,least_risky,0.7822674626013747,0.5311973018549747,0.03426892950391645,0.06239460370994941,210231,0.21847396435349686,476,0,0,0,0.0,0.0,0.0,0.0,3,lendingclub_imb77,rf
8,0.0,least_risky,0.7833977083917744,0.5424739195230999,0.036057454185240215,0.08494783904619971,231712,0.21877157851125534,471,0,0,0,0.0,0.0,0.0,0.0,3,lendingclub_imb77,rf
9,0.0,least_risky,0.780338032618568,0.532033426183844,0.03419568525646764,0.06406685236768803,253229,0.21897570973308744,435,0,0,0,0.0,0.0,0.0,0.0,3,lendingclub_imb77,rf
10,0.0,least_risky,0.7814928741741141,0.5312868949232585,0.03731962182783215,0.06257378984651712,274702,0.21858959891081972,479,0,0,0,0.0,0.0,0.0,0.0,3,lendingclub_imb77,rf
0,0.0,least_risky,0.7698333333333334,0.5314685314685315,0.05467625899280575,0.06293706293706294,60000,0.22443333333333335,0,0,0,0,0.0,0.0,0.0,0.0,4,lendingclub_imb77,rf
1,0.0,least_risky,0.7747775391224302,0.5465465465465466,0.04917589840583626,0.09309309309309309,81473,0.22176672026315467,479,0,0,0,0.0,0.0,0.0,0.0,4,lendingclub_imb77,rf
2,0.0,least_risky,0.781523217408199,0.5468277945619335,0.039964672113049236,0.09365558912386707,102936,0.22100139892748893,489,0,0,0,0.0,0.0,0.0,0.0,4,lendingclub_imb77,rf
3,0.0,least_risky,0.7803995658640511,0.542528735632184,0.04290909090909091,0.08505747126436781,124384,0.22071166709544637,504,0,0,0,0.0,0.0,0.0,0.0,4,lendingclub_imb77,rf
4,0.0,least_risky,0.7811139674378749,0.549792531120332,0.041187441715884364,0.0995850622406639,145872,0.21989826697378523,464,0,0,0,0.0,0.0,0.0,0.0,4,lendingclub_imb77,rf
5,0.0,least_risky,0.7818828026999581,0.5441767068273092,0.036885803729413365,0.08835341365461848,167408,0.2194279843257192,416,0,0,0,0.0,0.0,0.0,0.0,4,lendingclub_imb77,rf
6,0.0,least_risky,0.7819365768436656,0.5045871559633027,0.03336164017954628,0.009174311926605505,188889,0.21893810650699616,471,0,0,0,0.0,0.0,0.0,0.0,4,lendingclub_imb77,rf
7,0.0,least_risky,0.783711203003945,0.5480314960629922,0.03798297314996726,0.09606299212598425,210386,0.21899746180829524,455,0,0,0,0.0,0.0,0.0,0.0,4,lendingclub_imb77,rf
8,0.0,least_risky,0.7818856366342399,0.5137880986937591,0.034942256440627775,0.027576197387518143,231802,0.21914392455630236,536,0,0,0,0.0,0.0,0.0,0.0,4,lendingclub_imb77,rf
9,0.0,least_risky,0.7794074103318265,0.5148005148005148,0.03572066440435792,0.029601029601029602,253294,0.21897084020940094,460,0,0,0,0.0,0.0,0.0,0.0,4,lendingclub_imb77,rf
10,0.0,least_risky,0.783352441265855,0.5631901840490797,0.03822451698867422,0.1263803680981595,274752,0.2186262520382017,494,0,0,0,0.0,0.0,0.0,0.0,4,lendingclub_imb77,rf
0,0.01,least_risky,0.7838333333333334,0.562874251497006,0.07132018209408195,0.12574850299401197,60000,0.22338333333333332,0,0,0,0,0.0,0.0,0.0,0.0,0,lendingclub_imb77,rf
1,0.01,least_risky,0.781491950350252,0.5406976744186046,0.05189732142857143,0.08139534883720931,81369,0.22131278496724796,589,6,4,2,0.6666666666666666,0.5212224108658744,4.0,0.5099999999999999,0,lendingclub_imb77,rf
2,0.01,least_risky,0.7802588052150223,0.5346260387811634,0.042492294143549096,0.06925207756232687,102776,0.22041138008873667,551,6,5,1,0.8333333333333334,0.4882032667876588,5.0,0.5099999999999999,0,lendingclub_imb77,rf
3,0.01,least_risky,0.7823602784372108,0.5165876777251185,0.04019915176101789,0.03317535545023697,124262,0.2196407590413803,471,5,2,3,0.4,0.554140127388535,2.0,0.51,0,lendingclub_imb77,rf
4,0.01,least_risky,0.7822162737225025,0.49256900212314225,0.036598832623442185,-0.014861995753715499,145692,0.218961919666145,528,6,0,6,0.0,0.5757575757575758,0.0,0.5099999999999999,0,lendingclub_imb77,rf
5,0.01,least_risky,0.780008377213978,0.5056390977443609,0.036553879603206954,0.011278195488721804,167118,0.21886930193037255,532,6,3,3,0.5,0.543233082706767,3.0,0.5099999999999999,0,lendingclub_imb77,rf
6,0.01,least_risky,0.7832900249244312,0.5400372439478585,0.035296981499513144,0.08007448789571694,188569,0.21858842121451563,507,6,4,2,0.6666666666666666,0.5680473372781065,4.0,0.5099999999999999,0,lendingclub_imb77,rf
7,0.01,least_risky,0.7845564256980315,0.5476190476190477,0.035357417371252885,0.09523809523809523,210053,0.21861149328978877,473,5,2,3,0.4,0.5539112050739958,2.0,0.51,0,lendingclub_imb77,rf
8,0.01,least_risky,0.7820745346979315,0.5212298682284041,0.03517091483896463,0.0424597364568082,231570,0.21830979833311742,440,5,2,3,0.4,0.5227272727272727,2.0,0.51,0,lendingclub_imb77,rf
9,0.01,least_risky,0.7854207011026361,0.553041018387553,0.03576001463325407,0.10608203677510608,253027,0.2181901536199694,500,5,2,3,0.4,0.556,2.0,0.51,0,lendingclub_imb77,rf
10,0.01,least_risky,0.7826411657559199,0.513317191283293,0.03546633207862819,0.026634382566585957,274496,0.21841119724877595,488,5,3,2,0.6,0.48360655737704916,3.0,0.51,0,lendingclub_imb77,rf
0,0.01,least_risky,0.7800833333333334,0.5563139931740614,0.06100299401197605,0.11262798634812286,60000,0.22658333333333333,0,0,0,0,0.0,0.0,0.0,0.0,1,lendingclub_imb77,rf
1,0.01,least_risky,0.7753084903922893,0.5344827586206896,0.050488599348534204,0.06896551724137931,81442,0.2239262297094865,516,6,3,3,0.5,0.5310077519379846,3.0,0.5099999999999999,1,lendingclub_imb77,rf
2,0.01,least_risky,0.7770973072810343,0.5487804878048781,0.0389779125162408,0.0975609756097561,102867,0.22080939465523444,533,6,5,1,0.8333333333333334,0.5309568480300187,5.0,0.5099999999999999,1,lendingclub_imb77,rf
3,0.01,least_risky,0.778631172591282,0.4894613583138173,0.03802765647743814,-0.02107728337236534,124339,0.220526142240166,485,5,2,3,0.4,0.5690721649484536,2.0,0.51,1,lendingclub_imb77,rf
4,0.01,least_risky,0.7811395835477342,0.5555555555555556,0.03965168714041362,0.1111111111111111,145752,0.2196196278610242,545,6,5,1,0.8333333333333334,0.5137614678899083,5.0,0.5099999999999999,1,lendingclub_imb77,rf
5,0.01,least_risky,0.7806146854819421,0.496309963099631,0.036678483774202346,-0.007380073800738007,167236,0.21907962400440098,473,5,3,2,0.6,0.5496828752642706,3.0,0.51,1,lendingclub_imb77,rf
6,0.01,least_risky,0.7819116516946233,0.5527831094049904,0.03476161738080869,0.10556621880998081,188681,0.2187024660670656,513,6,4,2,0.6666666666666666,0.5126705653021443,4.0,0.5099999999999999,1,lendingclub_imb77,rf
7,0.01,least_risky,0.7804657579866314,0.5218855218855218,0.03349540788762831,0.04377104377104377,210192,0.21863343990256529,446,5,4,1,0.8,0.5650224215246636,4.0,0.51,1,lendingclub_imb77,rf
8,0.01,least_risky,0.7787369965899771,0.5236728837876614,0.03548857559552747,0.047345767575322814,231668,0.21847644042336448,481,5,3,2,0.6,0.5862785862785863,3.0,0.51,1,lendingclub_imb77,rf
9,0.01,least_risky,0.7821234567901234,0.5320261437908497,0.036736167524144776,0.06405228758169934,253121,0.21840147597394133,505,6,2,4,0.3333333333333333,0.5445544554455446,2.0,0.5099999999999999,1,lendingclub_imb77,rf
10,0.01,least_risky,0.7812659334255955,0.5321944809461235,0.03357930519857392,0.06438896189224705,274578,0.21839695824137403,500,5,0,5,0.0,0.538,0.0,0.51,1,lendingclub_imb77,rf
0,0.01,least_risky,0.7753333333333333,0.5,0.04896142433234421,0.0,60000,0.2216,0,0,0,0,0.0,0.0,0.0,0.0,2,lendingclub_imb77,rf
1,0.01,least_risky,0.7798159509202454,0.5095541401273885,0.04450625869262865,0.01910828025477707,81497,0.21995901689632746,460,5,2,3,0.4,0.5130434782608696,2.0,0.51,2,lendingclub_imb77,rf
2,0.01,least_risky,0.7781230276253823,0.5061349693251533,0.036073458679492784,0.012269938650306749,102982,0.21949466897127654,472,5,2,3,0.4,0.5614406779661016,2.0,0.51,2,lendingclub_imb77,rf
3,0.01,least_risky,0.7804878048780488,0.5527065527065527,0.035272727272727275,0.10541310541310542,124434,0.21871032033045631,506,6,4,2,0.6666666666666666,0.5632411067193676,4.0,0.5099999999999999,2,lendingclub_imb77,rf
4,0.01,least_risky,0.7815926535087719,0.4868995633187773,0.035051870480980823,-0.026200873362445413,145916,0.21841333369884042,475,5,2,3,0.4,0.5242105263157895,2.0,0.51,2,lendingclub_imb77,rf
5,0.01,least_risky,0.7853814445307365,0.5061224489795918,0.03448755388680295,0.012244897959183673,167386,0.21797521895499025,487,5,2,3,0.4,0.5400410677618069,2.0,0.51,2,lendingclub_imb77,rf
6,0.01,least_risky,0.7821734985700667,0.4850615114235501,0.03362163479108296,-0.029876977152899824,188817,0.21754397114666582,527,6,3,3,0.5,0.5673624288425048,3.0,0.5099999999999999,2,lendingclub_imb77,rf
7,0.01,least_risky,0.780076081787922,0.5082872928176796,0.029808834647370126,0.016574585635359115,210297,0.21798218709729572,477,5,4,1,0.8,0.570230607966457,4.0,0.51,2,lendingclub_imb77,rf
8,0.01,least_risky,0.7808718534975518,0.5088566827697263,0.031071779744346117,0.017713365539452495,231805,0.2181100493949656,449,5,1,4,0.2,0.5746102449888641,1.0,0.51,2,lendingclub_imb77,rf
9,0.01,least_risky,0.779165926539957,0.5289139633286318,0.033392698130008905,0.05782792665726375,253334,0.21872705598143163,428,5,1,4,0.2,0.5817757009345794,1.0,0.51,2,lendingclub_imb77,rf
10,0.01,least_risky,0.7796859934142304,0.5347885402455662,0.03223419126716553,0.06957708049113233,274833,0.21851451608795158,458,5,0,5,0.0,0.5240174672489083,0.0,0.51,2,lendingclub_imb77,rf
0,0.01,least_risky,0.77875,0.5595238095238095,0.05251396648044693,0.11904761904761904,60000,0.22273333333333334,0,0,0,0,0.0,0.0,0.0,0.0,3,lendingclub_imb77,rf
1,0.01,least_risky,0.7743618065783014,0.565597667638484,0.05212251477700161,0.13119533527696792,81477,0.22109306920971564,480,5,1,4,0.2,0.5,1.0,0.51,3,lendingclub_imb77,rf
2,0.01,least_risky,0.7782957028404953,0.5380710659898477,0.04612706701479547,0.07614213197969544,102972,0.21977819212989938,462,5,2,3,0.4,0.512987012987013,2.0,0.51,3,lendingclub_imb77,rf
3,0.01,least_risky,0.776657697096269,0.5534883720930233,0.04244694132334582,0.10697674418604651,124493,0.2194340244029785,436,5,4,1,0.8,0.5435779816513762,4.0,0.51,3,lendingclub_imb77,rf
4,0.01,least_risky,0.7826786753878292,0.5597345132743363,0.03953125,0.11946902654867257,146003,0.21913248357910453,447,5,2,3,0.4,0.5659955257270693,2.0,0.51,3,lendingclub_imb77,rf
5,0.01,least_risky,0.7781294792164357,0.49624060150375937,0.03555076757339079,-0.007518796992481203,167436,0.21859695644903127,525,6,4,2,0.6666666666666666,0.5561904761904762,4.0,0.5099999999999999,3,lendingclub_imb77,rf
6,0.01,least_risky,0.7782188699219267,0.5717092337917485,0.03442564769904176,0.14341846758349705,188922,0.21886281110722944,471,5,3,2,0.6,0.5286624203821656,3.0,0.51,3,lendingclub_imb77,rf
7,0.01,least_risky,0.7802090757899739,0.5384615384615384,0.0338855421686747,0.07692307692307693,210446,0.21874495119888238,433,5,3,2,0.6,0.5311778290993071,3.0,0.51,3,lendingclub_imb77,rf
8,0.01,least_risky,0.7812601038949841,0.5456026058631922,0.032830262642101135,0.09120521172638436,231965,0.21904166576854267,438,5,1,4,0.2,0.5799086757990868,1.0,0.51,3,lendingclub_imb77,rf
9,0.01,least_risky,0.782676450862035,0.5470588235294118,0.03357097734861474,0.09411764705882353,253470,0.21916203100958692,452,5,3,2,0.6,0.5907079646017699,3.0,0.51,3,lendingclub_imb77,rf
10,0.01,least_risky,0.7805800527320665,0.555699481865285,0.03529992594421131,0.11139896373056994,274972,0.21881136988493374,455,5,2,3,0.4,0.5472527472527473,2.0,0.51,3,lendingclub_imb77,rf
0,0.01,least_risky,0.7698333333333334,0.5314685314685315,0.05467625899280575,0.06293706293706294,60000,0.22443333333333335,0,0,0,0,0.0,0.0,0.0,0.0,4,lendingclub_imb77,rf
1,0.01,least_risky,0.7754050073637703,0.5206349206349207,0.04465014974135584,0.04126984126984127,81478,0.2217899310243256,479,5,3,2,0.6,0.524008350730689,3.0,0.51,4,lendingclub_imb77,rf
2,0.01,least_risky,0.778976003108909,0.5674300254452926,0.04844666521833587,0.13486005089058525,102927,0.22095271405947906,509,6,4,2,0.6666666666666666,0.5579567779960707,4.0,0.5099999999999999,4,lendingclub_imb77,rf
3,0.01,least_risky,0.7795418006430869,0.5558035714285714,0.044986449864498644,0.11160714285714286,124399,0.22067701508854573,485,5,3,2,0.6,0.5567010309278351,3.0,0.51,4,lendingclub_imb77,rf
4,0.01,least_risky,0.7831048663468129,0.5378151260504201,0.04021995286724273,0.07563025210084033,145898,0.2199481829771484,458,5,2,3,0.4,0.5152838427947598,2.0,0.51,4,lendingclub_imb77,rf
5,0.01,least_risky,0.780805545595793,0.527972027972028,0.04098805646036916,0.055944055944055944,167336,0.2193371420375771,520,6,5,1,0.8333333333333334,0.5288461538461539,5.0,0.5099999999999999,4,lendingclub_imb77,rf
6,0.01,least_risky,0.7808172020231443,0.532347504621072,0.03464870067372473,0.06469500924214418,188813,0.21889382616663047,480,5,3,2,0.6,0.5416666666666666,3.0,0.51,4,lendingclub_imb77,rf
7,0.01,least_risky,0.7831162038798022,0.5802861685214626,0.03957068516912402,0.16057233704292528,210317,0.21893617729427484,453,5,1,4,0.2,0.5607064017660044,1.0,0.51,4,lendingclub_imb77,rf
8,0.01,least_risky,0.7819295823265447,0.5657894736842105,0.03794861737595607,0.13157894736842105,231756,0.21909680871261153,519,6,2,4,0.3333333333333333,0.535645472061657,2.0,0.5099999999999999,4,lendingclub_imb77,rf
9,0.01,least_risky,0.7807502467917078,0.519280205655527,0.03628199371351594,0.038560411311053984,253247,0.21894829948627229,466,5,3,2,0.6,0.5579399141630901,3.0,0.51,4,lendingclub_imb77,rf
10,0.01,least_risky,0.7831182776129725,0.5384615384615384,0.03681135225375626,0.07692307692307693,274733,0.21861225262345624,471,5,3,2,0.6,0.5329087048832272,3.0,0.51,4,lendingclub_imb77,rf
0,0.02,least_risky,0.7838333333333334,0.562874251497006,0.07132018209408195,0.12574850299401197,60000,0.22338333333333332,0,0,0,0,0.0,0.0,0.0,0.0,0,lendingclub_imb77,rf
1,0.02,least_risky,0.7778187403993856,0.5531914893617021,0.04984935634072857,0.10638297872340426,81375,0.221321044546851,589,12,6,6,0.5,0.5212224108658744,6.0,0.5099999999999999,0,lendingclub_imb77,rf
2,0.02,least_risky,0.7830505178198084,0.5325077399380805,0.03836716484496989,0.06501547987616099,102832,0.22044694258596545,506,11,4,7,0.36363636363636365,0.5019762845849802,4.0,0.5099999999999999,0,lendingclub_imb77,rf
3,0.02,least_risky,0.7813392318520008,0.528,0.03627702455111763,0.056,124325,0.21973054494269054,469,10,6,4,0.6,0.5458422174840085,6.0,0.51,0,lendingclub_imb77,rf
4,0.02,least_risky,0.7805522208883553,0.4745762711864407,0.03514276749294007,-0.05084745762711865,145772,0.2191230140218972,516,11,7,4,0.6363636363636364,0.5717054263565892,7.0,0.5099999999999999,0,lendingclub_imb77,rf
5,0.02,least_risky,0.7842767859812805,0.5380228136882129,0.03901295836779708,0.07604562737642585,167201,0.218999886364316,534,11,7,4,0.6363636363636364,0.550561797752809,7.0,0.5099999999999999,0,lendingclub_imb77,rf
6,0.02,least_risky,0.7842113631545474,0.5584905660377358,0.03607556368068251,0.1169811320754717,188679,0.21868358428865958,484,10,6,4,0.6,0.5950413223140496,6.0,0.51,0,lendingclub_imb77,rf
7,0.02,least_risky,0.7841360447139969,0.5290102389078498,0.03402854006586169,0.05802047781569966,210222,0.21876873019950338,418,9,5,4,0.5555555555555556,0.5669856459330144,5.0,0.51,0,lendingclub_imb77,rf
8,0.02,least_risky,0.7814961054652944,0.5131375579598145,0.032728706624605676,0.02627511591962906,231733,0.21844968131427117,450,9,3,6,0.3333333333333333,0.5177777777777778,3.0,0.51,0,lendingclub_imb77,rf
9,0.02,least_risky,0.781263573543929,0.5256588072122053,0.03409499820079165,0.05131761442441054,253247,0.2183362488005781,447,9,3,6,0.3333333333333333,0.5861297539149888,3.0,0.51,0,lendingclub_imb77,rf
10,0.02,least_risky,0.7806551410373066,0.4835443037974684,0.03176186912779579,-0.03291139240506329,274746,0.21853639361446572,463,10,4,6,0.4,0.5032397408207343,4.0,0.51,0,lendingclub_imb77,rf
0,0.02,least_risky,0.7800833333333334,0.5563139931740614,0.06100299401197605,0.11262798634812286,60000,0.22658333333333333,0,0,0,0,0.0,0.0,0.0,0.0,1,lendingclub_imb77,rf
1,0.02,least_risky,0.7761203192142418,0.5176470588235295,0.04810057392730254,0.03529411764705882,81447,0.2239615946566479,516,11,7,4,0.6363636363636364,0.5310077519379846,7.0,0.5099999999999999,1,lendingclub_imb77,rf
2,0.02,least_risky,0.7791437873560426,0.5463659147869674,0.04757747708424269,0.09273182957393483,102891,0.22107861717740132,519,11,9,2,0.8181818181818182,0.49710982658959535,9.0,0.5099999999999999,1,lendingclub_imb77,rf
3,0.02,least_risky,0.7781084124175648,0.5555555555555556,0.041337167505391806,0.1111111111111111,124339,0.22082371580919904,515,11,6,5,0.5454545454545454,0.5359223300970873,6.0,0.5099999999999999,1,lendingclub_imb77,rf
4,0.02,least_risky,0.7819659761284127,0.5357917570498916,0.03865414710485133,0.07158351409978309,145780,0.21982439292083963,522,11,7,4,0.6363636363636364,0.5421455938697318,7.0,0.5099999999999999,1,lendingclub_imb77,rf
5,0.02,least_risky,0.7803755082516144,0.5079365079365079,0.03481098721784063,0.015873015873015872,167236,0.2192291133488005,507,11,4,7,0.36363636363636365,0.5364891518737672,4.0,0.5099999999999999,1,lendingclub_imb77,rf
6,0.02,least_risky,0.7827469266638406,0.54510556621881,0.03443676488420031,0.09021113243761997,188718,0.2187443699064212,480,10,4,6,0.4,0.5666666666666667,4.0,0.51,1,lendingclub_imb77,rf
7,0.02,least_risky,0.7788164216735646,0.5099337748344371,0.033079153689184834,0.019867549668874173,210207,0.21862735303771996,473,10,5,5,0.5,0.5644820295983086,5.0,0.51,1,lendingclub_imb77,rf
8,0.02,least_risky,0.7807004294068144,0.528169014084507,0.03675389591296677,0.056338028169014086,231713,0.2185073776611584,456,10,7,3,0.7,0.5942982456140351,7.0,0.51,1,lendingclub_imb77,rf
9,0.02,least_risky,0.7821492761351742,0.5463347164591977,0.03559520591150762,0.09266943291839558,253152,0.218441884717482,524,11,7,4,0.6363636363636364,0.5343511450381679,7.0,0.5099999999999999,1,lendingclub_imb77,rf
10,0.02,least_risky,0.782273041768326,0.5,0.03269777554775046,0.0,274607,0.21844308411657387,508,11,5,6,0.45454545454545453,0.5354330708661418,5.0,0.5099999999999999,1,lendingclub_imb77,rf
0,0.02,least_risky,0.7753333333333333,0.5,0.04896142433234421,0.0,60000,0.2216,0,0,0,0,0.0,0.0,0.0,0.0,2,lendingclub_imb77,rf
1,0.02,least_risky,0.778663885651187,0.5369127516778524,0.0440771349862259,0.0738255033557047,81502,0.21998233172192094,460,10,5,5,0.5,0.5130434782608696,5.0,0.51,2,lendingclub_imb77,rf
2,0.02,least_risky,0.7770171861345762,0.5128939828080229,0.0388961321164711,0.025787965616045846,102989,0.21970307508568876,475,10,5,5,0.5,0.5221052631578947,5.0,0.51,2,lendingclub_imb77,rf
3,0.02,least_risky,0.7807278277634961,0.5947368421052631,0.040860603869101425,0.18947368421052632,124476,0.21911854494039013,475,10,7,3,0.7,0.5284210526315789,7.0,0.51,2,lendingclub_imb77,rf
4,0.02,least_risky,0.7821588845877154,0.510556621880998,0.041758241758241756,0.02111324376199616,145955,0.21862902949539242,483,10,3,7,0.3,0.5590062111801242,3.0,0.51,2,lendingclub_imb77,rf
5,0.02,least_risky,0.7843828414386426,0.5282331511839709,0.0400055180024831,0.056466302367941715,167378,0.21801550980415585,540,11,8,3,0.7272727272727273,0.562962962962963,8.0,0.5099999999999999,2,lendingclub_imb77,rf
6,0.02,least_risky,0.7818258843465368,0.5277777777777778,0.0390379502054629,0.05555555555555555,188836,0.21778686267449004,505,11,9,2,0.8181818181818182,0.5148514851485149,9.0,0.5099999999999999,2,lendingclub_imb77,rf
7,0.02,least_risky,0.7796952625448668,0.5193929173693086,0.03315036056398665,0.0387858347386172,210342,0.21831588555780587,456,10,6,4,0.6,0.5350877192982456,6.0,0.51,2,lendingclub_imb77,rf
8,0.02,least_risky,0.7812021480794531,0.540090771558245,0.035006864090998235,0.08018154311649017,231832,0.2183779633527727,472,10,7,3,0.7,0.5847457627118644,7.0,0.51,2,lendingclub_imb77,rf
9,0.02,least_risky,0.7825743668699788,0.5314591700133868,0.03588862773458688,0.06291834002677377,253305,0.21887447938256252,489,10,4,6,0.4,0.591002044989775,4.0,0.51,2,lendingclub_imb77,rf
10,0.02,least_risky,0.7821364240097524,0.49935649935649934,0.03240624738996074,-0.001287001287001287,274804,0.2186030771022256,463,10,6,4,0.6,0.5593952483801296,6.0,0.51,2,lendingclub_imb77,rf
0,0.02,least_risky,0.77875,0.5595238095238095,0.05251396648044693,0.11904761904761904,60000,0.22273333333333334,0,0,0,0,0.0,0.0,0.0,0.0,3,lendingclub_imb77,rf
1,0.02,least_risky,0.7796526968153648,0.5523255813953488,0.052384891094568516,0.10465116279069768,81482,0.2211285928180457,480,10,5,5,0.5,0.5,5.0,0.51,3,lendingclub_imb77,rf
2,0.02,least_risky,0.7822243807673628,0.5323529411764706,0.04016866400355082,0.06470588235294118,102950,0.21963088878096163,494,10,3,7,0.3,0.5303643724696356,3.0,0.51,3,lendingclub_imb77,rf
3,0.02,least_risky,0.7780903391737662,0.5115089514066496,0.03615982643283312,0.023017902813299233,124416,0.2191679526748971,496,10,4,6,0.4,0.5383064516129032,4.0,0.51,3,lendingclub_imb77,rf
4,0.02,least_risky,0.7780404248030147,0.5452380952380952,0.035138867577106034,0.09047619047619047,145946,0.21899880777821934,431,9,3,6,0.3333333333333333,0.5475638051044084,3.0,0.51,3,lendingclub_imb77,rf
5,0.02,least_risky,0.7841679357400938,0.5219047619047619,0.03778789132533444,0.04380952380952381,167443,0.2186176788519078,465,10,7,3,0.7,0.5548387096774193,7.0,0.51,3,lendingclub_imb77,rf
6,0.02,least_risky,0.7792097811416625,0.5222602739726028,0.03644401959612857,0.04452054794520548,188935,0.21887950882578663,470,10,5,5,0.5,0.5319148936170213,5.0,0.51,3,lendingclub_imb77,rf
7,0.02,least_risky,0.7824113677407091,0.5387387387387388,0.0325,0.07747747747747748,210419,0.2186589614055765,478,10,5,5,0.5,0.5481171548117155,5.0,0.51,3,lendingclub_imb77,rf
8,0.02,least_risky,0.7827042872847196,0.5570247933884298,0.03320197044334976,0.1140495867768595,231962,0.21897983290366527,418,9,5,4,0.5555555555555556,0.5956937799043063,5.0,0.51,3,lendingclub_imb77,rf
9,0.02,least_risky,0.7794323583361275,0.5460992907801419,0.034228307254623044,0.09219858156028368,253502,0.21918564745051322,421,9,5,4,0.5555555555555556,0.5724465558194775,5.0,0.51,3,lendingclub_imb77,rf
10,0.02,least_risky,0.7840648750863668,0.5378787878787878,0.03569034852546917,0.07575757575757576,274990,0.21881159314884177,474,10,5,5,0.5,0.5506329113924051,5.0,0.51,3,lendingclub_imb77,rf
0,0.02,least_risky,0.7698333333333334,0.5314685314685315,0.05467625899280575,0.06293706293706294,60000,0.22443333333333335,0,0,0,0,0.0,0.0,0.0,0.0,4,lendingclub_imb77,rf
1,0.02,least_risky,0.7799595017487881,0.5635838150289018,0.05371900826446281,0.12716763005780346,81483,0.2217885939398402,479,10,4,6,0.4,0.524008350730689,4.0,0.51,4,lendingclub_imb77,rf
2,0.02,least_risky,0.7810148094197621,0.5517241379310345,0.04223493180818302,0.10344827586206896,102975,0.22112163146394756,470,10,7,3,0.7,0.5531914893617021,7.0,0.51,4,lendingclub_imb77,rf
3,0.02,least_risky,0.7803045522118205,0.5306122448979592,0.042584167424931756,0.061224489795918366,124441,0.22069896577494555,496,10,5,5,0.5,0.5806451612903226,5.0,0.51,4,lendingclub_imb77,rf
4,0.02,least_risky,0.7789809135455573,0.5300429184549357,0.03812905217659771,0.060085836909871244,145913,0.21984333130015832,490,10,5,5,0.5,0.536734693877551,5.0,0.51,4,lendingclub_imb77,rf
5,0.02,least_risky,0.779648871372268,0.5066162570888468,0.036279951265737104,0.013232514177693762,167459,0.21940295833607032,415,9,4,5,0.4444444444444444,0.5397590361445783,4.0,0.51,4,lendingclub_imb77,rf
6,0.02,least_risky,0.7800412720249749,0.5228013029315961,0.03847998081994725,0.04560260586319218,188989,0.21897041626761346,431,9,6,3,0.6666666666666666,0.5754060324825986,6.0,0.51,4,lendingclub_imb77,rf
7,0.02,least_risky,0.7792217048370237,0.5203125,0.035733447794827775,0.040625,210456,0.21900539780286615,495,10,8,2,0.8,0.5434343434343434,8.0,0.51,4,lendingclub_imb77,rf
8,0.02,least_risky,0.7798163159710245,0.5082236842105263,0.030225961068179596,0.01644736842105263,231916,0.21922161472257196,503,11,4,7,0.36363636363636365,0.5188866799204771,4.0,0.5099999999999999,4,lendingclub_imb77,rf
9,0.02,least_risky,0.7826284226307899,0.5544041450777202,0.03854814014230388,0.10880829015544041,253456,0.2190833912000505,421,9,4,5,0.4444444444444444,0.5819477434679335,4.0,0.51,4,lendingclub_imb77,rf
10,0.02,least_risky,0.7822837294731674,0.5205314009661836,0.03589871730801266,0.04106280193236715,274945,0.2186946480205132,473,10,4,6,0.4,0.5560253699788583,4.0,0.51,4,lendingclub_imb77,rf
0,0.05,least_risky,0.7838333333333334,0.562874251497006,0.07132018209408195,0.12574850299401197,60000,0.22338333333333332,0,0,0,0,0.0,0.0,0.0,0.0,0,lendingclub_imb77,rf
1,0.05,least_risky,0.7800847717918791,0.5027932960893855,0.05025125628140704,0.00558659217877095,81393,0.22138267418574079,589,30,15,15,0.5,0.5212224108658744,15.0,0.51,0,lendingclub_imb77,rf
2,0.05,least_risky,0.7804842473745625,0.5441595441595442,0.0420149582050154,0.08831908831908832,102837,0.22053346558145415,535,27,12,15,0.4444444444444444,0.48785046728971965,12.0,0.51,0,lendingclub_imb77,rf
3,0.05,least_risky,0.7798286886234769,0.5326876513317191,0.039985459832788076,0.06537530266343826,124335,0.21981742872079463,478,24,12,12,0.5,0.5418410041841004,12.0,0.51,0,lendingclub_imb77,rf
4,0.05,least_risky,0.78493037931271,0.5374449339207048,0.0386994448850119,0.07488986784140969,145787,0.21913476510251256,527,27,14,13,0.5185185185185185,0.5882352941176471,14.0,0.51,0,lendingclub_imb77,rf
5,0.05,least_risky,0.782385123621035,0.5281553398058253,0.037219485495347565,0.05631067961165048,167244,0.2191349166487288,522,27,14,13,0.5185185185185185,0.524904214559387,14.0,0.51,0,lendingclub_imb77,rf
6,0.05,least_risky,0.7823311258278146,0.539622641509434,0.03462888969608911,0.07924528301886792,188749,0.2189839416367769,471,24,12,12,0.5,0.5392781316348195,12.0,0.51,0,lendingclub_imb77,rf
7,0.05,least_risky,0.7869780272044136,0.5433436532507739,0.038939427557133345,0.08668730650154799,210259,0.219063155441622,466,24,14,10,0.5833333333333334,0.5321888412017167,14.0,0.51,0,lendingclub_imb77,rf
8,0.05,least_risky,0.7800962389141833,0.5204081632653061,0.03493492513944613,0.04081632653061224,231712,0.21857305620770612,526,27,11,16,0.4074074074074074,0.5456273764258555,11.0,0.51,0,lendingclub_imb77,rf
9,0.05,least_risky,0.7819793847004463,0.5152722443559097,0.03506869125090383,0.03054448871181939,253207,0.21844577756539116,482,25,12,13,0.48,0.5726141078838174,12.0,0.51,0,lendingclub_imb77,rf
10,0.05,least_risky,0.7809934654798959,0.5332512315270936,0.03582657620387225,0.0665024630541872,274691,0.21860563323880286,493,25,15,10,0.6,0.5192697768762677,15.0,0.51,0,lendingclub_imb77,rf
0,0.05,least_risky,0.7800833333333334,0.5563139931740614,0.06100299401197605,0.11262798634812286,60000,0.22658333333333333,0,0,0,0,0.0,0.0,0.0,0.0,1,lendingclub_imb77,rf
1,0.05,least_risky,0.7795986006260357,0.5396341463414634,0.04893558197401161,0.07926829268292683,81462,0.22399400947681128,516,26,13,13,0.5,0.5310077519379846,13.0,0.51,1,lendingclub_imb77,rf
2,0.05,least_risky,0.7757054737966875,0.5124378109452736,0.044511668107173726,0.024875621890547265,102943,0.2209086581894835,496,25,20,5,0.8,0.5665322580645161,20.0,0.51,1,lendingclub_imb77,rf
3,0.05,least_risky,0.7806887129826817,0.5206422018348624,0.0414536157779401,0.04128440366972477,124432,0.2207952938150958,488,25,12,13,0.48,0.5307377049180327,12.0,0.51,1,lendingclub_imb77,rf
4,0.05,least_risky,0.7792443773998903,0.5076923076923077,0.04094927873429502,0.015384615384615385,145839,0.2197628892134477,574,29,17,12,0.5862068965517241,0.5331010452961672,17.0,0.51,1,lendingclub_imb77,rf
5,0.05,least_risky,0.7797597705270707,0.5134615384615384,0.03615436696005416,0.026923076923076925,167337,0.21915655234646253,478,24,11,13,0.4583333333333333,0.5711297071129707,11.0,0.51,1,lendingclub_imb77,rf
6,0.05,least_risky,0.783702213279678,0.5697278911564626,0.04059621909840039,0.13945578231292516,188857,0.21891166332198436,455,23,11,12,0.4782608695652174,0.4989010989010989,11.0,0.5099999999999999,1,lendingclub_imb77,rf
7,0.05,least_risky,0.7801388096596311,0.5352112676056338,0.03272335844994618,0.07042253521126761,210357,0.2187899618267992,476,24,11,13,0.4583333333333333,0.5630252100840336,11.0,0.51,1,lendingclub_imb77,rf
8,0.05,least_risky,0.7816300129366106,0.5282199710564399,0.03590046227992525,0.056439942112879886,231899,0.218754716492956,432,22,10,12,0.45454545454545453,0.5625,10.0,0.5099999999999999,1,lendingclub_imb77,rf
9,0.05,least_risky,0.7812703486651276,0.5286103542234333,0.034870135705940504,0.05722070844686648,253391,0.21872521123481103,485,25,13,12,0.52,0.5360824742268041,13.0,0.51,1,lendingclub_imb77,rf
10,0.05,least_risky,0.7816848883956995,0.5481852315394243,0.03626428216592151,0.09637046307884856,274852,0.21869587996448997,517,26,11,15,0.4230769230769231,0.539651837524178,11.0,0.51,1,lendingclub_imb77,rf
0,0.05,least_risky,0.7753333333333333,0.5,0.04896142433234421,0.0,60000,0.2216,0,0,0,0,0.0,0.0,0.0,0.0,2,lendingclub_imb77,rf
1,0.05,least_risky,0.7782003312273814,0.5244755244755245,0.04132231404958678,0.04895104895104895,81515,0.2200453904189413,460,23,13,10,0.5652173913043478,0.5130434782608696,13.0,0.5099999999999999,2,lendingclub_imb77,rf
2,0.05,least_risky,0.776435191925074,0.5640243902439024,0.0397935039793504,0.12804878048780488,103031,0.2197979248963904,459,23,12,11,0.5217391304347826,0.5315904139433552,12.0,0.5099999999999999,2,lendingclub_imb77,rf
3,0.05,least_risky,0.7810869390704022,0.5177111716621253,0.034753978415950244,0.035422343324250684,124569,0.2192680361887789,436,22,7,15,0.3181818181818182,0.5298165137614679,7.0,0.5099999999999999,2,lendingclub_imb77,rf
4,0.05,least_risky,0.7801889375684556,0.489945155393053,0.0418031508345032,-0.02010968921389397,146080,0.21891429353778752,465,24,10,14,0.4166666666666667,0.5311827956989247,10.0,0.51,2,lendingclub_imb77,rf
5,0.05,least_risky,0.7834457644319742,0.5146198830409356,0.036313617606602476,0.029239766081871343,167508,0.21821047352962247,552,28,10,18,0.35714285714285715,0.5688405797101449,10.0,0.51,2,lendingclub_imb77,rf
6,0.05,least_risky,0.7806349206349207,0.5157894736842106,0.03537906137184116,0.031578947368421054,188999,0.21792707897925387,486,25,15,10,0.6,0.5452674897119342,15.0,0.51,2,lendingclub_imb77,rf
7,0.05,least_risky,0.7796356554164786,0.48576214405360135,0.03131411294676601,-0.02847571189279732,210515,0.21834548606987625,459,23,13,10,0.5652173913043478,0.5860566448801743,13.0,0.5099999999999999,2,lendingclub_imb77,rf
8,0.05,least_risky,0.780447336666092,0.5469255663430421,0.032985263979701376,0.09385113268608414,232036,0.21843162267923943,454,23,9,14,0.391304347826087,0.5837004405286343,9.0,0.5099999999999999,2,lendingclub_imb77,rf
9,0.05,least_risky,0.7801814237822915,0.5503448275862068,0.03556149732620321,0.1006896551724138,253550,0.219041609150069,462,24,11,13,0.4583333333333333,0.5562770562770563,11.0,0.51,2,lendingclub_imb77,rf
10,0.05,least_risky,0.7812392082735056,0.5128865979381443,0.03301260783012608,0.02577319587628866,275091,0.2188948384352814,433,22,11,11,0.5,0.5011547344110855,11.0,0.5099999999999999,2,lendingclub_imb77,rf
0,0.05,least_risky,0.77875,0.5595238095238095,0.05251396648044693,0.11904761904761904,60000,0.22273333333333334,0,0,0,0,0.0,0.0,0.0,0.0,3,lendingclub_imb77,rf
1,0.05,least_risky,0.7817791411042945,0.5701754385964912,0.05409153952843273,0.14035087719298245,81496,0.22112741729655444,480,24,8,16,0.3333333333333333,0.5,8.0,0.51,3,lendingclub_imb77,rf
2,0.05,least_risky,0.779503859410651,0.5078534031413613,0.0426561125769569,0.015706806282722512,102991,0.21995125787690187,482,25,16,9,0.64,0.4896265560165975,16.0,0.51,3,lendingclub_imb77,rf
3,0.05,least_risky,0.7803222048129846,0.5576036866359447,0.04385646973541138,0.1152073732718894,124451,0.2194759383211063,518,26,17,9,0.6538461538461539,0.5328185328185329,17.0,0.51,3,lendingclub_imb77,rf
4,0.05,least_risky,0.7813292223364166,0.5373134328358209,0.039264568401371144,0.07462686567164178,145946,0.21918380770970086,482,25,9,16,0.36,0.5414937759336099,9.0,0.51,3,lendingclub_imb77,rf
5,0.05,least_risky,0.7817502986857826,0.5443786982248521,0.03754080522306855,0.08875739644970414,167397,0.2186658064361966,528,27,13,14,0.48148148148148145,0.5549242424242424,13.0,0.51,3,lendingclub_imb77,rf
6,0.05,least_risky,0.7798041291688724,0.5305343511450382,0.03328942641599809,0.061068702290076333,188898,0.21893826297790342,475,24,11,13,0.4583333333333333,0.5284210526315789,11.0,0.51,3,lendingclub_imb77,rf
7,0.05,least_risky,0.7806663181407728,0.5383211678832117,0.031816220880069024,0.07664233576642336,210407,0.21866192664692716,467,24,16,8,0.6666666666666666,0.5952890792291221,16.0,0.51,3,lendingclub_imb77,rf
8,0.05,least_risky,0.7824624935333678,0.5445544554455446,0.0379123584441162,0.0891089108910891,231957,0.21900610889087202,424,22,8,14,0.36363636363636365,0.5778301886792453,8.0,0.5099999999999999,3,lendingclub_imb77,rf
9,0.05,least_risky,0.7798007693066378,0.5513748191027497,0.03391490119280755,0.10274963820549927,253472,0.21917608256533266,461,24,14,10,0.5833333333333334,0.5726681127982647,14.0,0.51,3,lendingclub_imb77,rf
10,0.05,least_risky,0.783770023819481,0.5534591194968553,0.036737079402187525,0.1069182389937107,274985,0.2188373911304253,463,24,12,12,0.5,0.5464362850971922,12.0,0.51,3,lendingclub_imb77,rf
0,0.05,least_risky,0.7698333333333334,0.5314685314685315,0.05467625899280575,0.06293706293706294,60000,0.22443333333333335,0,0,0,0,0.0,0.0,0.0,0.0,4,lendingclub_imb77,rf
1,0.05,least_risky,0.7774846625766871,0.5409356725146199,0.0506155950752394,0.08187134502923976,81497,0.22182411622513712,479,24,10,14,0.4166666666666667,0.524008350730689,10.0,0.51,4,lendingclub_imb77,rf
2,0.05,least_risky,0.7794988831698553,0.5609756097560976,0.04016590264134468,0.12195121951219512,102970,0.22100611828687966,505,26,14,12,0.5384615384615384,0.5663366336633663,14.0,0.51,4,lendingclub_imb77,rf
3,0.05,least_risky,0.7810315738732224,0.5535353535353535,0.049781976744186045,0.10707070707070707,124466,0.22082335738273906,481,25,12,13,0.48,0.5426195426195426,12.0,0.51,4,lendingclub_imb77,rf
4,0.05,least_risky,0.7821738087897784,0.5291902071563088,0.043974960876369325,0.0583804143126177,145965,0.22003219949988012,477,24,12,12,0.5,0.5283018867924528,12.0,0.51,4,lendingclub_imb77,rf
5,0.05,least_risky,0.7798943062729525,0.5341365461847389,0.035916824196597356,0.06827309236947791,167462,0.21951248641482843,479,24,8,16,0.3333333333333333,0.5177453027139874,8.0,0.51,4,lendingclub_imb77,rf
6,0.05,least_risky,0.7829307653641631,0.537828947368421,0.039631559810932006,0.0756578947368421,188991,0.21906863289786285,446,23,12,11,0.5217391304347826,0.5695067264573991,12.0,0.5099999999999999,4,lendingclub_imb77,rf
7,0.05,least_risky,0.782217260137302,0.5392,0.03656287295215363,0.0784,210482,0.21909236894366263,486,25,8,17,0.32,0.5432098765432098,8.0,0.51,4,lendingclub_imb77,rf
8,0.05,least_risky,0.7789346612343443,0.527086383601757,0.03497862417411582,0.05417276720351391,231944,0.21928137826371882,516,26,19,7,0.7307692307692307,0.5426356589147286,19.0,0.51,4,lendingclub_imb77,rf
9,0.05,least_risky,0.780813540598122,0.5290858725761773,0.03425087420424998,0.05817174515235457,253457,0.21911014491610017,463,24,11,13,0.4583333333333333,0.572354211663067,11.0,0.51,4,lendingclub_imb77,rf
10,0.05,least_risky,0.7785212932319889,0.5095465393794749,0.03501147917349951,0.01909307875894988,274967,0.21869533434921282,466,24,8,16,0.3333333333333333,0.5772532188841202,8.0,0.51,4,lendingclub_imb77,rf
0,0.1,least_risky,0.7838333333333334,0.562874251497006,0.07132018209408195,0.12574850299401197,60000,0.22338333333333332,0,0,0,0,0.0,0.0,0.0,0.0,0,lendingclub_imb77,rf
1,0.1,least_risky,0.7841571998771876,0.5355029585798816,0.05114439107092399,0.07100591715976332,81422,0.2214634865269829,589,59,28,31,0.4745762711864407,0.5212224108658744,28.0,0.51,0,lendingclub_imb77,rf
2,0.1,least_risky,0.7778425939429293,0.5,0.03785557986870897,0.0,102855,0.22049487142093238,577,58,26,32,0.4482758620689655,0.49913344887348354,26.0,0.51,0,lendingclub_imb77,rf
3,0.1,least_risky,0.7800739787713091,0.5024630541871922,0.03728070175438596,0.0049261083743842365,124358,0.21974460830827128,499,50,24,26,0.48,0.5511022044088176,24.0,0.51,0,lendingclub_imb77,rf
4,0.1,least_risky,0.7833899118746357,0.5093167701863354,0.038887132469174836,0.018633540372670808,145815,0.21907896992764805,551,56,30,26,0.5357142857142857,0.588021778584392,30.0,0.5099999999999999,0,lendingclub_imb77,rf
5,0.1,least_risky,0.7800029890898221,0.502835538752363,0.03612657884014668,0.005671077504725898,167271,0.2190098702106163,552,56,29,27,0.5178571428571429,0.5471014492753623,29.0,0.5099999999999999,0,lendingclub_imb77,rf
6,0.1,least_risky,0.7842389577375278,0.5522388059701493,0.03607996099463676,0.1044776119402985,188816,0.2189115329209389,453,46,23,23,0.5,0.5496688741721855,23.0,0.5100000000000001,0,lendingclub_imb77,rf
7,0.1,least_risky,0.7835441232407759,0.538971807628524,0.03551136363636364,0.0779436152570481,210318,0.21893513631738606,501,51,30,21,0.5882352941176471,0.5568862275449101,30.0,0.51,0,lendingclub_imb77,rf
8,0.1,least_risky,0.7825346158823275,0.5223214285714286,0.03470780183921685,0.044642857142857144,231830,0.2185308199974119,489,49,29,20,0.5918367346938775,0.5623721881390593,29.0,0.51,0,lendingclub_imb77,rf
9,0.1,least_risky,0.7818734337075991,0.4920212765957447,0.03350842238724869,-0.015957446808510637,253383,0.21845585536519813,444,45,21,24,0.4666666666666667,0.5855855855855856,21.0,0.5100000000000001,0,lendingclub_imb77,rf
10,0.1,least_risky,0.7841161276239677,0.5151915455746368,0.032797914389033726,0.03038309114927345,274867,0.2186039066166546,520,52,29,23,0.5576923076923077,0.525,29.0,0.51,0,lendingclub_imb77,rf
0,0.1,least_risky,0.7800833333333334,0.5563139931740614,0.06100299401197605,0.11262798634812286,60000,0.22658333333333333,0,0,0,0,0.0,0.0,0.0,0.0,1,lendingclub_imb77,rf
1,0.1,least_risky,0.7742667812001472,0.5191256830601093,0.051448686704576224,0.03825136612021858,81488,0.22408207343412526,516,52,26,26,0.5,0.5310077519379846,26.0,0.51,1,lendingclub_imb77,rf
2,0.1,least_risky,0.7790782380651741,0.5231607629427792,0.04204993429697766,0.04632152588555858,102953,0.22111060386778433,542,55,28,27,0.509090909090909,0.514760147601476,28.0,0.5100000000000001,1,lendingclub_imb77,rf
3,0.1,least_risky,0.7800811538307019,0.4955357142857143,0.040585009140767826,-0.008928571428571428,124451,0.22085800837277322,505,51,25,26,0.49019607843137253,0.5603960396039604,25.0,0.51,1,lendingclub_imb77,rf
4,0.1,least_risky,0.7793160167226373,0.5476673427991886,0.041621704948358255,0.09533468559837728,145908,0.21998108397072128,550,55,34,21,0.6181818181818182,0.5236363636363637,34.0,0.5100000000000001,1,lendingclub_imb77,rf
5,0.1,least_risky,0.7826697332656292,0.5173674588665448,0.038793694311172036,0.03473491773308958,167391,0.2193128662831335,522,53,29,24,0.5471698113207547,0.5747126436781609,29.0,0.5100000000000001,1,lendingclub_imb77,rf
6,0.1,least_risky,0.781977975434138,0.528046421663443,0.033030852994555354,0.05609284332688588,188876,0.21892670323386773,519,52,26,26,0.5,0.5260115606936416,26.0,0.51,1,lendingclub_imb77,rf
7,0.1,least_risky,0.7818886037448912,0.5459098497495827,0.03541260558804418,0.09181969949916527,210418,0.21889762282694447,456,46,20,26,0.43478260869565216,0.543859649122807,20.0,0.5100000000000001,1,lendingclub_imb77,rf
8,0.1,least_risky,0.7823931365997715,0.5629228687415426,0.040832351786415394,0.12584573748308525,231952,0.21878664551286472,465,47,29,18,0.6170212765957447,0.6,29.0,0.5100000000000002,1,lendingclub_imb77,rf
9,0.1,least_risky,0.7825718118686869,0.5102827763496144,0.03596991936214551,0.02056555269922879,253436,0.21869032023864013,521,53,27,26,0.5094339622641509,0.5604606525911708,27.0,0.5100000000000001,1,lendingclub_imb77,rf
10,0.1,least_risky,0.7804186139550108,0.49619289340101524,0.03239705029414202,-0.007614213197969543,274952,0.21871090226657744,485,49,25,24,0.5102040816326531,0.5525773195876289,25.0,0.51,1,lendingclub_imb77,rf
0,0.1,least_risky,0.7753333333333333,0.5,0.04896142433234421,0.0,60000,0.2216,0,0,0,0,0.0,0.0,0.0,0.0,2,lendingclub_imb77,rf
1,0.1,least_risky,0.7820701496198185,0.5159235668789809,0.045454545454545456,0.03184713375796178,81538,0.22006917020285022,460,46,20,26,0.43478260869565216,0.5130434782608696,20.0,0.5100000000000001,2,lendingclub_imb77,rf
2,0.1,least_risky,0.7790443851564395,0.5632183908045977,0.0426179604261796,0.12643678160919541,103071,0.2198969642285415,466,47,24,23,0.5106382978723404,0.5236051502145923,24.0,0.5100000000000002,2,lendingclub_imb77,rf
3,0.1,least_risky,0.7810506039568201,0.5541871921182266,0.04090909090909091,0.10837438423645321,124591,0.2192855021630776,480,48,25,23,0.5208333333333334,0.54375,25.0,0.5099999999999999,2,lendingclub_imb77,rf
4,0.1,least_risky,0.7835460798740632,0.5225933202357563,0.04190296156269691,0.04518664047151277,146105,0.21889052393826358,487,49,23,26,0.46938775510204084,0.5441478439425051,23.0,0.51,2,lendingclub_imb77,rf
5,0.1,least_risky,0.7825282692365069,0.47714808043875684,0.03593061674008811,-0.04570383912248629,167581,0.21838394567403227,529,53,26,27,0.49056603773584906,0.5425330812854442,26.0,0.5100000000000001,2,lendingclub_imb77,rf
6,0.1,least_risky,0.7807251857924943,0.5083333333333333,0.03674256113721239,0.016666666666666666,189053,0.218092281000566,534,54,22,32,0.4074074074074074,0.5131086142322098,22.0,0.5100000000000001,2,lendingclub_imb77,rf
7,0.1,least_risky,0.7803395464798766,0.48796147672552165,0.03291468168038112,-0.024077046548956663,210575,0.2185729550041553,478,48,23,25,0.4791666666666667,0.5460251046025104,23.0,0.5099999999999999,2,lendingclub_imb77,rf
8,0.1,least_risky,0.7811220752359201,0.505464480874317,0.03639224943444477,0.01092896174863388,232067,0.21863944464314186,512,52,18,34,0.34615384615384615,0.546875,18.0,0.51,2,lendingclub_imb77,rf
9,0.1,least_risky,0.7815636399487331,0.5100942126514132,0.03416569007482196,0.020188425302826378,253574,0.21918650965793024,495,50,31,19,0.62,0.5858585858585859,31.0,0.51,2,lendingclub_imb77,rf
10,0.1,least_risky,0.7813885859687386,0.524609843937575,0.036208467975805785,0.04921968787515006,275100,0.2189240276263177,474,48,22,26,0.4583333333333333,0.5485232067510548,22.0,0.5099999999999999,2,lendingclub_imb77,rf
0,0.1,least_risky,0.77875,0.5595238095238095,0.05251396648044693,0.11904761904761904,60000,0.22273333333333334,0,0,0,0,0.0,0.0,0.0,0.0,3,lendingclub_imb77,rf
1,0.1,least_risky,0.7804219823356232,0.5192307692307693,0.04510022271714922,0.038461538461538464,81520,0.2212217860647694,480,48,21,27,0.4375,0.5,21.0,0.5099999999999999,3,lendingclub_imb77,rf
2,0.1,least_risky,0.7787426021150674,0.5335120643431636,0.04339293501962495,0.06702412868632708,103067,0.22001222505748688,451,46,23,23,0.5,0.516629711751663,23.0,0.5100000000000001,3,lendingclub_imb77,rf
3,0.1,least_risky,0.7800032110459982,0.5542725173210161,0.04341534008683068,0.10854503464203233,124569,0.21962928176352062,501,51,26,25,0.5098039215686274,0.5249500998003992,26.0,0.51,3,lendingclub_imb77,rf
4,0.1,least_risky,0.7835044490075291,0.5460385438972163,0.040037682524729154,0.09207708779443255,146099,0.21942655322760593,469,47,24,23,0.5106382978723404,0.5373134328358209,24.0,0.5100000000000002,3,lendingclub_imb77,rf
5,0.1,least_risky,0.7799063050159639,0.5110294117647058,0.0376285868976719,0.022058823529411766,167564,0.21895514549664605,542,55,29,26,0.5272727272727272,0.540590405904059,29.0,0.5100000000000001,3,lendingclub_imb77,rf
6,0.1,least_risky,0.779100214234706,0.5368043087971275,0.03562492553318242,0.07360861759425494,189041,0.21917996625070751,528,53,26,27,0.49056603773584906,0.5189393939393939,26.0,0.5100000000000001,3,lendingclub_imb77,rf
7,0.1,least_risky,0.780038943768997,0.5302547770700637,0.03580260187076659,0.06050955414012739,210556,0.21894887820817266,486,49,29,20,0.5918367346938775,0.565843621399177,29.0,0.51,3,lendingclub_imb77,rf
8,0.1,least_risky,0.7824241640813513,0.553041018387553,0.03843129545901317,0.10608203677510608,232080,0.21926921751120304,476,48,19,29,0.3958333333333333,0.5483193277310925,19.0,0.5099999999999999,3,lendingclub_imb77,rf
9,0.1,least_risky,0.780285855101035,0.5225225225225225,0.03631484794275492,0.04504504504504504,253623,0.21949902019927214,455,46,26,20,0.5652173913043478,0.5472527472527473,26.0,0.5100000000000001,3,lendingclub_imb77,rf
10,0.1,least_risky,0.7813278083710449,0.5418552036199095,0.03956715678176111,0.083710407239819,275111,0.21909701902141318,516,52,27,25,0.5192307692307693,0.5503875968992248,27.0,0.51,3,lendingclub_imb77,rf
0,0.1,least_risky,0.7698333333333334,0.5314685314685315,0.05467625899280575,0.06293706293706294,60000,0.22443333333333335,0,0,0,0,0.0,0.0,0.0,0.0,4,lendingclub_imb77,rf
1,0.1,least_risky,0.7768169273229071,0.5758513931888545,0.050433839479392624,0.15170278637770898,81521,0.22193054550361258,479,48,24,24,0.5,0.524008350730689,24.0,0.5099999999999999,4,lendingclub_imb77,rf
2,0.1,least_risky,0.77752972579471,0.5771276595744681,0.04674709177078845,0.15425531914893617,103022,0.22133136611597523,502,51,25,26,0.49019607843137253,0.5298804780876494,25.0,0.51,4,lendingclub_imb77,rf
3,0.1,least_risky,0.7772871422263257,0.5651105651105651,0.04106409569719693,0.13022113022113022,124552,0.22107232320637163,469,47,22,25,0.46808510638297873,0.5671641791044776,22.0,0.5100000000000002,4,lendingclub_imb77,rf
4,0.1,least_risky,0.7818169370849593,0.5374280230326296,0.043661312958053956,0.07485604606525911,146070,0.22034640925583623,483,49,27,22,0.5510204081632653,0.5134575569358178,27.0,0.51,4,lendingclub_imb77,rf
5,0.1,least_risky,0.7839160004772701,0.5568400770712909,0.03957277831028345,0.11368015414258188,167620,0.21985443264526905,447,45,21,24,0.4666666666666667,0.5324384787472036,21.0,0.5100000000000001,4,lendingclub_imb77,rf
6,0.1,least_risky,0.7804297835223217,0.5261261261261261,0.03502879078694818,0.05225225225225225,189163,0.21933464789625878,455,46,23,23,0.5,0.5912087912087912,23.0,0.5100000000000001,4,lendingclub_imb77,rf
7,0.1,least_risky,0.7817832308897169,0.521669341894061,0.03524181305573628,0.04333868378812199,210682,0.2193685269743025,482,49,29,20,0.5918367346938775,0.5622406639004149,29.0,0.51,4,lendingclub_imb77,rf
8,0.1,least_risky,0.780000430653948,0.5212464589235127,0.03591295013174588,0.042492917847025496,232201,0.21961576392866525,482,49,26,23,0.5306122448979592,0.529045643153527,26.0,0.51,4,lendingclub_imb77,rf
9,0.1,least_risky,0.7830131047393832,0.5462184873949579,0.041035353535353536,0.09243697478991597,253723,0.21944403936576504,478,48,29,19,0.6041666666666666,0.5732217573221757,29.0,0.5099999999999999,4,lendingclub_imb77,rf
10,0.1,least_risky,0.7810677759813984,0.5403508771929825,0.038115667024172926,0.08070175438596491,275242,0.21905450476308122,482,49,23,26,0.46938775510204084,0.5560165975103735,23.0,0.51,4,lendingclub_imb77,rf
0,0.15,least_risky,0.7838333333333334,0.562874251497006,0.07132018209408195,0.12574850299401197,60000,0.22338333333333332,0,0,0,0,0.0,0.0,0.0,0.0,0,lendingclub_imb77,rf
1,0.15,least_risky,0.7809833650481861,0.54375,0.04838709677419355,0.0875,81452,0.22155379855620488,589,89,42,47,0.47191011235955055,0.5212224108658744,42.0,0.5102247191011234,0,lendingclub_imb77,rf
2,0.15,least_risky,0.7803409256471274,0.46949602122015915,0.03933333333333333,-0.0610079575596817,102954,0.2207199331740389,530,80,40,40,0.5,0.5113207547169811,40.0,0.5099999999999999,0,lendingclub_imb77,rf
3,0.15,least_risky,0.7821825922801944,0.5159574468085106,0.035694572217111316,0.031914893617021274,124484,0.21985154718678707,497,75,33,42,0.44,0.579476861167002,33.0,0.5099999999999998,0,lendingclub_imb77,rf
4,0.15,least_risky,0.7817422270921791,0.5242494226327945,0.035496481626270525,0.04849884526558892,146016,0.21947594784133245,495,75,42,33,0.56,0.5555555555555556,42.0,0.5099999999999998,0,lendingclub_imb77,rf
5,0.15,least_risky,0.7839918825355139,0.52,0.04296337097218397,0.04,167538,0.21949647244207285,507,77,37,40,0.4805194805194805,0.5364891518737672,37.0,0.5099999999999998,0,lendingclub_imb77,rf
6,0.15,least_risky,0.7836115005157775,0.5045537340619308,0.033838260444661615,0.009107468123861567,189035,0.2191816330309202,536,81,40,41,0.49382716049382713,0.5727611940298507,40.0,0.5099999999999999,0,lendingclub_imb77,rf
7,0.15,least_risky,0.781452551105202,0.5448613376835236,0.03606911447084233,0.08972267536704731,210592,0.21928183406777085,465,70,34,36,0.4857142857142857,0.535483870967742,34.0,0.5099999999999998,0,lendingclub_imb77,rf
8,0.15,least_risky,0.7831190368503801,0.5266106442577031,0.03719825880490701,0.05322128851540616,232154,0.2189624128811048,459,69,37,32,0.5362318840579711,0.5337690631808278,37.0,0.5099999999999998,0,lendingclub_imb77,rf
9,0.15,least_risky,0.7819231754666036,0.5324357405140759,0.03912574203993524,0.06487148102815178,253695,0.21886517274680226,484,73,41,32,0.5616438356164384,0.5764462809917356,41.0,0.5099999999999999,0,lendingclub_imb77,rf
10,0.15,least_risky,0.7814271181514315,0.5142857142857142,0.03434259643301535,0.02857142857142857,275236,0.2190556467903908,484,73,40,33,0.547945205479452,0.518595041322314,40.0,0.5099999999999999,0,lendingclub_imb77,rf
0,0.15,least_risky,0.7800833333333334,0.5563139931740614,0.06100299401197605,0.11262798634812286,60000,0.22658333333333333,0,0,0,0,0.0,0.0,0.0,0.0,1,lendingclub_imb77,rf
1,0.15,least_risky,0.7731705821014537,0.5153374233128835,0.045307443365695796,0.03067484662576687,81514,0.2241455455504576,516,78,37,41,0.47435897435897434,0.5310077519379846,37.0,0.5099999999999998,1,lendingclub_imb77,rf
2,0.15,least_risky,0.7798427795031055,0.5581395348837209,0.04714098646879092,0.11627906976744186,103037,0.2213282607218766,505,76,34,42,0.4473684210526316,0.504950495049505,34.0,0.5099999999999998,1,lendingclub_imb77,rf
3,0.15,least_risky,0.7791290387316877,0.5471264367816092,0.04292929292929293,0.09425287356321839,124574,0.22122593799669274,489,74,40,34,0.5405405405405406,0.5439672801635992,40.0,0.5099999999999998,1,lendingclub_imb77,rf
4,0.15,least_risky,0.7808734939759037,0.5378323108384458,0.04084485168504426,0.07566462167689161,146076,0.22028259262301816,530,80,36,44,0.45,0.5320754716981132,36.0,0.5099999999999999,1,lendingclub_imb77,rf
5,0.15,least_risky,0.7810952693431963,0.5167652859960552,0.03561718325176726,0.03353057199211045,167626,0.21975707825754953,473,71,37,34,0.5211267605633803,0.5560253699788583,37.0,0.5099999999999997,1,lendingclub_imb77,rf
6,0.15,least_risky,0.7796807273496141,0.565377532228361,0.03651718805757107,0.13075506445672191,189176,0.21943586924345582,473,71,40,31,0.5633802816901409,0.5306553911205074,40.0,0.5099999999999997,1,lendingclub_imb77,rf
7,0.15,least_risky,0.7814976510226356,0.5331369661266568,0.03911821914847633,0.0662739322533137,210729,0.21936230893707084,470,71,38,33,0.5352112676056338,0.5574468085106383,38.0,0.5099999999999997,1,lendingclub_imb77,rf
8,0.15,least_risky,0.7825497287522604,0.5384615384615384,0.0406496062992126,0.07692307692307693,232260,0.2192112287953156,496,75,41,34,0.5466666666666666,0.5866935483870968,41.0,0.5099999999999998,1,lendingclub_imb77,rf
9,0.15,least_risky,0.7808669950738917,0.50875,0.036551414458913335,0.0175,253746,0.21912069549864827,549,83,50,33,0.6024096385542169,0.5537340619307832,50.0,0.5099999999999998,1,lendingclub_imb77,rf
10,0.15,least_risky,0.7808475469093419,0.5054347826086957,0.03850931677018633,0.010869565217391304,275262,0.21908581642217234,514,78,41,37,0.5256410256410257,0.5642023346303502,41.0,0.5099999999999998,1,lendingclub_imb77,rf
0,0.15,least_risky,0.7753333333333333,0.5,0.04896142433234421,0.0,60000,0.2216,0,0,0,0,0.0,0.0,0.0,0.0,2,lendingclub_imb77,rf
1,0.15,least_risky,0.784895482130816,0.5588235294117647,0.048236953455571226,0.11764705882352941,81561,0.22016650114638123,460,69,33,36,0.4782608695652174,0.5130434782608696,33.0,0.5099999999999998,2,lendingclub_imb77,rf
2,0.15,least_risky,0.7807621448657035,0.5380281690140845,0.04198724994504287,0.07605633802816901,103127,0.2200781560600037,455,69,35,34,0.5072463768115942,0.5208791208791209,35.0,0.5099999999999998,2,lendingclub_imb77,rf
3,0.15,least_risky,0.7839929427803841,0.5401459854014599,0.04095940959409594,0.08029197080291971,124695,0.21951962789205662,452,68,37,31,0.5441176470588235,0.5575221238938053,37.0,0.5099999999999998,2,lendingclub_imb77,rf
4,0.15,least_risky,0.7802434520960131,0.5403726708074534,0.040364986081039285,0.08074534161490683,146230,0.2190248239075429,491,74,38,36,0.5135135135135135,0.5804480651731161,38.0,0.5099999999999998,2,lendingclub_imb77,rf
5,0.15,least_risky,0.7820359995231851,0.47966101694915253,0.038820301783264746,-0.04067796610169491,167780,0.2186673024198355,473,71,33,38,0.4647887323943662,0.5285412262156448,33.0,0.5099999999999997,2,lendingclub_imb77,rf
6,0.15,least_risky,0.781971369711056,0.499194847020934,0.03755754785558517,-0.001610305958132045,189306,0.218408291337834,502,76,33,43,0.4342105263157895,0.5199203187250996,33.0,0.5110526315789474,2,lendingclub_imb77,rf
7,0.15,least_risky,0.7786473154999052,0.5155367231638418,0.03901239846088072,0.031073446327683617,210840,0.21894801745399356,492,74,35,39,0.47297297297297297,0.5101626016260162,35.0,0.5099999999999998,2,lendingclub_imb77,rf
8,0.15,least_risky,0.7816104320881391,0.5027027027027027,0.03663941692110706,0.005405405405405406,232360,0.21898347391977965,509,77,41,36,0.5324675324675324,0.581532416502947,41.0,0.5115584415584417,2,lendingclub_imb77,rf
9,0.15,least_risky,0.7773248257119225,0.5206508135168961,0.03668430335097002,0.04130162703379224,253886,0.21953947834855014,502,76,38,38,0.5,0.5637450199203188,38.0,0.5099999999999998,2,lendingclub_imb77,rf
10,0.15,least_risky,0.7803354876189093,0.5066815144766147,0.0375660501981506,0.013363028953229399,275418,0.21929213050708377,495,75,34,41,0.4533333333333333,0.5232323232323233,34.0,0.5099999999999998,2,lendingclub_imb77,rf
0,0.15,least_risky,0.77875,0.5595238095238095,0.05251396648044693,0.11904761904761904,60000,0.22273333333333334,0,0,0,0,0.0,0.0,0.0,0.0,3,lendingclub_imb77,rf
1,0.15,least_risky,0.7784658777362192,0.5594855305466238,0.04767123287671233,0.1189710610932476,81544,0.221267046011969,480,72,30,42,0.4166666666666667,0.5,30.0,0.5099999999999999,3,lendingclub_imb77,rf
2,0.15,least_risky,0.7796149929690152,0.5344352617079889,0.04245076586433261,0.06887052341597796,103112,0.22004228411824037,452,68,32,36,0.47058823529411764,0.5265486725663717,32.0,0.5099999999999998,3,lendingclub_imb77,rf
3,0.15,least_risky,0.7826627622447752,0.5570175438596491,0.046435100548446066,0.11403508771929824,124642,0.21969320132860512,497,75,39,36,0.52,0.5331991951710262,39.0,0.5099999999999998,3,lendingclub_imb77,rf
4,0.15,least_risky,0.7819811191681488,0.5503355704697986,0.038323726437139743,0.10067114093959731,146178,0.21937637674615879,490,74,36,38,0.4864864864864865,0.5673469387755102,36.0,0.5101351351351351,3,lendingclub_imb77,rf
5,0.15,least_risky,0.7812425471023133,0.5261261261261261,0.0396362155558572,0.05225225225225225,167717,0.2189939004394307,487,74,32,42,0.43243243243243246,0.5462012320328542,32.0,0.5099999999999998,3,lendingclub_imb77,rf
6,0.15,least_risky,0.7806134580328129,0.5425330812854442,0.03437537429632291,0.08506616257088846,189252,0.21923678481601253,491,74,38,36,0.5135135135135135,0.5478615071283096,38.0,0.5114864864864865,3,lendingclub_imb77,rf
7,0.15,least_risky,0.7822343453510436,0.537842190016103,0.036194191590810575,0.07568438003220612,210797,0.21904486306731122,479,72,34,38,0.4722222222222222,0.5511482254697286,34.0,0.5099999999999999,3,lendingclub_imb77,rf
8,0.15,least_risky,0.784601480461353,0.562942008486563,0.039409842558669174,0.12588401697312587,232356,0.219409010311763,463,70,46,24,0.6571428571428571,0.5788336933045356,46.0,0.5099999999999998,3,lendingclub_imb77,rf
9,0.15,least_risky,0.7793246037215713,0.5481770833333334,0.03731938657920397,0.09635416666666667,253921,0.21956435269237282,456,69,35,34,0.5072463768115942,0.5899122807017544,35.0,0.5099999999999998,3,lendingclub_imb77,rf
10,0.15,least_risky,0.7831224700949339,0.5134502923976608,0.036671957229972435,0.026900584795321637,275454,0.21916182012241608,494,75,40,35,0.5333333333333333,0.5789473684210527,40.0,0.5099999999999998,3,lendingclub_imb77,rf
0,0.15,least_risky,0.7698333333333334,0.5314685314685315,0.05467625899280575,0.06293706293706294,60000,0.22443333333333335,0,0,0,0,0.0,0.0,0.0,0.0,4,lendingclub_imb77,rf
1,0.15,least_risky,0.7807958795756944,0.5462686567164179,0.050748752079866885,0.09253731343283582,81545,0.22200012263167576,479,72,35,37,0.4861111111111111,0.524008350730689,35.0,0.5106944444444443,4,lendingclub_imb77,rf
2,0.15,least_risky,0.7809514572523156,0.5773672055427251,0.054537521815008726,0.15473441108545036,103101,0.22154004325855228,466,70,32,38,0.45714285714285713,0.5257510729613734,32.0,0.5099999999999998,4,lendingclub_imb77,rf
3,0.15,least_risky,0.781389189839894,0.5711009174311926,0.04519056261343013,0.14220183486238533,124603,0.22122260298708699,530,80,45,35,0.5625,0.5622641509433962,45.0,0.5099999999999999,4,lendingclub_imb77,rf
4,0.15,least_risky,0.7800321620419475,0.5046554934823091,0.04211998756605533,0.00931098696461825,146131,0.22043919496889777,499,75,44,31,0.5866666666666667,0.5370741482965932,44.0,0.5099999999999998,4,lendingclub_imb77,rf
5,0.15,least_risky,0.7816712394130979,0.5327433628318584,0.040907855395487906,0.06548672566371681,167657,0.2197999487047961,502,76,31,45,0.40789473684210525,0.549800796812749,31.0,0.5099999999999998,4,lendingclub_imb77,rf
6,0.15,least_risky,0.7793192748797633,0.5277777777777778,0.038521168753726895,0.05555555555555555,189207,0.21940520171029612,474,72,41,31,0.5694444444444444,0.5548523206751055,41.0,0.5099999999999999,4,lendingclub_imb77,rf
7,0.15,least_risky,0.7821826809015421,0.544891640866873,0.038099361402749214,0.08978328173374613,210747,0.21946219875016015,485,73,37,36,0.5068493150684932,0.5525773195876289,37.0,0.5099999999999999,4,lendingclub_imb77,rf
8,0.15,least_risky,0.7824018256975542,0.569060773480663,0.04036445576565102,0.13812154696132597,232240,0.21969083706510506,540,81,38,43,0.4691358024691358,0.5092592592592593,38.0,0.5099999999999999,4,lendingclub_imb77,rf
9,0.15,least_risky,0.7800918172324789,0.5610687022900763,0.039175624056142846,0.12213740458015267,253765,0.21950229543081198,503,76,41,35,0.5394736842105263,0.5725646123260437,41.0,0.5099999999999998,4,lendingclub_imb77,rf
10,0.15,least_risky,0.7792971942250068,0.5413173652694611,0.036982490590738014,0.08263473053892216,275323,0.21916439963243173,464,70,38,32,0.5428571428571428,0.5581896551724138,38.0,0.5099999999999998,4,lendingclub_imb77,rf
0,0.2,least_risky,0.7838333333333334,0.562874251497006,0.07132018209408195,0.12574850299401197,60000,0.22338333333333332,0,0,0,0,0.0,0.0,0.0,0.0,0,lendingclub_imb77,rf
1,0.2,least_risky,0.7785481990550408,0.4911242603550296,0.04607271718012767,-0.01775147928994083,81481,0.22167130987592198,589,118,58,60,0.4915254237288136,0.5212224108658744,58.0,0.5126271186440678,0,lendingclub_imb77,rf
2,0.2,least_risky,0.7784303256807261,0.4958904109589041,0.0396755808855765,-0.00821917808219178,103013,0.22088474270237737,525,105,50,55,0.47619047619047616,0.5085714285714286,50.0,0.5134285714285713,0,lendingclub_imb77,rf
3,0.2,least_risky,0.7817780453542043,0.5408970976253298,0.03749085588880761,0.08179419525065963,124572,0.2201859165783643,492,99,42,57,0.42424242424242425,0.540650406504065,42.0,0.5113131313131313,0,lendingclub_imb77,rf
4,0.2,least_risky,0.7826815833589927,0.5234215885947047,0.04031372549019608,0.04684317718940937,146143,0.21980525923239566,477,96,54,42,0.5625,0.570230607966457,54.0,0.5117708333333332,0,lendingclub_imb77,rf
5,0.2,least_risky,0.7813664966747189,0.5489130434782609,0.04102911306702776,0.09782608695652174,167651,0.21976009686789819,556,112,51,61,0.45535714285714285,0.5269784172661871,51.0,0.5125892857142855,0,lendingclub_imb77,rf
6,0.2,least_risky,0.7835738068812431,0.5277337559429477,0.04048632218844985,0.0554675118858954,189208,0.2195678829647795,494,99,52,47,0.5252525252525253,0.5607287449392713,52.0,0.5104040404040403,0,lendingclub_imb77,rf
7,0.2,least_risky,0.7813730606822603,0.525984251968504,0.03611201210941723,0.05196850393700787,210766,0.2195989865538085,493,99,43,56,0.43434343434343436,0.5354969574036511,43.0,0.5104040404040403,0,lendingclub_imb77,rf
8,0.2,least_risky,0.779805457519153,0.5412587412587413,0.03760567486152949,0.08251748251748252,232338,0.2192495416160938,476,96,50,46,0.5208333333333334,0.5378151260504201,50.0,0.5114583333333332,0,lendingclub_imb77,rf
9,0.2,least_risky,0.7811078510525176,0.5419126328217237,0.04102976669348351,0.08382526564344746,253912,0.2191546677589086,473,95,48,47,0.5052631578947369,0.5750528541226215,48.0,0.5127368421052633,0,lendingclub_imb77,rf
10,0.2,least_risky,0.7808132147395171,0.5136417556346382,0.035791039841296085,0.027283511269276393,275446,0.21929525206392542,523,105,48,57,0.45714285714285713,0.5124282982791587,48.0,0.5115238095238095,0,lendingclub_imb77,rf
0,0.2,least_risky,0.7800833333333334,0.5563139931740614,0.06100299401197605,0.11262798634812286,60000,0.22658333333333333,0,0,0,0,0.0,0.0,0.0,0.0,1,lendingclub_imb77,rf
1,0.2,least_risky,0.7802918812852587,0.5484848484848485,0.050069156293222686,0.09696969696969697,81540,0.22422124110865832,516,104,49,55,0.47115384615384615,0.5310077519379846,49.0,0.5122115384615383,1,lendingclub_imb77,rf
2,0.2,least_risky,0.7793140251297724,0.47901234567901235,0.04280670785525154,-0.04197530864197531,103064,0.2213479003337732,535,107,51,56,0.4766355140186916,0.5158878504672897,51.0,0.5114953271028037,1,lendingclub_imb77,rf
3,0.2,least_risky,0.7806405008427643,0.5133928571428571,0.041986126323475724,0.026785714285714284,124588,0.22110476129322246,535,107,58,49,0.5420560747663551,0.5682242990654206,58.0,0.5120560747663552,1,lendingclub_imb77,rf
4,0.2,least_risky,0.7791043754917725,0.5094339622641509,0.041750425235812585,0.018867924528301886,146152,0.22038699436203404,485,97,43,54,0.44329896907216493,0.5051546391752577,43.0,0.5117525773195876,1,lendingclub_imb77,rf
5,0.2,least_risky,0.7793082886106142,0.5201465201465202,0.03825431034482758,0.040293040293040296,167700,0.21983899821109124,506,102,53,49,0.5196078431372549,0.5553359683794467,53.0,0.5116666666666668,1,lendingclub_imb77,rf
6,0.2,least_risky,0.7802461961115807,0.5400340715502555,0.037891465455414775,0.08006814310051108,189278,0.219523663605913,468,94,45,49,0.4787234042553192,0.5277777777777778,45.0,0.5110638297872341,1,lendingclub_imb77,rf
7,0.2,least_risky,0.7812788960808024,0.5405797101449276,0.04018963473763603,0.08115942028985507,210885,0.21957464969058965,432,87,48,39,0.5517241379310345,0.5370370370370371,48.0,0.5112643678160921,1,lendingclub_imb77,rf
8,0.2,least_risky,0.7800770074641313,0.5301369863013699,0.03768991040124659,0.06027397260273973,232441,0.2194105170774519,496,100,53,47,0.53,0.5967741935483871,53.0,0.5113,1,lendingclub_imb77,rf
9,0.2,least_risky,0.7818486071463727,0.529925187032419,0.03818851648845359,0.059850374064837904,253972,0.2192997653284614,527,106,55,51,0.5188679245283019,0.5692599620493358,55.0,0.5130188679245282,1,lendingclub_imb77,rf
10,0.2,least_risky,0.7822339170674167,0.5049944506104328,0.03788825047880756,0.009988901220865706,275523,0.21933559085811347,502,101,49,52,0.48514851485148514,0.5318725099601593,49.0,0.5124752475247525,1,lendingclub_imb77,rf
0,0.2,least_risky,0.7753333333333333,0.5,0.04896142433234421,0.0,60000,0.2216,0,0,0,0,0.0,0.0,0.0,0.0,2,lendingclub_imb77,rf
1,0.2,least_risky,0.7831709260280689,0.5719063545150501,0.0477520245741413,0.14381270903010032,81584,0.2202515199058639,460,92,45,47,0.4891304347826087,0.5130434782608696,45.0,0.5120652173913044,2,lendingclub_imb77,rf
2,0.2,least_risky,0.7792365080903013,0.5269121813031161,0.040646853146853144,0.053824362606232294,103210,0.2203274876465459,408,82,51,31,0.6219512195121951,0.5416666666666666,51.0,0.5104878048780488,2,lendingclub_imb77,rf
3,0.2,least_risky,0.7821940860645885,0.5298329355608592,0.040651895257278886,0.059665871121718374,124790,0.21976921227662474,466,94,52,42,0.5531914893617021,0.555793991416309,52.0,0.5119148936170214,2,lendingclub_imb77,rf
4,0.2,least_risky,0.7818585582507687,0.5324165029469549,0.04222499220941103,0.06483300589390963,146346,0.21932953411777567,495,99,46,53,0.46464646464646464,0.5555555555555556,46.0,0.5116161616161616,2,lendingclub_imb77,rf
5,0.2,least_risky,0.7847890175992377,0.49725776965265084,0.03765227021040975,-0.005484460694698354,167901,0.21886707047605433,497,100,46,54,0.46,0.5492957746478874,46.0,0.5123000000000001,2,lendingclub_imb77,rf
6,0.2,least_risky,0.7807600950118765,0.511504424778761,0.034735576923076925,0.023008849557522124,189449,0.2185812540578203,505,101,49,52,0.48514851485148514,0.5405940594059406,49.0,0.5107920792079208,2,lendingclub_imb77,rf
7,0.2,least_risky,0.7787096927050016,0.5351270553064275,0.03813785021838713,0.07025411061285501,211033,0.21909843484194416,461,93,45,48,0.4838709677419355,0.544468546637744,45.0,0.5116129032258065,2,lendingclub_imb77,rf
8,0.2,least_risky,0.7814347442870349,0.5252387448840382,0.037730301842414736,0.0504774897680764,232581,0.2191494576083171,505,101,59,42,0.5841584158415841,0.596039603960396,59.0,0.5099999999999998,2,lendingclub_imb77,rf
9,0.2,least_risky,0.7807901156842685,0.514102564102564,0.03591902543891078,0.028205128205128206,254136,0.21968158781125066,497,100,53,47,0.53,0.5915492957746479,53.0,0.5109,2,lendingclub_imb77,rf
10,0.2,least_risky,0.783696046427276,0.5448113207547169,0.03849037740564859,0.08962264150943396,275696,0.21944460565260288,491,99,56,43,0.5656565656565656,0.5478615071283096,56.0,0.5118181818181818,2,lendingclub_imb77,rf
0,0.2,least_risky,0.77875,0.5595238095238095,0.05251396648044693,0.11904761904761904,60000,0.22273333333333334,0,0,0,0,0.0,0.0,0.0,0.0,3,lendingclub_imb77,rf
1,0.2,least_risky,0.7802500919455683,0.5345911949685535,0.04713057942888827,0.06918238993710692,81568,0.22132453903491564,480,96,40,56,0.4166666666666667,0.5,40.0,0.5123958333333333,3,lendingclub_imb77,rf
2,0.2,least_risky,0.7792157432989191,0.5360501567398119,0.037352555701179554,0.07210031347962383,103151,0.22008511793390273,462,93,46,47,0.4946236559139785,0.538961038961039,46.0,0.5118279569892474,3,lendingclub_imb77,rf
3,0.2,least_risky,0.7815368581392552,0.5505882352941176,0.042599672310213,0.1011764705882353,124735,0.21988215015833568,461,93,52,41,0.5591397849462365,0.5357917570498916,52.0,0.5116129032258065,3,lendingclub_imb77,rf
4,0.2,least_risky,0.7804886383051427,0.5165562913907285,0.03634104674638919,0.033112582781456956,146322,0.21959103894151255,457,92,45,47,0.4891304347826087,0.5864332603938731,45.0,0.5123913043478261,3,lendingclub_imb77,rf
5,0.2,least_risky,0.7804020848845867,0.5763747454175153,0.03799677765843179,0.15274949083503056,167875,0.21922263588979896,499,100,46,54,0.46,0.5410821643286573,46.0,0.5131,3,lendingclub_imb77,rf
6,0.2,least_risky,0.7776282102040277,0.510989010989011,0.03306862628896527,0.02197802197802198,189435,0.21953176551323672,490,98,40,58,0.40816326530612246,0.5061224489795918,40.0,0.5131632653061223,3,lendingclub_imb77,rf
7,0.2,least_risky,0.7828301976209658,0.5536,0.03747833622183709,0.1072,211008,0.21934713375796178,474,95,47,48,0.49473684210526314,0.5548523206751055,47.0,0.5117894736842107,3,lendingclub_imb77,rf
8,0.2,least_risky,0.779917883015542,0.5585874799357945,0.033750363689263894,0.11717495987158909,232594,0.21966602749855973,458,92,47,45,0.5108695652173914,0.5829694323144105,47.0,0.5104347826086957,3,lendingclub_imb77,rf
9,0.2,least_risky,0.7827891424075532,0.5531628532974427,0.036953785290415396,0.1063257065948856,254200,0.21987411487018096,433,87,46,41,0.5287356321839081,0.581986143187067,46.0,0.5117241379310347,3,lendingclub_imb77,rf
10,0.2,least_risky,0.7814783255071885,0.5350553505535055,0.035920726672171756,0.07011070110701106,275785,0.21957684428087096,459,92,34,58,0.3695652173913043,0.5076252723311547,34.0,0.5108695652173914,3,lendingclub_imb77,rf
0,0.2,least_risky,0.7698333333333334,0.5314685314685315,0.05467625899280575,0.06293706293706294,60000,0.22443333333333335,0,0,0,0,0.0,0.0,0.0,0.0,4,lendingclub_imb77,rf
1,0.2,least_risky,0.7792080421723673,0.6012861736334405,0.05102319236016371,0.20257234726688103,81569,0.22208191837585356,479,96,47,49,0.4895833333333333,0.524008350730689,47.0,0.5130208333333331,4,lendingclub_imb77,rf
2,0.2,least_risky,0.7765978081660363,0.5702917771883289,0.046137339055793994,0.14058355437665782,103106,0.2214226136209338,519,104,50,54,0.4807692307692308,0.5510597302504817,50.0,0.5103846153846152,4,lendingclub_imb77,rf
3,0.2,least_risky,0.7800457152023098,0.5566037735849056,0.04265317187782396,0.11320754716981132,124684,0.22135959706137115,468,94,50,44,0.5319148936170213,0.5491452991452992,50.0,0.5111702127659575,4,lendingclub_imb77,rf
4,0.2,least_risky,0.7805086483899638,0.5770833333333333,0.0426481909160893,0.15416666666666667,146269,0.22070295141144056,459,92,45,47,0.4891304347826087,0.5119825708061002,45.0,0.5099999999999998,4,lendingclub_imb77,rf
5,0.2,least_risky,0.782980371131564,0.5623869801084991,0.042284160435078176,0.12477396021699819,167861,0.22024174763643728,451,91,49,42,0.5384615384615384,0.541019955654102,49.0,0.5124175824175824,4,lendingclub_imb77,rf
6,0.2,least_risky,0.7795285981999103,0.5414012738853503,0.04045211183819155,0.08280254777070063,189434,0.21982854186682432,474,95,54,41,0.5684210526315789,0.5590717299578059,54.0,0.5103157894736841,4,lendingclub_imb77,rf
7,0.2,least_risky,0.7782674627997346,0.5374449339207048,0.0388989265596769,0.07488986784140969,211018,0.21989119411614175,461,93,42,51,0.45161290322580644,0.5488069414316703,42.0,0.5112903225806452,4,lendingclub_imb77,rf
8,0.2,least_risky,0.7818076278109817,0.5343511450381679,0.04116436342252279,0.06870229007633588,232567,0.22013871271504556,504,101,52,49,0.5148514851485149,0.5218253968253969,52.0,0.5122772277227723,4,lendingclub_imb77,rf
9,0.2,least_risky,0.779305867075906,0.5080346106304079,0.03659839715048976,0.016069221260815822,254129,0.21990799948057876,488,98,50,48,0.5102040816326531,0.5942622950819673,50.0,0.5118367346938775,4,lendingclub_imb77,rf
10,0.2,least_risky,0.7820315191962424,0.5310492505353319,0.041069802103171314,0.06209850107066381,275702,0.21961393098345314,474,95,44,51,0.4631578947368421,0.5084388185654009,44.0,0.5103157894736841,4,lendingclub_imb77,rf
0,0.3,least_risky,0.7838333333333334,0.562874251497006,0.07132018209408195,0.12574850299401197,60000,0.22338333333333332,0,0,0,0,0.0,0.0,0.0,0.0,0,lendingclub_imb77,rf
1,0.3,least_risky,0.7793107677213638,0.5052910052910053,0.05301137940605051,0.010582010582010581,81540,0.22190336031395633,589,177,90,87,0.5084745762711864,0.5212224108658744,90.0,0.5161581920903954,0,lendingclub_imb77,rf
2,0.3,least_risky,0.7768294457106832,0.4688279301745636,0.04107493991697619,-0.06234413965087282,103105,0.22110469909315747,553,166,75,91,0.45180722891566266,0.5081374321880651,75.0,0.5172891566265061,0,lendingclub_imb77,rf
3,0.3,least_risky,0.7814266811018886,0.5487804878048781,0.04097614277909306,0.0975609756097561,124693,0.22046145332937694,521,157,79,78,0.5031847133757962,0.5470249520153551,79.0,0.5140127388535032,0,lendingclub_imb77,rf
4,0.3,least_risky,0.7839417555373257,0.5335968379446641,0.042486231313926044,0.06719367588932806,146280,0.21999589827727645,522,157,83,74,0.5286624203821656,0.5823754789272031,83.0,0.5140764331210191,0,lendingclub_imb77,rf
5,0.3,least_risky,0.7846034677947924,0.5152,0.044419919988963996,0.0304,167829,0.2199679435616014,577,174,73,101,0.41954022988505746,0.5181975736568457,73.0,0.5145402298850574,0,lendingclub_imb77,rf
6,0.3,least_risky,0.7843453009503696,0.5425361155698234,0.041109219168085624,0.08507223113964688,189396,0.21974064922173647,551,166,80,86,0.4819277108433735,0.5535390199637024,80.0,0.515421686746988,0,lendingclub_imb77,rf
7,0.3,least_risky,0.7849678932777291,0.5363489499192245,0.03640350877192983,0.07269789983844911,211012,0.21985953405493527,480,144,68,76,0.4722222222222222,0.5291666666666667,68.0,0.5140277777777776,0,lendingclub_imb77,rf
8,0.3,least_risky,0.7834451036024418,0.5445945945945946,0.03973967064392072,0.0891891891891892,232620,0.2196156822285272,492,148,83,65,0.5608108108108109,0.5101626016260162,83.0,0.5145945945945946,0,lendingclub_imb77,rf
9,0.3,least_risky,0.781892923173754,0.5396825396825397,0.042656151984944886,0.07936507936507936,254209,0.21954769500686444,519,156,88,68,0.5641025641025641,0.5664739884393064,88.0,0.515128205128205,0,lendingclub_imb77,rf
10,0.3,least_risky,0.7805214112186809,0.5213872832369942,0.03714073952071152,0.04277456647398844,275790,0.2196816418289278,531,160,69,91,0.43125,0.512241054613936,69.0,0.5137499999999999,0,lendingclub_imb77,rf
0,0.3,least_risky,0.7800833333333334,0.5563139931740614,0.06100299401197605,0.11262798634812286,60000,0.22658333333333333,0,0,0,0,0.0,0.0,0.0,0.0,1,lendingclub_imb77,rf
1,0.3,least_risky,0.7783565169434402,0.5343915343915344,0.05544880592917925,0.06878306878306878,81591,0.2244120062261769,516,155,76,79,0.49032258064516127,0.5310077519379846,76.0,0.5151612903225806,1,lendingclub_imb77,rf
2,0.3,least_risky,0.7792157432989191,0.5435356200527705,0.044899738448125545,0.0870712401055409,103152,0.22164378780828292,559,168,81,87,0.48214285714285715,0.5062611806797853,81.0,0.5157142857142857,1,lendingclub_imb77,rf
3,0.3,least_risky,0.7790781563126252,0.512987012987013,0.042903692976104274,0.025974025974025976,124747,0.22150432475330067,510,153,88,65,0.5751633986928104,0.5862745098039216,88.0,0.514313725490196,1,lendingclub_imb77,rf
4,0.3,least_risky,0.7766578974341454,0.5363457760314342,0.04152722847581381,0.07269155206286837,146345,0.2207113328094571,506,152,69,83,0.45394736842105265,0.525691699604743,69.0,0.5144736842105262,1,lendingclub_imb77,rf
5,0.3,least_risky,0.7810490592998333,0.5025466893039049,0.04022832291383528,0.0050933786078098476,167957,0.22030043403966493,486,146,80,66,0.547945205479452,0.5432098765432098,80.0,0.5135616438356164,1,lendingclub_imb77,rf
6,0.3,least_risky,0.7800284855198607,0.5296108291032149,0.03737313432835821,0.05922165820642978,189566,0.2199708808541616,491,148,70,78,0.47297297297297297,0.5254582484725051,70.0,0.5143243243243244,1,lendingclub_imb77,rf
7,0.3,least_risky,0.7828310329316508,0.5216741405082213,0.03792653770919365,0.043348281016442454,211192,0.21994204325921438,467,141,72,69,0.5106382978723404,0.5546038543897216,72.0,0.5136170212765958,1,lendingclub_imb77,rf
8,0.3,least_risky,0.7794626173242553,0.5013227513227513,0.036903602726387534,0.0026455026455026454,232793,0.21983478884674368,502,151,76,75,0.5033112582781457,0.5737051792828686,76.0,0.5145033112582782,1,lendingclub_imb77,rf
9,0.3,least_risky,0.7841530054644809,0.5055900621118012,0.0370336669699727,0.011180124223602485,254370,0.21974682549042732,537,162,74,88,0.4567901234567901,0.547486033519553,74.0,0.5150617283950617,1,lendingclub_imb77,rf
10,0.3,least_risky,0.7813909672276672,0.5175537938844847,0.03777483881633328,0.035107587768969425,275995,0.2198336926393594,468,141,64,77,0.45390070921985815,0.5170940170940171,64.0,0.5140425531914895,1,lendingclub_imb77,rf
0,0.3,least_risky,0.7753333333333333,0.5,0.04896142433234421,0.0,60000,0.2216,0,0,0,0,0.0,0.0,0.0,0.0,2,lendingclub_imb77,rf
1,0.3,least_risky,0.779554085507779,0.5298013245033113,0.04423555432679016,0.059602649006622516,81630,0.22034791130711748,460,138,63,75,0.45652173913043476,0.5130434782608696,63.0,0.5147101449275362,2,lendingclub_imb77,rf
2,0.3,least_risky,0.7790365528927621,0.5764705882352941,0.04246100519930676,0.15294117647058825,103274,0.2203361930398745,441,133,61,72,0.45864661654135336,0.5306122448979592,61.0,0.5139097744360903,2,lendingclub_imb77,rf
3,0.3,least_risky,0.7777110604059085,0.5259433962264151,0.04,0.05188679245283019,124901,0.2198781434896438,465,140,75,65,0.5357142857142857,0.556989247311828,75.0,0.5142142857142857,2,lendingclub_imb77,rf
4,0.3,least_risky,0.7794499044499045,0.5111111111111111,0.04262548262548262,0.022222222222222223,146520,0.2195945945945946,476,143,81,62,0.5664335664335665,0.569327731092437,81.0,0.5144055944055945,2,lendingclub_imb77,rf
5,0.3,least_risky,0.7821470002082156,0.473967684021544,0.036189170664838934,-0.05206463195691203,168095,0.21914393646449923,539,162,81,81,0.5,0.549165120593692,81.0,0.5159259259259259,2,lendingclub_imb77,rf
6,0.3,least_risky,0.7830499538684592,0.5311475409836065,0.03918722786647315,0.06229508196721312,189675,0.21887439040463952,532,160,75,85,0.46875,0.5319548872180451,75.0,0.5140624999999999,2,lendingclub_imb77,rf
7,0.3,least_risky,0.7816116435924743,0.5276595744680851,0.04014244091939139,0.05531914893617021,211272,0.21940910295732516,508,153,77,76,0.5032679738562091,0.531496062992126,77.0,0.5145751633986927,2,lendingclub_imb77,rf
8,0.3,least_risky,0.7788655588475246,0.5131578947368421,0.0377906976744186,0.02631578947368421,232888,0.21955618151214318,481,145,73,72,0.503448275862069,0.5634095634095634,73.0,0.5139310344827586,2,lendingclub_imb77,rf
9,0.3,least_risky,0.7796636806537797,0.5650172612197929,0.04334010062671021,0.13003452243958574,254518,0.22022018089093895,461,139,77,62,0.5539568345323741,0.561822125813449,77.0,0.51431654676259,2,lendingclub_imb77,rf
10,0.3,least_risky,0.7798982418656865,0.540420819490587,0.039905143511325535,0.08084163898117387,276141,0.22005424764884607,471,142,83,59,0.5845070422535211,0.5329087048832272,83.0,0.5151408450704226,2,lendingclub_imb77,rf
0,0.3,least_risky,0.77875,0.5595238095238095,0.05251396648044693,0.11904761904761904,60000,0.22273333333333334,0,0,0,0,0.0,0.0,0.0,0.0,3,lendingclub_imb77,rf
1,0.3,least_risky,0.7749938740504778,0.5382165605095541,0.045712740059507706,0.07643312101910828,81616,0.22151293863948246,480,144,66,78,0.4583333333333333,0.5,66.0,0.5149305555555554,3,lendingclub_imb77,rf
2,0.3,least_risky,0.776556599205965,0.5362318840579711,0.047793326157158235,0.07246376811594203,103270,0.22048997772828507,427,129,74,55,0.5736434108527132,0.550351288056206,74.0,0.514031007751938,3,lendingclub_imb77,rf
3,0.3,least_risky,0.782826261008807,0.5629139072847682,0.046515870120394015,0.12582781456953643,124896,0.22034332564693826,467,141,78,63,0.5531914893617021,0.5310492505353319,78.0,0.5148936170212767,3,lendingclub_imb77,rf
4,0.3,least_risky,0.7843030199624638,0.5759637188208617,0.03976205385097057,0.15192743764172337,146525,0.2200921344480464,462,139,57,82,0.41007194244604317,0.551948051948052,57.0,0.5137410071942445,3,lendingclub_imb77,rf
5,0.3,least_risky,0.7811087318581965,0.5392670157068062,0.04172856178257934,0.07853403141361257,168116,0.21975302767136976,517,156,80,76,0.5128205128205128,0.5415860735009671,80.0,0.5141666666666668,3,lendingclub_imb77,rf
6,0.3,least_risky,0.7788963263585095,0.5365418894830659,0.03570157751156446,0.07308377896613191,189728,0.22003605161072692,487,147,75,72,0.5102040816326531,0.5441478439425051,75.0,0.5136734693877552,3,lendingclub_imb77,rf
7,0.3,least_risky,0.781911496889856,0.5501474926253688,0.040155022069114005,0.10029498525073746,211405,0.2199900664601121,394,119,58,61,0.48739495798319327,0.5355329949238579,58.0,0.5131092436974791,3,lendingclub_imb77,rf
8,0.3,least_risky,0.780638516992791,0.5664233576642336,0.037615123606398446,0.13284671532846715,233036,0.22033076434542304,459,138,72,66,0.5217391304347826,0.5729847494553377,72.0,0.5131884057971015,3,lendingclub_imb77,rf
9,0.3,least_risky,0.7804413554796403,0.5585241730279898,0.03893569844789357,0.11704834605597965,254670,0.22053638041386892,455,137,81,56,0.5912408759124088,0.5868131868131868,81.0,0.5136496350364964,3,lendingclub_imb77,rf
10,0.3,least_risky,0.7804763283625308,0.5571587125416204,0.04103654050519088,0.11431742508324085,276279,0.22014702528965285,491,148,73,75,0.49324324324324326,0.5661914460285132,73.0,0.5139864864864865,3,lendingclub_imb77,rf
0,0.3,least_risky,0.7698333333333334,0.5314685314685315,0.05467625899280575,0.06293706293706294,60000,0.22443333333333335,0,0,0,0,0.0,0.0,0.0,0.0,4,lendingclub_imb77,rf
1,0.3,least_risky,0.777750551335457,0.5162162162162162,0.05247252747252747,0.032432432432432434,81617,0.22220860850068,479,144,68,76,0.4722222222222222,0.524008350730689,68.0,0.5158333333333334,4,lendingclub_imb77,rf
2,0.3,least_risky,0.7797316281548224,0.5747422680412371,0.0484256243213898,0.14948453608247422,103214,0.2217237971593001,508,153,78,75,0.5098039215686274,0.5511811023622047,78.0,0.5163398692810458,4,lendingclub_imb77,rf
3,0.3,least_risky,0.7775063083269916,0.5647058823529412,0.051236434798078635,0.12941176470588237,124835,0.22180478231265272,473,142,78,64,0.5492957746478874,0.5306553911205074,78.0,0.515,4,lendingclub_imb77,rf
4,0.3,least_risky,0.7802546683508005,0.5383211678832117,0.04553171785769409,0.07664233576642336,146463,0.22112752026108984,463,139,68,71,0.4892086330935252,0.5226781857451404,68.0,0.5146762589928057,4,lendingclub_imb77,rf
5,0.3,least_risky,0.7800981704596163,0.5229202037351444,0.04151502897964685,0.04584040747028863,168071,0.22059724759179156,492,148,69,79,0.46621621621621623,0.5345528455284553,69.0,0.5147972972972973,4,lendingclub_imb77,rf
6,0.3,least_risky,0.781854604881649,0.5291545189504373,0.04365079365079365,0.05830903790087463,189690,0.22024355527439507,477,144,77,67,0.5347222222222222,0.5429769392033543,77.0,0.5159027777777777,4,lendingclub_imb77,rf
7,0.3,least_risky,0.779492155145893,0.5535211267605634,0.04183521396636151,0.10704225352112676,211284,0.22030063800382424,512,154,77,77,0.5,0.54296875,77.0,0.5156493506493506,4,lendingclub_imb77,rf
8,0.3,least_risky,0.7803715236765811,0.5421686746987951,0.03935860058309038,0.08433734939759036,232821,0.2204440321105055,593,178,99,79,0.5561797752808989,0.5531197301854974,99.0,0.5132022471910112,4,lendingclub_imb77,rf
9,0.3,least_risky,0.7799131442944448,0.5333333333333333,0.04050812827573954,0.06666666666666667,254444,0.22030387826004935,471,142,80,62,0.5633802816901409,0.5881104033970276,80.0,0.5146478873239437,4,lendingclub_imb77,rf
10,0.3,least_risky,0.7801865435117269,0.5122470713525027,0.03955592105263158,0.024494142705005325,276074,0.22002071908256482,460,138,69,69,0.5,0.5260869565217391,69.0,0.5149999999999999,4,lendingclub_imb77,rf
0,0.5,least_risky,0.7838333333333334,0.562874251497006,0.07132018209408195,0.12574850299401197,60000,0.22338333333333332,0,0,0,0,0.0,0.0,0.0,0.0,0,lendingclub_imb77,rf
1,0.5,least_risky,0.782329169728141,0.5241935483870968,0.054575986565911,0.04838709677419355,81658,0.22228073183276592,589,295,147,148,0.49830508474576274,0.5212224108658744,147.0,0.5249830508474576,0,lendingclub_imb77,rf
2,0.5,least_risky,0.7785410216718266,0.5429292929292929,0.04661751951431049,0.08585858585858586,103356,0.22181585974689422,509,255,125,130,0.49019607843137253,0.5088408644400786,125.0,0.5217647058823529,0,lendingclub_imb77,rf
3,0.5,least_risky,0.7788127123725764,0.5407239819004525,0.04291614293409948,0.08144796380090498,125071,0.22133028439846167,475,238,133,105,0.5588235294117647,0.5810526315789474,133.0,0.521638655462185,0,lendingclub_imb77,rf
4,0.5,least_risky,0.7805143927780617,0.5068493150684932,0.04588435901410634,0.0136986301369863,146771,0.2210518426664668,504,252,140,112,0.5555555555555556,0.5753968253968254,140.0,0.5230952380952381,0,lendingclub_imb77,rf
5,0.5,least_risky,0.7814522353499971,0.543918918918919,0.04343134610196925,0.08783783783783784,168430,0.22112450276079082,586,293,156,137,0.5324232081911263,0.5426621160409556,156.0,0.5210921501706485,0,lendingclub_imb77,rf
6,0.5,least_risky,0.7783242162844519,0.5085227272727273,0.04241203648856771,0.017045454545454544,190120,0.2209499263622975,524,262,135,127,0.5152671755725191,0.5687022900763359,135.0,0.5217938931297709,0,lendingclub_imb77,rf
7,0.5,least_risky,0.7818482237696212,0.5456852791878173,0.04616706033927421,0.09137055837563451,211824,0.2210514389304328,496,248,118,130,0.47580645161290325,0.5282258064516129,118.0,0.5219354838709678,0,lendingclub_imb77,rf
8,0.5,least_risky,0.7807896539910928,0.5272067714631197,0.042400077798307886,0.05441354292623942,233517,0.22069485305138384,518,259,120,139,0.46332046332046334,0.5212355212355212,120.0,0.5218918918918919,0,lendingclub_imb77,rf
9,0.5,least_risky,0.7816981427787791,0.5257731958762887,0.04556419190565532,0.05154639175257732,255217,0.22068670974112226,504,252,142,110,0.5634920634920635,0.5654761904761905,142.0,0.5225,0,lendingclub_imb77,rf
10,0.5,least_risky,0.7792824512937183,0.5181236673773987,0.039647577092511016,0.03624733475479744,276913,0.22088525999140524,513,257,138,119,0.5369649805447471,0.5321637426900585,138.0,0.5202334630350194,0,lendingclub_imb77,rf
0,0.5,least_risky,0.7800833333333334,0.5563139931740614,0.06100299401197605,0.11262798634812286,60000,0.22658333333333333,0,0,0,0,0.0,0.0,0.0,0.0,1,lendingclub_imb77,rf
1,0.5,least_risky,0.7740987820552053,0.509090909090909,0.05300162249864792,0.01818181818181818,81694,0.22471662545596985,516,258,124,134,0.4806201550387597,0.5310077519379846,124.0,0.522751937984496,1,lendingclub_imb77,rf
2,0.5,least_risky,0.775671100362757,0.5267175572519084,0.044430135222150675,0.05343511450381679,103372,0.2221394574933251,548,274,146,128,0.5328467153284672,0.5401459854014599,146.0,0.5246350364963503,1,lendingclub_imb77,rf
3,0.5,least_risky,0.7780131920847492,0.5393700787401575,0.04898980868943322,0.07874015748031496,125073,0.22225420354512965,502,251,142,109,0.5657370517928287,0.5717131474103586,142.0,0.5221513944223107,1,lendingclub_imb77,rf
4,0.5,least_risky,0.7739429661681033,0.49828178694158076,0.04372078998944671,-0.003436426116838488,146751,0.22151808164850664,548,274,132,142,0.48175182481751827,0.5237226277372263,132.0,0.5203284671532846,1,lendingclub_imb77,rf
5,0.5,least_risky,0.7798260456555941,0.5466893039049237,0.04309421841541756,0.0933786078098472,168432,0.22102094613850098,542,271,133,138,0.4907749077490775,0.551660516605166,133.0,0.5231734317343173,1,lendingclub_imb77,rf
6,0.5,least_risky,0.7790954509597686,0.5609756097560976,0.04339110953896946,0.12195121951219512,190146,0.220809272874528,477,239,130,109,0.5439330543933054,0.5387840670859538,130.0,0.5218828451882846,1,lendingclub_imb77,rf
7,0.5,least_risky,0.775929203539823,0.5641399416909622,0.04038401335698633,0.1282798833819242,211875,0.22089911504424778,446,223,117,106,0.5246636771300448,0.5336322869955157,117.0,0.5220179372197309,1,lendingclub_imb77,rf
8,0.5,least_risky,0.7781630599970034,0.5378250591016549,0.043632527809743,0.07565011820330969,233594,0.22089608465970872,467,234,127,107,0.5427350427350427,0.5738758029978587,127.0,0.520940170940171,1,lendingclub_imb77,rf
9,0.5,least_risky,0.7778082460092057,0.5382131324004306,0.043802014892685065,0.07642626480086114,255275,0.22088336108118695,543,272,137,135,0.5036764705882353,0.5377532228360957,137.0,0.5220588235294118,1,lendingclub_imb77,rf
10,0.5,least_risky,0.7788548323044153,0.531055900621118,0.04167005117374706,0.062111801242236024,276986,0.2209750673319229,483,242,129,113,0.5330578512396694,0.5424430641821946,129.0,0.5200826446280992,1,lendingclub_imb77,rf
0,0.5,least_risky,0.7753333333333333,0.5,0.04896142433234421,0.0,60000,0.2216,0,0,0,0,0.0,0.0,0.0,0.0,2,lendingclub_imb77,rf
1,0.5,least_risky,0.7803609666564699,0.5709342560553633,0.04544202698980997,0.14186851211072665,81722,0.22067497124397348,460,230,110,120,0.4782608695652174,0.5130434782608696,110.0,0.5216086956521739,2,lendingclub_imb77,rf
2,0.5,least_risky,0.7746580969409945,0.541025641025641,0.044941427050053245,0.08205128205128205,103462,0.22091202567126095,425,213,105,108,0.49295774647887325,0.5270588235294118,105.0,0.5206103286384975,2,lendingclub_imb77,rf
3,0.5,least_risky,0.7796420581655481,0.5243362831858407,0.04279523293607801,0.048672566371681415,125157,0.2205709628706345,515,258,141,117,0.5465116279069767,0.5495145631067961,141.0,0.5206201550387597,2,lendingclub_imb77,rf
4,0.5,least_risky,0.7812617029244544,0.5191256830601093,0.0442134657151722,0.03825136612021858,146861,0.2203239798176507,497,249,131,118,0.5261044176706827,0.5674044265593562,131.0,0.5231726907630522,2,lendingclub_imb77,rf
5,0.5,least_risky,0.7818812850404913,0.49105691056910566,0.04113320621084173,-0.01788617886178862,168553,0.2199604872058047,520,260,125,135,0.4807692307692308,0.5461538461538461,125.0,0.5216153846153846,2,lendingclub_imb77,rf
6,0.5,least_risky,0.783264565977241,0.521865889212828,0.043252386130240426,0.043731778425655975,190251,0.21981487613731335,508,254,130,124,0.5118110236220472,0.5334645669291339,130.0,0.5209055118110235,2,lendingclub_imb77,rf
7,0.5,least_risky,0.7790280726586459,0.531628532974428,0.0419587847886127,0.063257065948856,211949,0.2203265879999434,509,255,129,126,0.5058823529411764,0.5579567779960707,129.0,0.5219607843137254,2,lendingclub_imb77,rf
8,0.5,least_risky,0.7809758185319923,0.5334928229665071,0.04333883976289962,0.06698564593301436,233646,0.2205002439588095,510,255,133,122,0.5215686274509804,0.5627450980392157,133.0,0.5208627450980392,2,lendingclub_imb77,rf
9,0.5,least_risky,0.7794877819548872,0.5335397316821465,0.04564315352697095,0.06707946336429309,255359,0.2211631467855059,478,239,126,113,0.5271966527196653,0.5627615062761506,126.0,0.5236820083682009,2,lendingclub_imb77,rf
10,0.5,least_risky,0.7827766047678343,0.5330232558139535,0.04732408325074331,0.06604651162790698,277064,0.22096338752057287,494,247,123,124,0.4979757085020243,0.5303643724696356,123.0,0.5206072874493929,2,lendingclub_imb77,rf
0,0.5,least_risky,0.77875,0.5595238095238095,0.05251396648044693,0.11904761904761904,60000,0.22273333333333334,0,0,0,0,0.0,0.0,0.0,0.0,3,lendingclub_imb77,rf
1,0.5,least_risky,0.7786208162516062,0.56,0.053551912568306013,0.12,81712,0.22186459761112198,480,240,116,124,0.48333333333333334,0.5,116.0,0.522,3,lendingclub_imb77,rf
2,0.5,least_risky,0.7818814657256116,0.5390625,0.04557463672391017,0.078125,103429,0.22096317280453256,470,235,110,125,0.46808510638297873,0.5042553191489362,110.0,0.5208085106382979,3,lendingclub_imb77,rf
3,0.5,least_risky,0.781396092220402,0.5826446280991735,0.050801657359034406,0.1652892561983471,125135,0.22078555160426738,493,247,113,134,0.4574898785425101,0.5253549695740365,113.0,0.5213360323886641,3,lendingclub_imb77,rf
4,0.5,least_risky,0.7812085106382979,0.5539714867617108,0.04197530864197531,0.1079429735234216,146873,0.22076215505913271,429,215,118,97,0.5488372093023256,0.5804195804195804,118.0,0.521953488372093,3,lendingclub_imb77,rf
5,0.5,least_risky,0.7832290214457331,0.5561139028475712,0.045016949152542375,0.11222780569514237,168565,0.2205143416486222,520,260,138,122,0.5307692307692308,0.55,138.0,0.5224999999999999,3,lendingclub_imb77,rf
6,0.5,least_risky,0.7782829211888681,0.5830508474576271,0.040304628002343294,0.16610169491525423,190264,0.2208562839002649,507,254,123,131,0.484251968503937,0.52465483234714,123.0,0.5231496062992126,3,lendingclub_imb77,rf
7,0.5,least_risky,0.7810930018633394,0.5455712451861361,0.0454448246364414,0.09114249037227215,211985,0.22077505483878576,462,231,117,114,0.5064935064935064,0.5411255411255411,117.0,0.520952380952381,3,lendingclub_imb77,rf
8,0.5,least_risky,0.7780154892815883,0.5539906103286385,0.04508979747802828,0.107981220657277,233707,0.22120004963479914,460,230,134,96,0.5826086956521739,0.5826086956521739,134.0,0.5186521739130434,3,lendingclub_imb77,rf
9,0.5,least_risky,0.7777777777777778,0.5612009237875288,0.04241577936812707,0.12240184757505773,255417,0.22139481710301193,485,243,132,111,0.5432098765432098,0.5876288659793815,132.0,0.5208230452674897,3,lendingclub_imb77,rf
10,0.5,least_risky,0.7771944068561119,0.5598377281947262,0.04427689099221946,0.11967545638945233,277122,0.22109035009851258,494,247,132,115,0.5344129554655871,0.5546558704453441,132.0,0.5213765182186236,3,lendingclub_imb77,rf
0,0.5,least_risky,0.7698333333333334,0.5314685314685315,0.05467625899280575,0.06293706293706294,60000,0.22443333333333335,0,0,0,0,0.0,0.0,0.0,0.0,4,lendingclub_imb77,rf
1,0.5,least_risky,0.7750107079483571,0.5749318801089919,0.05653804930332262,0.14986376021798364,81713,0.22257168382019996,479,240,119,121,0.49583333333333335,0.524008350730689,119.0,0.5232499999999999,4,lendingclub_imb77,rf
2,0.5,least_risky,0.7753927967125936,0.5739795918367347,0.04783163265306122,0.14795918367346939,103424,0.22244353341584158,482,241,126,115,0.5228215767634855,0.5352697095435685,126.0,0.5220746887966805,4,lendingclub_imb77,rf
3,0.5,least_risky,0.7772805370200184,0.5379876796714579,0.04669399394047407,0.07597535934291581,125133,0.22251524378061743,486,243,123,120,0.5061728395061729,0.5390946502057613,123.0,0.5211934156378601,4,lendingclub_imb77,rf
4,0.5,least_risky,0.7816522509024041,0.5549132947976878,0.04452001855000773,0.10982658959537572,146828,0.22183779660555208,514,257,131,126,0.5097276264591439,0.5350194552529183,131.0,0.5213618677042801,4,lendingclub_imb77,rf
5,0.5,least_risky,0.7800652625333729,0.5647840531561462,0.04538174052322477,0.12956810631229235,168547,0.22138038647973562,467,234,116,118,0.49572649572649574,0.5524625267665952,116.0,0.5191880341880342,4,lendingclub_imb77,rf
6,0.5,least_risky,0.7805108798486282,0.5333333333333333,0.04476723419454697,0.06666666666666667,190260,0.22108693366971513,479,240,130,110,0.5416666666666666,0.5490605427974948,130.0,0.5201666666666667,4,lendingclub_imb77,rf
7,0.5,least_risky,0.7793031868468852,0.5473411154345007,0.044755541414784175,0.0946822308690013,211963,0.22123672527752486,499,250,135,115,0.54,0.5490981963927856,135.0,0.5211999999999999,4,lendingclub_imb77,rf
8,0.5,least_risky,0.7793113778861998,0.5496774193548387,0.0410009624639076,0.09935483870967741,233651,0.22151841849596193,529,265,131,134,0.49433962264150944,0.5179584120982986,131.0,0.5226037735849056,4,lendingclub_imb77,rf
9,0.5,least_risky,0.7787175721977484,0.5388888888888889,0.04264861062258178,0.07777777777777778,255375,0.22143906020558002,456,228,118,110,0.5175438596491229,0.5570175438596491,118.0,0.5216228070175438,4,lendingclub_imb77,rf
10,0.5,least_risky,0.7783773053740932,0.5374878286270691,0.044667421912930896,0.07497565725413827,277068,0.2210901294988956,518,259,136,123,0.525096525096525,0.5579150579150579,136.0,0.5209266409266409,4,lendingclub_imb77,rf
0,0.75,least_risky,0.7838333333333334,0.562874251497006,0.07132018209408195,0.12574850299401197,60000,0.22338333333333332,0,0,0,0,0.0,0.0,0.0,0.0,0,lendingclub_imb77,rf
1,0.75,least_risky,0.7780698001344661,0.5257985257985258,0.05859802847754655,0.051597051597051594,81805,0.22282256585783264,589,442,224,218,0.5067873303167421,0.5212224108658744,224.0,0.5379185520361991,0,lendingclub_imb77,rf
2,0.75,least_risky,0.7788930174202577,0.5541871921182266,0.048638132295719845,0.10837438423645321,103612,0.22253213913446318,583,438,211,227,0.4817351598173516,0.49914236706689535,211.0,0.5345433789954338,0,lendingclub_imb77,rf
3,0.75,least_risky,0.7758160296520665,0.5138004246284501,0.04292302234835048,0.027600849256900213,125451,0.22230193461989142,453,340,175,165,0.5147058823529411,0.5364238410596026,175.0,0.5311470588235294,0,lendingclub_imb77,rf
4,0.75,least_risky,0.7796638940757087,0.4959349593495935,0.047031611410948346,-0.008130081300813009,147274,0.22207585860369108,517,388,205,183,0.5283505154639175,0.5783365570599613,205.0,0.5322938144329897,0,lendingclub_imb77,rf
5,0.75,least_risky,0.7801401661886034,0.5427728613569321,0.04911250500467103,0.0855457227138643,169084,0.22224456483168128,569,427,223,204,0.522248243559719,0.5500878734622144,223.0,0.5326932084309134,0,lendingclub_imb77,rf
6,0.75,least_risky,0.7807286346612189,0.5446009389671361,0.054924242424242424,0.0892018779342723,190902,0.2221820620003981,536,402,213,189,0.5298507462686567,0.5634328358208955,213.0,0.5342786069651742,0,lendingclub_imb77,rf
7,0.75,least_risky,0.7806609316974569,0.5461801596351197,0.05088707107192181,0.09236031927023945,212728,0.22238727388966192,504,378,181,197,0.47883597883597884,0.49404761904761907,181.0,0.5340740740740741,0,lendingclub_imb77,rf
8,0.75,least_risky,0.7811980387976977,0.5591397849462365,0.05012531328320802,0.11827956989247312,234550,0.22209763376678746,522,392,212,180,0.5408163265306123,0.553639846743295,212.0,0.533469387755102,0,lendingclub_imb77,rf
9,0.75,least_risky,0.7787420770355924,0.5500467726847521,0.05134474327628362,0.10009354536950421,256375,0.22212774256460263,508,381,214,167,0.5616797900262467,0.5688976377952756,214.0,0.5298162729658793,0,lendingclub_imb77,rf
10,0.75,least_risky,0.7768471755423354,0.5276338514680483,0.04895833333333333,0.055267702936096716,278194,0.22235202772166185,532,399,196,203,0.49122807017543857,0.4981203007518797,196.0,0.5309774436090225,0,lendingclub_imb77,rf
0,0.75,least_risky,0.7800833333333334,0.5563139931740614,0.06100299401197605,0.11262798634812286,60000,0.22658333333333333,0,0,0,0,0.0,0.0,0.0,0.0,1,lendingclub_imb77,rf
1,0.75,least_risky,0.7766575007638252,0.5578635014836796,0.05089334055224689,0.11572700296735905,81823,0.2252056267797563,516,387,193,194,0.49870801033591733,0.5310077519379846,193.0,0.5344702842377261,1,lendingclub_imb77,rf
2,0.75,least_risky,0.7808007718282682,0.5355555555555556,0.05266608391608392,0.07111111111111111,103650,0.22297153883260976,502,377,188,189,0.4986737400530504,0.5159362549800797,188.0,0.5324403183023874,1,lendingclub_imb77,rf
3,0.75,least_risky,0.7792699450067745,0.5171821305841925,0.05414642921388739,0.03436426116838488,125468,0.2232202633340772,537,403,210,193,0.5210918114143921,0.547486033519553,210.0,0.5325062034739455,1,lendingclub_imb77,rf
4,0.75,least_risky,0.7789584464964693,0.5351270553064275,0.05458981396767307,0.07025411061285501,147280,0.22263715372080392,562,422,208,214,0.4928909952606635,0.5160142348754448,208.0,0.5364218009478673,1,lendingclub_imb77,rf
5,0.75,least_risky,0.7764243266416344,0.5434782608695652,0.04919968512201522,0.08695652173913043,169111,0.22233917367882633,487,366,202,164,0.5519125683060109,0.5687885010266941,202.0,0.5318306010928963,1,lendingclub_imb77,rf
6,0.75,least_risky,0.7800094270451451,0.5363276089828269,0.048013245033112585,0.0726552179656539,190938,0.22214540845719552,500,375,193,182,0.5146666666666667,0.526,193.0,0.53192,1,lendingclub_imb77,rf
7,0.75,least_risky,0.7821356394228509,0.5609195402298851,0.05204223099072198,0.12183908045977011,212768,0.22219976688223794,489,367,196,171,0.5340599455040872,0.558282208588957,196.0,0.5364850136239782,1,lendingclub_imb77,rf
8,0.75,least_risky,0.7783627102026898,0.5254237288135594,0.04747774480712166,0.05084745762711865,234593,0.22226579650714215,511,384,215,169,0.5598958333333334,0.5636007827788649,215.0,0.5320052083333334,1,lendingclub_imb77,rf
9,0.75,least_risky,0.7785425969619562,0.5617455896007428,0.05265448215839861,0.12349117920148561,256413,0.22232882108161442,530,398,205,193,0.5150753768844221,0.5283018867924528,205.0,0.5346984924623116,1,lendingclub_imb77,rf
10,0.75,least_risky,0.779323233956907,0.529657477025898,0.05133187596146061,0.059314954051796154,278233,0.22244665442273204,530,398,205,193,0.5150753768844221,0.5188679245283019,205.0,0.5360301507537688,1,lendingclub_imb77,rf
0,0.75,least_risky,0.7753333333333333,0.5,0.04896142433234421,0.0,60000,0.2216,0,0,0,0,0.0,0.0,0.0,0.0,2,lendingclub_imb77,rf
1,0.75,least_risky,0.7768817204301075,0.5321637426900585,0.04953728905824714,0.06432748538011696,81837,0.22108581692877305,460,345,169,176,0.48985507246376814,0.5130434782608696,169.0,0.532695652173913,2,lendingclub_imb77,rf
2,0.75,least_risky,0.7811158798283262,0.5509708737864077,0.04955249945426763,0.10194174757281553,103684,0.22154816558003163,420,315,159,156,0.5047619047619047,0.5285714285714286,159.0,0.5300634920634921,2,lendingclub_imb77,rf
3,0.75,least_risky,0.7804557405784399,0.5573122529644269,0.05063745735320525,0.11462450592885376,125506,0.2213838382228738,523,393,213,180,0.5419847328244275,0.5564053537284895,213.0,0.5330534351145039,2,lendingclub_imb77,rf
4,0.75,least_risky,0.7821970339702039,0.5124378109452736,0.04803357686926784,0.024875621890547265,147333,0.22134891707899793,502,377,207,170,0.5490716180371353,0.5617529880478087,207.0,0.5347745358090186,2,lendingclub_imb77,rf
5,0.75,least_risky,0.7813543791197423,0.49213161659513593,0.04657460059572163,-0.015736766809728183,169151,0.22113969175470438,538,404,220,184,0.5445544554455446,0.5631970260223048,220.0,0.5349009900990099,2,lendingclub_imb77,rf
6,0.75,least_risky,0.7798402932320985,0.4968152866242038,0.046406473108043786,-0.006369426751592357,190973,0.22105742696611563,522,392,196,196,0.5,0.5210727969348659,196.0,0.5341071428571429,2,lendingclub_imb77,rf
7,0.75,least_risky,0.7792528195488722,0.5287769784172662,0.04670126019273536,0.05755395683453238,212798,0.22165621857348283,510,383,192,191,0.5013054830287206,0.5352941176470588,192.0,0.5343864229765013,2,lendingclub_imb77,rf
8,0.75,least_risky,0.7797336174746936,0.506198347107438,0.047352145342095094,0.012396694214876033,234622,0.2219058741294508,514,386,205,181,0.5310880829015544,0.5525291828793775,205.0,0.5320466321243523,2,lendingclub_imb77,rf
9,0.75,least_risky,0.7761118368461074,0.5260791366906474,0.05068884845334026,0.052158273381294966,256445,0.22259353857552303,518,389,217,172,0.5578406169665809,0.5752895752895753,217.0,0.5332390745501285,2,lendingclub_imb77,rf
10,0.75,least_risky,0.7796025442915154,0.5324786324786325,0.050478042456652085,0.06495726495726496,278266,0.22240949307497143,524,393,204,189,0.5190839694656488,0.5381679389312977,204.0,0.5362086513994911,2,lendingclub_imb77,rf
0,0.75,least_risky,0.77875,0.5595238095238095,0.05251396648044693,0.11904761904761904,60000,0.22273333333333334,0,0,0,0,0.0,0.0,0.0,0.0,3,lendingclub_imb77,rf
1,0.75,least_risky,0.7782122563695241,0.5957446808510638,0.053073382074194424,0.19148936170212766,81832,0.22223580017597028,480,360,173,187,0.48055555555555557,0.5,173.0,0.5329722222222222,3,lendingclub_imb77,rf
2,0.75,least_risky,0.7808912896691425,0.5728900255754475,0.04869565217391304,0.14578005115089515,103666,0.22156734126907568,475,357,169,188,0.4733893557422969,0.5010526315789474,169.0,0.5311484593837535,3,lendingclub_imb77,rf
3,0.75,least_risky,0.7803896569584445,0.608,0.05409252669039146,0.216,125495,0.221610422726005,495,372,182,190,0.489247311827957,0.5252525252525253,182.0,0.5328763440860216,3,lendingclub_imb77,rf
4,0.75,least_risky,0.7813825635456613,0.5598650927487352,0.05097497313066175,0.11973018549747048,147335,0.22174636033529033,449,337,184,153,0.5459940652818991,0.5590200445434298,184.0,0.5312166172106826,3,lendingclub_imb77,rf
5,0.75,least_risky,0.7757315991723323,0.5104895104895105,0.04801368061036569,0.02097902097902098,169147,0.22158241056595743,562,422,232,190,0.5497630331753555,0.5658362989323843,232.0,0.5359715639810426,3,lendingclub_imb77,rf
6,0.75,least_risky,0.77614871056421,0.538563829787234,0.04704925650557621,0.07712765957446809,190975,0.22201335253305407,498,374,178,196,0.47593582887700536,0.5060240963855421,178.0,0.5357754010695187,3,lendingclub_imb77,rf
7,0.75,least_risky,0.7761278195488722,0.5361963190184049,0.045582559716282466,0.07239263803680981,212798,0.22195227398753747,518,389,204,185,0.5244215938303342,0.5501930501930502,204.0,0.5315938303341903,3,lendingclub_imb77,rf
8,0.75,least_risky,0.7772710806145716,0.5384615384615384,0.04524714828897338,0.07692307692307693,234633,0.22241116978430145,471,354,214,140,0.6045197740112994,0.613588110403397,214.0,0.5314124293785311,3,lendingclub_imb77,rf
9,0.75,least_risky,0.7791706470668512,0.5435203094777563,0.04922484015065254,0.08704061895551257,256461,0.22269662833725207,496,372,221,151,0.5940860215053764,0.6008064516129032,221.0,0.5300537634408602,3,lendingclub_imb77,rf
10,0.75,least_risky,0.7790215067287134,0.5209677419354839,0.05230345720994251,0.041935483870967745,278281,0.2224262526007884,530,398,230,168,0.5778894472361809,0.5830188679245283,230.0,0.5310804020100502,3,lendingclub_imb77,rf
0,0.75,least_risky,0.7698333333333334,0.5314685314685315,0.05467625899280575,0.06293706293706294,60000,0.22443333333333335,0,0,0,0,0.0,0.0,0.0,0.0,4,lendingclub_imb77,rf
1,0.75,least_risky,0.7718580069652349,0.5583333333333333,0.05323093220338983,0.11666666666666667,81833,0.22299072501313652,479,360,180,180,0.5,0.524008350730689,180.0,0.5354166666666667,4,lendingclub_imb77,rf
2,0.75,least_risky,0.7768989631058597,0.5973154362416108,0.056651814131126674,0.19463087248322147,103672,0.22312678447411066,454,341,187,154,0.5483870967741935,0.5594713656387665,187.0,0.5334897360703813,4,lendingclub_imb77,rf
3,0.75,least_risky,0.7774192263256444,0.5482142857142858,0.05442297464988477,0.09642857142857143,125504,0.2234988526262111,482,362,190,172,0.5248618784530387,0.516597510373444,190.0,0.5319337016574586,4,lendingclub_imb77,rf
4,0.75,least_risky,0.7835471390755447,0.5890625,0.05807147258163894,0.178125,147328,0.2229582971329279,515,387,189,198,0.4883720930232558,0.5106796116504855,189.0,0.5337984496124031,4,lendingclub_imb77,rf
5,0.75,least_risky,0.7792261535278295,0.5224489795918368,0.05118635030658491,0.044897959183673466,169152,0.22260452137722286,515,387,206,181,0.5322997416020672,0.5495145631067961,206.0,0.5355813953488372,4,lendingclub_imb77,rf
6,0.75,least_risky,0.7762651517134853,0.5339578454332553,0.05299860529986053,0.06791569086651054,190981,0.22233625334457355,495,372,190,182,0.510752688172043,0.5373737373737374,190.0,0.5340322580645162,4,lendingclub_imb77,rf
7,0.75,least_risky,0.7760443588177247,0.5356347438752784,0.05012505210504377,0.07126948775055679,212810,0.22250364174615855,495,372,207,165,0.5564516129032258,0.5797979797979798,207.0,0.5328494623655915,4,lendingclub_imb77,rf
8,0.75,least_risky,0.7772615876398509,0.5444664031620553,0.052267121988237526,0.08893280632411067,234621,0.22282319144492607,565,424,218,206,0.5141509433962265,0.5256637168141592,218.0,0.5340094339622642,4,lendingclub_imb77,rf
9,0.75,least_risky,0.7763263077852951,0.5278293135435993,0.0493409642733264,0.055658627087198514,256444,0.22279717989112632,517,388,234,154,0.6030927835051546,0.5918762088974855,234.0,0.5345360824742269,4,lendingclub_imb77,rf
10,0.75,least_risky,0.7781251684545307,0.5300813008130081,0.052487522138142007,0.06016260162601626,278261,0.22248177071166997,542,407,203,204,0.4987714987714988,0.5350553505535055,203.0,0.5328255528255529,4,lendingclub_imb77,rf
0,1.0,least_risky,0.7838333333333334,0.562874251497006,0.07132018209408195,0.12574850299401197,60000,0.22338333333333332,0,0,0,0,0.0,0.0,0.0,0.0,0,lendingclub_imb77,rf
1,1.0,least_risky,0.7764626929412483,0.5108108108108108,0.051470588235294115,0.021621621621621623,81952,0.22343566966028894,589,589,307,282,0.5212224108658744,0.5212224108658744,307.0,0.5568760611205433,0,lendingclub_imb77,rf
2,1.0,least_risky,0.7767672393051345,0.5074626865671642,0.05122686181661645,0.014925373134328358,103904,0.2234755158607946,503,503,259,244,0.5149105367793241,0.5149105367793241,259.0,0.5526838966202783,0,lendingclub_imb77,rf
3,1.0,least_risky,0.776736055935166,0.5451263537906137,0.05326278659611993,0.09025270758122744,125856,0.22342200610221205,479,479,254,225,0.5302713987473904,0.5302713987473904,254.0,0.5473486430062632,0,lendingclub_imb77,rf
4,1.0,least_risky,0.7801231310466139,0.5197889182058048,0.06033690658499234,0.0395778364116095,147808,0.22347234249837628,534,534,310,224,0.5805243445692884,0.5805243445692884,310.0,0.5552247191011236,0,lendingclub_imb77,rf
5,1.0,least_risky,0.7790115457115928,0.5264423076923077,0.05803630581688088,0.052884615384615384,169760,0.22380419415645617,608,608,337,271,0.5542763157894737,0.5542763157894737,337.0,0.5560526315789474,0,lendingclub_imb77,rf
6,1.0,least_risky,0.7781602900138226,0.5753880266075388,0.060055542698449434,0.15077605321507762,191712,0.2238722667334335,534,534,304,230,0.5692883895131086,0.5692883895131086,304.0,0.5554868913857678,0,lendingclub_imb77,rf
7,1.0,least_risky,0.7816675637095453,0.5591296121097445,0.06250661025912216,0.11825922421948912,213664,0.22409016025161,499,499,269,230,0.5390781563126252,0.5390781563126252,269.0,0.551943887775551,0,lendingclub_imb77,rf
8,1.0,least_risky,0.7792207792207793,0.5595446584938704,0.06062618595825427,0.1190893169877408,235616,0.22384727692516637,590,590,310,280,0.5254237288135594,0.5254237288135594,310.0,0.5552881355932203,0,lendingclub_imb77,rf
9,1.0,least_risky,0.7807586287222891,0.5724852071005917,0.06736292428198433,0.14497041420118342,257568,0.22390980245993292,549,549,310,239,0.5646630236794171,0.5646630236794171,310.0,0.5540619307832422,0,lendingclub_imb77,rf
10,1.0,least_risky,0.7781017458500287,0.5515789473684211,0.06261950286806883,0.1031578947368421,279520,0.22413423010875788,551,551,297,254,0.5390199637023594,0.5390199637023594,297.0,0.5554990925589838,0,lendingclub_imb77,rf
0,1.0,least_risky,0.7800833333333334,0.5563139931740614,0.06100299401197605,0.11262798634812286,60000,0.22658333333333333,0,0,0,0,0.0,0.0,0.0,0.0,1,lendingclub_imb77,rf
1,1.0,least_risky,0.7748764565920322,0.5084337349397591,0.0570733026778469,0.016867469879518072,81952,0.2258395158141351,516,516,274,242,0.5310077519379846,0.5310077519379846,274.0,0.5538759689922482,1,lendingclub_imb77,rf
2,1.0,least_risky,0.7806650305567586,0.5700757575757576,0.06498272884283247,0.14015151515151514,103904,0.22388935940868493,597,597,301,296,0.5041876046901173,0.5041876046901173,301.0,0.5580569514237855,1,lendingclub_imb77,rf
3,1.0,least_risky,0.7795566502463054,0.5699658703071673,0.059314508968211686,0.13993174061433447,125856,0.22440725908975337,547,547,294,253,0.5374771480804388,0.5374771480804388,294.0,0.5533638025594151,1,lendingclub_imb77,rf
4,1.0,least_risky,0.7753196671402476,0.5421052631578948,0.06143751864002386,0.08421052631578947,147808,0.22399328859060402,536,536,299,237,0.5578358208955224,0.5578358208955224,299.0,0.5514552238805969,1,lendingclub_imb77,rf
5,1.0,least_risky,0.775624410933082,0.5476477683956574,0.058984019747953746,0.09529553679131483,169760,0.22380419415645617,531,531,278,253,0.5235404896421846,0.5235404896421846,278.0,0.5522222222222223,1,lendingclub_imb77,rf
6,1.0,least_risky,0.7776126020394857,0.5728155339805825,0.05458540534289349,0.14563106796116504,191712,0.22366362043064597,497,497,265,232,0.5331991951710262,0.5331991951710262,265.0,0.551327967806841,1,lendingclub_imb77,rf
7,1.0,least_risky,0.7770809444691457,0.5590863952333665,0.058372213582166925,0.11817279046673287,213664,0.22379530477759474,490,490,270,220,0.5510204081632653,0.5510204081632653,270.0,0.554795918367347,1,lendingclub_imb77,rf
8,1.0,least_risky,0.7751464222052458,0.5416323165704864,0.061419089464335795,0.0832646331409728,235616,0.2239024514464213,511,511,304,207,0.5949119373776908,0.5949119373776908,304.0,0.5555968688845402,1,lendingclub_imb77,rf
9,1.0,least_risky,0.7785262258803433,0.554953560371517,0.06207254783135659,0.10990712074303406,257568,0.22400298173686173,569,569,325,244,0.5711775043936731,0.5711775043936731,325.0,0.5571528998242531,1,lendingclub_imb77,rf
10,1.0,least_risky,0.7774041213508872,0.5606171932402645,0.0605123324609406,0.12123438648052902,279520,0.22413423010875788,560,560,301,259,0.5375,0.5375,301.0,0.5550892857142857,1,lendingclub_imb77,rf
0,1.0,least_risky,0.7753333333333333,0.5,0.04896142433234421,0.0,60000,0.2216,0,0,0,0,0.0,0.0,0.0,0.0,2,lendingclub_imb77,rf
1,1.0,least_risky,0.7749374656823866,0.5753012048192772,0.051083177320139075,0.15060240963855423,81952,0.22159312768449824,460,460,236,224,0.5130434782608696,0.5130434782608696,236.0,0.5509565217391305,2,lendingclub_imb77,rf
2,1.0,least_risky,0.777152206342332,0.5243619489559165,0.04858125537403268,0.048723897911832945,103904,0.2223302279026794,465,465,237,228,0.5096774193548387,0.5096774193548387,237.0,0.5470107526881721,2,lendingclub_imb77,rf
3,1.0,least_risky,0.7780867630700778,0.5160202360876898,0.05459411239964317,0.03204047217537943,125856,0.22242086193745234,490,490,251,239,0.5122448979591837,0.5122448979591837,251.0,0.5521020408163265,2,lendingclub_imb77,rf
4,1.0,least_risky,0.7798863405723564,0.510148849797023,0.05780435449248697,0.02029769959404601,147808,0.2225522299198961,525,525,282,243,0.5371428571428571,0.5371428571428571,282.0,0.5524761904761903,2,lendingclub_imb77,rf
5,1.0,least_risky,0.7777450518378888,0.5171149144254279,0.055848956958014256,0.034229828850855744,169760,0.222502356267672,545,545,300,245,0.5504587155963303,0.5504587155963303,300.0,0.557045871559633,2,lendingclub_imb77,rf
6,1.0,least_risky,0.7748480817880709,0.5314222712238148,0.055466052934407366,0.06284454244762955,191712,0.22251084960774495,545,545,290,255,0.5321100917431193,0.5321100917431193,290.0,0.5534678899082569,2,lendingclub_imb77,rf
7,1.0,least_risky,0.7757236795918845,0.5311627906976745,0.059164853383069115,0.062325581395348835,213664,0.22320559382956418,506,506,273,233,0.5395256916996047,0.5395256916996047,273.0,0.5524703557312253,2,lendingclub_imb77,rf
8,1.0,least_risky,0.7785417197181903,0.5109845402766476,0.06002102647424257,0.021969080553295363,235616,0.2235247181855222,566,566,308,258,0.5441696113074205,0.5441696113074205,308.0,0.5544346289752651,2,lendingclub_imb77,rf
9,1.0,least_risky,0.7763326474356486,0.5418569254185692,0.061210453920220086,0.0837138508371385,257568,0.22427475462790408,531,531,300,231,0.5649717514124294,0.5649717514124294,300.0,0.554783427495292,2,lendingclub_imb77,rf
10,1.0,least_risky,0.7784416141957642,0.5345181134654818,0.06262513013534075,0.06903622693096377,279520,0.22413423010875788,537,537,287,250,0.5344506517690876,0.5344506517690876,287.0,0.5547486033519553,2,lendingclub_imb77,rf
0,1.0,least_risky,0.77875,0.5595238095238095,0.05251396648044693,0.11904761904761904,60000,0.22273333333333334,0,0,0,0,0.0,0.0,0.0,0.0,3,lendingclub_imb77,rf
1,1.0,least_risky,0.7783539747422366,0.56657223796034,0.05434782608695652,0.13314447592067988,81952,0.22272793830534948,480,480,240,240,0.5,0.5,240.0,0.5503125,3,lendingclub_imb77,rf
2,1.0,least_risky,0.7760454261103893,0.5090497737556561,0.04826254826254826,0.01809954751131222,103904,0.22236872497690174,460,460,236,224,0.5130434782608696,0.5130434782608696,236.0,0.5513695652173913,3,lendingclub_imb77,rf
3,1.0,least_risky,0.7730414746543779,0.5449330783938815,0.049479166666666664,0.08986615678776291,125856,0.22267512077294685,483,483,249,234,0.515527950310559,0.515527950310559,249.0,0.5521739130434784,3,lendingclub_imb77,rf
4,1.0,least_risky,0.7790744875177593,0.5458452722063037,0.0577710386656558,0.09169054441260745,147808,0.22293786533881793,431,431,235,196,0.5452436194895591,0.5452436194895591,235.0,0.5503016241299303,3,lendingclub_imb77,rf
5,1.0,least_risky,0.7794533459000943,0.5276442307692307,0.058269179718608975,0.055288461538461536,169760,0.2229441564561734,592,592,340,252,0.5743243243243243,0.5743243243243243,340.0,0.5562162162162162,3,lendingclub_imb77,rf
6,1.0,least_risky,0.78113345330308,0.5539568345323741,0.054468285781655267,0.1079136690647482,191712,0.22346019028542813,526,526,265,261,0.5038022813688213,0.5038022813688213,265.0,0.5521482889733841,3,lendingclub_imb77,rf
7,1.0,least_risky,0.7774085601291741,0.5485485485485485,0.05702986783224061,0.0970970970970971,213664,0.22349576905796018,504,504,252,252,0.5,0.5,252.0,0.553531746031746,3,lendingclub_imb77,rf
8,1.0,least_risky,0.7797512944571768,0.5778801843317972,0.05944254835039818,0.15576036866359447,235616,0.22401704468287384,502,502,289,213,0.5756972111553785,0.5756972111553785,289.0,0.5487051792828687,3,lendingclub_imb77,rf
9,1.0,least_risky,0.7763520596342742,0.5607625099285147,0.06047627205756382,0.12152501985702939,257568,0.2243562864952168,470,470,285,185,0.6063829787234043,0.6063829787234043,285.0,0.5538297872340427,3,lendingclub_imb77,rf
10,1.0,least_risky,0.7793717801946194,0.556636553161918,0.06409538289189405,0.113273106323836,279520,0.22413423010875788,531,531,294,237,0.5536723163841808,0.5536723163841808,294.0,0.5557627118644068,3,lendingclub_imb77,rf
0,1.0,least_risky,0.7698333333333334,0.5314685314685315,0.05467625899280575,0.06293706293706294,60000,0.22443333333333335,0,0,0,0,0.0,0.0,0.0,0.0,4,lendingclub_imb77,rf
1,1.0,least_risky,0.7773778292965652,0.5910364145658263,0.056812062466343564,0.18207282913165265,81952,0.22353328777821163,479,479,251,228,0.524008350730689,0.524008350730689,251.0,0.5547599164926932,4,lendingclub_imb77,rf
2,1.0,least_risky,0.77744093162023,0.5897435897435898,0.058611170099808874,0.1794871794871795,103904,0.22395672928857407,509,509,276,233,0.5422396856581533,0.5422396856581533,276.0,0.5496267190569746,4,lendingclub_imb77,rf
3,1.0,least_risky,0.7773716828221834,0.5625,0.058647411060232475,0.125,125856,0.2244390414441902,509,509,263,246,0.5166994106090373,0.5166994106090373,263.0,0.5539685658153242,4,lendingclub_imb77,rf
4,1.0,least_risky,0.7803937487314796,0.5414201183431953,0.05589492974954185,0.08284023668639054,147808,0.22406770946092228,508,508,275,233,0.5413385826771654,0.5413385826771654,275.0,0.5517125984251968,4,lendingclub_imb77,rf
5,1.0,least_risky,0.7776861451460886,0.5369928400954654,0.05913272010512484,0.07398568019093078,169760,0.22385721017907634,471,471,250,221,0.5307855626326964,0.5307855626326964,250.0,0.5525902335456476,4,lendingclub_imb77,rf
6,1.0,least_risky,0.7783167722922045,0.5652173913043478,0.06478155058523584,0.13043478260869565,191712,0.22370013353363377,508,508,291,217,0.5728346456692913,0.5728346456692913,291.0,0.5519291338582677,4,lendingclub_imb77,rf
7,1.0,least_risky,0.7792572484964781,0.571563088512241,0.06332811684924361,0.1431261770244821,213664,0.22397315411112775,514,514,284,230,0.5525291828793775,0.5525291828793775,284.0,0.5539883268482491,4,lendingclub_imb77,rf
8,1.0,least_risky,0.7759315847551141,0.5398936170212766,0.057188468400788804,0.0797872340425532,235616,0.22435658019828875,581,581,296,285,0.5094664371772806,0.5094664371772806,296.0,0.5542512908777969,4,lendingclub_imb77,rf
9,1.0,least_risky,0.7767208914081609,0.5485074626865671,0.06318775790921595,0.09701492537313433,257568,0.2243679339048329,490,490,275,215,0.5612244897959183,0.5612244897959183,275.0,0.5565510204081633,4,lendingclub_imb77,rf
10,1.0,least_risky,0.7772431310818546,0.5633704735376045,0.06402849228333993,0.12674094707520892,279520,0.22413423010875788,527,527,302,225,0.573055028462998,0.573055028462998,302.0,0.5545920303605313,4,lendingclub_imb77,rf
0,0.0,random,0.7838333333333334,0.562874251497006,0.07132018209408195,0.12574850299401197,60000,0.22338333333333332,0,0,0,0,0.0,0.0,0.0,0.0,0,lendingclub_imb77,rf
1,0.0,random,0.7820315860628034,0.5060975609756098,0.04674739509997184,0.012195121951219513,81363,0.221279942971621,589,0,0,0,0.0,0.0,0.0,0.0,0,lendingclub_imb77,rf
2,0.0,random,0.7817836812144212,0.5360824742268041,0.046089076002658984,0.07216494845360824,102761,0.22023919580385554,554,0,0,0,0.0,0.0,0.0,0.0,0,lendingclub_imb77,rf
3,0.0,random,0.7836499758492996,0.5615763546798029,0.04202764976958526,0.12315270935960591,124218,0.21957365277174,495,0,0,0,0.0,0.0,0.0,0.0,0,lendingclub_imb77,rf
4,0.0,random,0.784578941947887,0.4950884086444008,0.04019138755980861,-0.009823182711198428,145642,0.21898902789030636,528,0,0,0,0.0,0.0,0.0,0.0,0,lendingclub_imb77,rf
5,0.0,random,0.7854898087456227,0.5319548872180451,0.03930009720872101,0.06390977443609022,167052,0.21883605104997247,542,0,0,0,0.0,0.0,0.0,0.0,0,lendingclub_imb77,rf
6,0.0,random,0.785181844709128,0.5448275862068965,0.038773006134969326,0.0896551724137931,188484,0.21860210946287217,520,0,0,0,0.0,0.0,0.0,0.0,0,lendingclub_imb77,rf
7,0.0,random,0.7839150516642065,0.5245098039215687,0.03525148253898529,0.049019607843137254,210010,0.2186943478881958,426,0,0,0,0.0,0.0,0.0,0.0,0,lendingclub_imb77,rf
8,0.0,random,0.7828894792544115,0.5152838427947598,0.03514345279459943,0.03056768558951965,231494,0.21830371413513958,468,0,0,0,0.0,0.0,0.0,0.0,0,lendingclub_imb77,rf
9,0.0,random,0.7818163850182824,0.5163398692810458,0.035701373825018076,0.032679738562091505,252972,0.21817829641225117,474,0,0,0,0.0,0.0,0.0,0.0,0,lendingclub_imb77,rf
10,0.0,random,0.7822213314870823,0.5213675213675214,0.035618952285618954,0.042735042735042736,274428,0.21831955922865015,496,0,0,0,0.0,0.0,0.0,0.0,0,lendingclub_imb77,rf
0,0.0,random,0.7800833333333334,0.5563139931740614,0.06100299401197605,0.11262798634812286,60000,0.22658333333333333,0,0,0,0,0.0,0.0,0.0,0.0,1,lendingclub_imb77,rf
1,0.0,random,0.7773821218074656,0.49184782608695654,0.05,-0.016304347826086956,81436,0.2239058892872931,516,0,0,0,0.0,0.0,0.0,0.0,1,lendingclub_imb77,rf
2,0.0,random,0.7828496427008896,0.5495978552278821,0.045515097690941385,0.09919571045576407,102852,0.22082215221872203,536,0,0,0,0.0,0.0,0.0,0.0,1,lendingclub_imb77,rf
3,0.0,random,0.7803121731434548,0.5066666666666667,0.04170477409914029,0.013333333333333334,124288,0.22050399073120494,516,0,0,0,0.0,0.0,0.0,0.0,1,lendingclub_imb77,rf
4,0.0,random,0.7777282239527943,0.5169491525423728,0.03756735950731332,0.03389830508474576,145742,0.21957294396948032,498,0,0,0,0.0,0.0,0.0,0.0,1,lendingclub_imb77,rf
5,0.0,random,0.7830064577852188,0.5349794238683128,0.03565551289083928,0.06995884773662552,167238,0.21900525000298976,456,0,0,0,0.0,0.0,0.0,0.0,1,lendingclub_imb77,rf
6,0.0,random,0.7811688655751603,0.5,0.03256658595641646,0.0,188730,0.21857680284003603,460,0,0,0,0.0,0.0,0.0,0.0,1,lendingclub_imb77,rf
7,0.0,random,0.783025373950679,0.5188356164383562,0.03312923682484146,0.03767123287671233,210252,0.21850921751041608,430,0,0,0,0.0,0.0,0.0,0.0,1,lendingclub_imb77,rf
8,0.0,random,0.7825148873737809,0.5064102564102564,0.03132434575733545,0.01282051282051282,231738,0.21838023975351475,466,0,0,0,0.0,0.0,0.0,0.0,1,lendingclub_imb77,rf
9,0.0,random,0.7810050350478823,0.5052473763118441,0.030365831681384032,0.010494752623688156,253225,0.2183710139204265,465,0,0,0,0.0,0.0,0.0,0.0,1,lendingclub_imb77,rf
10,0.0,random,0.7823586159194743,0.5361702127659574,0.031479013990672884,0.07234042553191489,274695,0.21842042993137845,482,0,0,0,0.0,0.0,0.0,0.0,1,lendingclub_imb77,rf
0,0.0,random,0.7753333333333333,0.5,0.04896142433234421,0.0,60000,0.2216,0,0,0,0,0.0,0.0,0.0,0.0,2,lendingclub_imb77,rf
1,0.0,random,0.7802319160684704,0.545751633986928,0.04626038781163435,0.0915032679738562,81492,0.21994797035291808,460,0,0,0,0.0,0.0,0.0,0.0,2,lendingclub_imb77,rf
2,0.0,random,0.7789208074534162,0.5015015015015015,0.03664691683124863,0.003003003003003003,103036,0.21984549089638572,408,0,0,0,0.0,0.0,0.0,0.0,2,lendingclub_imb77,rf
3,0.0,random,0.7805847859265804,0.5297157622739018,0.03736784542471746,0.059431524547803614,124486,0.2191170091415902,502,0,0,0,0.0,0.0,0.0,0.0,2,lendingclub_imb77,rf
4,0.0,random,0.781294964028777,0.5021551724137931,0.036486063263388664,0.004310344827586207,145946,0.21863565976457044,492,0,0,0,0.0,0.0,0.0,0.0,2,lendingclub_imb77,rf
5,0.0,random,0.7834100005974073,0.5207547169811321,0.03794857692836519,0.04150943396226415,167386,0.21811262590658717,512,0,0,0,0.0,0.0,0.0,0.0,2,lendingclub_imb77,rf
6,0.0,random,0.782452145826163,0.5008517887563884,0.03577512776831346,0.0017035775127768314,188855,0.2177702470149056,483,0,0,0,0.0,0.0,0.0,0.0,2,lendingclub_imb77,rf
7,0.0,random,0.781745560019971,0.5207986688851913,0.034003259098316134,0.04159733777038269,210305,0.218178360000951,502,0,0,0,0.0,0.0,0.0,0.0,2,lendingclub_imb77,rf
8,0.0,random,0.7822653721682848,0.5279411764705882,0.03543928923988154,0.05588235294117647,231749,0.21823610889367376,508,0,0,0,0.0,0.0,0.0,0.0,2,lendingclub_imb77,rf
9,0.0,random,0.7794913313060305,0.5251989389920424,0.035341365461847386,0.050397877984084884,253208,0.21872531673564816,493,0,0,0,0.0,0.0,0.0,0.0,2,lendingclub_imb77,rf
10,0.0,random,0.7816533469261437,0.5369649805447471,0.03435399551904406,0.07392996108949416,274653,0.2184283441287734,507,0,0,0,0.0,0.0,0.0,0.0,2,lendingclub_imb77,rf
0,0.0,random,0.77875,0.5595238095238095,0.05251396648044693,0.11904761904761904,60000,0.22273333333333334,0,0,0,0,0.0,0.0,0.0,0.0,3,lendingclub_imb77,rf
1,0.0,random,0.7788278613071494,0.5419161676646707,0.049834801762114536,0.08383233532934131,81472,0.2210943637077769,480,0,0,0,0.0,0.0,0.0,0.0,3,lendingclub_imb77,rf
2,0.0,random,0.7818040511002089,0.5028571428571429,0.039163328882955054,0.005714285714285714,102933,0.21970602236406206,491,0,0,0,0.0,0.0,0.0,0.0,3,lendingclub_imb77,rf
3,0.0,random,0.779528191938271,0.53125,0.04009433962264151,0.0625,124415,0.21925009042318047,470,0,0,0,0.0,0.0,0.0,0.0,3,lendingclub_imb77,rf
4,0.0,random,0.7837291388232068,0.5068493150684932,0.03514326420769352,0.0136986301369863,145903,0.21902222709608438,464,0,0,0,0.0,0.0,0.0,0.0,3,lendingclub_imb77,rf
5,0.0,random,0.7831933777605116,0.525691699604743,0.0365334432083505,0.05138339920948617,167315,0.21849206586378986,540,0,0,0,0.0,0.0,0.0,0.0,3,lendingclub_imb77,rf
6,0.0,random,0.7802707213053959,0.53125,0.034698042982350824,0.0625,188755,0.21872798071574262,512,0,0,0,0.0,0.0,0.0,0.0,3,lendingclub_imb77,rf
7,0.0,random,0.7822674626013747,0.5311973018549747,0.03426892950391645,0.06239460370994941,210231,0.21847396435349686,476,0,0,0,0.0,0.0,0.0,0.0,3,lendingclub_imb77,rf
8,0.0,random,0.7833977083917744,0.5424739195230999,0.036057454185240215,0.08494783904619971,231712,0.21877157851125534,471,0,0,0,0.0,0.0,0.0,0.0,3,lendingclub_imb77,rf
9,0.0,random,0.780338032618568,0.532033426183844,0.03419568525646764,0.06406685236768803,253229,0.21897570973308744,435,0,0,0,0.0,0.0,0.0,0.0,3,lendingclub_imb77,rf
10,0.0,random,0.7814928741741141,0.5312868949232585,0.03731962182783215,0.06257378984651712,274702,0.21858959891081972,479,0,0,0,0.0,0.0,0.0,0.0,3,lendingclub_imb77,rf
0,0.0,random,0.7698333333333334,0.5314685314685315,0.05467625899280575,0.06293706293706294,60000,0.22443333333333335,0,0,0,0,0.0,0.0,0.0,0.0,4,lendingclub_imb77,rf
1,0.0,random,0.7747775391224302,0.5465465465465466,0.04917589840583626,0.09309309309309309,81473,0.22176672026315467,479,0,0,0,0.0,0.0,0.0,0.0,4,lendingclub_imb77,rf
2,0.0,random,0.781523217408199,0.5468277945619335,0.039964672113049236,0.09365558912386707,102936,0.22100139892748893,489,0,0,0,0.0,0.0,0.0,0.0,4,lendingclub_imb77,rf
3,0.0,random,0.7803995658640511,0.542528735632184,0.04290909090909091,0.08505747126436781,124384,0.22071166709544637,504,0,0,0,0.0,0.0,0.0,0.0,4,lendingclub_imb77,rf
4,0.0,random,0.7811139674378749,0.549792531120332,0.041187441715884364,0.0995850622406639,145872,0.21989826697378523,464,0,0,0,0.0,0.0,0.0,0.0,4,lendingclub_imb77,rf
5,0.0,random,0.7818828026999581,0.5441767068273092,0.036885803729413365,0.08835341365461848,167408,0.2194279843257192,416,0,0,0,0.0,0.0,0.0,0.0,4,lendingclub_imb77,rf
6,0.0,random,0.7819365768436656,0.5045871559633027,0.03336164017954628,0.009174311926605505,188889,0.21893810650699616,471,0,0,0,0.0,0.0,0.0,0.0,4,lendingclub_imb77,rf
7,0.0,random,0.783711203003945,0.5480314960629922,0.03798297314996726,0.09606299212598425,210386,0.21899746180829524,455,0,0,0,0.0,0.0,0.0,0.0,4,lendingclub_imb77,rf
8,0.0,random,0.7818856366342399,0.5137880986937591,0.034942256440627775,0.027576197387518143,231802,0.21914392455630236,536,0,0,0,0.0,0.0,0.0,0.0,4,lendingclub_imb77,rf
9,0.0,random,0.7794074103318265,0.5148005148005148,0.03572066440435792,0.029601029601029602,253294,0.21897084020940094,460,0,0,0,0.0,0.0,0.0,0.0,4,lendingclub_imb77,rf
10,0.0,random,0.783352441265855,0.5631901840490797,0.03822451698867422,0.1263803680981595,274752,0.2186262520382017,494,0,0,0,0.0,0.0,0.0,0.0,4,lendingclub_imb77,rf
0,0.01,random,0.7838333333333334,0.562874251497006,0.07132018209408195,0.12574850299401197,60000,0.22338333333333332,0,0,0,0,0.0,0.0,0.0,0.0,0,lendingclub_imb77,rf
1,0.01,random,0.781491950350252,0.5384615384615384,0.052749092938878035,0.07692307692307693,81369,0.2212882055819784,589,6,2,4,0.3333333333333333,0.5212224108658744,2.0,0.5566666666666666,0,lendingclub_imb77,rf
2,0.01,random,0.7796371065816997,0.5378151260504201,0.04213298222514812,0.07563025210084033,102785,0.2203823515104344,542,6,3,3,0.5,0.4907749077490775,3.0,0.5733333333333334,0,lendingclub_imb77,rf
3,0.01,random,0.7820698535329148,0.5341772151898734,0.03876538673525629,0.06835443037974684,124258,0.21952711294242624,484,5,3,2,0.6,0.5702479338842975,3.0,0.55,0,lendingclub_imb77,rf
4,0.01,random,0.7843123799066704,0.5567010309278351,0.04258003469484308,0.1134020618556701,145720,0.2190776832281087,495,5,2,3,0.4,0.5414141414141415,2.0,0.538,0,lendingclub_imb77,rf
5,0.01,random,0.7829000508570916,0.5364372469635628,0.03633621280680104,0.0728744939271255,167134,0.21891416468223102,544,6,3,3,0.5,0.5533088235294118,3.0,0.5449999999999999,0,lendingclub_imb77,rf
6,0.01,random,0.7847658424107498,0.555956678700361,0.037639007698887936,0.11191335740072202,188652,0.2187625893178975,439,5,3,2,0.6,0.5626423690205011,3.0,0.53,0,lendingclub_imb77,rf
7,0.01,random,0.7855681385610963,0.5596184419713831,0.03873239436619718,0.1192368839427663,210157,0.21883639374372493,452,5,1,4,0.2,0.5353982300884956,1.0,0.5619999999999999,0,lendingclub_imb77,rf
8,0.01,random,0.7835060449050086,0.5443234836702955,0.03470500743678731,0.08864696734059098,231599,0.21838177194202046,516,6,4,2,0.6666666666666666,0.5406976744186046,4.0,0.535,0,lendingclub_imb77,rf
9,0.01,random,0.7837116946239109,0.5529061102831595,0.033672172808132145,0.10581222056631892,253063,0.21823814623236112,493,5,3,2,0.6,0.5720081135902637,3.0,0.54,0,lendingclub_imb77,rf
10,0.01,random,0.782695004461928,0.5224867724867724,0.033010195554069865,0.04497354497354497,274544,0.2183657264409348,476,5,2,3,0.4,0.5399159663865546,2.0,0.53,0,lendingclub_imb77,rf
0,0.01,random,0.7800833333333334,0.5563139931740614,0.06100299401197605,0.11262798634812286,60000,0.22658333333333333,0,0,0,0,0.0,0.0,0.0,0.0,1,lendingclub_imb77,rf
1,0.01,random,0.7756768371293511,0.5465465465465466,0.04938941655359566,0.09309309309309309,81442,0.22393850838633628,516,6,4,2,0.6666666666666666,0.5310077519379846,4.0,0.5433333333333333,1,lendingclub_imb77,rf
2,0.01,random,0.7832766164316967,0.5148514851485149,0.046532438478747204,0.0297029702970297,102850,0.22078755469129802,550,6,3,3,0.5,0.5236363636363637,3.0,0.5483333333333333,1,lendingclub_imb77,rf
3,0.01,random,0.7784883954788625,0.5359628770301624,0.04171180931744312,0.07192575406032482,124304,0.2205158321534303,504,6,4,2,0.6666666666666666,0.5575396825396826,4.0,0.5700000000000001,1,lendingclub_imb77,rf
4,0.01,random,0.7795691547749726,0.5532359081419624,0.040914003396634244,0.10647181628392484,145757,0.2196463977716336,505,6,4,2,0.6666666666666666,0.5247524752475248,4.0,0.5633333333333334,1,lendingclub_imb77,rf
5,0.01,random,0.7817143540526803,0.4981949458483754,0.037813399095766545,-0.0036101083032490976,167233,0.21902375727278706,481,5,2,3,0.4,0.5696465696465697,2.0,0.58,1,lendingclub_imb77,rf
6,0.01,random,0.7825764400402734,0.5406871609403255,0.03623803175372682,0.081374321880651,188709,0.21859052827369124,481,5,3,2,0.6,0.5550935550935551,3.0,0.556,1,lendingclub_imb77,rf
7,0.01,random,0.7804970864549887,0.5334476843910806,0.0335563228312473,0.06689536878216124,210221,0.2185557104190352,445,5,3,2,0.6,0.5528089887640449,3.0,0.5199999999999999,1,lendingclub_imb77,rf
8,0.01,random,0.7815635586820016,0.5401785714285714,0.03566866463594379,0.08035714285714286,231712,0.21846084794917828,466,5,2,3,0.4,0.5686695278969958,2.0,0.5760000000000001,1,lendingclub_imb77,rf
9,0.01,random,0.7817011276339435,0.5672043010752689,0.037833960910883986,0.13440860215053763,253182,0.21841995086538538,487,5,3,2,0.6,0.5420944558521561,3.0,0.542,1,lendingclub_imb77,rf
10,0.01,random,0.7797578956949122,0.508130081300813,0.030963586821897447,0.016260162601626018,274671,0.21842131131426323,468,5,1,4,0.2,0.5576923076923077,1.0,0.556,1,lendingclub_imb77,rf
0,0.01,random,0.7753333333333333,0.5,0.04896142433234421,0.0,60000,0.2216,0,0,0,0,0.0,0.0,0.0,0.0,2,lendingclub_imb77,rf
1,0.01,random,0.7798773006134969,0.5112540192926045,0.04422809457579972,0.022508038585209004,81497,0.21995901689632746,460,5,2,3,0.4,0.5130434782608696,2.0,0.5599999999999999,2,lendingclub_imb77,rf
2,0.01,random,0.7802368472141332,0.523943661971831,0.04092409240924092,0.04788732394366197,103019,0.21971675127889032,435,5,4,1,0.8,0.542528735632184,4.0,0.592,2,lendingclub_imb77,rf
3,0.01,random,0.7798489474529969,0.5193370165745856,0.03421914816163087,0.03867403314917127,124456,0.2188805682329498,521,6,4,2,0.6666666666666666,0.5566218809980806,4.0,0.5433333333333333,2,lendingclub_imb77,rf
4,0.01,random,0.7817403220280918,0.49794238683127573,0.037996545768566495,-0.00411522633744856,145949,0.21851468663711296,464,5,1,4,0.2,0.5431034482758621,1.0,0.5360000000000001,2,lendingclub_imb77,rf
5,0.01,random,0.7843980527431831,0.5117967332123412,0.038993362831858405,0.023593466424682397,167413,0.2180774491825605,493,5,1,4,0.2,0.5294117647058824,1.0,0.57,2,lendingclub_imb77,rf
6,0.01,random,0.7842296184499695,0.5139146567717996,0.033929446349828515,0.027829313543599257,188835,0.21765562528133026,536,6,3,3,0.5,0.5541044776119403,3.0,0.5316666666666667,2,lendingclub_imb77,rf
7,0.01,random,0.7804483750564629,0.5462328767123288,0.034341694477338786,0.09246575342465753,210311,0.21816738068859926,481,5,3,2,0.6,0.5280665280665281,3.0,0.5439999999999999,2,lendingclub_imb77,rf
8,0.01,random,0.782221359390841,0.5229226361031518,0.03603870458135861,0.045845272206303724,231793,0.21822488168322599,475,5,5,0,1.0,0.5894736842105263,5.0,0.558,2,lendingclub_imb77,rf
9,0.01,random,0.7815072955950007,0.5395973154362416,0.03613483146067416,0.07919463087248323,253235,0.21875333188540289,516,6,2,4,0.3333333333333333,0.560077519379845,2.0,0.5683333333333334,2,lendingclub_imb77,rf
10,0.01,random,0.780685789167152,0.5078947368421053,0.03200132647985409,0.015789473684210527,274717,0.2185740234495863,475,5,3,2,0.6,0.49894736842105264,3.0,0.5459999999999999,2,lendingclub_imb77,rf
0,0.01,random,0.77875,0.5595238095238095,0.05251396648044693,0.11904761904761904,60000,0.22273333333333334,0,0,0,0,0.0,0.0,0.0,0.0,3,lendingclub_imb77,rf
1,0.01,random,0.7723367697594502,0.5211726384364821,0.04297609454740801,0.04234527687296417,81477,0.22110534261202547,480,5,2,3,0.4,0.5,2.0,0.552,3,lendingclub_imb77,rf
2,0.01,random,0.7800708978779197,0.5287009063444109,0.03847845206684257,0.05740181268882175,102961,0.21969483590874214,473,5,2,3,0.4,0.5264270613107822,2.0,0.552,3,lendingclub_imb77,rf
3,0.01,random,0.7802780679900345,0.5382653061224489,0.03837759185158239,0.07653061224489796,124430,0.21918347665354015,488,5,0,5,0.0,0.5471311475409836,0.0,0.564,3,lendingclub_imb77,rf
4,0.01,random,0.782239276414965,0.5771276595744681,0.03383224197068912,0.15425531914893617,145938,0.21890802943715826,449,5,1,4,0.2,0.5657015590200446,1.0,0.54,3,lendingclub_imb77,rf
5,0.01,random,0.7794367963687401,0.5518672199170125,0.035771920387305,0.1037344398340249,167434,0.2184741450362531,461,5,5,0,1.0,0.579175704989154,5.0,0.56,3,lendingclub_imb77,rf
6,0.01,random,0.7791833170137878,0.5145985401459854,0.03373205741626794,0.029197080291970802,188932,0.21884064107721296,459,5,1,4,0.2,0.49673202614379086,1.0,0.57,3,lendingclub_imb77,rf
7,0.01,random,0.7803730545324937,0.5167785234899329,0.0332505667710245,0.03355704697986577,210423,0.21864054784885684,466,5,4,1,0.8,0.5493562231759657,4.0,0.53,3,lendingclub_imb77,rf
8,0.01,random,0.7823696805070496,0.5205696202531646,0.03250666930145243,0.04113924050632911,231926,0.21892327725222702,454,5,4,1,0.8,0.5859030837004405,4.0,0.544,3,lendingclub_imb77,rf
9,0.01,random,0.7817234848484849,0.5244072524407253,0.0338769258491756,0.04881450488145049,253440,0.21910116792929293,443,5,5,0,1.0,0.5756207674943566,5.0,0.5359999999999999,3,lendingclub_imb77,rf
10,0.01,random,0.780829392506366,0.5130434782608696,0.034214232457957086,0.02608695652173913,274900,0.21869043288468534,497,5,2,3,0.4,0.5553319919517102,2.0,0.542,3,lendingclub_imb77,rf
0,0.01,random,0.7698333333333334,0.5314685314685315,0.05467625899280575,0.06293706293706294,60000,0.22443333333333335,0,0,0,0,0.0,0.0,0.0,0.0,4,lendingclub_imb77,rf
1,0.01,random,0.7766323024054983,0.5495495495495496,0.04982303294309828,0.0990990990990991,81478,0.2217899310243256,479,5,3,2,0.6,0.524008350730689,3.0,0.542,4,lendingclub_imb77,rf
2,0.01,random,0.778900330289489,0.5621621621621622,0.045237059591126574,0.12432432432432433,102940,0.22101224013988732,495,5,3,2,0.6,0.5535353535353535,3.0,0.528,4,lendingclub_imb77,rf
3,0.01,random,0.7756250502451966,0.5668934240362812,0.04431838326537848,0.13378684807256236,124390,0.22069298175094462,508,6,3,3,0.5,0.5492125984251969,3.0,0.5399999999999999,4,lendingclub_imb77,rf
4,0.01,random,0.7828277634961439,0.5120350109409191,0.03686781156451867,0.024070021881838075,145871,0.21981065461949256,476,5,3,2,0.6,0.5525210084033614,3.0,0.5539999999999999,4,lendingclub_imb77,rf
5,0.01,random,0.7810072888039192,0.5328185328185329,0.03747454175152749,0.06563706563706563,167379,0.21933456407315136,449,5,0,5,0.0,0.5233853006681515,0.0,0.546,4,lendingclub_imb77,rf
6,0.01,random,0.7815900246207609,0.5401069518716578,0.036528028933092226,0.08021390374331551,188862,0.2189058677764717,474,5,3,2,0.6,0.540084388185654,3.0,0.548,4,lendingclub_imb77,rf
7,0.01,random,0.781549359385771,0.524300441826215,0.038599154288192564,0.048600883652430045,210344,0.2189793861484045,475,5,3,2,0.6,0.5347368421052632,3.0,0.532,4,lendingclub_imb77,rf
8,0.01,random,0.7804099244875944,0.536144578313253,0.03481322120086055,0.07228915662650602,231746,0.2190674272695106,556,6,3,3,0.5,0.5449640287769785,3.0,0.5416666666666666,4,lendingclub_imb77,rf
9,0.01,random,0.7813116954907999,0.5351351351351351,0.035582711833947345,0.07027027027027027,253257,0.21893965418527425,446,5,3,2,0.6,0.5627802690582959,3.0,0.5579999999999999,4,lendingclub_imb77,rf
10,0.01,random,0.7821838034576888,0.5277108433734939,0.03645443196004994,0.05542168674698795,274748,0.21858939828497387,466,5,2,3,0.4,0.5429184549356223,2.0,0.514,4,lendingclub_imb77,rf
0,0.02,random,0.7838333333333334,0.562874251497006,0.07132018209408195,0.12574850299401197,60000,0.22338333333333332,0,0,0,0,0.0,0.0,0.0,0.0,0,lendingclub_imb77,rf
1,0.02,random,0.776221198156682,0.5144508670520231,0.04874041621029573,0.028901734104046242,81375,0.221357910906298,589,12,9,3,0.75,0.5212224108658744,9.0,0.5483333333333333,0,lendingclub_imb77,rf
2,0.02,random,0.7774047584294264,0.5476923076923077,0.03864524533217542,0.09538461538461539,102764,0.22021330426997782,575,12,6,6,0.5,0.5182608695652174,6.0,0.5341666666666666,0,lendingclub_imb77,rf
3,0.02,random,0.7802100519093799,0.5277044854881267,0.036476381542950936,0.055408970976253295,124255,0.2194358375920486,471,10,5,5,0.5,0.5690021231422505,5.0,0.533,0,lendingclub_imb77,rf
4,0.02,random,0.7829845626072042,0.5266821345707656,0.03575366199401481,0.05336426914153132,145749,0.21895862064233718,468,10,5,5,0.5,0.5769230769230769,5.0,0.535,0,lendingclub_imb77,rf
5,0.02,random,0.7848343499581389,0.5216494845360825,0.0350561175003464,0.04329896907216495,167216,0.21890249736867284,495,10,4,6,0.4,0.5555555555555556,4.0,0.529,0,lendingclub_imb77,rf
6,0.02,random,0.7834715561325879,0.5309090909090909,0.03558371922983183,0.06181818181818182,188702,0.21865163061334802,476,10,6,4,0.6,0.5798319327731093,6.0,0.548,0,lendingclub_imb77,rf
7,0.02,random,0.7808144236715665,0.5157342657342657,0.03195061193544893,0.03146853146853147,210206,0.2187187806247205,458,10,7,3,0.7,0.5502183406113537,7.0,0.55,0,lendingclub_imb77,rf
8,0.02,random,0.7808157099697886,0.5186781609195402,0.03545124226652264,0.03735632183908046,231697,0.21843183122785362,471,10,5,5,0.5,0.49469214437367304,5.0,0.56,0,lendingclub_imb77,rf
9,0.02,random,0.7809574594146226,0.5137741046831956,0.03357033570335703,0.027548209366391185,253166,0.2183192055805282,493,10,3,7,0.3,0.5517241379310345,3.0,0.54,0,lendingclub_imb77,rf
10,0.02,random,0.7830796679289251,0.5134474327628362,0.035184719778838906,0.02689486552567237,274636,0.21846007078460217,492,10,1,9,0.1,0.5142276422764228,1.0,0.5680000000000001,0,lendingclub_imb77,rf
0,0.02,random,0.7800833333333334,0.5563139931740614,0.06100299401197605,0.11262798634812286,60000,0.22658333333333333,0,0,0,0,0.0,0.0,0.0,0.0,1,lendingclub_imb77,rf
1,0.02,random,0.7764272559852671,0.525,0.045926735921268454,0.05,81447,0.22392476088744828,516,11,4,7,0.36363636363636365,0.5310077519379846,4.0,0.5581818181818182,1,lendingclub_imb77,rf
2,0.02,random,0.782312925170068,0.5581947743467933,0.05188783395893133,0.1163895486935867,102896,0.22104843725703624,514,11,7,4,0.6363636363636364,0.4961089494163424,7.0,0.5427272727272727,1,lendingclub_imb77,rf
3,0.02,random,0.7795294590790267,0.5414012738853503,0.0461872849121536,0.08280254777070063,124324,0.22078601074611498,535,11,7,4,0.6363636363636364,0.5289719626168224,7.0,0.5718181818181818,1,lendingclub_imb77,rf
4,0.02,random,0.7788336192109777,0.5110663983903421,0.03933106224837411,0.022132796780684104,145750,0.2198696397941681,537,11,6,5,0.5454545454545454,0.5102420856610801,6.0,0.55,1,lendingclub_imb77,rf
5,0.02,random,0.7825423880864807,0.5234521575984991,0.038234891051116895,0.04690431519699812,167202,0.21917800026315476,511,11,8,3,0.7272727272727273,0.5714285714285714,8.0,0.5690909090909092,1,lendingclub_imb77,rf
6,0.02,random,0.7821202405871599,0.5654450261780105,0.039045553145336226,0.13089005235602094,188701,0.21875347772401843,463,10,5,5,0.5,0.5593952483801296,5.0,0.538,1,lendingclub_imb77,rf
7,0.02,random,0.7803787229993339,0.5316666666666666,0.03441208198489752,0.06333333333333334,210180,0.21870301646208012,483,10,7,3,0.7,0.5320910973084886,7.0,0.5500000000000002,1,lendingclub_imb77,rf
8,0.02,random,0.7801519468186134,0.5336322869955157,0.034893949760531714,0.06726457399103139,231660,0.21858326858326857,482,10,5,5,0.5,0.5663900414937759,5.0,0.5650000000000001,1,lendingclub_imb77,rf
9,0.02,random,0.7819877126093914,0.511002444987775,0.03781436584041976,0.022004889975550123,253105,0.21854171193773336,518,11,1,10,0.09090909090909091,0.5115830115830116,1.0,0.5345454545454545,1,lendingclub_imb77,rf
10,0.02,random,0.7833791684120421,0.554002541296061,0.036397028132565325,0.10800508259212198,274532,0.21852097387554092,536,11,7,4,0.6363636363636364,0.5298507462686567,7.0,0.5772727272727273,1,lendingclub_imb77,rf
0,0.02,random,0.7753333333333333,0.5,0.04896142433234421,0.0,60000,0.2216,0,0,0,0,0.0,0.0,0.0,0.0,2,lendingclub_imb77,rf
1,0.02,random,0.7792159990184652,0.5511551155115512,0.04600550964187328,0.10231023102310231,81502,0.21999460135947585,460,10,6,4,0.6,0.5130434782608696,6.0,0.54,2,lendingclub_imb77,rf
2,0.02,random,0.7798864243071397,0.5126760563380282,0.04005281690140845,0.02535211267605634,103014,0.2197468305278894,449,9,7,2,0.7777777777777778,0.5367483296213809,7.0,0.5588888888888889,2,lendingclub_imb77,rf
3,0.02,random,0.7853354760948172,0.5034324942791762,0.0411522633744856,0.006864988558352402,124449,0.21896519859540856,528,11,8,3,0.7272727272727273,0.5435606060606061,8.0,0.5618181818181819,2,lendingclub_imb77,rf
4,0.02,random,0.7814780552985918,0.5118279569892473,0.03725152606041634,0.023655913978494623,145934,0.2185234421039648,477,10,7,3,0.7,0.5639412997903563,7.0,0.522,2,lendingclub_imb77,rf
5,0.02,random,0.7859831511023481,0.5177453027139874,0.03453558000278513,0.03549060542797495,167366,0.2180371162601723,531,11,7,4,0.6363636363636364,0.5310734463276836,7.0,0.5518181818181819,2,lendingclub_imb77,rf
6,0.02,random,0.7850900423728814,0.5149911816578483,0.03590752582390556,0.029982363315696647,188800,0.21771186440677967,529,11,8,3,0.7272727272727273,0.5330812854442344,8.0,0.5636363636363636,2,lendingclub_imb77,rf
7,0.02,random,0.7819573901464714,0.5222405271828665,0.0344677612264869,0.044481054365733116,210279,0.21813400291993018,483,10,5,5,0.5,0.5652173913043478,5.0,0.525,2,lendingclub_imb77,rf
8,0.02,random,0.7828375434130768,0.5464743589743589,0.033679012345679014,0.09294871794871795,231783,0.21821272483314133,458,10,3,7,0.3,0.5873362445414847,3.0,0.5650000000000001,2,lendingclub_imb77,rf
9,0.02,random,0.7830645002073009,0.5070422535211268,0.03600327302482044,0.014084507042253521,253252,0.21880182584935162,493,10,6,4,0.6,0.5517241379310345,6.0,0.5509999999999999,2,lendingclub_imb77,rf
10,0.02,random,0.7819756861032249,0.5190039318479686,0.03297526854858856,0.03800786369593709,274736,0.21855890746025275,478,10,4,6,0.4,0.5313807531380753,4.0,0.557,2,lendingclub_imb77,rf
0,0.02,random,0.77875,0.5595238095238095,0.05251396648044693,0.11904761904761904,60000,0.22273333333333334,0,0,0,0,0.0,0.0,0.0,0.0,3,lendingclub_imb77,rf
1,0.02,random,0.7789163649751488,0.536741214057508,0.04633204633204633,0.07348242811501597,81482,0.2211040475196976,480,10,3,7,0.3,0.5,3.0,0.538,3,lendingclub_imb77,rf
2,0.02,random,0.783729966002914,0.5414364640883977,0.04372072273031452,0.08287292817679558,102946,0.2196879917626717,498,10,4,6,0.4,0.5140562248995983,4.0,0.548,3,lendingclub_imb77,rf
3,0.02,random,0.7821089856936184,0.5555555555555556,0.040248810830589093,0.1111111111111111,124418,0.21924480380652317,490,10,5,5,0.5,0.536734693877551,5.0,0.56,3,lendingclub_imb77,rf
4,0.02,random,0.7861400383666758,0.4988814317673378,0.03572572893303429,-0.0022371364653243847,145958,0.2190356129845572,421,9,7,2,0.7777777777777778,0.5748218527315915,7.0,0.5411111111111111,3,lendingclub_imb77,rf
5,0.02,random,0.7831983987094076,0.5405940594059406,0.03740750890654974,0.08118811881188119,167364,0.21852967185296718,558,12,8,4,0.6666666666666666,0.53584229390681,8.0,0.5608333333333334,3,lendingclub_imb77,rf
6,0.02,random,0.7811929155746168,0.5509803921568628,0.03378622099314657,0.10196078431372549,188861,0.21881701357082722,465,10,6,4,0.6,0.5311827956989247,6.0,0.5599999999999999,3,lendingclub_imb77,rf
7,0.02,random,0.7805985404929996,0.5307820299500832,0.034423222186252295,0.06156405990016639,210342,0.21859638113168078,481,10,4,6,0.4,0.5467775467775468,4.0,0.539,3,lendingclub_imb77,rf
8,0.02,random,0.7826443251169912,0.5378670788253478,0.034360189573459717,0.07573415765069552,231851,0.2188776412437298,453,10,6,4,0.6,0.5916114790286976,6.0,0.563,3,lendingclub_imb77,rf
9,0.02,random,0.7795713778268935,0.5580357142857143,0.03333926031294452,0.11607142857142858,253368,0.2190568659025607,444,9,4,5,0.4444444444444444,0.5720720720720721,4.0,0.5533333333333333,3,lendingclub_imb77,rf
10,0.02,random,0.7816871941346626,0.5302631578947369,0.033455088826166365,0.060526315789473685,274834,0.2186556248499094,496,10,6,4,0.6,0.5584677419354839,6.0,0.549,3,lendingclub_imb77,rf
0,0.02,random,0.7698333333333334,0.5314685314685315,0.05467625899280575,0.06293706293706294,60000,0.22443333333333335,0,0,0,0,0.0,0.0,0.0,0.0,4,lendingclub_imb77,rf
1,0.02,random,0.7780573111615635,0.5241157556270096,0.04487885462555066,0.04823151125401929,81483,0.2218008664383982,479,10,5,5,0.5,0.524008350730689,5.0,0.557,4,lendingclub_imb77,rf
2,0.02,random,0.7785329384921598,0.5525672371638142,0.049077090119435396,0.10513447432762836,102991,0.22108727947102175,454,10,6,4,0.6,0.5726872246696035,6.0,0.571,4,lendingclub_imb77,rf
3,0.02,random,0.77813491904054,0.5467289719626168,0.042071197411003236,0.09345794392523364,124444,0.22064543087653885,510,11,8,3,0.7272727272727273,0.5823529411764706,8.0,0.5327272727272728,4,lendingclub_imb77,rf
4,0.02,random,0.7825357130622452,0.512621359223301,0.04150290834774407,0.02524271844660194,145955,0.21990339488198418,450,9,4,5,0.4444444444444444,0.5288888888888889,4.0,0.5488888888888889,4,lendingclub_imb77,rf
5,0.02,random,0.7829864739780836,0.5262135922330097,0.037148732008224813,0.05242718446601942,167454,0.21936770695235708,463,10,1,9,0.1,0.531317494600432,1.0,0.558,4,lendingclub_imb77,rf
6,0.02,random,0.7815882088327909,0.5401069518716578,0.03651042294252319,0.08021390374331551,188951,0.21889272880270547,465,10,6,4,0.6,0.567741935483871,6.0,0.5609999999999999,4,lendingclub_imb77,rf
7,0.02,random,0.7829464731177687,0.5436241610738255,0.035263387026556375,0.087248322147651,210452,0.2189858019881018,461,10,6,4,0.6,0.5401301518438177,6.0,0.548,4,lendingclub_imb77,rf
8,0.02,random,0.7829574367156842,0.5283018867924528,0.03602177140029688,0.05660377358490566,231889,0.21915226681731345,526,11,4,7,0.36363636363636365,0.5285171102661597,4.0,0.5627272727272727,4,lendingclub_imb77,rf
9,0.02,random,0.7822483572429307,0.5436766623207301,0.03756079985588182,0.08735332464146023,253381,0.21895485454710495,470,10,5,5,0.5,0.5808510638297872,5.0,0.547,4,lendingclub_imb77,rf
10,0.02,random,0.7830404889228418,0.5073446327683616,0.03760154090947157,0.014689265536723164,274890,0.21861835643348249,453,10,5,5,0.5,0.5474613686534217,5.0,0.539,4,lendingclub_imb77,rf
0,0.05,random,0.7838333333333334,0.562874251497006,0.07132018209408195,0.12574850299401197,60000,0.22338333333333332,0,0,0,0,0.0,0.0,0.0,0.0,0,lendingclub_imb77,rf
1,0.05,random,0.7822347810062044,0.5559006211180124,0.04998603741971516,0.11180124223602485,81393,0.2212966717039549,589,30,8,22,0.26666666666666666,0.5212224108658744,8.0,0.5513333333333335,0,lendingclub_imb77,rf
2,0.05,random,0.7844119220109885,0.5292553191489362,0.044658886894075406,0.05851063829787234,102831,0.22046853575283717,542,28,14,14,0.5,0.4870848708487085,14.0,0.5557142857142857,0,lendingclub_imb77,rf
3,0.05,random,0.7760173717226958,0.5126903553299492,0.03620071684587814,0.025380710659898477,124338,0.21973169907831877,469,24,14,10,0.5833333333333334,0.5607675906183369,14.0,0.54875,0,lendingclub_imb77,rf
4,0.05,random,0.7816560946339791,0.4764044943820225,0.03340160705845281,-0.04719101123595506,145825,0.2191325218583919,490,25,11,14,0.44,0.5897959183673469,11.0,0.542,0,lendingclub_imb77,rf
5,0.05,random,0.7825801052128168,0.5473484848484849,0.0394593118514473,0.0946969696969697,167277,0.21911559867764246,527,27,17,10,0.6296296296296297,0.5332068311195446,17.0,0.5633333333333334,0,lendingclub_imb77,rf
6,0.05,random,0.7848969645600467,0.519927536231884,0.03524499570182979,0.03985507246376811,188769,0.2188441958160503,485,25,15,10,0.6,0.5835051546391753,15.0,0.5568,0,lendingclub_imb77,rf
7,0.05,random,0.7859197793575692,0.5007429420505201,0.03742365352581899,0.0014858841010401188,210295,0.21899236786419077,449,23,10,13,0.43478260869565216,0.5100222717149221,10.0,0.557391304347826,0,lendingclub_imb77,rf
8,0.05,random,0.782370453466799,0.5054602184087363,0.032095096582466565,0.0109204368174727,231766,0.218617053407316,507,26,14,12,0.5384615384615384,0.514792899408284,14.0,0.5615384615384615,0,lendingclub_imb77,rf
9,0.05,random,0.7808470727613782,0.530812324929972,0.03401238445660953,0.06162464985994398,253223,0.21846751677375278,522,27,19,8,0.7037037037037037,0.5670498084291188,19.0,0.5481481481481482,0,lendingclub_imb77,rf
10,0.05,random,0.7791125186560373,0.5105590062111801,0.03381881017032831,0.02111801242236025,274710,0.21861235484692948,490,25,11,14,0.44,0.5204081632653061,11.0,0.5476000000000001,0,lendingclub_imb77,rf
0,0.05,random,0.7800833333333334,0.5563139931740614,0.06100299401197605,0.11262798634812286,60000,0.22658333333333333,0,0,0,0,0.0,0.0,0.0,0.0,1,lendingclub_imb77,rf
1,0.05,random,0.7799054808813601,0.547550432276657,0.05250069079856314,0.09510086455331412,81462,0.22405538778817116,516,26,18,8,0.6923076923076923,0.5310077519379846,18.0,0.5615384615384615,1,lendingclub_imb77,rf
2,0.05,random,0.7793917605907501,0.5493333333333333,0.04499781564001747,0.09866666666666667,102917,0.22091588367325127,524,27,14,13,0.5185185185185185,0.5438931297709924,14.0,0.571111111111111,1,lendingclub_imb77,rf
3,0.05,random,0.777411575562701,0.48598130841121495,0.03764024610930149,-0.028037383177570093,124400,0.22060289389067525,494,25,13,12,0.52,0.5789473684210527,13.0,0.5479999999999999,1,lendingclub_imb77,rf
4,0.05,random,0.78215106113073,0.5364891518737672,0.04255984978876545,0.07297830374753451,145834,0.21974985257210253,546,28,16,12,0.5714285714285714,0.5073260073260073,16.0,0.5542857142857142,1,lendingclub_imb77,rf
5,0.05,random,0.7804775994500732,0.5010438413361169,0.03267084127416281,0.0020876826722338203,167295,0.21909202307301473,517,26,14,12,0.5384615384615384,0.5667311411992263,14.0,0.5561538461538462,1,lendingclub_imb77,rf
6,0.05,random,0.7799729865727376,0.5009208103130756,0.03273558791671681,0.001841620626151013,188795,0.21874519981991047,476,24,14,10,0.5833333333333334,0.5357142857142857,14.0,0.5333333333333333,1,lendingclub_imb77,rf
7,0.05,random,0.7848465397142381,0.5369774919614148,0.03671943711521548,0.07395498392282958,210311,0.2187522288420482,459,23,13,10,0.5652173913043478,0.5294117647058824,13.0,0.5565217391304348,1,lendingclub_imb77,rf
8,0.05,random,0.7836450311697837,0.509090909090909,0.03624415015433635,0.01818181818181818,231792,0.21859253123490024,496,25,12,13,0.48,0.5806451612903226,12.0,0.5412,1,lendingclub_imb77,rf
9,0.05,random,0.7825580477017848,0.5328947368421053,0.036608514869384434,0.06578947368421052,253240,0.21856736692465645,531,27,16,11,0.5925925925925926,0.5178907721280602,16.0,0.5581481481481482,1,lendingclub_imb77,rf
10,0.05,random,0.7844571844571845,0.5406698564593302,0.03794811518764168,0.08133971291866028,274725,0.21861861861861862,492,25,16,9,0.64,0.5284552845528455,16.0,0.5488,1,lendingclub_imb77,rf
0,0.05,random,0.7753333333333333,0.5,0.04896142433234421,0.0,60000,0.2216,0,0,0,0,0.0,0.0,0.0,0.0,2,lendingclub_imb77,rf
1,0.05,random,0.7770962399558363,0.4935483870967742,0.04214876033057851,-0.012903225806451613,81515,0.22005765809973624,460,23,14,9,0.6086956521739131,0.5130434782608696,14.0,0.5447826086956521,2,lendingclub_imb77,rf
2,0.05,random,0.7788186186477697,0.546875,0.045721750489875895,0.09375,103011,0.21979206104202464,481,25,15,10,0.6,0.525987525987526,15.0,0.5536,2,lendingclub_imb77,rf
3,0.05,random,0.7809512332288905,0.5592783505154639,0.039461720312784145,0.11855670103092783,124469,0.21905052663715463,521,27,12,15,0.4444444444444444,0.5374280230326296,12.0,0.547037037037037,2,lendingclub_imb77,rf
4,0.05,random,0.7824821018737369,0.5018115942028986,0.04360831234256927,0.0036231884057971015,145961,0.2185926377594015,485,25,12,13,0.48,0.5628865979381443,12.0,0.5436,2,lendingclub_imb77,rf
5,0.05,random,0.7823385313975025,0.5061295971978984,0.039627039627039624,0.012259194395796848,167367,0.21808958755310187,575,29,18,11,0.6206896551724138,0.5217391304347826,18.0,0.5582758620689655,2,lendingclub_imb77,rf
6,0.05,random,0.7834803103731363,0.5078260869565218,0.03567501527183873,0.01565217391304348,188805,0.2177696565239268,542,28,16,12,0.5714285714285714,0.5295202952029521,16.0,0.5392857142857143,2,lendingclub_imb77,rf
7,0.05,random,0.78363601787582,0.5147058823529411,0.03453947368421053,0.029411764705882353,210339,0.21832850778980598,440,22,15,7,0.6818181818181818,0.5477272727272727,15.0,0.5568181818181818,2,lendingclub_imb77,rf
8,0.05,random,0.781578947368421,0.5142045454545454,0.035679085353834024,0.028409090909090908,231798,0.21835822569651162,519,26,14,12,0.5384615384615384,0.5722543352601156,14.0,0.5473076923076923,2,lendingclub_imb77,rf
9,0.05,random,0.7808989873067887,0.5210526315789473,0.035576318390081754,0.042105263157894736,253281,0.21891890824815127,494,25,14,11,0.56,0.5688259109311741,14.0,0.5612,2,lendingclub_imb77,rf
10,0.05,random,0.7790960040759881,0.5143513203214696,0.036826962597616114,0.02870264064293915,274777,0.21867914709018585,481,25,9,16,0.36,0.525987525987526,9.0,0.5356000000000001,2,lendingclub_imb77,rf
0,0.05,random,0.77875,0.5595238095238095,0.05251396648044693,0.11904761904761904,60000,0.22273333333333334,0,0,0,0,0.0,0.0,0.0,0.0,3,lendingclub_imb77,rf
1,0.05,random,0.7804907975460122,0.5470588235294118,0.05152354570637119,0.09411764705882353,81496,0.22121331108275252,480,24,15,9,0.625,0.5,15.0,0.545,3,lendingclub_imb77,rf
2,0.05,random,0.781369836415708,0.5738636363636364,0.04433713784021071,0.14772727272727273,103001,0.21975514800827176,471,24,9,15,0.375,0.5392781316348195,9.0,0.5666666666666668,3,lendingclub_imb77,rf
3,0.05,random,0.7803428754968482,0.5469107551487414,0.0433599419448476,0.09382151029748284,124535,0.2194884972096198,440,22,17,5,0.7727272727272727,0.5409090909090909,17.0,0.5527272727272727,3,lendingclub_imb77,rf
4,0.05,random,0.7824598637592852,0.5545851528384279,0.03965651834504293,0.1091703056768559,146064,0.21930797458648263,446,23,16,7,0.6956521739130435,0.547085201793722,16.0,0.5604347826086957,3,lendingclub_imb77,rf
5,0.05,random,0.7817275549188156,0.5318275154004107,0.035266884531590416,0.06365503080082136,167520,0.218779847182426,523,27,10,17,0.37037037037037035,0.5506692160611855,10.0,0.5385185185185185,3,lendingclub_imb77,rf
6,0.05,random,0.7796206650265852,0.5192307692307693,0.032331457310501736,0.038461538461538464,189014,0.21913191615435892,483,25,16,9,0.64,0.4968944099378882,16.0,0.5408,3,lendingclub_imb77,rf
7,0.05,random,0.7833800408492851,0.5506134969325154,0.039076956569064986,0.10122699386503067,210529,0.21893895852827877,461,24,11,13,0.4583333333333333,0.5422993492407809,11.0,0.5383333333333334,3,lendingclub_imb77,rf
8,0.05,random,0.7807921048095156,0.5797950219619327,0.0385139078000389,0.1595900439238653,232040,0.21925099120841235,465,24,13,11,0.5416666666666666,0.5591397849462365,13.0,0.54875,3,lendingclub_imb77,rf
9,0.05,random,0.7833717880455145,0.5429799426934098,0.034314169307378906,0.08595988538681948,253545,0.21936145457413872,471,24,13,11,0.5416666666666666,0.583864118895966,13.0,0.55375,3,lendingclub_imb77,rf
10,0.05,random,0.7814925915825834,0.5429594272076372,0.03763129600529319,0.08591885441527446,275025,0.21900554495045904,497,25,14,11,0.56,0.5291750503018109,14.0,0.5324,3,lendingclub_imb77,rf
0,0.05,random,0.7698333333333334,0.5314685314685315,0.05467625899280575,0.06293706293706294,60000,0.22443333333333335,0,0,0,0,0.0,0.0,0.0,0.0,4,lendingclub_imb77,rf
1,0.05,random,0.7768711656441718,0.5319767441860465,0.050013664935774804,0.06395348837209303,81497,0.2218731977864216,479,24,14,10,0.5833333333333334,0.524008350730689,14.0,0.5579166666666667,4,lendingclub_imb77,rf
2,0.05,random,0.7823046666342932,0.5590551181102362,0.04704063604240283,0.11811023622047244,102963,0.22116682691840758,512,26,17,9,0.6538461538461539,0.54296875,17.0,0.5426923076923077,4,lendingclub_imb77,rf
3,0.05,random,0.7823326099188168,0.543778801843318,0.04327099376604327,0.08755760368663594,124410,0.2207619966240656,532,27,14,13,0.5185185185185185,0.5601503759398496,14.0,0.54,4,lendingclub_imb77,rf
4,0.05,random,0.7800274066461117,0.492,0.038359582098861686,-0.016,145947,0.22004563300376165,437,22,13,9,0.5909090909090909,0.5377574370709383,13.0,0.5536363636363636,4,lendingclub_imb77,rf
5,0.05,random,0.7822400047774029,0.5161839863713799,0.041438730853391684,0.03236797274275979,167454,0.21954088884111458,469,24,12,12,0.5,0.5266524520255863,12.0,0.55875,4,lendingclub_imb77,rf
6,0.05,random,0.7827617232984017,0.532695374800638,0.040484848484848485,0.06539074960127592,188939,0.2190548272193671,492,25,17,8,0.68,0.5609756097560976,17.0,0.5444,4,lendingclub_imb77,rf
7,0.05,random,0.780729476060354,0.5330330330330331,0.038287316652286456,0.06606606606606606,210423,0.2190682577474896,493,25,13,12,0.52,0.5537525354969574,13.0,0.552,4,lendingclub_imb77,rf
8,0.05,random,0.7816037430733738,0.5052160953800298,0.03344514601420679,0.010432190760059613,231891,0.2192452488453627,510,26,15,11,0.5769230769230769,0.5450980392156862,15.0,0.5461538461538462,4,lendingclub_imb77,rf
9,0.05,random,0.7795994870277202,0.5642384105960265,0.03780617678381257,0.12847682119205298,253422,0.21910094624776066,444,23,9,14,0.391304347826087,0.5698198198198198,9.0,0.5608695652173913,4,lendingclub_imb77,rf
10,0.05,random,0.7847412930799309,0.5367298578199052,0.038073625819465454,0.07345971563981042,274921,0.2187210144005005,477,24,13,11,0.5416666666666666,0.559748427672956,13.0,0.5525,4,lendingclub_imb77,rf
0,0.1,random,0.7838333333333334,0.562874251497006,0.07132018209408195,0.12574850299401197,60000,0.22338333333333332,0,0,0,0,0.0,0.0,0.0,0.0,0,lendingclub_imb77,rf
1,0.1,random,0.7823764200184219,0.4906832298136646,0.04465799886941775,-0.018633540372670808,81422,0.22148804991279997,589,59,30,29,0.5084745762711864,0.5212224108658744,30.0,0.5561016949152543,0,lendingclub_imb77,rf
2,0.1,random,0.7825727754288769,0.5391304347826087,0.04132415018884692,0.0782608695652174,102881,0.22040998823883906,548,55,25,30,0.45454545454545453,0.5328467153284672,25.0,0.5521818181818182,0,lendingclub_imb77,rf
3,0.1,random,0.7822557961988187,0.541095890410959,0.043446379468377636,0.0821917808219178,124435,0.21988186603447582,443,45,22,23,0.4888888888888889,0.5327313769751693,22.0,0.5442222222222223,0,lendingclub_imb77,rf
4,0.1,random,0.7822809962657166,0.5258964143426295,0.041372825575928536,0.05179282868525897,145943,0.21938016897007737,494,50,28,22,0.56,0.5748987854251012,28.0,0.5524,0,lendingclub_imb77,rf
5,0.1,random,0.7838007347011916,0.5218253968253969,0.03622090621126567,0.04365079365079365,167413,0.2193139123007174,536,54,31,23,0.5740740740740741,0.5485074626865671,31.0,0.5646296296296297,0,lendingclub_imb77,rf
6,0.1,random,0.7839468600312277,0.5215889464594128,0.03687873977286604,0.04317789291882556,188932,0.21907352910041708,482,49,26,23,0.5306122448979592,0.5767634854771784,26.0,0.5536734693877552,0,lendingclub_imb77,rf
7,0.1,random,0.7865678378827834,0.5447284345047924,0.0377212389380531,0.08945686900958466,210464,0.21914911813896915,467,47,20,27,0.425531914893617,0.5310492505353319,20.0,0.551063829787234,0,lendingclub_imb77,rf
8,0.1,random,0.7816527999310255,0.496274217585693,0.03288888888888889,-0.007451564828614009,231966,0.21872170921600578,500,50,24,26,0.48,0.546,24.0,0.5568000000000001,0,lendingclub_imb77,rf
9,0.1,random,0.7812536983707444,0.5175438596491229,0.037146968879294834,0.03508771929824561,253487,0.21859898140733056,479,48,28,20,0.5833333333333334,0.5887265135699373,28.0,0.5475,0,lendingclub_imb77,rf
10,0.1,random,0.7803294785075279,0.5176613885505481,0.03509496284062758,0.03532277710109622,274977,0.21876011448230215,514,52,25,27,0.4807692307692308,0.5077821011673151,25.0,0.5534615384615384,0,lendingclub_imb77,rf
0,0.1,random,0.7800833333333334,0.5563139931740614,0.06100299401197605,0.11262798634812286,60000,0.22658333333333333,0,0,0,0,0.0,0.0,0.0,0.0,1,lendingclub_imb77,rf
1,0.1,random,0.7748803534175972,0.5304347826086957,0.04959349593495935,0.06086956521739131,81488,0.22410661692519143,516,52,28,24,0.5384615384615384,0.5310077519379846,28.0,0.5473076923076923,1,lendingclub_imb77,rf
2,0.1,random,0.777551119529846,0.539440203562341,0.04597701149425287,0.07888040712468193,102943,0.22116122514401174,553,56,32,24,0.5714285714285714,0.5099457504520796,32.0,0.5519642857142858,1,lendingclub_imb77,rf
3,0.1,random,0.7772866098697958,0.5250544662309368,0.04330637915543576,0.05010893246187364,124416,0.22087995113168724,533,54,30,24,0.5555555555555556,0.5553470919324578,30.0,0.5512962962962963,1,lendingclub_imb77,rf
4,0.1,random,0.7807360197368421,0.5239043824701195,0.040946598162852246,0.04780876494023904,145916,0.21995531675758656,503,51,22,29,0.43137254901960786,0.5427435387673957,22.0,0.5554901960784313,1,lendingclub_imb77,rf
5,0.1,random,0.7807871476349737,0.5088967971530249,0.03890627125561148,0.017793594306049824,167436,0.21947490384385676,481,49,31,18,0.6326530612244898,0.5467775467775468,31.0,0.5479591836734693,1,lendingclub_imb77,rf
6,0.1,random,0.7823291259823768,0.5692307692307692,0.04008667388949079,0.13846153846153847,188955,0.21915800058214918,482,49,30,19,0.6122448979591837,0.524896265560166,30.0,0.5510204081632653,1,lendingclub_imb77,rf
7,0.1,random,0.7806065499798134,0.5315186246418339,0.03996983408748114,0.06303724928366762,210532,0.2192303307810689,417,42,27,15,0.6428571428571429,0.5299760191846523,27.0,0.5504761904761905,1,lendingclub_imb77,rf
8,0.1,random,0.7820062493265811,0.5297092288242731,0.04122798386303257,0.05941845764854614,232022,0.21904388376964254,514,52,33,19,0.6346153846153846,0.5894941634241245,33.0,0.5534615384615383,1,lendingclub_imb77,rf
9,0.1,random,0.7834036845634936,0.5341830822711472,0.041757246376811594,0.06836616454229433,253490,0.21891987849619315,538,54,25,29,0.46296296296296297,0.5483271375464684,25.0,0.5487037037037037,1,lendingclub_imb77,rf
10,0.1,random,0.7811897749172757,0.5514792899408284,0.03844250123741957,0.10295857988165681,275007,0.21900897068074632,484,49,29,20,0.5918367346938775,0.512396694214876,29.0,0.5495918367346939,1,lendingclub_imb77,rf
0,0.1,random,0.7753333333333333,0.5,0.04896142433234421,0.0,60000,0.2216,0,0,0,0,0.0,0.0,0.0,0.0,2,lendingclub_imb77,rf
1,0.1,random,0.7806597988717194,0.4793650793650794,0.042368125701459036,-0.04126984126984127,81538,0.2200814344232137,460,46,21,25,0.45652173913043476,0.5130434782608696,21.0,0.5543478260869565,2,lendingclub_imb77,rf
2,0.1,random,0.7763981180579134,0.5221238938053098,0.038270270270270274,0.04424778761061947,103082,0.21982499369434041,454,46,19,27,0.41304347826086957,0.539647577092511,19.0,0.5404347826086958,2,lendingclub_imb77,rf
3,0.1,random,0.778700694193652,0.4973821989528796,0.03446399419553782,-0.005235602094240838,124603,0.2191680778151409,479,48,29,19,0.6041666666666666,0.5678496868475992,29.0,0.5493750000000001,2,lendingclub_imb77,rf
4,0.1,random,0.7793136483388647,0.5239130434782608,0.037237330037082815,0.04782608695652174,146133,0.2188622693026216,469,47,30,17,0.6382978723404256,0.5501066098081023,30.0,0.5638297872340426,2,lendingclub_imb77,rf
5,0.1,random,0.7840441395764987,0.5337186897880539,0.03807036833424959,0.0674373795761079,167650,0.2184133611691023,484,49,27,22,0.5510204081632653,0.5578512396694215,27.0,0.5626530612244898,2,lendingclub_imb77,rf
6,0.1,random,0.7829258622968152,0.5479204339963833,0.03665618195015727,0.09584086799276673,189171,0.21821526555338822,479,48,31,17,0.6458333333333334,0.5302713987473904,31.0,0.5508333333333334,2,lendingclub_imb77,rf
7,0.1,random,0.7794124626263585,0.5319148936170213,0.037481259370314844,0.06382978723404255,210708,0.21871499895590105,462,47,22,25,0.46808510638297873,0.5411255411255411,22.0,0.557872340425532,2,lendingclub_imb77,rf
8,0.1,random,0.7797683131648078,0.5158620689655172,0.03648424543946932,0.031724137931034485,232210,0.2187588820464235,500,50,29,21,0.58,0.582,29.0,0.5513999999999999,2,lendingclub_imb77,rf
9,0.1,random,0.7841757808651099,0.5239852398523985,0.0387589846237831,0.04797047970479705,253722,0.2193306059387834,489,49,25,24,0.5102040816326531,0.5603271983640081,25.0,0.5389795918367347,2,lendingclub_imb77,rf
10,0.1,random,0.7792170042692342,0.5091116173120729,0.03673268140356644,0.018223234624145785,275222,0.2190704231493122,503,51,29,22,0.5686274509803921,0.5347912524850894,29.0,0.5523529411764706,2,lendingclub_imb77,rf
0,0.1,random,0.77875,0.5595238095238095,0.05251396648044693,0.11904761904761904,60000,0.22273333333333334,0,0,0,0,0.0,0.0,0.0,0.0,3,lendingclub_imb77,rf
1,0.1,random,0.7823233562315997,0.5623003194888179,0.04905239687848383,0.12460063897763578,81520,0.22124631992149166,480,48,23,25,0.4791666666666667,0.5,23.0,0.5422916666666667,3,lendingclub_imb77,rf
2,0.1,random,0.77972927077774,0.5214899713467048,0.03995609220636663,0.04297994269340974,103053,0.21999359552851444,466,47,25,22,0.5319148936170213,0.51931330472103,25.0,0.5557446808510639,3,lendingclub_imb77,rf
3,0.1,random,0.7805250060207113,0.5882352941176471,0.04153873938956113,0.17647058823529413,124570,0.21960343581921812,484,49,21,28,0.42857142857142855,0.5289256198347108,21.0,0.5377551020408164,3,lendingclub_imb77,rf
4,0.1,random,0.7839594881270102,0.5689277899343544,0.04077152265955779,0.13785557986870897,146128,0.2194445965181211,438,44,25,19,0.5681818181818182,0.5502283105022832,25.0,0.5579545454545455,3,lendingclub_imb77,rf
5,0.1,random,0.7840820953403734,0.5438282647584973,0.04171812817345959,0.08765652951699464,167608,0.21895136270345092,525,53,27,26,0.5094339622641509,0.5542857142857143,27.0,0.5550943396226415,3,lendingclub_imb77,rf
6,0.1,random,0.7781890284203569,0.5394495412844037,0.034863038064745645,0.07889908256880734,189125,0.2192412425644415,484,49,24,25,0.4897959183673469,0.518595041322314,24.0,0.5612244897959183,3,lendingclub_imb77,rf
7,0.1,random,0.7829151930882248,0.5397631133671743,0.03470031545741325,0.07952622673434856,210654,0.2189941800298119,470,47,26,21,0.5531914893617021,0.5765957446808511,26.0,0.5508510638297872,3,lendingclub_imb77,rf
8,0.1,random,0.780297157622739,0.5463768115942029,0.036719587026395245,0.0927536231884058,232197,0.2193008522935266,455,46,26,20,0.5652173913043478,0.5846153846153846,26.0,0.5458695652173914,3,lendingclub_imb77,rf
9,0.1,random,0.7790367713711426,0.5141388174807198,0.035603026257231864,0.028277634961439587,253726,0.21952815241638618,470,47,23,24,0.48936170212765956,0.5297872340425532,23.0,0.5385106382978725,3,lendingclub_imb77,rf
10,0.1,random,0.7792936816480761,0.5169194865810969,0.03637707341106914,0.0338389731621937,275226,0.21909267293060974,503,51,24,27,0.47058823529411764,0.5705765407554672,24.0,0.5525490196078432,3,lendingclub_imb77,rf
0,0.1,random,0.7698333333333334,0.5314685314685315,0.05467625899280575,0.06293706293706294,60000,0.22443333333333335,0,0,0,0,0.0,0.0,0.0,0.0,4,lendingclub_imb77,rf
1,0.1,random,0.7765102729224165,0.5625,0.051275094953879545,0.125,81521,0.22195507905938347,479,48,26,22,0.5416666666666666,0.524008350730689,26.0,0.5514583333333333,4,lendingclub_imb77,rf
2,0.1,random,0.7816716823609359,0.55,0.04607583774250441,0.1,103008,0.22118670394532464,517,52,28,24,0.5384615384615384,0.5589941972920697,28.0,0.5513461538461538,4,lendingclub_imb77,rf
3,0.1,random,0.777474293059126,0.5290178571428571,0.0425799496945742,0.05803571428571429,124478,0.220842237182474,536,54,24,30,0.4444444444444444,0.5503731343283582,24.0,0.559814814814815,4,lendingclub_imb77,rf
4,0.1,random,0.7827665331004486,0.5680933852140078,0.04553251208482769,0.13618677042801555,145991,0.2201231582768801,488,49,30,19,0.6122448979591837,0.5245901639344263,30.0,0.5636734693877551,4,lendingclub_imb77,rf
5,0.1,random,0.7808685270855096,0.5328467153284672,0.039577121171049064,0.06569343065693431,167525,0.21960901358006268,465,47,23,24,0.48936170212765956,0.5419354838709678,23.0,0.5559574468085107,4,lendingclub_imb77,rf
6,0.1,random,0.7861828184511215,0.5468227424749164,0.04017199017199017,0.09364548494983277,189038,0.21912525523968726,488,49,25,24,0.5102040816326531,0.5655737704918032,25.0,0.5512244897959184,4,lendingclub_imb77,rf
7,0.1,random,0.780440306837343,0.5173453996983409,0.03700906344410876,0.03469079939668175,210535,0.21918445864108105,506,51,22,29,0.43137254901960786,0.5296442687747036,22.0,0.5527450980392157,4,lendingclub_imb77,rf
8,0.1,random,0.7819753033209059,0.5262368815592204,0.034574468085106384,0.05247376311844078,232015,0.2193737473870224,525,53,28,25,0.5283018867924528,0.539047619047619,28.0,0.5441509433962264,4,lendingclub_imb77,rf
9,0.1,random,0.781046653783965,0.5368421052631579,0.03655913978494624,0.07368421052631578,253566,0.2192052562252037,446,45,26,19,0.5777777777777777,0.6031390134529148,26.0,0.5473333333333333,4,lendingclub_imb77,rf
10,0.1,random,0.7804616503089785,0.5466507177033493,0.037591511063584764,0.09330143540669857,275100,0.2188840421664849,465,47,29,18,0.6170212765957447,0.5526881720430108,29.0,0.5582978723404256,4,lendingclub_imb77,rf
0,0.15,random,0.7838333333333334,0.562874251497006,0.07132018209408195,0.12574850299401197,60000,0.22338333333333332,0,0,0,0,0.0,0.0,0.0,0.0,0,lendingclub_imb77,rf
1,0.15,random,0.7820268860106807,0.5660919540229885,0.054767862107311646,0.13218390804597702,81452,0.22161518440308403,589,89,47,42,0.5280898876404494,0.5212224108658744,47.0,0.5578651685393258,0,lendingclub_imb77,rf
2,0.15,random,0.7806157133145576,0.514792899408284,0.03842756183745583,0.029585798816568046,102967,0.2208280322821875,515,78,41,37,0.5256410256410257,0.5106796116504855,41.0,0.5520512820512818,0,lendingclub_imb77,rf
3,0.15,random,0.7745121657431944,0.53125,0.03917050691244239,0.0625,124527,0.2201851807238591,462,70,43,27,0.6142857142857143,0.564935064935065,43.0,0.5568571428571429,0,lendingclub_imb77,rf
4,0.15,random,0.78383651673855,0.5091911764705882,0.043794466403162056,0.01838235294117647,146069,0.21977969315871265,483,73,45,28,0.6164383561643836,0.5652173913043478,45.0,0.5587671232876713,0,lendingclub_imb77,rf
5,0.15,random,0.7843330349149508,0.5135566188197768,0.044450579790171175,0.02711323763955343,167548,0.21965048821830163,557,84,42,42,0.5,0.547576301615799,42.0,0.553809523809524,0,lendingclub_imb77,rf
6,0.15,random,0.7840232773442666,0.5030487804878049,0.040396621373485125,0.006097560975609756,189025,0.2193149054357889,559,84,39,45,0.4642857142857143,0.556350626118068,39.0,0.5492857142857143,0,lendingclub_imb77,rf
7,0.15,random,0.7849934702600023,0.5238805970149254,0.03862660944206009,0.04776119402985075,210571,0.21939393363758541,478,72,33,39,0.4583333333333333,0.5271966527196653,33.0,0.5494444444444445,0,lendingclub_imb77,rf
8,0.15,random,0.7817946784444684,0.5287817938420348,0.038835906007275586,0.05756358768406961,232071,0.21901056142301278,532,80,51,29,0.6375,0.5357142857142857,51.0,0.5512500000000001,0,lendingclub_imb77,rf
9,0.15,random,0.7821834887710235,0.5261239368165249,0.039044183949504055,0.05224787363304982,253581,0.21890046967241236,521,79,48,31,0.6075949367088608,0.5662188099808061,48.0,0.5527848101265823,0,lendingclub_imb77,rf
10,0.15,random,0.7819599432954091,0.530454042081949,0.03974444075672088,0.06090808416389812,275107,0.21906749010385052,502,76,41,35,0.5394736842105263,0.5199203187250996,41.0,0.5460526315789472,0,lendingclub_imb77,rf
0,0.15,random,0.7800833333333334,0.5563139931740614,0.06100299401197605,0.11262798634812286,60000,0.22658333333333333,0,0,0,0,0.0,0.0,0.0,0.0,1,lendingclub_imb77,rf
1,0.15,random,0.7749493958167208,0.5603715170278638,0.048813376483279394,0.12074303405572756,81514,0.22421915253821428,516,78,43,35,0.5512820512820513,0.5310077519379846,43.0,0.5556410256410257,1,lendingclub_imb77,rf
2,0.15,random,0.7797408144444984,0.5175879396984925,0.04525483304042179,0.035175879396984924,103015,0.2212396252972868,531,80,40,40,0.5,0.5291902071563088,40.0,0.561375,1,lendingclub_imb77,rf
3,0.15,random,0.7798923954067293,0.5533769063180828,0.04592297956969806,0.10675381263616558,124530,0.22114349955833937,515,78,41,37,0.5256410256410257,0.5300970873786408,41.0,0.5498717948717948,1,lendingclub_imb77,rf
4,0.15,random,0.7797445817783408,0.539553752535497,0.041100123609394315,0.07910750507099391,146035,0.22022117985414455,527,80,44,36,0.55,0.5464895635673624,44.0,0.554625,1,lendingclub_imb77,rf
5,0.15,random,0.7806952110995077,0.5276752767527675,0.03875338753387534,0.055350553505535055,167573,0.21967739432963546,488,74,44,30,0.5945945945945946,0.5676229508196722,44.0,0.5497297297297297,1,lendingclub_imb77,rf
6,0.15,random,0.7800047595124144,0.5576592082616179,0.03863121497555741,0.1153184165232358,189095,0.21927602527829926,506,76,42,34,0.5526315789473685,0.5454545454545454,42.0,0.5485526315789475,1,lendingclub_imb77,rf
7,0.15,random,0.7796923953289661,0.4954545454545455,0.0352522639068564,-0.00909090909090909,210656,0.21924369588333587,460,69,37,32,0.5362318840579711,0.5521739130434783,37.0,0.5611594202898552,1,lendingclub_imb77,rf
8,0.15,random,0.7813361474844934,0.5072463768115942,0.03787878787878788,0.014492753623188406,232157,0.21908880628195573,531,80,53,27,0.6625,0.5894538606403014,53.0,0.5529999999999999,1,lendingclub_imb77,rf
9,0.15,random,0.7827363939208768,0.5423529411764706,0.04155399314945015,0.08470588235294117,253654,0.21904641756092946,536,81,45,36,0.5555555555555556,0.5354477611940298,45.0,0.5543209876543209,1,lendingclub_imb77,rf
10,0.15,random,0.7817689596278935,0.5345622119815668,0.03843923452903653,0.06912442396313365,275186,0.21912815332175328,495,75,36,39,0.48,0.5070707070707071,36.0,0.5582666666666666,1,lendingclub_imb77,rf
0,0.15,random,0.7753333333333333,0.5,0.04896142433234421,0.0,60000,0.2216,0,0,0,0,0.0,0.0,0.0,0.0,2,lendingclub_imb77,rf
1,0.15,random,0.7844663765095323,0.5504885993485342,0.047645897941922755,0.10097719869706841,81561,0.22014197962261375,460,69,31,38,0.4492753623188406,0.5130434782608696,31.0,0.553623188405797,2,lendingclub_imb77,rf
2,0.15,random,0.7773361768127182,0.5867052023121387,0.043618392780403956,0.17341040462427745,103156,0.22012292062507272,420,63,26,37,0.4126984126984127,0.5119047619047619,26.0,0.5471428571428574,2,lendingclub_imb77,rf
3,0.15,random,0.7810031674752416,0.5127020785219399,0.040562762653023936,0.025404157043879907,124705,0.21960627079908585,475,72,41,31,0.5694444444444444,0.5347368421052632,41.0,0.5466666666666666,2,lendingclub_imb77,rf
4,0.15,random,0.7793810907847495,0.4770992366412214,0.0388923459863099,-0.04580152671755725,146222,0.21914622970551628,512,77,48,29,0.6233766233766234,0.5703125,48.0,0.5466233766233768,2,lendingclub_imb77,rf
5,0.15,random,0.7785758993770677,0.5181347150259067,0.040268456375838924,0.03626943005181347,167755,0.218693928645942,493,74,46,28,0.6216216216216216,0.5679513184584178,46.0,0.5554054054054053,2,lendingclub_imb77,rf
6,0.15,random,0.7822320815507315,0.4945736434108527,0.03871829105473965,-0.010852713178294573,189328,0.2185255218456858,446,67,38,29,0.5671641791044776,0.5336322869955157,38.0,0.5434328358208956,2,lendingclub_imb77,rf
7,0.15,random,0.7816508975362215,0.5437037037037037,0.039602891982302796,0.0874074074074074,210851,0.21894133772189842,505,76,45,31,0.5921052631578947,0.5683168316831683,45.0,0.5414473684210526,2,lendingclub_imb77,rf
8,0.15,random,0.7812802582033351,0.5406896551724137,0.03834115805946792,0.08137931034482758,232375,0.21903388918773534,504,76,45,31,0.5921052631578947,0.5674603174603174,45.0,0.5426315789473685,2,lendingclub_imb77,rf
9,0.15,random,0.7796396573791474,0.5250917992656059,0.03819444444444445,0.05018359853121175,253923,0.21967289296361495,476,72,45,27,0.625,0.5525210084033614,45.0,0.5495833333333332,2,lendingclub_imb77,rf
10,0.15,random,0.7780238531777007,0.5208568207440811,0.03766816143497758,0.04171364148816235,275433,0.21942541380299382,521,79,41,38,0.5189873417721519,0.5143953934740882,41.0,0.5430379746835443,2,lendingclub_imb77,rf
0,0.15,random,0.77875,0.5595238095238095,0.05251396648044693,0.11904761904761904,60000,0.22273333333333334,0,0,0,0,0.0,0.0,0.0,0.0,3,lendingclub_imb77,rf
1,0.15,random,0.7769329817891961,0.5153374233128835,0.046052631578947366,0.03067484662576687,81544,0.22140194250956538,480,72,41,31,0.5694444444444444,0.5,41.0,0.5445833333333334,3,lendingclub_imb77,rf
2,0.15,random,0.7792541583822317,0.5346260387811634,0.04216735853178938,0.06925207756232687,103102,0.220199414172373,464,70,28,42,0.4,0.4978448275862069,28.0,0.549,3,lendingclub_imb77,rf
3,0.15,random,0.7792483856736052,0.5477855477855478,0.04238052299368801,0.09557109557109557,124662,0.21979432385169498,462,70,35,35,0.5,0.5584415584415584,35.0,0.5484285714285714,3,lendingclub_imb77,rf
4,0.15,random,0.782226629282637,0.5315985130111525,0.044666562548805244,0.06319702602230483,146226,0.21962578474416314,457,69,37,32,0.5362318840579711,0.5448577680525164,37.0,0.5446376811594202,3,lendingclub_imb77,rf
5,0.15,random,0.7788278082518483,0.5134575569358178,0.03336921420882669,0.026915113871635612,167719,0.219158234904811,541,82,46,36,0.5609756097560976,0.5526802218114603,46.0,0.5481707317073171,3,lendingclub_imb77,rf
6,0.15,random,0.7786818121780478,0.5173010380622838,0.03560371517027864,0.03460207612456748,189275,0.2195377096816801,467,71,37,34,0.5211267605633803,0.5010706638115632,37.0,0.5532394366197183,3,lendingclub_imb77,rf
7,0.15,random,0.7800626156254448,0.5213549337260678,0.038056331971619006,0.042709867452135494,210810,0.21928751008016698,491,74,40,34,0.5405405405405406,0.5661914460285132,40.0,0.5577027027027026,3,lendingclub_imb77,rf
8,0.15,random,0.7787890524141492,0.564625850340136,0.03999614494988435,0.1292517006802721,232379,0.2196713128122593,451,68,39,29,0.5735294117647058,0.5521064301552107,39.0,0.5499999999999999,3,lendingclub_imb77,rf
9,0.15,random,0.7791537870882637,0.5506172839506173,0.03947251969200814,0.10123456790123457,253953,0.21990683315416631,445,67,35,32,0.5223880597014925,0.5415730337078651,35.0,0.5494029850746269,3,lendingclub_imb77,rf
10,0.15,random,0.7841806268943863,0.5489067894131185,0.03982965931863727,0.09781357882623705,275484,0.2195191009278216,496,75,33,42,0.44,0.5403225806451613,33.0,0.5414666666666668,3,lendingclub_imb77,rf
0,0.15,random,0.7698333333333334,0.5314685314685315,0.05467625899280575,0.06293706293706294,60000,0.22443333333333335,0,0,0,0,0.0,0.0,0.0,0.0,4,lendingclub_imb77,rf
1,0.15,random,0.7804893003862898,0.5415384615384615,0.048794011644025505,0.08307692307692308,81545,0.2220491753019805,479,72,39,33,0.5416666666666666,0.524008350730689,39.0,0.5488888888888889,4,lendingclub_imb77,rf
2,0.15,random,0.7766189667717681,0.5594936708860759,0.047506448839208945,0.1189873417721519,103073,0.22151290832710796,499,75,39,36,0.52,0.531062124248497,39.0,0.5549333333333333,4,lendingclub_imb77,rf
3,0.15,random,0.7817014446227929,0.5272727272727272,0.0424597364568082,0.05454545454545454,124600,0.22135634028892456,500,75,47,28,0.6266666666666667,0.55,47.0,0.5511999999999999,4,lendingclub_imb77,rf
4,0.15,random,0.7836469380773178,0.497029702970297,0.03970890681854137,-0.005940594059405941,146150,0.22057475196715703,474,72,35,37,0.4861111111111111,0.5295358649789029,35.0,0.5513888888888889,4,lendingclub_imb77,rf
5,0.15,random,0.781028210174748,0.5,0.03962957919106632,0.0,167669,0.22004067537827504,510,77,47,30,0.6103896103896104,0.5352941176470588,47.0,0.5518181818181818,4,lendingclub_imb77,rf
6,0.15,random,0.7790666948525525,0.5224358974358975,0.03886041244486828,0.04487179487179487,189219,0.21960268260586938,474,72,46,26,0.6388888888888888,0.5717299578059072,46.0,0.5505555555555556,4,lendingclub_imb77,rf
7,0.15,random,0.7822961398846948,0.509641873278237,0.04026115342763874,0.01928374655647383,210741,0.21968672446272913,506,76,39,37,0.5131578947368421,0.5217391304347826,39.0,0.5473684210526316,4,lendingclub_imb77,rf
8,0.15,random,0.7807514264183443,0.5294117647058824,0.03784470956385683,0.058823529411764705,232224,0.219852383905195,552,83,41,42,0.4939759036144578,0.5253623188405797,41.0,0.5490361445783133,4,lendingclub_imb77,rf
9,0.15,random,0.7805315313540456,0.5203969128996693,0.042229578598908475,0.040793825799338476,253794,0.21973332702900777,450,68,41,27,0.6029411764705882,0.5711111111111111,41.0,0.5461764705882353,4,lendingclub_imb77,rf
10,0.15,random,0.7817772369830921,0.5368063420158551,0.03923516265209834,0.07361268403171008,275315,0.21934874598187531,508,77,41,36,0.5324675324675324,0.547244094488189,41.0,0.5628571428571428,4,lendingclub_imb77,rf
0,0.2,random,0.7838333333333334,0.562874251497006,0.07132018209408195,0.12574850299401197,60000,0.22338333333333332,0,0,0,0,0.0,0.0,0.0,0.0,0,lendingclub_imb77,rf
1,0.2,random,0.7785481990550408,0.4954128440366973,0.04492512479201331,-0.009174311926605505,81481,0.22184312907303544,589,118,72,46,0.6101694915254238,0.5212224108658744,72.0,0.5511016949152543,0,lendingclub_imb77,rf
2,0.2,random,0.7808571567247489,0.5051020408163265,0.04381500331931843,0.01020408163265306,103015,0.22107460078629326,523,105,56,49,0.5333333333333333,0.5105162523900574,56.0,0.5524761904761906,0,lendingclub_imb77,rf
3,0.2,random,0.7820538544885429,0.5503355704697986,0.04492330168005844,0.10067114093959731,124591,0.22041720509507107,470,94,47,47,0.5,0.548936170212766,47.0,0.5541489361702128,0,lendingclub_imb77,rf
4,0.2,random,0.7858071580099911,0.5286506469500925,0.0454617707836592,0.05730129390018484,146129,0.2199837130206872,518,104,54,50,0.5192307692307693,0.5444015444015444,54.0,0.5503846153846154,0,lendingclub_imb77,rf
5,0.2,random,0.7842996898115009,0.5155482815057283,0.04344228382292098,0.031096563011456628,167640,0.2197745168217609,552,111,61,50,0.5495495495495496,0.5905797101449275,61.0,0.5507207207207208,0,lendingclub_imb77,rf
6,0.2,random,0.7838337914992599,0.5353218210361067,0.04146905022497872,0.0706436420722135,189156,0.21961238342955022,545,109,64,45,0.5871559633027523,0.5357798165137615,64.0,0.556788990825688,0,lendingclub_imb77,rf
7,0.2,random,0.7837228615494127,0.5544117647058824,0.041027315268255524,0.10882352941176471,210724,0.21977563068278885,481,97,48,49,0.4948453608247423,0.49480249480249483,48.0,0.548659793814433,0,lendingclub_imb77,rf
8,0.2,random,0.7839752007405334,0.5376756066411239,0.04170794531404795,0.07535121328224777,232263,0.21936339408343128,517,104,51,53,0.49038461538461536,0.5319148936170213,51.0,0.5522115384615385,0,lendingclub_imb77,rf
9,0.2,random,0.7833333333333333,0.5287485907553551,0.042447280296859444,0.05749718151071026,253799,0.21926800342002922,520,104,62,42,0.5961538461538461,0.5615384615384615,62.0,0.5502884615384616,0,lendingclub_imb77,rf
10,0.2,random,0.7815286277215856,0.5172413793103449,0.04103116710875331,0.034482758620689655,275344,0.21940554361090128,509,102,59,43,0.5784313725490197,0.5402750491159135,59.0,0.5480392156862746,0,lendingclub_imb77,rf
0,0.2,random,0.7800833333333334,0.5563139931740614,0.06100299401197605,0.11262798634812286,60000,0.22658333333333333,0,0,0,0,0.0,0.0,0.0,0.0,1,lendingclub_imb77,rf
1,0.2,random,0.7808437576649497,0.561046511627907,0.053373893805309734,0.12209302325581395,81540,0.2242580328673044,516,104,52,52,0.5,0.5310077519379846,52.0,0.5522115384615385,1,lendingclub_imb77,rf
2,0.2,random,0.7844459538133126,0.5868421052631579,0.049456642271013526,0.1736842105263158,103057,0.22134352833868637,544,109,58,51,0.5321100917431193,0.5294117647058824,58.0,0.5594495412844037,1,lendingclub_imb77,rf
3,0.2,random,0.7757935711705927,0.5243619489559165,0.04029957203994294,0.048723897911832945,124593,0.2211681234098224,520,104,58,46,0.5576923076923077,0.5634615384615385,58.0,0.5499038461538461,1,lendingclub_imb77,rf
4,0.2,random,0.7797201601039991,0.5102459016393442,0.038610637308109784,0.020491803278688523,146151,0.2203816600639065,493,99,54,45,0.5454545454545454,0.539553752535497,54.0,0.5461616161616162,1,lendingclub_imb77,rf
5,0.2,random,0.7821563776194592,0.5592920353982301,0.04284745762711865,0.11858407079646018,167734,0.21991367283913815,462,93,41,52,0.44086021505376344,0.5367965367965368,41.0,0.5503225806451613,1,lendingclub_imb77,rf
6,0.2,random,0.7807390580839431,0.5450236966824644,0.041277817659727205,0.09004739336492891,189295,0.2196465833751552,489,98,54,44,0.5510204081632653,0.50920245398773,54.0,0.5493877551020407,1,lendingclub_imb77,rf
7,0.2,random,0.7818561198842889,0.5486862442040186,0.03832451689517435,0.0973724884080371,210867,0.2195412274087458,476,96,52,44,0.5416666666666666,0.5756302521008403,52.0,0.551875,1,lendingclub_imb77,rf
8,0.2,random,0.780928001376729,0.5247524752475248,0.041471048513302036,0.04950495049504951,232432,0.21944912920768225,484,97,59,38,0.6082474226804123,0.5867768595041323,59.0,0.5474226804123712,1,lendingclub_imb77,rf
9,0.2,random,0.7828552302573291,0.5275779376498801,0.03972911963882619,0.05515587529976019,253954,0.21936256172377674,538,108,56,52,0.5185185185185185,0.550185873605948,56.0,0.5538888888888889,1,lendingclub_imb77,rf
10,0.2,random,0.77863274231893,0.4994388327721661,0.03648438140526359,-0.001122334455667789,275515,0.21944721702992578,489,98,49,49,0.5,0.5112474437627812,49.0,0.5491836734693878,1,lendingclub_imb77,rf
0,0.2,random,0.7753333333333333,0.5,0.04896142433234421,0.0,60000,0.2216,0,0,0,0,0.0,0.0,0.0,0.0,2,lendingclub_imb77,rf
1,0.2,random,0.7829870687013544,0.5639344262295082,0.048044692737430165,0.12786885245901639,81584,0.22036183565404982,460,92,54,38,0.5869565217391305,0.5130434782608696,54.0,0.5523913043478261,2,lendingclub_imb77,rf
2,0.2,random,0.7803944371759461,0.5108433734939759,0.04668575203699626,0.021686746987951807,103185,0.2204293259679217,439,88,47,41,0.5340909090909091,0.5034168564920274,47.0,0.5503409090909092,2,lendingclub_imb77,rf
3,0.2,random,0.7812437352151077,0.528344671201814,0.042510490786352856,0.05668934240362812,124704,0.21978444957659737,542,109,60,49,0.5504587155963303,0.533210332103321,60.0,0.5484403669724771,2,lendingclub_imb77,rf
4,0.2,random,0.7828331168387229,0.5134649910233393,0.04491206030150754,0.026929982046678635,146268,0.21946700577022998,485,97,55,42,0.5670103092783505,0.5443298969072164,55.0,0.5515463917525774,2,lendingclub_imb77,rf
5,0.2,random,0.7826851437937714,0.504885993485342,0.04247739106604549,0.009771986970684038,167772,0.2189578713968958,561,113,56,57,0.49557522123893805,0.5329768270944741,56.0,0.5521238938053097,2,lendingclub_imb77,rf
6,0.2,random,0.7805979610163224,0.5225806451612903,0.03887222555488902,0.04516129032258064,189307,0.21862899945591024,522,105,59,46,0.5619047619047619,0.5593869731800766,59.0,0.5525714285714286,2,lendingclub_imb77,rf
7,0.2,random,0.7801066982809721,0.5254470426409904,0.04102674256256041,0.05089408528198074,210872,0.21911396486968399,484,97,55,42,0.5670103092783505,0.5599173553719008,55.0,0.5485567010309279,2,lendingclub_imb77,rf
8,0.2,random,0.7823599010433473,0.5236938031591738,0.042437967703820405,0.04738760631834751,232425,0.2192621275680327,499,100,59,41,0.59,0.5551102204408818,59.0,0.5566,2,lendingclub_imb77,rf
9,0.2,random,0.7799543253140134,0.5424133811230586,0.04036273115220484,0.08482676224611709,253968,0.21983478233478235,512,103,63,40,0.6116504854368932,0.57421875,63.0,0.5541747572815533,2,lendingclub_imb77,rf
10,0.2,random,0.7792860642796218,0.5307443365695793,0.04026516081512399,0.061488673139158574,275512,0.21955849472981212,510,102,54,48,0.5294117647058824,0.5450980392156862,54.0,0.5567647058823529,2,lendingclub_imb77,rf
0,0.2,random,0.77875,0.5595238095238095,0.05251396648044693,0.11904761904761904,60000,0.22273333333333334,0,0,0,0,0.0,0.0,0.0,0.0,3,lendingclub_imb77,rf
1,0.2,random,0.7810469535368395,0.5472222222222223,0.054631170271769273,0.09444444444444444,81568,0.22142261671243624,480,96,48,48,0.5,0.5,48.0,0.5541666666666667,3,lendingclub_imb77,rf
2,0.2,random,0.7803199224430442,0.547752808988764,0.042706964520367936,0.09550561797752809,103150,0.2203296170625303,463,93,47,46,0.5053763440860215,0.5032397408207343,47.0,0.5543010752688172,3,lendingclub_imb77,rf
3,0.2,random,0.780779095864059,0.5605700712589073,0.042745879369679406,0.12114014251781473,124758,0.22003398579650202,430,86,44,42,0.5116279069767442,0.5581395348837209,44.0,0.5470930232558139,3,lendingclub_imb77,rf
4,0.2,random,0.7845796467734772,0.5720430107526882,0.0417385846540091,0.14408602150537633,146364,0.21988330463775246,433,87,50,37,0.5747126436781609,0.5658198614318707,50.0,0.551264367816092,3,lendingclub_imb77,rf
5,0.2,random,0.7791445761601239,0.5140350877192983,0.039429417305880766,0.028070175438596492,167869,0.2193913110818555,559,112,63,49,0.5625,0.5581395348837209,63.0,0.5475892857142857,3,lendingclub_imb77,rf
6,0.2,random,0.7821118471404819,0.5608108108108109,0.039865513928914506,0.12162162162162163,189451,0.21970852621522188,463,93,47,46,0.5053763440860215,0.5291576673866091,47.0,0.5601075268817205,3,lendingclub_imb77,rf
7,0.2,random,0.7785885195802043,0.5259938837920489,0.03667377398720682,0.05198776758409786,211052,0.2195477891704414,439,88,50,38,0.5681818181818182,0.571753986332574,50.0,0.5513636363636364,3,lendingclub_imb77,rf
8,0.2,random,0.7831936385127874,0.564673157162726,0.03987820449857578,0.12934631432545202,232647,0.2198996763336729,447,90,50,40,0.5555555555555556,0.5727069351230425,50.0,0.55,3,lendingclub_imb77,rf
9,0.2,random,0.779169698519145,0.5389221556886228,0.039844165043385865,0.07784431137724551,254243,0.22010438832140905,446,90,50,40,0.5555555555555556,0.5695067264573991,50.0,0.5452222222222222,3,lendingclub_imb77,rf
10,0.2,random,0.779447758217452,0.5263157894736842,0.03848673435964625,0.05263157894736842,275783,0.2196618355736213,516,104,49,55,0.47115384615384615,0.5678294573643411,49.0,0.5465384615384615,3,lendingclub_imb77,rf
0,0.2,random,0.7698333333333334,0.5314685314685315,0.05467625899280575,0.06293706293706294,60000,0.22443333333333335,0,0,0,0,0.0,0.0,0.0,0.0,4,lendingclub_imb77,rf
1,0.2,random,0.7789015569449552,0.5855855855855856,0.05322052401746725,0.17117117117117117,81569,0.22217999485098505,479,96,55,41,0.5729166666666666,0.524008350730689,55.0,0.5557291666666666,4,lendingclub_imb77,rf
2,0.2,random,0.7808697338439908,0.5794621026894865,0.05169029443838604,0.15892420537897312,103133,0.22170401326442554,486,98,56,42,0.5714285714285714,0.5452674897119342,56.0,0.5606122448979592,4,lendingclub_imb77,rf
3,0.2,random,0.7758530815189061,0.5305719921104537,0.04785625333570539,0.0611439842209073,124691,0.22148350722987226,493,99,47,52,0.47474747474747475,0.5517241379310345,47.0,0.5527272727272727,4,lendingclub_imb77,rf
4,0.2,random,0.7793770727204349,0.5272727272727272,0.04473237698596329,0.05454545454545454,146243,0.2207421893697476,500,100,52,48,0.52,0.518,52.0,0.5542000000000001,4,lendingclub_imb77,rf
5,0.2,random,0.7796584915218882,0.5255731922398589,0.04014549373568638,0.05114638447971781,167781,0.22016199688880148,518,104,53,51,0.5096153846153846,0.5386100386100386,53.0,0.5476923076923078,4,lendingclub_imb77,rf
6,0.2,random,0.7818877887788779,0.525679758308157,0.041952983725135624,0.0513595166163142,189373,0.21980430156358086,451,91,52,39,0.5714285714285714,0.5543237250554324,52.0,0.5495604395604395,4,lendingclub_imb77,rf
7,0.2,random,0.7798189058500048,0.5544692737430168,0.042382833351126296,0.10893854748603352,210936,0.21994348996852126,487,98,60,38,0.6122448979591837,0.5338809034907598,60.0,0.5555102040816325,4,lendingclub_imb77,rf
8,0.2,random,0.7810134205092911,0.5441176470588235,0.04330017554125219,0.08823529411764706,232477,0.22016801662099908,514,103,51,52,0.49514563106796117,0.5214007782101168,51.0,0.5564077669902913,4,lendingclub_imb77,rf
9,0.2,random,0.7794835458982837,0.578215527230591,0.044007408060675546,0.1564310544611819,254040,0.2200007872775941,487,98,52,46,0.5306122448979592,0.5646817248459959,52.0,0.5500000000000002,4,lendingclub_imb77,rf
10,0.2,random,0.7821054732144477,0.5262032085561498,0.04079601990049751,0.052406417112299465,275612,0.21968201674818222,475,95,42,53,0.4421052631578947,0.5136842105263157,42.0,0.5527368421052631,4,lendingclub_imb77,rf
0,0.3,random,0.7838333333333334,0.562874251497006,0.07132018209408195,0.12574850299401197,60000,0.22338333333333332,0,0,0,0,0.0,0.0,0.0,0.0,0,lendingclub_imb77,rf
1,0.3,random,0.7804758400784891,0.5281501340482574,0.0547070258261594,0.05630026809651475,81540,0.22185430463576158,589,177,86,91,0.4858757062146893,0.5212224108658744,86.0,0.5549717514124294,0,lendingclub_imb77,rf
2,0.3,random,0.7811348205625607,0.524547803617571,0.04479258605472198,0.04909560723514212,103096,0.22111430123380152,567,171,90,81,0.5263157894736842,0.5167548500881834,90.0,0.5571345029239767,0,lendingclub_imb77,rf
3,0.3,random,0.7792030786498837,0.555793991416309,0.04658273381294964,0.11158798283261803,124726,0.22061158058464153,460,138,71,67,0.5144927536231884,0.5434782608695652,71.0,0.55268115942029,0,lendingclub_imb77,rf
4,0.3,random,0.781073784217901,0.5323741007194245,0.04594846321018317,0.06474820143884892,146301,0.22014203593960396,539,162,78,84,0.48148148148148145,0.5547309833024119,78.0,0.5485185185185186,0,lendingclub_imb77,rf
5,0.3,random,0.784578270192995,0.5119453924914675,0.04139643990616807,0.023890784982935155,167880,0.2201691684536574,533,160,86,74,0.5375,0.549718574108818,86.0,0.55525,0,lendingclub_imb77,rf
6,0.3,random,0.7803404143026784,0.5211267605633803,0.03987546401628547,0.04225352112676056,189475,0.21994458371816863,510,153,83,70,0.5424836601307189,0.5823529411764706,83.0,0.5478431372549021,0,lendingclub_imb77,rf
7,0.3,random,0.7865280310745837,0.5644916540212443,0.04088810727632447,0.12898330804248861,211101,0.22013633284541523,467,141,91,50,0.6453900709219859,0.5460385438972163,91.0,0.5495744680851063,0,lendingclub_imb77,rf
8,0.3,random,0.782172474541314,0.525065963060686,0.0391077920801808,0.05013192612137203,232727,0.21982408573135045,466,140,81,59,0.5785714285714286,0.5472103004291845,81.0,0.5455714285714285,0,lendingclub_imb77,rf
9,0.3,random,0.7827540106951871,0.538037486218302,0.0438888389243637,0.07607497243660419,254318,0.21967772631115376,516,155,88,67,0.567741935483871,0.5988372093023255,88.0,0.549483870967742,0,lendingclub_imb77,rf
10,0.3,random,0.7804316703213062,0.49585921325051757,0.039560621076973904,-0.008281573498964804,275903,0.21985625382833823,525,158,83,75,0.5253164556962026,0.5142857142857142,83.0,0.5493037974683544,0,lendingclub_imb77,rf
0,0.3,random,0.7800833333333334,0.5563139931740614,0.06100299401197605,0.11262798634812286,60000,0.22658333333333333,0,0,0,0,0.0,0.0,0.0,0.0,1,lendingclub_imb77,rf
1,0.3,random,0.7768245603284515,0.4987951807228916,0.05685251304586652,-0.0024096385542168677,81591,0.22451005625620474,516,155,84,71,0.5419354838709678,0.5310077519379846,84.0,0.5553548387096774,1,lendingclub_imb77,rf
2,0.3,random,0.7806166973722486,0.5583756345177665,0.04812951214176329,0.116751269035533,103130,0.22163289052651994,591,178,89,89,0.5,0.5160744500846024,89.0,0.5562921348314608,1,lendingclub_imb77,rf
3,0.3,random,0.7803294457135986,0.5578093306288032,0.049656915854098954,0.11561866125760649,124754,0.22182855860333137,469,141,84,57,0.5957446808510638,0.5266524520255863,84.0,0.55354609929078,1,lendingclub_imb77,rf
4,0.3,random,0.7782067928654411,0.5318761384335154,0.04474410052099295,0.06375227686703097,146328,0.22090782351976382,540,162,79,83,0.4876543209876543,0.5425925925925926,79.0,0.5462345679012346,1,lendingclub_imb77,rf
5,0.3,random,0.7800339417036354,0.49917898193760263,0.041153377555164475,-0.0016420361247947454,167931,0.22038813560331327,499,150,79,71,0.5266666666666666,0.5591182364729459,79.0,0.5508000000000001,1,lendingclub_imb77,rf
6,0.3,random,0.7788065843621399,0.5617088607594937,0.04194730001181614,0.12341772151898735,189537,0.2201364377403884,495,149,85,64,0.5704697986577181,0.5191919191919192,85.0,0.5511409395973155,1,lendingclub_imb77,rf
7,0.3,random,0.7799351218241659,0.5334302325581395,0.03929336188436831,0.06686046511627906,211163,0.22010958359182242,466,140,75,65,0.5357142857142857,0.5536480686695279,75.0,0.5550714285714287,1,lendingclub_imb77,rf
8,0.3,random,0.7835846543798599,0.5500603136308806,0.0448907265209687,0.10012062726176116,232769,0.22006796437669965,495,149,77,72,0.5167785234899329,0.5434343434343434,77.0,0.5473825503355705,1,lendingclub_imb77,rf
9,0.3,random,0.7817291814107101,0.528281750266809,0.044370742201505914,0.05656350053361793,254340,0.21998112762443972,545,164,88,76,0.5365853658536586,0.5577981651376147,88.0,0.5481097560975611,1,lendingclub_imb77,rf
10,0.3,random,0.78220530941379,0.526775956284153,0.03994033808418959,0.053551912568306013,275924,0.2200026094141865,526,158,90,68,0.569620253164557,0.5513307984790875,90.0,0.5464556962025316,1,lendingclub_imb77,rf
0,0.3,random,0.7753333333333333,0.5,0.04896142433234421,0.0,60000,0.2216,0,0,0,0,0.0,0.0,0.0,0.0,2,lendingclub_imb77,rf
1,0.3,random,0.7809016293029524,0.5566343042071198,0.047619047619047616,0.11326860841423948,81630,0.2203234105108416,460,138,61,77,0.4420289855072464,0.5130434782608696,61.0,0.5487681159420289,2,lendingclub_imb77,rf
2,0.3,random,0.7736890524379025,0.49855907780979825,0.037021185533918255,-0.002881844380403458,103263,0.22042745223361707,456,137,74,63,0.5401459854014599,0.5219298245614035,74.0,0.5457664233576643,2,lendingclub_imb77,rf
3,0.3,random,0.7773995915588836,0.5194508009153318,0.04071018651362984,0.038901601830663615,124861,0.21996460063590711,507,153,88,65,0.5751633986928104,0.5463510848126233,88.0,0.5484313725490196,2,lendingclub_imb77,rf
4,0.3,random,0.7788812668509607,0.5191956124314442,0.04369230769230769,0.038391224862888484,146504,0.21972096325015017,442,133,74,59,0.556390977443609,0.5678733031674208,74.0,0.5495488721804511,2,lendingclub_imb77,rf
5,0.3,random,0.781919324131366,0.5047619047619047,0.04334196538094589,0.009523809523809525,168079,0.21935518416934893,539,162,85,77,0.5246913580246914,0.5250463821892394,85.0,0.5545061728395061,2,lendingclub_imb77,rf
6,0.3,random,0.7812722431655814,0.49142857142857144,0.04152082076041038,-0.017142857142857144,189665,0.21916009806764558,523,157,89,68,0.5668789808917197,0.5296367112810707,89.0,0.5531847133757961,2,lendingclub_imb77,rf
7,0.3,random,0.7824512402953986,0.5397039030955586,0.043351351351351354,0.07940780619111709,211236,0.21961692135810185,545,164,98,66,0.5975609756097561,0.563302752293578,98.0,0.551829268292683,2,lendingclub_imb77,rf
8,0.3,random,0.7841343469484173,0.5388235294117647,0.04526586281873888,0.07764705882352942,232830,0.21973113430399863,512,154,80,74,0.5194805194805194,0.55859375,80.0,0.5486363636363636,2,lendingclub_imb77,rf
9,0.3,random,0.7809810163895767,0.5314401622718052,0.0467564914785402,0.06288032454361055,254430,0.2203749557835161,504,152,93,59,0.6118421052631579,0.5615079365079365,93.0,0.5592105263157895,2,lendingclub_imb77,rf
10,0.3,random,0.7804528985507246,0.538,0.04411644116441164,0.076,276000,0.22013043478260869,547,165,91,74,0.5515151515151515,0.5283363802559415,91.0,0.551939393939394,2,lendingclub_imb77,rf
0,0.3,random,0.77875,0.5595238095238095,0.05251396648044693,0.11904761904761904,60000,0.22273333333333334,0,0,0,0,0.0,0.0,0.0,0.0,3,lendingclub_imb77,rf
1,0.3,random,0.7753614310218084,0.5481927710843374,0.049202487158691535,0.0963855421686747,81616,0.22162321113507155,480,144,75,69,0.5208333333333334,0.5,75.0,0.5501388888888888,3,lendingclub_imb77,rf
2,0.3,random,0.7788806042413092,0.5111111111111111,0.05025125628140704,0.022222222222222223,103270,0.22065459475162197,426,128,78,50,0.609375,0.5422535211267606,78.0,0.558046875,3,lendingclub_imb77,rf
3,0.3,random,0.7780491711379836,0.5447941888619855,0.04032258064516129,0.08958837772397095,124866,0.22032418752903113,509,153,88,65,0.5751633986928104,0.5579567779960707,88.0,0.5530718954248366,3,lendingclub_imb77,rf
4,0.3,random,0.7800716601262583,0.5486381322957199,0.04341801385681293,0.09727626459143969,146524,0.2201687095629385,421,127,73,54,0.5748031496062992,0.5961995249406176,73.0,0.5478740157480315,3,lendingclub_imb77,rf
5,0.3,random,0.7811189435174445,0.5378927911275416,0.039324324324324325,0.07578558225508318,168103,0.21981761182132384,533,160,86,74,0.5375,0.5422138836772983,86.0,0.5525,3,lendingclub_imb77,rf
6,0.3,random,0.7752391493398688,0.5354938271604939,0.040466472303207,0.07098765432098765,189733,0.2202410756167878,461,139,74,65,0.5323741007194245,0.5032537960954447,74.0,0.5570503597122303,3,lendingclub_imb77,rf
7,0.3,random,0.7796361571763147,0.516546762589928,0.03844506318269437,0.033093525179856115,211355,0.22008469163256134,472,142,72,70,0.5070422535211268,0.5423728813559322,72.0,0.5564788732394367,3,lendingclub_imb77,rf
8,0.3,random,0.7804365087881194,0.5413070283600493,0.04262963682268402,0.08261405672009864,232981,0.22049437507779604,466,140,85,55,0.6071428571428571,0.555793991416309,85.0,0.5495000000000001,3,lendingclub_imb77,rf
9,0.3,random,0.7806909012352953,0.5600448933782267,0.04426113180769913,0.12008978675645342,254593,0.220669853452373,487,147,80,67,0.54421768707483,0.5646817248459959,80.0,0.5504081632653061,3,lendingclub_imb77,rf
10,0.3,random,0.7808534134728533,0.5506653019447287,0.044083906915765324,0.10133060388945753,276185,0.22031971323569347,515,155,89,66,0.5741935483870968,0.5514563106796116,89.0,0.5470967741935483,3,lendingclub_imb77,rf
0,0.3,random,0.7698333333333334,0.5314685314685315,0.05467625899280575,0.06293706293706294,60000,0.22443333333333335,0,0,0,0,0.0,0.0,0.0,0.0,4,lendingclub_imb77,rf
1,0.3,random,0.7786081842685616,0.5384615384615384,0.05572330496843261,0.07692307692307693,81617,0.22231887964517197,479,144,77,67,0.5347222222222222,0.524008350730689,77.0,0.5521527777777777,4,lendingclub_imb77,rf
2,0.3,random,0.7784721213001986,0.5655339805825242,0.05035660255024854,0.13106796116504854,103212,0.2217959152036585,511,154,76,78,0.4935064935064935,0.547945205479452,76.0,0.5490259740259741,4,lendingclub_imb77,rf
3,0.3,random,0.7807467350372567,0.5623678646934461,0.04808387563268257,0.12473572938689217,124809,0.22173080466953504,508,153,85,68,0.5555555555555556,0.5511811023622047,85.0,0.5489542483660131,4,lendingclub_imb77,rf
4,0.3,random,0.7810066930747166,0.5350089766606823,0.04618722876627402,0.07001795332136446,146419,0.22105737643338638,489,147,79,68,0.5374149659863946,0.5276073619631901,79.0,0.5455102040816326,4,lendingclub_imb77,rf
5,0.3,random,0.77975836209975,0.5359019264448336,0.04111797903789304,0.07180385288966724,168017,0.22060267711005435,507,153,88,65,0.5751633986928104,0.5384615384615384,88.0,0.5491503267973856,4,lendingclub_imb77,rf
6,0.3,random,0.7759907190128404,0.5042016806722689,0.04234297812279464,0.008403361344537815,189633,0.22021483602537534,481,145,84,61,0.5793103448275863,0.5675675675675675,84.0,0.5502068965517242,4,lendingclub_imb77,rf
7,0.3,random,0.7766652464138617,0.5134788189987163,0.04230118443316413,0.026957637997432605,211227,0.22026540167686895,512,154,82,72,0.5324675324675324,0.556640625,82.0,0.5610389610389611,4,lendingclub_imb77,rf
8,0.3,random,0.7790090844662071,0.5482233502538071,0.04167470576885973,0.09644670050761421,232811,0.2205222261834707,526,158,83,75,0.5253164556962026,0.5247148288973384,83.0,0.5586708860759494,4,lendingclub_imb77,rf
9,0.3,random,0.7794764974060683,0.5207166853303471,0.04130029309885425,0.04143337066069429,254440,0.2204055966043075,462,139,76,63,0.5467625899280576,0.5714285714285714,76.0,0.548201438848921,4,lendingclub_imb77,rf
10,0.3,random,0.7809313361467823,0.5285412262156448,0.0411556506708371,0.05708245243128964,276055,0.22003223995218343,482,145,80,65,0.5517241379310345,0.578838174273859,80.0,0.5527586206896552,4,lendingclub_imb77,rf
0,0.5,random,0.7838333333333334,0.562874251497006,0.07132018209408195,0.12574850299401197,60000,0.22338333333333332,0,0,0,0,0.0,0.0,0.0,0.0,0,lendingclub_imb77,rf
1,0.5,random,0.781165809453833,0.506631299734748,0.05336686225202571,0.013262599469496022,81658,0.22247667099365648,589,295,163,132,0.5525423728813559,0.5212224108658744,163.0,0.555864406779661,0,lendingclub_imb77,rf
2,0.5,random,0.7797077607896264,0.5022123893805309,0.04983534577387486,0.004424778761061947,103339,0.22202653402877906,543,272,142,130,0.5220588235294118,0.5046040515653776,142.0,0.5480147058823529,0,lendingclub_imb77,rf
3,0.5,random,0.7756138526753579,0.5573440643863179,0.04887085391672548,0.11468812877263582,125029,0.2214286285581745,524,262,140,122,0.5343511450381679,0.5687022900763359,140.0,0.5524427480916031,0,lendingclub_imb77,rf
4,0.5,random,0.7808751363140676,0.5482758620689655,0.04902867715078631,0.09655172413793103,146717,0.22115364954299774,528,264,153,111,0.5795454545454546,0.5738636363636364,153.0,0.5531439393939395,0,lendingclub_imb77,rf
5,0.5,random,0.7836995249406176,0.5423976608187134,0.05052430886558627,0.0847953216374269,168396,0.22125822466091832,546,273,153,120,0.5604395604395604,0.554945054945055,153.0,0.5527472527472528,0,lendingclub_imb77,rf
6,0.5,random,0.7825915404040404,0.5381578947368421,0.049140934759101286,0.07631578947368421,190077,0.22107882594948364,543,272,149,123,0.5477941176470589,0.574585635359116,149.0,0.5497426470588235,0,lendingclub_imb77,rf
7,0.5,random,0.784412334136091,0.5382716049382716,0.0474273904057435,0.07654320987654321,211766,0.2211922593806371,526,263,140,123,0.532319391634981,0.5361216730038023,140.0,0.5532699619771864,0,lendingclub_imb77,rf
8,0.5,random,0.7815806382523024,0.5614973262032086,0.05090662270920198,0.12299465240641712,233446,0.2208604987877282,545,273,140,133,0.5128205128205128,0.5211009174311927,140.0,0.5526373626373626,0,lendingclub_imb77,rf
9,0.5,random,0.7804801567858892,0.5121212121212121,0.045167037861915366,0.024242424242424242,255125,0.22077413032827045,547,274,151,123,0.551094890510949,0.5758683729433273,151.0,0.552043795620438,0,lendingclub_imb77,rf
10,0.5,random,0.7821249232325421,0.5278293135435993,0.046939448935819174,0.055658627087198514,276810,0.22095300025288103,535,268,140,128,0.5223880597014925,0.525233644859813,140.0,0.5494402985074627,0,lendingclub_imb77,rf
0,0.5,random,0.7800833333333334,0.5563139931740614,0.06100299401197605,0.11262798634812286,60000,0.22658333333333333,0,0,0,0,0.0,0.0,0.0,0.0,1,lendingclub_imb77,rf
1,0.5,random,0.7744660015912846,0.5178571428571429,0.05487969721546364,0.03571428571428571,81694,0.22485127426738805,516,258,135,123,0.5232558139534884,0.5310077519379846,135.0,0.5537209302325582,1,lendingclub_imb77,rf
2,0.5,random,0.7760688721222674,0.5676959619952494,0.05099210582462129,0.13539192399049882,103377,0.22230283331882333,538,269,140,129,0.5204460966542751,0.5260223048327137,140.0,0.5535687732342007,1,lendingclub_imb77,rf
3,0.5,random,0.7779154839483469,0.5200764818355641,0.04878048780487805,0.040152963671128104,125065,0.22246831647543278,529,265,148,117,0.5584905660377358,0.5406427221172023,148.0,0.5476603773584906,1,lendingclub_imb77,rf
4,0.5,random,0.777573341510784,0.534965034965035,0.04658952496954933,0.06993006993006994,146745,0.22181334968823468,545,273,135,138,0.4945054945054945,0.5009174311926605,135.0,0.556996336996337,1,lendingclub_imb77,rf
5,0.5,random,0.7802380457688997,0.5386779184247539,0.05134736559860571,0.07735583684950774,168451,0.22144124997773834,493,247,150,97,0.6072874493927125,0.5740365111561866,150.0,0.5563157894736843,1,lendingclub_imb77,rf
6,0.5,random,0.7800914970815586,0.5457142857142857,0.045325106786900805,0.09142857142857143,190168,0.22122544276639602,470,235,127,108,0.5404255319148936,0.5212765957446809,127.0,0.5567234042553191,1,lendingclub_imb77,rf
7,0.5,random,0.7831555597508023,0.5506024096385542,0.04928286422948345,0.10120481927710843,211877,0.2212368496816549,487,244,125,119,0.5122950819672131,0.5297741273100616,125.0,0.5526639344262296,1,lendingclub_imb77,rf
8,0.5,random,0.780712833137108,0.5287588294651867,0.050868847684690806,0.05751765893037336,233572,0.2211438014830545,515,258,140,118,0.5426356589147286,0.5825242718446602,140.0,0.5564728682170542,1,lendingclub_imb77,rf
9,0.5,random,0.781913643131416,0.5512143611404435,0.046486775313919315,0.10242872228088701,255220,0.22109552542904162,609,305,158,147,0.5180327868852459,0.5320197044334976,158.0,0.5533770491803278,1,lendingclub_imb77,rf
10,0.5,random,0.7799544994944388,0.5432780847145487,0.0480416904160899,0.0865561694290976,276917,0.22117818696576952,511,256,134,122,0.5234375,0.5244618395303327,134.0,0.5530468749999999,1,lendingclub_imb77,rf
0,0.5,random,0.7753333333333333,0.5,0.04896142433234421,0.0,60000,0.2216,0,0,0,0,0.0,0.0,0.0,0.0,2,lendingclub_imb77,rf
1,0.5,random,0.7788926277148975,0.5202492211838006,0.04604356217259443,0.040498442367601244,81722,0.22069944445804068,460,230,112,118,0.48695652173913045,0.5130434782608696,112.0,0.5486521739130434,2,lendingclub_imb77,rf
2,0.5,random,0.7768003866602223,0.4852216748768473,0.042770299609205385,-0.029556650246305417,103448,0.22092258912690435,452,226,119,107,0.5265486725663717,0.5353982300884956,119.0,0.5467256637168141,2,lendingclub_imb77,rf
3,0.5,random,0.7766590754724519,0.5085836909871244,0.04233654876741694,0.017167381974248927,125144,0.22061784823882888,512,256,137,119,0.53515625,0.53515625,137.0,0.5494140625,2,lendingclub_imb77,rf
4,0.5,random,0.7804711970584229,0.4957410562180579,0.04516529566971907,-0.008517887563884156,146860,0.22052294702437697,472,236,136,100,0.576271186440678,0.5529661016949152,136.0,0.5578389830508474,2,lendingclub_imb77,rf
5,0.5,random,0.7791884195538681,0.5337423312883436,0.046474358974358976,0.06748466257668712,168558,0.2202743269379086,509,255,140,115,0.5490196078431373,0.5383104125736738,140.0,0.5543529411764706,2,lendingclub_imb77,rf
6,0.5,random,0.7838952984152847,0.5187667560321716,0.04690340564780027,0.03753351206434316,190253,0.22009114179539876,515,258,142,116,0.5503875968992248,0.5514563106796116,142.0,0.5513953488372093,2,lendingclub_imb77,rf
7,0.5,random,0.7766559728250614,0.5423122765196663,0.04769892022224552,0.08462455303933254,211957,0.22069570714814798,497,249,139,110,0.5582329317269076,0.5372233400402414,139.0,0.551566265060241,2,lendingclub_imb77,rf
8,0.5,random,0.7816578936106475,0.5202913631633714,0.048813824074978036,0.04058272632674298,233668,0.2208988821747094,483,242,135,107,0.5578512396694215,0.5610766045548654,135.0,0.5501239669421487,2,lendingclub_imb77,rf
9,0.5,random,0.7791462698257294,0.5363724539282251,0.04870530209617756,0.07274490785645005,255347,0.22151816939302205,546,273,170,103,0.6227106227106227,0.5915750915750916,170.0,0.5523443223443224,2,lendingclub_imb77,rf
10,0.5,random,0.7782309733075854,0.5317972350230414,0.04669418143562353,0.06359447004608294,277042,0.2212480418131547,515,258,135,123,0.5232558139534884,0.5592233009708738,135.0,0.5506589147286821,2,lendingclub_imb77,rf
0,0.5,random,0.77875,0.5595238095238095,0.05251396648044693,0.11904761904761904,60000,0.22273333333333334,0,0,0,0,0.0,0.0,0.0,0.0,3,lendingclub_imb77,rf
1,0.5,random,0.77904913418589,0.5580110497237569,0.05529701615110868,0.11602209944751381,81712,0.22195026434305853,480,240,123,117,0.5125,0.5,123.0,0.5469583333333332,3,lendingclub_imb77,rf
2,0.5,random,0.7794537104181775,0.5653266331658291,0.04876462938881664,0.1306532663316583,103422,0.2210941579161107,485,243,139,104,0.5720164609053497,0.5381443298969072,139.0,0.5537860082304527,3,lendingclub_imb77,rf
3,0.5,random,0.7788077353364232,0.5454545454545454,0.047311827956989246,0.09090909090909091,125139,0.22107416552793294,470,235,135,100,0.574468085106383,0.5446808510638298,135.0,0.5506808510638298,3,lendingclub_imb77,rf
4,0.5,random,0.7793932377677143,0.5665399239543726,0.04550313024889296,0.13307984790874525,146845,0.22097449691851953,493,247,144,103,0.582995951417004,0.5821501014198783,144.0,0.5519433198380567,3,lendingclub_imb77,rf
5,0.5,random,0.7799632134804794,0.5458715596330275,0.04774642236190986,0.09174311926605505,168536,0.22074215597854463,522,261,135,126,0.5172413793103449,0.5287356321839081,135.0,0.5512643678160919,3,lendingclub_imb77,rf
6,0.5,random,0.7759875942912713,0.5524691358024691,0.041671516703526944,0.10493827160493827,190233,0.22114459636340697,510,255,152,103,0.596078431372549,0.5470588235294118,152.0,0.5546274509803923,3,lendingclub_imb77,rf
7,0.5,random,0.7810045058859609,0.5755208333333334,0.04702627939142462,0.15104166666666666,211945,0.22107150439972634,480,240,138,102,0.575,0.5520833333333334,138.0,0.5525416666666667,3,lendingclub_imb77,rf
8,0.5,random,0.7816150982154321,0.5696055684454756,0.047549874104202985,0.13921113689095127,233668,0.22142954961740588,458,229,121,108,0.5283842794759825,0.5764192139737991,121.0,0.54882096069869,3,lendingclub_imb77,rf
9,0.5,random,0.7811386506910999,0.5581151832460733,0.04720992028343667,0.1162303664921466,255387,0.2216440147697416,467,234,137,97,0.5854700854700855,0.5952890792291221,137.0,0.5447435897435898,3,lendingclub_imb77,rf
10,0.5,random,0.7830449140155548,0.5519176800748363,0.04862370199439591,0.1038353601496726,277082,0.22130271905067814,514,257,131,126,0.5097276264591439,0.5447470817120622,131.0,0.5510894941634241,3,lendingclub_imb77,rf
0,0.5,random,0.7698333333333334,0.5314685314685315,0.05467625899280575,0.06293706293706294,60000,0.22443333333333335,0,0,0,0,0.0,0.0,0.0,0.0,4,lendingclub_imb77,rf
1,0.5,random,0.773786942421832,0.5552325581395349,0.051137884872824634,0.11046511627906977,81713,0.2227797290516809,479,240,136,104,0.5666666666666667,0.524008350730689,136.0,0.5539999999999999,4,lendingclub_imb77,rf
2,0.5,random,0.7794537104181775,0.5573770491803278,0.05161570158317068,0.11475409836065574,103421,0.22260469343750303,489,245,130,115,0.5306122448979592,0.5378323108384458,130.0,0.5591836734693878,4,lendingclub_imb77,rf
3,0.5,random,0.7829683503836317,0.5563636363636364,0.05570726379027854,0.11272727272727273,125119,0.22260408091496894,508,254,130,124,0.5118110236220472,0.5452755905511811,130.0,0.5535433070866141,4,lendingclub_imb77,rf
4,0.5,random,0.7812553213227531,0.5266666666666666,0.04895429899302866,0.05333333333333334,146813,0.22198987828053374,516,258,134,124,0.5193798449612403,0.5174418604651163,134.0,0.5548449612403101,4,lendingclub_imb77,rf
5,0.5,random,0.7799501572420341,0.5406562054208274,0.05070912496655071,0.08131241084165478,168526,0.2216097219420149,479,240,124,116,0.5166666666666667,0.524008350730689,124.0,0.554,4,lendingclub_imb77,rf
6,0.5,random,0.7800525624178712,0.5674232309746329,0.050177095631641085,0.1348464619492657,190249,0.221320480002523,458,229,128,101,0.5589519650655022,0.5524017467248908,128.0,0.5561135371179039,4,lendingclub_imb77,rf
7,0.5,random,0.7795366613192413,0.5266343825665859,0.046330812653104694,0.053268765133171914,211936,0.22139230711158087,530,265,140,125,0.5283018867924528,0.5547169811320755,140.0,0.550188679245283,4,lendingclub_imb77,rf
8,0.5,random,0.7796875,0.5394594594594595,0.04813814393208567,0.07891891891891892,233600,0.2216095890410959,576,288,142,146,0.4930555555555556,0.5243055555555556,142.0,0.5539930555555556,4,lendingclub_imb77,rf
9,0.5,random,0.7782847966158125,0.5212876427829699,0.04418236226016546,0.04257528556593977,255301,0.2215189129693969,502,251,146,105,0.5816733067729084,0.5737051792828686,146.0,0.550199203187251,4,lendingclub_imb77,rf
10,0.5,random,0.7783754512635379,0.5261707988980716,0.046453182002432106,0.05234159779614325,276997,0.2212117820770622,512,256,147,109,0.57421875,0.55859375,147.0,0.5513671874999999,4,lendingclub_imb77,rf
0,0.75,random,0.7838333333333334,0.562874251497006,0.07132018209408195,0.12574850299401197,60000,0.22338333333333332,0,0,0,0,0.0,0.0,0.0,0.0,0,lendingclub_imb77,rf
1,0.75,random,0.777764195342583,0.5190476190476191,0.059693318729463304,0.0380952380952381,81805,0.22292035939123525,589,442,232,210,0.5248868778280543,0.5212224108658744,232.0,0.5574886877828054,0,lendingclub_imb77,rf
2,0.75,random,0.7797346200241254,0.5427350427350427,0.05515743756786102,0.08547008547008547,103625,0.22267792521109772,531,399,210,189,0.5263157894736842,0.527306967984934,210.0,0.5518546365914787,0,lendingclub_imb77,rf
3,0.75,random,0.7769010043041606,0.556640625,0.05038896746817539,0.11328125,125458,0.22241706387795118,476,357,192,165,0.5378151260504201,0.5504201680672269,192.0,0.5535574229691876,0,lendingclub_imb77,rf
4,0.75,random,0.77729494839761,0.521870286576169,0.0525117620276218,0.043740573152337855,147277,0.22236330180544145,533,400,217,183,0.5425,0.5328330206378987,217.0,0.552725,0,lendingclub_imb77,rf
5,0.75,random,0.7802880208179318,0.5238726790450928,0.05290650950977766,0.04774535809018567,169084,0.22254619005937876,583,438,244,194,0.5570776255707762,0.5591766723842195,244.0,0.5504337899543379,0,lendingclub_imb77,rf
6,0.75,random,0.776930934234305,0.5141176470588236,0.05116496897318815,0.02823529411764706,190901,0.22251847816407458,540,405,226,179,0.5580246913580247,0.5592592592592592,226.0,0.5555308641975308,0,lendingclub_imb77,rf
7,0.75,random,0.7801100037608123,0.556390977443609,0.054756871035940805,0.11278195488721804,212716,0.22267718460294478,551,414,216,198,0.5217391304347826,0.5245009074410163,216.0,0.5557246376811594,0,lendingclub_imb77,rf
8,0.75,random,0.7787750229176882,0.5298507462686567,0.05440091945215975,0.05970149253731343,234534,0.22237287557454355,537,403,221,182,0.5483870967741935,0.5512104283054003,221.0,0.5590322580645161,0,lendingclub_imb77,rf
9,0.75,random,0.7796025043396853,0.5458593054318789,0.053757783039551,0.0917186108637578,256351,0.2223357817991738,541,406,213,193,0.5246305418719212,0.55637707948244,213.0,0.5523152709359607,0,lendingclub_imb77,rf
10,0.75,random,0.7806618611925006,0.5315666406858924,0.05552389481397053,0.06313328137178488,278154,0.22256375964393826,599,450,233,217,0.5177777777777778,0.5008347245409015,233.0,0.5503333333333333,0,lendingclub_imb77,rf
0,0.75,random,0.7800833333333334,0.5563139931740614,0.06100299401197605,0.11262798634812286,60000,0.22658333333333333,0,0,0,0,0.0,0.0,0.0,0.0,1,lendingclub_imb77,rf
1,0.75,random,0.7777574091047968,0.576530612244898,0.0611306464701109,0.15306122448979592,81823,0.22535228480989453,516,387,205,182,0.5297157622739018,0.5310077519379846,205.0,0.5551679586563307,1,lendingclub_imb77,rf
2,0.75,random,0.7750385951370128,0.5268817204301075,0.05226109215017065,0.053763440860215055,103640,0.2231763797761482,541,406,211,195,0.5197044334975369,0.5083179297597042,211.0,0.5595073891625616,1,lendingclub_imb77,rf
3,0.75,random,0.7814617039929864,0.5561497326203209,0.056246619794483504,0.11229946524064172,125466,0.2235665439242504,506,380,225,155,0.5921052631578947,0.5632411067193676,225.0,0.552921052631579,1,lendingclub_imb77,rf
4,0.75,random,0.7776419866245714,0.5623100303951368,0.05579010856453558,0.12462006079027356,147282,0.2230686709849133,545,409,221,188,0.5403422982885085,0.5174311926605505,221.0,0.5530073349633252,1,lendingclub_imb77,rf
5,0.75,random,0.7774591254471809,0.5328767123287671,0.051353135313531355,0.06575342465753424,169113,0.22277412144542408,486,365,215,150,0.589041095890411,0.5761316872427984,215.0,0.5559452054794521,1,lendingclub_imb77,rf
6,0.75,random,0.7776788519953912,0.5306122448979592,0.054775280898876406,0.061224489795918366,190936,0.22253529978631584,519,390,211,179,0.541025641025641,0.5414258188824663,211.0,0.5546923076923077,1,lendingclub_imb77,rf
7,0.75,random,0.7786708027824779,0.5544871794871795,0.054516806722689076,0.10897435897435898,212760,0.22255123143448016,514,386,196,190,0.5077720207253886,0.5330739299610895,196.0,0.5578756476683937,1,lendingclub_imb77,rf
8,0.75,random,0.7785664045015666,0.5441441441441441,0.05759511776485172,0.08828828828828829,234582,0.22256183338875105,520,390,221,169,0.5666666666666667,0.5769230769230769,221.0,0.5551282051282052,1,lendingclub_imb77,rf
9,0.75,random,0.7794461778471139,0.5537488708220416,0.053635488669174905,0.10749774164408311,256398,0.22259534005725473,545,409,208,201,0.508557457212714,0.5229357798165137,208.0,0.5589975550122249,1,lendingclub_imb77,rf
10,0.75,random,0.7774562838092842,0.5248796147672552,0.052551225391723584,0.04975922953451043,278214,0.2227134507968686,544,408,230,178,0.5637254901960784,0.5422794117647058,230.0,0.5548039215686275,1,lendingclub_imb77,rf
0,0.75,random,0.7753333333333333,0.5,0.04896142433234421,0.0,60000,0.2216,0,0,0,0,0.0,0.0,0.0,0.0,2,lendingclub_imb77,rf
1,0.75,random,0.7758431085043989,0.501466275659824,0.04659400544959128,0.002932551319648094,81837,0.22119579163459072,460,345,178,167,0.5159420289855072,0.5130434782608696,178.0,0.5522608695652174,2,lendingclub_imb77,rf
2,0.75,random,0.7765131420303835,0.5542168674698795,0.04915580252190639,0.10843373493975904,103671,0.221643468279461,473,355,181,174,0.5098591549295775,0.5200845665961945,181.0,0.549887323943662,2,lendingclub_imb77,rf
3,0.75,random,0.7791545479899598,0.5029469548133595,0.04615939415795168,0.005893909626719057,125495,0.2215466751663413,512,384,201,183,0.5234375,0.5234375,201.0,0.5526302083333333,2,lendingclub_imb77,rf
4,0.75,random,0.7826500135758893,0.5299539170506913,0.05354648455688344,0.059907834101382486,147319,0.2215396520475974,515,387,211,176,0.5452196382428941,0.541747572815534,211.0,0.553359173126615,2,lendingclub_imb77,rf
5,0.75,random,0.7794365447719277,0.5062413314840499,0.048862115127175365,0.012482662968099861,169133,0.22136425180183641,554,416,228,188,0.5480769230769231,0.5451263537906137,228.0,0.5538221153846153,2,lendingclub_imb77,rf
6,0.75,random,0.7817867616254713,0.532319391634981,0.05008944543828265,0.06463878326996197,190958,0.22129997172153038,508,381,211,170,0.5538057742782152,0.547244094488189,211.0,0.5544356955380577,2,lendingclub_imb77,rf
7,0.75,random,0.7761590337664779,0.5262054507337526,0.05242272347535505,0.05241090146750524,212784,0.22191518159260096,505,379,210,169,0.554089709762533,0.5584158415841585,210.0,0.5526912928759894,2,lendingclub_imb77,rf
8,0.75,random,0.7793052003410059,0.5325987144168962,0.05563015538077882,0.06519742883379247,234599,0.2221578097093338,551,414,228,186,0.5507246376811594,0.5535390199637024,228.0,0.5551690821256039,2,lendingclub_imb77,rf
9,0.75,random,0.7795998752047422,0.5453795379537953,0.05791641111013756,0.09075907590759076,256418,0.22280417131402633,532,399,220,179,0.5513784461152882,0.5770676691729323,220.0,0.5526065162907269,2,lendingclub_imb77,rf
10,0.75,random,0.781303910293272,0.5664221678891606,0.056352874402010866,0.1328443357783211,278239,0.22267546965019283,525,394,218,176,0.5532994923857868,0.5257142857142857,218.0,0.5567005076142132,2,lendingclub_imb77,rf
0,0.75,random,0.77875,0.5595238095238095,0.05251396648044693,0.11904761904761904,60000,0.22273333333333334,0,0,0,0,0.0,0.0,0.0,0.0,3,lendingclub_imb77,rf
1,0.75,random,0.7756461171870227,0.5504587155963303,0.048582995951417005,0.10091743119266056,81832,0.2223824420764493,480,360,185,175,0.5138888888888888,0.5,185.0,0.5514166666666667,3,lendingclub_imb77,rf
2,0.75,random,0.7785655717937587,0.5266990291262136,0.04704097116843703,0.05339805825242718,103665,0.22173346838373606,479,360,180,180,0.5,0.5093945720250522,180.0,0.5525,3,lendingclub_imb77,rf
3,0.75,random,0.7783665338645418,0.6012526096033403,0.05088339222614841,0.20250521920668058,125496,0.22184770829349143,485,364,192,172,0.5274725274725275,0.5298969072164949,192.0,0.555,3,lendingclub_imb77,rf
4,0.75,random,0.7823062304873083,0.5742049469964664,0.050007693491306356,0.14840989399293286,147339,0.22198467479757567,438,329,197,132,0.5987841945288754,0.589041095890411,197.0,0.5469300911854104,3,lendingclub_imb77,rf
5,0.75,random,0.7776595430226715,0.5261707988980716,0.05052910052910053,0.05234159779614325,169155,0.22187934143241406,544,408,223,185,0.5465686274509803,0.5386029411764706,223.0,0.5502941176470588,3,lendingclub_imb77,rf
6,0.75,random,0.7804801424195618,0.5590062111801242,0.05306603773584906,0.11801242236024845,190982,0.22229843650186928,501,376,199,177,0.5292553191489362,0.5369261477045908,199.0,0.5551329787234043,3,lendingclub_imb77,rf
7,0.75,random,0.7785531354996358,0.5575539568345323,0.04883940762524945,0.11510791366906475,212801,0.22222170008599584,534,401,221,180,0.5511221945137157,0.5617977528089888,221.0,0.5496758104738155,3,lendingclub_imb77,rf
8,0.75,random,0.7818573133310603,0.5772994129158513,0.05675805675805676,0.15459882583170254,234638,0.22268771469241982,461,346,209,137,0.6040462427745664,0.5986984815618221,209.0,0.5510115606936418,3,lendingclub_imb77,rf
9,0.75,random,0.7801411526163924,0.5532900834105653,0.05240519662921348,0.10658016682113068,256458,0.22295268620982772,531,399,227,172,0.568922305764411,0.5743879472693032,227.0,0.5491979949874687,3,lendingclub_imb77,rf
10,0.75,random,0.7804509927230258,0.5515342250196695,0.05676113360323887,0.10306845003933911,278274,0.222686991957567,544,408,216,192,0.5294117647058824,0.53125,216.0,0.5500980392156862,3,lendingclub_imb77,rf
0,0.75,random,0.7698333333333334,0.5314685314685315,0.05467625899280575,0.06293706293706294,60000,0.22443333333333335,0,0,0,0,0.0,0.0,0.0,0.0,4,lendingclub_imb77,rf
1,0.75,random,0.7733243722123786,0.5949008498583569,0.05559968228752978,0.18980169971671387,81833,0.22306404506739336,479,360,186,174,0.5166666666666667,0.524008350730689,186.0,0.5563611111111112,4,lendingclub_imb77,rf
2,0.75,random,0.7761273209549071,0.5642701525054467,0.05509466071048713,0.12854030501089325,103675,0.22322642874367013,443,333,183,150,0.5495495495495496,0.5530474040632054,183.0,0.5509609609609609,4,lendingclub_imb77,rf
3,0.75,random,0.7744133232399697,0.5404929577464789,0.05378416257883672,0.08098591549295775,125494,0.22349275662581478,535,402,206,196,0.5124378109452736,0.5214953271028038,206.0,0.5491293532338308,4,lendingclub_imb77,rf
4,0.75,random,0.7791013371343243,0.5487421383647799,0.053112159488662304,0.09748427672955975,147326,0.22298847453945672,482,362,189,173,0.5220994475138122,0.5311203319502075,189.0,0.55146408839779,4,lendingclub_imb77,rf
5,0.75,random,0.7789371009694963,0.5638998682476943,0.056494192185850056,0.12779973649538867,169160,0.22270631354930243,472,354,183,171,0.5169491525423728,0.5190677966101694,183.0,0.5501977401129943,4,lendingclub_imb77,rf
6,0.75,random,0.7771814540408932,0.5238649592549476,0.052619270346117866,0.047729918509895226,190985,0.2224415530015446,508,381,210,171,0.5511811023622047,0.5590551181102362,210.0,0.5535170603674541,4,lendingclub_imb77,rf
7,0.75,random,0.7801560077064048,0.5386243386243387,0.053976670201484625,0.07724867724867725,212810,0.2227010008928152,508,381,231,150,0.6062992125984252,0.5708661417322834,231.0,0.5560367454068242,4,lendingclub_imb77,rf
8,0.75,random,0.7802616997698406,0.5358898721730581,0.052484591679506934,0.07177974434611603,234618,0.22299653053047933,576,432,231,201,0.5347222222222222,0.5416666666666666,231.0,0.5508333333333334,4,lendingclub_imb77,rf
9,0.75,random,0.7805615129654904,0.5291734197730956,0.05764986315882405,0.05834683954619125,256446,0.22297091785405115,499,375,229,146,0.6106666666666667,0.593186372745491,229.0,0.5522933333333334,4,lendingclub_imb77,rf
10,0.75,random,0.7765798788924226,0.5268987341772152,0.0532714765637498,0.05379746835443038,278263,0.22268860754034853,541,406,214,192,0.5270935960591133,0.532347504621072,214.0,0.5551970443349754,4,lendingclub_imb77,rf
0,1.0,random,0.7838333333333334,0.562874251497006,0.07132018209408195,0.12574850299401197,60000,0.22338333333333332,0,0,0,0,0.0,0.0,0.0,0.0,0,lendingclub_imb77,rf
1,1.0,random,0.7778048929290464,0.5351351351351351,0.0539803707742639,0.07027027027027027,81952,0.22343566966028894,589,589,307,282,0.5212224108658744,0.5212224108658744,307.0,0.5568760611205433,0,lendingclub_imb77,rf
2,1.0,random,0.7769597228237333,0.5274725274725275,0.05150214592274678,0.054945054945054944,103904,0.2234755158607946,528,528,264,264,0.5,0.5,264.0,0.5481060606060606,0,lendingclub_imb77,rf
3,1.0,random,0.7792785634832353,0.5579710144927537,0.054804270462633455,0.11594202898550725,125856,0.22342200610221205,464,464,250,214,0.5387931034482759,0.5387931034482759,250.0,0.5517672413793103,0,lendingclub_imb77,rf
4,1.0,random,0.7826601718422299,0.5455801104972375,0.06085348944692651,0.09116022099447514,147808,0.22347234249837628,538,538,321,217,0.5966542750929368,0.5966542750929368,321.0,0.5521747211895911,0,lendingclub_imb77,rf
5,1.0,random,0.7814856267672008,0.5306859205776173,0.05903614457831325,0.061371841155234655,169760,0.22380419415645617,607,607,332,275,0.5469522240527183,0.5469522240527183,332.0,0.5560626029654036,0,lendingclub_imb77,rf
6,1.0,random,0.7801945596327883,0.5281342546890424,0.06305244549204478,0.0562685093780849,191712,0.2238722667334335,549,549,308,241,0.5610200364298725,0.5610200364298725,308.0,0.5517668488160291,0,lendingclub_imb77,rf
7,1.0,random,0.7805443100180188,0.5498602050326188,0.06220347917764892,0.09972041006523766,213664,0.22409016025161,550,550,291,259,0.5290909090909091,0.5290909090909091,291.0,0.5525818181818181,0,lendingclub_imb77,rf
8,1.0,random,0.7789236906883966,0.5372035977105478,0.06251784184984299,0.07440719542109567,235616,0.22384727692516637,567,567,308,259,0.5432098765432098,0.5432098765432098,308.0,0.5575132275132275,0,lendingclub_imb77,rf
9,1.0,random,0.7788562332569787,0.5417607223476298,0.0625923672085543,0.0835214446952596,257568,0.22390980245993292,559,559,317,242,0.5670840787119857,0.5670840787119857,317.0,0.5553309481216457,0,lendingclub_imb77,rf
10,1.0,random,0.7781375214653692,0.5256660168940871,0.06481333119692358,0.051332033788174136,279520,0.22413423010875788,612,612,316,296,0.5163398692810458,0.5163398692810458,316.0,0.5536111111111112,0,lendingclub_imb77,rf
0,1.0,random,0.7800833333333334,0.5563139931740614,0.06100299401197605,0.11262798634812286,60000,0.22658333333333333,0,0,0,0,0.0,0.0,0.0,0.0,1,lendingclub_imb77,rf
1,1.0,random,0.7748764565920322,0.49777777777777776,0.06073752711496746,-0.0044444444444444444,81952,0.2258395158141351,516,516,274,242,0.5310077519379846,0.5310077519379846,274.0,0.5538759689922481,1,lendingclub_imb77,rf
2,1.0,random,0.7778740195370771,0.5720524017467249,0.05595899188381034,0.14410480349344978,103904,0.22388935940868493,581,581,288,293,0.49569707401032703,0.49569707401032703,288.0,0.5586402753872634,1,lendingclub_imb77,rf
3,1.0,random,0.7793182901636739,0.5833333333333334,0.058240396530359353,0.16666666666666666,125856,0.22440725908975337,510,510,276,234,0.5411764705882353,0.5411764705882353,276.0,0.5531960784313725,1,lendingclub_imb77,rf
4,1.0,random,0.7784317705162033,0.5256410256410257,0.0622154779969651,0.05128205128205128,147808,0.22399328859060402,529,529,283,246,0.5349716446124764,0.5349716446124764,283.0,0.5539886578449905,1,lendingclub_imb77,rf
5,1.0,random,0.7768025447690857,0.5537383177570093,0.06179921773142112,0.10747663551401869,169760,0.22380419415645617,506,506,269,237,0.5316205533596838,0.5316205533596838,269.0,0.5553754940711463,1,lendingclub_imb77,rf
6,1.0,random,0.7753175286232168,0.5281767955801105,0.055158089083775674,0.056353591160221,191712,0.22366362043064597,516,516,282,234,0.5465116279069767,0.5465116279069767,282.0,0.5564728682170542,1,lendingclub_imb77,rf
7,1.0,random,0.7784382093464067,0.5697445972495089,0.060353798126951096,0.13948919449901767,213664,0.22379530477759474,511,511,275,236,0.538160469667319,0.538160469667319,275.0,0.555812133072407,1,lendingclub_imb77,rf
8,1.0,random,0.7771623801035565,0.5539983511953833,0.06320541760722348,0.1079967023907667,235616,0.2239024514464213,533,533,303,230,0.5684803001876173,0.5684803001876173,303.0,0.5542776735459662,1,lendingclub_imb77,rf
9,1.0,random,0.7767014792095353,0.5395033860045146,0.06176774638180565,0.07900677200902935,257568,0.22400298173686173,585,585,310,275,0.5299145299145299,0.5299145299145299,310.0,0.5548034188034188,1,lendingclub_imb77,rf
10,1.0,random,0.7783342873497424,0.5473546701502287,0.0668421472441573,0.09470934030045722,279520,0.22413423010875788,561,561,302,259,0.5383244206773619,0.5383244206773619,302.0,0.5562745098039216,1,lendingclub_imb77,rf
0,1.0,random,0.7753333333333333,0.5,0.04896142433234421,0.0,60000,0.2216,0,0,0,0,0.0,0.0,0.0,0.0,2,lendingclub_imb77,rf
1,1.0,random,0.7742663656884876,0.5538461538461539,0.04819277108433735,0.1076923076923077,81952,0.22159312768449824,460,460,236,224,0.5130434782608696,0.5130434782608696,236.0,0.5509565217391303,2,lendingclub_imb77,rf
2,1.0,random,0.7771040854626823,0.5429184549356223,0.054152397260273974,0.08583690987124463,103904,0.2223302279026794,492,492,268,224,0.5447154471544715,0.5447154471544715,268.0,0.5473373983739837,2,lendingclub_imb77,rf
3,1.0,random,0.7765771492134117,0.5418181818181819,0.05255731922398589,0.08363636363636363,125856,0.22242086193745234,526,526,290,236,0.5513307984790875,0.5513307984790875,290.0,0.5526996197718632,2,lendingclub_imb77,rf
4,1.0,random,0.779514241255666,0.5060080106809078,0.05806649302895664,0.012016021361815754,147808,0.2225522299198961,498,498,267,231,0.536144578313253,0.536144578313253,267.0,0.549859437751004,2,lendingclub_imb77,rf
5,1.0,random,0.7780101319509897,0.5145118733509235,0.05159412620717026,0.029023746701846966,169760,0.222502356267672,565,565,317,248,0.5610619469026549,0.5610619469026549,317.0,0.5563716814159293,2,lendingclub_imb77,rf
6,1.0,random,0.7784732545705866,0.5616139585605234,0.059835018008597654,0.12322791712104689,191712,0.22251084960774495,554,554,319,235,0.575812274368231,0.575812274368231,319.0,0.5505595667870036,2,lendingclub_imb77,rf
7,1.0,random,0.7773851590106007,0.532319391634981,0.05844901367289427,0.06463878326996197,213664,0.22320559382956418,557,557,299,258,0.5368043087971275,0.5368043087971275,299.0,0.5523339317773788,2,lendingclub_imb77,rf
8,1.0,random,0.7807062218826925,0.5519591141396933,0.06197398622800306,0.10391822827938671,235616,0.2235247181855222,576,576,346,230,0.6006944444444444,0.6006944444444444,346.0,0.5533854166666666,2,lendingclub_imb77,rf
9,1.0,random,0.7791085918391117,0.5508666164280331,0.06348792774014243,0.10173323285606632,257568,0.22427475462790408,551,551,315,236,0.5716878402903811,0.5716878402903811,315.0,0.5568784029038113,2,lendingclub_imb77,rf
10,1.0,random,0.7781017458500287,0.5320600272851296,0.06240499239939195,0.06412005457025921,279520,0.22413423010875788,528,528,291,237,0.5511363636363636,0.5511363636363636,291.0,0.5542613636363636,2,lendingclub_imb77,rf
0,1.0,random,0.77875,0.5595238095238095,0.05251396648044693,0.11904761904761904,60000,0.22273333333333334,0,0,0,0,0.0,0.0,0.0,0.0,3,lendingclub_imb77,rf
1,1.0,random,0.7771948020255018,0.5519287833827893,0.05044751830756713,0.10385756676557864,81952,0.22272793830534948,480,480,240,240,0.5,0.5,240.0,0.5503125,3,lendingclub_imb77,rf
2,1.0,random,0.7793176459265675,0.5327102803738317,0.0494148244473342,0.06542056074766354,103904,0.22236872497690174,469,469,250,219,0.5330490405117271,0.5330490405117271,250.0,0.5506396588486141,3,lendingclub_imb77,rf
3,1.0,random,0.7796758302876212,0.5492957746478874,0.05569439485897894,0.09859154929577464,125856,0.22267512077294685,484,484,267,217,0.5516528925619835,0.5516528925619835,267.0,0.5532438016528926,3,lendingclub_imb77,rf
4,1.0,random,0.7805967119951289,0.5766871165644172,0.05709079866383237,0.15337423312883436,147808,0.22293786533881793,455,455,255,200,0.5604395604395604,0.5604395604395604,255.0,0.5494065934065935,3,lendingclub_imb77,rf
5,1.0,random,0.7772148916116871,0.5792276964047937,0.05661850839515814,0.1584553928095872,169760,0.2229441564561734,580,580,312,268,0.5379310344827586,0.5379310344827586,312.0,0.5509999999999999,3,lendingclub_imb77,rf
6,1.0,random,0.7757608950786323,0.5535924617196702,0.054091379905627804,0.1071849234393404,191712,0.22346019028542813,487,487,247,240,0.5071868583162218,0.5071868583162218,247.0,0.5517248459958931,3,lendingclub_imb77,rf
7,1.0,random,0.7770107411134253,0.559447983014862,0.05466237942122187,0.11889596602972399,213664,0.22349576905796018,493,493,283,210,0.5740365111561866,0.5740365111561866,283.0,0.5541582150101421,3,lendingclub_imb77,rf
8,1.0,random,0.7768016297428062,0.581374321880651,0.060104692465881474,0.162748643761302,235616,0.22401704468287384,494,494,284,210,0.5748987854251012,0.5748987854251012,284.0,0.5508502024291498,3,lendingclub_imb77,rf
9,1.0,random,0.77606087665489,0.5551020408163265,0.05826407334418644,0.11020408163265306,257568,0.2243562864952168,517,517,287,230,0.5551257253384912,0.5551257253384912,287.0,0.5512765957446808,3,lendingclub_imb77,rf
10,1.0,random,0.7806775901545506,0.5624082232011748,0.06162014319041107,0.12481644640234948,279520,0.22413423010875788,561,561,317,244,0.5650623885918004,0.5650623885918004,317.0,0.5536541889483066,3,lendingclub_imb77,rf
0,1.0,random,0.7698333333333334,0.5314685314685315,0.05467625899280575,0.06293706293706294,60000,0.22443333333333335,0,0,0,0,0.0,0.0,0.0,0.0,4,lendingclub_imb77,rf
1,1.0,random,0.7751204929534501,0.5420054200542005,0.053806833467850416,0.08401084010840108,81952,0.22353328777821163,479,479,251,228,0.524008350730689,0.524008350730689,251.0,0.5547599164926931,4,lendingclub_imb77,rf
2,1.0,random,0.7765266349068861,0.55741127348643,0.05682060012768674,0.11482254697286012,103904,0.22395672928857407,463,463,256,207,0.5529157667386609,0.5529157667386609,256.0,0.5522894168466523,4,lendingclub_imb77,rf
3,1.0,random,0.7759415223263945,0.5642737896494157,0.059121917089382546,0.1285475792988314,125856,0.2244390414441902,536,536,293,243,0.5466417910447762,0.5466417910447762,293.0,0.5486940298507463,4,lendingclub_imb77,rf
4,1.0,random,0.7789730058859347,0.5543478260869565,0.06168732990625945,0.10869565217391304,147808,0.22406770946092228,481,481,253,228,0.525987525987526,0.525987525987526,253.0,0.5551143451143451,4,lendingclub_imb77,rf
5,1.0,random,0.7768319981149858,0.5638432364096081,0.058088043761396195,0.1276864728192162,169760,0.22385721017907634,501,501,260,241,0.5189620758483033,0.5189620758483033,260.0,0.5509580838323352,4,lendingclub_imb77,rf
6,1.0,random,0.7781602900138226,0.5572192513368984,0.060489957041681176,0.1144385026737968,191712,0.22370013353363377,476,476,265,211,0.5567226890756303,0.5567226890756303,265.0,0.5528571428571428,4,lendingclub_imb77,rf
7,1.0,random,0.7786020171764211,0.5673431734317343,0.06401582179660664,0.13468634686346864,213664,0.22397315411112775,498,498,272,226,0.5461847389558233,0.5461847389558233,272.0,0.5525502008032129,4,lendingclub_imb77,rf
8,1.0,random,0.7758891435362023,0.5381493506493507,0.062224307836696385,0.0762987012987013,235616,0.22435658019828875,613,613,331,282,0.5399673735725938,0.5399673735725938,331.0,0.555073409461664,4,lendingclub_imb77,rf
9,1.0,random,0.7789144698528555,0.5580152671755725,0.06333939866562689,0.11603053435114503,257568,0.2243679339048329,528,528,306,222,0.5795454545454546,0.5795454545454546,306.0,0.5536363636363637,4,lendingclub_imb77,rf
10,1.0,random,0.778495277618775,0.5345405767940979,0.06383149127022265,0.06908115358819585,279520,0.22413423010875788,523,523,286,237,0.5468451242829828,0.5468451242829828,286.0,0.5531548757170173,4,lendingclub_imb77,rf
0,0.0,most_risky,0.7838333333333334,0.562874251497006,0.07132018209408195,0.12574850299401197,60000,0.22338333333333332,0,0,0,0,0.0,0.0,0.0,0.0,0,lendingclub_imb77,rf
1,0.0,most_risky,0.7820315860628034,0.5060975609756098,0.04674739509997184,0.012195121951219513,81363,0.221279942971621,589,0,0,0,0.0,0.0,0.0,0.0,0,lendingclub_imb77,rf
2,0.0,most_risky,0.7817836812144212,0.5360824742268041,0.046089076002658984,0.07216494845360824,102761,0.22023919580385554,554,0,0,0,0.0,0.0,0.0,0.0,0,lendingclub_imb77,rf
3,0.0,most_risky,0.7836499758492996,0.5615763546798029,0.04202764976958526,0.12315270935960591,124218,0.21957365277174,495,0,0,0,0.0,0.0,0.0,0.0,0,lendingclub_imb77,rf
4,0.0,most_risky,0.784578941947887,0.4950884086444008,0.04019138755980861,-0.009823182711198428,145642,0.21898902789030636,528,0,0,0,0.0,0.0,0.0,0.0,0,lendingclub_imb77,rf
5,0.0,most_risky,0.7854898087456227,0.5319548872180451,0.03930009720872101,0.06390977443609022,167052,0.21883605104997247,542,0,0,0,0.0,0.0,0.0,0.0,0,lendingclub_imb77,rf
6,0.0,most_risky,0.785181844709128,0.5448275862068965,0.038773006134969326,0.0896551724137931,188484,0.21860210946287217,520,0,0,0,0.0,0.0,0.0,0.0,0,lendingclub_imb77,rf
7,0.0,most_risky,0.7839150516642065,0.5245098039215687,0.03525148253898529,0.049019607843137254,210010,0.2186943478881958,426,0,0,0,0.0,0.0,0.0,0.0,0,lendingclub_imb77,rf
8,0.0,most_risky,0.7828894792544115,0.5152838427947598,0.03514345279459943,0.03056768558951965,231494,0.21830371413513958,468,0,0,0,0.0,0.0,0.0,0.0,0,lendingclub_imb77,rf
9,0.0,most_risky,0.7818163850182824,0.5163398692810458,0.035701373825018076,0.032679738562091505,252972,0.21817829641225117,474,0,0,0,0.0,0.0,0.0,0.0,0,lendingclub_imb77,rf
10,0.0,most_risky,0.7822213314870823,0.5213675213675214,0.035618952285618954,0.042735042735042736,274428,0.21831955922865015,496,0,0,0,0.0,0.0,0.0,0.0,0,lendingclub_imb77,rf
0,0.0,most_risky,0.7800833333333334,0.5563139931740614,0.06100299401197605,0.11262798634812286,60000,0.22658333333333333,0,0,0,0,0.0,0.0,0.0,0.0,1,lendingclub_imb77,rf
1,0.0,most_risky,0.7773821218074656,0.49184782608695654,0.05,-0.016304347826086956,81436,0.2239058892872931,516,0,0,0,0.0,0.0,0.0,0.0,1,lendingclub_imb77,rf
2,0.0,most_risky,0.7828496427008896,0.5495978552278821,0.045515097690941385,0.09919571045576407,102852,0.22082215221872203,536,0,0,0,0.0,0.0,0.0,0.0,1,lendingclub_imb77,rf
3,0.0,most_risky,0.7803121731434548,0.5066666666666667,0.04170477409914029,0.013333333333333334,124288,0.22050399073120494,516,0,0,0,0.0,0.0,0.0,0.0,1,lendingclub_imb77,rf
4,0.0,most_risky,0.7777282239527943,0.5169491525423728,0.03756735950731332,0.03389830508474576,145742,0.21957294396948032,498,0,0,0,0.0,0.0,0.0,0.0,1,lendingclub_imb77,rf
5,0.0,most_risky,0.7830064577852188,0.5349794238683128,0.03565551289083928,0.06995884773662552,167238,0.21900525000298976,456,0,0,0,0.0,0.0,0.0,0.0,1,lendingclub_imb77,rf
6,0.0,most_risky,0.7811688655751603,0.5,0.03256658595641646,0.0,188730,0.21857680284003603,460,0,0,0,0.0,0.0,0.0,0.0,1,lendingclub_imb77,rf
7,0.0,most_risky,0.783025373950679,0.5188356164383562,0.03312923682484146,0.03767123287671233,210252,0.21850921751041608,430,0,0,0,0.0,0.0,0.0,0.0,1,lendingclub_imb77,rf
8,0.0,most_risky,0.7825148873737809,0.5064102564102564,0.03132434575733545,0.01282051282051282,231738,0.21838023975351475,466,0,0,0,0.0,0.0,0.0,0.0,1,lendingclub_imb77,rf
9,0.0,most_risky,0.7810050350478823,0.5052473763118441,0.030365831681384032,0.010494752623688156,253225,0.2183710139204265,465,0,0,0,0.0,0.0,0.0,0.0,1,lendingclub_imb77,rf
10,0.0,most_risky,0.7823586159194743,0.5361702127659574,0.031479013990672884,0.07234042553191489,274695,0.21842042993137845,482,0,0,0,0.0,0.0,0.0,0.0,1,lendingclub_imb77,rf
0,0.0,most_risky,0.7753333333333333,0.5,0.04896142433234421,0.0,60000,0.2216,0,0,0,0,0.0,0.0,0.0,0.0,2,lendingclub_imb77,rf
1,0.0,most_risky,0.7802319160684704,0.545751633986928,0.04626038781163435,0.0915032679738562,81492,0.21994797035291808,460,0,0,0,0.0,0.0,0.0,0.0,2,lendingclub_imb77,rf
2,0.0,most_risky,0.7789208074534162,0.5015015015015015,0.03664691683124863,0.003003003003003003,103036,0.21984549089638572,408,0,0,0,0.0,0.0,0.0,0.0,2,lendingclub_imb77,rf
3,0.0,most_risky,0.7805847859265804,0.5297157622739018,0.03736784542471746,0.059431524547803614,124486,0.2191170091415902,502,0,0,0,0.0,0.0,0.0,0.0,2,lendingclub_imb77,rf
4,0.0,most_risky,0.781294964028777,0.5021551724137931,0.036486063263388664,0.004310344827586207,145946,0.21863565976457044,492,0,0,0,0.0,0.0,0.0,0.0,2,lendingclub_imb77,rf
5,0.0,most_risky,0.7834100005974073,0.5207547169811321,0.03794857692836519,0.04150943396226415,167386,0.21811262590658717,512,0,0,0,0.0,0.0,0.0,0.0,2,lendingclub_imb77,rf
6,0.0,most_risky,0.782452145826163,0.5008517887563884,0.03577512776831346,0.0017035775127768314,188855,0.2177702470149056,483,0,0,0,0.0,0.0,0.0,0.0,2,lendingclub_imb77,rf
7,0.0,most_risky,0.781745560019971,0.5207986688851913,0.034003259098316134,0.04159733777038269,210305,0.218178360000951,502,0,0,0,0.0,0.0,0.0,0.0,2,lendingclub_imb77,rf
8,0.0,most_risky,0.7822653721682848,0.5279411764705882,0.03543928923988154,0.05588235294117647,231749,0.21823610889367376,508,0,0,0,0.0,0.0,0.0,0.0,2,lendingclub_imb77,rf
9,0.0,most_risky,0.7794913313060305,0.5251989389920424,0.035341365461847386,0.050397877984084884,253208,0.21872531673564816,493,0,0,0,0.0,0.0,0.0,0.0,2,lendingclub_imb77,rf
10,0.0,most_risky,0.7816533469261437,0.5369649805447471,0.03435399551904406,0.07392996108949416,274653,0.2184283441287734,507,0,0,0,0.0,0.0,0.0,0.0,2,lendingclub_imb77,rf
0,0.0,most_risky,0.77875,0.5595238095238095,0.05251396648044693,0.11904761904761904,60000,0.22273333333333334,0,0,0,0,0.0,0.0,0.0,0.0,3,lendingclub_imb77,rf
1,0.0,most_risky,0.7788278613071494,0.5419161676646707,0.049834801762114536,0.08383233532934131,81472,0.2210943637077769,480,0,0,0,0.0,0.0,0.0,0.0,3,lendingclub_imb77,rf
2,0.0,most_risky,0.7818040511002089,0.5028571428571429,0.039163328882955054,0.005714285714285714,102933,0.21970602236406206,491,0,0,0,0.0,0.0,0.0,0.0,3,lendingclub_imb77,rf
3,0.0,most_risky,0.779528191938271,0.53125,0.04009433962264151,0.0625,124415,0.21925009042318047,470,0,0,0,0.0,0.0,0.0,0.0,3,lendingclub_imb77,rf
4,0.0,most_risky,0.7837291388232068,0.5068493150684932,0.03514326420769352,0.0136986301369863,145903,0.21902222709608438,464,0,0,0,0.0,0.0,0.0,0.0,3,lendingclub_imb77,rf
5,0.0,most_risky,0.7831933777605116,0.525691699604743,0.0365334432083505,0.05138339920948617,167315,0.21849206586378986,540,0,0,0,0.0,0.0,0.0,0.0,3,lendingclub_imb77,rf
6,0.0,most_risky,0.7802707213053959,0.53125,0.034698042982350824,0.0625,188755,0.21872798071574262,512,0,0,0,0.0,0.0,0.0,0.0,3,lendingclub_imb77,rf
7,0.0,most_risky,0.7822674626013747,0.5311973018549747,0.03426892950391645,0.06239460370994941,210231,0.21847396435349686,476,0,0,0,0.0,0.0,0.0,0.0,3,lendingclub_imb77,rf
8,0.0,most_risky,0.7833977083917744,0.5424739195230999,0.036057454185240215,0.08494783904619971,231712,0.21877157851125534,471,0,0,0,0.0,0.0,0.0,0.0,3,lendingclub_imb77,rf
9,0.0,most_risky,0.780338032618568,0.532033426183844,0.03419568525646764,0.06406685236768803,253229,0.21897570973308744,435,0,0,0,0.0,0.0,0.0,0.0,3,lendingclub_imb77,rf
10,0.0,most_risky,0.7814928741741141,0.5312868949232585,0.03731962182783215,0.06257378984651712,274702,0.21858959891081972,479,0,0,0,0.0,0.0,0.0,0.0,3,lendingclub_imb77,rf
0,0.0,most_risky,0.7698333333333334,0.5314685314685315,0.05467625899280575,0.06293706293706294,60000,0.22443333333333335,0,0,0,0,0.0,0.0,0.0,0.0,4,lendingclub_imb77,rf
1,0.0,most_risky,0.7747775391224302,0.5465465465465466,0.04917589840583626,0.09309309309309309,81473,0.22176672026315467,479,0,0,0,0.0,0.0,0.0,0.0,4,lendingclub_imb77,rf
2,0.0,most_risky,0.781523217408199,0.5468277945619335,0.039964672113049236,0.09365558912386707,102936,0.22100139892748893,489,0,0,0,0.0,0.0,0.0,0.0,4,lendingclub_imb77,rf
3,0.0,most_risky,0.7803995658640511,0.542528735632184,0.04290909090909091,0.08505747126436781,124384,0.22071166709544637,504,0,0,0,0.0,0.0,0.0,0.0,4,lendingclub_imb77,rf
4,0.0,most_risky,0.7811139674378749,0.549792531120332,0.041187441715884364,0.0995850622406639,145872,0.21989826697378523,464,0,0,0,0.0,0.0,0.0,0.0,4,lendingclub_imb77,rf
5,0.0,most_risky,0.7818828026999581,0.5441767068273092,0.036885803729413365,0.08835341365461848,167408,0.2194279843257192,416,0,0,0,0.0,0.0,0.0,0.0,4,lendingclub_imb77,rf
6,0.0,most_risky,0.7819365768436656,0.5045871559633027,0.03336164017954628,0.009174311926605505,188889,0.21893810650699616,471,0,0,0,0.0,0.0,0.0,0.0,4,lendingclub_imb77,rf
7,0.0,most_risky,0.783711203003945,0.5480314960629922,0.03798297314996726,0.09606299212598425,210386,0.21899746180829524,455,0,0,0,0.0,0.0,0.0,0.0,4,lendingclub_imb77,rf
8,0.0,most_risky,0.7818856366342399,0.5137880986937591,0.034942256440627775,0.027576197387518143,231802,0.21914392455630236,536,0,0,0,0.0,0.0,0.0,0.0,4,lendingclub_imb77,rf
9,0.0,most_risky,0.7794074103318265,0.5148005148005148,0.03572066440435792,0.029601029601029602,253294,0.21897084020940094,460,0,0,0,0.0,0.0,0.0,0.0,4,lendingclub_imb77,rf
10,0.0,most_risky,0.783352441265855,0.5631901840490797,0.03822451698867422,0.1263803680981595,274752,0.2186262520382017,494,0,0,0,0.0,0.0,0.0,0.0,4,lendingclub_imb77,rf
0,0.01,most_risky,0.7838333333333334,0.562874251497006,0.07132018209408195,0.12574850299401197,60000,0.22338333333333332,0,0,0,0,0.0,0.0,0.0,0.0,0,lendingclub_imb77,rf
1,0.01,most_risky,0.780877473270247,0.5242165242165242,0.051353614289701366,0.04843304843304843,81369,0.22131278496724796,589,6,4,2,0.6666666666666666,0.5212224108658744,4.0,0.6800000000000002,0,lendingclub_imb77,rf
2,0.01,most_risky,0.7806693258099037,0.5402597402597402,0.04581497797356828,0.08051948051948052,102787,0.22039752108729704,540,6,5,1,0.8333333333333334,0.4962962962962963,5.0,0.6883333333333335,0,lendingclub_imb77,rf
3,0.01,most_risky,0.7785602189046719,0.5264423076923077,0.039638009049773756,0.052884615384615384,124252,0.21954576183884364,492,5,3,2,0.6,0.5630081300813008,3.0,0.6819999999999999,0,lendingclub_imb77,rf
4,0.01,most_risky,0.7838292323003535,0.5052631578947369,0.03807106598984772,0.010526315789473684,145691,0.21893596721829076,519,6,4,2,0.6666666666666666,0.5741811175337187,4.0,0.68,0,lendingclub_imb77,rf
5,0.01,most_risky,0.7855497382198953,0.5178571428571429,0.036320623434455884,0.03571428571428571,167122,0.2188879979894927,527,6,4,2,0.6666666666666666,0.5351043643263758,4.0,0.6916666666666668,0,lendingclub_imb77,rf
6,0.01,most_risky,0.7824703730215541,0.5606617647058824,0.036875831217506955,0.1213235294117647,188593,0.21867725737434582,486,5,4,1,0.8,0.5555555555555556,4.0,0.682,0,lendingclub_imb77,rf
7,0.01,most_risky,0.7841928651324401,0.5406360424028268,0.03357472021066491,0.0812720848056537,210092,0.21873750547379242,458,5,4,1,0.8,0.5480349344978166,4.0,0.688,0,lendingclub_imb77,rf
8,0.01,most_risky,0.783857315598549,0.517503805175038,0.03388816904216087,0.0350076103500761,231558,0.21835134178046106,491,5,3,2,0.6,0.5274949083503055,3.0,0.6900000000000001,0,lendingclub_imb77,rf
9,0.01,most_risky,0.7856197269368319,0.5201612903225806,0.03556985294117647,0.04032258064516129,253051,0.21829591663340592,464,5,3,2,0.6,0.5474137931034483,3.0,0.656,0,lendingclub_imb77,rf
10,0.01,most_risky,0.7823235819155525,0.4922526817640048,0.03459830778252492,-0.015494636471990465,274488,0.2184212060272216,521,6,4,2,0.6666666666666666,0.5143953934740882,4.0,0.71,0,lendingclub_imb77,rf
0,0.01,most_risky,0.7800833333333334,0.5563139931740614,0.06100299401197605,0.11262798634812286,60000,0.22658333333333333,0,0,0,0,0.0,0.0,0.0,0.0,1,lendingclub_imb77,rf
1,0.01,most_risky,0.7753698815151329,0.5377906976744186,0.050203527815468114,0.0755813953488372,81442,0.22393850838633628,516,6,4,2,0.6666666666666666,0.5310077519379846,4.0,0.6983333333333333,1,lendingclub_imb77,rf
2,0.01,most_risky,0.7765140468552542,0.5380434782608695,0.042801556420233464,0.07608695652173914,102868,0.22087529649648094,532,6,5,1,0.8333333333333334,0.5206766917293233,5.0,0.695,1,lendingclub_imb77,rf
3,0.01,most_risky,0.7797973299018819,0.5626535626535627,0.0414329654423738,0.12530712530712532,124336,0.22068427486809936,489,5,4,1,0.8,0.5439672801635992,4.0,0.704,1,lendingclub_imb77,rf
4,0.01,most_risky,0.7809863502297826,0.5279383429672447,0.04271239282930631,0.055876685934489405,145788,0.2198191895080528,506,6,3,3,0.5,0.5138339920948617,3.0,0.6916666666666665,1,lendingclub_imb77,rf
5,0.01,most_risky,0.7817779505427145,0.5233160621761658,0.04136518771331058,0.046632124352331605,167215,0.21917292108961517,531,6,6,0,1.0,0.544256120527307,6.0,0.6900000000000001,1,lendingclub_imb77,rf
6,0.01,most_risky,0.780622250490274,0.5551724137931034,0.038599856149604414,0.1103448275862069,188667,0.21863918968341045,506,6,3,3,0.5,0.5691699604743083,3.0,0.7133333333333334,1,lendingclub_imb77,rf
7,0.01,most_risky,0.7808545056618137,0.5162866449511401,0.034337088388214906,0.03257328990228013,210179,0.21861365788209097,445,5,0,5,0.0,0.5393258426966292,0.0,0.704,1,lendingclub_imb77,rf
8,0.01,most_risky,0.7826340326340326,0.5268361581920904,0.03689781382926106,0.05367231638418079,231657,0.21852566509969482,479,5,3,2,0.6,0.5553235908141962,3.0,0.706,1,lendingclub_imb77,rf
9,0.01,most_risky,0.7832915193299224,0.5162548764629389,0.03610732150977717,0.032509752925877766,253105,0.21843108591296104,510,6,3,3,0.5,0.5509803921568628,3.0,0.6933333333333334,1,lendingclub_imb77,rf
10,0.01,most_risky,0.7821145615153446,0.5221238938053098,0.03442240373395566,0.04424778761061947,274524,0.21836342177733095,539,6,4,2,0.6666666666666666,0.5528756957328386,4.0,0.7183333333333334,1,lendingclub_imb77,rf
0,0.01,most_risky,0.7753333333333333,0.5,0.04896142433234421,0.0,60000,0.2216,0,0,0,0,0.0,0.0,0.0,0.0,2,lendingclub_imb77,rf
1,0.01,most_risky,0.7801840490797546,0.5191082802547771,0.04534075104311544,0.03821656050955414,81497,0.21995901689632746,460,5,2,3,0.4,0.5130434782608696,2.0,0.6700000000000002,2,lendingclub_imb77,rf
2,0.01,most_risky,0.7796437412027375,0.5539772727272727,0.04259501965923984,0.10795454545454546,103014,0.21966917118061624,440,5,4,1,0.8,0.55,4.0,0.698,2,lendingclub_imb77,rf
3,0.01,most_risky,0.7823170241825339,0.5516304347826086,0.037199926699651824,0.10326086956521739,124467,0.21897370387331583,505,6,4,2,0.6666666666666666,0.5346534653465347,4.0,0.69,2,lendingclub_imb77,rf
4,0.01,most_risky,0.7804042480301473,0.49588477366255146,0.037620980330939746,-0.00823045267489712,145946,0.21858769681937154,478,5,4,1,0.8,0.5418410041841004,4.0,0.6819999999999999,2,lendingclub_imb77,rf
5,0.01,most_risky,0.782233244688798,0.5028901734104047,0.03579755863393225,0.005780346820809248,167334,0.21784574563447953,570,6,4,2,0.6666666666666666,0.5789473684210527,4.0,0.71,2,lendingclub_imb77,rf
6,0.01,most_risky,0.7824244510951611,0.5054545454545455,0.03381583748935653,0.01090909090909091,188783,0.21745602093408833,509,6,3,3,0.5,0.5697445972495089,3.0,0.6816666666666666,2,lendingclub_imb77,rf
7,0.01,most_risky,0.7827637868302775,0.5025125628140703,0.03282994090610637,0.005025125628140704,210252,0.21790518045012652,488,5,2,3,0.4,0.5573770491803278,2.0,0.686,2,lendingclub_imb77,rf
8,0.01,most_risky,0.7814961054652944,0.4878048780487805,0.033630069238377844,-0.024390243902439025,231733,0.21797499708716497,476,5,4,1,0.8,0.592436974789916,4.0,0.6980000000000001,2,lendingclub_imb77,rf
9,0.01,most_risky,0.7812771503040834,0.5068493150684932,0.03337241814737982,0.0136986301369863,253219,0.21859339149115983,471,5,4,1,0.8,0.5605095541401274,4.0,0.708,2,lendingclub_imb77,rf
10,0.01,most_risky,0.7809769947582994,0.5612648221343873,0.035128226271955144,0.1225296442687747,274720,0.21837871287128713,456,5,4,1,0.8,0.5416666666666666,4.0,0.6960000000000001,2,lendingclub_imb77,rf
0,0.01,most_risky,0.77875,0.5595238095238095,0.05251396648044693,0.11904761904761904,60000,0.22273333333333334,0,0,0,0,0.0,0.0,0.0,0.0,3,lendingclub_imb77,rf
1,0.01,most_risky,0.7727049582719686,0.5297805642633229,0.0453934998656997,0.05956112852664577,81477,0.22111761601433533,480,5,3,2,0.6,0.5,3.0,0.686,3,lendingclub_imb77,rf
2,0.01,most_risky,0.7785655319768854,0.5376623376623376,0.04510786663761168,0.07532467532467532,102965,0.21968630117030058,469,5,4,1,0.8,0.5373134328358209,4.0,0.686,3,lendingclub_imb77,rf
3,0.01,most_risky,0.7792734871011814,0.5047619047619047,0.03856649081317082,0.009523809523809525,124429,0.2193218622668349,493,5,2,3,0.4,0.5111561866125761,2.0,0.718,3,lendingclub_imb77,rf
4,0.01,most_risky,0.7800349422767291,0.5356371490280778,0.03842578246048962,0.07127429805615551,145954,0.21904161585156967,432,5,4,1,0.8,0.5810185185185185,4.0,0.6980000000000001,3,lendingclub_imb77,rf
5,0.01,most_risky,0.7813918757467144,0.5456349206349206,0.0373387644263408,0.09126984126984126,167399,0.2185437188991571,513,6,5,1,0.8333333333333334,0.557504873294347,5.0,0.7066666666666667,3,lendingclub_imb77,rf
6,0.01,most_risky,0.7820757214720678,0.5413533834586466,0.034803625377643505,0.08270676691729323,188849,0.21879385117210046,508,6,5,1,0.8333333333333334,0.5177165354330708,5.0,0.67,3,lendingclub_imb77,rf
7,0.01,most_risky,0.7823844050873648,0.5167224080267558,0.03368214519293656,0.033444816053511704,210322,0.21857437643232758,484,5,4,1,0.8,0.5475206611570248,4.0,0.69,3,lendingclub_imb77,rf
8,0.01,most_risky,0.7812628082058805,0.561014263074485,0.034648135460507,0.12202852614896989,231785,0.21878896391052052,494,5,4,1,0.8,0.5910931174089069,4.0,0.666,3,lendingclub_imb77,rf
9,0.01,most_risky,0.7806861700027636,0.5178316690442225,0.03259991019308487,0.03566333808844508,253286,0.21896591205198865,456,5,4,1,0.8,0.5701754385964912,4.0,0.69,3,lendingclub_imb77,rf
10,0.01,most_risky,0.7817043655487417,0.5366492146596858,0.03401924991702622,0.07329842931937172,274765,0.21862682656087928,478,5,3,2,0.6,0.5355648535564853,3.0,0.6700000000000002,3,lendingclub_imb77,rf
0,0.01,most_risky,0.7698333333333334,0.5314685314685315,0.05467625899280575,0.06293706293706294,60000,0.22443333333333335,0,0,0,0,0.0,0.0,0.0,0.0,4,lendingclub_imb77,rf
1,0.01,most_risky,0.7771232204221895,0.562874251497006,0.05117038649972782,0.12574850299401197,81478,0.2218022042760009,479,5,4,1,0.8,0.524008350730689,4.0,0.704,4,lendingclub_imb77,rf
2,0.01,most_risky,0.780271018505027,0.5815217391304348,0.04668411867364747,0.16304347826086957,102942,0.22106623147014823,493,5,3,2,0.6,0.5456389452332657,3.0,0.696,4,lendingclub_imb77,rf
3,0.01,most_risky,0.7784741472821501,0.5176715176715176,0.045018983908877236,0.035343035343035345,124451,0.22089014953676547,448,5,3,2,0.6,0.5513392857142857,3.0,0.666,4,lendingclub_imb77,rf
4,0.01,most_risky,0.780880589343841,0.5069306930693069,0.03998750390502968,0.013861386138613862,145924,0.2200666100161728,484,5,4,1,0.8,0.5227272727272727,4.0,0.72,4,lendingclub_imb77,rf
5,0.01,most_risky,0.7805686637596321,0.5066921606118547,0.03603481098721784,0.01338432122370937,167407,0.21951292359339813,474,5,3,2,0.6,0.5295358649789029,3.0,0.7100000000000001,4,lendingclub_imb77,rf
6,0.01,most_risky,0.7772160609830338,0.5191986644407346,0.03684834123222749,0.038397328881469114,188901,0.21910418684919614,463,5,4,1,0.8,0.5334773218142549,4.0,0.6799999999999999,4,lendingclub_imb77,rf
7,0.01,most_risky,0.7808779142999739,0.5498281786941581,0.03449019185169218,0.09965635738831616,210385,0.21916486441523872,473,5,3,2,0.6,0.53276955602537,3.0,0.682,4,lendingclub_imb77,rf
8,0.01,most_risky,0.7804278443888554,0.5194244604316547,0.035360956019198746,0.03884892086330935,231856,0.2193473535297771,486,5,2,3,0.4,0.5370370370370371,2.0,0.6779999999999999,4,lendingclub_imb77,rf
9,0.01,most_risky,0.7782514308269193,0.537467700258398,0.036833717017885605,0.07493540051679587,253348,0.21916889022214503,465,5,2,3,0.4,0.5612903225806452,2.0,0.6980000000000001,4,lendingclub_imb77,rf
10,0.01,most_risky,0.7806803711115153,0.5157526254375729,0.03658031945708847,0.03150525087514586,274849,0.2188001411684234,456,5,2,3,0.4,0.5504385964912281,2.0,0.6660000000000001,4,lendingclub_imb77,rf
0,0.02,most_risky,0.7838333333333334,0.562874251497006,0.07132018209408195,0.12574850299401197,60000,0.22338333333333332,0,0,0,0,0.0,0.0,0.0,0.0,0,lendingclub_imb77,rf
1,0.02,most_risky,0.7760983102918587,0.5129032258064516,0.043537787513691126,0.025806451612903226,81375,0.22133333333333333,589,12,7,5,0.5833333333333334,0.5212224108658744,7.0,0.6708333333333334,0,lendingclub_imb77,rf
2,0.02,most_risky,0.783342247289347,0.5683890577507599,0.041546323039324595,0.13677811550151975,102834,0.22036485987124882,504,11,8,3,0.7272727272727273,0.5297619047619048,8.0,0.6663636363636365,0,lendingclub_imb77,rf
3,0.02,most_risky,0.778979534397491,0.5445783132530121,0.04083845319840983,0.0891566265060241,124352,0.21979541945445188,443,9,8,1,0.8888888888888888,0.5327313769751693,8.0,0.6722222222222223,0,lendingclub_imb77,rf
4,0.02,most_risky,0.7828681160414238,0.506198347107438,0.038655727358788264,0.012396694214876033,145808,0.219212937561725,507,11,4,7,0.36363636363636365,0.5621301775147929,4.0,0.6790909090909092,0,lendingclub_imb77,rf
5,0.02,most_risky,0.7823161797685614,0.5057251908396947,0.03637112270107055,0.011450381679389313,167211,0.21906453522794553,561,12,9,3,0.75,0.5418894830659536,9.0,0.6974999999999999,0,lendingclub_imb77,rf
6,0.02,most_risky,0.7864087958670023,0.5364583333333334,0.038129318854886476,0.07291666666666667,188722,0.21889339875584193,450,9,5,4,0.5555555555555556,0.5577777777777778,5.0,0.6822222222222223,0,lendingclub_imb77,rf
7,0.02,most_risky,0.7864805080512808,0.5440494590417311,0.03896391410228028,0.08809891808346214,210215,0.2189948386176058,469,10,6,4,0.6,0.5138592750533049,6.0,0.6839999999999999,0,lendingclub_imb77,rf
8,0.02,most_risky,0.782134841160221,0.5378151260504201,0.03783624002364765,0.07563025210084033,231678,0.21854038795224406,499,10,8,2,0.8,0.5511022044088176,8.0,0.673,0,lendingclub_imb77,rf
9,0.02,most_risky,0.7830973119235252,0.5450980392156862,0.03773414170663288,0.09019607843137255,253155,0.21845509667989968,485,10,7,3,0.7,0.5463917525773195,7.0,0.6580000000000001,0,lendingclub_imb77,rf
10,0.02,most_risky,0.7820687897161377,0.5058064516129033,0.03272666555351478,0.011612903225806452,274601,0.21852433166667273,517,11,8,3,0.7272727272727273,0.5454545454545454,8.0,0.6827272727272727,0,lendingclub_imb77,rf
0,0.02,most_risky,0.7800833333333334,0.5563139931740614,0.06100299401197605,0.11262798634812286,60000,0.22658333333333333,0,0,0,0,0.0,0.0,0.0,0.0,1,lendingclub_imb77,rf
1,0.02,most_risky,0.7766728054020872,0.5319148936170213,0.047827275211806505,0.06382978723404255,81447,0.2239738725797144,516,11,8,3,0.7272727272727273,0.5310077519379846,8.0,0.6827272727272727,1,lendingclub_imb77,rf
2,0.02,most_risky,0.7818818040435459,0.5347593582887701,0.044306601683650866,0.06951871657754011,102880,0.22089813374805597,530,11,7,4,0.6363636363636364,0.5245283018867924,7.0,0.6954545454545454,1,lendingclub_imb77,rf
3,0.02,most_risky,0.7820177731312076,0.5542452830188679,0.04298518383025425,0.10849056603773585,124343,0.22062359762913875,499,10,6,4,0.6,0.5591182364729459,6.0,0.6979999999999998,1,lendingclub_imb77,rf
4,0.02,most_risky,0.780620819756474,0.5410821643286573,0.04194500543731552,0.08216432865731463,145772,0.21961007600911012,534,11,5,6,0.45454545454545453,0.5430711610486891,5.0,0.6945454545454545,1,lendingclub_imb77,rf
5,0.02,most_risky,0.7817377264844825,0.5278276481149012,0.04010366934933843,0.05565529622980251,167230,0.21906954493810918,505,11,8,3,0.7272727272727273,0.5366336633663367,8.0,0.6754545454545455,1,lendingclub_imb77,rf
6,0.02,most_risky,0.7792586311968416,0.5394736842105263,0.034276842230980535,0.07894736842105263,188702,0.21870992358321587,490,10,5,5,0.5,0.5204081632653061,5.0,0.6839999999999999,1,lendingclub_imb77,rf
7,0.02,most_risky,0.7794610792684377,0.5505226480836237,0.033865609259457724,0.10104529616724739,210232,0.21864892119182616,431,9,4,5,0.4444444444444444,0.5707656612529002,4.0,0.6888888888888889,1,lendingclub_imb77,rf
8,0.02,most_risky,0.7850160757827503,0.52400548696845,0.038207641528305664,0.04801097393689986,231713,0.2184857992430291,481,10,6,4,0.6,0.5925155925155925,6.0,0.682,1,lendingclub_imb77,rf
9,0.02,most_risky,0.784185164704953,0.515625,0.03615777940102265,0.03125,253180,0.21841377675961765,495,10,6,4,0.6,0.5555555555555556,6.0,0.679,1,lendingclub_imb77,rf
10,0.02,most_risky,0.7819184765788564,0.5018633540372671,0.03371724253046236,0.0037267080745341614,274642,0.21841160492568507,500,10,5,5,0.5,0.544,5.0,0.682,1,lendingclub_imb77,rf
0,0.02,most_risky,0.7753333333333333,0.5,0.04896142433234421,0.0,60000,0.2216,0,0,0,0,0.0,0.0,0.0,0.0,2,lendingclub_imb77,rf
1,0.02,most_risky,0.7781117722839089,0.5211267605633803,0.040782584734086524,0.04225352112676056,81502,0.21994552280925622,460,10,2,8,0.2,0.5130434782608696,2.0,0.6620000000000001,2,lendingclub_imb77,rf
2,0.02,most_risky,0.7805280528052805,0.5754985754985755,0.04415300546448087,0.150997150997151,103020,0.21964667054940787,443,9,5,4,0.5555555555555556,0.5507900677200903,5.0,0.6544444444444445,2,lendingclub_imb77,rf
3,0.02,most_risky,0.7839097079969474,0.5374331550802139,0.03716715976331361,0.0748663101604278,124481,0.21888480972999896,502,11,5,6,0.45454545454545453,0.5537848605577689,5.0,0.6781818181818182,2,lendingclub_imb77,rf
4,0.02,most_risky,0.7813709705046076,0.49019607843137253,0.035305193786285896,-0.0196078431372549,145955,0.21848514953239012,488,10,3,7,0.3,0.5389344262295082,3.0,0.664,2,lendingclub_imb77,rf
5,0.02,most_risky,0.7849250433016783,0.5112781954887218,0.03770446354311062,0.022556390977443608,167428,0.21805193874381823,489,10,7,3,0.7,0.5419222903885481,7.0,0.6980000000000001,2,lendingclub_imb77,rf
6,0.02,most_risky,0.7818778621912804,0.482078853046595,0.03272506082725061,-0.035842293906810034,188884,0.2176362211727833,507,11,4,7,0.36363636363636365,0.571992110453649,4.0,0.67,2,lendingclub_imb77,rf
7,0.02,most_risky,0.7810048961353805,0.513911620294599,0.03401581627125989,0.027823240589198037,210369,0.21808821641971965,477,10,7,3,0.7,0.5639412997903563,7.0,0.672,2,lendingclub_imb77,rf
8,0.02,most_risky,0.7846236791028682,0.5269286754002911,0.036113328012769355,0.053857350800582245,231846,0.2181922483027527,485,10,4,6,0.4,0.5587628865979382,4.0,0.6839999999999999,2,lendingclub_imb77,rf
9,0.02,most_risky,0.7820517881108392,0.5303643724696356,0.035443722943722944,0.06072874493927125,253338,0.21878675919127805,470,10,7,3,0.7,0.5680851063829787,7.0,0.6529999999999999,2,lendingclub_imb77,rf
10,0.02,most_risky,0.7825216932564443,0.5265760197775031,0.03550591765294216,0.05315203955500618,274852,0.21859764527818606,447,9,2,7,0.2222222222222222,0.5167785234899329,2.0,0.6733333333333333,2,lendingclub_imb77,rf
0,0.02,most_risky,0.77875,0.5595238095238095,0.05251396648044693,0.11904761904761904,60000,0.22273333333333334,0,0,0,0,0.0,0.0,0.0,0.0,3,lendingclub_imb77,rf
1,0.02,most_risky,0.7788550039884642,0.5337423312883436,0.04798676227247656,0.06748466257668712,81482,0.2211285928180457,480,10,5,5,0.5,0.5,5.0,0.6759999999999999,3,lendingclub_imb77,rf
2,0.02,most_risky,0.7812682074189163,0.532967032967033,0.04283506292779863,0.06593406593406594,102979,0.21986035987919866,465,10,6,4,0.6,0.5053763440860215,6.0,0.672,3,lendingclub_imb77,rf
3,0.02,most_risky,0.7795990518661363,0.515625,0.042,0.03125,124451,0.219435761866116,490,10,9,1,0.9,0.5326530612244897,9.0,0.687,3,lendingclub_imb77,rf
4,0.02,most_risky,0.7853252492035762,0.5297619047619048,0.042401143401619816,0.05952380952380952,145961,0.21913387822774577,452,10,5,5,0.5,0.5663716814159292,5.0,0.6690000000000002,3,lendingclub_imb77,rf
5,0.02,most_risky,0.7782258064516129,0.543233082706767,0.03868290724133316,0.08646616541353383,167398,0.21869436910835255,526,11,7,4,0.6363636363636364,0.5285171102661597,7.0,0.6845454545454546,3,lendingclub_imb77,rf
6,0.02,most_risky,0.7773983481575604,0.5526315789473685,0.03473124630832841,0.10526315789473684,188879,0.2189920531133689,481,10,9,1,0.9,0.5155925155925156,9.0,0.667,3,lendingclub_imb77,rf
7,0.02,most_risky,0.7815010219116878,0.5361635220125787,0.036904761904761905,0.07232704402515723,210388,0.21877198319295776,453,10,6,4,0.6,0.5629139072847682,6.0,0.68,3,lendingclub_imb77,rf
8,0.02,most_risky,0.7814696623399026,0.5601851851851852,0.03554293547439538,0.12037037037037036,231886,0.21905591540670846,464,10,5,5,0.5,0.5711206896551724,5.0,0.655,3,lendingclub_imb77,rf
9,0.02,most_risky,0.781833968072301,0.5305291723202171,0.03522205206738132,0.06105834464043419,253381,0.21919165209703964,467,10,6,4,0.6,0.5738758029978587,6.0,0.659,3,lendingclub_imb77,rf
10,0.02,most_risky,0.7829843741473087,0.551357733175915,0.03886161271531997,0.10271546635182999,274862,0.21882981277877625,481,10,5,5,0.5,0.5384615384615384,5.0,0.665,3,lendingclub_imb77,rf
0,0.02,most_risky,0.7698333333333334,0.5314685314685315,0.05467625899280575,0.06293706293706294,60000,0.22443333333333335,0,0,0,0,0.0,0.0,0.0,0.0,4,lendingclub_imb77,rf
1,0.02,most_risky,0.7790390869485181,0.5444126074498568,0.05231277533039647,0.08882521489971347,81483,0.2218499564326301,479,10,9,1,0.9,0.524008350730689,9.0,0.692,4,lendingclub_imb77,rf
2,0.02,most_risky,0.7792939348322245,0.5325443786982249,0.03941318151959711,0.0650887573964497,102964,0.22117439104929879,481,10,7,3,0.7,0.5446985446985447,7.0,0.702,4,lendingclub_imb77,rf
3,0.02,most_risky,0.7802467151524892,0.5491071428571429,0.044621803011064755,0.09821428571428571,124433,0.22088192039089308,493,10,5,5,0.5,0.5476673427991886,5.0,0.668,4,lendingclub_imb77,rf
4,0.02,most_risky,0.7820991673234418,0.5595744680851064,0.040997661730319566,0.11914893617021277,145913,0.22003522647056808,482,10,6,4,0.6,0.533195020746888,6.0,0.6910000000000001,4,lendingclub_imb77,rf
5,0.02,most_risky,0.7810399928317553,0.5367647058823529,0.039614706281372945,0.07352941176470588,167405,0.2195095725934112,470,10,7,3,0.7,0.5297872340425532,7.0,0.7059999999999998,4,lendingclub_imb77,rf
6,0.02,most_risky,0.7833465713529256,0.547945205479452,0.03883966500788931,0.0958904109589041,188847,0.21894443650150652,521,11,8,3,0.7272727272727273,0.5604606525911708,8.0,0.68,4,lendingclub_imb77,rf
7,0.02,most_risky,0.7840214885069766,0.5303030303030303,0.03835196142888451,0.06060606060606061,210344,0.21901741908492756,465,10,6,4,0.6,0.5440860215053763,6.0,0.6970000000000001,4,lendingclub_imb77,rf
8,0.02,most_risky,0.780128993291486,0.5078014184397163,0.03508428067424539,0.015602836879432624,231792,0.21917926416787464,515,11,5,6,0.45454545454545453,0.537864077669903,5.0,0.6809090909090909,4,lendingclub_imb77,rf
9,0.02,most_risky,0.7794251194377542,0.5098814229249012,0.03459063282087951,0.019762845849802372,253268,0.21895778384951908,486,10,5,5,0.5,0.5802469135802469,5.0,0.675,4,lendingclub_imb77,rf
10,0.02,most_risky,0.780851334874156,0.5155440414507773,0.032985247803746065,0.031088082901554404,274743,0.21862613424181873,487,10,9,1,0.9,0.5297741273100616,9.0,0.689,4,lendingclub_imb77,rf
0,0.05,most_risky,0.7838333333333334,0.562874251497006,0.07132018209408195,0.12574850299401197,60000,0.22338333333333332,0,0,0,0,0.0,0.0,0.0,0.0,0,lendingclub_imb77,rf
1,0.05,most_risky,0.7803304871306591,0.5109717868338558,0.045492603963159364,0.0219435736677116,81393,0.2214072463233939,589,30,17,13,0.5666666666666667,0.5212224108658744,17.0,0.6546666666666668,0,lendingclub_imb77,rf
2,0.05,most_risky,0.7813578266997133,0.5428571428571428,0.04195186575402959,0.08571428571428572,102883,0.22057093980541004,487,25,17,8,0.68,0.5215605749486653,17.0,0.6552000000000001,0,lendingclub_imb77,rf
3,0.05,most_risky,0.7806985811326822,0.55,0.042015278283012006,0.1,124393,0.2199400287797545,466,24,15,9,0.625,0.5321888412017167,15.0,0.6458333333333334,0,lendingclub_imb77,rf
4,0.05,most_risky,0.7844851227204168,0.5384615384615384,0.040955091714104996,0.07692307692307693,145857,0.21946152738641272,514,26,22,4,0.8461538461538461,0.5505836575875487,22.0,0.645,0,lendingclub_imb77,rf
5,0.05,most_risky,0.7856715882599079,0.5314569536423841,0.04452767374115689,0.06291390728476821,167290,0.21938549823659514,547,28,15,13,0.5357142857142857,0.5228519195612431,15.0,0.6574999999999999,0,lendingclub_imb77,rf
6,0.05,most_risky,0.7829668874172185,0.5384615384615384,0.03739225446157582,0.07692307692307693,188748,0.2190327844533452,520,26,19,7,0.7307692307692307,0.5846153846153846,19.0,0.6561538461538461,0,lendingclub_imb77,rf
7,0.05,most_risky,0.7833004352065448,0.5107033639143731,0.03659872890642121,0.021406727828746176,210242,0.2190998944073972,483,25,16,9,0.64,0.5279503105590062,16.0,0.6476000000000001,0,lendingclub_imb77,rf
8,0.05,most_risky,0.7843454616081833,0.5302593659942363,0.03667164922770304,0.06051873198847262,231690,0.21855064957486298,531,27,15,12,0.5555555555555556,0.5743879472693032,15.0,0.6588888888888889,0,lendingclub_imb77,rf
9,0.05,most_risky,0.7830663796338356,0.5234159779614325,0.034489017970593575,0.046831955922865015,253162,0.21836610549766552,506,26,14,12,0.5384615384615384,0.5889328063241107,14.0,0.6388461538461538,0,lendingclub_imb77,rf
10,0.05,most_risky,0.7839874754241608,0.5055900621118012,0.03427368421052632,0.011180124223602485,274658,0.21850810826555206,481,25,14,11,0.56,0.5384615384615384,14.0,0.6507999999999999,0,lendingclub_imb77,rf
0,0.05,most_risky,0.7800833333333334,0.5563139931740614,0.06100299401197605,0.11262798634812286,60000,0.22658333333333333,0,0,0,0,0.0,0.0,0.0,0.0,1,lendingclub_imb77,rf
1,0.05,most_risky,0.7805192413920088,0.5591715976331361,0.052267699115044246,0.11834319526627218,81462,0.22406766345044316,516,26,19,7,0.7307692307692307,0.5310077519379846,19.0,0.6611538461538462,1,lendingclub_imb77,rf
2,0.05,most_risky,0.7842670424177639,0.5680628272251309,0.04830810329474622,0.13612565445026178,102905,0.22106797531703998,536,27,15,12,0.5555555555555556,0.5111940298507462,15.0,0.664074074074074,1,lendingclub_imb77,rf
3,0.05,most_risky,0.7777554465793071,0.5640449438202247,0.04493376297887576,0.12808988764044943,124387,0.22090732954408418,495,25,16,9,0.64,0.5393939393939394,16.0,0.6631999999999999,1,lendingclub_imb77,rf
4,0.05,most_risky,0.7791223860130271,0.5425531914893617,0.03933364183248496,0.0851063829787234,145850,0.21997257456290709,515,26,19,7,0.7307692307692307,0.541747572815534,19.0,0.6592307692307691,1,lendingclub_imb77,rf
5,0.05,most_risky,0.7822293926085268,0.5373665480427047,0.04119492565816396,0.07473309608540925,167355,0.2193839443099997,471,24,18,6,0.75,0.5753715498938429,18.0,0.6479166666666667,1,lendingclub_imb77,rf
6,0.05,most_risky,0.7785012837819952,0.5190972222222222,0.03563766388557807,0.03819444444444445,188895,0.21899467958389582,434,22,11,11,0.5,0.5645161290322581,11.0,0.666818181818182,1,lendingclub_imb77,rf
7,0.05,most_risky,0.7825591065700368,0.5065123010130246,0.03820960698689956,0.013024602026049204,210422,0.21891247112944465,448,23,15,8,0.6521739130434783,0.5714285714285714,15.0,0.6639130434782611,1,lendingclub_imb77,rf
8,0.05,most_risky,0.7817997585374267,0.5433854907539118,0.03751718719308584,0.08677098150782361,231918,0.21874541863934666,481,25,18,7,0.72,0.6008316008316008,18.0,0.6539999999999999,1,lendingclub_imb77,rf
9,0.05,most_risky,0.7825306315727167,0.5257214554579673,0.03787399439573352,0.05144291091593475,253415,0.21870449657676144,479,24,14,10,0.5833333333333334,0.5490605427974948,14.0,0.6645833333333334,1,lendingclub_imb77,rf
10,0.05,most_risky,0.7835370289538774,0.5576407506702413,0.03470136803470137,0.11528150134048257,274919,0.21872260556745804,472,24,17,7,0.7083333333333334,0.5572033898305084,17.0,0.6549999999999999,1,lendingclub_imb77,rf
0,0.05,most_risky,0.7753333333333333,0.5,0.04896142433234421,0.0,60000,0.2216,0,0,0,0,0.0,0.0,0.0,0.0,2,lendingclub_imb77,rf
1,0.05,most_risky,0.7775869471876342,0.5050505050505051,0.041333700744006614,0.010101010101010102,81515,0.22000858737655646,460,23,10,13,0.43478260869565216,0.5130434782608696,10.0,0.6482608695652177,2,lendingclub_imb77,rf
2,0.05,most_risky,0.7766293007230552,0.5230352303523035,0.04177489177489178,0.04607046070460705,103031,0.2197105725461269,459,23,11,12,0.4782608695652174,0.5424836601307189,11.0,0.6465217391304348,2,lendingclub_imb77,rf
3,0.05,most_risky,0.7834691501746216,0.5412371134020618,0.03870254330998894,0.08247422680412371,124551,0.21928366693161838,455,23,12,11,0.5217391304347826,0.5032967032967033,12.0,0.6478260869565216,2,lendingclub_imb77,rf
4,0.05,most_risky,0.7828185989180305,0.5329457364341085,0.04312372588991689,0.06589147286821706,146027,0.21879515432077629,502,26,16,10,0.6153846153846154,0.5577689243027888,16.0,0.6403846153846154,2,lendingclub_imb77,rf
5,0.05,most_risky,0.7812835820895523,0.49007936507936506,0.033757004236709034,-0.01984126984126984,167497,0.21829644710054508,508,26,18,8,0.6923076923076923,0.5531496062992126,18.0,0.6611538461538462,2,lendingclub_imb77,rf
6,0.05,most_risky,0.783210307696378,0.5471698113207547,0.0386713541035277,0.09433962264150944,188984,0.2180502053083859,490,25,14,11,0.56,0.5224489795918368,14.0,0.6448,2,lendingclub_imb77,rf
7,0.05,most_risky,0.7819581017528858,0.5577889447236181,0.03600389231268245,0.11557788944723618,210508,0.21849050867425465,451,23,12,11,0.5217391304347826,0.5742793791574279,12.0,0.6530434782608697,2,lendingclub_imb77,rf
8,0.05,most_risky,0.7808688531655389,0.53601108033241,0.037863222776636334,0.07202216066481995,232028,0.21866326477838882,455,23,15,8,0.6521739130434783,0.545054945054945,15.0,0.6404347826086954,2,lendingclub_imb77,rf
9,0.05,most_risky,0.7771905259628848,0.5233990147783252,0.03749117854622442,0.046798029556650245,253534,0.21927236583653475,470,24,17,7,0.7083333333333334,0.5531914893617021,17.0,0.6479166666666667,2,lendingclub_imb77,rf
10,0.05,most_risky,0.7790625795425621,0.5203073545554336,0.03888752153581098,0.04061470911086718,275007,0.21901624322289978,505,26,18,8,0.6923076923076923,0.5227722772277228,18.0,0.6465384615384616,2,lendingclub_imb77,rf
0,0.05,most_risky,0.77875,0.5595238095238095,0.05251396648044693,0.11904761904761904,60000,0.22273333333333334,0,0,0,0,0.0,0.0,0.0,0.0,3,lendingclub_imb77,rf
1,0.05,most_risky,0.7807361963190184,0.5525525525525525,0.050983651981158215,0.10510510510510511,81496,0.2212010405418671,480,24,14,10,0.5833333333333334,0.5,14.0,0.6554166666666666,3,lendingclub_imb77,rf
2,0.05,most_risky,0.7803504684238629,0.5751445086705202,0.043478260869565216,0.15028901734104047,103001,0.2199396122367744,471,24,13,11,0.5416666666666666,0.505307855626327,13.0,0.6583333333333333,3,lendingclub_imb77,rf
3,0.05,most_risky,0.7814859437751004,0.5656324582338902,0.04312227074235808,0.13126491646778043,124500,0.21946987951807229,477,24,15,9,0.625,0.5555555555555556,15.0,0.66,3,lendingclub_imb77,rf
4,0.05,most_risky,0.7793452951650459,0.510158013544018,0.03502247016891368,0.020316027088036117,146016,0.21920200525969757,459,23,20,3,0.8695652173913043,0.5751633986928104,20.0,0.6504347826086958,3,lendingclub_imb77,rf
5,0.05,most_risky,0.780664039173534,0.54,0.036555645816409424,0.08,167457,0.21862926004884836,538,27,12,15,0.4444444444444444,0.5631970260223048,12.0,0.6699999999999997,3,lendingclub_imb77,rf
6,0.05,most_risky,0.7819288265643604,0.5342465753424658,0.03767205988891572,0.0684931506849315,188975,0.21891784627596242,457,23,16,7,0.6956521739130435,0.5470459518599562,16.0,0.6608695652173914,3,lendingclub_imb77,rf
7,0.05,most_risky,0.7804541999239832,0.5504885993485342,0.03632846087704213,0.10097719869706841,210477,0.2187744979261392,474,24,14,10,0.5833333333333334,0.5274261603375527,14.0,0.6466666666666666,3,lendingclub_imb77,rf
8,0.05,most_risky,0.7822667528549881,0.5508474576271186,0.03832170580721234,0.1016949152542373,232047,0.2192185203859563,403,21,14,7,0.6666666666666666,0.5483870967741935,14.0,0.6485714285714288,3,lendingclub_imb77,rf
9,0.05,most_risky,0.7840689464757622,0.5568942436412316,0.03770164944716331,0.11378848728246319,253528,0.21930516550440188,496,25,16,9,0.64,0.5846774193548387,16.0,0.6467999999999999,3,lendingclub_imb77,rf
10,0.05,most_risky,0.7825454545454545,0.5492289442467378,0.038445570040687535,0.09845788849347568,274996,0.2189486392529346,510,26,18,8,0.6923076923076923,0.5313725490196078,18.0,0.6565384615384615,3,lendingclub_imb77,rf
0,0.05,most_risky,0.7698333333333334,0.5314685314685315,0.05467625899280575,0.06293706293706294,60000,0.22443333333333335,0,0,0,0,0.0,0.0,0.0,0.0,4,lendingclub_imb77,rf
1,0.05,most_risky,0.7769325153374234,0.5348837209302325,0.05027322404371585,0.06976744186046512,81497,0.22193454973802718,479,24,19,5,0.7916666666666666,0.524008350730689,19.0,0.6699999999999999,4,lendingclub_imb77,rf
2,0.05,most_risky,0.781204468188441,0.5816831683168316,0.051411069787792606,0.16336633663366337,102947,0.22107492204726703,529,27,17,10,0.6296296296296297,0.5595463137996219,17.0,0.6696296296296297,4,lendingclub_imb77,rf
3,0.05,most_risky,0.7802387747718776,0.5573394495412844,0.04404567699836868,0.11467889908256881,124384,0.2207759840493954,543,28,19,9,0.6785714285714286,0.5414364640883977,19.0,0.6474999999999999,4,lendingclub_imb77,rf
4,0.05,most_risky,0.7823017341832887,0.5399610136452242,0.04332864070076646,0.07992202729044834,145888,0.22003180522044308,472,24,15,9,0.625,0.5254237288135594,15.0,0.6758333333333333,4,lendingclub_imb77,rf
5,0.05,most_risky,0.7816943481897479,0.5341130604288499,0.03731444913523083,0.0682261208576998,167377,0.21945070111186124,488,25,14,11,0.56,0.5450819672131147,14.0,0.6559999999999999,4,lendingclub_imb77,rf
6,0.05,most_risky,0.7804955527318933,0.528,0.03963011889035667,0.056,188876,0.21900612041762849,477,24,19,5,0.7916666666666666,0.5639412997903563,19.0,0.65,4,lendingclub_imb77,rf
7,0.05,most_risky,0.7801017255312069,0.5319148936170213,0.03498008825745345,0.06382978723404255,210370,0.21907591386604555,483,25,18,7,0.72,0.5486542443064182,18.0,0.6488,4,lendingclub_imb77,rf
8,0.05,most_risky,0.7793042465546617,0.5301724137931034,0.03591240875912409,0.0603448275862069,231833,0.21929147274115418,515,26,17,9,0.6538461538461539,0.5281553398058253,17.0,0.6453846153846154,4,lendingclub_imb77,rf
9,0.05,most_risky,0.7804704767919166,0.5294117647058824,0.035458452722063036,0.058823529411764705,253359,0.2191830564534909,449,23,12,11,0.5217391304347826,0.5501113585746102,12.0,0.6600000000000003,4,lendingclub_imb77,rf
10,0.05,most_risky,0.7842042063896368,0.5395987328405492,0.04281166219839142,0.0791974656810982,274817,0.21881834093232952,521,27,22,5,0.8148148148148148,0.5355086372360844,22.0,0.6581481481481481,4,lendingclub_imb77,rf
0,0.1,most_risky,0.7838333333333334,0.562874251497006,0.07132018209408195,0.12574850299401197,60000,0.22338333333333332,0,0,0,0,0.0,0.0,0.0,0.0,0,lendingclub_imb77,rf
1,0.1,most_risky,0.784218606079214,0.5411764705882353,0.05194805194805195,0.08235294117647059,81422,0.22153717668443418,589,59,34,25,0.576271186440678,0.5212224108658744,34.0,0.6396610169491523,0,lendingclub_imb77,rf
2,0.1,most_risky,0.7815689705453485,0.5162162162162162,0.042387927208166885,0.032432432432432434,102870,0.2205599300087489,561,57,28,29,0.49122807017543857,0.5098039215686274,28.0,0.6280701754385964,0,lendingclub_imb77,rf
3,0.1,most_risky,0.7808064970047843,0.5571428571428572,0.042545454545454546,0.11428571428571428,124361,0.21994837609861612,513,52,34,18,0.6538461538461539,0.5243664717348928,34.0,0.6305769230769231,0,lendingclub_imb77,rf
4,0.1,most_risky,0.7856334647694154,0.5027726432532348,0.043485211830535574,0.005545286506469501,145822,0.21942505246121985,546,55,36,19,0.6545454545454545,0.5567765567765568,36.0,0.6240000000000001,0,lendingclub_imb77,rf
5,0.1,most_risky,0.7831285684393029,0.51010101010101,0.041695335076372644,0.020202020202020204,167263,0.21922959650370974,568,57,36,21,0.631578947368421,0.573943661971831,36.0,0.6401754385964912,0,lendingclub_imb77,rf
6,0.1,most_risky,0.7846736596736597,0.5629251700680272,0.04035109106424479,0.12585034013605442,188759,0.21904121127999196,507,51,32,19,0.6274509803921569,0.5542406311637081,32.0,0.6366666666666666,0,lendingclub_imb77,rf
7,0.1,most_risky,0.784374331296512,0.5743670886075949,0.03961584633853541,0.14873417721518986,210291,0.21913919283278885,467,47,26,21,0.5531914893617021,0.5353319057815846,26.0,0.6376595744680851,0,lendingclub_imb77,rf
8,0.1,most_risky,0.7833308168503699,0.522038567493113,0.03761039992061129,0.0440771349862259,231801,0.21882131656032544,492,50,29,21,0.58,0.5101626016260162,29.0,0.6452,0,lendingclub_imb77,rf
9,0.1,most_risky,0.783767246313878,0.5491698595146871,0.03897751994198695,0.0983397190293742,253312,0.21869867988883274,490,49,29,20,0.5918367346938775,0.5775510204081633,29.0,0.6336734693877552,0,lendingclub_imb77,rf
10,0.1,most_risky,0.7824678869036789,0.525564803804994,0.03683640303358613,0.05112960760998811,274807,0.21889544298362124,508,51,33,18,0.6470588235294118,0.5039370078740157,33.0,0.635686274509804,0,lendingclub_imb77,rf
0,0.1,most_risky,0.7800833333333334,0.5563139931740614,0.06100299401197605,0.11262798634812286,60000,0.22658333333333333,0,0,0,0,0.0,0.0,0.0,0.0,1,lendingclub_imb77,rf
1,0.1,most_risky,0.7756779973002822,0.5470737913486005,0.05821825074465205,0.09414758269720101,81488,0.22422933438052228,516,52,38,14,0.7307692307692307,0.5310077519379846,38.0,0.6417307692307692,1,lendingclub_imb77,rf
2,0.1,most_risky,0.7790675084992715,0.5217391304347826,0.04467805519053877,0.043478260869565216,102950,0.22131131617289945,545,55,36,19,0.6545454545454545,0.5119266055045871,36.0,0.6419999999999999,1,lendingclub_imb77,rf
3,0.1,most_risky,0.778800176799132,0.5030181086519114,0.04538852578068264,0.006036217303822937,124433,0.22104264945794122,522,53,34,19,0.6415094339622641,0.5613026819923371,34.0,0.6375471698113208,1,lendingclub_imb77,rf
4,0.1,most_risky,0.7823285464578263,0.5322314049586777,0.050391236306729266,0.06446280991735537,145882,0.22009569377990432,559,56,32,24,0.5714285714285714,0.5259391771019678,32.0,0.6492857142857142,1,lendingclub_imb77,rf
5,0.1,most_risky,0.781100621414914,0.5268817204301075,0.039961941008563276,0.053763440860215055,167356,0.21952006501111404,532,54,36,18,0.6666666666666666,0.5469924812030075,36.0,0.6396296296296297,1,lendingclub_imb77,rf
6,0.1,most_risky,0.7810191925876903,0.5387045813586098,0.040980651364018746,0.07740916271721959,188874,0.21918845367811346,483,49,33,16,0.673469387755102,0.5341614906832298,33.0,0.6387755102040816,1,lendingclub_imb77,rf
7,0.1,most_risky,0.7799272761841386,0.5383480825958702,0.039196735395189,0.07669616519174041,210385,0.2191506048435012,491,50,26,24,0.52,0.5234215885947047,26.0,0.6516000000000001,1,lendingclub_imb77,rf
8,0.1,most_risky,0.7828233822800095,0.5378787878787878,0.04204500592183182,0.07575757575757576,231884,0.2190578047644512,504,51,37,14,0.7254901960784313,0.5654761904761905,37.0,0.6462745098039215,1,lendingclub_imb77,rf
9,0.1,most_risky,0.7819025064140517,0.5435356200527705,0.03706035801025456,0.0870712401055409,253350,0.21895401618314583,541,55,33,22,0.6,0.5508317929759704,33.0,0.6465454545454544,1,lendingclub_imb77,rf
10,0.1,most_risky,0.7820242296358278,0.5252747252747253,0.039737301521323466,0.05054945054945055,274867,0.21895316644049667,484,49,27,22,0.5510204081632653,0.5578512396694215,27.0,0.636734693877551,1,lendingclub_imb77,rf
0,0.1,most_risky,0.7753333333333333,0.5,0.04896142433234421,0.0,60000,0.2216,0,0,0,0,0.0,0.0,0.0,0.0,2,lendingclub_imb77,rf
1,0.1,most_risky,0.7814569536423841,0.5033783783783784,0.04178351093662367,0.006756756756756757,81538,0.22014275552503126,460,46,26,20,0.5652173913043478,0.5130434782608696,26.0,0.6343478260869565,2,lendingclub_imb77,rf
2,0.1,most_risky,0.7789580908032596,0.546742209631728,0.0420479302832244,0.09348441926345609,103076,0.22009973223640808,460,46,25,21,0.5434782608695652,0.49782608695652175,25.0,0.6399999999999999,2,lendingclub_imb77,rf
3,0.1,most_risky,0.7798161454779013,0.5440180586907449,0.043627805937726284,0.08803611738148984,124555,0.21941311067399943,526,53,34,19,0.6415094339622641,0.5399239543726235,34.0,0.6379245283018867,2,lendingclub_imb77,rf
4,0.1,most_risky,0.7820490877349126,0.5362903225806451,0.04154302670623145,0.07258064516129033,146064,0.21906150728447804,493,50,33,17,0.66,0.5415821501014199,33.0,0.6274000000000001,2,lendingclub_imb77,rf
5,0.1,most_risky,0.7833974875421478,0.5267034990791897,0.03924259055982437,0.053406998158379376,167563,0.2186580569696174,504,51,30,21,0.5882352941176471,0.5257936507936508,30.0,0.6317647058823529,2,lendingclub_imb77,rf
6,0.1,most_risky,0.785680279305967,0.4976303317535545,0.03888888888888889,-0.004739336492890996,189040,0.2182448159119763,528,53,31,22,0.5849056603773585,0.5662878787878788,31.0,0.6422641509433964,2,lendingclub_imb77,rf
7,0.1,most_risky,0.7812974924012158,0.5303244005641748,0.040635469577434344,0.06064880112834979,210560,0.2186740121580547,480,48,34,14,0.7083333333333334,0.5833333333333334,34.0,0.6341666666666667,2,lendingclub_imb77,rf
8,0.1,most_risky,0.7824822236586942,0.5294811320754716,0.04425825529817644,0.0589622641509434,232048,0.21875646417982486,516,52,41,11,0.7884615384615384,0.5775193798449613,41.0,0.6357692307692309,2,lendingclub_imb77,rf
9,0.1,most_risky,0.7835817952358416,0.5268948655256723,0.0391142571921227,0.05378973105134474,253556,0.2193282746217798,494,50,35,15,0.7,0.5769230769230769,35.0,0.6378,2,lendingclub_imb77,rf
10,0.1,most_risky,0.7819464136401644,0.5399361022364217,0.04200149117720156,0.07987220447284345,275069,0.21911593091188028,488,49,33,16,0.673469387755102,0.5266393442622951,33.0,0.6359183673469387,2,lendingclub_imb77,rf
0,0.1,most_risky,0.77875,0.5595238095238095,0.05251396648044693,0.11904761904761904,60000,0.22273333333333334,0,0,0,0,0.0,0.0,0.0,0.0,3,lendingclub_imb77,rf
1,0.1,most_risky,0.7801766437684003,0.5057803468208093,0.048773690078037904,0.011560693641618497,81520,0.2213199214916585,480,48,29,19,0.6041666666666666,0.5,29.0,0.6327083333333333,3,lendingclub_imb77,rf
2,0.1,most_risky,0.7781497113472081,0.5361111111111111,0.04196564470537073,0.07222222222222222,103062,0.22003260173487804,456,46,31,15,0.6739130434782609,0.543859649122807,31.0,0.6432608695652173,3,lendingclub_imb77,rf
3,0.1,most_risky,0.7808977496088892,0.5258426966292135,0.04266180492251595,0.051685393258426963,124641,0.21975914827384246,415,42,23,19,0.5476190476190477,0.5518072289156627,23.0,0.6314285714285713,3,lendingclub_imb77,rf
4,0.1,most_risky,0.7821477428180574,0.5399159663865546,0.040106117353308365,0.07983193277310924,146200,0.21955540355677156,437,44,27,17,0.6136363636363636,0.562929061784897,27.0,0.6477272727272728,3,lendingclub_imb77,rf
5,0.1,most_risky,0.780819466809805,0.5451127819548872,0.03919978372533117,0.09022556390977443,167667,0.21898167200462823,539,54,29,25,0.5370370370370371,0.5695732838589982,29.0,0.6381481481481481,3,lendingclub_imb77,rf
6,0.1,most_risky,0.7789584985461274,0.521079258010118,0.036842732800763084,0.04215851602023609,189150,0.2192651334919376,522,53,34,19,0.6415094339622641,0.5153256704980843,34.0,0.6318867924528301,3,lendingclub_imb77,rf
7,0.1,most_risky,0.7792679453095328,0.5362318840579711,0.035637842465753425,0.07246376811594203,210637,0.2189691269814895,517,52,28,24,0.5384615384615384,0.5647969052224371,28.0,0.6394230769230769,3,lendingclub_imb77,rf
8,0.1,most_risky,0.780522473241014,0.5627644569816643,0.03881322957198444,0.12552891396332863,232165,0.2192535481231021,472,48,31,17,0.6458333333333334,0.5932203389830508,31.0,0.625,3,lendingclub_imb77,rf
9,0.1,most_risky,0.7815856374278226,0.5475578406169666,0.03818230707179349,0.09511568123393316,253711,0.21948200905754972,452,46,29,17,0.6304347826086957,0.5575221238938053,29.0,0.6204347826086958,3,lendingclub_imb77,rf
10,0.1,most_risky,0.7826868925424653,0.5325112107623319,0.03951747088186356,0.06502242152466367,275221,0.21909301979136767,492,50,25,25,0.5,0.556910569105691,25.0,0.6296,3,lendingclub_imb77,rf
0,0.1,most_risky,0.7698333333333334,0.5314685314685315,0.05467625899280575,0.06293706293706294,60000,0.22443333333333335,0,0,0,0,0.0,0.0,0.0,0.0,4,lendingclub_imb77,rf
1,0.1,most_risky,0.7755289788408464,0.5378151260504201,0.05207485760781123,0.07563025210084033,81521,0.22199187939303983,479,48,29,19,0.6041666666666666,0.524008350730689,29.0,0.6466666666666666,4,lendingclub_imb77,rf
2,0.1,most_risky,0.7748980780430984,0.5197889182058048,0.04233827638082957,0.0395778364116095,103018,0.2212623036750859,506,51,29,22,0.5686274509803921,0.5592885375494071,29.0,0.6394117647058823,4,lendingclub_imb77,rf
3,0.1,most_risky,0.7805210967923241,0.5552941176470588,0.04280014508523758,0.11058823529411765,124545,0.22119715765386005,473,48,31,17,0.6458333333333334,0.5348837209302325,31.0,0.6402083333333333,4,lendingclub_imb77,rf
4,0.1,most_risky,0.7801738892311906,0.556935817805383,0.04153157325922495,0.11387163561076605,146067,0.22033724249830558,478,48,32,16,0.6666666666666666,0.5627615062761506,32.0,0.6375000000000001,4,lendingclub_imb77,rf
5,0.1,most_risky,0.781346933905989,0.48992248062015503,0.04318119704837387,-0.020155038759689922,167638,0.2198785478232859,424,43,21,22,0.4883720930232558,0.5377358490566038,21.0,0.6265116279069768,4,lendingclub_imb77,rf
6,0.1,most_risky,0.7802215231700547,0.5234899328859061,0.037401102853032844,0.04697986577181208,189143,0.21937898838444986,497,50,35,15,0.7,0.5734406438631791,35.0,0.6408,4,lendingclub_imb77,rf
7,0.1,most_risky,0.780528326964612,0.5625899280575539,0.04188986500964217,0.1251798561151079,210662,0.21941308826461345,482,49,25,24,0.5102040816326531,0.5518672199170125,25.0,0.6216326530612245,4,lendingclub_imb77,rf
8,0.1,most_risky,0.7805849918152838,0.5280748663101604,0.03861570045947795,0.05614973262032086,232139,0.2196011872197261,528,53,32,21,0.6037735849056604,0.5359848484848485,32.0,0.629811320754717,4,lendingclub_imb77,rf
9,0.1,most_risky,0.7801233910866694,0.5367741935483871,0.03710310381733856,0.07354838709677419,253661,0.21943065745226897,478,48,29,19,0.6041666666666666,0.5732217573221757,29.0,0.6304166666666666,4,lendingclub_imb77,rf
10,0.1,most_risky,0.7786155523255814,0.5147579693034239,0.03570843570843571,0.0295159386068477,275199,0.21913960443170216,460,46,30,16,0.6521739130434783,0.5304347826086957,30.0,0.6339130434782608,4,lendingclub_imb77,rf
0,0.15,most_risky,0.7838333333333334,0.562874251497006,0.07132018209408195,0.12574850299401197,60000,0.22338333333333332,0,0,0,0,0.0,0.0,0.0,0.0,0,lendingclub_imb77,rf
1,0.15,most_risky,0.7807992142900988,0.5345744680851063,0.05587989991659716,0.06914893617021277,81452,0.22171340175809065,589,89,55,34,0.6179775280898876,0.5212224108658744,55.0,0.6292134831460675,0,lendingclub_imb77,rf
2,0.15,most_risky,0.7812849026368184,0.49859943977591037,0.039529202753719746,-0.0028011204481792717,102963,0.2209434457037965,519,78,42,36,0.5384615384615384,0.5028901734104047,42.0,0.620769230769231,0,lendingclub_imb77,rf
3,0.15,most_risky,0.7814319559892382,0.5266666666666666,0.043351015182001094,0.05333333333333334,124513,0.22032237597680562,474,72,43,29,0.5972222222222222,0.5443037974683544,43.0,0.6245833333333333,0,lendingclub_imb77,rf
4,0.15,most_risky,0.7847702526878039,0.527831094049904,0.043547110055423596,0.05566218809980806,146030,0.21992741217558037,512,77,47,30,0.6103896103896104,0.5390625,47.0,0.6135064935064937,0,lendingclub_imb77,rf
5,0.15,most_risky,0.7797677681263245,0.5341959334565619,0.03897505057316251,0.06839186691312385,167503,0.219799048375253,564,85,56,29,0.6588235294117647,0.5620567375886525,56.0,0.6338823529411765,0,lendingclub_imb77,rf
6,0.15,most_risky,0.7857520766097031,0.5321637426900585,0.04470097015841827,0.06432748538011696,189009,0.21956626404033672,525,79,50,29,0.6329113924050633,0.5580952380952381,50.0,0.6201265822784812,0,lendingclub_imb77,rf
7,0.15,most_risky,0.7846015009024413,0.5304101838755304,0.0411500054866674,0.06082036775106082,210539,0.21956027149364252,497,75,43,32,0.5733333333333334,0.5593561368209256,43.0,0.6221333333333334,0,lendingclub_imb77,rf
8,0.15,most_risky,0.7821440882454326,0.5114795918367347,0.03958538993089832,0.02295918367346939,232077,0.2191988003981437,488,74,38,36,0.5135135135135135,0.5225409836065574,38.0,0.6295945945945945,0,lendingclub_imb77,rf
9,0.15,most_risky,0.7834496628415947,0.5198637911464246,0.041568342711925936,0.039727582292849034,253586,0.2189986828925887,522,79,47,32,0.5949367088607594,0.5996168582375478,47.0,0.619240506329114,0,lendingclub_imb77,rf
10,0.15,most_risky,0.7847275239030065,0.5467625899280576,0.038251824511366495,0.09352517985611511,275070,0.21911149889119133,551,83,43,40,0.5180722891566265,0.5172413793103449,43.0,0.620120481927711,0,lendingclub_imb77,rf
0,0.15,most_risky,0.7800833333333334,0.5563139931740614,0.06100299401197605,0.11262798634812286,60000,0.22658333333333333,0,0,0,0,0.0,0.0,0.0,0.0,1,lendingclub_imb77,rf
1,0.15,most_risky,0.7766668711280132,0.6077844311377245,0.05467277134392674,0.2155688622754491,81514,0.22432956301984935,516,78,52,26,0.6666666666666666,0.5310077519379846,52.0,0.6293589743589744,1,lendingclub_imb77,rf
2,0.15,most_risky,0.7770552266330195,0.518796992481203,0.04491212844434801,0.03759398496240601,103026,0.2215071923592103,518,78,47,31,0.6025641025641025,0.5154440154440154,47.0,0.6323076923076926,1,lendingclub_imb77,rf
3,0.15,most_risky,0.7793255720594139,0.5426356589147286,0.050532394874571375,0.08527131782945736,124547,0.2215388568171052,508,77,47,30,0.6103896103896104,0.5039370078740157,47.0,0.6380519480519482,1,lendingclub_imb77,rf
4,0.15,most_risky,0.7792043275814845,0.5050505050505051,0.046475600309837335,0.010101010101010102,146036,0.22069215809800324,545,82,51,31,0.6219512195121951,0.5119266055045871,51.0,0.6237804878048782,1,lendingclub_imb77,rf
5,0.15,most_risky,0.7812294837361982,0.5148026315789473,0.04259082868417472,0.029605263157894735,167546,0.22001718930920464,521,79,51,28,0.6455696202531646,0.5796545105566219,51.0,0.627848101265823,1,lendingclub_imb77,rf
6,0.15,most_risky,0.7775926366738078,0.5909878682842288,0.040051679586563305,0.18197573656845753,189043,0.21959025195325932,536,81,55,26,0.6790123456790124,0.5447761194029851,55.0,0.631358024691358,1,lendingclub_imb77,rf
7,0.15,most_risky,0.7833281891782806,0.5251017639077341,0.04223507584852123,0.050203527815468114,210595,0.2195446235665614,471,71,42,29,0.5915492957746479,0.5456475583864119,42.0,0.6419718309859157,1,lendingclub_imb77,rf
8,0.15,most_risky,0.781356370373562,0.5411042944785276,0.04316758026624902,0.08220858895705521,232089,0.21931241894273318,539,81,50,31,0.6172839506172839,0.5992578849721707,50.0,0.6362962962962962,1,lendingclub_imb77,rf
9,0.15,most_risky,0.7816708401522172,0.5347137637028014,0.0394429469901168,0.06942752740560293,253581,0.21927510341863152,542,82,47,35,0.573170731707317,0.5239852398523985,47.0,0.6258536585365855,1,lendingclub_imb77,rf
10,0.15,most_risky,0.7818191733013414,0.5625680087051143,0.04266380590856577,0.1251360174102285,275069,0.21919954629565672,546,82,42,40,0.5121951219512195,0.5586080586080586,42.0,0.6271951219512196,1,lendingclub_imb77,rf
0,0.15,most_risky,0.7753333333333333,0.5,0.04896142433234421,0.0,60000,0.2216,0,0,0,0,0.0,0.0,0.0,0.0,2,lendingclub_imb77,rf
1,0.15,most_risky,0.7820143443879115,0.4934640522875817,0.042511261261261264,-0.013071895424836602,81561,0.22022780495579997,460,69,38,31,0.5507246376811594,0.5130434782608696,38.0,0.622753623188406,2,lendingclub_imb77,rf
2,0.15,most_risky,0.7785049447353112,0.5580736543909348,0.04273318872017354,0.11614730878186968,103137,0.2201052968381861,443,67,34,33,0.5074626865671642,0.5327313769751693,34.0,0.6177611940298506,2,lendingclub_imb77,rf
3,0.15,most_risky,0.7789541225537375,0.5146726862302483,0.04126696832579185,0.029345372460496615,124679,0.2195638399409684,483,73,46,27,0.6301369863013698,0.546583850931677,46.0,0.6276712328767123,2,lendingclub_imb77,rf
4,0.15,most_risky,0.7826295093178322,0.5183752417794971,0.04203262233375157,0.0367504835589942,146223,0.21917208647066466,480,72,43,29,0.5972222222222222,0.5666666666666667,43.0,0.6240277777777776,2,lendingclub_imb77,rf
5,0.15,most_risky,0.7820203284747682,0.5396290050590219,0.043478260869565216,0.07925801011804384,167745,0.21872485021908253,506,76,52,24,0.6842105263157895,0.567193675889328,52.0,0.6265789473684212,2,lendingclub_imb77,rf
6,0.15,most_risky,0.7826236263736264,0.526984126984127,0.04017911170277139,0.05396825396825397,189279,0.2185028450065776,492,74,43,31,0.581081081081081,0.5304878048780488,43.0,0.6166216216216217,2,lendingclub_imb77,rf
7,0.15,most_risky,0.7802627834171331,0.5405405405405406,0.040763784595580346,0.08108108108108109,210818,0.21897086586534356,486,73,44,29,0.6027397260273972,0.5596707818930041,44.0,0.6173972602739726,2,lendingclub_imb77,rf
8,0.15,most_risky,0.784876589701104,0.5167701863354037,0.041500399042298484,0.03354037267080745,232353,0.21908045086570865,491,74,42,32,0.5675675675675675,0.5621181262729125,42.0,0.6202702702702704,2,lendingclub_imb77,rf
9,0.15,most_risky,0.7804849224951251,0.5313953488372093,0.04080721492990445,0.06279069767441861,253853,0.21961134987571548,532,80,51,29,0.6375,0.575187969924812,51.0,0.6236249999999999,2,lendingclub_imb77,rf
10,0.15,most_risky,0.7823308338931353,0.5248070562293274,0.03955459531327904,0.04961411245865491,275395,0.21939033025290947,483,73,39,34,0.5342465753424658,0.5238095238095238,39.0,0.6202739726027398,2,lendingclub_imb77,rf
0,0.15,most_risky,0.77875,0.5595238095238095,0.05251396648044693,0.11904761904761904,60000,0.22273333333333334,0,0,0,0,0.0,0.0,0.0,0.0,3,lendingclub_imb77,rf
1,0.15,most_risky,0.7769942976270771,0.5157593123209169,0.049342105263157895,0.03151862464183381,81544,0.2214142058275287,480,72,42,30,0.5833333333333334,0.5,42.0,0.6193055555555556,3,lendingclub_imb77,rf
2,0.15,most_risky,0.781879031866906,0.5382653061224489,0.04660923348796112,0.07653061224489796,103085,0.22018722413542222,484,73,43,30,0.589041095890411,0.5206611570247934,43.0,0.6232876712328768,3,lendingclub_imb77,rf
3,0.15,most_risky,0.7824621926270608,0.5879629629629629,0.04619021640298236,0.17592592592592593,124643,0.21999630945981724,464,70,46,24,0.6571428571428571,0.5237068965517241,46.0,0.6318571428571429,3,lendingclub_imb77,rf
4,0.15,most_risky,0.7837477341906358,0.5926724137931034,0.04290841004836948,0.1853448275862069,146191,0.21970572743876163,476,72,45,27,0.625,0.5756302521008403,45.0,0.6243055555555554,3,lendingclub_imb77,rf
5,0.15,most_risky,0.7800071552083955,0.533457249070632,0.03870532703978422,0.06691449814126393,167706,0.2192646655456573,515,78,45,33,0.5769230769230769,0.5572815533980583,45.0,0.626923076923077,3,lendingclub_imb77,rf
6,0.15,most_risky,0.7785116107045676,0.5481099656357389,0.03779620853080569,0.09621993127147767,189261,0.21964905606543345,468,71,43,28,0.6056338028169014,0.5064102564102564,43.0,0.6278873239436622,3,lendingclub_imb77,rf
7,0.15,most_risky,0.7796200099622856,0.5256609642301711,0.03625053625053625,0.05132192846034215,210794,0.219503401425088,493,74,50,24,0.6756756756756757,0.5354969574036511,50.0,0.6228378378378379,3,lendingclub_imb77,rf
8,0.15,most_risky,0.7810240963855422,0.5677154582763337,0.040381434270701566,0.1354309165526676,232398,0.2199115310803019,410,62,37,25,0.5967741935483871,0.5585365853658537,37.0,0.6237096774193551,3,lendingclub_imb77,rf
9,0.15,most_risky,0.783082951032704,0.5432801822323462,0.043000090146939514,0.08656036446469248,253944,0.22002488737674447,478,72,53,19,0.7361111111111112,0.608786610878661,53.0,0.6198611111111111,3,lendingclub_imb77,rf
10,0.15,most_risky,0.7841443272773472,0.5372972972972972,0.04154823608092292,0.0745945945945946,275485,0.21965987258834418,484,73,43,30,0.589041095890411,0.5516528925619835,43.0,0.6272602739726028,3,lendingclub_imb77,rf
0,0.15,most_risky,0.7698333333333334,0.5314685314685315,0.05467625899280575,0.06293706293706294,60000,0.22443333333333335,0,0,0,0,0.0,0.0,0.0,0.0,4,lendingclub_imb77,rf
1,0.15,most_risky,0.7798761420074806,0.5266106442577031,0.052091992241618174,0.05322128851540616,81545,0.22208596480470905,479,72,42,30,0.5833333333333334,0.524008350730689,42.0,0.6318055555555554,4,lendingclub_imb77,rf
2,0.15,most_risky,0.7757943245209798,0.5780487804878048,0.05057618437900128,0.15609756097560976,103073,0.22165843625391712,499,75,44,31,0.5866666666666667,0.5170340681362725,44.0,0.6481333333333333,4,lendingclub_imb77,rf
3,0.15,most_risky,0.7796276979860387,0.5536480686695279,0.04654519213422335,0.1072961373390558,124628,0.2214269666527586,468,71,35,36,0.49295774647887325,0.561965811965812,35.0,0.6219718309859156,4,lendingclub_imb77,rf
4,0.15,most_risky,0.7827603899435608,0.5543278084714549,0.0469578783151326,0.10865561694290976,146175,0.22068069095262527,477,72,39,33,0.5416666666666666,0.5220125786163522,39.0,0.62,4,lendingclub_imb77,rf
5,0.15,most_risky,0.7790132657624087,0.5348837209302325,0.040123456790123455,0.06976744186046512,167725,0.22007452675510508,474,72,37,35,0.5138888888888888,0.5611814345991561,37.0,0.6234722222222222,4,lendingclub_imb77,rf
6,0.15,most_risky,0.7801167428224294,0.5109809663250366,0.04184652278177458,0.021961932650073207,189303,0.21967956133817212,440,66,42,24,0.6363636363636364,0.5727272727272728,42.0,0.6196969696969697,4,lendingclub_imb77,rf
7,0.15,most_risky,0.7825385910416617,0.5544117647058824,0.04077879935100054,0.10882352941176471,210864,0.21978621291448516,460,69,41,28,0.5942028985507246,0.5456521739130434,41.0,0.6273913043478262,4,lendingclub_imb77,rf
8,0.15,most_risky,0.778181896440408,0.5551181102362205,0.040708305264170914,0.11023622047244094,232329,0.21989075836421626,573,86,43,43,0.5,0.537521815008726,43.0,0.6276744186046512,4,lendingclub_imb77,rf
9,0.15,most_risky,0.78104015281306,0.5426621160409556,0.04261211363230302,0.08532423208191127,253905,0.21977117425808865,443,67,50,17,0.746268656716418,0.5959367945823928,50.0,0.6205970149253732,4,lendingclub_imb77,rf
10,0.15,most_risky,0.7802748379835532,0.5161290322580645,0.03955826602933905,0.03225806451612903,275434,0.21945366222035043,498,75,46,29,0.6133333333333333,0.5261044176706827,46.0,0.6254666666666667,4,lendingclub_imb77,rf
0,0.2,most_risky,0.7838333333333334,0.562874251497006,0.07132018209408195,0.12574850299401197,60000,0.22338333333333332,0,0,0,0,0.0,0.0,0.0,0.0,0,lendingclub_imb77,rf
1,0.2,most_risky,0.7791618089218875,0.5028248587570622,0.04943071369064149,0.005649717514124294,81481,0.22180631067365397,589,118,69,49,0.5847457627118644,0.5212224108658744,69.0,0.6210169491525426,0,lendingclub_imb77,rf
2,0.2,most_risky,0.7797786622657994,0.5355329949238579,0.04622124863088718,0.07106598984771574,103009,0.22098069100758186,530,106,53,53,0.5,0.5132075471698113,53.0,0.6186792452830189,0,lendingclub_imb77,rf
3,0.2,most_risky,0.7796236106095261,0.5391120507399577,0.04612045577862181,0.07822410147991543,124601,0.22044766895931814,450,90,60,30,0.6666666666666666,0.5644444444444444,60.0,0.6071111111111112,0,lendingclub_imb77,rf
4,0.2,most_risky,0.7831947723151664,0.5227686703096539,0.04511160012574662,0.04553734061930783,146141,0.22008197562627874,516,104,71,33,0.6826923076923077,0.5581395348837209,71.0,0.6081730769230769,0,lendingclub_imb77,rf
5,0.2,most_risky,0.7844997315195991,0.5296803652968036,0.04791408508880628,0.0593607305936073,167609,0.22002995065897415,606,122,78,44,0.639344262295082,0.5346534653465347,78.0,0.6176229508196721,0,lendingclub_imb77,rf
6,0.2,most_risky,0.7848626642345414,0.5585185185185185,0.04588049166362419,0.11703703703703704,189134,0.21978597185064558,534,107,66,41,0.616822429906542,0.5655430711610487,66.0,0.6178504672897195,0,lendingclub_imb77,rf
7,0.2,most_risky,0.7843546779323112,0.5499383477188656,0.04865277626268136,0.0998766954377312,210669,0.2198377549615748,522,105,64,41,0.6095238095238096,0.5383141762452107,64.0,0.6179047619047617,0,lendingclub_imb77,rf
8,0.2,most_risky,0.7811012769989448,0.5458937198067633,0.04413631481300654,0.09178743961352658,232184,0.21941649726079315,547,110,61,49,0.5545454545454546,0.5319926873857403,61.0,0.6190909090909091,0,lendingclub_imb77,rf
9,0.2,most_risky,0.783391794427147,0.5531428571428572,0.043662607126747854,0.10628571428571429,253728,0.21927812460587717,510,102,63,39,0.6176470588235294,0.5901960784313726,63.0,0.6158823529411765,0,lendingclub_imb77,rf
10,0.2,most_risky,0.7839315556201409,0.5524920466595971,0.043438385859596466,0.10498409331919406,275259,0.21942970075456206,527,106,63,43,0.5943396226415094,0.5275142314990512,63.0,0.6144339622641509,0,lendingclub_imb77,rf
0,0.2,most_risky,0.7800833333333334,0.5563139931740614,0.06100299401197605,0.11262798634812286,60000,0.22658333333333333,0,0,0,0,0.0,0.0,0.0,0.0,1,lendingclub_imb77,rf
1,0.2,most_risky,0.7798626441010547,0.5451807228915663,0.05,0.09036144578313253,81540,0.22444199166053472,516,104,67,37,0.6442307692307693,0.5310077519379846,67.0,0.6199038461538462,1,lendingclub_imb77,rf
2,0.2,most_risky,0.7802085859810818,0.5406091370558376,0.04667981591058514,0.08121827411167512,103074,0.22166598754293032,523,105,56,49,0.5333333333333333,0.5047801147227533,56.0,0.622095238095238,1,lendingclub_imb77,rf
3,0.2,most_risky,0.7768860353130016,0.559322033898305,0.04700854700854701,0.11864406779661017,124597,0.22155429103429455,537,108,67,41,0.6203703703703703,0.5400372439478585,67.0,0.6228703703703705,1,lendingclub_imb77,rf
4,0.2,most_risky,0.7803517656720503,0.541095890410959,0.048863460646358436,0.0821917808219178,146118,0.22082837159008473,539,108,69,39,0.6388888888888888,0.5046382189239332,69.0,0.6165740740740739,1,lendingclub_imb77,rf
5,0.2,most_risky,0.7806238072519084,0.5569823434991974,0.046715131933225636,0.11396468699839486,167678,0.2202793449349348,490,98,57,41,0.5816326530612245,0.5571428571428572,57.0,0.6212244897959182,1,lendingclub_imb77,rf
6,0.2,most_risky,0.7767913760304376,0.5423976608187134,0.043616270867622854,0.0847953216374269,189240,0.21990593954766435,488,98,62,36,0.6326530612244898,0.5512295081967213,62.0,0.6276530612244897,1,lendingclub_imb77,rf
7,0.2,most_risky,0.7821714068837915,0.5817378497790869,0.04250053798149344,0.1634756995581738,210785,0.21982114476836587,509,102,62,40,0.6078431372549019,0.550098231827112,62.0,0.6270588235294119,1,lendingclub_imb77,rf
8,0.2,most_risky,0.7799320020657601,0.5221674876847291,0.04131345610445289,0.04433497536945813,232356,0.21974470209506103,477,96,58,38,0.6041666666666666,0.570230607966457,58.0,0.6262499999999999,1,lendingclub_imb77,rf
9,0.2,most_risky,0.779891678975874,0.5556805399325084,0.043813747228381376,0.11136107986501688,253875,0.2197183653372723,542,109,71,38,0.6513761467889908,0.5350553505535055,71.0,0.6232110091743122,1,lendingclub_imb77,rf
10,0.2,most_risky,0.7827302601717533,0.5339901477832513,0.045031571950814225,0.06798029556650247,275394,0.2197106690777577,542,109,58,51,0.5321100917431193,0.5276752767527675,58.0,0.6220183486238532,1,lendingclub_imb77,rf
0,0.2,most_risky,0.7753333333333333,0.5,0.04896142433234421,0.0,60000,0.2216,0,0,0,0,0.0,0.0,0.0,0.0,2,lendingclub_imb77,rf
1,0.2,most_risky,0.7827419255990684,0.5598705501618123,0.04829704075935232,0.11974110032362459,81584,0.22033732104334183,460,92,52,40,0.5652173913043478,0.5130434782608696,52.0,0.6136956521739129,2,lendingclub_imb77,rf
2,0.2,most_risky,0.778482852160434,0.5511221945137157,0.04789770264412657,0.10224438902743142,103216,0.22046000620058906,400,80,51,29,0.6375,0.5325,51.0,0.6054999999999999,2,lendingclub_imb77,rf
3,0.2,most_risky,0.7790511299887802,0.529045643153527,0.046012269938650305,0.058091286307053944,124779,0.21991681292525184,487,98,62,36,0.6326530612244898,0.5503080082135524,62.0,0.6108163265306122,2,lendingclub_imb77,rf
4,0.2,most_risky,0.7811870024259405,0.5052816901408451,0.04477379095163807,0.01056338028169014,146333,0.21954036341768432,498,100,64,36,0.64,0.5642570281124498,64.0,0.6175,2,lendingclub_imb77,rf
5,0.2,most_risky,0.7833675870491168,0.5008695652173913,0.03959307121253781,0.0017391304347826088,167861,0.21905624296292767,530,106,69,37,0.6509433962264151,0.5679245283018868,69.0,0.6413207547169811,2,lendingclub_imb77,rf
6,0.2,most_risky,0.783148113929731,0.5291411042944786,0.04180298073427845,0.05828220858895705,189414,0.2187166735299397,499,100,58,42,0.58,0.5751503006012024,58.0,0.6131999999999999,2,lendingclub_imb77,rf
7,0.2,most_risky,0.7793654178810928,0.5282485875706214,0.039995722382632874,0.05649717514124294,211005,0.21931707779436507,452,91,61,30,0.6703296703296703,0.5420353982300885,61.0,0.6047252747252747,2,lendingclub_imb77,rf
8,0.2,most_risky,0.7827610672744082,0.528976572133169,0.042261846123534626,0.05795314426633785,232551,0.21940993588503166,508,102,59,43,0.5784313725490197,0.5649606299212598,59.0,0.618235294117647,2,lendingclub_imb77,rf
9,0.2,most_risky,0.7831296853786671,0.5435028248587571,0.043337237588971976,0.08700564971751412,254114,0.22004690808062524,487,98,65,33,0.6632653061224489,0.5585215605749486,65.0,0.6199999999999999,2,lendingclub_imb77,rf
10,0.2,most_risky,0.7818485200232154,0.5512820512820513,0.04256021115143517,0.10256410256410256,275677,0.2197354149965358,487,98,55,43,0.5612244897959183,0.5749486652977412,55.0,0.6222448979591837,2,lendingclub_imb77,rf
0,0.2,most_risky,0.77875,0.5595238095238095,0.05251396648044693,0.11904761904761904,60000,0.22273333333333334,0,0,0,0,0.0,0.0,0.0,0.0,3,lendingclub_imb77,rf
1,0.2,most_risky,0.7813534387642516,0.5654761904761905,0.052617003600110776,0.13095238095238096,81568,0.2214961749705767,480,96,54,42,0.5625,0.5,54.0,0.6097916666666666,3,lendingclub_imb77,rf
2,0.2,most_risky,0.7799050019387359,0.5135802469135803,0.04569420035149385,0.027160493827160494,103159,0.22038794482304017,452,91,51,40,0.5604395604395604,0.5199115044247787,51.0,0.6228571428571428,3,lendingclub_imb77,rf
3,0.2,most_risky,0.7844488977955911,0.562929061784897,0.04527885146327996,0.12585812356979406,124749,0.22010597279336908,453,91,48,43,0.5274725274725275,0.5408388520971302,48.0,0.6187912087912089,3,lendingclub_imb77,rf
4,0.2,most_risky,0.7799002186987425,0.5376344086021505,0.03860407659048796,0.07526881720430108,146316,0.21988025916509474,482,97,61,36,0.6288659793814433,0.5684647302904564,61.0,0.6071134020618556,3,lendingclub_imb77,rf
5,0.2,most_risky,0.7777877055039314,0.5259391771019678,0.03925233644859813,0.0518783542039356,167877,0.21945829386991667,489,98,59,39,0.6020408163265306,0.5807770961145194,59.0,0.6140816326530613,3,lendingclub_imb77,rf
6,0.2,most_risky,0.7806924944579331,0.5290519877675841,0.04144705318639195,0.0581039755351682,189459,0.21979425627708368,463,93,51,42,0.5483870967741935,0.5269978401727862,51.0,0.6177419354838708,3,lendingclub_imb77,rf
7,0.2,most_risky,0.7779646961260515,0.5422222222222223,0.03882053457785321,0.08444444444444445,211021,0.21963690817501574,488,98,66,32,0.673469387755102,0.5594262295081968,66.0,0.619081632653061,3,lendingclub_imb77,rf
8,0.2,most_risky,0.7809134873723804,0.5675675675675675,0.04484130835678928,0.13513513513513514,232622,0.22004797482611274,439,88,61,27,0.6931818181818182,0.5694760820045558,61.0,0.6155681818181817,3,lendingclub_imb77,rf
9,0.2,most_risky,0.7786672436174816,0.5483503981797497,0.0425119068618804,0.09670079635949944,254208,0.22026057401812688,458,92,64,28,0.6956521739130435,0.5786026200873362,64.0,0.6103260869565217,3,lendingclub_imb77,rf
10,0.2,most_risky,0.7792685801316338,0.5228891149542217,0.04206563548571896,0.04577822990844354,275764,0.21992355782480671,496,100,59,41,0.59,0.5383064516129032,59.0,0.6139999999999999,3,lendingclub_imb77,rf
0,0.2,most_risky,0.7698333333333334,0.5314685314685315,0.05467625899280575,0.06293706293706294,60000,0.22443333333333335,0,0,0,0,0.0,0.0,0.0,0.0,4,lendingclub_imb77,rf
1,0.2,most_risky,0.7771239426259654,0.5393586005830904,0.050505050505050504,0.07871720116618076,81569,0.22225355220733367,479,96,61,35,0.6354166666666666,0.524008350730689,61.0,0.6213541666666665,4,lendingclub_imb77,rf
2,0.2,most_risky,0.7759297871308733,0.5858823529411765,0.053046442266723476,0.17176470588235293,103112,0.22175886414772286,512,103,64,39,0.6213592233009708,0.54296875,64.0,0.6138834951456308,4,lendingclub_imb77,rf
3,0.2,most_risky,0.7797120051341703,0.5711382113821138,0.05052139518158936,0.14227642276422764,124654,0.22170969242864247,513,103,68,35,0.6601941747572816,0.5341130604288499,68.0,0.6181553398058252,4,lendingclub_imb77,rf
4,0.2,most_risky,0.7808481532147743,0.5541740674955595,0.04823002009584171,0.108348134991119,146196,0.2208883963993543,513,103,59,44,0.5728155339805825,0.5360623781676414,59.0,0.6323300970873789,4,lendingclub_imb77,rf
5,0.2,most_risky,0.780973385390278,0.5461658841940532,0.04711123110151188,0.09233176838810642,167761,0.2204624435953529,484,97,65,32,0.6701030927835051,0.5289256198347108,65.0,0.6341237113402063,4,lendingclub_imb77,rf
6,0.2,most_risky,0.7802932241447629,0.5239327296248383,0.04847977016997845,0.047865459249676584,189275,0.22000264165896183,548,110,71,39,0.6454545454545455,0.5456204379562044,71.0,0.616727272727273,4,lendingclub_imb77,rf
7,0.2,most_risky,0.7782495256166982,0.5448460508701473,0.04322429906542056,0.08969210174029452,210796,0.2200373821135126,539,108,69,39,0.6388888888888888,0.549165120593692,69.0,0.6251851851851853,4,lendingclub_imb77,rf
8,0.2,most_risky,0.7791936629571432,0.5512820512820513,0.04571815194277982,0.10256410256410256,232285,0.22022945950018297,579,116,67,49,0.5775862068965517,0.5198618307426598,67.0,0.6201724137931035,4,lendingclub_imb77,rf
9,0.2,most_risky,0.779301107040145,0.5505226480836237,0.04198033832255779,0.10104529616724739,253830,0.22003309301501003,509,102,70,32,0.6862745098039216,0.5952848722986247,70.0,0.627450980392157,4,lendingclub_imb77,rf
10,0.2,most_risky,0.7809816062317287,0.5451895043731778,0.046153846153846156,0.09037900874635568,275363,0.21962282514353781,524,105,60,45,0.5714285714285714,0.5629770992366412,60.0,0.6195238095238095,4,lendingclub_imb77,rf
0,0.3,most_risky,0.7838333333333334,0.562874251497006,0.07132018209408195,0.12574850299401197,60000,0.22338333333333332,0,0,0,0,0.0,0.0,0.0,0.0,0,lendingclub_imb77,rf
1,0.3,most_risky,0.7804758400784891,0.5346260387811634,0.05353675450762829,0.06925207756232687,81540,0.22198920775079717,589,177,97,80,0.5480225988700564,0.5212224108658744,97.0,0.6077401129943504,0,lendingclub_imb77,rf
2,0.3,most_risky,0.7799970911911572,0.5256723716381418,0.04715946479491116,0.05134474327628362,103135,0.22148640131866001,511,154,77,77,0.5,0.4774951076320939,77.0,0.6051298701298701,0,lendingclub_imb77,rf
3,0.3,most_risky,0.7782275842719147,0.532347504621072,0.05172413793103448,0.06469500924214418,124744,0.22095651895081125,490,147,86,61,0.5850340136054422,0.5408163265306123,86.0,0.6060544217687075,0,lendingclub_imb77,rf
4,0.3,most_risky,0.7821704366842069,0.5416666666666666,0.044555226670821,0.08333333333333333,146328,0.22051145372040895,527,159,102,57,0.6415094339622641,0.5882352941176471,102.0,0.600062893081761,0,lendingclub_imb77,rf
5,0.3,most_risky,0.7844018939281141,0.5552147239263804,0.04950765864332604,0.11042944785276074,167902,0.22052745053662257,540,162,104,58,0.6419753086419753,0.5666666666666667,104.0,0.6051851851851852,0,lendingclub_imb77,rf
6,0.3,most_risky,0.7842423282936225,0.5532544378698225,0.04533882894896351,0.10650887573964497,189495,0.22039631652550198,514,155,101,54,0.6516129032258065,0.5642023346303502,101.0,0.5981290322580646,0,lendingclub_imb77,rf
7,0.3,most_risky,0.7839124564769416,0.5522565320665083,0.05048311801107372,0.10451306413301663,211091,0.22048784647379566,509,153,82,71,0.5359477124183006,0.518664047151277,82.0,0.6005228758169935,0,lendingclub_imb77,rf
8,0.3,most_risky,0.7827609919628659,0.5409090909090909,0.046753756998330225,0.08181818181818182,232670,0.2201229208750591,533,160,90,70,0.5625,0.5234521575984991,90.0,0.607875,0,lendingclub_imb77,rf
9,0.3,most_risky,0.7823376725527982,0.5009523809523809,0.047511516574835155,0.0019047619047619048,254270,0.220096747551815,503,151,91,60,0.6026490066225165,0.5427435387673957,91.0,0.6078145695364239,0,lendingclub_imb77,rf
10,0.3,most_risky,0.7839067541601711,0.5345149253731343,0.04776990412671946,0.06902985074626866,275826,0.2202076671524802,566,170,88,82,0.5176470588235295,0.5141342756183745,88.0,0.6084705882352941,0,lendingclub_imb77,rf
0,0.3,most_risky,0.7800833333333334,0.5563139931740614,0.06100299401197605,0.11262798634812286,60000,0.22658333333333333,0,0,0,0,0.0,0.0,0.0,0.0,1,lendingclub_imb77,rf
1,0.3,most_risky,0.7779888473558428,0.5286458333333334,0.05569272976680384,0.057291666666666664,81591,0.2246816438087534,516,155,98,57,0.632258064516129,0.5310077519379846,98.0,0.6050322580645161,1,lendingclub_imb77,rf
2,0.3,most_risky,0.7805138148327678,0.5180722891566265,0.04732555580013207,0.03614457831325301,103148,0.22186566874781866,565,170,99,71,0.5823529411764706,0.5327433628318584,99.0,0.6056470588235294,1,lendingclub_imb77,rf
3,0.3,most_risky,0.7788688925407832,0.5020491803278688,0.044392100018119225,0.004098360655737705,124743,0.2218561362160602,511,154,98,56,0.6363636363636364,0.5636007827788649,98.0,0.6063636363636364,1,lendingclub_imb77,rf
4,0.3,most_risky,0.7744327501366867,0.5610619469026549,0.04752623688155922,0.12212389380530973,146318,0.2211142853237469,539,162,92,70,0.5679012345679012,0.5176252319109462,92.0,0.6098765432098765,1,lendingclub_imb77,rf
5,0.3,most_risky,0.7794384732188049,0.5361344537815126,0.042813045228828346,0.07226890756302522,167934,0.22069979873045362,481,145,92,53,0.6344827586206897,0.5550935550935551,92.0,0.5993793103448276,1,lendingclub_imb77,rf
6,0.3,most_risky,0.7782526115859449,0.5823170731707317,0.04486727742541696,0.16463414634146342,189540,0.22037037037037038,495,149,97,52,0.6510067114093959,0.5595959595959596,97.0,0.6058389261744968,1,lendingclub_imb77,rf
7,0.3,most_risky,0.7797878386057966,0.5424403183023873,0.04367791542076036,0.08488063660477453,211156,0.2203442004963155,480,144,84,60,0.5833333333333334,0.55,84.0,0.6068055555555555,1,lendingclub_imb77,rf
8,0.3,most_risky,0.7800382392747427,0.5501730103806228,0.04619407321324811,0.10034602076124567,232742,0.22027395141401207,524,158,98,60,0.620253164556962,0.5648854961832062,98.0,0.61373417721519,1,lendingclub_imb77,rf
9,0.3,most_risky,0.7820290994887927,0.5334018499486125,0.04654291094969061,0.06680369989722508,254298,0.22022980912158177,567,171,107,64,0.6257309941520468,0.5485008818342152,107.0,0.6099415204678363,1,lendingclub_imb77,rf
10,0.3,most_risky,0.7795479673028474,0.5150375939849624,0.04493644936449365,0.03007518796992481,275864,0.22026070817504279,552,166,94,72,0.5662650602409639,0.5253623188405797,94.0,0.6014457831325303,1,lendingclub_imb77,rf
0,0.3,most_risky,0.7753333333333333,0.5,0.04896142433234421,0.0,60000,0.2216,0,0,0,0,0.0,0.0,0.0,0.0,2,lendingclub_imb77,rf
1,0.3,most_risky,0.77937032953571,0.5232198142414861,0.04672380425767211,0.04643962848297214,81630,0.22059291926987626,460,138,83,55,0.6014492753623188,0.5130434782608696,83.0,0.5997101449275364,2,lendingclub_imb77,rf
2,0.3,most_risky,0.7787083656080558,0.5103626943005182,0.043022493994321905,0.02072538860103627,103277,0.22055249474713634,436,131,67,64,0.5114503816793893,0.5435779816513762,67.0,0.5890076335877863,2,lendingclub_imb77,rf
3,0.3,most_risky,0.7773952035873003,0.56,0.04241668151844591,0.12,124884,0.22006021588033695,493,148,93,55,0.6283783783783784,0.5699797160243407,93.0,0.6025675675675676,2,lendingclub_imb77,rf
4,0.3,most_risky,0.7795297088836558,0.5018518518518519,0.04193748065614361,0.003703703703703704,146505,0.21982184908364902,473,142,87,55,0.6126760563380281,0.5623678646934461,87.0,0.6033802816901409,2,lendingclub_imb77,rf
5,0.3,most_risky,0.7829526528669998,0.5313001605136437,0.045113806732997135,0.06260032102728733,168118,0.2194351586385753,485,146,89,57,0.6095890410958904,0.5773195876288659,89.0,0.6086301369863014,2,lendingclub_imb77,rf
6,0.3,most_risky,0.7845922724157925,0.5303468208092486,0.04467437614120511,0.06069364161849711,189709,0.2192199632068062,516,155,90,65,0.5806451612903226,0.5406976744186046,90.0,0.6009677419354839,2,lendingclub_imb77,rf
7,0.3,most_risky,0.7819605801765137,0.5393258426966292,0.04656175899978444,0.07865168539325842,211314,0.21972988065154225,496,149,87,62,0.5838926174496645,0.5564516129032258,87.0,0.5950335570469799,2,lendingclub_imb77,rf
8,0.3,most_risky,0.7839386913961875,0.5524475524475524,0.04667651403249631,0.1048951048951049,232916,0.21990760617561697,500,150,91,59,0.6066666666666667,0.556,91.0,0.5972666666666667,2,lendingclub_imb77,rf
9,0.3,most_risky,0.782126087896112,0.5739130434782609,0.04703367183324426,0.14782608695652175,254505,0.2204828981748885,519,156,100,56,0.6410256410256411,0.5895953757225434,100.0,0.6039743589743589,2,lendingclub_imb77,rf
10,0.3,most_risky,0.7788602575014034,0.5408678102926338,0.04360204994712438,0.08173562058526741,276114,0.2203111758186836,491,148,88,60,0.5945945945945946,0.5193482688391039,88.0,0.590945945945946,2,lendingclub_imb77,rf
0,0.3,most_risky,0.77875,0.5595238095238095,0.05251396648044693,0.11904761904761904,60000,0.22273333333333334,0,0,0,0,0.0,0.0,0.0,0.0,3,lendingclub_imb77,rf
1,0.3,most_risky,0.7759127664788042,0.565625,0.04891891891891892,0.13125,81616,0.22168447363262106,480,144,80,64,0.5555555555555556,0.5,80.0,0.5965972222222222,3,lendingclub_imb77,rf
2,0.3,most_risky,0.779946718333737,0.47244094488188976,0.039805395842547546,-0.05511811023622047,103224,0.2204332325815702,492,148,75,73,0.5067567567567568,0.540650406504065,75.0,0.6116216216216217,3,lendingclub_imb77,rf
3,0.3,most_risky,0.779504224900885,0.5474747474747474,0.04880244912659824,0.09494949494949495,124851,0.22037468662645873,465,140,85,55,0.6071428571428571,0.5268817204301075,85.0,0.6066428571428572,3,lendingclub_imb77,rf
4,0.3,most_risky,0.7811529403733916,0.5553398058252427,0.044210851754521566,0.11067961165048544,146493,0.2203927832729209,444,134,85,49,0.6343283582089553,0.5405405405405406,85.0,0.5949253731343286,3,lendingclub_imb77,rf
5,0.3,most_risky,0.7810370987415584,0.5993265993265994,0.04760631184808772,0.19865319865319866,168064,0.22006497524752475,545,164,92,72,0.5609756097560976,0.5284403669724771,92.0,0.6004878048780488,3,lendingclub_imb77,rf
6,0.3,most_risky,0.7795792470737108,0.553072625698324,0.0469361147327249,0.10614525139664804,189658,0.2204283499773276,512,154,94,60,0.6103896103896104,0.51953125,94.0,0.6017532467532468,3,lendingclub_imb77,rf
7,0.3,most_risky,0.78203247029867,0.5551181102362205,0.04551323434473854,0.11023622047244094,211266,0.22027207406776292,492,148,94,54,0.6351351351351351,0.5630081300813008,94.0,0.6011486486486486,3,lendingclub_imb77,rf
8,0.3,most_risky,0.7786246430641733,0.5383663366336634,0.04193579485201967,0.07673267326732673,232881,0.22065346679205258,482,145,95,50,0.6551724137931034,0.5684647302904564,95.0,0.5988965517241379,3,lendingclub_imb77,rf
9,0.3,most_risky,0.7817767474755413,0.5429769392033543,0.04629133154602323,0.0859538784067086,254506,0.2208788790834008,468,141,92,49,0.6524822695035462,0.5726495726495726,92.0,0.6051063829787234,3,lendingclub_imb77,rf
10,0.3,most_risky,0.7825189263592567,0.5355493998153278,0.04799338022341746,0.07109879963065559,276068,0.22053986698929248,558,168,100,68,0.5952380952380952,0.5268817204301075,100.0,0.6137500000000001,3,lendingclub_imb77,rf
0,0.3,most_risky,0.7698333333333334,0.5314685314685315,0.05467625899280575,0.06293706293706294,60000,0.22443333333333335,0,0,0,0,0.0,0.0,0.0,0.0,4,lendingclub_imb77,rf
1,0.3,most_risky,0.7807522666013232,0.5949008498583569,0.0575973669775096,0.18980169971671387,81617,0.22238014139211193,479,144,82,62,0.5694444444444444,0.524008350730689,82.0,0.6057638888888888,4,lendingclub_imb77,rf
2,0.3,most_risky,0.7783053146649872,0.5576470588235294,0.051243243243243246,0.11529411764705882,103201,0.2218970746407496,527,159,85,74,0.5345911949685535,0.5426944971537002,85.0,0.6032075471698115,4,lendingclub_imb77,rf
3,0.3,most_risky,0.7776308937227097,0.5369649805447471,0.04938271604938271,0.07392996108949416,124813,0.22184387844214945,487,147,84,63,0.5714285714285714,0.5585215605749486,84.0,0.6043537414965987,4,lendingclub_imb77,rf
4,0.3,most_risky,0.7771896875533549,0.504302925989673,0.044869831546707505,0.008605851979345954,146424,0.22122739441621592,488,147,85,62,0.5782312925170068,0.5184426229508197,85.0,0.6041496598639456,4,lendingclub_imb77,rf
5,0.3,most_risky,0.7784687713869134,0.5445859872611465,0.045593920810558596,0.08917197452229299,168034,0.22072913815061238,489,147,78,69,0.5306122448979592,0.5398773006134969,78.0,0.6047619047619048,4,lendingclub_imb77,rf
6,0.3,most_risky,0.7813134375576705,0.5558912386706949,0.043971800693033816,0.11178247734138973,189651,0.22039957606340066,479,144,90,54,0.625,0.5532359081419624,90.0,0.601875,4,lendingclub_imb77,rf
7,0.3,most_risky,0.7781643472498343,0.5202020202020202,0.04380648591174907,0.04040404040404041,211259,0.22051131549425113,492,148,93,55,0.6283783783783784,0.5609756097560976,93.0,0.5954054054054054,4,lendingclub_imb77,rf
8,0.3,most_risky,0.7778350404775709,0.5521091811414393,0.042665388302972194,0.10421836228287841,232844,0.22075724519420728,525,158,86,72,0.5443037974683544,0.5257142857142857,86.0,0.6062658227848101,4,lendingclub_imb77,rf
9,0.3,most_risky,0.7796203874720006,0.5481256332320162,0.04782954645919901,0.09625126646403243,254467,0.22061799761855172,470,141,92,49,0.6524822695035462,0.6,92.0,0.6036879432624114,4,lendingclub_imb77,rf
10,0.3,most_risky,0.7795142976149514,0.5276752767527675,0.04675112382509195,0.055350553505535055,276094,0.22030178127739103,465,140,87,53,0.6214285714285714,0.5655913978494623,87.0,0.6063571428571429,4,lendingclub_imb77,rf
0,0.5,most_risky,0.7838333333333334,0.562874251497006,0.07132018209408195,0.12574850299401197,60000,0.22338333333333332,0,0,0,0,0.0,0.0,0.0,0.0,0,lendingclub_imb77,rf
1,0.5,most_risky,0.7812270389419544,0.5,0.055695493982647636,0.0,81658,0.22245217859854516,589,295,161,134,0.5457627118644067,0.5212224108658744,161.0,0.5887457627118643,0,lendingclub_imb77,rf
2,0.5,most_risky,0.7769874679440654,0.49759615384615385,0.044931625786846105,-0.004807692307692308,103335,0.22189964677989066,550,275,138,137,0.5018181818181818,0.5127272727272727,138.0,0.584509090909091,0,lendingclub_imb77,rf
3,0.5,most_risky,0.779834486067245,0.5290697674418605,0.0493046776232617,0.05813953488372093,125064,0.22155856201624768,446,223,132,91,0.5919282511210763,0.5650224215246636,132.0,0.5807174887892377,0,lendingclub_imb77,rf
4,0.5,most_risky,0.7811733442354865,0.5266666666666666,0.04895429899302866,0.05333333333333334,146757,0.22129779158745408,518,259,144,115,0.555984555984556,0.555984555984556,144.0,0.5786872586872587,0,lendingclub_imb77,rf
5,0.5,most_risky,0.7814290379077983,0.5697503671071953,0.05202467149369804,0.1395007342143906,168433,0.22144116651725018,553,277,159,118,0.5740072202166066,0.5424954792043399,159.0,0.58,0,lendingclub_imb77,rf
6,0.5,most_risky,0.7817282911692001,0.5528846153846154,0.05484024797329518,0.10576923076923077,190130,0.2214484826171567,510,255,159,96,0.6235294117647059,0.5470588235294118,159.0,0.5845098039215686,0,lendingclub_imb77,rf
7,0.5,most_risky,0.7839643126888217,0.5701357466063348,0.05432790772879163,0.14027149321266968,211840,0.22158704682779456,485,243,131,112,0.5390946502057613,0.5257731958762887,131.0,0.5789711934156379,0,lendingclub_imb77,rf
8,0.5,most_risky,0.7822549565366335,0.5308521057786484,0.052965894654549005,0.061704211557296766,233526,0.22131154560948246,533,267,157,110,0.5880149812734082,0.5215759849906192,157.0,0.5874531835205992,0,lendingclub_imb77,rf
9,0.5,most_risky,0.7794083072100313,0.5415129151291513,0.05172261873292801,0.08302583025830258,255199,0.22128221505570164,559,280,164,116,0.5857142857142857,0.5456171735241503,164.0,0.5869285714285716,0,lendingclub_imb77,rf
10,0.5,most_risky,0.7808036117381489,0.5376884422110553,0.05250245338567223,0.07537688442211055,276872,0.2214525123522783,558,279,149,130,0.5340501792114696,0.5089605734767025,149.0,0.5833333333333333,0,lendingclub_imb77,rf
0,0.5,most_risky,0.7800833333333334,0.5563139931740614,0.06100299401197605,0.11262798634812286,60000,0.22658333333333333,0,0,0,0,0.0,0.0,0.0,0.0,1,lendingclub_imb77,rf
1,0.5,most_risky,0.7763633025276945,0.5642317380352645,0.060458839406207825,0.12846347607052896,81694,0.22503488628295837,516,258,150,108,0.5813953488372093,0.5310077519379846,150.0,0.5850000000000001,1,lendingclub_imb77,rf
2,0.5,most_risky,0.7715709034629522,0.5294117647058824,0.04738837405223252,0.058823529411764705,103377,0.22253499327703455,538,269,139,130,0.516728624535316,0.5074349442379182,139.0,0.5859479553903346,1,lendingclub_imb77,rf
3,0.5,most_risky,0.7776445190693212,0.5256166982922201,0.04956163893361961,0.051233396584440226,125069,0.22269307342347025,520,260,154,106,0.5923076923076923,0.551923076923077,154.0,0.5822692307692308,1,lendingclub_imb77,rf
4,0.5,most_risky,0.7782660534832226,0.5190082644628099,0.04807103490508267,0.03801652892561983,146774,0.22198073228228432,495,248,136,112,0.5483870967741935,0.5494949494949495,136.0,0.5851209677419356,1,lendingclub_imb77,rf
5,0.5,most_risky,0.7773490829227756,0.5354558610709117,0.04900013243279036,0.07091172214182344,168469,0.22161940772486333,514,257,147,110,0.5719844357976653,0.5389105058365758,147.0,0.5768482490272373,1,lendingclub_imb77,rf
6,0.5,most_risky,0.782136565614072,0.5389876880984952,0.04722521874625434,0.07797537619699042,190165,0.22124996713380485,512,256,134,122,0.5234375,0.55078125,134.0,0.5842968749999999,1,lendingclub_imb77,rf
7,0.5,most_risky,0.7795714150854338,0.5319148936170213,0.04525609626237887,0.06382978723404255,211859,0.2212273257213524,517,259,148,111,0.5714285714285714,0.562862669245648,148.0,0.5833204633204633,1,lendingclub_imb77,rf
8,0.5,most_risky,0.778788722142536,0.5449438202247191,0.046576394891001634,0.0898876404494382,233553,0.22121317217077066,516,258,161,97,0.624031007751938,0.5872093023255814,161.0,0.5822480620155038,1,lendingclub_imb77,rf
9,0.5,most_risky,0.7802001919648979,0.5591497227356746,0.053308661556084234,0.11829944547134935,255253,0.2212510724653579,504,252,139,113,0.5515873015873016,0.5357142857142857,139.0,0.5833730158730158,1,lendingclub_imb77,rf
10,0.5,most_risky,0.7816432272390822,0.55625,0.050977825055232795,0.1125,276953,0.22131553007188945,504,252,141,111,0.5595238095238095,0.5476190476190477,141.0,0.5859523809523809,1,lendingclub_imb77,rf
0,0.5,most_risky,0.7753333333333333,0.5,0.04896142433234421,0.0,60000,0.2216,0,0,0,0,0.0,0.0,0.0,0.0,2,lendingclub_imb77,rf
1,0.5,most_risky,0.7786479045579688,0.5184049079754601,0.046556473829201105,0.03680981595092025,81722,0.2208707569565111,460,230,126,104,0.5478260869565217,0.5130434782608696,126.0,0.580304347826087,2,lendingclub_imb77,rf
2,0.5,most_risky,0.7772729469766543,0.5592417061611374,0.050665521683125804,0.11848341232227488,103445,0.22109333462226305,458,229,133,96,0.5807860262008734,0.5524017467248908,133.0,0.5769868995633187,2,lendingclub_imb77,rf
3,0.5,most_risky,0.7762505993287518,0.5084427767354597,0.04831520770190765,0.016885553470919325,125138,0.22080423212773098,519,260,158,102,0.6076923076923076,0.558766859344894,158.0,0.5810384615384615,2,lendingclub_imb77,rf
4,0.5,most_risky,0.7815383567707447,0.5068493150684932,0.0460772104607721,0.0136986301369863,146845,0.22064081174027037,490,245,146,99,0.5959183673469388,0.5693877551020409,146.0,0.5851020408163267,2,lendingclub_imb77,rf
5,0.5,most_risky,0.7825906366818964,0.5347517730496454,0.05110478514301207,0.06950354609929078,168526,0.2204051600346534,542,271,152,119,0.5608856088560885,0.525830258302583,152.0,0.5890774907749077,2,lendingclub_imb77,rf
6,0.5,most_risky,0.7827515508358742,0.5223325062034739,0.050716781110709555,0.04466501240694789,190220,0.22031857848806644,517,259,144,115,0.555984555984556,0.5125725338491296,144.0,0.5833204633204633,2,lendingclub_imb77,rf
7,0.5,most_risky,0.7774002501120785,0.5300353356890459,0.047443331576172906,0.06007067137809187,211901,0.22085313424665293,543,272,155,117,0.5698529411764706,0.5488029465930019,155.0,0.5831985294117646,2,lendingclub_imb77,rf
8,0.5,most_risky,0.7815309529925507,0.5593047034764826,0.05299360589033133,0.11860940695296524,233578,0.221043933932134,551,276,169,107,0.6123188405797102,0.5662431941923775,169.0,0.5805072463768116,2,lendingclub_imb77,rf
9,0.5,most_risky,0.7808661926308985,0.554399243140965,0.05184923022473899,0.10879848628192999,255255,0.22173512761748057,550,275,175,100,0.6363636363636364,0.5581818181818182,175.0,0.583890909090909,2,lendingclub_imb77,rf
10,0.5,most_risky,0.7821408582931629,0.5358361774744027,0.05168298905439882,0.07167235494880546,276941,0.22154899419009824,533,267,155,112,0.5805243445692884,0.5290806754221389,155.0,0.5852059925093633,2,lendingclub_imb77,rf
0,0.5,most_risky,0.77875,0.5595238095238095,0.05251396648044693,0.11904761904761904,60000,0.22273333333333334,0,0,0,0,0.0,0.0,0.0,0.0,3,lendingclub_imb77,rf
1,0.5,most_risky,0.7773358624487549,0.5187032418952618,0.05692391899288451,0.03740648379052369,81712,0.22196250244762092,480,240,124,116,0.5166666666666667,0.5,124.0,0.5786250000000001,3,lendingclub_imb77,rf
2,0.5,most_risky,0.7820642978003384,0.5790816326530612,0.04967177242888403,0.15816326530612246,103423,0.22108235112112393,482,241,129,112,0.5352697095435685,0.524896265560166,129.0,0.5890041493775933,3,lendingclub_imb77,rf
3,0.5,most_risky,0.7774625374625375,0.5078740157480315,0.046261430876815494,0.015748031496062992,125123,0.2211024352037595,505,253,152,101,0.6007905138339921,0.5386138613861386,152.0,0.5763241106719368,3,lendingclub_imb77,rf
4,0.5,most_risky,0.78125106411959,0.552772808586762,0.04766311892642295,0.10554561717352415,146834,0.22111363853058555,482,241,149,92,0.6182572614107884,0.5684647302904564,149.0,0.5809958506224066,3,lendingclub_imb77,rf
5,0.5,most_risky,0.7805601708995965,0.547945205479452,0.04826384233811503,0.0958904109589041,168516,0.22094044482423034,540,270,149,121,0.5518518518518518,0.5166666666666667,149.0,0.5878148148148148,3,lendingclub_imb77,rf
6,0.5,most_risky,0.777944269190326,0.5562043795620438,0.04469732519943689,0.11240875912408758,190198,0.22125364094259667,540,270,143,127,0.5296296296296297,0.5296296296296297,143.0,0.5841851851851851,3,lendingclub_imb77,rf
7,0.5,most_risky,0.7806173014299873,0.5376078914919852,0.046591151955546056,0.0752157829839704,211890,0.22110057105101705,520,260,160,100,0.6153846153846154,0.5884615384615385,160.0,0.5886153846153844,3,lendingclub_imb77,rf
8,0.5,most_risky,0.779173801369863,0.5478723404255319,0.04948592293648506,0.09574468085106383,233596,0.22148495693419407,493,247,155,92,0.6275303643724697,0.5983772819472617,155.0,0.583846153846154,3,lendingclub_imb77,rf
9,0.5,most_risky,0.7817989542330063,0.5593056894889104,0.05148690634709276,0.11861137897782063,255311,0.22172957686899508,474,237,141,96,0.5949367088607594,0.5780590717299579,141.0,0.5795358649789031,3,lendingclub_imb77,rf
10,0.5,most_risky,0.7826777623337003,0.5813953488372093,0.05318713689550773,0.16279069767441862,276984,0.22143156283395432,558,279,156,123,0.5591397849462365,0.5304659498207885,156.0,0.5813620071684588,3,lendingclub_imb77,rf
0,0.5,most_risky,0.7698333333333334,0.5314685314685315,0.05467625899280575,0.06293706293706294,60000,0.22443333333333335,0,0,0,0,0.0,0.0,0.0,0.0,4,lendingclub_imb77,rf
1,0.5,most_risky,0.7728079300006119,0.5359116022099447,0.051885530890612465,0.0718232044198895,81713,0.2227307772325089,479,240,132,108,0.55,0.524008350730689,132.0,0.5862083333333333,4,lendingclub_imb77,rf
2,0.5,most_risky,0.7788735798888083,0.6042154566744731,0.05532918721852884,0.20843091334894615,103424,0.22266591893564355,483,242,143,99,0.5909090909090909,0.5486542443064182,143.0,0.5853719008264464,4,lendingclub_imb77,rf
3,0.5,most_risky,0.778039717105526,0.5790513833992095,0.05199645075421473,0.15810276679841898,125135,0.22275142845726614,482,241,135,106,0.5601659751037344,0.553941908713693,135.0,0.5796680497925311,4,lendingclub_imb77,rf
4,0.5,most_risky,0.7771800197487146,0.5457570715474209,0.049704500681921504,0.09151414309484193,146843,0.22216244560517015,488,244,134,110,0.5491803278688525,0.5266393442622951,134.0,0.5845901639344262,4,lendingclub_imb77,rf
5,0.5,most_risky,0.779402604336606,0.55858310626703,0.05449953476006912,0.11716621253405994,168565,0.22183134102571708,460,230,137,93,0.5956521739130435,0.5434782608695652,137.0,0.5859130434782608,4,lendingclub_imb77,rf
6,0.5,most_risky,0.7787880380511905,0.5526315789473685,0.0543146014577945,0.10526315789473684,190266,0.22153721631820714,502,251,150,101,0.5976095617529881,0.549800796812749,150.0,0.5918725099601594,4,lendingclub_imb77,rf
7,0.5,most_risky,0.7788917458894576,0.5569620253164557,0.05109797297297297,0.11392405063291139,211954,0.22169432990177113,529,265,156,109,0.5886792452830188,0.5425330812854442,156.0,0.5849811320754716,4,lendingclub_imb77,rf
8,0.5,most_risky,0.7771856607811664,0.5386199794026777,0.04987602517642571,0.07723995880535531,233623,0.22196016659318646,566,283,151,132,0.5335689045936396,0.5159010600706714,151.0,0.5813780918727915,4,lendingclub_imb77,rf
9,0.5,most_risky,0.7791159939682353,0.5341328413284133,0.05099973575266449,0.06826568265682657,255311,0.2218039959108695,528,264,169,95,0.6401515151515151,0.6117424242424242,169.0,0.5820075757575757,4,lendingclub_imb77,rf
10,0.5,most_risky,0.7777557171994296,0.5214465937762826,0.050145583953413134,0.04289318755256518,277012,0.22151747938717456,503,252,152,100,0.6031746031746031,0.5526838966202783,152.0,0.5862301587301587,4,lendingclub_imb77,rf
0,0.75,most_risky,0.7838333333333334,0.562874251497006,0.07132018209408195,0.12574850299401197,60000,0.22338333333333332,0,0,0,0,0.0,0.0,0.0,0.0,0,lendingclub_imb77,rf
1,0.75,most_risky,0.7788032516349856,0.5281173594132029,0.05930807248764415,0.05623471882640587,81805,0.2228959110078846,589,442,230,212,0.5203619909502263,0.5212224108658744,230.0,0.5711085972850679,0,lendingclub_imb77,rf
2,0.75,most_risky,0.7771290711700845,0.5364705882352941,0.04903225806451613,0.07294117647058823,103621,0.2225996660908503,546,410,192,218,0.4682926829268293,0.4926739926739927,192.0,0.5681951219512196,0,lendingclub_imb77,rf
3,0.75,most_risky,0.7770825029892388,0.5137111517367459,0.050106990014265336,0.027422303473491772,125448,0.22241885083859447,503,378,206,172,0.544973544973545,0.5347912524850894,206.0,0.5610846560846562,0,lendingclub_imb77,rf
4,0.75,most_risky,0.7818292931350581,0.5208333333333334,0.05422993492407809,0.041666666666666664,147269,0.22236859081001434,527,396,229,167,0.5782828282828283,0.5597722960151803,229.0,0.5623232323232323,0,lendingclub_imb77,rf
5,0.75,most_risky,0.7821805600733359,0.524547803617571,0.05483522420313344,0.04909560723514212,169085,0.22256853062069373,546,410,229,181,0.5585365853658537,0.5604395604395604,229.0,0.5664878048780487,0,lendingclub_imb77,rf
6,0.75,most_risky,0.7791251964379257,0.5459119496855346,0.051022807430049374,0.09182389937106918,190899,0.22262033850360663,554,416,257,159,0.6177884615384616,0.5740072202166066,257.0,0.5628605769230769,0,lendingclub_imb77,rf
7,0.75,most_risky,0.7813139029263133,0.5520169851380042,0.055307381408211016,0.1040339702760085,212725,0.22280879069220824,506,380,213,167,0.5605263157894737,0.5434782608695652,213.0,0.5681578947368422,0,lendingclub_imb77,rf
8,0.75,most_risky,0.7797224413225607,0.5564738292011019,0.05795715378729916,0.11294765840220386,234545,0.22250740796009294,530,398,210,188,0.5276381909547738,0.530188679245283,210.0,0.5683668341708543,0,lendingclub_imb77,rf
9,0.75,most_risky,0.7818930041152263,0.5518707482993197,0.057408226448474126,0.10374149659863946,256364,0.22250393971072382,535,402,237,165,0.5895522388059702,0.5850467289719626,237.0,0.5671641791044776,0,lendingclub_imb77,rf
10,0.75,most_risky,0.7797249932596387,0.5496124031007752,0.05725591536784301,0.09922480620155039,278174,0.22270952713050104,571,429,231,198,0.5384615384615384,0.5236427320490368,231.0,0.5654079254079254,0,lendingclub_imb77,rf
0,0.75,most_risky,0.7800833333333334,0.5563139931740614,0.06100299401197605,0.11262798634812286,60000,0.22658333333333333,0,0,0,0,0.0,0.0,0.0,0.0,1,lendingclub_imb77,rf
1,0.75,most_risky,0.7763519706691109,0.5365239294710328,0.057739224722146924,0.07304785894206549,81823,0.22543783532747516,516,387,212,175,0.5478036175710594,0.5310077519379846,212.0,0.5672609819121448,1,lendingclub_imb77,rf
2,0.75,most_risky,0.7770165959089155,0.5653061224489796,0.05911224925309432,0.1306122448979592,103640,0.22329216518718642,541,406,211,195,0.5197044334975369,0.49907578558225507,211.0,0.5691625615763548,1,lendingclub_imb77,rf
3,0.75,most_risky,0.7809261916148573,0.5170068027210885,0.05510241073046946,0.034013605442176874,125458,0.22362862471902947,536,402,231,171,0.5746268656716418,0.5541044776119403,231.0,0.5671641791044776,1,lendingclub_imb77,rf
4,0.75,most_risky,0.7789094859781354,0.559593023255814,0.058386411889596604,0.11918604651162791,147270,0.2231547497793169,561,421,237,184,0.5629453681710214,0.5240641711229946,237.0,0.5688361045130642,1,lendingclub_imb77,rf
5,0.75,most_risky,0.7825187025045093,0.5374233128834356,0.05906148867313916,0.07484662576687116,169091,0.22287998769893133,527,396,225,171,0.5681818181818182,0.5445920303605313,225.0,0.5656060606060607,1,lendingclub_imb77,rf
6,0.75,most_risky,0.7752664798470523,0.5342763873775843,0.05680240629338269,0.06855277475516866,190912,0.22264708347301373,526,395,223,172,0.5645569620253165,0.5513307984790875,223.0,0.5729113924050634,1,lendingclub_imb77,rf
7,0.75,most_risky,0.7787101020072392,0.5723404255319149,0.05632918019055596,0.14468085106382977,212730,0.2226907347341701,538,404,243,161,0.6014851485148515,0.5836431226765799,243.0,0.5711633663366338,1,lendingclub_imb77,rf
8,0.75,most_risky,0.7766787465359198,0.5254691689008043,0.05582455140985474,0.05093833780160858,234548,0.22276890018247864,536,402,237,165,0.5895522388059702,0.5559701492537313,237.0,0.5734577114427861,1,lendingclub_imb77,rf
9,0.75,most_risky,0.7797433296926197,0.571063829787234,0.05855148342059337,0.14212765957446807,256356,0.2227878419073476,579,435,245,190,0.5632183908045977,0.5578583765112263,245.0,0.5737701149425288,1,lendingclub_imb77,rf
10,0.75,most_risky,0.7770468230430484,0.5623599701269604,0.059899769310317395,0.12471994025392083,278171,0.2228844847234255,549,412,215,197,0.5218446601941747,0.5136612021857924,215.0,0.5690291262135923,1,lendingclub_imb77,rf
0,0.75,most_risky,0.7753333333333333,0.5,0.04896142433234421,0.0,60000,0.2216,0,0,0,0,0.0,0.0,0.0,0.0,2,lendingclub_imb77,rf
1,0.75,most_risky,0.7770039100684262,0.5292397660818714,0.049318801089918256,0.05847953216374269,81837,0.22123244986986326,460,345,181,164,0.5246376811594203,0.5130434782608696,181.0,0.5633913043478261,2,lendingclub_imb77,rf
2,0.75,most_risky,0.7745840366530021,0.514018691588785,0.046948356807511735,0.028037383177570093,103673,0.22176458672942811,466,350,182,168,0.52,0.5085836909871244,182.0,0.5585428571428571,2,lendingclub_imb77,rf
3,0.75,most_risky,0.7816646081517192,0.5221238938053098,0.053587647593097185,0.04424778761061947,125492,0.22164759506582093,535,402,217,185,0.5398009950248757,0.5327102803738317,217.0,0.5664179104477612,2,lendingclub_imb77,rf
4,0.75,most_risky,0.7800631300274921,0.5480631276901005,0.05834733465709485,0.09612625538020086,147313,0.22165049927704955,525,394,223,171,0.565989847715736,0.5485714285714286,223.0,0.5679949238578681,2,lendingclub_imb77,rf
5,0.75,most_risky,0.7816241463919354,0.5361366622864652,0.054823972050524056,0.07227332457293036,169134,0.2215344046732177,526,395,216,179,0.5468354430379747,0.5247148288973384,216.0,0.5662025316455697,2,lendingclub_imb77,rf
6,0.75,most_risky,0.7805708300602252,0.5361305361305362,0.0544894574745321,0.07226107226107226,190948,0.22145296101556444,554,416,218,198,0.5240384615384616,0.5180505415162455,218.0,0.5639663461538462,2,lendingclub_imb77,rf
7,0.75,most_risky,0.7783104218070732,0.5413687436159347,0.05570152390961639,0.08273748723186926,212773,0.22213344738289162,511,384,226,158,0.5885416666666666,0.5499021526418787,226.0,0.5657031250000001,2,lendingclub_imb77,rf
8,0.75,most_risky,0.7804041092970715,0.5298507462686567,0.05478923507282724,0.05970149253731343,234589,0.2224315718128301,547,411,247,164,0.6009732360097324,0.5594149908592322,247.0,0.5657177615571777,2,lendingclub_imb77,rf
9,0.75,most_risky,0.7807180047190967,0.5498366013071896,0.0592064748834345,0.09967320261437909,256404,0.22315954509290026,551,414,256,158,0.6183574879227053,0.5753176043557169,256.0,0.5657246376811595,2,lendingclub_imb77,rf
10,0.75,most_risky,0.7816077494024406,0.559967585089141,0.05617886178861788,0.11993517017828201,278214,0.22295067825486856,569,427,225,202,0.5269320843091335,0.5272407732864675,225.0,0.566768149882904,2,lendingclub_imb77,rf
0,0.75,most_risky,0.77875,0.5595238095238095,0.05251396648044693,0.11904761904761904,60000,0.22273333333333334,0,0,0,0,0.0,0.0,0.0,0.0,3,lendingclub_imb77,rf
1,0.75,most_risky,0.7746074418036293,0.5198776758409785,0.045921123716909776,0.039755351681957186,81832,0.22239466223482257,480,360,186,174,0.5166666666666667,0.5,186.0,0.5624444444444445,3,lendingclub_imb77,rf
2,0.75,most_risky,0.7789031978006077,0.5239294710327456,0.04518792092113839,0.04785894206549118,103665,0.22168523609704335,476,357,179,178,0.5014005602240896,0.523109243697479,179.0,0.562857142857143,3,lendingclub_imb77,rf
3,0.75,most_risky,0.7766533864541832,0.5336976320582878,0.05192273613326245,0.06739526411657559,125500,0.22180876494023904,471,354,197,157,0.556497175141243,0.554140127388535,197.0,0.5635310734463277,3,lendingclub_imb77,rf
4,0.75,most_risky,0.7830601649190675,0.5377049180327869,0.05093958689237459,0.07540983606557378,147343,0.22198543534473983,437,328,203,125,0.6189024390243902,0.5926773455377574,203.0,0.562530487804878,3,lendingclub_imb77,rf
5,0.75,most_risky,0.7771866040022465,0.5205479452054794,0.05021141649048626,0.0410958904109589,169153,0.22187014123308485,568,426,241,185,0.5657276995305164,0.5528169014084507,241.0,0.5650469483568076,3,lendingclub_imb77,rf
6,0.75,most_risky,0.7783275735679128,0.5426170468187275,0.052939798547669246,0.08523409363745499,190977,0.22234614639459202,512,384,212,172,0.5520833333333334,0.53125,212.0,0.5688541666666667,3,lendingclub_imb77,rf
7,0.75,most_risky,0.7789995535819177,0.5918141592920354,0.055892185541161724,0.1836283185840708,212802,0.2223193391039558,509,382,215,167,0.56282722513089,0.5520628683693517,215.0,0.5625916230366493,3,lendingclub_imb77,rf
8,0.75,most_risky,0.7812346836575959,0.5705645161290323,0.05439169709782818,0.14112903225806453,234632,0.22273602918612978,488,366,216,150,0.5901639344262295,0.6024590163934426,216.0,0.5625683060109291,3,lendingclub_imb77,rf
9,0.75,most_risky,0.7795843568448552,0.5526315789473685,0.05513740591633117,0.10526315789473684,256469,0.2230289040780757,460,345,209,136,0.6057971014492753,0.5978260869565217,209.0,0.5663188405797102,3,lendingclub_imb77,rf
10,0.75,most_risky,0.7779654317438643,0.5557363710333605,0.05466186474589836,0.1114727420667209,278288,0.22279077789915483,533,400,217,183,0.5425,0.525328330206379,217.0,0.563675,3,lendingclub_imb77,rf
0,0.75,most_risky,0.7698333333333334,0.5314685314685315,0.05467625899280575,0.06293706293706294,60000,0.22443333333333335,0,0,0,0,0.0,0.0,0.0,0.0,4,lendingclub_imb77,rf
1,0.75,most_risky,0.7727133866927354,0.5905292479108635,0.056010568031704094,0.181058495821727,81833,0.22319846516686423,479,360,197,163,0.5472222222222223,0.524008350730689,197.0,0.568111111111111,4,lendingclub_imb77,rf
2,0.75,most_risky,0.7759718337030964,0.5892116182572614,0.06002959205242021,0.17842323651452283,103669,0.2234033317578061,466,350,185,165,0.5285714285714286,0.5171673819742489,185.0,0.5634285714285716,4,lendingclub_imb77,rf
3,0.75,most_risky,0.7742141121160205,0.5584843492586491,0.05907981875217846,0.11696869851729819,125492,0.2237035030121442,517,388,216,172,0.5567010309278351,0.5415860735009671,216.0,0.5674484536082475,4,lendingclub_imb77,rf
4,0.75,most_risky,0.7798255439025218,0.5234708392603129,0.05644171779141104,0.04694167852062589,147315,0.22322913484709636,518,389,218,171,0.5604113110539846,0.5366795366795367,218.0,0.5679434447300772,4,lendingclub_imb77,rf
5,0.75,most_risky,0.7806615625646635,0.5611601513240857,0.05919914859651457,0.1223203026481715,169142,0.222942852750943,502,377,201,176,0.53315649867374,0.5179282868525896,201.0,0.5649602122015915,4,lendingclub_imb77,rf
6,0.75,most_risky,0.7800178038435356,0.5338882282996433,0.053079560231705875,0.06777645659928656,190966,0.2226940921420567,512,384,218,166,0.5677083333333334,0.5546875,218.0,0.572265625,4,lendingclub_imb77,rf
7,0.75,most_risky,0.7781093592123505,0.5515515515515516,0.0577205112088833,0.1031031031031031,212782,0.22289479373255255,547,411,230,181,0.559610705596107,0.5447897623400365,230.0,0.5689294403892944,4,lendingclub_imb77,rf
8,0.75,most_risky,0.7781282636032311,0.5474178403755868,0.055465702597279044,0.09483568075117371,234591,0.22318844286438952,574,431,222,209,0.5150812064965197,0.5209059233449478,222.0,0.5711136890951277,4,lendingclub_imb77,rf
9,0.75,most_risky,0.7801610670202601,0.5575296108291032,0.05775635407537248,0.11505922165820642,256415,0.22311097244700973,514,386,227,159,0.5880829015544041,0.5914396887159533,227.0,0.5687564766839379,4,lendingclub_imb77,rf
10,0.75,most_risky,0.7771847538950887,0.5269461077844312,0.0564509662416807,0.05389221556886228,278234,0.22279448234220117,534,401,219,182,0.5461346633416458,0.5599250936329588,219.0,0.5689027431421447,4,lendingclub_imb77,rf
0,1.0,most_risky,0.7838333333333334,0.562874251497006,0.07132018209408195,0.12574850299401197,60000,0.22338333333333332,0,0,0,0,0.0,0.0,0.0,0.0,0,lendingclub_imb77,rf
1,1.0,most_risky,0.7774998474772741,0.522077922077922,0.05485807860262009,0.04415584415584416,81952,0.22343566966028894,589,589,307,282,0.5212224108658744,0.5212224108658744,307.0,0.5568760611205433,0,lendingclub_imb77,rf
2,1.0,most_risky,0.7782589865742746,0.5464601769911505,0.05311827956989247,0.09292035398230089,103904,0.2234755158607946,548,548,281,267,0.5127737226277372,0.5127737226277372,281.0,0.5512226277372263,0,lendingclub_imb77,rf
3,1.0,most_risky,0.7813046241856031,0.573055028462998,0.05410247223217485,0.1461100569259962,125856,0.22342200610221205,476,476,251,225,0.5273109243697479,0.5273109243697479,251.0,0.5517436974789915,0,lendingclub_imb77,rf
4,1.0,most_risky,0.7790068330965428,0.516914749661705,0.058249466300701436,0.03382949932341001,147808,0.22347234249837628,502,502,290,212,0.5776892430278885,0.5776892430278885,290.0,0.550019920318725,0,lendingclub_imb77,rf
5,1.0,most_risky,0.7800424128180962,0.524390243902439,0.057272242940863076,0.04878048780487805,169760,0.22380419415645617,591,591,316,275,0.5346869712351946,0.5346869712351946,316.0,0.5538747884940779,0,lendingclub_imb77,rf
6,1.0,most_risky,0.7800380773544063,0.5453563714902808,0.05928621742193003,0.09071274298056156,191712,0.2238722667334335,565,565,316,249,0.5592920353982301,0.5592920353982301,316.0,0.5572566371681417,0,lendingclub_imb77,rf
7,1.0,most_risky,0.7790466384293169,0.5632393084622384,0.06460703475628848,0.1264786169244768,213664,0.22409016025161,547,547,295,252,0.5393053016453382,0.5393053016453382,295.0,0.5538939670932359,0,lendingclub_imb77,rf
8,1.0,most_risky,0.7807062218826925,0.5460636515912898,0.062428188433550365,0.09212730318257957,235616,0.22384727692516637,534,534,287,247,0.5374531835205992,0.5374531835205992,287.0,0.5559176029962546,0,lendingclub_imb77,rf
9,1.0,most_risky,0.7798850797841363,0.540519877675841,0.0617737003058104,0.08103975535168195,257568,0.22390980245993292,548,548,327,221,0.5967153284671532,0.5967153284671532,327.0,0.5549452554744526,0,lendingclub_imb77,rf
10,1.0,most_risky,0.7806954779622209,0.5393939393939394,0.06471681344429184,0.07878787878787878,279520,0.22413423010875788,558,558,281,277,0.503584229390681,0.503584229390681,281.0,0.550931899641577,0,lendingclub_imb77,rf
0,1.0,most_risky,0.7800833333333334,0.5563139931740614,0.06100299401197605,0.11262798634812286,60000,0.22658333333333333,0,0,0,0,0.0,0.0,0.0,0.0,1,lendingclub_imb77,rf
1,1.0,most_risky,0.7753035202245134,0.5164319248826291,0.0595077089532053,0.03286384976525822,81952,0.2258395158141351,516,516,274,242,0.5310077519379846,0.5310077519379846,274.0,0.5538759689922481,1,lendingclub_imb77,rf
2,1.0,most_risky,0.7792214041672682,0.5254582484725051,0.0559288965965749,0.05091649694501019,103904,0.22388935940868493,582,582,307,275,0.5274914089347079,0.5274914089347079,307.0,0.5590721649484536,1,lendingclub_imb77,rf
3,1.0,most_risky,0.7776894962656921,0.5415335463258786,0.06002124645892351,0.08306709265175719,125856,0.22440725908975337,541,541,286,255,0.5286506469500925,0.5286506469500925,286.0,0.5549537892791127,1,lendingclub_imb77,rf
4,1.0,most_risky,0.7758947297205873,0.5429740791268759,0.05950956937799043,0.08594815825375171,147808,0.22399328859060402,539,539,270,269,0.5009276437847866,0.5009276437847866,270.0,0.5557142857142857,1,lendingclub_imb77,rf
5,1.0,most_risky,0.7774210650329878,0.5679676985195155,0.055105771741969185,0.13593539703903096,169760,0.22380419415645617,527,527,295,232,0.5597722960151803,0.5597722960151803,295.0,0.5512523719165086,1,lendingclub_imb77,rf
6,1.0,most_risky,0.7785254153300472,0.5486111111111112,0.055270522388059705,0.09722222222222222,191712,0.22366362043064597,498,498,269,229,0.5401606425702812,0.5401606425702812,269.0,0.5539959839357429,1,lendingclub_imb77,rf
7,1.0,most_risky,0.7770575433505722,0.5352250489236791,0.05698510261485571,0.07045009784735812,213664,0.22379530477759474,516,516,292,224,0.5658914728682171,0.5658914728682171,292.0,0.5553682170542635,1,lendingclub_imb77,rf
8,1.0,most_risky,0.7779051014345132,0.5469798657718121,0.06163736055965211,0.09395973154362416,235616,0.2239024514464213,541,541,295,246,0.5452865064695009,0.5452865064695009,295.0,0.555804066543438,1,lendingclub_imb77,rf
9,1.0,most_risky,0.7767791280040377,0.5292353823088456,0.060982983501770754,0.05847076461769116,257568,0.22400298173686173,572,572,318,254,0.5559440559440559,0.5559440559440559,318.0,0.5543356643356644,1,lendingclub_imb77,rf
10,1.0,most_risky,0.7770642530051517,0.5678027556200145,0.061897233201581026,0.135605511240029,279520,0.22413423010875788,534,534,287,247,0.5374531835205992,0.5374531835205992,287.0,0.5555617977528089,1,lendingclub_imb77,rf
0,1.0,most_risky,0.7753333333333333,0.5,0.04896142433234421,0.0,60000,0.2216,0,0,0,0,0.0,0.0,0.0,0.0,2,lendingclub_imb77,rf
1,1.0,most_risky,0.7730461838813983,0.521875,0.04472415640064274,0.04375,81952,0.22159312768449824,460,460,236,224,0.5130434782608696,0.5130434782608696,236.0,0.5509565217391303,2,lendingclub_imb77,rf
2,1.0,most_risky,0.7734950194889563,0.5185995623632386,0.05016934801016088,0.037199124726477024,103904,0.2223302279026794,440,440,233,207,0.5295454545454545,0.5295454545454545,233.0,0.5483409090909092,2,lendingclub_imb77,rf
3,1.0,most_risky,0.7805100905768314,0.5572815533980583,0.05139684813753582,0.1145631067961165,125856,0.22242086193745234,493,493,271,222,0.5496957403651116,0.5496957403651116,271.0,0.5526166328600405,2,lendingclub_imb77,rf
4,1.0,most_risky,0.7795480684662742,0.5312066574202496,0.05836635172203596,0.06241331484049931,147808,0.2225522299198961,459,459,253,206,0.55119825708061,0.55119825708061,253.0,0.5524836601307189,2,lendingclub_imb77,rf
5,1.0,most_risky,0.7789526390197926,0.5428921568627451,0.05848184818481848,0.0857843137254902,169760,0.222502356267672,545,545,300,245,0.5504587155963303,0.5504587155963303,300.0,0.5525321100917431,2,lendingclub_imb77,rf
6,1.0,most_risky,0.7769084317867668,0.5322763306908267,0.05458134943676693,0.06455266138165346,191712,0.22251084960774495,534,534,300,234,0.5617977528089888,0.5617977528089888,300.0,0.554194756554307,2,lendingclub_imb77,rf
7,1.0,most_risky,0.7756768773547376,0.5610217596972564,0.06103962943901184,0.12204351939451277,213664,0.22320559382956418,540,540,306,234,0.5666666666666667,0.5666666666666667,306.0,0.5535185185185185,2,lendingclub_imb77,rf
8,1.0,most_risky,0.7801969272557507,0.53774385072095,0.060687278644586964,0.07548770144189991,235616,0.2235247181855222,539,539,315,224,0.5844155844155844,0.5844155844155844,315.0,0.5566233766233766,2,lendingclub_imb77,rf
9,1.0,most_risky,0.7767014792095353,0.5589101620029455,0.06507759581582784,0.11782032400589101,257568,0.22427475462790408,556,556,330,226,0.5935251798561151,0.5935251798561151,330.0,0.5555755395683453,2,lendingclub_imb77,rf
10,1.0,most_risky,0.7791750143102462,0.552437223042836,0.05990229839032594,0.10487444608567208,279520,0.22413423010875788,534,534,289,245,0.5411985018726592,0.5411985018726592,289.0,0.5547940074906367,2,lendingclub_imb77,rf
0,1.0,most_risky,0.77875,0.5595238095238095,0.05251396648044693,0.11904761904761904,60000,0.22273333333333334,0,0,0,0,0.0,0.0,0.0,0.0,3,lendingclub_imb77,rf
1,1.0,most_risky,0.7774388383869196,0.55625,0.048317046688382194,0.1125,81952,0.22272793830534948,480,480,240,240,0.5,0.5,240.0,0.5503125,3,lendingclub_imb77,rf
2,1.0,most_risky,0.7807131514364083,0.5661764705882353,0.05009759271307743,0.1323529411764706,103904,0.22236872497690174,467,467,237,230,0.5074946466809421,0.5074946466809421,237.0,0.550899357601713,3,lendingclub_imb77,rf
3,1.0,most_risky,0.7768949626569204,0.5398886827458256,0.051422512811450785,0.07977736549165121,125856,0.22267512077294685,464,464,245,219,0.5280172413793104,0.5280172413793104,245.0,0.5549784482758621,3,lendingclub_imb77,rf
4,1.0,most_risky,0.7797172045193154,0.5512265512265512,0.05802825459516937,0.10245310245310245,147808,0.22293786533881793,445,445,250,195,0.5617977528089888,0.5617977528089888,250.0,0.5495056179775281,3,lendingclub_imb77,rf
5,1.0,most_risky,0.7764196512723845,0.5221238938053098,0.05415683189089955,0.04424778761061947,169760,0.2229441564561734,563,563,306,257,0.5435168738898757,0.5435168738898757,306.0,0.5555772646536412,3,lendingclub_imb77,rf
6,1.0,most_risky,0.777403959001643,0.5648484848484848,0.053922703077991206,0.1296969696969697,191712,0.22346019028542813,523,523,285,238,0.5449330783938815,0.5449330783938815,285.0,0.5562906309751434,3,lendingclub_imb77,rf
7,1.0,most_risky,0.7774787634848945,0.5436308926780341,0.05648186744476865,0.08726178535606821,213664,0.22349576905796018,522,522,265,257,0.5076628352490421,0.5076628352490421,265.0,0.5490038314176245,3,lendingclub_imb77,rf
8,1.0,most_risky,0.7766106442577031,0.5551601423487544,0.05858604825837949,0.1103202846975089,235616,0.22401704468287384,517,517,303,214,0.586073500967118,0.586073500967118,303.0,0.5508510638297872,3,lendingclub_imb77,rf
9,1.0,most_risky,0.7765850060177816,0.5561843168957155,0.059065934065934064,0.11236863379143087,257568,0.2243562864952168,530,530,308,222,0.5811320754716981,0.5811320754716981,308.0,0.5528867924528301,3,lendingclub_imb77,rf
10,1.0,most_risky,0.7772610188895249,0.5700447093889717,0.06052215189873418,0.14008941877794337,279520,0.22413423010875788,578,578,322,256,0.5570934256055363,0.5570934256055363,322.0,0.5536505190311418,3,lendingclub_imb77,rf
0,1.0,most_risky,0.7698333333333334,0.5314685314685315,0.05467625899280575,0.06293706293706294,60000,0.22443333333333335,0,0,0,0,0.0,0.0,0.0,0.0,4,lendingclub_imb77,rf
1,1.0,most_risky,0.7763406747605394,0.5392670157068062,0.055735930735930736,0.07853403141361257,81952,0.22353328777821163,479,479,251,228,0.524008350730689,0.524008350730689,251.0,0.5547599164926932,4,lendingclub_imb77,rf
2,1.0,most_risky,0.7774890524998797,0.5426829268292683,0.05722246035147878,0.08536585365853659,103904,0.22395672928857407,529,529,288,241,0.5444234404536862,0.5444234404536862,288.0,0.5548393194706994,4,lendingclub_imb77,rf
3,1.0,most_risky,0.7730414746543779,0.5487421383647799,0.060432900432900435,0.09748427672955975,125856,0.2244390414441902,532,532,300,232,0.5639097744360902,0.5639097744360902,300.0,0.5492481203007519,4,lendingclub_imb77,rf
4,1.0,most_risky,0.7781273256207293,0.5250696378830083,0.05716451857467779,0.05013927576601671,147808,0.22406770946092228,490,490,265,225,0.5408163265306123,0.5408163265306123,265.0,0.5572244897959183,4,lendingclub_imb77,rf
5,1.0,most_risky,0.7801896795475967,0.5549936788874842,0.05814569536423841,0.10998735777496839,169760,0.22385721017907634,481,481,269,212,0.5592515592515592,0.5592515592515592,269.0,0.5536174636174636,4,lendingclub_imb77,rf
6,1.0,most_risky,0.7768562710273061,0.561965811965812,0.060654981549815495,0.12393162393162394,191712,0.22370013353363377,522,522,289,233,0.553639846743295,0.553639846743295,289.0,0.5543678160919541,4,lendingclub_imb77,rf
7,1.0,most_risky,0.7773617578920272,0.571563088512241,0.06279743430581419,0.1431261770244821,213664,0.22397315411112775,531,531,283,248,0.5329566854990584,0.5329566854990584,283.0,0.552241054613936,4,lendingclub_imb77,rf
8,1.0,most_risky,0.7764620999915117,0.5452961672473867,0.05884564767813499,0.09059233449477352,235616,0.22435658019828875,582,582,314,268,0.5395189003436426,0.5395189003436426,314.0,0.5539690721649484,4,lendingclub_imb77,rf
9,1.0,most_risky,0.7773614939628062,0.5328185328185329,0.059719577635450924,0.06563706563706563,257568,0.2243679339048329,517,517,285,232,0.5512572533849129,0.5512572533849129,285.0,0.5558027079303676,4,lendingclub_imb77,rf
10,1.0,most_risky,0.7794612192329708,0.5395381385584325,0.0619675293361196,0.07907627711686493,279520,0.22413423010875788,544,544,296,248,0.5441176470588235,0.5441176470588235,296.0,0.5549632352941176,4,lendingclub_imb77,rf
