iteration,exploration_rate,ranking_strategy,accuracy,precision,recall,kickout,training_set_size,training_default_rate,n_rejects_total,n_explored,n_explored_defaulted,n_explored_repaid,exploration_default_rate,reject_default_rate,exploration_cost,explored_risk_mean,run,dataset,model
0,0.0,least_risky,0.823,0.680327868852459,0.3755656108597285,0.36065573770491804,5000,0.2226,0,0,0,0,0.0,0.0,0.0,0.0,0,default,gbdt
1,0.0,least_risky,0.8387769284225156,0.7301587301587301,0.31724137931034485,0.4603174603174603,7194,0.20072282457603557,306,0,0,0,0.0,0.0,0.0,0.0,0,default,gbdt
2,0.0,least_risky,0.8166843783209352,0.6328125,0.21372031662269128,0.265625,9407,0.1940044647602849,287,0,0,0,0.0,0.0,0.0,0.0,0,default,gbdt
3,0.0,least_risky,0.8244176013805005,0.6666666666666666,0.20309050772626933,0.3333333333333333,11587,0.1859842927418659,320,0,0,0,0.0,0.0,0.0,0.0,0,default,gbdt
4,0.0,least_risky,0.8265602322206096,0.6875,0.18609022556390978,0.375,13780,0.18403483309143687,307,0,0,0,0.0,0.0,0.0,0.0,0,default,gbdt
5,0.0,least_risky,0.8316677076826983,0.6521739130434783,0.1549053356282272,0.30434782608695654,16008,0.1803473263368316,272,0,0,0,0.0,0.0,0.0,0.0,0,default,gbdt
6,0.0,least_risky,0.832967032967033,0.6643356643356644,0.1450381679389313,0.32867132867132864,18199,0.17676795428320238,309,0,0,0,0.0,0.0,0.0,0.0,0,default,gbdt
7,0.0,least_risky,0.8293281020107895,0.5828220858895705,0.1313969571230982,0.1656441717791411,20386,0.1740410085352693,313,0,0,0,0.0,0.0,0.0,0.0,0,default,gbdt
8,0.0,least_risky,0.8336283185840708,0.5743243243243243,0.10981912144702842,0.14864864864864866,22598,0.1728914063191433,288,0,0,0,0.0,0.0,0.0,0.0,0,default,gbdt
9,0.0,least_risky,0.8373031893419459,0.6231884057971014,0.10238095238095238,0.2463768115942029,24766,0.17168699022853912,332,0,0,0,0.0,0.0,0.0,0.0,0,default,gbdt
10,0.0,least_risky,0.8326841031348544,0.5548780487804879,0.09891304347826087,0.10975609756097561,26954,0.17058692587371077,312,0,0,0,0.0,0.0,0.0,0.0,0,default,gbdt
0,0.0,least_risky,0.801,0.5899280575539568,0.36607142857142855,0.17985611510791366,5000,0.2286,0,0,0,0,0.0,0.0,0.0,0.0,1,default,gbdt
1,0.0,least_risky,0.8168523676880223,0.6532258064516129,0.2691029900332226,0.3064516129032258,7178,0.20883254388409028,322,0,0,0,0.0,0.0,0.0,0.0,1,default,gbdt
2,0.0,least_risky,0.8218666666666666,0.6575342465753424,0.25263157894736843,0.3150684931506849,9373,0.1955617198335645,305,0,0,0,0.0,0.0,0.0,0.0,1,default,gbdt
3,0.0,least_risky,0.8273629693569271,0.5958904109589042,0.20327102803738317,0.1917808219178082,11585,0.18713854121709106,288,0,0,0,0.0,0.0,0.0,0.0,1,default,gbdt
4,0.0,least_risky,0.8258977149075082,0.5652173913043478,0.18163672654690619,0.13043478260869565,13782,0.18059788129444201,303,0,0,0,0.0,0.0,0.0,0.0,1,default,gbdt
5,0.0,least_risky,0.8331246086412023,0.6038961038961039,0.16460176991150444,0.2077922077922078,15970,0.17714464621164683,312,0,0,0,0.0,0.0,0.0,0.0,1,default,gbdt
6,0.0,least_risky,0.841034103410341,0.574468085106383,0.1782178217821782,0.14893617021276595,18178,0.17515678292441414,292,0,0,0,0.0,0.0,0.0,0.0,1,default,gbdt
7,0.0,least_risky,0.8387810272794298,0.6404494382022472,0.16147308781869688,0.2808988764044944,20344,0.17376130554463232,334,0,0,0,0.0,0.0,0.0,0.0,1,default,gbdt
8,0.0,least_risky,0.8375499334221038,0.6265060240963856,0.1343669250645995,0.25301204819277107,22528,0.17249644886363635,316,0,0,0,0.0,0.0,0.0,0.0,1,default,gbdt
9,0.0,least_risky,0.8392568659127625,0.5934065934065934,0.13012048192771083,0.18681318681318682,24756,0.17228146711908224,272,0,0,0,0.0,0.0,0.0,0.0,1,default,gbdt
10,0.0,least_risky,0.8363636363636363,0.5824742268041238,0.12363238512035012,0.16494845360824742,26950,0.17057513914656772,306,0,0,0,0.0,0.0,0.0,0.0,1,default,gbdt
0,0.0,least_risky,0.826,0.6614173228346457,0.39069767441860465,0.3228346456692913,5000,0.2188,0,0,0,0,0.0,0.0,0.0,0.0,2,default,gbdt
1,0.0,least_risky,0.8208333333333333,0.6507936507936508,0.27702702702702703,0.30158730158730157,7196,0.20316842690383546,304,0,0,0,0.0,0.0,0.0,0.0,2,default,gbdt
2,0.0,least_risky,0.8305894848645778,0.6791044776119403,0.24795640326975477,0.3582089552238806,9414,0.19014234119396645,282,0,0,0,0.0,0.0,0.0,0.0,2,default,gbdt
3,0.0,least_risky,0.8383620689655172,0.7,0.2273781902552204,0.4,11598,0.1852905673391964,316,0,0,0,0.0,0.0,0.0,0.0,2,default,gbdt
4,0.0,least_risky,0.8285610728524828,0.6597222222222222,0.18304431599229287,0.3194444444444444,13793,0.181831363735228,305,0,0,0,0.0,0.0,0.0,0.0,2,default,gbdt
5,0.0,least_risky,0.8339587242026266,0.69375,0.18718381112984822,0.3875,15989,0.17687159922446682,304,0,0,0,0.0,0.0,0.0,0.0,2,default,gbdt
6,0.0,least_risky,0.8342480790340285,0.6626506024096386,0.16717325227963525,0.3253012048192771,18219,0.176189692079697,270,0,0,0,0.0,0.0,0.0,0.0,2,default,gbdt
7,0.0,least_risky,0.8370896619304262,0.6420454545454546,0.15804195804195803,0.2840909090909091,20410,0.1742283194512494,309,0,0,0,0.0,0.0,0.0,0.0,2,default,gbdt
8,0.0,least_risky,0.8408940030980305,0.6363636363636364,0.1287779237844941,0.2727272727272727,22591,0.17360895932008322,319,0,0,0,0.0,0.0,0.0,0.0,2,default,gbdt
9,0.0,least_risky,0.8387421890747833,0.673202614379085,0.12075029308323564,0.3464052287581699,24804,0.17319787131107886,287,0,0,0,0.0,0.0,0.0,0.0,2,default,gbdt
10,0.0,least_risky,0.832901554404145,0.6242774566473989,0.11416490486257928,0.24855491329479767,27018,0.1719224220889777,286,0,0,0,0.0,0.0,0.0,0.0,2,default,gbdt
0,0.0,least_risky,0.813,0.5470085470085471,0.32323232323232326,0.09401709401709402,5000,0.211,0,0,0,0,0.0,0.0,0.0,0.0,3,default,gbdt
1,0.0,least_risky,0.8244755244755245,0.6722689075630253,0.273972602739726,0.3445378151260504,7148,0.19627867935086737,352,0,0,0,0.0,0.0,0.0,0.0,3,default,gbdt
2,0.0,least_risky,0.8323513658275308,0.6287878787878788,0.23919308357348704,0.25757575757575757,9333,0.18847101682202935,315,0,0,0,0.0,0.0,0.0,0.0,3,default,gbdt
3,0.0,least_risky,0.8363715277777778,0.6158940397350994,0.22572815533980584,0.23178807947019867,11517,0.18624641833810887,316,0,0,0,0.0,0.0,0.0,0.0,3,default,gbdt
4,0.0,least_risky,0.8318132068588107,0.6571428571428571,0.18217821782178217,0.3142857142857143,13705,0.18146661802261949,312,0,0,0,0.0,0.0,0.0,0.0,3,default,gbdt
5,0.0,least_risky,0.830081812460667,0.643312101910828,0.17264957264957265,0.28662420382165604,15888,0.17938066465256797,317,0,0,0,0.0,0.0,0.0,0.0,3,default,gbdt
6,0.0,least_risky,0.828816371681416,0.5732484076433121,0.14018691588785046,0.1464968152866242,18079,0.17600531002820952,309,0,0,0,0.0,0.0,0.0,0.0,3,default,gbdt
7,0.0,least_risky,0.8434954332263639,0.6013513513513513,0.13403614457831325,0.20270270270270271,20251,0.17347291491778183,328,0,0,0,0.0,0.0,0.0,0.0,3,default,gbdt
8,0.0,least_risky,0.8241709325617628,0.656934306569343,0.10804321728691477,0.31386861313868614,22465,0.1723124860894725,286,0,0,0,0.0,0.0,0.0,0.0,3,default,gbdt
9,0.0,least_risky,0.8353609083536091,0.5595238095238095,0.11298076923076923,0.11904761904761904,24658,0.17089788303998701,307,0,0,0,0.0,0.0,0.0,0.0,3,default,gbdt
10,0.0,least_risky,0.834046511627907,0.5714285714285714,0.10905125408942203,0.14285714285714285,26873,0.16961262233468538,285,0,0,0,0.0,0.0,0.0,0.0,3,default,gbdt
0,0.0,least_risky,0.829,0.6923076923076923,0.4072398190045249,0.38461538461538464,5000,0.2196,0,0,0,0,0.0,0.0,0.0,0.0,4,default,gbdt
1,0.0,least_risky,0.8139372822299652,0.5771812080536913,0.296551724137931,0.15436241610738255,7172,0.20259341885108756,328,0,0,0,0.0,0.0,0.0,0.0,4,default,gbdt
2,0.0,least_risky,0.8251336898395721,0.6153846153846154,0.24444444444444444,0.23076923076923078,9349,0.19167825435875493,323,0,0,0,0.0,0.0,0.0,0.0,4,default,gbdt
3,0.0,least_risky,0.8217993079584776,0.5705128205128205,0.20506912442396313,0.14102564102564102,11559,0.18591573665542002,290,0,0,0,0.0,0.0,0.0,0.0,4,default,gbdt
4,0.0,least_risky,0.8347889374090247,0.6,0.19753086419753085,0.2,13739,0.18036247179561832,320,0,0,0,0.0,0.0,0.0,0.0,4,default,gbdt
5,0.0,least_risky,0.8285175879396985,0.5842696629213483,0.18055555555555555,0.16853932584269662,15917,0.17742036815982912,322,0,0,0,0.0,0.0,0.0,0.0,4,default,gbdt
6,0.0,least_risky,0.8351284175642087,0.6326530612244898,0.14622641509433962,0.2653061224489796,18105,0.17426125379729357,312,0,0,0,0.0,0.0,0.0,0.0,4,default,gbdt
7,0.0,least_risky,0.8339083292262198,0.588957055214724,0.13655761024182078,0.17791411042944785,20288,0.17256506309148265,317,0,0,0,0.0,0.0,0.0,0.0,4,default,gbdt
8,0.0,least_risky,0.8337413754729579,0.6390532544378699,0.13602015113350127,0.2781065088757396,22463,0.1721497573788007,325,0,0,0,0.0,0.0,0.0,0.0,4,default,gbdt
9,0.0,least_risky,0.8415400202634246,0.6423841059602649,0.11757575757575757,0.2847682119205298,24675,0.17175278622087134,288,0,0,0,0.0,0.0,0.0,0.0,4,default,gbdt
10,0.0,least_risky,0.8312558139534884,0.6419753086419753,0.10912906610703044,0.2839506172839506,26875,0.1706046511627907,300,0,0,0,0.0,0.0,0.0,0.0,4,default,gbdt
0,0.01,least_risky,0.823,0.680327868852459,0.3755656108597285,0.36065573770491804,5000,0.2226,0,0,0,0,0.0,0.0,0.0,0.0,0,default,gbdt
1,0.01,least_risky,0.8416666666666667,0.6910569105691057,0.3090909090909091,0.3821138211382114,7198,0.20102806335093082,306,4,3,1,0.75,0.6535947712418301,3.0,0.5033737045291184,0,default,gbdt
2,0.01,least_risky,0.8163481953290871,0.6231884057971014,0.22631578947368422,0.2463768115942029,9417,0.19422321333758097,284,3,1,2,0.3333333333333333,0.6830985915492958,1.0,0.510346115103633,0,default,gbdt
3,0.01,least_risky,0.8302455838000862,0.7185185185185186,0.2141280353200883,0.43703703703703706,11603,0.18658967508403,318,4,3,1,0.75,0.6446540880503144,3.0,0.5027462551683254,0,default,gbdt
4,0.01,least_risky,0.8257877580586744,0.6242038216560509,0.18846153846153846,0.2484076433121019,13804,0.18443929295856273,303,4,4,0,1.0,0.6831683168316832,4.0,0.5010748649595299,0,default,gbdt
5,0.01,least_risky,0.8327613104524181,0.6912751677852349,0.1736930860033727,0.3825503355704698,16025,0.1802808112324493,282,3,1,2,0.3333333333333333,0.6879432624113475,1.0,0.5026095060571075,0,default,gbdt
6,0.01,least_risky,0.8291746641074856,0.6099290780141844,0.13149847094801223,0.2198581560283688,18232,0.17688679245283018,296,3,1,2,0.3333333333333333,0.668918918918919,1.0,0.5042486459994026,0,default,gbdt
7,0.01,least_risky,0.8301101591187271,0.6305732484076433,0.1346938775510204,0.2611464968152866,20425,0.1744920440636475,311,4,3,1,0.75,0.6720257234726688,3.0,0.5041640468734101,0,default,gbdt
8,0.01,least_risky,0.8293598233995585,0.6050955414012739,0.11786600496277916,0.21019108280254778,22647,0.17348876230847352,281,3,1,2,0.3333333333333333,0.6868327402135231,1.0,0.5046474603086758,0,default,gbdt
9,0.01,least_risky,0.8364881192106323,0.6219512195121951,0.11971830985915492,0.24390243902439024,24830,0.17245267821184052,321,4,2,2,0.5,0.6510903426791277,2.0,0.5068404231210899,0,default,gbdt
10,0.01,least_risky,0.8334875115633672,0.5987261146496815,0.10096670247046187,0.19745222929936307,27025,0.17143385753931545,309,4,2,2,0.5,0.6957928802588996,2.0,0.5052942479352406,0,default,gbdt
0,0.01,least_risky,0.801,0.5899280575539568,0.36607142857142855,0.17985611510791366,5000,0.2286,0,0,0,0,0.0,0.0,0.0,0.0,1,default,gbdt
1,0.01,least_risky,0.8058455114822547,0.6328125,0.25878594249201275,0.265625,7182,0.20913394597605123,322,4,3,1,0.75,0.6708074534161491,3.0,0.503041912500081,1,default,gbdt
2,0.01,least_risky,0.8272,0.6415094339622641,0.2764227642276423,0.2830188679245283,9372,0.19579598804950918,314,4,2,2,0.5,0.643312101910828,2.0,0.5036816655652699,1,default,gbdt
3,0.01,least_risky,0.8272138228941684,0.6301369863013698,0.2100456621004566,0.2602739726027397,11575,0.18730021598272137,300,3,0,3,0.0,0.6666666666666666,0.0,0.5034536733276535,1,default,gbdt
4,0.01,least_risky,0.823721436343852,0.5985915492957746,0.16536964980544747,0.19718309859154928,13784,0.1806442251886245,294,3,0,3,0.0,0.6700680272108843,0.0,0.5014511143751299,1,default,gbdt
5,0.01,least_risky,0.8277586745858081,0.6363636363636364,0.16526138279932545,0.2727272727272727,15995,0.17805564238824634,292,3,3,0,1.0,0.6815068493150684,3.0,0.500618075943504,1,default,gbdt
6,0.01,least_risky,0.8356239692138537,0.5879120879120879,0.16984126984126985,0.17582417582417584,18190,0.17564595931830676,309,4,3,1,0.75,0.6504854368932039,3.0,0.5008742692955139,1,default,gbdt
7,0.01,least_risky,0.8332105133873741,0.6395348837209303,0.15130674002751032,0.27906976744186046,20352,0.1743808962264151,342,4,0,4,0.0,0.652046783625731,0.0,0.5018871146057196,1,default,gbdt
8,0.01,least_risky,0.8387311446317658,0.6388888888888888,0.148005148005148,0.2777777777777778,22539,0.17312214383956698,317,4,3,1,0.75,0.6561514195583596,3.0,0.5031393541698201,1,default,gbdt
9,0.01,least_risky,0.8301010101010101,0.59375,0.12998859749144812,0.1875,24750,0.1726060606060606,292,3,2,1,0.6666666666666666,0.6952054794520548,2.0,0.5014465235682652,1,default,gbdt
10,0.01,least_risky,0.8455827765404603,0.6280193236714976,0.14689265536723164,0.2560386473429952,26940,0.17082405345211582,314,4,1,3,0.25,0.643312101910828,1.0,0.5026732177882642,1,default,gbdt
0,0.01,least_risky,0.826,0.6614173228346457,0.39069767441860465,0.3228346456692913,5000,0.2188,0,0,0,0,0.0,0.0,0.0,0.0,2,default,gbdt
1,0.01,least_risky,0.8368055555555556,0.6216216216216216,0.2633587786259542,0.24324324324324326,7200,0.20319444444444446,304,4,1,3,0.25,0.6842105263157895,1.0,0.5044932041993105,2,default,gbdt
2,0.01,least_risky,0.8328025477707006,0.7053571428571429,0.2188365650969529,0.4107142857142857,9419,0.19078458435078033,284,3,2,1,0.6666666666666666,0.6302816901408451,2.0,0.5014115133236855,2,default,gbdt
3,0.01,least_risky,0.8306034482758621,0.7021276595744681,0.22,0.40425531914893614,11599,0.18587809293904647,324,4,4,0,1.0,0.7129629629629629,4.0,0.5065891731118822,2,default,gbdt
4,0.01,least_risky,0.8426966292134831,0.7241379310344828,0.21042084168336672,0.4482758620689655,13792,0.18249709976798145,311,4,4,0,1.0,0.6816720257234726,4.0,0.508389668917698,2,default,gbdt
5,0.01,least_risky,0.8433885589246639,0.6686390532544378,0.2025089605734767,0.33727810650887574,15992,0.1779639819909955,304,4,3,1,0.75,0.6282894736842105,3.0,0.5038980004367783,2,default,gbdt
6,0.01,least_risky,0.8454146073585942,0.6342857142857142,0.1819672131147541,0.26857142857142857,18208,0.17629613356766258,287,3,3,0,1.0,0.6898954703832753,3.0,0.506467691953321,2,default,gbdt
7,0.01,least_risky,0.8401177047572339,0.6358024691358025,0.14798850574712644,0.2716049382716049,20386,0.17389384871970961,326,4,2,2,0.5,0.6533742331288344,2.0,0.5036603619757393,2,default,gbdt
8,0.01,least_risky,0.8425249169435216,0.6455696202531646,0.13474240422721268,0.2911392405063291,22573,0.1733929916271652,317,4,1,3,0.25,0.6340694006309149,1.0,0.5017263871679302,2,default,gbdt
9,0.01,least_risky,0.8376688848558177,0.6594202898550725,0.1071849234393404,0.3188405797101449,24791,0.17296599572425478,285,3,3,0,1.0,0.7157894736842105,3.0,0.5038853391765304,2,default,gbdt
10,0.01,least_risky,0.8361414552860581,0.6172839506172839,0.10834236186348863,0.2345679012345679,27003,0.1716475947116987,291,3,2,1,0.6666666666666666,0.6494845360824743,2.0,0.5030411008866742,2,default,gbdt
0,0.01,least_risky,0.813,0.5470085470085471,0.32323232323232326,0.09401709401709402,5000,0.211,0,0,0,0,0.0,0.0,0.0,0.0,3,default,gbdt
1,0.01,least_risky,0.8245981830887491,0.672566371681416,0.2620689655172414,0.34513274336283184,7152,0.19630872483221476,352,4,1,3,0.25,0.6789772727272727,1.0,0.5020535524288705,3,default,gbdt
2,0.01,least_risky,0.8305630026809652,0.6384615384615384,0.23579545454545456,0.27692307692307694,9322,0.1877279553743832,334,4,1,3,0.25,0.6766467065868264,1.0,0.5023435828154874,3,default,gbdt
3,0.01,least_risky,0.8357949609035621,0.6,0.24087591240875914,0.2,11510,0.18566463944396178,316,4,0,4,0.0,0.6424050632911392,0.0,0.5010026017060414,3,default,gbdt
4,0.01,least_risky,0.8394160583941606,0.6111111111111112,0.1864406779661017,0.2222222222222222,13697,0.18164561582828356,317,4,3,1,0.75,0.6088328075709779,3.0,0.5035268606740453,3,default,gbdt
5,0.01,least_risky,0.8343828715365239,0.6527777777777778,0.1649122807017544,0.3055555555555556,15878,0.17961959944577402,323,4,3,1,0.75,0.6996904024767802,3.0,0.5052817490335283,3,default,gbdt
6,0.01,least_risky,0.835870467755328,0.6012269938650306,0.15654952076677317,0.20245398773006135,18063,0.17638266068759342,319,4,1,3,0.25,0.6614420062695925,1.0,0.5043891003105919,3,default,gbdt
7,0.01,least_risky,0.838111715274345,0.6375,0.1459227467811159,0.275,20226,0.1736378918224068,341,4,2,2,0.5,0.656891495601173,2.0,0.5013102616998545,3,default,gbdt
8,0.01,least_risky,0.8388678404279029,0.5915492957746479,0.11214953271028037,0.18309859154929578,22433,0.1721570900013373,296,3,1,2,0.3333333333333333,0.6554054054054054,1.0,0.5039725706371752,3,default,gbdt
9,0.01,least_risky,0.8434517766497462,0.5732484076433121,0.11335012594458438,0.1464968152866242,24622,0.17074161319145478,315,4,2,2,0.5,0.6285714285714286,2.0,0.509807441808225,3,default,gbdt
10,0.01,least_risky,0.8392025340040992,0.5697674418604651,0.1104847801578354,0.13953488372093023,26832,0.1694618366129994,293,3,1,2,0.3333333333333333,0.6484641638225256,1.0,0.5033618221699543,3,default,gbdt
0,0.01,least_risky,0.829,0.6923076923076923,0.4072398190045249,0.38461538461538464,5000,0.2196,0,0,0,0,0.0,0.0,0.0,0.0,4,default,gbdt
1,0.01,least_risky,0.825208913649025,0.6267605633802817,0.31010452961672474,0.2535211267605634,7176,0.20275919732441472,328,4,2,2,0.5,0.6798780487804879,2.0,0.501274125432492,4,default,gbdt
2,0.01,least_risky,0.8253205128205128,0.6258503401360545,0.25274725274725274,0.25170068027210885,9360,0.1922008547008547,320,4,2,2,0.5,0.621875,2.0,0.5019580841108353,4,default,gbdt
3,0.01,least_risky,0.8239102287440656,0.5987261146496815,0.214123006833713,0.19745222929936307,11582,0.1869279917112761,281,3,2,1,0.6666666666666666,0.708185053380783,2.0,0.5017305304442722,4,default,gbdt
4,0.01,least_risky,0.8294010889292196,0.5885714285714285,0.2055888223552894,0.17714285714285713,13774,0.18157397996224772,312,4,3,1,0.75,0.6410256410256411,3.0,0.504358390268584,4,default,gbdt
5,0.01,least_risky,0.8256506741925368,0.6114649681528662,0.16243654822335024,0.2229299363057325,15942,0.17827123322042404,336,4,2,2,0.5,0.6517857142857143,2.0,0.5034804446745947,4,default,gbdt
6,0.01,least_risky,0.8398125172318721,0.5759493670886076,0.15041322314049588,0.1518987341772152,18135,0.1754618141714916,311,4,4,0,1.0,0.6109324758842444,4.0,0.5014893994253844,4,default,gbdt
7,0.01,least_risky,0.8286558345642541,0.5714285714285714,0.11715481171548117,0.14285714285714285,20308,0.17318298207602914,331,4,2,2,0.5,0.6283987915407855,2.0,0.502000711157619,4,default,gbdt
8,0.01,least_risky,0.8332592263228101,0.6363636363636364,0.1320754716981132,0.2727272727272727,22489,0.1731513184223398,323,4,4,0,1.0,0.6842105263157895,4.0,0.5016030312827462,4,default,gbdt
9,0.01,least_risky,0.8315789473684211,0.5837837837837838,0.12514484356894554,0.16756756756756758,24699,0.1725980808939633,293,3,1,2,0.3333333333333333,0.6040955631399317,1.0,0.5014671632841682,4,default,gbdt
10,0.01,least_risky,0.833922261484099,0.6358024691358025,0.10992529348986126,0.2716049382716049,26885,0.1710991259066394,318,4,2,2,0.5,0.7044025157232704,2.0,0.5032958186100664,4,default,gbdt
0,0.02,least_risky,0.823,0.680327868852459,0.3755656108597285,0.36065573770491804,5000,0.2226,0,0,0,0,0.0,0.0,0.0,0.0,0,default,gbdt
1,0.02,least_risky,0.8313671061762665,0.647887323943662,0.32280701754385965,0.29577464788732394,7201,0.2013609220941536,306,7,6,1,0.8571428571428571,0.6535947712418301,6.0,0.506785985854427,0,default,gbdt
2,0.02,least_risky,0.83342175066313,0.6722689075630253,0.22535211267605634,0.3445378151260504,9424,0.1946095076400679,283,6,5,1,0.8333333333333334,0.6925795053003534,5.0,0.5055259703764001,0,default,gbdt
3,0.02,least_risky,0.8291003013344813,0.6744186046511628,0.19683257918552036,0.3488372093023256,11613,0.18668733316111255,318,7,4,3,0.5714285714285714,0.6540880503144654,4.0,0.5091261943666398,0,default,gbdt
4,0.02,least_risky,0.8223589001447178,0.6776315789473685,0.1889908256880734,0.35526315789473684,13819,0.18474564006078587,301,7,5,2,0.7142857142857143,0.6777408637873754,5.0,0.5075664116488804,0,default,gbdt
5,0.02,least_risky,0.8334371108343711,0.6962962962962963,0.1598639455782313,0.3925925925925926,16060,0.1811332503113325,265,6,3,3,0.5,0.690566037735849,3.0,0.5068704538292091,0,default,gbdt
6,0.02,least_risky,0.8336070060207992,0.6375,0.15644171779141106,0.275,18267,0.17769748727213008,299,6,3,3,0.5,0.6655518394648829,3.0,0.5061984993818044,0,default,gbdt
7,0.02,least_risky,0.8286482522610609,0.6211180124223602,0.13513513513513514,0.2422360248447205,20455,0.1752138841359081,319,7,4,3,0.5714285714285714,0.6614420062695925,4.0,0.5059731540462258,0,default,gbdt
8,0.02,least_risky,0.8306878306878307,0.620253164556962,0.12158808933002481,0.24050632911392406,22677,0.17414120033514133,284,6,4,2,0.6666666666666666,0.6901408450704225,4.0,0.503645639399746,0,default,gbdt
9,0.02,least_risky,0.8337019907500502,0.6341463414634146,0.11940298507462686,0.2682926829268293,24865,0.1730544942690529,319,7,3,4,0.42857142857142855,0.6551724137931034,3.0,0.5052201354901833,0,default,gbdt
10,0.02,least_risky,0.8301921655580192,0.5644171779141104,0.09787234042553192,0.12883435582822086,27058,0.17196392933697982,314,7,5,2,0.7142857142857143,0.697452229299363,5.0,0.5054216634701058,0,default,gbdt
0,0.02,least_risky,0.801,0.5899280575539568,0.36607142857142855,0.17985611510791366,5000,0.2286,0,0,0,0,0.0,0.0,0.0,0.0,1,default,gbdt
1,0.02,least_risky,0.8065414057063326,0.6544117647058824,0.278125,0.3088235294117647,7185,0.2093249826026444,322,7,5,2,0.7142857142857143,0.6708074534161491,5.0,0.5040439204969885,1,default,gbdt
2,0.02,least_risky,0.8295151838039425,0.656934306569343,0.24793388429752067,0.31386861313868614,9385,0.19659030367607885,307,7,3,4,0.42857142857142855,0.6351791530944625,3.0,0.5052695008125466,1,default,gbdt
3,0.02,least_risky,0.825,0.6363636363636364,0.20449438202247192,0.2727272727272727,11599,0.18837830847486853,292,6,1,5,0.16666666666666666,0.6643835616438356,1.0,0.5030705168834105,1,default,gbdt
4,0.02,least_risky,0.8228902571532054,0.621301775147929,0.19811320754716982,0.24260355029585798,13805,0.1814559942049982,301,7,4,3,0.5714285714285714,0.6744186046511628,4.0,0.5024831079366191,1,default,gbdt
5,0.02,least_risky,0.8257339163023111,0.6405228758169934,0.16306156405990016,0.28104575163398693,16007,0.17798463172362092,305,7,2,5,0.2857142857142857,0.6950819672131148,2.0,0.5036585532944949,1,default,gbdt
6,0.02,least_risky,0.8402854006586169,0.6193181818181818,0.17467948717948717,0.23863636363636365,18217,0.17631882307734534,296,6,5,1,0.8333333333333334,0.6317567567567568,5.0,0.5064768335792967,1,default,gbdt
7,0.02,least_risky,0.8408923755822506,0.6302083333333334,0.17310443490701002,0.2604166666666667,20392,0.175166732051785,332,7,4,3,0.5714285714285714,0.6656626506024096,4.0,0.5054440333916578,1,default,gbdt
8,0.02,least_risky,0.8266164747564216,0.6190476190476191,0.15606242496998798,0.23809523809523808,22576,0.17390148830616584,323,7,3,4,0.42857142857142855,0.6408668730650154,3.0,0.5039769239345396,1,default,gbdt
9,0.02,least_risky,0.8433467741935484,0.63,0.1519903498190591,0.26,24798,0.1736430357286878,284,6,4,2,0.6666666666666666,0.6866197183098591,4.0,0.5064492791381036,1,default,gbdt
10,0.02,least_risky,0.8366061504260838,0.5844155844155844,0.1465798045602606,0.16883116883116883,26987,0.17174936080334977,318,7,3,4,0.42857142857142855,0.6446540880503144,3.0,0.5075759761958906,1,default,gbdt
0,0.02,least_risky,0.826,0.6614173228346457,0.39069767441860465,0.3228346456692913,5000,0.2188,0,0,0,0,0.0,0.0,0.0,0.0,2,default,gbdt
1,0.02,least_risky,0.8362248438584317,0.6153846153846154,0.2737642585551331,0.23076923076923078,7203,0.20338747743995558,304,7,3,4,0.42857142857142855,0.6842105263157895,3.0,0.509077816899503,2,default,gbdt
2,0.02,least_risky,0.8382820784729587,0.6776859504132231,0.23563218390804597,0.35537190082644626,9428,0.19113279592702587,281,6,3,3,0.5,0.6298932384341637,3.0,0.5034289965645168,2,default,gbdt
3,0.02,least_risky,0.8308222126560482,0.6601307189542484,0.22850678733031674,0.3202614379084967,11613,0.18634289158701456,322,7,5,2,0.7142857142857143,0.7111801242236024,5.0,0.5141678544507109,2,default,gbdt
4,0.02,least_risky,0.8381021369069178,0.6620689655172414,0.19433198380566802,0.32413793103448274,13801,0.18281283964930078,319,7,5,2,0.7142857142857143,0.6739811912225705,5.0,0.5069854837200565,2,default,gbdt
5,0.02,least_risky,0.8306779131521399,0.7086092715231788,0.1768595041322314,0.41721854304635764,16003,0.1779666312566394,305,7,2,5,0.2857142857142857,0.6360655737704918,2.0,0.5088874081064388,2,default,gbdt
6,0.02,least_risky,0.8427552140504939,0.6832298136645962,0.17405063291139242,0.36645962732919257,18220,0.17645444566410537,289,6,3,3,0.5,0.6747404844290658,3.0,0.5032137839766112,2,default,gbdt
7,0.02,least_risky,0.842234198922097,0.6742857142857143,0.1673758865248227,0.3485714285714286,20410,0.17442430181283686,317,7,5,2,0.7142857142857143,0.6498422712933754,5.0,0.5050992648688137,2,default,gbdt
8,0.02,least_risky,0.8385312983853129,0.7142857142857143,0.13819095477386933,0.42857142857142855,22603,0.17378224129540326,314,7,4,3,0.5714285714285714,0.6528662420382165,4.0,0.5063481885105326,2,default,gbdt
9,0.02,least_risky,0.8372935964559001,0.6891891891891891,0.11805555555555555,0.3783783783783784,24828,0.1735137747704205,281,6,2,4,0.3333333333333333,0.701067615658363,2.0,0.5024983333932072,2,default,gbdt
10,0.02,least_risky,0.833117723156533,0.6208791208791209,0.11932418162618796,0.24175824175824176,27054,0.17235898573223923,280,6,3,3,0.5,0.65,3.0,0.5045161679034676,2,default,gbdt
0,0.02,least_risky,0.813,0.5470085470085471,0.32323232323232326,0.09401709401709402,5000,0.211,0,0,0,0,0.0,0.0,0.0,0.0,3,default,gbdt
1,0.02,least_risky,0.827513966480447,0.717741935483871,0.2956810631229236,0.43548387096774194,7156,0.19675796534376747,352,8,5,3,0.625,0.6789772727272727,5.0,0.5035225154557177,3,default,gbdt
2,0.02,least_risky,0.8302088912694162,0.5960264900662252,0.26011560693641617,0.19205298013245034,9334,0.18845082494107565,329,7,3,4,0.42857142857142855,0.6778115501519757,3.0,0.5045294549433965,3,default,gbdt
3,0.02,least_risky,0.835717381881231,0.5796178343949044,0.22524752475247525,0.1592356687898089,11531,0.1866273523545226,310,7,5,2,0.7142857142857143,0.6516129032258065,5.0,0.5080601390621464,3,default,gbdt
4,0.02,least_risky,0.8284777858703569,0.6194029850746269,0.16500994035785288,0.23880597014925373,13730,0.1819373634377276,308,7,1,6,0.14285714285714285,0.6363636363636364,1.0,0.5044583128011023,3,default,gbdt
5,0.02,least_risky,0.8214061519146265,0.6050955414012739,0.15780730897009967,0.21019108280254778,15926,0.18008288333542635,311,7,6,1,0.8571428571428571,0.7170418006430869,6.0,0.5038971627813152,3,default,gbdt
6,0.02,least_risky,0.8310792161192382,0.6149425287356322,0.16411042944785276,0.22988505747126436,18114,0.17665893783813624,319,7,3,4,0.42857142857142855,0.6739811912225705,3.0,0.5052487820750663,3,default,gbdt
7,0.02,least_risky,0.8421182266009852,0.660377358490566,0.15173410404624277,0.32075471698113206,20296,0.17427079227433978,325,7,5,2,0.7142857142857143,0.6646153846153846,5.0,0.5048377077551351,3,default,gbdt
8,0.02,least_risky,0.8361092604930047,0.58125,0.12172774869109948,0.1625,22511,0.17307094309448715,291,6,3,3,0.5,0.6426116838487973,3.0,0.5057988210709248,3,default,gbdt
9,0.02,least_risky,0.8313423769993926,0.593939393939394,0.11342592592592593,0.18787878787878787,24693,0.17118211638926012,325,7,2,5,0.2857142857142857,0.6430769230769231,2.0,0.5060343170639411,3,default,gbdt
10,0.02,least_risky,0.8355935352034182,0.5595238095238095,0.10386740331491713,0.11904761904761904,26913,0.17002935384386728,286,6,5,1,0.8333333333333334,0.6573426573426573,5.0,0.5056054471268132,3,default,gbdt
0,0.02,least_risky,0.829,0.6923076923076923,0.4072398190045249,0.38461538461538464,5000,0.2196,0,0,0,0,0.0,0.0,0.0,0.0,4,default,gbdt
1,0.02,least_risky,0.8147632311977716,0.6308724832214765,0.3081967213114754,0.26174496644295303,7179,0.20295305752890375,328,7,4,3,0.5714285714285714,0.6798780487804879,4.0,0.5038077536147039,4,default,gbdt
2,0.02,least_risky,0.8153681963713981,0.546583850931677,0.24376731301939059,0.09316770186335403,9369,0.1920162237165119,317,7,1,6,0.14285714285714285,0.6309148264984227,1.0,0.5049637016109376,4,default,gbdt
3,0.02,least_risky,0.8307426597582038,0.6041666666666666,0.20616113744075829,0.20833333333333334,11578,0.18630160649507688,297,6,1,5,0.16666666666666666,0.6936026936026936,1.0,0.501269660905363,4,default,gbdt
4,0.02,least_risky,0.8304284676833696,0.6040268456375839,0.18072289156626506,0.2080536912751678,13770,0.1812636165577342,315,7,3,4,0.42857142857142855,0.6253968253968254,3.0,0.5033924712792835,4,default,gbdt
5,0.02,least_risky,0.8332288401253919,0.5901639344262295,0.1911504424778761,0.18032786885245902,15947,0.17827804602746597,330,7,3,4,0.42857142857142855,0.6484848484848484,3.0,0.5037472356290628,4,default,gbdt
6,0.02,least_risky,0.834619625137817,0.6025641025641025,0.14873417721518986,0.20512820512820512,18138,0.17510199580990185,316,7,3,4,0.42857142857142855,0.620253164556962,3.0,0.5117749843666798,4,default,gbdt
7,0.02,least_risky,0.8244837758112095,0.5773809523809523,0.13108108108108107,0.15476190476190477,20338,0.17346838430524142,307,7,4,3,0.5714285714285714,0.6286644951140065,4.0,0.5030256212186354,4,default,gbdt
8,0.02,least_risky,0.8376998223801065,0.6583850931677019,0.13554987212276215,0.3167701863354037,22516,0.17343222597264168,329,7,7,0,1.0,0.6808510638297872,7.0,0.5059730387607719,4,default,gbdt
9,0.02,least_risky,0.8316831683168316,0.6289308176100629,0.11441647597254005,0.2578616352201258,24743,0.17318029341631977,279,6,3,3,0.5,0.6021505376344086,3.0,0.5043804125522019,4,default,gbdt
10,0.02,least_risky,0.8287887219439807,0.6503067484662577,0.10905349794238683,0.3006134969325153,26953,0.17192891329351093,296,6,3,3,0.5,0.7195945945945946,3.0,0.5073654795079586,4,default,gbdt
0,0.05,least_risky,0.823,0.680327868852459,0.3755656108597285,0.36065573770491804,5000,0.2226,0,0,0,0,0.0,0.0,0.0,0.0,0,default,gbdt
1,0.05,least_risky,0.8307905686546463,0.6587301587301587,0.29225352112676056,0.31746031746031744,7210,0.2015256588072122,306,16,9,7,0.5625,0.6535947712418301,9.0,0.5163414673160434,0,default,gbdt
2,0.05,least_risky,0.8295394388565378,0.6666666666666666,0.2452316076294278,0.3333333333333333,9444,0.19504447268106734,280,14,7,7,0.5,0.6892857142857143,7.0,0.5166895157989396,0,default,gbdt
3,0.05,least_risky,0.8354810996563574,0.6818181818181818,0.2088167053364269,0.36363636363636365,11640,0.18685567010309279,320,16,6,10,0.375,0.659375,6.0,0.5098838422119673,0,default,gbdt
4,0.05,least_risky,0.8336340671237821,0.6797385620915033,0.20155038759689922,0.35947712418300654,13855,0.18491519307109347,301,16,8,8,0.5,0.6810631229235881,8.0,0.5166190681053515,0,default,gbdt
5,0.05,least_risky,0.8319875776397515,0.6739130434782609,0.15789473684210525,0.34782608695652173,16099,0.18119137834648114,270,14,8,6,0.5714285714285714,0.7,8.0,0.5150169141030869,0,default,gbdt
6,0.05,least_risky,0.8417030567685589,0.6580645161290323,0.16216216216216217,0.3161290322580645,18320,0.17789301310043668,294,15,4,11,0.26666666666666666,0.6632653061224489,4.0,0.5188933295722993,0,default,gbdt
7,0.05,least_risky,0.8351594838081324,0.5962732919254659,0.13559322033898305,0.19254658385093168,20531,0.17568554868248015,305,16,9,7,0.5625,0.6754098360655738,9.0,0.5131880543338936,0,default,gbdt
8,0.05,least_risky,0.8326745718050066,0.5777777777777777,0.13164556962025317,0.15555555555555556,22769,0.17493082700162502,276,14,9,5,0.6428571428571429,0.6884057971014492,9.0,0.5117955578428187,0,default,gbdt
9,0.05,least_risky,0.8336003203844613,0.5773809523809523,0.11318553092182031,0.15476190476190477,24968,0.17386254405639218,317,16,9,7,0.5625,0.6656151419558359,9.0,0.5155447459382682,0,default,gbdt
10,0.05,least_risky,0.8341616050064421,0.5738636363636364,0.10895361380798274,0.14772727272727273,27164,0.17280223825651597,320,16,11,5,0.6875,0.69375,11.0,0.5085823964568045,0,default,gbdt
0,0.05,least_risky,0.801,0.5899280575539568,0.36607142857142855,0.17985611510791366,5000,0.2286,0,0,0,0,0.0,0.0,0.0,0.0,1,default,gbdt
1,0.05,least_risky,0.8088950660180682,0.6470588235294118,0.24838709677419354,0.29411764705882354,7195,0.21000694927032662,322,17,12,5,0.7058823529411765,0.6708074534161491,12.0,0.5088180832324712,1,default,gbdt
2,0.05,least_risky,0.8286322511974454,0.66,0.26756756756756755,0.32,9392,0.1961243611584327,319,16,9,7,0.5625,0.6614420062695925,9.0,0.5095131064378473,1,default,gbdt
3,0.05,least_risky,0.8142734307824592,0.62,0.1987179487179487,0.24,11627,0.18861271179151973,279,14,8,6,0.5714285714285714,0.6810035842293907,8.0,0.5086646019127653,1,default,gbdt
4,0.05,least_risky,0.8322510822510822,0.5909090909090909,0.1845841784989858,0.18181818181818182,13856,0.18244803695150116,286,15,10,5,0.6666666666666666,0.6783216783216783,10.0,0.5202548753108045,1,default,gbdt
5,0.05,least_risky,0.8395522388059702,0.5962732919254659,0.17550274223034734,0.19254658385093168,16078,0.17968652817514616,293,15,10,5,0.6666666666666666,0.6928327645051194,10.0,0.5100932941921767,1,default,gbdt
6,0.05,least_risky,0.8275485105220005,0.6084656084656085,0.17113095238095238,0.21693121693121692,18293,0.1776089214453616,300,15,8,7,0.5333333333333333,0.6433333333333333,8.0,0.5094837957589797,1,default,gbdt
7,0.05,least_risky,0.8331297336916687,0.6424870466321243,0.16802168021680217,0.2849740932642487,20463,0.17602502076919319,348,18,9,9,0.5,0.6695402298850575,9.0,0.5101611677102106,1,default,gbdt
8,0.05,least_risky,0.8341054489300684,0.6521739130434783,0.1656441717791411,0.30434782608695654,22663,0.1749988968803777,316,16,8,8,0.5,0.6392405063291139,8.0,0.5107559995784519,1,default,gbdt
9,0.05,least_risky,0.8399276963245632,0.6201923076923077,0.15230224321133412,0.2403846153846154,24893,0.17470774916643234,285,15,9,6,0.6,0.6912280701754386,9.0,0.5124307412198151,1,default,gbdt
10,0.05,least_risky,0.8363166635910685,0.6157407407407407,0.14194236926360726,0.23148148148148148,27095,0.17291013102048347,314,16,11,5,0.6875,0.6560509554140127,11.0,0.5100578059949132,1,default,gbdt
0,0.05,least_risky,0.826,0.6614173228346457,0.39069767441860465,0.3228346456692913,5000,0.2188,0,0,0,0,0.0,0.0,0.0,0.0,2,default,gbdt
1,0.05,least_risky,0.8316008316008316,0.6216216216216216,0.25555555555555554,0.24324324324324326,7212,0.20368829728230728,304,16,7,9,0.4375,0.6842105263157895,7.0,0.5188408591868134,2,default,gbdt
2,0.05,least_risky,0.8221281101111699,0.7272727272727273,0.22506393861892582,0.45454545454545453,9445,0.19100052938062467,282,15,7,8,0.4666666666666667,0.648936170212766,7.0,0.5084786232881426,2,default,gbdt
3,0.05,least_risky,0.8198198198198198,0.6620689655172414,0.20556745182012848,0.32413793103448274,11653,0.18681884493263537,308,16,8,8,0.5,0.7175324675324676,8.0,0.5183008552476768,2,default,gbdt
4,0.05,least_risky,0.8323720259552992,0.7034482758620689,0.1946564885496183,0.4068965517241379,13868,0.18394865878280933,301,16,13,3,0.8125,0.6910299003322259,13.0,0.512238251448434,2,default,gbdt
5,0.05,least_risky,0.8368551895587322,0.6923076923076923,0.19830508474576272,0.38461538461538464,16087,0.17927519114813203,296,15,5,10,0.3333333333333333,0.6385135135135135,5.0,0.5106930943546253,2,default,gbdt
6,0.05,least_risky,0.8370633187772926,0.6646706586826348,0.17024539877300612,0.32934131736526945,18316,0.1780956540729417,286,15,8,7,0.5333333333333333,0.6608391608391608,8.0,0.5060237151783974,2,default,gbdt
7,0.05,least_risky,0.8425542286132098,0.6666666666666666,0.1777150916784203,0.3333333333333333,20515,0.1760175481355106,317,16,8,8,0.5,0.6466876971608833,8.0,0.5135239572148358,2,default,gbdt
8,0.05,least_risky,0.837112040501871,0.6589595375722543,0.14339622641509434,0.3179190751445087,22711,0.17546563339350976,320,16,8,8,0.5,0.634375,8.0,0.5145547515189575,2,default,gbdt
9,0.05,least_risky,0.8266185608338344,0.6785714285714286,0.12324324324324325,0.35714285714285715,24945,0.1752254960914011,280,14,6,8,0.42857142857142855,0.6964285714285714,6.0,0.5119466604242502,2,default,gbdt
10,0.05,least_risky,0.8342226310947563,0.6464088397790055,0.12264150943396226,0.292817679558011,27175,0.17387304507819687,285,15,8,7,0.5333333333333333,0.6596491228070176,8.0,0.5125450707318521,2,default,gbdt
0,0.05,least_risky,0.813,0.5470085470085471,0.32323232323232326,0.09401709401709402,5000,0.211,0,0,0,0,0.0,0.0,0.0,0.0,3,default,gbdt
1,0.05,least_risky,0.8326359832635983,0.6935483870967742,0.2986111111111111,0.3870967741935484,7166,0.19704158526374546,352,18,9,9,0.5,0.6789772727272727,9.0,0.5099207268367595,3,default,gbdt
2,0.05,least_risky,0.8317307692307693,0.6595744680851063,0.25833333333333336,0.3191489361702128,9356,0.18918341171440786,327,17,10,7,0.5882352941176471,0.6819571865443425,10.0,0.5102717451820696,3,default,gbdt
3,0.05,least_risky,0.8329727390739939,0.5987654320987654,0.23205741626794257,0.19753086419753085,11555,0.18753786239723064,317,16,14,2,0.875,0.6529968454258676,14.0,0.5077587089429599,3,default,gbdt
4,0.05,least_risky,0.831697564521992,0.625,0.18962075848303392,0.25,13751,0.1830412333648462,321,17,5,12,0.29411764705882354,0.6105919003115264,5.0,0.5208186927066981,3,default,gbdt
5,0.05,least_risky,0.8331765443712763,0.6418918918918919,0.16550522648083624,0.28378378378378377,15943,0.18114533023897636,325,17,12,5,0.7058823529411765,0.7015384615384616,12.0,0.5106840948330569,3,default,gbdt
6,0.05,least_risky,0.8293825799338479,0.6416184971098265,0.1661676646706587,0.2832369942196532,18138,0.17785863932076304,322,17,10,7,0.5882352941176471,0.6708074534161491,10.0,0.5182126623047754,3,default,gbdt
7,0.05,least_risky,0.8376783079193311,0.6363636363636364,0.14893617021276595,0.2727272727272727,20327,0.17543169183844148,328,17,9,8,0.5294117647058824,0.6615853658536586,9.0,0.5141702138235877,3,default,gbdt
8,0.05,least_risky,0.835956550653957,0.6035502958579881,0.13161290322580646,0.20710059171597633,22553,0.17447789651044207,289,15,8,7,0.5333333333333333,0.629757785467128,8.0,0.5103185497177527,3,default,gbdt
9,0.05,least_risky,0.8407437348423605,0.5868263473053892,0.11995104039167687,0.17365269461077845,24740,0.1727162489894907,330,17,12,5,0.7058823529411765,0.6424242424242425,12.0,0.5226868344579542,3,default,gbdt
10,0.05,least_risky,0.839547393804489,0.5963855421686747,0.11036789297658862,0.1927710843373494,26953,0.17126108410937557,303,16,6,10,0.375,0.6435643564356436,6.0,0.5082340557693493,3,default,gbdt
0,0.05,least_risky,0.829,0.6923076923076923,0.4072398190045249,0.38461538461538464,5000,0.2196,0,0,0,0,0.0,0.0,0.0,0.0,4,default,gbdt
1,0.05,least_risky,0.8122392211404729,0.5766423357664233,0.27147766323024053,0.15328467153284672,7189,0.2032271525942412,328,17,8,9,0.47058823529411764,0.6798780487804879,8.0,0.5102293215045338,4,default,gbdt
2,0.05,least_risky,0.8248136315228967,0.6690647482014388,0.2473404255319149,0.3381294964028777,9386,0.1927338589388451,319,16,6,10,0.375,0.6238244514106583,6.0,0.5200104090181724,4,default,gbdt
3,0.05,least_risky,0.8163440860215053,0.5515151515151515,0.20495495495495494,0.10303030303030303,11624,0.18780110116999313,276,14,9,5,0.6428571428571429,0.717391304347826,9.0,0.5063705905057972,4,default,gbdt
4,0.05,least_risky,0.8209764918625678,0.5808383233532934,0.18582375478927204,0.16167664670658682,13825,0.18249547920433998,315,16,9,7,0.5625,0.6412698412698413,9.0,0.5113302168232217,4,default,gbdt
5,0.05,least_risky,0.8239700374531835,0.6287425149700598,0.17298187808896212,0.25748502994011974,16019,0.17941194831138024,323,17,8,9,0.47058823529411764,0.6656346749226006,8.0,0.5106063463378379,4,default,gbdt
6,0.05,least_risky,0.830090435735818,0.6046511627906976,0.15853658536585366,0.20930232558139536,18242,0.17662537002521653,292,15,9,6,0.6,0.6404109589041096,9.0,0.5102904566494886,4,default,gbdt
7,0.05,least_risky,0.8249816670740651,0.6181818181818182,0.13509933774834437,0.23636363636363636,20451,0.17510146203119653,307,16,11,5,0.6875,0.6286644951140065,11.0,0.506541730038288,4,default,gbdt
8,0.05,least_risky,0.8375275938189846,0.6206896551724138,0.13881748071979436,0.2413793103448276,22647,0.17481344107387292,320,16,11,5,0.6875,0.709375,11.0,0.5098037580200996,4,default,gbdt
9,0.05,least_risky,0.8323281061519904,0.5810055865921788,0.1205098493626883,0.16201117318435754,24870,0.17434660233212707,292,15,9,6,0.6,0.6061643835616438,9.0,0.5128405784985391,4,default,gbdt
10,0.05,least_risky,0.8338563780690419,0.6271186440677966,0.11746031746031746,0.2542372881355932,27083,0.17313443857770558,303,16,9,7,0.5625,0.7095709570957096,9.0,0.5122785217974474,4,default,gbdt
0,0.1,least_risky,0.823,0.680327868852459,0.3755656108597285,0.36065573770491804,5000,0.2226,0,0,0,0,0.0,0.0,0.0,0.0,0,default,gbdt
1,0.1,least_risky,0.8359861591695502,0.7338709677419355,0.30847457627118646,0.46774193548387094,7225,0.20249134948096886,306,31,19,12,0.6129032258064516,0.6535947712418301,19.0,0.532098180854097,0,default,gbdt
2,0.1,least_risky,0.8190928270042194,0.6564885496183206,0.22395833333333334,0.31297709923664124,9476,0.1970240607851414,277,28,18,10,0.6428571428571429,0.6823104693140795,18.0,0.5203335877736733,0,default,gbdt
3,0.1,least_risky,0.8349722103463019,0.6758620689655173,0.2242562929061785,0.35172413793103446,11691,0.18963305106492173,317,32,21,11,0.65625,0.6593059936908517,21.0,0.535422205477708,0,default,gbdt
4,0.1,least_risky,0.8260869565217391,0.6728395061728395,0.20185185185185187,0.345679012345679,13912,0.187392179413456,311,32,17,15,0.53125,0.6784565916398714,17.0,0.5360086464855041,0,default,gbdt
5,0.1,least_risky,0.8367346938775511,0.6518987341772152,0.17881944444444445,0.3037974683544304,16166,0.18353334158109613,274,28,12,16,0.42857142857142855,0.6861313868613139,12.0,0.5291825951088162,0,default,gbdt
6,0.1,least_risky,0.8336956521739131,0.6529411764705882,0.16716867469879518,0.3058823529411765,18396,0.18014785823005,301,31,15,16,0.4838709677419355,0.6677740863787376,15.0,0.5284477356661295,0,default,gbdt
7,0.1,least_risky,0.8292919495635306,0.5969387755102041,0.15768194070080863,0.19387755102040816,20618,0.17809680861383256,309,31,23,8,0.7419354838709677,0.6796116504854369,23.0,0.5299303679837316,0,default,gbdt
8,0.1,least_risky,0.8309643560026241,0.6306818181818182,0.13553113553113552,0.26136363636363635,22865,0.17730155259129673,282,29,14,15,0.4827586206896552,0.6702127659574468,14.0,0.5227043895421464,0,default,gbdt
9,0.1,least_risky,0.839481555333998,0.615,0.1445358401880141,0.23,25075,0.17627118644067796,323,33,15,18,0.45454545454545453,0.6470588235294118,15.0,0.5390047330695824,0,default,gbdt
10,0.1,least_risky,0.8336082096389957,0.5363636363636364,0.1277056277056277,0.07272727272727272,27283,0.1750540629696148,325,33,17,16,0.5151515151515151,0.6923076923076923,17.0,0.5260025005658812,0,default,gbdt
0,0.1,least_risky,0.801,0.5899280575539568,0.36607142857142855,0.17985611510791366,5000,0.2286,0,0,0,0,0.0,0.0,0.0,0.0,1,default,gbdt
1,0.1,least_risky,0.8031878031878031,0.6212121212121212,0.25949367088607594,0.24242424242424243,7211,0.21078907225072804,322,33,21,12,0.6363636363636364,0.6708074534161491,21.0,0.5174456978422683,1,default,gbdt
2,0.1,least_risky,0.8122015915119364,0.6938775510204082,0.24817518248175183,0.3877551020408163,9422,0.1976225854383358,322,33,17,16,0.5151515151515151,0.6459627329192547,17.0,0.528169508035281,1,default,gbdt
3,0.1,least_risky,0.81191088260497,0.6045197740112994,0.22478991596638656,0.20903954802259886,11669,0.1899048761676236,282,29,14,15,0.4827586206896552,0.6843971631205674,14.0,0.5237603013442662,1,default,gbdt
4,0.1,least_risky,0.8202085580726357,0.5885714285714285,0.19397363465160075,0.17714285714285713,13905,0.18403451995685005,294,30,19,11,0.6333333333333333,0.6632653061224489,19.0,0.5233440406632373,1,default,gbdt
5,0.1,least_risky,0.8224356987914472,0.6171428571428571,0.1758957654723127,0.2342857142857143,16132,0.18100669476816267,304,31,21,10,0.6774193548387096,0.7039473684210527,21.0,0.5168718707804371,1,default,gbdt
6,0.1,least_risky,0.8287037037037037,0.6,0.15813253012048192,0.2,18358,0.17883211678832117,305,31,15,16,0.4838709677419355,0.6459016393442623,15.0,0.5229232875158478,1,default,gbdt
7,0.1,least_risky,0.8336171247871564,0.6342857142857142,0.1518467852257182,0.26857142857142857,20552,0.1772576878162709,340,34,17,17,0.5,0.6882352941176471,17.0,0.5288107299692884,1,default,gbdt
8,0.1,least_risky,0.8293807641633728,0.5906976744186047,0.1556372549019608,0.1813953488372093,22767,0.17626389071902315,317,32,17,15,0.53125,0.6466876971608833,17.0,0.5337388262012703,1,default,gbdt
9,0.1,least_risky,0.8402958225064961,0.589622641509434,0.14934289127837516,0.1792452830188679,25013,0.1759884859872866,283,29,12,17,0.41379310344827586,0.6855123674911661,12.0,0.5271479343472261,1,default,gbdt
10,0.1,least_risky,0.841042584434655,0.6217391304347826,0.15509761388286333,0.24347826086956523,27238,0.17427858139364125,306,31,12,19,0.3870967741935484,0.6470588235294118,12.0,0.5197451793348257,1,default,gbdt
0,0.1,least_risky,0.826,0.6614173228346457,0.39069767441860465,0.3228346456692913,5000,0.2188,0,0,0,0,0.0,0.0,0.0,0.0,2,default,gbdt
1,0.1,least_risky,0.8333333333333334,0.6347826086956522,0.26838235294117646,0.26956521739130435,7227,0.2040957520409575,304,31,13,18,0.41935483870967744,0.6842105263157895,13.0,0.5317719376534833,2,default,gbdt
2,0.1,least_risky,0.8285864978902954,0.6090225563909775,0.2288135593220339,0.21804511278195488,9477,0.1921494143716366,278,28,12,16,0.42857142857142855,0.6366906474820144,12.0,0.5191835782193442,2,default,gbdt
3,0.1,least_risky,0.8331193838254172,0.6308724832214765,0.2191142191142191,0.26174496644295303,11685,0.1875053487376979,325,33,14,19,0.42424242424242425,0.7076923076923077,14.0,0.5268554016023796,2,default,gbdt
4,0.1,least_risky,0.8347107438016529,0.7094594594594594,0.20114942528735633,0.4189189189189189,13915,0.1846209126841538,301,31,20,11,0.6451612903225806,0.7009966777408638,20.0,0.5245575940312734,2,default,gbdt
5,0.1,least_risky,0.8354469532941541,0.6263736263736264,0.1972318339100346,0.25274725274725274,16163,0.18059766132524901,281,29,18,11,0.6206896551724138,0.6583629893238434,18.0,0.5243474894232372,2,default,gbdt
6,0.1,least_risky,0.8378598587724063,0.6428571428571429,0.16744186046511628,0.2857142857142857,18410,0.17941336230309615,282,29,17,12,0.5862068965517241,0.6808510638297872,17.0,0.5219677433698525,2,default,gbdt
7,0.1,least_risky,0.8290909090909091,0.6051282051282051,0.1581769436997319,0.21025641025641026,20625,0.17726060606060606,317,32,18,14,0.5625,0.6656151419558359,18.0,0.5216610085157747,2,default,gbdt
8,0.1,least_risky,0.8312541037426132,0.6460674157303371,0.13973268529769137,0.29213483146067415,22844,0.17702679040448258,313,32,20,12,0.625,0.6421725239616614,20.0,0.5232953886093872,2,default,gbdt
9,0.1,least_risky,0.8318390117553297,0.5961538461538461,0.14027149321266968,0.19230769230769232,25094,0.17689487526898862,278,28,16,12,0.5714285714285714,0.7050359712230215,16.0,0.5236943060264847,2,default,gbdt
10,0.1,least_risky,0.8326321565758186,0.6255924170616114,0.13636363636363635,0.25118483412322273,27331,0.17555157147561376,293,30,13,17,0.43333333333333335,0.6416382252559727,13.0,0.5221841705871387,2,default,gbdt
0,0.1,least_risky,0.813,0.5470085470085471,0.32323232323232326,0.09401709401709402,5000,0.211,0,0,0,0,0.0,0.0,0.0,0.0,3,default,gbdt
1,0.1,least_risky,0.837160751565762,0.6793893129770993,0.3167259786476868,0.35877862595419846,7184,0.19780066815144767,352,36,18,18,0.5,0.6789772727272727,18.0,0.5215081974088114,3,default,gbdt
2,0.1,least_risky,0.8375931842385517,0.6597222222222222,0.2706552706552707,0.3194444444444444,9386,0.1901768591519284,332,34,18,16,0.5294117647058824,0.677710843373494,18.0,0.5171074994077491,3,default,gbdt
3,0.1,least_risky,0.8341946597760551,0.6011560693641619,0.24761904761904763,0.2023121387283237,11610,0.18888888888888888,307,31,15,16,0.4838709677419355,0.6416938110749185,15.0,0.5170656269558677,3,default,gbdt
4,0.1,least_risky,0.8333333333333334,0.6433566433566433,0.18326693227091634,0.2867132867132867,13829,0.1842504881047075,313,32,13,19,0.40625,0.6357827476038339,13.0,0.5331250998196227,3,default,gbdt
5,0.1,least_risky,0.8317232782798379,0.650887573964497,0.18612521150592218,0.30177514792899407,16045,0.18254908071050172,316,32,19,13,0.59375,0.7120253164556962,19.0,0.5200975311063344,3,default,gbdt
6,0.1,least_risky,0.8253490281960033,0.5780346820809249,0.15037593984962405,0.15606936416184972,18264,0.17942400350416118,313,32,14,18,0.4375,0.670926517571885,14.0,0.5168108930681052,3,default,gbdt
7,0.1,least_risky,0.8341880341880342,0.6228571428571429,0.15096952908587258,0.24571428571428572,20474,0.177200351665527,323,33,18,15,0.5454545454545454,0.6656346749226006,18.0,0.5316004430830673,3,default,gbdt
8,0.1,least_risky,0.8312431243124312,0.5901639344262295,0.135,0.18032786885245902,22722,0.17608485168559107,280,28,17,11,0.6071428571428571,0.6678571428571428,17.0,0.5280679948250263,3,default,gbdt
9,0.1,least_risky,0.8276207656845059,0.5842105263157895,0.12443946188340807,0.16842105263157894,24945,0.17454399679294447,308,31,15,16,0.4838709677419355,0.6493506493506493,15.0,0.5166693965772777,3,default,gbdt
10,0.1,least_risky,0.8380216951645523,0.6,0.12091503267973856,0.2,27193,0.1733902107159931,281,29,18,11,0.6206896551724138,0.6725978647686833,18.0,0.5217358832469611,3,default,gbdt
0,0.1,least_risky,0.829,0.6923076923076923,0.4072398190045249,0.38461538461538464,5000,0.2196,0,0,0,0,0.0,0.0,0.0,0.0,4,default,gbdt
1,0.1,least_risky,0.8244274809160306,0.6363636363636364,0.2906574394463668,0.2727272727272727,7205,0.2037473976405274,328,33,15,18,0.45454545454545453,0.6798780487804879,15.0,0.5192055573220108,4,default,gbdt
2,0.1,least_risky,0.8275862068965517,0.636986301369863,0.2547945205479452,0.273972602739726,9422,0.19316493313521546,315,32,12,20,0.375,0.638095238095238,12.0,0.5283567794493096,4,default,gbdt
3,0.1,least_risky,0.8275566966195977,0.5757575757575758,0.2219626168224299,0.15151515151515152,11681,0.18876808492423594,268,27,16,11,0.5925925925925926,0.7238805970149254,16.0,0.5162386484446184,4,default,gbdt
4,0.1,least_risky,0.8193594818279957,0.592814371257485,0.18574108818011256,0.18562874251497005,13894,0.1837483805959407,319,32,16,16,0.5,0.6300940438871473,16.0,0.5282238112849074,4,default,gbdt
5,0.1,least_risky,0.841304347826087,0.611764705882353,0.1894353369763206,0.2235294117647059,16100,0.181055900621118,327,33,18,15,0.5454545454545454,0.654434250764526,18.0,0.5139898629686847,4,default,gbdt
6,0.1,least_risky,0.8327421555252388,0.6325301204819277,0.1598173515981735,0.26506024096385544,18324,0.17807247325911374,307,31,15,16,0.4838709677419355,0.6286644951140065,15.0,0.515549139041672,4,default,gbdt
7,0.1,least_risky,0.8341439688715954,0.5948717948717949,0.16133518776077885,0.18974358974358974,20558,0.1767681681097383,296,30,20,10,0.6666666666666666,0.6418918918918919,20.0,0.5165281308350428,4,default,gbdt
8,0.1,least_risky,0.8252469813391877,0.5970149253731343,0.1437125748502994,0.19402985074626866,22772,0.17648867029685578,318,32,14,18,0.4375,0.7012578616352201,14.0,0.5253482938565337,4,default,gbdt
9,0.1,least_risky,0.8327003797721367,0.6171428571428571,0.12300683371298406,0.2342857142857143,25014,0.17638122651315263,287,29,19,10,0.6551724137931034,0.5958188153310104,19.0,0.5287430415624382,4,default,gbdt
10,0.1,least_risky,0.8343119266055046,0.6292682926829268,0.13493723849372385,0.25853658536585367,27246,0.17529178595023123,298,30,17,13,0.5666666666666667,0.7114093959731543,17.0,0.5189232784282289,4,default,gbdt
0,0.15,least_risky,0.823,0.680327868852459,0.3755656108597285,0.36065573770491804,5000,0.2226,0,0,0,0,0.0,0.0,0.0,0.0,0,default,gbdt
1,0.15,least_risky,0.8390883977900553,0.6692307692307692,0.3140794223826715,0.3384615384615385,7240,0.20331491712707184,306,46,28,18,0.6086956521739131,0.6535947712418301,28.0,0.5437341008665201,0,default,gbdt
2,0.15,least_risky,0.8296529968454258,0.6737588652482269,0.2546916890080429,0.3475177304964539,9507,0.19816976964342065,275,42,29,13,0.6904761904761905,0.6981818181818182,29.0,0.5491293370299981,0,default,gbdt
3,0.15,least_risky,0.8237547892720306,0.6986301369863014,0.21610169491525424,0.3972602739726027,11741,0.19095477386934673,313,47,24,23,0.5106382978723404,0.6517571884984026,24.0,0.5372699235478013,0,default,gbdt
4,0.15,least_risky,0.8193848354792561,0.6511627906976745,0.20107719928186715,0.3023255813953488,13977,0.18916791872361738,311,47,25,22,0.5319148936170213,0.6655948553054662,25.0,0.5421228014924229,0,default,gbdt
5,0.15,least_risky,0.8330766861718509,0.6736111111111112,0.16385135135135134,0.3472222222222222,16234,0.18529013182210177,286,43,20,23,0.46511627906976744,0.6713286713286714,20.0,0.5263005838885058,0,default,gbdt
6,0.15,least_risky,0.8295915607249121,0.6318681318681318,0.1696165191740413,0.26373626373626374,18482,0.18190672005194244,297,45,19,26,0.4222222222222222,0.6666666666666666,19.0,0.5365900684836081,0,default,gbdt
7,0.15,least_risky,0.833976833976834,0.6051282051282051,0.16186556927297668,0.21025641025641026,20719,0.17993146387373907,310,47,25,22,0.5319148936170213,0.6580645161290323,25.0,0.5395965050247654,0,default,gbdt
8,0.15,least_risky,0.8249619482496194,0.6225490196078431,0.14853801169590644,0.24509803921568626,22994,0.17926415586674785,265,40,23,17,0.575,0.7018867924528301,23.0,0.5468218331761934,0,default,gbdt
9,0.15,least_risky,0.8277843836702339,0.581081081081081,0.1425414364640884,0.16216216216216217,25227,0.17826138660958496,315,48,23,25,0.4791666666666667,0.6603174603174603,23.0,0.5462311659663129,0,default,gbdt
10,0.15,least_risky,0.8319679592208266,0.5736434108527132,0.15400624349635797,0.14728682170542637,27461,0.17734241287644295,314,48,27,21,0.5625,0.6942675159235668,27.0,0.5345944349172811,0,default,gbdt
0,0.15,least_risky,0.801,0.5899280575539568,0.36607142857142855,0.17985611510791366,5000,0.2286,0,0,0,0,0.0,0.0,0.0,0.0,1,default,gbdt
1,0.15,least_risky,0.8035961272475796,0.6153846153846154,0.25477707006369427,0.23076923076923078,7227,0.21101425211014252,322,49,26,23,0.5306122448979592,0.6708074534161491,26.0,0.5261415913563909,1,default,gbdt
2,0.15,least_risky,0.8335974643423137,0.6418918918918919,0.2661064425770308,0.28378378378378377,9461,0.19881619279145968,313,47,25,22,0.5319148936170213,0.645367412140575,25.0,0.530367863118465,1,default,gbdt
3,0.15,least_risky,0.8203158344003414,0.6235294117647059,0.22894168466522677,0.24705882352941178,11711,0.191016992571087,295,45,21,24,0.4666666666666667,0.6711864406779661,21.0,0.5350363876420482,1,default,gbdt
4,0.15,least_risky,0.8303507516105941,0.6395348837209303,0.210727969348659,0.27906976744186046,13967,0.1853655044032362,288,44,28,16,0.6363636363636364,0.6770833333333334,28.0,0.5388373068720764,1,default,gbdt
5,0.15,least_risky,0.8208448967005859,0.6170212765957447,0.1856,0.23404255319148937,16212,0.18301258327165063,300,45,34,11,0.7555555555555555,0.7,34.0,0.5179846520564519,1,default,gbdt
6,0.15,least_risky,0.8252979414951246,0.6047619047619047,0.18432510885341075,0.20952380952380953,18457,0.18096115295010023,301,46,25,21,0.5434782608695652,0.654485049833887,25.0,0.5298786254824954,1,default,gbdt
7,0.15,least_risky,0.8349866924751996,0.6205128205128205,0.16598079561042525,0.24102564102564103,20664,0.17963608207510648,345,52,26,26,0.5,0.6695652173913044,26.0,0.5429028668851863,1,default,gbdt
8,0.15,least_risky,0.8307490718497489,0.6160714285714286,0.16686819830713423,0.23214285714285715,22894,0.17886782563116974,318,48,29,19,0.6041666666666666,0.6415094339622641,29.0,0.5391370895609386,1,default,gbdt
9,0.15,least_risky,0.8362154641224409,0.60546875,0.1765375854214123,0.2109375,25152,0.1785941475826972,285,43,24,19,0.5581395348837209,0.6947368421052632,24.0,0.5343063877861216,1,default,gbdt
10,0.15,least_risky,0.8312945042906701,0.5849802371541502,0.15305067218200621,0.16996047430830039,27385,0.17688515610735805,315,48,25,23,0.5208333333333334,0.6476190476190476,25.0,0.5423968787171679,1,default,gbdt
0,0.15,least_risky,0.826,0.6614173228346457,0.39069767441860465,0.3228346456692913,5000,0.2188,0,0,0,0,0.0,0.0,0.0,0.0,2,default,gbdt
1,0.15,least_risky,0.821256038647343,0.65,0.26440677966101694,0.3,7242,0.20463960231980116,304,46,20,26,0.43478260869565216,0.6842105263157895,20.0,0.5449312661345111,2,default,gbdt
2,0.15,least_risky,0.8214285714285714,0.6666666666666666,0.2245430809399478,0.3333333333333333,9516,0.1935687263556116,266,40,20,20,0.5,0.6428571428571429,20.0,0.5395250214806084,2,default,gbdt
3,0.15,least_risky,0.8340425531914893,0.6646706586826348,0.24943820224719102,0.32934131736526945,11748,0.18998978549540346,316,48,31,17,0.6458333333333334,0.7183544303797469,31.0,0.5413584647386281,2,default,gbdt
4,0.15,least_risky,0.8427448177269479,0.7115384615384616,0.21936758893280633,0.4230769230769231,13987,0.18695931936798454,308,47,30,17,0.6382978723404256,0.7012987012987013,30.0,0.5390494404874397,2,default,gbdt
5,0.15,least_risky,0.8371305418719212,0.6648648648648648,0.20847457627118643,0.32972972972972975,16236,0.1824340970682434,296,45,20,25,0.4444444444444444,0.6418918918918919,20.0,0.5441395768140909,2,default,gbdt
6,0.15,least_risky,0.8264395782643957,0.6071428571428571,0.1739766081871345,0.21428571428571427,18492,0.18126757516764005,288,44,23,21,0.5227272727272727,0.6666666666666666,23.0,0.5346010482084297,2,default,gbdt
7,0.15,least_risky,0.8347406513872135,0.6456310679611651,0.17852348993288591,0.2912621359223301,20725,0.17930036188178528,315,48,21,27,0.4375,0.6444444444444445,21.0,0.5276634792475091,2,default,gbdt
8,0.15,least_risky,0.8279991291095145,0.6262626262626263,0.14761904761904762,0.25252525252525254,22961,0.1791298288402073,311,47,26,21,0.5531914893617021,0.6366559485530546,26.0,0.5360327945386617,2,default,gbdt
9,0.15,least_risky,0.8295003965107058,0.6512820512820513,0.1381936887921654,0.30256410256410254,25217,0.1790458817464409,288,44,32,12,0.7272727272727273,0.7118055555555556,32.0,0.5353800405104675,2,default,gbdt
10,0.15,least_risky,0.8335152838427947,0.6406926406926406,0.1510204081632653,0.2813852813852814,27479,0.1777357254630809,281,43,21,22,0.4883720930232558,0.6619217081850534,21.0,0.5439696486952036,2,default,gbdt
0,0.15,least_risky,0.813,0.5470085470085471,0.32323232323232326,0.09401709401709402,5000,0.211,0,0,0,0,0.0,0.0,0.0,0.0,3,default,gbdt
1,0.15,least_risky,0.8320610687022901,0.6967213114754098,0.29310344827586204,0.39344262295081966,7201,0.19900013886960144,352,53,30,23,0.5660377358490566,0.6789772727272727,30.0,0.5318783077311358,3,default,gbdt
2,0.15,least_risky,0.8189060010621348,0.6223776223776224,0.23670212765957446,0.24475524475524477,9412,0.19145771355716107,341,52,30,22,0.5769230769230769,0.6803519061583577,30.0,0.5305370577253373,3,default,gbdt
3,0.15,least_risky,0.8321167883211679,0.5425531914893617,0.25061425061425063,0.0851063829787234,11645,0.18995276942893946,315,48,28,20,0.5833333333333334,0.6603174603174603,28.0,0.53660233105052,3,default,gbdt
4,0.15,least_risky,0.827449567723343,0.6578947368421053,0.18975332068311196,0.3157894736842105,13876,0.1856442778898818,317,48,19,29,0.3958333333333333,0.6182965299684543,19.0,0.5350192089924316,3,default,gbdt
5,0.15,least_risky,0.8256282966180577,0.6354166666666666,0.1986970684039088,0.2708333333333333,16114,0.184622067767159,309,47,32,15,0.6808510638297872,0.7119741100323624,32.0,0.5462722968244493,3,default,gbdt
6,0.15,least_risky,0.8266557645134914,0.5824742268041238,0.1691616766467066,0.16494845360824742,18344,0.1815307457479285,318,48,29,19,0.6041666666666666,0.6855345911949685,29.0,0.5381042585824336,3,default,gbdt
7,0.15,least_risky,0.8305373206904936,0.5894736842105263,0.15321477428180574,0.17894736842105263,20565,0.17913931436907368,329,50,26,24,0.52,0.668693009118541,26.0,0.5501064440472038,3,default,gbdt
8,0.15,least_risky,0.8271631982475356,0.6111111111111112,0.1452581032412965,0.2222222222222222,22822,0.17785470160371572,287,44,20,24,0.45454545454545453,0.6550522648083623,20.0,0.5376737571345278,3,default,gbdt
9,0.15,least_risky,0.8232242617717478,0.5913461538461539,0.1331168831168831,0.18269230769230768,25056,0.17624521072796934,313,47,22,25,0.46808510638297873,0.6485623003194888,22.0,0.5408911281563614,3,default,gbdt
10,0.15,least_risky,0.8243045387994143,0.5625,0.12753036437246965,0.125,27318,0.17519584156966103,281,43,26,17,0.6046511627906976,0.6690391459074733,26.0,0.5334120511386156,3,default,gbdt
0,0.15,least_risky,0.829,0.6923076923076923,0.4072398190045249,0.38461538461538464,5000,0.2196,0,0,0,0,0.0,0.0,0.0,0.0,4,default,gbdt
1,0.15,least_risky,0.8221453287197232,0.6423357664233577,0.2972972972972973,0.2846715328467153,7222,0.2045139850456937,328,50,24,26,0.48,0.6798780487804879,24.0,0.5277493999284951,4,default,gbdt
2,0.15,least_risky,0.8168343038644785,0.6442953020134228,0.2467866323907455,0.28859060402684567,9443,0.19432383776342263,329,50,26,24,0.52,0.6352583586626139,26.0,0.5300519441286774,4,default,gbdt
3,0.15,least_risky,0.8252136752136752,0.6204819277108434,0.22939866369710468,0.24096385542168675,11700,0.18991452991452992,287,44,27,17,0.6136363636363636,0.7073170731707317,27.0,0.5291341085614859,4,default,gbdt
4,0.15,least_risky,0.8313598851811984,0.6176470588235294,0.20588235294117646,0.23529411764705882,13934,0.1850868379503373,313,47,21,26,0.44680851063829785,0.6293929712460063,21.0,0.5342695107246402,4,default,gbdt
5,0.15,least_risky,0.8373531230674088,0.6318407960199005,0.21934369602763384,0.263681592039801,16166,0.18272918470864777,316,48,25,23,0.5208333333333334,0.6582278481012658,25.0,0.5313781633441774,4,default,gbdt
6,0.15,least_risky,0.8355048859934854,0.6142131979695431,0.1858678955453149,0.22842639593908629,18416,0.18011511728931365,295,45,24,21,0.5333333333333333,0.6338983050847458,24.0,0.5327593246624168,4,default,gbdt
7,0.15,least_risky,0.8327281529895909,0.5980861244019139,0.17076502732240437,0.19617224880382775,20655,0.1786492374727669,308,47,27,20,0.574468085106383,0.6331168831168831,27.0,0.5329862062405926,4,default,gbdt
8,0.15,least_risky,0.8330054644808743,0.6359223300970874,0.1597560975609756,0.27184466019417475,22875,0.1785792349726776,330,50,30,20,0.6,0.693939393939394,30.0,0.5272770505740014,4,default,gbdt
9,0.15,least_risky,0.8275656324582339,0.6262626262626263,0.13522355507088332,0.25252525252525254,25137,0.17830290010741137,281,43,23,20,0.5348837209302325,0.608540925266904,23.0,0.5347146946715361,4,default,gbdt
10,0.15,least_risky,0.8366192040890836,0.6337448559670782,0.16041666666666668,0.2674897119341564,27388,0.17737695341025267,293,44,30,14,0.6818181818181818,0.726962457337884,30.0,0.5318442183063439,4,default,gbdt
0,0.2,least_risky,0.823,0.680327868852459,0.3755656108597285,0.36065573770491804,5000,0.2226,0,0,0,0,0.0,0.0,0.0,0.0,0,default,gbdt
1,0.2,least_risky,0.8360881542699724,0.6962962962962963,0.3230240549828179,0.3925925925925926,7256,0.20438257993384784,306,62,39,23,0.6290322580645161,0.6535947712418301,39.0,0.5534804569172259,0,default,gbdt
2,0.2,least_risky,0.8268625393494229,0.6728395061728395,0.2823834196891192,0.345679012345679,9529,0.19928638891803968,284,57,40,17,0.7017543859649122,0.7007042253521126,40.0,0.5676041341388868,0,default,gbdt
3,0.2,least_risky,0.8271028037383178,0.6933333333333334,0.22365591397849463,0.38666666666666666,11770,0.19218351741716228,324,65,31,34,0.47692307692307695,0.6358024691358025,31.0,0.546329815028506,0,default,gbdt
4,0.2,least_risky,0.827512473271561,0.654054054054054,0.22365988909426987,0.3081081081081081,14027,0.19027589648534968,304,61,31,30,0.5081967213114754,0.6842105263157895,31.0,0.5437721093157442,0,default,gbdt
5,0.2,least_risky,0.8234212139791539,0.6494252873563219,0.17993630573248406,0.2988505747126437,16306,0.18710903961731878,277,56,32,24,0.5714285714285714,0.6714801444043321,32.0,0.5478150957015561,0,default,gbdt
6,0.2,least_risky,0.8279483037156704,0.6443298969072165,0.17985611510791366,0.28865979381443296,18570,0.18411416262789446,296,60,34,26,0.5666666666666667,0.6722972972972973,34.0,0.5486631116924136,0,default,gbdt
7,0.2,least_risky,0.8220461095100865,0.5804878048780487,0.15374677002583978,0.16097560975609757,20818,0.18234220386204247,315,63,44,19,0.6984126984126984,0.6730158730158731,44.0,0.5612087721848736,0,default,gbdt
8,0.2,least_risky,0.8276683264775926,0.6078431372549019,0.14761904761904762,0.21568627450980393,23094,0.18121590023382697,281,57,25,32,0.43859649122807015,0.6868327402135231,25.0,0.5613108626058895,0,default,gbdt
9,0.2,least_risky,0.8287292817679558,0.6163265306122448,0.16324324324324324,0.23265306122448978,25338,0.1801247138684979,320,64,30,34,0.46875,0.659375,30.0,0.5590904770164795,0,default,gbdt
10,0.2,least_risky,0.8390429581294182,0.602510460251046,0.1536819637139808,0.20502092050209206,27582,0.179283590747589,321,65,38,27,0.5846153846153846,0.6884735202492211,38.0,0.5473946481106905,0,default,gbdt
0,0.2,least_risky,0.801,0.5899280575539568,0.36607142857142855,0.17985611510791366,5000,0.2286,0,0,0,0,0.0,0.0,0.0,0.0,1,default,gbdt
1,0.2,least_risky,0.7984817115251898,0.6058394160583942,0.2585669781931464,0.2116788321167883,7243,0.21179069446362006,322,65,35,30,0.5384615384615384,0.6708074534161491,35.0,0.535227579953223,1,default,gbdt
2,0.2,least_risky,0.8251711427066877,0.6535947712418301,0.2638522427440633,0.30718954248366015,9495,0.2,311,63,37,26,0.5873015873015873,0.6591639871382636,37.0,0.5472681742325415,1,default,gbdt
3,0.2,least_risky,0.8223544411389715,0.6227544910179641,0.22657952069716775,0.24550898203592814,11763,0.19246790784663775,290,58,29,29,0.5,0.6793103448275862,29.0,0.5391865077000039,1,default,gbdt
4,0.2,least_risky,0.8357091945830364,0.5759162303664922,0.22448979591836735,0.1518324607329843,14029,0.18675600541734977,293,59,34,25,0.576271186440678,0.6723549488054608,34.0,0.5384343226605441,1,default,gbdt
5,0.2,least_risky,0.8274485723058029,0.58,0.19528619528619529,0.16,16284,0.1844141488577745,307,62,40,22,0.6451612903225806,0.6872964169381107,40.0,0.5320330885110239,1,default,gbdt
6,0.2,least_risky,0.8349069328297815,0.6175115207373272,0.20211161387631976,0.2350230414746544,18534,0.18225963094852704,313,63,33,30,0.5238095238095238,0.6485623003194888,33.0,0.5440891713060115,1,default,gbdt
7,0.2,least_risky,0.8473392728148327,0.6333333333333333,0.1927536231884058,0.26666666666666666,20765,0.18141102817240548,337,68,36,32,0.5294117647058824,0.6646884272997032,36.0,0.5596829147386625,1,default,gbdt
8,0.2,least_risky,0.8257658049098414,0.6016260162601627,0.17370892018779344,0.2032520325203252,23012,0.1806883365200765,317,64,41,23,0.640625,0.6561514195583596,41.0,0.5568906969198952,1,default,gbdt
9,0.2,least_risky,0.8305319359303935,0.6008064516129032,0.16427783902976847,0.20161290322580644,25285,0.1806604706347637,284,57,37,20,0.6491228070175439,0.6971830985915493,37.0,0.5585310066669544,1,default,gbdt
10,0.2,least_risky,0.8324255628177197,0.6096654275092936,0.1670061099796334,0.21933085501858737,27540,0.1790486564996369,307,62,31,31,0.5,0.6482084690553745,31.0,0.5603367385084375,1,default,gbdt
0,0.2,least_risky,0.826,0.6614173228346457,0.39069767441860465,0.3228346456692913,5000,0.2188,0,0,0,0,0.0,0.0,0.0,0.0,2,default,gbdt
1,0.2,least_risky,0.8181818181818182,0.5511811023622047,0.2527075812274368,0.10236220472440945,7257,0.2049056083781177,304,61,25,36,0.4098360655737705,0.6842105263157895,25.0,0.560103044345752,2,default,gbdt
2,0.2,least_risky,0.8309711286089239,0.6928571428571428,0.2579787234042553,0.38571428571428573,9521,0.19357210377061232,295,59,30,29,0.5084745762711864,0.6271186440677966,30.0,0.5351072683829075,2,default,gbdt
3,0.2,least_risky,0.8348195329087049,0.6496815286624203,0.23394495412844038,0.29936305732484075,11773,0.19052068291854243,311,63,37,26,0.5873015873015873,0.7170418006430869,37.0,0.5521298386703484,2,default,gbdt
4,0.2,least_risky,0.8303030303030303,0.7204968944099379,0.21206581352833637,0.4409937888198758,14025,0.18823529411764706,310,62,41,21,0.6612903225806451,0.6870967741935484,41.0,0.5468578964475637,2,default,gbdt
5,0.2,least_risky,0.8343050015342129,0.6598984771573604,0.2155887230514096,0.3197969543147208,16292,0.18401669531058187,292,59,29,30,0.4915254237288136,0.6438356164383562,29.0,0.552569859101948,2,default,gbdt
6,0.2,least_risky,0.8381362779423647,0.6492890995260664,0.2063253012048193,0.2985781990521327,18562,0.183331537549833,288,58,38,20,0.6551724137931034,0.6666666666666666,38.0,0.539201605429973,2,default,gbdt
7,0.2,least_risky,0.8337337818356559,0.6739130434782609,0.20077720207253885,0.34782608695652173,20810,0.18149927919269582,316,64,36,28,0.5625,0.6582278481012658,36.0,0.5467218816189122,2,default,gbdt
8,0.2,least_risky,0.8349956634865568,0.6602870813397129,0.16666666666666666,0.32057416267942584,23060,0.18126626192541198,313,63,32,31,0.5079365079365079,0.6325878594249201,32.0,0.5529621659638683,2,default,gbdt
9,0.2,least_risky,0.8279060588119203,0.6380090497737556,0.15112540192926044,0.27601809954751133,25332,0.18107531975367125,286,58,36,22,0.6206896551724138,0.7132867132867133,36.0,0.5435244310085124,2,default,gbdt
10,0.2,least_risky,0.8360804202137294,0.6338582677165354,0.16546762589928057,0.2677165354330709,27601,0.179703633926307,289,58,26,32,0.4482758620689655,0.6470588235294118,26.0,0.5559614698263264,2,default,gbdt
0,0.2,least_risky,0.813,0.5470085470085471,0.32323232323232326,0.09401709401709402,5000,0.211,0,0,0,0,0.0,0.0,0.0,0.0,3,default,gbdt
1,0.2,least_risky,0.8331024930747922,0.6695652173913044,0.275,0.3391304347826087,7219,0.2000277046682366,352,71,41,30,0.5774647887323944,0.6789772727272727,41.0,0.5444545430512917,3,default,gbdt
2,0.2,least_risky,0.8323638286620836,0.62,0.26345609065155806,0.24,9455,0.1925965097831835,330,66,28,38,0.42424242424242425,0.6727272727272727,28.0,0.53891693420776,3,default,gbdt
3,0.2,least_risky,0.8282785134557882,0.553072625698324,0.23515439429928742,0.10614525139664804,11703,0.19157480987780912,315,63,37,26,0.5873015873015873,0.653968253968254,37.0,0.5390822068430489,3,default,gbdt
4,0.2,least_risky,0.8277220630372493,0.6459627329192547,0.19696969696969696,0.2919254658385093,13960,0.18717765042979942,304,61,25,36,0.4098360655737705,0.6414473684210527,25.0,0.5488330933429766,3,default,gbdt
5,0.2,least_risky,0.8279901356350184,0.5939086294416244,0.19663865546218487,0.18781725888324874,16219,0.1862630248474012,302,61,40,21,0.6557377049180327,0.7251655629139073,40.0,0.5385964715749253,3,default,gbdt
6,0.2,least_risky,0.8335588633288228,0.6395939086294417,0.1880597014925373,0.27918781725888325,18475,0.1836535859269283,305,61,37,24,0.6065573770491803,0.6852459016393443,37.0,0.5443134166547225,3,default,gbdt
7,0.2,least_risky,0.8314037626628076,0.6330275229357798,0.18229854689564068,0.26605504587155965,20727,0.18203309692671396,311,63,41,22,0.6507936507936508,0.6720257234726688,41.0,0.548353428448517,3,default,gbdt
8,0.2,least_risky,0.8288758425744727,0.6216216216216216,0.16409036860879905,0.24324324324324326,22992,0.1808455114822547,294,59,30,29,0.5084745762711864,0.6394557823129252,30.0,0.5401129278675999,3,default,gbdt
9,0.2,least_risky,0.8243564356435643,0.563265306122449,0.1503267973856209,0.12653061224489795,25247,0.1791896066859429,307,62,26,36,0.41935483870967744,0.6449511400651465,26.0,0.5554825524569874,3,default,gbdt
10,0.2,least_risky,0.828125,0.5889830508474576,0.14068825910931174,0.17796610169491525,27520,0.17801598837209304,284,57,33,24,0.5789473684210527,0.6690140845070423,33.0,0.5519455708570525,3,default,gbdt
0,0.2,least_risky,0.829,0.6923076923076923,0.4072398190045249,0.38461538461538464,5000,0.2196,0,0,0,0,0.0,0.0,0.0,0.0,4,default,gbdt
1,0.2,least_risky,0.8197513812154696,0.6040268456375839,0.3082191780821918,0.2080536912751678,7238,0.20544349267753523,328,66,34,32,0.5151515151515151,0.6798780487804879,34.0,0.5357156240774282,4,default,gbdt
2,0.2,least_risky,0.8131926121372032,0.6451612903225806,0.2506265664160401,0.2903225806451613,9475,0.19556728232189974,329,66,24,42,0.36363636363636365,0.6048632218844985,24.0,0.5305017318997887,4,default,gbdt
3,0.2,least_risky,0.8145470012760527,0.5736040609137056,0.24301075268817204,0.14720812182741116,11752,0.19171204901293395,279,56,36,20,0.6428571428571429,0.7132616487455197,36.0,0.5302203523094088,4,default,gbdt
4,0.2,least_risky,0.8243484469832203,0.6071428571428571,0.22284644194756553,0.21428571428571427,14004,0.18723221936589546,311,63,35,28,0.5555555555555556,0.639871382636656,35.0,0.5601306157606442,4,default,gbdt
5,0.2,least_risky,0.8353846153846154,0.6298076923076923,0.22241086587436332,0.25961538461538464,16249,0.18487291525632346,319,64,33,31,0.515625,0.6551724137931034,33.0,0.5412796229590744,4,default,gbdt
6,0.2,least_risky,0.8322981366459627,0.5980392156862745,0.18456883509833585,0.19607843137254902,18512,0.18204407951598964,297,60,27,33,0.45,0.6296296296296297,27.0,0.537431433034003,4,default,gbdt
7,0.2,least_risky,0.8297616181073922,0.5850622406639004,0.18850267379679145,0.17012448132780084,20764,0.18031207859757273,311,63,32,31,0.5079365079365079,0.639871382636656,32.0,0.5420259131871961,4,default,gbdt
8,0.2,least_risky,0.823810558331523,0.611336032388664,0.17436489607390301,0.22267206477732793,23012,0.18042760298974447,316,64,38,26,0.59375,0.7088607594936709,38.0,0.5495800275436605,4,default,gbdt
9,0.2,least_risky,0.8277975484381178,0.6188340807174888,0.14935064935064934,0.23766816143497757,25287,0.18029026772649978,282,57,33,24,0.5789473684210527,0.6063829787234043,33.0,0.5485559642619371,4,default,gbdt
10,0.2,least_risky,0.8308529945553539,0.6147859922178989,0.15943491422805248,0.22957198443579765,27548,0.17928706258167562,299,60,35,25,0.5833333333333334,0.7157190635451505,35.0,0.539638704494227,4,default,gbdt
0,0.3,least_risky,0.823,0.680327868852459,0.3755656108597285,0.36065573770491804,5000,0.2226,0,0,0,0,0.0,0.0,0.0,0.0,0,default,gbdt
1,0.3,least_risky,0.8429355281207133,0.7286821705426356,0.3263888888888889,0.4573643410852713,7286,0.20642327751852868,306,92,60,32,0.6521739130434783,0.6535947712418301,60.0,0.5704814526090188,0,default,gbdt
2,0.3,least_risky,0.8263816475495308,0.6470588235294118,0.28720626631853785,0.29411764705882354,9590,0.20187695516162668,281,85,49,36,0.5764705882352941,0.6832740213523132,49.0,0.5786715458473023,0,default,gbdt
3,0.3,least_risky,0.8339654445849136,0.6491228070175439,0.24943820224719102,0.2982456140350877,11863,0.1951445671415325,325,98,48,50,0.4897959183673469,0.6369230769230769,48.0,0.5761847659472795,0,default,gbdt
4,0.3,least_risky,0.8277934936350778,0.6544502617801047,0.22893772893772893,0.3089005235602094,14140,0.1937057991513437,319,96,57,39,0.59375,0.6802507836990596,57.0,0.5810293014113513,0,default,gbdt
5,0.3,least_risky,0.8263381995133819,0.6519607843137255,0.21011058451816747,0.30392156862745096,16437,0.1900590132019225,291,88,43,45,0.48863636363636365,0.6666666666666666,43.0,0.5621365914864294,0,default,gbdt
6,0.3,least_risky,0.8190069407367859,0.6060606060606061,0.19257221458046767,0.21212121212121213,18728,0.18709953011533534,299,90,46,44,0.5111111111111111,0.6655518394648829,46.0,0.5631478997023959,0,default,gbdt
7,0.3,least_risky,0.8236554021894336,0.592156862745098,0.1916243654822335,0.1843137254901961,21007,0.18550959204074832,317,96,60,36,0.625,0.668769716088328,60.0,0.5830961733445789,0,default,gbdt
8,0.3,least_risky,0.830152262491958,0.6236162361623616,0.19674039580908032,0.24723247232472326,23312,0.18501201098146877,279,84,50,34,0.5952380952380952,0.6845878136200717,50.0,0.5664204940044351,0,default,gbdt
9,0.3,least_risky,0.82223090447353,0.5773195876288659,0.17591623036649215,0.15463917525773196,25594,0.18414472141908259,312,94,44,50,0.46808510638297873,0.6538461538461539,44.0,0.584249610834395,0,default,gbdt
10,0.3,least_risky,0.8351273771080014,0.5985401459854015,0.1685508735868448,0.19708029197080293,27868,0.1835438495765753,324,98,59,39,0.6020408163265306,0.6820987654320988,59.0,0.5687450728662858,0,default,gbdt
0,0.3,least_risky,0.801,0.5899280575539568,0.36607142857142855,0.17985611510791366,5000,0.2286,0,0,0,0,0.0,0.0,0.0,0.0,1,default,gbdt
1,0.3,least_risky,0.8089347079037801,0.6838235294117647,0.28353658536585363,0.36764705882352944,7275,0.21402061855670104,322,97,58,39,0.5979381443298969,0.6708074534161491,58.0,0.5541182094872361,1,default,gbdt
2,0.3,least_risky,0.8248823836905385,0.6666666666666666,0.2864450127877238,0.3333333333333333,9563,0.2035971975321552,304,92,55,37,0.5978260869565217,0.6513157894736842,55.0,0.5600248065113982,1,default,gbdt
3,0.3,least_risky,0.8161888701517707,0.6195652173913043,0.2375,0.2391304347826087,11860,0.1963743676222597,290,87,49,38,0.5632183908045977,0.6896551724137931,49.0,0.5529155362579565,1,default,gbdt
4,0.3,least_risky,0.8275618374558303,0.5836909871244635,0.25806451612903225,0.16738197424892703,14149,0.1908968831719556,302,91,52,39,0.5714285714285714,0.6589403973509934,52.0,0.5566850183604369,1,default,gbdt
5,0.3,least_risky,0.8268411442483262,0.5630252100840336,0.22370617696160267,0.12605042016806722,16430,0.18861838101034692,313,94,64,30,0.6808510638297872,0.7028753993610224,64.0,0.5689713032229939,1,default,gbdt
6,0.3,least_risky,0.8257616247995724,0.6192307692307693,0.22549019607843138,0.23846153846153847,18709,0.18643433641562884,317,96,48,48,0.5,0.6435331230283912,48.0,0.5646655878156426,1,default,gbdt
7,0.3,least_risky,0.8376251788268956,0.6544715447154471,0.21268163804491413,0.3089430894308943,20970,0.1854554124940391,342,103,56,47,0.5436893203883495,0.6783625730994152,56.0,0.5749443288317745,1,default,gbdt
8,0.3,least_risky,0.8311827956989247,0.627906976744186,0.19036427732079905,0.2558139534883721,23246,0.1846339155123462,320,96,53,43,0.5520833333333334,0.65,53.0,0.560509094755712,1,default,gbdt
9,0.3,least_risky,0.8332681017612524,0.6143790849673203,0.2039045553145336,0.22875816993464052,25548,0.18467198997964615,283,85,53,32,0.6235294117647059,0.6996466431095406,53.0,0.5702514338143677,1,default,gbdt
10,0.3,least_risky,0.8275552362134004,0.5944272445820433,0.188050930460333,0.18885448916408668,27834,0.18322914421211467,307,93,49,44,0.5268817204301075,0.6449511400651465,49.0,0.5684873589938461,1,default,gbdt
0,0.3,least_risky,0.826,0.6614173228346457,0.39069767441860465,0.3228346456692913,5000,0.2188,0,0,0,0,0.0,0.0,0.0,0.0,2,default,gbdt
1,0.3,least_risky,0.8127572016460906,0.5572519083969466,0.2534722222222222,0.11450381679389313,7288,0.20718990120746433,304,92,48,44,0.5217391304347826,0.6842105263157895,48.0,0.5879359453030095,2,default,gbdt
2,0.3,least_risky,0.8353309015112037,0.6944444444444444,0.26881720430107525,0.3888888888888889,9593,0.19681017408527052,279,84,45,39,0.5357142857142857,0.6379928315412187,45.0,0.5720923545503365,2,default,gbdt
3,0.3,least_risky,0.831858407079646,0.6416184971098265,0.24776785714285715,0.2832369942196532,11865,0.19410029498525075,327,99,62,37,0.6262626262626263,0.7125382262996942,62.0,0.556467911103643,2,default,gbdt
4,0.3,least_risky,0.8442246555987284,0.72,0.24324324324324326,0.44,14151,0.19214189809907428,307,93,60,33,0.6451612903225806,0.6938110749185668,60.0,0.5767340314061616,2,default,gbdt
5,0.3,least_risky,0.8297872340425532,0.722488038277512,0.23124042879019907,0.4449760765550239,16446,0.18825246260488873,293,88,49,39,0.5568181818181818,0.6450511945392492,49.0,0.57181807047624,2,default,gbdt
6,0.3,least_risky,0.8362666666666667,0.6638655462184874,0.22832369942196531,0.3277310924369748,18749,0.18774334631180328,282,85,49,36,0.5764705882352941,0.6524822695035462,49.0,0.5562103781250843,2,default,gbdt
7,0.3,least_risky,0.8295292439372325,0.5971731448763251,0.2189119170984456,0.19434628975265017,21030,0.185924869234427,314,95,50,45,0.5263157894736842,0.6560509554140127,50.0,0.5781435107020144,2,default,gbdt
8,0.3,least_risky,0.8333333333333334,0.6007067137809188,0.2038369304556355,0.20141342756183744,23309,0.1858938607404865,316,95,59,36,0.6210526315789474,0.6487341772151899,59.0,0.5823997058749595,2,default,gbdt
9,0.3,least_risky,0.831901600937134,0.6292134831460674,0.18064516129032257,0.25842696629213485,25609,0.18583310554883048,287,87,54,33,0.6206896551724138,0.7073170731707317,54.0,0.5771990255121853,2,default,gbdt
10,0.3,least_risky,0.8287658964714312,0.636963696369637,0.18575553416746873,0.2739273927392739,27914,0.1847101812710468,279,84,47,37,0.5595238095238095,0.6594982078853047,47.0,0.5744474098516955,2,default,gbdt
0,0.3,least_risky,0.813,0.5470085470085471,0.32323232323232326,0.09401709401709402,5000,0.211,0,0,0,0,0.0,0.0,0.0,0.0,3,default,gbdt
1,0.3,least_risky,0.8283942108890421,0.6911764705882353,0.3122923588039867,0.38235294117647056,7254,0.20168183071408877,352,106,60,46,0.5660377358490566,0.6789772727272727,60.0,0.5639466556982683,3,default,gbdt
2,0.3,least_risky,0.831496062992126,0.6491228070175439,0.29838709677419356,0.2982456140350877,9522,0.19607225372820836,332,100,56,44,0.56,0.6716867469879518,56.0,0.5571040777948366,3,default,gbdt
3,0.3,least_risky,0.8186440677966101,0.5767195767195767,0.23851203501094093,0.15343915343915343,11797,0.19564296007459522,322,97,60,37,0.6185567010309279,0.6490683229813664,60.0,0.557246967727779,3,default,gbdt
4,0.3,least_risky,0.8373001776198934,0.644808743169399,0.2309197651663405,0.2896174863387978,14073,0.19185674696226818,321,97,51,46,0.5257731958762887,0.6230529595015576,51.0,0.5797794420945903,3,default,gbdt
5,0.3,least_risky,0.8346577017114915,0.6379310344827587,0.24462809917355371,0.27586206896551724,16356,0.19112252384446074,311,94,62,32,0.6595744680851063,0.7170418006430869,62.0,0.5765162521329412,3,default,gbdt
6,0.3,least_risky,0.8328414274215187,0.596078431372549,0.2261904761904762,0.19215686274509805,18632,0.18827823100042937,320,96,56,40,0.5833333333333334,0.68125,56.0,0.5710768662848261,3,default,gbdt
7,0.3,least_risky,0.8339712918660287,0.627906976744186,0.2131578947368421,0.2558139534883721,20900,0.18593301435406698,332,100,50,50,0.5,0.6626506024096386,50.0,0.5895330504691978,3,default,gbdt
8,0.3,least_risky,0.8294891140331968,0.62109375,0.18640093786635403,0.2421875,23193,0.1848402535247704,297,90,52,38,0.5777777777777777,0.6531986531986532,52.0,0.5647259705190378,3,default,gbdt
9,0.3,least_risky,0.8349362119725221,0.6203389830508474,0.20065789473684212,0.24067796610169492,25474,0.1834026850906807,313,94,49,45,0.5212765957446809,0.645367412140575,49.0,0.572119836957292,3,default,gbdt
10,0.3,least_risky,0.8185091825711199,0.5917721518987342,0.175422138836773,0.18354430379746836,27767,0.1823027334605827,296,89,54,35,0.6067415730337079,0.6621621621621622,54.0,0.5607455855071596,3,default,gbdt
0,0.3,least_risky,0.829,0.6923076923076923,0.4072398190045249,0.38461538461538464,5000,0.2196,0,0,0,0,0.0,0.0,0.0,0.0,4,default,gbdt
1,0.3,least_risky,0.8233676975945017,0.6708074534161491,0.34615384615384615,0.3416149068322981,7271,0.20822445330766057,328,99,61,38,0.6161616161616161,0.6798780487804879,61.0,0.5497357682160146,4,default,gbdt
2,0.3,least_risky,0.8178010471204189,0.6385542168674698,0.26903553299492383,0.27710843373493976,9547,0.19891065256101392,321,97,43,54,0.44329896907216493,0.6199376947040498,43.0,0.5603705690383185,4,default,gbdt
3,0.3,least_risky,0.8292580101180439,0.5445544554455446,0.26004728132387706,0.0891089108910891,11856,0.1958502024291498,273,82,54,28,0.6585365853658537,0.7106227106227107,54.0,0.5430827802190934,4,default,gbdt
4,0.3,least_risky,0.8273177636234961,0.5945945945945946,0.2490566037735849,0.1891891891891892,14129,0.19123787953853777,325,98,50,48,0.5102040816326531,0.6246153846153846,50.0,0.5826572855070667,4,default,gbdt
5,0.3,least_risky,0.8274916184090216,0.6033755274261603,0.23252032520325203,0.20675105485232068,16401,0.18858606182549845,327,99,50,49,0.5050505050505051,0.6636085626911316,50.0,0.577734169563204,4,default,gbdt
6,0.3,least_risky,0.8293204922418406,0.6217391304347826,0.20605187319884727,0.24347826086956523,18689,0.18604526726951684,304,92,48,44,0.5217391304347826,0.625,48.0,0.566356227507217,4,default,gbdt
7,0.3,least_risky,0.8251848318626281,0.5742971887550201,0.18571428571428572,0.14859437751004015,20961,0.18439005772625353,326,98,45,53,0.45918367346938777,0.6073619631901841,45.0,0.5529252067024298,4,default,gbdt
8,0.3,least_risky,0.8308586184635248,0.6287878787878788,0.19437939110070257,0.25757575757575757,23232,0.18452995867768596,328,99,56,43,0.5656565656565656,0.6951219512195121,56.0,0.5621602311606609,4,default,gbdt
9,0.3,least_risky,0.8337901331245106,0.5709459459459459,0.18967452300785634,0.14189189189189189,25537,0.1843991071778204,279,84,46,38,0.5476190476190477,0.6057347670250897,46.0,0.5725034874693554,4,default,gbdt
10,0.3,least_risky,0.8274312421355384,0.5916955017301038,0.1688055281342547,0.18339100346020762,27813,0.18318771797360947,320,96,53,43,0.5520833333333334,0.70625,53.0,0.5623595533117302,4,default,gbdt
0,0.5,least_risky,0.823,0.680327868852459,0.3755656108597285,0.36065573770491804,5000,0.2226,0,0,0,0,0.0,0.0,0.0,0.0,0,default,gbdt
1,0.5,least_risky,0.8346938775510204,0.625,0.3225806451612903,0.25,7347,0.20920103443582413,306,153,93,60,0.6078431372549019,0.6535947712418301,93.0,0.6060188174723623,0,default,gbdt
2,0.5,least_risky,0.8135942327497425,0.6378378378378379,0.2857142857142857,0.2756756756756757,9708,0.20714874330449115,279,140,91,49,0.65,0.6881720430107527,91.0,0.6108624028131625,0,default,gbdt
3,0.5,least_risky,0.8340937370385733,0.7348066298342542,0.27422680412371137,0.4696132596685083,12051,0.20288772715957182,314,157,100,57,0.6369426751592356,0.6496815286624203,100.0,0.611490797889982,0,default,gbdt
4,0.5,least_risky,0.8247136410968414,0.680327868852459,0.2799325463743676,0.36065573770491804,14401,0.20241649885424623,300,150,90,60,0.6,0.68,90.0,0.6086046325432805,0,default,gbdt
5,0.5,least_risky,0.8279152997315836,0.6703296703296703,0.27313432835820894,0.34065934065934067,16762,0.19955852523565207,278,139,85,54,0.6115107913669064,0.6870503597122302,85.0,0.601365919265649,0,default,gbdt
6,0.5,least_risky,0.8184671723777138,0.6237623762376238,0.24577373211963588,0.24752475247524752,19113,0.1967247423219798,298,149,85,64,0.5704697986577181,0.6812080536912751,85.0,0.5970419650009591,0,default,gbdt
7,0.5,least_risky,0.8194315004659832,0.5828220858895705,0.22919179734620024,0.1656441717791411,21457,0.1954140839819173,312,156,98,58,0.6282051282051282,0.6730769230769231,98.0,0.6274166820840897,0,default,gbdt
8,0.5,least_risky,0.8190596137699412,0.6090651558073654,0.22896698615548455,0.21813031161473087,23819,0.19497040178009153,276,138,88,50,0.6376811594202898,0.7028985507246377,88.0,0.6088285272068851,0,default,gbdt
9,0.5,least_risky,0.8205275229357798,0.6277173913043478,0.22362052274927396,0.2554347826086957,26158,0.19447205443841273,322,161,91,70,0.5652173913043478,0.6459627329192547,91.0,0.6249628755911578,0,default,gbdt
10,0.5,least_risky,0.83038063497632,0.6781914893617021,0.23160762942779292,0.35638297872340424,28502,0.19423198372044068,313,157,101,56,0.643312101910828,0.6900958466453674,101.0,0.6085968543292228,0,default,gbdt
0,0.5,least_risky,0.801,0.5899280575539568,0.36607142857142855,0.17985611510791366,5000,0.2286,0,0,0,0,0.0,0.0,0.0,0.0,1,default,gbdt
1,0.5,least_risky,0.7956403269754768,0.6887417218543046,0.2913165266106443,0.37748344370860926,7339,0.21842212835536176,322,161,104,57,0.6459627329192547,0.6708074534161491,104.0,0.5854297951868237,1,default,gbdt
2,0.5,least_risky,0.8205260443527591,0.6424870466321243,0.3076923076923077,0.2849740932642487,9691,0.20967908368589414,296,148,95,53,0.6418918918918919,0.6722972972972973,95.0,0.614292929242722,1,default,gbdt
3,0.5,least_risky,0.8136929460580913,0.6376811594202898,0.2608695652173913,0.2753623188405797,12048,0.20418326693227093,287,144,91,53,0.6319444444444444,0.6829268292682927,91.0,0.6021095554628602,1,default,gbdt
4,0.5,least_risky,0.8263888888888888,0.631578947368421,0.29473684210526313,0.2631578947368421,14398,0.19947214890957077,300,150,91,59,0.6066666666666667,0.66,91.0,0.60084910070063,1,default,gbdt
5,0.5,least_risky,0.828008360704688,0.603448275862069,0.2751572327044025,0.20689655172413793,16745,0.1980292624664079,307,154,106,48,0.6883116883116883,0.7035830618892508,106.0,0.6186388885052511,1,default,gbdt
6,0.5,least_risky,0.8294918805657412,0.6346153846153846,0.2693877551020408,0.2692307692307692,19088,0.19609178541492037,315,158,86,72,0.5443037974683544,0.6476190476190476,86.0,0.6146581745797549,1,default,gbdt
7,0.5,least_risky,0.8263305322128851,0.6323529411764706,0.2577937649880096,0.2647058823529412,21420,0.19547152194211018,336,168,93,75,0.5535714285714286,0.6726190476190477,93.0,0.623479902112241,1,default,gbdt
8,0.5,least_risky,0.8318602693602694,0.6211340206185567,0.2698768197088466,0.2422680412371134,23760,0.19486531986531985,320,160,93,67,0.58125,0.65,93.0,0.6142729844108636,1,default,gbdt
9,0.5,least_risky,0.830781010719755,0.6202830188679245,0.2667342799188641,0.24056603773584906,26120,0.1950229709035222,280,140,89,51,0.6357142857142857,0.7,89.0,0.621058961482295,1,default,gbdt
10,0.5,least_risky,0.8261327713382508,0.6347826086956522,0.2621184919210054,0.26956521739130435,28466,0.19398580763015527,308,154,97,57,0.6298701298701299,0.6493506493506493,97.0,0.6154038429414088,1,default,gbdt
0,0.5,least_risky,0.826,0.6614173228346457,0.39069767441860465,0.3228346456692913,5000,0.2188,0,0,0,0,0.0,0.0,0.0,0.0,2,default,gbdt
1,0.5,least_risky,0.8210884353741497,0.6299212598425197,0.2702702702702703,0.25984251968503935,7348,0.21121393576483397,304,152,90,62,0.5921052631578947,0.6842105263157895,90.0,0.629820397424588,2,default,gbdt
2,0.5,least_risky,0.8250128667009778,0.6582278481012658,0.26666666666666666,0.31645569620253167,9713,0.20199732317512611,270,135,71,64,0.5259259259259259,0.6370370370370371,71.0,0.6016284116495669,2,default,gbdt
3,0.5,least_risky,0.8204064703442555,0.6782178217821783,0.2712871287128713,0.3564356435643564,12054,0.20117803218848515,319,160,109,51,0.68125,0.7272727272727273,109.0,0.6086853330436426,2,default,gbdt
4,0.5,least_risky,0.8278375564040263,0.6709401709401709,0.2725694444444444,0.3418803418803419,14402,0.20038883488404388,305,153,103,50,0.673202614379085,0.6918032786885245,103.0,0.6060129416517144,2,default,gbdt
5,0.5,least_risky,0.8223880597014925,0.6329588014981273,0.25375375375375375,0.26591760299625467,16748,0.19662049199904466,308,154,87,67,0.564935064935065,0.6396103896103896,87.0,0.6000660622921744,2,default,gbdt
6,0.5,least_risky,0.8249607535321821,0.6192170818505338,0.23641304347826086,0.23843416370106763,19106,0.19595938448654873,284,142,82,60,0.5774647887323944,0.6690140845070423,82.0,0.6139328077862228,2,default,gbdt
7,0.5,least_risky,0.8354695875087392,0.6435045317220544,0.26591760299625467,0.28700906344410876,21454,0.19450918243684162,304,152,89,63,0.5855263157894737,0.6776315789473685,89.0,0.6302279384757656,2,default,gbdt
8,0.5,least_risky,0.8315479941188826,0.652542372881356,0.25384615384615383,0.3050847457627119,23802,0.19485757499369802,304,152,92,60,0.6052631578947368,0.6447368421052632,92.0,0.6089574448805534,2,default,gbdt
9,0.5,least_risky,0.8266768583986241,0.65,0.23054187192118228,0.3,26164,0.19523008714263873,277,139,92,47,0.6618705035971223,0.7111913357400722,92.0,0.6018844040738053,2,default,gbdt
10,0.5,least_risky,0.827695004382121,0.6350710900473934,0.24430264357338194,0.27014218009478674,28525,0.19428571428571428,278,139,80,59,0.5755395683453237,0.6474820143884892,80.0,0.6000464396727087,2,default,gbdt
0,0.5,least_risky,0.813,0.5470085470085471,0.32323232323232326,0.09401709401709402,5000,0.211,0,0,0,0,0.0,0.0,0.0,0.0,3,default,gbdt
1,0.5,least_risky,0.8279863481228669,0.6455696202531646,0.3422818791946309,0.2911392405063291,7324,0.2064445658110322,352,176,109,67,0.6193181818181818,0.6789772727272727,109.0,0.5947781162226526,3,default,gbdt
2,0.5,least_risky,0.8244432936302434,0.6476683937823834,0.31565656565656564,0.29533678756476683,9655,0.20165717244950804,338,169,92,77,0.5443786982248521,0.6745562130177515,92.0,0.5985663638921424,3,default,gbdt
3,0.5,least_risky,0.8254893794252395,0.6210045662100456,0.288135593220339,0.2420091324200913,12003,0.20278263767391486,304,152,95,57,0.625,0.6513157894736842,95.0,0.5812670703292274,3,default,gbdt
4,0.5,least_risky,0.8230581678857541,0.680952380952381,0.24486301369863014,0.3619047619047619,14353,0.19960983766459975,301,151,85,66,0.5629139072847682,0.6478405315614618,85.0,0.6152444227138011,3,default,gbdt
5,0.5,least_risky,0.8310871518418689,0.6521739130434783,0.2777777777777778,0.30434782608695654,16693,0.1993050979452465,320,160,104,56,0.65,0.715625,104.0,0.5815509401681991,3,default,gbdt
6,0.5,least_risky,0.8279936974789915,0.6336633663366337,0.2608695652173913,0.26732673267326734,19037,0.19682723118138362,312,156,87,69,0.5576923076923077,0.6762820512820513,87.0,0.6008730501489561,3,default,gbdt
7,0.5,least_risky,0.8257717492984097,0.6234939759036144,0.2503022974607013,0.2469879518072289,21376,0.19535928143712575,323,162,98,64,0.6049382716049383,0.6718266253869969,98.0,0.5987975949114359,3,default,gbdt
8,0.5,least_risky,0.823888771855909,0.6128133704735376,0.23991275899672845,0.22562674094707522,23731,0.19447136656693775,291,146,84,62,0.5753424657534246,0.6460481099656358,84.0,0.6001056348084526,3,default,gbdt
9,0.5,least_risky,0.8274870615296147,0.6125,0.2474747474747475,0.225,26081,0.1933974924274376,300,150,85,65,0.5666666666666667,0.6466666666666666,85.0,0.6132966916505832,3,default,gbdt
10,0.5,least_risky,0.8204992967651196,0.6354916067146283,0.23368606701940034,0.2709832134292566,28439,0.19241182882661134,285,143,84,59,0.5874125874125874,0.6596491228070176,84.0,0.6022000376373092,3,default,gbdt
0,0.5,least_risky,0.829,0.6923076923076923,0.4072398190045249,0.38461538461538464,5000,0.2196,0,0,0,0,0.0,0.0,0.0,0.0,4,default,gbdt
1,0.5,least_risky,0.8235694822888283,0.6742857142857143,0.36875,0.3485714285714286,7336,0.21128680479825518,328,164,97,67,0.5914634146341463,0.6798780487804879,97.0,0.578544051384116,4,default,gbdt
2,0.5,least_risky,0.8196382428940568,0.61,0.3104325699745547,0.22,9673,0.2040731934249974,326,163,86,77,0.5276073619631901,0.6226993865030674,86.0,0.5956332609505658,4,default,gbdt
3,0.5,least_risky,0.816708229426434,0.5806451612903226,0.2647058823529412,0.16129032258064516,12029,0.2018455399451326,289,145,90,55,0.6206896551724138,0.6885813148788927,90.0,0.5866391780411606,4,default,gbdt
4,0.5,least_risky,0.8260869565217391,0.6307692307692307,0.2887323943661972,0.26153846153846155,14375,0.1987478260869565,309,155,93,62,0.6,0.6375404530744336,93.0,0.6156796037272348,4,default,gbdt
5,0.5,least_risky,0.8216636744464393,0.6246056782334385,0.29333333333333333,0.24921135646687698,16708,0.19721091692602347,334,167,99,68,0.592814371257485,0.655688622754491,99.0,0.5914479511385495,4,default,gbdt
6,0.5,least_risky,0.8282192499344349,0.6071428571428571,0.2593619972260749,0.21428571428571427,19061,0.19474319290698283,295,148,83,65,0.5608108108108109,0.6508474576271186,83.0,0.6054707958040918,4,default,gbdt
7,0.5,least_risky,0.8278439616911937,0.6333333333333333,0.25333333333333335,0.26666666666666666,21405,0.19369306236860548,313,157,94,63,0.5987261146496815,0.6421725239616614,94.0,0.6025337774012357,4,default,gbdt
8,0.5,least_risky,0.8235789473684211,0.6147757255936676,0.2518918918918919,0.22955145118733508,23747,0.19455089063881753,317,159,104,55,0.6540880503144654,0.7066246056782335,104.0,0.5993830770110231,4,default,gbdt
9,0.5,least_risky,0.8245882803523554,0.6538461538461539,0.23151750972762647,0.3076923076923077,26106,0.1943231441048035,282,141,78,63,0.5531914893617021,0.6028368794326241,78.0,0.6225187967160799,4,default,gbdt
10,0.5,least_risky,0.8202740688685874,0.6519721577726219,0.24350086655112652,0.3039443155452436,28459,0.19389296883235532,295,148,95,53,0.6418918918918919,0.7084745762711865,95.0,0.612388784148975,4,default,gbdt
0,0.75,least_risky,0.823,0.680327868852459,0.3755656108597285,0.36065573770491804,5000,0.2226,0,0,0,0,0.0,0.0,0.0,0.0,0,default,gbdt
1,0.75,least_risky,0.828956228956229,0.6892655367231638,0.38006230529595014,0.3785310734463277,7424,0.2140355603448276,306,230,145,85,0.6304347826086957,0.6535947712418301,145.0,0.6497819344895185,0,default,gbdt
2,0.75,least_risky,0.8274987316083207,0.68,0.36342042755344417,0.36,9855,0.21410451547437848,276,207,133,74,0.642512077294686,0.677536231884058,133.0,0.6429499244132065,0,default,gbdt
3,0.75,least_risky,0.8232899022801303,0.7073170731707317,0.3246268656716418,0.4146341463414634,12278,0.21135364065808765,309,232,149,83,0.6422413793103449,0.6537216828478964,149.0,0.6361817416141268,0,default,gbdt
4,0.75,least_risky,0.824209452567154,0.6516129032258065,0.33060556464811786,0.3032258064516129,14702,0.2121480070738675,307,231,148,83,0.6406926406926406,0.6775244299674267,148.0,0.6392687903140182,0,default,gbdt
5,0.75,least_risky,0.8211263495768895,0.6636636636636637,0.3060941828254848,0.32732732732732733,17132,0.21030819519028718,280,210,136,74,0.6476190476190476,0.6714285714285714,136.0,0.6435644426600107,0,default,gbdt
6,0.75,least_risky,0.8195296523517382,0.6477272727272727,0.2814814814814815,0.29545454545454547,19559,0.20844623958280076,292,219,138,81,0.6301369863013698,0.6746575342465754,138.0,0.6443810934810463,0,default,gbdt
7,0.75,least_risky,0.8155560609506481,0.6412776412776413,0.2818574514038877,0.28255528255528256,21981,0.20767935944679497,314,236,158,78,0.6694915254237288,0.6847133757961783,158.0,0.6502977230768042,0,default,gbdt
8,0.75,least_risky,0.8261314765513005,0.6696230598669624,0.3013972055888224,0.3392461197339246,24411,0.20773421818032853,280,210,145,65,0.6904761904761905,0.7,145.0,0.6459076451259079,0,default,gbdt
9,0.75,least_risky,0.8151667598285821,0.654320987654321,0.27845884413309985,0.30864197530864196,26831,0.20767023219410383,321,241,152,89,0.6307053941908713,0.6573208722741433,152.0,0.6506844341543171,0,default,gbdt
10,0.75,least_risky,0.8234489830798154,0.6858736059479554,0.29927007299270075,0.37174721189591076,29255,0.20762262861049394,305,229,150,79,0.6550218340611353,0.6950819672131148,150.0,0.6547523094085219,0,default,gbdt
0,0.75,least_risky,0.801,0.5899280575539568,0.36607142857142855,0.17985611510791366,5000,0.2286,0,0,0,0,0.0,0.0,0.0,0.0,1,default,gbdt
1,0.75,least_risky,0.8005390835579514,0.6608187134502924,0.32193732193732194,0.3216374269005848,7420,0.2238544474393531,322,242,162,80,0.6694214876033058,0.6708074534161491,162.0,0.6252677551405502,1,default,gbdt
2,0.75,least_risky,0.8268156424581006,0.6210045662100456,0.34517766497461927,0.2420091324200913,9844,0.21739130434782608,304,228,147,81,0.6447368421052632,0.6611842105263158,147.0,0.6596090624988176,1,default,gbdt
3,0.75,least_risky,0.8183299389002037,0.6640625,0.32075471698113206,0.328125,12271,0.2129410805965284,293,220,134,86,0.6090909090909091,0.6621160409556314,134.0,0.6481374018697472,1,default,gbdt
4,0.75,least_risky,0.8149659863945579,0.6314102564102564,0.3146964856230032,0.26282051282051283,14697,0.2092263727291284,299,225,146,79,0.6488888888888888,0.6789297658862876,146.0,0.6322721992993892,1,default,gbdt
5,0.75,least_risky,0.8283211678832116,0.659400544959128,0.3432624113475177,0.3188010899182561,17122,0.20879570143674805,301,226,161,65,0.7123893805309734,0.7142857142857143,161.0,0.6565245841944173,1,default,gbdt
6,0.75,least_risky,0.8252750063954976,0.6487119437939111,0.3419753086419753,0.297423887587822,19544,0.20773638968481375,312,234,138,96,0.5897435897435898,0.6346153846153846,138.0,0.6372756337579301,1,default,gbdt
7,0.75,least_risky,0.8290072859744991,0.676923076923077,0.33771929824561403,0.35384615384615387,21959,0.20802404481078374,341,256,159,97,0.62109375,0.6686217008797654,159.0,0.64866169387753,1,default,gbdt
8,0.75,least_risky,0.8221903199343724,0.6517311608961304,0.31496062992125984,0.3034623217922607,24380,0.20783429040196882,319,240,147,93,0.6125,0.64576802507837,147.0,0.6490150386131514,1,default,gbdt
9,0.75,least_risky,0.8247249673690099,0.6431159420289855,0.3233151183970856,0.286231884057971,26811,0.20819812763418,279,210,142,68,0.6761904761904762,0.7096774193548387,142.0,0.6520443738965722,1,default,gbdt
10,0.75,least_risky,0.8128955019668206,0.6340640809443507,0.30007980845969673,0.26812816188870153,29235,0.20714896528134086,304,228,146,82,0.6403508771929824,0.6677631578947368,146.0,0.6572511056366934,1,default,gbdt
0,0.75,least_risky,0.826,0.6614173228346457,0.39069767441860465,0.3228346456692913,5000,0.2188,0,0,0,0,0.0,0.0,0.0,0.0,2,default,gbdt
1,0.75,least_risky,0.8262626262626263,0.6845637583892618,0.3258785942492013,0.3691275167785235,7424,0.21713362068965517,304,228,150,78,0.6578947368421053,0.6842105263157895,150.0,0.6717380567176254,2,default,gbdt
2,0.75,least_risky,0.8244545915778793,0.6778846153846154,0.3357142857142857,0.3557692307692308,9855,0.21014713343480468,277,208,126,82,0.6057692307692307,0.6425992779783394,126.0,0.6498747032244752,2,default,gbdt
3,0.75,least_risky,0.825254582484725,0.6447876447876448,0.33134920634920634,0.28957528957528955,12275,0.21124236252545825,320,240,168,72,0.7,0.725,168.0,0.6582689564199443,2,default,gbdt
4,0.75,least_risky,0.8251700680272109,0.6881028938906752,0.33914421553090335,0.3762057877813505,14696,0.21162221012520413,318,239,165,74,0.6903765690376569,0.6823899371069182,165.0,0.6455112943000465,2,default,gbdt
5,0.75,least_risky,0.8254014598540146,0.688953488372093,0.32554945054945056,0.37790697674418605,17124,0.20882971268395234,291,219,138,81,0.6301369863013698,0.6494845360824743,138.0,0.6489457961303504,2,default,gbdt
6,0.75,least_risky,0.8266428023523396,0.6641221374045801,0.32342007434944237,0.3282442748091603,19554,0.20916436534724353,283,213,143,70,0.6713615023474179,0.6643109540636042,143.0,0.6561278258816315,2,default,gbdt
7,0.75,least_risky,0.8234758871701547,0.7038724373576309,0.32356020942408376,0.40774487471526194,21977,0.20803567365882514,309,232,139,93,0.5991379310344828,0.656957928802589,139.0,0.6695489936554576,2,default,gbdt
8,0.75,least_risky,0.8240114730587994,0.6703296703296703,0.30078895463510846,0.34065934065934067,24402,0.20846651913777559,303,228,139,89,0.6096491228070176,0.636963696369637,139.0,0.6452501654764232,2,default,gbdt
9,0.75,least_risky,0.8204172876304023,0.6546762589928058,0.3204225352112676,0.30935251798561153,26836,0.2090102846922045,266,200,135,65,0.675,0.706766917293233,135.0,0.6532838855034154,2,default,gbdt
10,0.75,least_risky,0.8245344267896805,0.6531365313653137,0.2967309304274937,0.3062730627306273,29263,0.20787342377746643,292,219,127,92,0.5799086757990868,0.6404109589041096,127.0,0.638832069258147,2,default,gbdt
0,0.75,least_risky,0.813,0.5470085470085471,0.32323232323232326,0.09401709401709402,5000,0.211,0,0,0,0,0.0,0.0,0.0,0.0,3,default,gbdt
1,0.75,least_risky,0.8307484828051247,0.73125,0.36,0.4625,7412,0.21222342147868323,352,264,170,94,0.6439393939393939,0.6789772727272727,170.0,0.6322023392718872,3,default,gbdt
2,0.75,least_risky,0.8175813008130082,0.6101694915254238,0.35036496350364965,0.22033898305084745,9837,0.2115482362508895,300,225,148,77,0.6577777777777778,0.7033333333333334,148.0,0.6386669658402987,3,default,gbdt
3,0.75,least_risky,0.8217781402936378,0.6559139784946236,0.34923664122137404,0.3118279569892473,12259,0.2133126682437393,314,236,151,85,0.6398305084745762,0.6592356687898089,151.0,0.6365078771865671,3,default,gbdt
4,0.75,least_risky,0.8164794007490637,0.6470588235294118,0.314785373608903,0.29411764705882354,14685,0.21123595505617979,297,223,137,86,0.6143497757847534,0.6430976430976431,137.0,0.6496964639843535,3,default,gbdt
5,0.75,least_risky,0.8114586378251973,0.6519480519480519,0.3293963254593176,0.3038961038961039,17105,0.21216018707980122,321,241,167,74,0.6929460580912863,0.7071651090342679,167.0,0.6320324280528987,3,default,gbdt
6,0.75,least_risky,0.8243727598566308,0.6826196473551638,0.32611311672683513,0.36523929471032746,19529,0.21071227405397103,304,228,154,74,0.6754385964912281,0.6973684210526315,154.0,0.6578939777187193,3,default,gbdt
7,0.75,least_risky,0.8257403189066059,0.6450116009280742,0.31235955056179776,0.2900232018561485,21950,0.20984054669703872,318,239,159,80,0.6652719665271967,0.6792452830188679,159.0,0.6483646547104023,3,default,gbdt
8,0.75,least_risky,0.8170631665299426,0.6448202959830867,0.29640427599611274,0.28964059196617337,24379,0.20886828828089748,287,216,132,84,0.6111111111111112,0.6585365853658537,132.0,0.656197325051758,3,default,gbdt
9,0.75,least_risky,0.8252191755269539,0.6349809885931559,0.30954587581093607,0.26996197718631176,26805,0.20790897220667787,299,225,141,84,0.6266666666666667,0.6622073578595318,141.0,0.6510805094673583,3,default,gbdt
10,0.75,least_risky,0.8205917564563023,0.6461267605633803,0.30205761316872426,0.29225352112676056,29235,0.20704634855481444,282,212,135,77,0.6367924528301887,0.6631205673758865,135.0,0.653349666120187,3,default,gbdt
0,0.75,least_risky,0.829,0.6923076923076923,0.4072398190045249,0.38461538461538464,5000,0.2196,0,0,0,0,0.0,0.0,0.0,0.0,4,default,gbdt
1,0.75,least_risky,0.8207547169811321,0.6510416666666666,0.38580246913580246,0.3020833333333333,7418,0.21730924777568078,328,246,159,87,0.6463414634146342,0.6798780487804879,159.0,0.6245122890084638,4,default,gbdt
2,0.75,least_risky,0.824097610574479,0.6260869565217392,0.3564356435643564,0.25217391304347825,9835,0.2125063548551093,332,249,144,105,0.5783132530120482,0.6234939759036144,144.0,0.6473644411500538,4,default,gbdt
3,0.75,least_risky,0.8226661231145536,0.6441947565543071,0.3359375,0.2883895131086142,12264,0.2116764514024788,285,214,145,69,0.677570093457944,0.7087719298245614,145.0,0.6431774477672916,4,default,gbdt
4,0.75,least_risky,0.8195437521280218,0.6012269938650306,0.3288590604026846,0.20245398773006135,14685,0.2091249574395642,318,239,145,94,0.606694560669456,0.6383647798742138,145.0,0.6468201485071187,4,default,gbdt
5,0.75,least_risky,0.8099970768781058,0.6449864498644986,0.3143989431968296,0.2899728997289973,17101,0.20835038886614818,336,252,149,103,0.5912698412698413,0.6398809523809523,149.0,0.6393875318063877,4,default,gbdt
6,0.75,least_risky,0.822068612391193,0.6015831134564644,0.29533678756476683,0.20316622691292877,19526,0.20659633309433575,301,226,137,89,0.6061946902654868,0.6378737541528239,137.0,0.636598323919003,4,default,gbdt
7,0.75,least_risky,0.8284738041002278,0.6359550561797753,0.32379862700228834,0.27191011235955054,21949,0.20602305344207025,311,234,143,91,0.6111111111111112,0.6302250803858521,143.0,0.6440754118769354,4,default,gbdt
8,0.75,least_risky,0.8247845711940911,0.6496945010183299,0.31868131868131866,0.29938900203665986,24370,0.20730406237176857,319,240,157,83,0.6541666666666667,0.6927899686520376,157.0,0.6377882943384839,4,default,gbdt
9,0.75,least_risky,0.8190636075359075,0.6408730158730159,0.2904676258992806,0.28174603174603174,26801,0.20704451326443044,279,210,119,91,0.5666666666666667,0.5985663082437276,119.0,0.6542817463598426,4,default,gbdt
10,0.75,least_risky,0.8244953814574068,0.6419294990723562,0.29346904156064463,0.28385899814471244,29227,0.20717145105553084,298,224,160,64,0.7142857142857143,0.714765100671141,160.0,0.6412997635504915,4,default,gbdt
0,1.0,least_risky,0.823,0.680327868852459,0.3755656108597285,0.36065573770491804,5000,0.2226,0,0,0,0,0.0,0.0,0.0,0.0,0,default,gbdt
1,1.0,least_risky,0.8426666666666667,0.6914285714285714,0.39933993399339934,0.38285714285714284,7500,0.2192,306,306,200,106,0.6535947712418301,0.6535947712418301,200.0,0.6975580184360677,0,default,gbdt
2,1.0,least_risky,0.8295,0.7098214285714286,0.36551724137931035,0.41964285714285715,10000,0.2219,281,281,192,89,0.6832740213523132,0.6832740213523132,192.0,0.6794307945963874,0,default,gbdt
3,1.0,least_risky,0.8148,0.6859205776173285,0.33568904593639576,0.37184115523465705,12500,0.22056,303,303,199,104,0.6567656765676567,0.6567656765676567,199.0,0.6736292850726506,0,default,gbdt
4,1.0,least_risky,0.82,0.6933701657458563,0.36911764705882355,0.3867403314917127,15000,0.22273333333333334,302,302,207,95,0.6854304635761589,0.6854304635761589,207.0,0.680479833164247,0,default,gbdt
5,1.0,least_risky,0.824,0.6961038961038961,0.3494132985658409,0.3922077922077922,17500,0.22154285714285715,270,270,185,85,0.6851851851851852,0.6851851851851852,185.0,0.6703211048186056,0,default,gbdt
6,1.0,least_risky,0.8225,0.6644591611479028,0.35040745052386496,0.32891832229580575,20000,0.2205,283,283,196,87,0.6925795053003534,0.6925795053003534,196.0,0.6820137449395999,0,default,gbdt
7,1.0,least_risky,0.8171111111111111,0.6534653465346535,0.3374233128834356,0.3069306930693069,22500,0.22022222222222224,310,310,210,100,0.6774193548387096,0.6774193548387096,210.0,0.6861904713351974,0,default,gbdt
8,1.0,least_risky,0.821,0.6894824707846411,0.3680926916221034,0.3789649415692821,25000,0.22048,269,269,190,79,0.7063197026022305,0.7063197026022305,190.0,0.6892228141963718,0,default,gbdt
9,1.0,least_risky,0.8203636363636364,0.6749226006191951,0.35914332784184516,0.3498452012383901,27500,0.2208,312,312,204,108,0.6538461538461539,0.6538461538461539,204.0,0.6886505638023885,0,default,gbdt
10,1.0,least_risky,0.8185,0.6890156918687589,0.3567208271787297,0.3780313837375178,30000,0.2212,305,305,215,90,0.7049180327868853,0.7049180327868853,215.0,0.6819045082183602,0,default,gbdt
0,1.0,least_risky,0.801,0.5899280575539568,0.36607142857142855,0.17985611510791366,5000,0.2286,0,0,0,0,0.0,0.0,0.0,0.0,1,default,gbdt
1,1.0,least_risky,0.8053333333333333,0.6276595744680851,0.34705882352941175,0.2553191489361702,7500,0.22866666666666666,322,322,216,106,0.6708074534161491,0.6708074534161491,216.0,0.6709121013605749,1,default,gbdt
2,1.0,least_risky,0.818,0.6844106463878327,0.39045553145336226,0.3688212927756654,10000,0.2248,313,313,203,110,0.6485623003194888,0.6485623003194888,203.0,0.6910902957394411,1,default,gbdt
3,1.0,least_risky,0.8192,0.6622516556291391,0.36363636363636365,0.32450331125827814,12500,0.22248,294,294,196,98,0.6666666666666666,0.6666666666666666,196.0,0.6707703716874681,1,default,gbdt
4,1.0,least_risky,0.816,0.6744186046511628,0.3799126637554585,0.3488372093023256,15000,0.22,309,309,202,107,0.6537216828478964,0.6537216828478964,202.0,0.6708832961552107,1,default,gbdt
5,1.0,least_risky,0.824,0.708779443254818,0.4081381011097411,0.41755888650963596,17500,0.22022857142857144,305,305,216,89,0.7081967213114754,0.7081967213114754,216.0,0.675377314012429,1,default,gbdt
6,1.0,least_risky,0.832,0.6756756756756757,0.4098360655737705,0.35135135135135137,20000,0.21995,313,313,202,111,0.645367412140575,0.645367412140575,202.0,0.6607525106074731,1,default,gbdt
7,1.0,least_risky,0.8188888888888889,0.6581818181818182,0.3660262891809909,0.31636363636363635,22500,0.22115555555555555,347,347,234,113,0.6743515850144092,0.6743515850144092,234.0,0.6810030358162887,1,default,gbdt
8,1.0,least_risky,0.8246,0.691358024691358,0.3982222222222222,0.38271604938271603,25000,0.22136,319,319,205,114,0.6426332288401254,0.6426332288401254,205.0,0.6789683581199055,1,default,gbdt
9,1.0,least_risky,0.8230909090909091,0.6822695035460993,0.3910569105691057,0.3645390070921986,27500,0.222,281,281,196,85,0.697508896797153,0.697508896797153,196.0,0.6738460562054005,1,default,gbdt
10,1.0,least_risky,0.8191666666666667,0.6661828737300436,0.3493150684931507,0.33236574746008707,30000,0.2212,303,303,199,104,0.6567656765676567,0.6567656765676567,199.0,0.6752313908259476,1,default,gbdt
0,1.0,least_risky,0.826,0.6614173228346457,0.39069767441860465,0.3228346456692913,5000,0.2188,0,0,0,0,0.0,0.0,0.0,0.0,2,default,gbdt
1,1.0,least_risky,0.814,0.6107784431137725,0.3227848101265823,0.2215568862275449,7500,0.22266666666666668,304,304,208,96,0.6842105263157895,0.6842105263157895,208.0,0.7143638980396486,2,default,gbdt
2,1.0,least_risky,0.8105,0.6877470355731226,0.3670886075949367,0.37549407114624506,10000,0.2181,282,282,182,100,0.6453900709219859,0.6453900709219859,182.0,0.6995593090913389,2,default,gbdt
3,1.0,least_risky,0.8224,0.6666666666666666,0.37362637362637363,0.3333333333333333,12500,0.22136,322,322,234,88,0.7267080745341615,0.7267080745341615,234.0,0.6982922612706726,2,default,gbdt
4,1.0,least_risky,0.8366666666666667,0.74,0.39361702127659576,0.48,15000,0.2224,314,314,218,96,0.6942675159235668,0.6942675159235668,218.0,0.6892933075122288,2,default,gbdt
5,1.0,least_risky,0.8208571428571428,0.6815144766146993,0.38734177215189874,0.36302895322939865,17500,0.22017142857142857,296,296,187,109,0.6317567567567568,0.6317567567567568,187.0,0.6806530643987763,2,default,gbdt
6,1.0,least_risky,0.824,0.7089715536105032,0.36201117318435755,0.4179431072210066,20000,0.2206,286,286,194,92,0.6783216783216783,0.6783216783216783,194.0,0.6813328241775418,2,default,gbdt
7,1.0,least_risky,0.8231111111111111,0.6833333333333333,0.37122736418511065,0.36666666666666664,22500,0.22035555555555555,301,301,202,99,0.6710963455149501,0.6710963455149501,202.0,0.6876271316990764,2,default,gbdt
8,1.0,least_risky,0.8206,0.6753472222222222,0.353958143767061,0.3506944444444444,25000,0.22108,308,308,200,108,0.6493506493506493,0.6493506493506493,200.0,0.6761274377766279,2,default,gbdt
9,1.0,least_risky,0.83,0.6893939393939394,0.38396624472573837,0.3787878787878788,27500,0.22189090909090908,266,266,190,76,0.7142857142857143,0.7142857142857143,190.0,0.6822645883803424,2,default,gbdt
10,1.0,least_risky,0.8191666666666667,0.6648199445983379,0.36281179138321995,0.3296398891966759,30000,0.2212,286,286,186,100,0.6503496503496503,0.6503496503496503,186.0,0.6697821865447723,2,default,gbdt
0,1.0,least_risky,0.813,0.5470085470085471,0.32323232323232326,0.09401709401709402,5000,0.211,0,0,0,0,0.0,0.0,0.0,0.0,3,default,gbdt
1,1.0,least_risky,0.836,0.7401960784313726,0.438953488372093,0.4803921568627451,7500,0.21893333333333334,352,352,239,113,0.6789772727272727,0.6789772727272727,239.0,0.6764169017195107,3,default,gbdt
2,1.0,least_risky,0.82,0.6702508960573477,0.41098901098901097,0.34050179211469533,10000,0.2213,321,321,218,103,0.6791277258566978,0.6791277258566978,218.0,0.6651499178135897,3,default,gbdt
3,1.0,least_risky,0.8124,0.658307210031348,0.3684210526315789,0.3166144200626959,12500,0.22424,307,307,206,101,0.6710097719869706,0.6710097719869706,206.0,0.6813184963737595,3,default,gbdt
4,1.0,least_risky,0.8213333333333334,0.6684782608695652,0.37272727272727274,0.33695652173913043,15000,0.22293333333333334,300,300,193,107,0.6433333333333333,0.6433333333333333,193.0,0.6933855167893332,3,default,gbdt
5,1.0,least_risky,0.8254285714285714,0.6618852459016393,0.42002600780234073,0.3237704918032787,17500,0.22462857142857143,322,322,230,92,0.7142857142857143,0.7142857142857143,230.0,0.677737000274829,3,default,gbdt
6,1.0,least_risky,0.824,0.6929637526652452,0.3672316384180791,0.3859275053304904,20000,0.22375,313,313,217,96,0.6932907348242812,0.6932907348242812,217.0,0.6922552807077273,3,default,gbdt
7,1.0,least_risky,0.8208888888888889,0.6666666666666666,0.3782696177062374,0.3333333333333333,22500,0.22324444444444444,317,317,215,102,0.6782334384858044,0.6782334384858044,215.0,0.6902773218221485,3,default,gbdt
8,1.0,least_risky,0.817,0.6584967320261438,0.36339044183949504,0.31699346405228757,25000,0.22264,278,278,187,91,0.6726618705035972,0.6726618705035972,187.0,0.6879962495978863,3,default,gbdt
9,1.0,least_risky,0.8234545454545454,0.6920777279521674,0.3770358306188925,0.3841554559043348,27500,0.22196363636363636,303,303,196,107,0.6468646864686468,0.6468646864686468,196.0,0.6917164321708731,3,default,gbdt
10,1.0,least_risky,0.8135,0.6766381766381766,0.3474762253108998,0.35327635327635326,30000,0.2212,278,278,184,94,0.6618705035971223,0.6618705035971223,184.0,0.6871650366712101,3,default,gbdt
0,1.0,least_risky,0.829,0.6923076923076923,0.4072398190045249,0.38461538461538464,5000,0.2196,0,0,0,0,0.0,0.0,0.0,0.0,4,default,gbdt
1,1.0,least_risky,0.8306666666666667,0.6871794871794872,0.40978593272171254,0.37435897435897436,7500,0.22346666666666667,328,328,223,105,0.6798780487804879,0.6798780487804879,223.0,0.6768542948481903,4,default,gbdt
2,1.0,least_risky,0.815,0.6666666666666666,0.37719298245614036,0.3333333333333333,10000,0.2217,315,315,196,119,0.6222222222222222,0.6222222222222222,196.0,0.6872253581056688,4,default,gbdt
3,1.0,least_risky,0.824,0.6697530864197531,0.39454545454545453,0.3395061728395062,12500,0.2224,276,276,194,82,0.7028985507246377,0.7028985507246377,194.0,0.6791955695664472,4,default,gbdt
4,1.0,least_risky,0.828,0.6649484536082474,0.40062111801242234,0.32989690721649484,15000,0.22086666666666666,320,320,203,117,0.634375,0.634375,203.0,0.6886361135353777,4,default,gbdt
5,1.0,least_risky,0.8171428571428572,0.6506024096385542,0.35294117647058826,0.30120481927710846,17500,0.2212,320,320,213,107,0.665625,0.665625,213.0,0.6863355046061476,4,default,gbdt
6,1.0,least_risky,0.81525,0.6653225806451613,0.3654485049833887,0.33064516129032256,20000,0.21985,290,290,185,105,0.6379310344827587,0.6379310344827587,185.0,0.6893308610989615,4,default,gbdt
7,1.0,least_risky,0.8266666666666667,0.6628787878787878,0.36764705882352944,0.32575757575757575,22500,0.21946666666666667,314,314,202,112,0.643312101910828,0.643312101910828,202.0,0.6733971458113788,4,default,gbdt
8,1.0,least_risky,0.817,0.6795302013422819,0.3587245349867139,0.35906040268456374,25000,0.22128,306,306,223,83,0.7287581699346405,0.7287581699346405,223.0,0.6808332064052385,4,default,gbdt
9,1.0,least_risky,0.8145454545454546,0.6666666666666666,0.3346938775510204,0.3333333333333333,27500,0.22098181818181817,274,274,163,111,0.5948905109489051,0.5948905109489051,163.0,0.6869254533062287,4,default,gbdt
10,1.0,least_risky,0.8241666666666667,0.6878453038674033,0.3752825923134891,0.3756906077348066,30000,0.2212,298,298,216,82,0.7248322147651006,0.7248322147651006,216.0,0.6751797765556348,4,default,gbdt
0,0.0,random,0.823,0.680327868852459,0.3755656108597285,0.36065573770491804,5000,0.2226,0,0,0,0,0.0,0.0,0.0,0.0,0,default,gbdt
1,0.0,random,0.8387769284225156,0.7301587301587301,0.31724137931034485,0.4603174603174603,7194,0.20072282457603557,306,0,0,0,0.0,0.0,0.0,0.0,0,default,gbdt
2,0.0,random,0.8166843783209352,0.6328125,0.21372031662269128,0.265625,9407,0.1940044647602849,287,0,0,0,0.0,0.0,0.0,0.0,0,default,gbdt
3,0.0,random,0.8244176013805005,0.6666666666666666,0.20309050772626933,0.3333333333333333,11587,0.1859842927418659,320,0,0,0,0.0,0.0,0.0,0.0,0,default,gbdt
4,0.0,random,0.8265602322206096,0.6875,0.18609022556390978,0.375,13780,0.18403483309143687,307,0,0,0,0.0,0.0,0.0,0.0,0,default,gbdt
5,0.0,random,0.8316677076826983,0.6521739130434783,0.1549053356282272,0.30434782608695654,16008,0.1803473263368316,272,0,0,0,0.0,0.0,0.0,0.0,0,default,gbdt
6,0.0,random,0.832967032967033,0.6643356643356644,0.1450381679389313,0.32867132867132864,18199,0.17676795428320238,309,0,0,0,0.0,0.0,0.0,0.0,0,default,gbdt
7,0.0,random,0.8293281020107895,0.5828220858895705,0.1313969571230982,0.1656441717791411,20386,0.1740410085352693,313,0,0,0,0.0,0.0,0.0,0.0,0,default,gbdt
8,0.0,random,0.8336283185840708,0.5743243243243243,0.10981912144702842,0.14864864864864866,22598,0.1728914063191433,288,0,0,0,0.0,0.0,0.0,0.0,0,default,gbdt
9,0.0,random,0.8373031893419459,0.6231884057971014,0.10238095238095238,0.2463768115942029,24766,0.17168699022853912,332,0,0,0,0.0,0.0,0.0,0.0,0,default,gbdt
10,0.0,random,0.8326841031348544,0.5548780487804879,0.09891304347826087,0.10975609756097561,26954,0.17058692587371077,312,0,0,0,0.0,0.0,0.0,0.0,0,default,gbdt
0,0.0,random,0.801,0.5899280575539568,0.36607142857142855,0.17985611510791366,5000,0.2286,0,0,0,0,0.0,0.0,0.0,0.0,1,default,gbdt
1,0.0,random,0.8168523676880223,0.6532258064516129,0.2691029900332226,0.3064516129032258,7178,0.20883254388409028,322,0,0,0,0.0,0.0,0.0,0.0,1,default,gbdt
2,0.0,random,0.8218666666666666,0.6575342465753424,0.25263157894736843,0.3150684931506849,9373,0.1955617198335645,305,0,0,0,0.0,0.0,0.0,0.0,1,default,gbdt
3,0.0,random,0.8273629693569271,0.5958904109589042,0.20327102803738317,0.1917808219178082,11585,0.18713854121709106,288,0,0,0,0.0,0.0,0.0,0.0,1,default,gbdt
4,0.0,random,0.8258977149075082,0.5652173913043478,0.18163672654690619,0.13043478260869565,13782,0.18059788129444201,303,0,0,0,0.0,0.0,0.0,0.0,1,default,gbdt
5,0.0,random,0.8331246086412023,0.6038961038961039,0.16460176991150444,0.2077922077922078,15970,0.17714464621164683,312,0,0,0,0.0,0.0,0.0,0.0,1,default,gbdt
6,0.0,random,0.841034103410341,0.574468085106383,0.1782178217821782,0.14893617021276595,18178,0.17515678292441414,292,0,0,0,0.0,0.0,0.0,0.0,1,default,gbdt
7,0.0,random,0.8387810272794298,0.6404494382022472,0.16147308781869688,0.2808988764044944,20344,0.17376130554463232,334,0,0,0,0.0,0.0,0.0,0.0,1,default,gbdt
8,0.0,random,0.8375499334221038,0.6265060240963856,0.1343669250645995,0.25301204819277107,22528,0.17249644886363635,316,0,0,0,0.0,0.0,0.0,0.0,1,default,gbdt
9,0.0,random,0.8392568659127625,0.5934065934065934,0.13012048192771083,0.18681318681318682,24756,0.17228146711908224,272,0,0,0,0.0,0.0,0.0,0.0,1,default,gbdt
10,0.0,random,0.8363636363636363,0.5824742268041238,0.12363238512035012,0.16494845360824742,26950,0.17057513914656772,306,0,0,0,0.0,0.0,0.0,0.0,1,default,gbdt
0,0.0,random,0.826,0.6614173228346457,0.39069767441860465,0.3228346456692913,5000,0.2188,0,0,0,0,0.0,0.0,0.0,0.0,2,default,gbdt
1,0.0,random,0.8208333333333333,0.6507936507936508,0.27702702702702703,0.30158730158730157,7196,0.20316842690383546,304,0,0,0,0.0,0.0,0.0,0.0,2,default,gbdt
2,0.0,random,0.8305894848645778,0.6791044776119403,0.24795640326975477,0.3582089552238806,9414,0.19014234119396645,282,0,0,0,0.0,0.0,0.0,0.0,2,default,gbdt
3,0.0,random,0.8383620689655172,0.7,0.2273781902552204,0.4,11598,0.1852905673391964,316,0,0,0,0.0,0.0,0.0,0.0,2,default,gbdt
4,0.0,random,0.8285610728524828,0.6597222222222222,0.18304431599229287,0.3194444444444444,13793,0.181831363735228,305,0,0,0,0.0,0.0,0.0,0.0,2,default,gbdt
5,0.0,random,0.8339587242026266,0.69375,0.18718381112984822,0.3875,15989,0.17687159922446682,304,0,0,0,0.0,0.0,0.0,0.0,2,default,gbdt
6,0.0,random,0.8342480790340285,0.6626506024096386,0.16717325227963525,0.3253012048192771,18219,0.176189692079697,270,0,0,0,0.0,0.0,0.0,0.0,2,default,gbdt
7,0.0,random,0.8370896619304262,0.6420454545454546,0.15804195804195803,0.2840909090909091,20410,0.1742283194512494,309,0,0,0,0.0,0.0,0.0,0.0,2,default,gbdt
8,0.0,random,0.8408940030980305,0.6363636363636364,0.1287779237844941,0.2727272727272727,22591,0.17360895932008322,319,0,0,0,0.0,0.0,0.0,0.0,2,default,gbdt
9,0.0,random,0.8387421890747833,0.673202614379085,0.12075029308323564,0.3464052287581699,24804,0.17319787131107886,287,0,0,0,0.0,0.0,0.0,0.0,2,default,gbdt
10,0.0,random,0.832901554404145,0.6242774566473989,0.11416490486257928,0.24855491329479767,27018,0.1719224220889777,286,0,0,0,0.0,0.0,0.0,0.0,2,default,gbdt
0,0.0,random,0.813,0.5470085470085471,0.32323232323232326,0.09401709401709402,5000,0.211,0,0,0,0,0.0,0.0,0.0,0.0,3,default,gbdt
1,0.0,random,0.8244755244755245,0.6722689075630253,0.273972602739726,0.3445378151260504,7148,0.19627867935086737,352,0,0,0,0.0,0.0,0.0,0.0,3,default,gbdt
2,0.0,random,0.8323513658275308,0.6287878787878788,0.23919308357348704,0.25757575757575757,9333,0.18847101682202935,315,0,0,0,0.0,0.0,0.0,0.0,3,default,gbdt
3,0.0,random,0.8363715277777778,0.6158940397350994,0.22572815533980584,0.23178807947019867,11517,0.18624641833810887,316,0,0,0,0.0,0.0,0.0,0.0,3,default,gbdt
4,0.0,random,0.8318132068588107,0.6571428571428571,0.18217821782178217,0.3142857142857143,13705,0.18146661802261949,312,0,0,0,0.0,0.0,0.0,0.0,3,default,gbdt
5,0.0,random,0.830081812460667,0.643312101910828,0.17264957264957265,0.28662420382165604,15888,0.17938066465256797,317,0,0,0,0.0,0.0,0.0,0.0,3,default,gbdt
6,0.0,random,0.828816371681416,0.5732484076433121,0.14018691588785046,0.1464968152866242,18079,0.17600531002820952,309,0,0,0,0.0,0.0,0.0,0.0,3,default,gbdt
7,0.0,random,0.8434954332263639,0.6013513513513513,0.13403614457831325,0.20270270270270271,20251,0.17347291491778183,328,0,0,0,0.0,0.0,0.0,0.0,3,default,gbdt
8,0.0,random,0.8241709325617628,0.656934306569343,0.10804321728691477,0.31386861313868614,22465,0.1723124860894725,286,0,0,0,0.0,0.0,0.0,0.0,3,default,gbdt
9,0.0,random,0.8353609083536091,0.5595238095238095,0.11298076923076923,0.11904761904761904,24658,0.17089788303998701,307,0,0,0,0.0,0.0,0.0,0.0,3,default,gbdt
10,0.0,random,0.834046511627907,0.5714285714285714,0.10905125408942203,0.14285714285714285,26873,0.16961262233468538,285,0,0,0,0.0,0.0,0.0,0.0,3,default,gbdt
0,0.0,random,0.829,0.6923076923076923,0.4072398190045249,0.38461538461538464,5000,0.2196,0,0,0,0,0.0,0.0,0.0,0.0,4,default,gbdt
1,0.0,random,0.8139372822299652,0.5771812080536913,0.296551724137931,0.15436241610738255,7172,0.20259341885108756,328,0,0,0,0.0,0.0,0.0,0.0,4,default,gbdt
2,0.0,random,0.8251336898395721,0.6153846153846154,0.24444444444444444,0.23076923076923078,9349,0.19167825435875493,323,0,0,0,0.0,0.0,0.0,0.0,4,default,gbdt
3,0.0,random,0.8217993079584776,0.5705128205128205,0.20506912442396313,0.14102564102564102,11559,0.18591573665542002,290,0,0,0,0.0,0.0,0.0,0.0,4,default,gbdt
4,0.0,random,0.8347889374090247,0.6,0.19753086419753085,0.2,13739,0.18036247179561832,320,0,0,0,0.0,0.0,0.0,0.0,4,default,gbdt
5,0.0,random,0.8285175879396985,0.5842696629213483,0.18055555555555555,0.16853932584269662,15917,0.17742036815982912,322,0,0,0,0.0,0.0,0.0,0.0,4,default,gbdt
6,0.0,random,0.8351284175642087,0.6326530612244898,0.14622641509433962,0.2653061224489796,18105,0.17426125379729357,312,0,0,0,0.0,0.0,0.0,0.0,4,default,gbdt
7,0.0,random,0.8339083292262198,0.588957055214724,0.13655761024182078,0.17791411042944785,20288,0.17256506309148265,317,0,0,0,0.0,0.0,0.0,0.0,4,default,gbdt
8,0.0,random,0.8337413754729579,0.6390532544378699,0.13602015113350127,0.2781065088757396,22463,0.1721497573788007,325,0,0,0,0.0,0.0,0.0,0.0,4,default,gbdt
9,0.0,random,0.8415400202634246,0.6423841059602649,0.11757575757575757,0.2847682119205298,24675,0.17175278622087134,288,0,0,0,0.0,0.0,0.0,0.0,4,default,gbdt
10,0.0,random,0.8312558139534884,0.6419753086419753,0.10912906610703044,0.2839506172839506,26875,0.1706046511627907,300,0,0,0,0.0,0.0,0.0,0.0,4,default,gbdt
0,0.01,random,0.823,0.680327868852459,0.3755656108597285,0.36065573770491804,5000,0.2226,0,0,0,0,0.0,0.0,0.0,0.0,0,default,gbdt
1,0.01,random,0.8402777777777778,0.68,0.3090909090909091,0.36,7198,0.2007502083912198,306,4,1,3,0.25,0.6535947712418301,1.0,0.6863058113972973,0,default,gbdt
2,0.01,random,0.8274946921443737,0.6666666666666666,0.22888283378746593,0.3333333333333333,9419,0.19418197260855719,282,3,3,0,1.0,0.6879432624113475,3.0,0.6369263209200486,0,default,gbdt
3,0.01,random,0.8306764325721672,0.7441860465116279,0.21052631578947367,0.4883720930232558,11605,0.1862990090478242,318,4,3,1,0.75,0.6540880503144654,3.0,0.6974596688147858,0,default,gbdt
4,0.01,random,0.8338762214983714,0.6708074534161491,0.21011673151750973,0.3416149068322981,13814,0.1845229477341827,294,3,3,0,1.0,0.6802721088435374,3.0,0.74203492590168,0,default,gbdt
5,0.01,random,0.8348909657320872,0.697841726618705,0.1658119658119658,0.39568345323741005,16049,0.1808835441460527,268,3,1,2,0.3333333333333333,0.6828358208955224,1.0,0.559573087820126,0,default,gbdt
6,0.01,random,0.8326027397260274,0.68,0.15338345864661654,0.36,18250,0.1775890410958904,303,4,4,0,1.0,0.6567656765676567,4.0,0.6956382584903104,0,default,gbdt
7,0.01,random,0.8359011983370017,0.5766871165644172,0.13505747126436782,0.15337423312883436,20443,0.17487648583867338,311,4,1,3,0.25,0.6816720257234726,1.0,0.7590302272354712,0,default,gbdt
8,0.01,random,0.8354290756673285,0.6405228758169934,0.12420785804816223,0.28104575163398693,22663,0.17380752768830252,283,3,1,2,0.3333333333333333,0.6855123674911661,1.0,0.6608487939925137,0,default,gbdt
9,0.01,random,0.8321593882068826,0.6428571428571429,0.11275626423690205,0.2857142857142857,24843,0.1726844583987441,324,4,2,2,0.5,0.6512345679012346,2.0,0.6276353770327152,0,default,gbdt
10,0.01,random,0.8300665680473372,0.567741935483871,0.09361702127659574,0.13548387096774195,27036,0.17169699659712975,311,4,3,1,0.75,0.6913183279742765,3.0,0.7073494965909491,0,default,gbdt
0,0.01,random,0.801,0.5899280575539568,0.36607142857142855,0.17985611510791366,5000,0.2286,0,0,0,0,0.0,0.0,0.0,0.0,1,default,gbdt
1,0.01,random,0.8065414057063326,0.640625,0.2611464968152866,0.28125,7182,0.20913394597605123,322,4,3,1,0.75,0.6708074534161491,3.0,0.583388495927429,1,default,gbdt
2,0.01,random,0.8293333333333334,0.6227544910179641,0.2880886426592798,0.24550898203592814,9371,0.19571016967239355,315,4,3,1,0.75,0.6476190476190476,3.0,0.5877465259443465,1,default,gbdt
3,0.01,random,0.8319654427645788,0.62,0.2188235294117647,0.24,11574,0.1871435977190254,300,3,1,2,0.3333333333333333,0.6733333333333333,1.0,0.6494487193825849,1,default,gbdt
4,0.01,random,0.8263234227701233,0.5535714285714286,0.18712273641851107,0.10714285714285714,13787,0.1806774497715239,290,3,2,1,0.6666666666666666,0.6758620689655173,2.0,0.7313711208985879,1,default,gbdt
5,0.01,random,0.8320825515947468,0.5900621118012422,0.16784452296819788,0.18012422360248448,15990,0.1776735459662289,300,3,2,1,0.6666666666666666,0.6866666666666666,2.0,0.673441163703159,1,default,gbdt
6,0.01,random,0.8347539180643387,0.5989847715736041,0.184375,0.19796954314720813,18184,0.17548394192696876,310,4,2,2,0.5,0.635483870967742,2.0,0.7451816642460061,1,default,gbdt
7,0.01,random,0.8311624477758663,0.631578947368421,0.14754098360655737,0.2631578947368421,20345,0.17404767756205455,343,4,3,1,0.75,0.6705539358600583,3.0,0.643895872841094,1,default,gbdt
8,0.01,random,0.8280834072759539,0.6557377049180327,0.14423076923076922,0.3114754098360656,22538,0.17321856420267992,311,4,3,1,0.75,0.6366559485530546,3.0,0.6417915149508644,1,default,gbdt
9,0.01,random,0.839757820383451,0.609375,0.13995215311004786,0.21875,24772,0.17326013240755692,269,3,2,1,0.6666666666666666,0.6877323420074349,2.0,0.65585363151471,1,default,gbdt
10,0.01,random,0.8410903022436492,0.6129032258064516,0.1467991169977925,0.22580645161290322,26965,0.17151863526793992,311,4,3,1,0.75,0.6463022508038585,3.0,0.6957954044925223,1,default,gbdt
0,0.01,random,0.826,0.6614173228346457,0.39069767441860465,0.3228346456692913,5000,0.2188,0,0,0,0,0.0,0.0,0.0,0.0,2,default,gbdt
1,0.01,random,0.8361111111111111,0.6181818181818182,0.2595419847328244,0.23636363636363636,7200,0.20319444444444446,304,4,1,3,0.25,0.6842105263157895,1.0,0.6795105522445655,2,default,gbdt
2,0.01,random,0.8355437665782494,0.6583333333333333,0.22701149425287356,0.31666666666666665,9421,0.19085022821356543,282,3,1,2,0.3333333333333333,0.6276595744680851,1.0,0.6261196693977319,2,default,gbdt
3,0.01,random,0.8362068965517241,0.6319444444444444,0.21770334928229665,0.2638888888888889,11600,0.18525862068965518,325,4,3,1,0.75,0.7323076923076923,3.0,0.7861774874836599,2,default,gbdt
4,0.01,random,0.8274111675126904,0.6363636363636364,0.1766990291262136,0.2727272727272727,13788,0.18167972149695388,316,4,3,1,0.75,0.6835443037974683,3.0,0.7443899883805156,2,default,gbdt
5,0.01,random,0.8407882389740382,0.6894409937888198,0.19473684210526315,0.37888198757763975,15984,0.17723973973973975,308,4,3,1,0.75,0.6233766233766234,3.0,0.7066875849577162,2,default,gbdt
6,0.01,random,0.8431749519362812,0.6794871794871795,0.16905901116427433,0.358974358974359,18205,0.1761054655314474,282,3,3,0,1.0,0.6702127659574468,3.0,0.7050619467192165,2,default,gbdt
7,0.01,random,0.845060063741113,0.6503067484662577,0.15565345080763582,0.3006134969325153,20392,0.17408787759905844,317,4,3,1,0.75,0.6466876971608833,3.0,0.714017063164241,2,default,gbdt
8,0.01,random,0.846699158174568,0.6524390243902439,0.14420485175202155,0.3048780487804878,22570,0.17359326539654407,326,4,4,0,1.0,0.6288343558282209,4.0,0.6825302380491455,2,default,gbdt
9,0.01,random,0.8361912447044584,0.7013888888888888,0.11609195402298851,0.4027777777777778,24782,0.17327092244370915,291,3,3,0,1.0,0.6941580756013745,3.0,0.736836983934232,2,default,gbdt
10,0.01,random,0.8381781151638585,0.5819209039548022,0.11406423034330011,0.1638418079096045,27002,0.1719502259091919,283,3,2,1,0.6666666666666666,0.6607773851590106,2.0,0.731969831333967,2,default,gbdt
0,0.01,random,0.813,0.5470085470085471,0.32323232323232326,0.09401709401709402,5000,0.211,0,0,0,0,0.0,0.0,0.0,0.0,3,default,gbdt
1,0.01,random,0.8252969951083159,0.6752136752136753,0.27147766323024053,0.3504273504273504,7152,0.1967281879194631,352,4,4,0,1.0,0.6789772727272727,4.0,0.7225406345052394,3,default,gbdt
2,0.01,random,0.839142091152815,0.6438356164383562,0.27485380116959063,0.2876712328767123,9323,0.18888769709321035,333,4,4,0,1.0,0.6636636636636637,4.0,0.7069468535208843,3,default,gbdt
3,0.01,random,0.8192090395480226,0.5808383233532934,0.21896162528216703,0.16167664670658682,11502,0.18657624760911146,325,4,4,0,1.0,0.6430769230769231,4.0,0.6496201240145112,3,default,gbdt
4,0.01,random,0.837166849215042,0.6026490066225165,0.19077568134171907,0.2052980132450331,13691,0.18223650573369365,315,4,2,2,0.5,0.6158730158730159,2.0,0.6619332832145289,3,default,gbdt
5,0.01,random,0.8314429741650914,0.6585365853658537,0.1839863713798978,0.3170731707317073,15868,0.18023695487774136,327,4,3,1,0.75,0.6880733944954128,3.0,0.6786286613670505,3,default,gbdt
6,0.01,random,0.834763354553003,0.5849056603773585,0.14903846153846154,0.16981132075471697,18061,0.17684513592824316,311,4,2,2,0.5,0.6816720257234726,2.0,0.6012730530623852,3,default,gbdt
7,0.01,random,0.8357213438735178,0.6267605633802817,0.12696148359486448,0.2535211267605634,20239,0.174267503335145,326,4,2,2,0.5,0.6656441717791411,2.0,0.6483266086929704,3,default,gbdt
8,0.01,random,0.835226007570697,0.5909090909090909,0.11848958333333333,0.18181818181818182,22453,0.17316171558366367,289,3,3,0,1.0,0.6401384083044983,3.0,0.8186425659077652,3,default,gbdt
9,0.01,random,0.8395212010549807,0.5714285714285714,0.11779141104294479,0.14285714285714285,24644,0.17136016880376562,313,4,2,2,0.5,0.6549520766773163,2.0,0.7075862217283492,3,default,gbdt
10,0.01,random,0.8391660461653015,0.559322033898305,0.11186440677966102,0.11864406779661017,26860,0.17010424422933731,287,3,2,1,0.6666666666666666,0.6550522648083623,2.0,0.6686154546432342,3,default,gbdt
0,0.01,random,0.829,0.6923076923076923,0.4072398190045249,0.38461538461538464,5000,0.2196,0,0,0,0,0.0,0.0,0.0,0.0,4,default,gbdt
1,0.01,random,0.8293871866295265,0.65,0.3170731707317073,0.3,7176,0.2028985507246377,328,4,3,1,0.75,0.6798780487804879,3.0,0.6608644644817062,4,default,gbdt
2,0.01,random,0.8049171566007483,0.6081081081081081,0.22670025188916876,0.21621621621621623,9352,0.19172369546621043,328,4,3,1,0.75,0.6310975609756098,3.0,0.6145301843233404,4,default,gbdt
3,0.01,random,0.8289416846652268,0.5796178343949044,0.2161520190023753,0.1592356687898089,11572,0.18657103352920842,283,3,2,1,0.6666666666666666,0.7031802120141343,2.0,0.714684391147391,4,default,gbdt
4,0.01,random,0.8313953488372093,0.6149068322981367,0.19760479041916168,0.22981366459627328,13756,0.18108461762140157,320,4,2,2,0.5,0.634375,2.0,0.7516160167176033,4,default,gbdt
5,0.01,random,0.8422208281053952,0.6166666666666667,0.2036697247706422,0.23333333333333334,15937,0.17813892200539624,323,4,3,1,0.75,0.6594427244582043,3.0,0.6350942406537025,4,default,gbdt
6,0.01,random,0.8335170893054025,0.6025641025641025,0.14779874213836477,0.20512820512820512,18137,0.17516678612780504,304,4,2,2,0.5,0.625,2.0,0.6528430556255808,4,default,gbdt
7,0.01,random,0.8198131760078663,0.5263157894736842,0.12129380053908356,0.05263157894736842,20337,0.17357525692088313,304,4,3,1,0.75,0.6282894736842105,3.0,0.6670480391396597,4,default,gbdt
8,0.01,random,0.8363313346657784,0.6402439024390244,0.13409961685823754,0.2804878048780488,22515,0.17343992893626473,326,4,3,1,0.75,0.6809815950920245,3.0,0.6012548655747029,4,default,gbdt
9,0.01,random,0.8362644026682838,0.6580645161290323,0.11874272409778813,0.3161290322580645,24731,0.17310258380170637,287,3,1,2,0.3333333333333333,0.5923344947735192,1.0,0.701404006448244,4,default,gbdt
10,0.01,random,0.839517625231911,0.6524390243902439,0.11693989071038251,0.3048780487804878,26948,0.17214635594478253,286,3,3,0,1.0,0.7132867132867133,3.0,0.7516565642221046,4,default,gbdt
0,0.02,random,0.823,0.680327868852459,0.3755656108597285,0.36065573770491804,5000,0.2226,0,0,0,0,0.0,0.0,0.0,0.0,0,default,gbdt
1,0.02,random,0.8334489937543372,0.6551724137931034,0.3333333333333333,0.3103448275862069,7201,0.20122205249270936,306,7,5,2,0.7142857142857143,0.6535947712418301,5.0,0.6363803963638166,0,default,gbdt
2,0.02,random,0.8212201591511936,0.6641221374045801,0.22894736842105262,0.3282442748091603,9421,0.19456533276722215,286,6,5,1,0.8333333333333334,0.6853146853146853,5.0,0.7914235787981109,0,default,gbdt
3,0.02,random,0.8316106804478898,0.71900826446281,0.19594594594594594,0.4380165289256198,11608,0.18659545141281875,320,7,4,3,0.5714285714285714,0.653125,4.0,0.6615230033772415,0,default,gbdt
4,0.02,random,0.8256781193490055,0.6842105263157895,0.19330855018587362,0.3684210526315789,13823,0.18469217970049917,291,6,4,2,0.6666666666666666,0.6907216494845361,4.0,0.7856534853677076,0,default,gbdt
5,0.02,random,0.8275217932752179,0.6838709677419355,0.1734860883797054,0.36774193548387096,16057,0.18104253596562248,272,6,3,3,0.5,0.6801470588235294,3.0,0.6237784392066993,0,default,gbdt
6,0.02,random,0.8336525307797538,0.6950354609929078,0.1478129713423831,0.3900709219858156,18274,0.17779358651636204,289,6,5,1,0.8333333333333334,0.6782006920415224,5.0,0.7552897074963996,0,default,gbdt
7,0.02,random,0.84033203125,0.6620689655172414,0.1369472182596291,0.32413793103448274,20476,0.175229537018949,305,7,3,4,0.42857142857142855,0.6852459016393443,3.0,0.7101494077229595,0,default,gbdt
8,0.02,random,0.8238661382650815,0.5987261146496815,0.11311672683513839,0.19745222929936307,22709,0.17446827249108282,273,6,4,2,0.6666666666666666,0.684981684981685,4.0,0.6252556304627043,0,default,gbdt
9,0.02,random,0.8319277108433735,0.6242774566473989,0.12272727272727273,0.24855491329479767,24897,0.17339438486564646,319,7,4,3,0.5714285714285714,0.6551724137931034,4.0,0.6986438035709883,0,default,gbdt
10,0.02,random,0.8337638376383764,0.5771428571428572,0.10883620689655173,0.15428571428571428,27097,0.1723807063512566,307,7,6,1,0.8571428571428571,0.7035830618892508,6.0,0.66969647535744,0,default,gbdt
0,0.02,random,0.801,0.5899280575539568,0.36607142857142855,0.17985611510791366,5000,0.2286,0,0,0,0,0.0,0.0,0.0,0.0,1,default,gbdt
1,0.02,random,0.8072372999304106,0.6617647058823529,0.2803738317757009,0.3235294117647059,7185,0.2093249826026444,322,7,5,2,0.7142857142857143,0.6708074534161491,5.0,0.6665483912422542,1,default,gbdt
2,0.02,random,0.8161960575386255,0.66,0.25190839694656486,0.32,9383,0.1968453586273047,309,7,5,2,0.7142857142857143,0.6310679611650486,5.0,0.6763158432567054,1,default,gbdt
3,0.02,random,0.8245689655172413,0.6462585034013606,0.2111111111111111,0.2925170068027211,11599,0.18855073713251141,290,6,4,2,0.6666666666666666,0.6793103448275862,4.0,0.6161803573439121,1,default,gbdt
4,0.02,random,0.8268743208982253,0.6219512195121951,0.1969111969111969,0.24390243902439024,13805,0.18160086925027163,300,6,5,1,0.8333333333333334,0.68,5.0,0.6435657726826146,1,default,gbdt
5,0.02,random,0.823492658544205,0.6,0.16080402010050251,0.2,16005,0.17850671665104656,307,7,6,1,0.8571428571428571,0.6840390879478827,6.0,0.6894330821503613,1,default,gbdt
6,0.02,random,0.8399670601152895,0.6629834254143646,0.18691588785046728,0.3259668508287293,18211,0.17615726758552525,301,7,4,3,0.5714285714285714,0.6578073089700996,4.0,0.7214001267205007,1,default,gbdt
7,0.02,random,0.8442864149092693,0.6628571428571428,0.1676300578034682,0.32571428571428573,20388,0.17495585638610947,330,7,4,3,0.5714285714285714,0.6727272727272727,4.0,0.6966434575242744,1,default,gbdt
8,0.02,random,0.8366172238211202,0.6473684210526316,0.15491183879093198,0.29473684210526313,22582,0.1738109999114339,313,7,4,3,0.5714285714285714,0.6517571884984026,4.0,0.6520787485961235,1,default,gbdt
9,0.02,random,0.8310824430558356,0.5947368421052631,0.12929061784897025,0.18947368421052632,24803,0.1735273958795307,285,6,4,2,0.6666666666666666,0.6877192982456141,4.0,0.755703099882591,1,default,gbdt
10,0.02,random,0.8415401703072936,0.6292682926829268,0.1419141914191419,0.25853658536585367,27010,0.17178822658274714,299,6,4,2,0.6666666666666666,0.6655518394648829,4.0,0.6804356223444,1,default,gbdt
0,0.02,random,0.826,0.6614173228346457,0.39069767441860465,0.3228346456692913,5000,0.2188,0,0,0,0,0.0,0.0,0.0,0.0,2,default,gbdt
1,0.02,random,0.8403886190145732,0.6410256410256411,0.28517110266159695,0.28205128205128205,7203,0.20366513952519782,304,7,5,2,0.7142857142857143,0.6842105263157895,5.0,0.7168973908485679,2,default,gbdt
2,0.02,random,0.8303287380699894,0.7280701754385965,0.22311827956989247,0.45614035087719296,9430,0.1911983032873807,279,6,1,5,0.16666666666666666,0.6308243727598566,1.0,0.6754559806750393,2,default,gbdt
3,0.02,random,0.8301805674978504,0.6556291390728477,0.2239819004524887,0.31125827814569534,11629,0.18711841086937828,308,7,7,0,1.0,0.7142857142857143,7.0,0.7015816804368006,2,default,gbdt
4,0.02,random,0.8324891461649783,0.7071428571428572,0.19001919385796545,0.4142857142857143,13817,0.18318014040674532,319,7,2,5,0.2857142857142857,0.677115987460815,2.0,0.7530396899835663,2,default,gbdt
5,0.02,random,0.8414481897627965,0.6790123456790124,0.19434628975265017,0.35802469135802467,16018,0.1782994131601948,306,7,5,2,0.7142857142857143,0.6437908496732027,5.0,0.6643724959228022,2,default,gbdt
6,0.02,random,0.8395941870030161,0.6374269005847953,0.17246835443037975,0.27485380116959063,18231,0.17656738522297186,293,6,2,4,0.3333333333333333,0.6757679180887372,2.0,0.6690032136911656,2,default,gbdt
7,0.02,random,0.8381488736532811,0.6368715083798883,0.16056338028169015,0.2737430167597765,20418,0.17440493682045255,320,7,3,4,0.42857142857142855,0.646875,3.0,0.7105280160302417,2,default,gbdt
8,0.02,random,0.8393805309734513,0.6503067484662577,0.1367741935483871,0.3006134969325153,22596,0.1737918215613383,329,7,5,2,0.7142857142857143,0.6322188449848024,5.0,0.6433995282881769,2,default,gbdt
9,0.02,random,0.8380338436744561,0.6624203821656051,0.1216374269005848,0.3248407643312102,24819,0.17353640356178734,283,6,5,1,0.8333333333333334,0.7067137809187279,5.0,0.75201916844083,2,default,gbdt
10,0.02,random,0.8416574176840548,0.6263736263736264,0.12638580931263857,0.25274725274725274,27030,0.17232704402515722,295,6,2,4,0.3333333333333333,0.6271186440677966,2.0,0.6860741088175527,2,default,gbdt
0,0.02,random,0.813,0.5470085470085471,0.32323232323232326,0.09401709401709402,5000,0.211,0,0,0,0,0.0,0.0,0.0,0.0,3,default,gbdt
1,0.02,random,0.8261173184357542,0.7166666666666667,0.2857142857142857,0.43333333333333335,7156,0.19675796534376747,352,8,5,3,0.625,0.6789772727272727,5.0,0.7264611926750921,3,default,gbdt
2,0.02,random,0.8318157471880021,0.6304347826086957,0.24857142857142858,0.2608695652173913,9335,0.1886448848419925,328,7,5,2,0.7142857142857143,0.6798780487804879,5.0,0.6567253669265137,3,default,gbdt
3,0.02,random,0.8256721595836947,0.5827814569536424,0.20608899297423888,0.16556291390728478,11526,0.18696859274683325,316,7,7,0,1.0,0.6424050632911392,7.0,0.6267339813517673,3,default,gbdt
4,0.02,random,0.833879781420765,0.6470588235294118,0.19760479041916168,0.29411764705882354,13721,0.1823482253480067,312,7,5,2,0.7142857142857143,0.6378205128205128,5.0,0.7044694195616923,3,default,gbdt
5,0.02,random,0.8284098051539912,0.6415094339622641,0.17258883248730963,0.2830188679245283,15906,0.1801835785238275,322,7,5,2,0.7142857142857143,0.7080745341614907,5.0,0.6795962619706224,3,default,gbdt
6,0.02,random,0.8273957470312069,0.5828220858895705,0.14570552147239263,0.1656441717791411,18102,0.17688653187493095,311,7,5,2,0.7142857142857143,0.684887459807074,5.0,0.6248974291613038,3,default,gbdt
7,0.02,random,0.8365384615384616,0.676056338028169,0.13464235624123422,0.352112676056338,20278,0.17432685669198145,331,7,6,1,0.8571428571428571,0.6676737160120846,6.0,0.6279007056326872,3,default,gbdt
8,0.02,random,0.8382222222222222,0.6530612244897959,0.12419146183699871,0.30612244897959184,22500,0.17324444444444445,284,6,3,3,0.5,0.6443661971830986,3.0,0.6312407975394264,3,default,gbdt
9,0.02,random,0.8341433778857837,0.5863874345549738,0.13145539906103287,0.17277486910994763,24689,0.17177690469439832,318,7,4,3,0.5714285714285714,0.6257861635220126,4.0,0.5973033203182989,3,default,gbdt
10,0.02,random,0.8411076008176919,0.6257309941520468,0.11915367483296214,0.25146198830409355,26905,0.17045158892399181,290,6,5,1,0.8333333333333334,0.6620689655172414,5.0,0.6751109178784618,3,default,gbdt
0,0.02,random,0.829,0.6923076923076923,0.4072398190045249,0.38461538461538464,5000,0.2196,0,0,0,0,0.0,0.0,0.0,0.0,4,default,gbdt
1,0.02,random,0.8126740947075209,0.6143790849673203,0.3092105263157895,0.22875816993464052,7179,0.20309235269536147,328,7,5,2,0.7142857142857143,0.6798780487804879,5.0,0.6525632818329532,4,default,gbdt
2,0.02,random,0.8244397011739595,0.65,0.24528301886792453,0.3,9370,0.1926360725720384,316,7,7,0,1.0,0.6360759493670886,7.0,0.7562357623731811,4,default,gbdt
3,0.02,random,0.8204907447266466,0.5914634146341463,0.21700223713646533,0.18292682926829268,11613,0.18823732024455353,263,6,4,2,0.6666666666666666,0.7072243346007605,4.0,0.6508385901802944,4,default,gbdt
4,0.02,random,0.8202898550724638,0.5853658536585366,0.183206106870229,0.17073170731707318,13798,0.18270763878823018,322,7,5,2,0.7142857142857143,0.6304347826086957,5.0,0.6546663799890612,4,default,gbdt
5,0.02,random,0.8425172197871008,0.6214689265536724,0.20146520146520147,0.24293785310734464,15970,0.17933625547902318,335,7,4,3,0.5714285714285714,0.6537313432835821,4.0,0.6262261388341532,4,default,gbdt
6,0.02,random,0.8356729975227085,0.6012269938650306,0.15555555555555556,0.20245398773006135,18165,0.17594274704101293,312,7,4,3,0.5714285714285714,0.6346153846153846,4.0,0.7539697736833132,4,default,gbdt
7,0.02,random,0.834028971274245,0.5952380952380952,0.14124293785310735,0.19047619047619047,20361,0.17430381611905113,311,7,3,4,0.42857142857142855,0.6141479099678456,3.0,0.7723331013776695,4,default,gbdt
8,0.02,random,0.8403193612774451,0.6190476190476191,0.1368421052631579,0.23809523809523808,22544,0.17414833215046133,324,7,7,0,1.0,0.691358024691358,7.0,0.7037473902937004,4,default,gbdt
9,0.02,random,0.8355196770938446,0.657608695652174,0.13860252004581902,0.31521739130434784,24771,0.17395341326551209,279,6,4,2,0.6666666666666666,0.5949820788530465,4.0,0.7302004362997678,4,default,gbdt
10,0.02,random,0.8379981464318814,0.6455026455026455,0.13132400430570507,0.291005291005291,26973,0.1725799873948022,305,7,6,1,0.8571428571428571,0.7180327868852459,6.0,0.661787351349026,4,default,gbdt
0,0.05,random,0.823,0.680327868852459,0.3755656108597285,0.36065573770491804,5000,0.2226,0,0,0,0,0.0,0.0,0.0,0.0,0,default,gbdt
1,0.05,random,0.8314840499306518,0.6666666666666666,0.3006993006993007,0.3333333333333333,7210,0.20180305131761442,306,16,11,5,0.6875,0.6535947712418301,11.0,0.7304529321063219,0,default,gbdt
2,0.05,random,0.8237162519851774,0.609271523178808,0.25136612021857924,0.2185430463576159,9443,0.19527692470613153,282,15,9,6,0.6,0.6914893617021277,9.0,0.7576116110539342,0,default,gbdt
3,0.05,random,0.8312580506655217,0.6785714285714286,0.2144469525959368,0.35714285714285715,11645,0.18814942035208243,314,16,12,4,0.75,0.6464968152866242,12.0,0.7024661838186019,0,default,gbdt
4,0.05,random,0.8335740072202166,0.7272727272727273,0.21092278719397364,0.45454545454545453,13850,0.18592057761732853,311,16,10,6,0.625,0.6752411575562701,10.0,0.6535808456670925,0,default,gbdt
5,0.05,random,0.8350931677018634,0.6708860759493671,0.1811965811965812,0.34177215189873417,16100,0.18248447204968943,264,14,9,5,0.6428571428571429,0.6893939393939394,9.0,0.7174156703920705,0,default,gbdt
6,0.05,random,0.8328782086291644,0.6582278481012658,0.15709969788519637,0.31645569620253167,18307,0.17922106298137325,309,16,12,4,0.75,0.6537216828478964,12.0,0.7017417982838778,0,default,gbdt
7,0.05,random,0.8346744696415508,0.5977011494252874,0.14606741573033707,0.19540229885057472,20504,0.17674600078033553,319,16,11,5,0.6875,0.6677115987460815,11.0,0.6610782239871357,0,default,gbdt
8,0.05,random,0.8229601935341984,0.6086956521739131,0.13254437869822486,0.21739130434782608,22731,0.1758391623773701,288,15,11,4,0.7333333333333333,0.6770833333333334,11.0,0.6658024238214616,0,default,gbdt
9,0.05,random,0.8310593900481541,0.6832298136645962,0.1220865704772475,0.36645962732919257,24917,0.17486053698278284,331,17,12,5,0.7058823529411765,0.6404833836858006,12.0,0.7242560900195384,0,default,gbdt
10,0.05,random,0.8322271386430679,0.6089108910891089,0.1289308176100629,0.21782178217821782,27116,0.17377194276441954,317,16,11,5,0.6875,0.694006309148265,11.0,0.6949907602892662,0,default,gbdt
0,0.05,random,0.801,0.5899280575539568,0.36607142857142855,0.17985611510791366,5000,0.2286,0,0,0,0,0.0,0.0,0.0,0.0,1,default,gbdt
1,0.05,random,0.8033356497567755,0.608,0.24516129032258063,0.216,7195,0.21042390548992357,322,17,15,2,0.8823529411764706,0.6708074534161491,15.0,0.668233065929832,1,default,gbdt
2,0.05,random,0.8367021276595744,0.6715328467153284,0.2598870056497175,0.34306569343065696,9397,0.1974034266255188,314,16,10,6,0.625,0.643312101910828,10.0,0.7189912075426399,1,default,gbdt
3,0.05,random,0.8112639724849527,0.5808383233532934,0.20815450643776823,0.16167664670658682,11628,0.18937048503611972,284,15,11,4,0.7333333333333333,0.6936619718309859,11.0,0.679630808642701,1,default,gbdt
4,0.05,random,0.8270133622246298,0.6266666666666667,0.18181818181818182,0.25333333333333335,13843,0.1828360904428231,301,16,11,5,0.6875,0.6677740863787376,11.0,0.6977256492318841,1,default,gbdt
5,0.05,random,0.8260192966075319,0.6098901098901099,0.18530884808013356,0.21978021978021978,16061,0.17950314426249922,297,15,6,9,0.4,0.7003367003367004,6.0,0.6855803861835205,1,default,gbdt
6,0.05,random,0.8334700574241182,0.6030927835051546,0.1802773497688752,0.20618556701030927,18281,0.17734259613806685,295,15,12,3,0.8,0.6711864406779661,12.0,0.6434505770998505,1,default,gbdt
7,0.05,random,0.8413978494623656,0.6210526315789474,0.1697841726618705,0.24210526315789474,20459,0.17620607067794125,339,17,11,6,0.6470588235294118,0.6637168141592921,11.0,0.7112879444292496,1,default,gbdt
8,0.05,random,0.8371939113170086,0.6056338028169014,0.16475095785440613,0.2112676056338028,22663,0.17530777037461942,312,16,12,4,0.75,0.6474358974358975,12.0,0.6972427885306123,1,default,gbdt
9,0.05,random,0.840562248995984,0.62,0.14726840855106887,0.24,24896,0.17512853470437018,282,15,10,5,0.6666666666666666,0.6879432624113475,10.0,0.695402795452168,1,default,gbdt
10,0.05,random,0.8373293987458502,0.64,0.1523809523809524,0.28,27108,0.17356499926221042,304,16,9,7,0.5625,0.6414473684210527,9.0,0.7195904439542757,1,default,gbdt
0,0.05,random,0.826,0.6614173228346457,0.39069767441860465,0.3228346456692913,5000,0.2188,0,0,0,0,0.0,0.0,0.0,0.0,2,default,gbdt
1,0.05,random,0.8288288288288288,0.6017699115044248,0.2518518518518518,0.20353982300884957,7212,0.204381586245147,304,16,12,4,0.75,0.6842105263157895,12.0,0.7267546628002854,2,default,gbdt
2,0.05,random,0.8274219163578613,0.6666666666666666,0.22826086956521738,0.3333333333333333,9442,0.19201440372802372,285,15,10,5,0.6666666666666666,0.6385964912280702,10.0,0.6867539718729093,2,default,gbdt
3,0.05,random,0.8281048560378169,0.6620689655172414,0.21476510067114093,0.32413793103448274,11634,0.1871239470517449,325,17,12,5,0.7058823529411765,0.72,12.0,0.6627082415251054,2,default,gbdt
4,0.05,random,0.8362193362193362,0.7114093959731543,0.20502901353965183,0.4228187919463087,13857,0.1843833441581872,292,15,12,3,0.8,0.6952054794520548,12.0,0.7172483010409703,2,default,gbdt
5,0.05,random,0.832089552238806,0.6629834254143646,0.2003338898163606,0.3259668508287293,16080,0.17997512437810945,292,15,9,6,0.6,0.6404109589041096,9.0,0.6606976578051739,2,default,gbdt
6,0.05,random,0.834789732386674,0.6593406593406593,0.18099547511312217,0.31868131868131866,18309,0.17876454202851058,286,15,11,4,0.7333333333333333,0.6678321678321678,11.0,0.6836236297868706,2,default,gbdt
7,0.05,random,0.8386153096050707,0.63,0.17647058823529413,0.26,20509,0.1765078745916427,316,16,8,8,0.5,0.6550632911392406,8.0,0.6690116514041233,2,default,gbdt
8,0.05,random,0.8319753358291125,0.6927710843373494,0.13905683192261184,0.3855421686746988,22705,0.17586434706011891,320,16,8,8,0.5,0.6375,8.0,0.6853953322707576,2,default,gbdt
9,0.05,random,0.8378107457898958,0.6628571428571428,0.13394919168591224,0.32571428571428573,24939,0.17570872929949075,281,15,11,4,0.7333333333333333,0.701067615658363,11.0,0.6795266033589642,2,default,gbdt
10,0.05,random,0.8369225105834713,0.6057692307692307,0.13548387096774195,0.21153846153846154,27164,0.1744588425857753,290,15,9,6,0.6,0.6413793103448275,9.0,0.7308734712172655,2,default,gbdt
0,0.05,random,0.813,0.5470085470085471,0.32323232323232326,0.09401709401709402,5000,0.211,0,0,0,0,0.0,0.0,0.0,0.0,3,default,gbdt
1,0.05,random,0.8277545327754533,0.6538461538461539,0.2961672473867596,0.3076923076923077,7166,0.19718113312866314,352,18,10,8,0.5555555555555556,0.6789772727272727,10.0,0.694872646835183,3,default,gbdt
2,0.05,random,0.8333333333333334,0.6783216783216783,0.26721763085399447,0.35664335664335667,9357,0.18969755263439136,326,17,13,4,0.7647058823529411,0.6809815950920245,13.0,0.6607259198126133,3,default,gbdt
3,0.05,random,0.8360726643598616,0.6052631578947368,0.22384428223844283,0.21052631578947367,11558,0.18792178577608581,315,16,7,9,0.4375,0.6349206349206349,7.0,0.6393135722009692,3,default,gbdt
4,0.05,random,0.8292771521976026,0.6510067114093959,0.1883495145631068,0.30201342281879195,13764,0.18352223190932868,310,16,5,11,0.3125,0.6193548387096774,5.0,0.6285504568493119,3,default,gbdt
5,0.05,random,0.825187969924812,0.6227544910179641,0.17362270450751252,0.24550898203592814,15960,0.18139097744360902,320,16,7,9,0.4375,0.703125,7.0,0.6415815985444939,3,default,gbdt
6,0.05,random,0.8318657127132636,0.6170212765957447,0.17709923664122137,0.23404255319148937,18167,0.1782903065998789,309,16,11,5,0.6875,0.6828478964401294,11.0,0.6456733509168131,3,default,gbdt
7,0.05,random,0.8395577395577396,0.6265822784810127,0.14285714285714285,0.25316455696202533,20349,0.17573345127524695,335,17,9,8,0.5294117647058824,0.6567164179104478,9.0,0.6228854155312447,3,default,gbdt
8,0.05,random,0.8323737821080602,0.5942857142857143,0.13164556962025317,0.18857142857142858,22578,0.17463902914341395,286,15,9,6,0.6,0.6468531468531469,9.0,0.6419279465176176,3,default,gbdt
9,0.05,random,0.8280524722502522,0.5888324873096447,0.13077790304396844,0.17766497461928935,24772,0.17281608267398677,323,17,8,9,0.47058823529411764,0.6439628482972136,8.0,0.6876786660724046,3,default,gbdt
10,0.05,random,0.8331481481481482,0.5621890547263682,0.12203023758099352,0.12437810945273632,26999,0.17163598651801917,288,15,10,5,0.6666666666666666,0.65625,10.0,0.6588816807754437,3,default,gbdt
0,0.05,random,0.829,0.6923076923076923,0.4072398190045249,0.38461538461538464,5000,0.2196,0,0,0,0,0.0,0.0,0.0,0.0,4,default,gbdt
1,0.05,random,0.8129346314325452,0.5833333333333334,0.28668941979522183,0.16666666666666666,7189,0.20364445680901377,328,17,11,6,0.6470588235294118,0.6798780487804879,11.0,0.7768751774769204,4,default,gbdt
2,0.05,random,0.8295151838039425,0.6624203821656051,0.2803234501347709,0.3248407643312102,9383,0.19279548118938505,323,17,10,7,0.5882352941176471,0.6377708978328174,10.0,0.6648807021604962,4,default,gbdt
3,0.05,random,0.8133333333333334,0.55625,0.19690265486725664,0.1125,11624,0.18831727460426703,273,14,9,5,0.6428571428571429,0.7032967032967034,9.0,0.6277226492040742,4,default,gbdt
4,0.05,random,0.8241678726483358,0.5549132947976878,0.1900990099009901,0.10982658959537572,13820,0.18357452966714907,320,16,12,4,0.75,0.615625,12.0,0.6870490848384834,4,default,gbdt
5,0.05,random,0.8360399750156152,0.6073298429319371,0.2049469964664311,0.21465968586387435,16009,0.1807733150103067,328,17,13,4,0.7647058823529411,0.6524390243902439,13.0,0.6823505549143746,4,default,gbdt
6,0.05,random,0.8352553542009885,0.6379310344827587,0.1712962962962963,0.27586206896551724,18209,0.1773848097094843,316,16,10,6,0.625,0.6329113924050633,10.0,0.6961674144944898,4,default,gbdt
7,0.05,random,0.8356600538819495,0.6031746031746031,0.16056338028169015,0.20634920634920634,20414,0.17576173214460664,311,16,11,5,0.6875,0.6237942122186495,11.0,0.6754181686169316,4,default,gbdt
8,0.05,random,0.8290957329206279,0.6235294117647059,0.13006134969325153,0.24705882352941178,22611,0.17557825836982,319,16,13,3,0.8125,0.7053291536050157,13.0,0.6674299501264684,4,default,gbdt
9,0.05,random,0.8335681223586234,0.6368421052631579,0.13765642775881684,0.2736842105263158,24845,0.17508553028778426,280,14,6,8,0.42857142857142855,0.6107142857142858,6.0,0.6625620713227367,4,default,gbdt
10,0.05,random,0.8339183447256604,0.6601941747572816,0.14093264248704662,0.32038834951456313,27061,0.1739403569712871,299,15,11,4,0.7333333333333333,0.7123745819397993,11.0,0.7210970719352169,4,default,gbdt
0,0.1,random,0.823,0.680327868852459,0.3755656108597285,0.36065573770491804,5000,0.2226,0,0,0,0,0.0,0.0,0.0,0.0,0,default,gbdt
1,0.1,random,0.8380622837370242,0.743801652892562,0.30716723549488056,0.48760330578512395,7225,0.20221453287197233,306,31,17,14,0.5483870967741935,0.6535947712418301,17.0,0.6915211015718851,0,default,gbdt
2,0.1,random,0.8186610437532946,0.6388888888888888,0.23958333333333334,0.2777777777777778,9482,0.1967939253322084,271,28,16,12,0.5714285714285714,0.6863468634686347,16.0,0.6700447615673404,0,default,gbdt
3,0.1,random,0.8232280102476516,0.6624203821656051,0.22365591397849463,0.3248407643312102,11707,0.18971555479627572,306,31,18,13,0.5806451612903226,0.6568627450980392,18.0,0.7100437108603471,0,default,gbdt
4,0.1,random,0.8263988522238164,0.6744186046511628,0.21323529411764705,0.3488372093023256,13937,0.1884193154911387,301,31,23,8,0.7419354838709677,0.6710963455149501,23.0,0.6991322435352474,0,default,gbdt
5,0.1,random,0.8290123456790124,0.6625,0.17491749174917492,0.325,16196,0.18498394665349469,268,27,19,8,0.7037037037037037,0.6902985074626866,19.0,0.6977214716162583,0,default,gbdt
6,0.1,random,0.8269126424308193,0.6777777777777778,0.1737891737891738,0.35555555555555557,18427,0.18185271612308027,299,30,23,7,0.7666666666666667,0.6722408026755853,23.0,0.6791752749492007,0,default,gbdt
7,0.1,random,0.8367248062015504,0.6269430051813472,0.1673582295988935,0.2538860103626943,20637,0.179531908707661,323,33,25,8,0.7575757575757576,0.6687306501547987,25.0,0.6723678005824728,0,default,gbdt
8,0.1,random,0.8285277413717781,0.6052631578947368,0.1393939393939394,0.21052631578947367,22887,0.17852929610696028,278,28,16,12,0.5714285714285714,0.6906474820143885,16.0,0.6752993955755643,0,default,gbdt
9,0.1,random,0.8276205659625349,0.5794392523364486,0.13793103448275862,0.1588785046728972,25088,0.17745535714285715,333,34,18,16,0.5294117647058824,0.6366366366366366,18.0,0.6638894326606173,0,default,gbdt
10,0.1,random,0.8311045979117054,0.5868544600938967,0.13034410844629823,0.17370892018779344,27294,0.17633912215138858,327,33,21,12,0.6363636363636364,0.6850152905198776,21.0,0.6882499817510871,0,default,gbdt
0,0.1,random,0.801,0.5899280575539568,0.36607142857142855,0.17985611510791366,5000,0.2286,0,0,0,0,0.0,0.0,0.0,0.0,1,default,gbdt
1,0.1,random,0.8052668052668053,0.6343283582089553,0.26813880126182965,0.26865671641791045,7211,0.21162113437803357,322,33,27,6,0.8181818181818182,0.6708074534161491,27.0,0.6544403021135848,1,default,gbdt
2,0.1,random,0.8244031830238727,0.6923076923076923,0.25647668393782386,0.38461538461538464,9425,0.1986206896551724,318,32,20,12,0.625,0.6509433962264151,20.0,0.7001091180894117,1,default,gbdt
3,0.1,random,0.8234790059982862,0.6243093922651933,0.24726477024070023,0.24861878453038674,11667,0.19148024342161651,287,29,23,6,0.7931034482758621,0.6759581881533101,23.0,0.6976831593978993,1,default,gbdt
4,0.1,random,0.8287153652392947,0.6222222222222222,0.2153846153846154,0.24444444444444444,13892,0.18463864094442844,306,31,18,13,0.5806451612903226,0.673202614379085,18.0,0.6738485316921421,1,default,gbdt
5,0.1,random,0.8226906385616863,0.5879396984924623,0.1927512355848435,0.17587939698492464,16129,0.18234236468472936,293,30,23,7,0.7666666666666667,0.6860068259385665,23.0,0.6932588621301445,1,default,gbdt
6,0.1,random,0.838692098092643,0.6580310880829016,0.19448698315467075,0.3160621761658031,18350,0.18043596730245232,310,31,24,7,0.7741935483870968,0.6419354838709678,24.0,0.6954457548328733,1,default,gbdt
7,0.1,random,0.8461912874178632,0.6761904761904762,0.20113314447592068,0.3523809523809524,20541,0.17920257046881846,344,35,24,11,0.6857142857142857,0.6715116279069767,24.0,0.6926744748656564,1,default,gbdt
8,0.1,random,0.8331501428885469,0.665158371040724,0.17668269230769232,0.33031674208144796,22744,0.17789307069996482,331,34,19,15,0.5588235294117647,0.6404833836858006,19.0,0.6861023648748995,1,default,gbdt
9,0.1,random,0.8319327731092437,0.6387832699619772,0.18400876232201532,0.27756653992395436,24988,0.17768528893869057,285,29,21,8,0.7241379310344828,0.6947368421052632,21.0,0.6738554615087196,1,default,gbdt
10,0.1,random,0.8342216504319059,0.625,0.16563146997929606,0.25,27201,0.176022940333076,319,32,22,10,0.6875,0.6426332288401254,22.0,0.6701874224973138,1,default,gbdt
0,0.1,random,0.826,0.6614173228346457,0.39069767441860465,0.3228346456692913,5000,0.2188,0,0,0,0,0.0,0.0,0.0,0.0,2,default,gbdt
1,0.1,random,0.8360995850622407,0.6475409836065574,0.2893772893772894,0.29508196721311475,7227,0.20561782205617823,304,31,24,7,0.7741935483870968,0.6842105263157895,24.0,0.7479894083320927,2,default,gbdt
2,0.1,random,0.8274406332453826,0.7265625,0.24155844155844156,0.453125,9475,0.19345646437994723,281,29,18,11,0.6206896551724138,0.6476868327402135,18.0,0.7121756181523308,2,default,gbdt
3,0.1,random,0.8325501922255446,0.6540880503144654,0.23582766439909297,0.3081761006289308,11702,0.1897111604853871,304,31,20,11,0.6451612903225806,0.7203947368421053,20.0,0.6923083456807141,2,default,gbdt
4,0.1,random,0.8296802012217032,0.7151898734177216,0.20848708487084872,0.43037974683544306,13915,0.18620194035213797,319,32,22,10,0.6875,0.6896551724137931,22.0,0.6895790771611406,2,default,gbdt
5,0.1,random,0.8328690807799443,0.6789473684210526,0.21217105263157895,0.35789473684210527,16154,0.18206017085551565,290,29,17,12,0.5862068965517241,0.6344827586206897,17.0,0.6628539338021121,2,default,gbdt
6,0.1,random,0.8331521739130435,0.6666666666666666,0.19145802650957292,0.3333333333333333,18399,0.18098809717919453,284,29,17,12,0.5862068965517241,0.6584507042253521,17.0,0.6571986312245066,2,default,gbdt
7,0.1,random,0.8360417171962163,0.6509433962264151,0.1864864864864865,0.3018867924528302,20612,0.17897341354550747,319,32,21,11,0.65625,0.6520376175548589,21.0,0.6879372916886048,2,default,gbdt
8,0.1,random,0.8321647677475899,0.6519607843137255,0.1606280193236715,0.30392156862745096,22820,0.17865907099035933,325,33,25,8,0.7575757575757576,0.6338461538461538,25.0,0.6835366444649794,2,default,gbdt
9,0.1,random,0.8329346092503987,0.6619047619047619,0.1534216335540839,0.3238095238095238,25077,0.17857000438648962,270,27,18,9,0.6666666666666666,0.7111111111111111,18.0,0.6780374179052296,2,default,gbdt
10,0.1,random,0.8365666178623719,0.6545454545454545,0.14984391259105098,0.3090909090909091,27318,0.1770993484149645,288,29,14,15,0.4827586206896552,0.6527777777777778,14.0,0.6824222143496287,2,default,gbdt
0,0.1,random,0.813,0.5470085470085471,0.32323232323232326,0.09401709401709402,5000,0.211,0,0,0,0,0.0,0.0,0.0,0.0,3,default,gbdt
1,0.1,random,0.8343771746694503,0.6666666666666666,0.323943661971831,0.3333333333333333,7184,0.1987750556792873,352,36,25,11,0.6944444444444444,0.6789772727272727,25.0,0.6752410769486183,3,default,gbdt
2,0.1,random,0.8408728046833422,0.6415094339622641,0.29651162790697677,0.2830188679245283,9393,0.19141914191419143,324,33,23,10,0.696969696969697,0.691358024691358,23.0,0.6484823685218694,3,default,gbdt
3,0.1,random,0.8217821782178217,0.6153846153846154,0.24561403508771928,0.23076923076923078,11613,0.190217859295617,312,32,19,13,0.59375,0.6346153846153846,19.0,0.6432871941993148,3,default,gbdt
4,0.1,random,0.8319479580773401,0.6335403726708074,0.20078740157480315,0.2670807453416149,13835,0.18633899530177087,309,31,20,11,0.6451612903225806,0.6213592233009708,20.0,0.65447322774086,3,default,gbdt
5,0.1,random,0.8340080971659919,0.6582914572864321,0.2197986577181208,0.3165829145728643,16052,0.18483678046349364,315,32,26,6,0.8125,0.7111111111111111,26.0,0.6797922607036972,3,default,gbdt
6,0.1,random,0.8238030095759233,0.6205128205128205,0.17510853835021709,0.24102564102564103,18273,0.18157937941224758,311,32,21,11,0.65625,0.6881028938906752,21.0,0.6607811524755413,3,default,gbdt
7,0.1,random,0.8393946790334391,0.6256684491978609,0.16595744680851063,0.25133689839572193,20484,0.17935950009763718,322,33,23,10,0.696969696969697,0.6677018633540373,23.0,0.6703346667894505,3,default,gbdt
8,0.1,random,0.8360836083608361,0.638095238095238,0.16687422166874222,0.2761904761904762,22723,0.17801346653170796,291,30,19,11,0.6333333333333333,0.6563573883161512,19.0,0.674628456497434,3,default,gbdt
9,0.1,random,0.831062124248497,0.5991189427312775,0.15315315315315314,0.19823788546255505,24947,0.1763739126949132,307,31,18,13,0.5806451612903226,0.6547231270358306,18.0,0.6503159902849663,3,default,gbdt
10,0.1,random,0.8361529974255241,0.616504854368932,0.13525026624068157,0.23300970873786409,27188,0.17500367809327644,288,29,20,9,0.6896551724137931,0.6736111111111112,20.0,0.6679562791291547,3,default,gbdt
0,0.1,random,0.829,0.6923076923076923,0.4072398190045249,0.38461538461538464,5000,0.2196,0,0,0,0,0.0,0.0,0.0,0.0,4,default,gbdt
1,0.1,random,0.8230395558639834,0.6197183098591549,0.3044982698961938,0.23943661971830985,7205,0.20499653018736988,328,33,24,9,0.7272727272727273,0.6798780487804879,24.0,0.6975619839026151,4,default,gbdt
2,0.1,random,0.8151885289431758,0.6013513513513513,0.23544973544973544,0.20270270270270271,9412,0.19464513387165322,326,33,23,10,0.696969696969697,0.6411042944785276,23.0,0.6742522382531702,4,default,gbdt
3,0.1,random,0.8319039451114922,0.632258064516129,0.22632794457274827,0.2645161290322581,11656,0.1904598490048044,285,29,25,4,0.8620689655172413,0.7017543859649122,25.0,0.6747454372971281,4,default,gbdt
4,0.1,random,0.8323720259552992,0.5965909090909091,0.21042084168336672,0.19318181818181818,13868,0.18560715315835016,320,32,23,9,0.71875,0.63125,23.0,0.6853675020680096,4,default,gbdt
5,0.1,random,0.837223778400249,0.6456310679611651,0.2281303602058319,0.2912621359223301,16064,0.18283117529880477,338,34,20,14,0.5882352941176471,0.636094674556213,20.0,0.6980760018966553,4,default,gbdt
6,0.1,random,0.8321945886854332,0.6345177664974619,0.1874062968515742,0.26903553299492383,18293,0.1802328759634833,302,31,21,10,0.6774193548387096,0.6192052980132451,21.0,0.715049404392803,4,default,gbdt
7,0.1,random,0.8344306266764204,0.6066350710900474,0.17679558011049723,0.2132701421800948,20501,0.17823520803863227,325,33,17,16,0.5151515151515151,0.6184615384615385,17.0,0.6512092423088993,4,default,gbdt
8,0.1,random,0.8388020259854657,0.6902654867256637,0.19070904645476772,0.3805309734513274,22704,0.17829457364341086,331,34,24,10,0.7058823529411765,0.676737160120846,24.0,0.6711814721347131,4,default,gbdt
9,0.1,random,0.8314629258517034,0.6635071090047393,0.15384615384615385,0.32701421800947866,24948,0.17801026134359468,285,29,16,13,0.5517241379310345,0.5894736842105263,16.0,0.6794880072456462,4,default,gbdt
10,0.1,random,0.8367384502116695,0.6866952789699571,0.16427104722792607,0.37339055793991416,27164,0.17674127521719923,316,32,25,7,0.78125,0.7088607594936709,25.0,0.6554736155937533,4,default,gbdt
0,0.15,random,0.823,0.680327868852459,0.3755656108597285,0.36065573770491804,5000,0.2226,0,0,0,0,0.0,0.0,0.0,0.0,0,default,gbdt
1,0.15,random,0.8404696132596685,0.6850393700787402,0.3129496402877698,0.3700787401574803,7240,0.20386740331491712,306,46,32,14,0.6956521739130435,0.6535947712418301,32.0,0.729028158773217,0,default,gbdt
2,0.15,random,0.8237769594950026,0.6387096774193548,0.2619047619047619,0.27741935483870966,9505,0.19863229879011046,277,42,24,18,0.5714285714285714,0.6750902527075813,24.0,0.7247907786185533,0,default,gbdt
3,0.15,random,0.8333333333333334,0.7354838709677419,0.24568965517241378,0.47096774193548385,11729,0.19183221075965556,325,49,31,18,0.6326530612244898,0.6369230769230769,31.0,0.6622418242138992,0,default,gbdt
4,0.15,random,0.8206871868289191,0.6923076923076923,0.2067137809187279,0.38461538461538464,13967,0.1902341232906136,309,47,33,14,0.7021276595744681,0.6796116504854369,33.0,0.6832214697260074,0,default,gbdt
5,0.15,random,0.8321527563905143,0.7,0.19412724306688417,0.4,16233,0.18702642764738495,276,42,30,12,0.7142857142857143,0.677536231884058,30.0,0.6764520588685747,0,default,gbdt
6,0.15,random,0.8236884802595997,0.6772486772486772,0.1780250347705146,0.3544973544973545,18488,0.18374080484638686,289,44,23,21,0.5227272727272727,0.6747404844290658,23.0,0.6768060314073389,0,default,gbdt
7,0.15,random,0.8340569223347805,0.6517412935323383,0.17489986648865152,0.3034825870646766,20729,0.18138839307250712,305,46,25,21,0.5434782608695652,0.6786885245901639,25.0,0.6570324790420077,0,default,gbdt
8,0.15,random,0.8385133666594219,0.625,0.16352201257861634,0.25,23002,0.18089731327710634,268,41,30,11,0.7317073170731707,0.6940298507462687,30.0,0.6498174408022376,0,default,gbdt
9,0.15,random,0.8325406262386048,0.6583333333333333,0.17155266015200868,0.31666666666666665,25230,0.180221957986524,321,49,32,17,0.6530612244897959,0.6417445482866043,32.0,0.6657582711235154,0,default,gbdt
10,0.15,random,0.8265064627707992,0.6345381526104418,0.15490196078431373,0.26907630522088355,27463,0.1795870807996213,315,48,40,8,0.8333333333333334,0.6952380952380952,40.0,0.6714619653709901,0,default,gbdt
0,0.15,random,0.801,0.5899280575539568,0.36607142857142855,0.17985611510791366,5000,0.2286,0,0,0,0,0.0,0.0,0.0,0.0,1,default,gbdt
1,0.15,random,0.8029045643153527,0.6183206106870229,0.2563291139240506,0.2366412213740458,7227,0.21198284211982843,322,49,33,16,0.673469387755102,0.6708074534161491,33.0,0.6694363242825248,1,default,gbdt
2,0.15,random,0.8320126782884311,0.6794871794871795,0.28342245989304815,0.358974358974359,9465,0.19957739038563127,309,47,28,19,0.5957446808510638,0.6601941747572816,28.0,0.6873315309096247,1,default,gbdt
3,0.15,random,0.8294970161977835,0.6766467065868264,0.24618736383442266,0.3532934131736527,11726,0.19324577861163228,282,43,35,8,0.813953488372093,0.6773049645390071,35.0,0.6841870831628571,1,default,gbdt
4,0.15,random,0.8239713774597496,0.6073298429319371,0.2176360225140713,0.21465968586387435,13974,0.18727637040217546,297,45,30,15,0.6666666666666666,0.6666666666666666,30.0,0.6771430674794371,1,default,gbdt
5,0.15,random,0.8261405672009864,0.6038647342995169,0.20593080724876442,0.20772946859903382,16220,0.1844636251541307,299,45,30,15,0.6666666666666666,0.6989966555183946,30.0,0.6977278916026408,1,default,gbdt
6,0.15,random,0.8252506095908968,0.6164383561643836,0.1939655172413793,0.2328767123287671,18454,0.18229110220006503,313,47,26,21,0.5531914893617021,0.6357827476038339,26.0,0.6935050873426357,1,default,gbdt
7,0.15,random,0.8258766626360339,0.6475770925110133,0.18678526048284624,0.29515418502202645,20671,0.18165545933917082,334,51,39,12,0.7647058823529411,0.6736526946107785,39.0,0.6923761746327834,1,default,gbdt
8,0.15,random,0.8254037538192929,0.6088709677419355,0.17681498829039813,0.21774193548387097,22909,0.18062770090357502,309,47,28,19,0.5957446808510638,0.656957928802589,28.0,0.6971360186084685,1,default,gbdt
9,0.15,random,0.831942789034565,0.6091954022988506,0.1760797342192691,0.21839080459770116,25168,0.18042752701843612,284,43,29,14,0.6744186046511628,0.6936619718309859,29.0,0.6681211456050925,1,default,gbdt
10,0.15,random,0.8301714702663262,0.6254681647940075,0.16733466933867736,0.250936329588015,27407,0.17896887656438137,308,47,34,13,0.723404255319149,0.6525974025974026,34.0,0.6645144925449952,1,default,gbdt
0,0.15,random,0.826,0.6614173228346457,0.39069767441860465,0.3228346456692913,5000,0.2188,0,0,0,0,0.0,0.0,0.0,0.0,2,default,gbdt
1,0.15,random,0.8253968253968254,0.671875,0.2895622895622896,0.34375,7242,0.20684893675780172,304,46,36,10,0.782608695652174,0.6842105263157895,36.0,0.7194804465875437,2,default,gbdt
2,0.15,random,0.8339464004203888,0.7101449275362319,0.2620320855614973,0.42028985507246375,9511,0.19566817369361791,272,41,27,14,0.6585365853658537,0.6433823529411765,27.0,0.6981818426780572,2,default,gbdt
3,0.15,random,0.8395061728395061,0.7228915662650602,0.2660753880266075,0.4457831325301205,11742,0.1918753193663771,317,48,33,15,0.6875,0.7160883280757098,33.0,0.6936922531628813,2,default,gbdt
4,0.15,random,0.8333929209867715,0.7070707070707071,0.25547445255474455,0.41414141414141414,13982,0.18888571019882705,306,46,33,13,0.717391304347826,0.6993464052287581,33.0,0.7047689780929829,2,default,gbdt
5,0.15,random,0.8321010474430067,0.6780487804878049,0.22491909385113268,0.35609756097560974,16227,0.1846305540149134,301,46,33,13,0.717391304347826,0.6478405315614618,33.0,0.6746360964290473,2,default,gbdt
6,0.15,random,0.8347755543537047,0.6403508771929824,0.2162962962962963,0.2807017543859649,18487,0.18337209931303078,283,43,27,16,0.627906976744186,0.6784452296819788,27.0,0.7010286276599283,2,default,gbdt
7,0.15,random,0.8394882935071204,0.6930232558139535,0.19919786096256684,0.386046511627907,20714,0.1814714685719803,322,49,33,16,0.673469387755102,0.6521739130434783,33.0,0.7044126918140777,2,default,gbdt
8,0.15,random,0.8332970146001307,0.6561085972850679,0.17386091127098321,0.31221719457013575,22944,0.18113668061366806,318,48,32,16,0.6666666666666666,0.6415094339622641,32.0,0.6972794862215871,2,default,gbdt
9,0.15,random,0.8358801349474102,0.6542056074766355,0.15677491601343785,0.308411214953271,25195,0.1809089104981147,294,45,31,14,0.6888888888888889,0.6938775510204082,31.0,0.6793297888530943,2,default,gbdt
10,0.15,random,0.8353669641231105,0.673728813559322,0.1612576064908722,0.3474576271186441,27454,0.17982807605449114,284,43,27,16,0.627906976744186,0.6408450704225352,27.0,0.6681331060013661,2,default,gbdt
0,0.15,random,0.813,0.5470085470085471,0.32323232323232326,0.09401709401709402,5000,0.211,0,0,0,0,0.0,0.0,0.0,0.0,3,default,gbdt
1,0.15,random,0.8327550312283136,0.6884057971014492,0.3242320819112628,0.37681159420289856,7201,0.19997222607971116,352,53,37,16,0.6981132075471698,0.6789772727272727,37.0,0.6833597366035137,3,default,gbdt
2,0.15,random,0.822623473181094,0.695364238410596,0.26717557251908397,0.39072847682119205,9413,0.1937745670880697,339,51,38,13,0.7450980392156863,0.6637168141592921,38.0,0.6587888497630633,3,default,gbdt
3,0.15,random,0.8275418275418276,0.5921787709497207,0.24367816091954023,0.18435754189944134,11653,0.19231099287737063,307,47,26,21,0.5531914893617021,0.6482084690553745,26.0,0.6710139905617224,3,default,gbdt
4,0.15,random,0.8336933045356372,0.686046511627907,0.22433460076045628,0.37209302325581395,13887,0.1888816879095557,314,48,38,10,0.7916666666666666,0.6273885350318471,38.0,0.6894922071025494,3,default,gbdt
5,0.15,random,0.8349363946633571,0.6875,0.23442622950819672,0.375,16112,0.1875,324,49,37,12,0.7551020408163265,0.6975308641975309,37.0,0.6707828865893799,3,default,gbdt
6,0.15,random,0.8312431842966194,0.6169154228855721,0.18618618618618618,0.23383084577114427,18338,0.18409859308539644,323,49,30,19,0.6122448979591837,0.6780185758513931,30.0,0.6806397128731457,3,default,gbdt
7,0.15,random,0.8351568198395332,0.665158371040724,0.19573901464713714,0.33031674208144796,20563,0.18197733793707144,324,49,34,15,0.6938775510204082,0.6666666666666666,34.0,0.700718745803033,3,default,gbdt
8,0.15,random,0.8312513697129081,0.6422018348623854,0.16826923076923078,0.28440366972477066,22815,0.18075827306596537,292,44,32,12,0.7272727272727273,0.660958904109589,32.0,0.6521632415927918,3,default,gbdt
9,0.15,random,0.8335329341317366,0.6626016260162602,0.17833698030634573,0.3252032520325203,25046,0.17911043679629482,317,48,31,17,0.6458333333333334,0.6529968454258676,31.0,0.7000378093051319,3,default,gbdt
10,0.15,random,0.8291521699322468,0.6215139442231076,0.15694164989939638,0.24302788844621515,27303,0.1779657913049848,286,43,29,14,0.6744186046511628,0.6573426573426573,29.0,0.7098128118501879,3,default,gbdt
0,0.15,random,0.829,0.6923076923076923,0.4072398190045249,0.38461538461538464,5000,0.2196,0,0,0,0,0.0,0.0,0.0,0.0,4,default,gbdt
1,0.15,random,0.8200692041522492,0.625,0.30405405405405406,0.25,7222,0.205621711437275,328,50,32,18,0.64,0.6798780487804879,32.0,0.6684227477444851,4,default,gbdt
2,0.15,random,0.8257415254237288,0.7051282051282052,0.27989821882951654,0.41025641025641024,9440,0.19565677966101694,332,50,34,16,0.68,0.641566265060241,34.0,0.6656597809548697,4,default,gbdt
3,0.15,random,0.8277185501066098,0.6271186440677966,0.24721603563474387,0.2542372881355932,11723,0.19210099803804487,256,39,26,13,0.6666666666666666,0.71875,26.0,0.6829682351757589,4,default,gbdt
4,0.15,random,0.8179863848083124,0.59375,0.20955882352941177,0.1875,13951,0.1870116837502688,321,49,28,21,0.5714285714285714,0.6355140186915887,28.0,0.6880777175067844,4,default,gbdt
5,0.15,random,0.8290571870170016,0.6386138613861386,0.21182266009852216,0.27722772277227725,16175,0.18466769706336938,325,49,32,17,0.6530612244897959,0.6523076923076923,32.0,0.6921154355528477,4,default,gbdt
6,0.15,random,0.8363192182410424,0.6150234741784038,0.200920245398773,0.2300469483568075,18419,0.1823660350724795,302,46,33,13,0.717391304347826,0.6192052980132451,33.0,0.6915623368363522,4,default,gbdt
7,0.15,random,0.8271604938271605,0.6181818181818182,0.17754569190600522,0.23636363636363636,20651,0.18076606459735606,316,48,30,18,0.625,0.6234177215189873,30.0,0.6693717020942064,4,default,gbdt
8,0.15,random,0.8299825174825175,0.6502242152466368,0.17159763313609466,0.3004484304932735,22877,0.1805743760108406,323,49,27,22,0.5510204081632653,0.6904024767801857,27.0,0.6729718153663945,4,default,gbdt
9,0.15,random,0.8268045337045138,0.6340425531914894,0.15952890792291222,0.2680851063829787,25141,0.18050196889542977,278,42,28,14,0.6666666666666666,0.5971223021582733,28.0,0.6977795182014545,4,default,gbdt
10,0.15,random,0.8298649142022636,0.6666666666666666,0.16535433070866143,0.3333333333333333,27388,0.17938513217467503,298,45,30,15,0.6666666666666666,0.7181208053691275,30.0,0.6840165162645673,4,default,gbdt
0,0.2,random,0.823,0.680327868852459,0.3755656108597285,0.36065573770491804,5000,0.2226,0,0,0,0,0.0,0.0,0.0,0.0,0,default,gbdt
1,0.2,random,0.8367768595041323,0.6956521739130435,0.32989690721649484,0.391304347826087,7256,0.20452039691289967,306,62,40,22,0.6451612903225806,0.6535947712418301,40.0,0.7032624538929122,0,default,gbdt
2,0.2,random,0.8289611752360966,0.6706586826347305,0.2924281984334204,0.3413173652694611,9529,0.19981110294889284,284,57,39,18,0.6842105263157895,0.6830985915492958,39.0,0.6784214174849341,0,default,gbdt
3,0.2,random,0.8330501274426508,0.6776315789473685,0.23042505592841164,0.35526315789473684,11770,0.1933729821580289,324,65,45,20,0.6923076923076923,0.6512345679012346,45.0,0.6850116754785107,0,default,gbdt
4,0.2,random,0.825668449197861,0.6629834254143646,0.21897810218978103,0.3259668508287293,14024,0.19252709640616086,308,62,43,19,0.6935483870967742,0.6590909090909091,43.0,0.6794115748054297,0,default,gbdt
5,0.2,random,0.827046918123275,0.6387434554973822,0.19773095623987033,0.2774869109947644,16304,0.1889720314033366,276,56,33,23,0.5892857142857143,0.6811594202898551,33.0,0.6894462776786195,0,default,gbdt
6,0.2,random,0.8279483037156704,0.663594470046083,0.2028169014084507,0.3271889400921659,18569,0.18606279282675428,294,59,39,20,0.6610169491525424,0.673469387755102,39.0,0.6838786594893933,0,default,gbdt
7,0.2,random,0.8260139188864891,0.5844155844155844,0.17670157068062828,0.16883116883116883,20832,0.18442780337941628,297,60,45,15,0.75,0.6835016835016835,45.0,0.7064847171114097,0,default,gbdt
8,0.2,random,0.8288619645175249,0.6297872340425532,0.17370892018779344,0.25957446808510637,23108,0.18352951358836767,281,57,37,20,0.6491228070175439,0.693950177935943,37.0,0.6737033495698778,0,default,gbdt
9,0.2,random,0.8252465483234714,0.6356275303643725,0.16474291710388247,0.27125506072874495,25349,0.1828080003155943,324,65,43,22,0.6615384615384615,0.6481481481481481,43.0,0.7145341957688809,0,default,gbdt
10,0.2,random,0.831733381633762,0.6231884057971014,0.17251755265797392,0.2463768115942029,27602,0.1821607129918122,309,62,43,19,0.6935483870967742,0.6893203883495146,43.0,0.6839237652038473,0,default,gbdt
0,0.2,random,0.801,0.5899280575539568,0.36607142857142855,0.17985611510791366,5000,0.2286,0,0,0,0,0.0,0.0,0.0,0.0,1,default,gbdt
1,0.2,random,0.8012422360248447,0.624113475177305,0.2724458204334365,0.24822695035460993,7243,0.21317133784343503,322,65,45,20,0.6923076923076923,0.6708074534161491,45.0,0.6856075032511006,1,default,gbdt
2,0.2,random,0.822538177988415,0.68,0.2608695652173913,0.36,9494,0.20160101116494628,312,63,41,22,0.6507936507936508,0.6538461538461539,41.0,0.6857806834543375,1,default,gbdt
3,0.2,random,0.8249043773905652,0.6358974358974359,0.26666666666666666,0.2717948717948718,11762,0.19511987757184152,291,59,42,17,0.711864406779661,0.6666666666666666,42.0,0.6695844092835638,1,default,gbdt
4,0.2,random,0.8203208556149733,0.6303317535545023,0.23792486583184258,0.26066350710900477,14025,0.1893048128342246,297,60,39,21,0.65,0.6666666666666666,39.0,0.6911840166382389,1,default,gbdt
5,0.2,random,0.8268345102855389,0.5990783410138248,0.214168039538715,0.19815668202764977,16281,0.18653645353479517,305,61,40,21,0.6557377049180327,0.6950819672131148,40.0,0.6832349324120479,1,default,gbdt
6,0.2,random,0.8263214670981661,0.6401673640167364,0.21518987341772153,0.2803347280334728,18537,0.18465771160381939,306,62,40,22,0.6451612903225806,0.6503267973856209,40.0,0.672326255622147,1,default,gbdt
7,0.2,random,0.8307655272026961,0.6622222222222223,0.19201030927835053,0.3244444444444444,20768,0.18398497688751925,337,68,48,20,0.7058823529411765,0.6735905044510386,48.0,0.6844282412145847,1,default,gbdt
8,0.2,random,0.8317046688382194,0.6176470588235294,0.20023837902264602,0.23529411764705882,23021,0.1831805742582859,309,62,41,21,0.6612903225806451,0.656957928802589,41.0,0.6875130961880772,1,default,gbdt
9,0.2,random,0.8272044286279162,0.6277372262773723,0.18220338983050846,0.25547445255474455,25288,0.1828930718127175,292,59,39,20,0.6610169491525424,0.6917808219178082,39.0,0.6752966836971341,1,default,gbdt
10,0.2,random,0.8353603194772191,0.6228373702422145,0.18404907975460122,0.24567474048442905,27542,0.18143199477162153,308,62,42,20,0.6774193548387096,0.6525974025974026,42.0,0.6829847596690521,1,default,gbdt
0,0.2,random,0.826,0.6614173228346457,0.39069767441860465,0.3228346456692913,5000,0.2188,0,0,0,0,0.0,0.0,0.0,0.0,2,default,gbdt
1,0.2,random,0.8202479338842975,0.5769230769230769,0.2669039145907473,0.15384615384615385,7257,0.20724817417665703,304,61,42,19,0.6885245901639344,0.6842105263157895,42.0,0.7225435825014557,2,default,gbdt
2,0.2,random,0.8267716535433071,0.72,0.2727272727272727,0.44,9521,0.196407940342401,295,59,42,17,0.711864406779661,0.6338983050847458,42.0,0.6987383957314347,2,default,gbdt
3,0.2,random,0.8237043330501275,0.6722222222222223,0.25366876310272535,0.34444444444444444,11770,0.19320305862361936,314,63,46,17,0.7301587301587301,0.7261146496815286,46.0,0.6981404929778918,2,default,gbdt
4,0.2,random,0.83071988595866,0.7257142857142858,0.2292418772563177,0.4514285714285714,14026,0.1909311279053187,306,62,44,18,0.7096774193548387,0.6830065359477124,44.0,0.7060878575154204,2,default,gbdt
5,0.2,random,0.8364528996624732,0.6826923076923077,0.23316912972085385,0.36538461538461536,16293,0.18701282759467255,292,59,41,18,0.6949152542372882,0.6472602739726028,41.0,0.6939959492725213,2,default,gbdt
6,0.2,random,0.8359816859682198,0.6412556053811659,0.21279761904761904,0.2825112107623318,18561,0.18581972954043424,290,58,38,20,0.6551724137931034,0.6724137931034483,38.0,0.6818240042711146,2,default,gbdt
7,0.2,random,0.8358567652006729,0.6653061224489796,0.21335078534031413,0.3306122448979592,20801,0.18388539012547472,325,65,41,24,0.6307692307692307,0.6492307692307693,41.0,0.6972765509352269,2,default,gbdt
8,0.2,random,0.8353936239427456,0.640495867768595,0.18742442563482467,0.2809917355371901,23053,0.18357697479720644,311,63,45,18,0.7142857142857143,0.6655948553054662,45.0,0.6882747915196648,2,default,gbdt
9,0.2,random,0.8333991314646664,0.6652719665271967,0.1722643553629469,0.3305439330543933,25328,0.18339387239418825,282,57,38,19,0.6666666666666666,0.7092198581560284,38.0,0.67875235334134,2,default,gbdt
10,0.2,random,0.8293478260869566,0.631578947368421,0.16600790513833993,0.2631578947368421,27599,0.18247037936157107,287,58,41,17,0.7068965517241379,0.6411149825783972,41.0,0.7007723795997848,2,default,gbdt
0,0.2,random,0.813,0.5470085470085471,0.32323232323232326,0.09401709401709402,5000,0.211,0,0,0,0,0.0,0.0,0.0,0.0,3,default,gbdt
1,0.2,random,0.8344875346260388,0.6774193548387096,0.2968197879858657,0.3548387096774194,7219,0.2014129380800665,352,71,51,20,0.7183098591549296,0.6789772727272727,51.0,0.6631079263986459,3,default,gbdt
2,0.2,random,0.8317460317460318,0.6878980891719745,0.2864721485411141,0.37579617834394907,9448,0.19506773920406434,339,68,50,18,0.7352941176470589,0.6843657817109144,50.0,0.6787939625150865,3,default,gbdt
3,0.2,random,0.8256410256410256,0.592391304347826,0.24660633484162897,0.18478260869565216,11699,0.19429011026583468,312,63,41,22,0.6507936507936508,0.6442307692307693,41.0,0.6483633104872947,3,default,gbdt
4,0.2,random,0.8297491039426523,0.6684491978609626,0.23234200743494424,0.33689839572192515,13949,0.19055129399956985,313,63,42,21,0.6666666666666666,0.6325878594249201,42.0,0.7115977926339089,3,default,gbdt
5,0.2,random,0.8410003087372646,0.6730769230769231,0.23850085178875638,0.34615384615384615,16192,0.1891674901185771,322,65,48,17,0.7384615384615385,0.7142857142857143,48.0,0.6774294034035953,3,default,gbdt
6,0.2,random,0.832520325203252,0.6150442477876106,0.20746268656716418,0.23008849557522124,18448,0.18647007805724197,305,61,44,17,0.7213114754098361,0.6918032786885245,44.0,0.6762055072686342,3,default,gbdt
7,0.2,random,0.8459864603481625,0.6981981981981982,0.21379310344827587,0.3963963963963964,20677,0.18411761861004983,339,68,47,21,0.6911764705882353,0.672566371681416,47.0,0.6744033361488694,3,default,gbdt
8,0.2,random,0.8403397952515792,0.6506550218340611,0.185785536159601,0.30131004366812225,22951,0.1829985621541545,283,57,38,19,0.6666666666666666,0.6643109540636042,38.0,0.6532660493708566,3,default,gbdt
9,0.2,random,0.8376984126984127,0.6245210727969349,0.18459796149490373,0.24904214559386972,25198,0.1816017144217795,317,64,41,23,0.640625,0.6403785488958991,41.0,0.6935974122683197,3,default,gbdt
10,0.2,random,0.8360029122679287,0.6007067137809188,0.17745302713987474,0.20141342756183744,27466,0.18051409014781913,291,59,39,20,0.6610169491525424,0.6494845360824743,39.0,0.6750877649623236,3,default,gbdt
0,0.2,random,0.829,0.6923076923076923,0.4072398190045249,0.38461538461538464,5000,0.2196,0,0,0,0,0.0,0.0,0.0,0.0,4,default,gbdt
1,0.2,random,0.8238950276243094,0.6216216216216216,0.3161512027491409,0.24324324324324326,7238,0.2073777286543244,328,66,48,18,0.7272727272727273,0.6798780487804879,48.0,0.6714577641658668,4,default,gbdt
2,0.2,random,0.8179419525065963,0.6352941176470588,0.27621483375959077,0.27058823529411763,9473,0.19824765121925472,332,67,42,25,0.6268656716417911,0.6204819277108434,42.0,0.6892189912872462,4,default,gbdt
3,0.2,random,0.8263090676883781,0.6432160804020101,0.2752688172043011,0.2864321608040201,11745,0.194125159642401,286,58,38,20,0.6551724137931034,0.6958041958041958,38.0,0.6709361156640588,4,default,gbdt
4,0.2,random,0.8348230246692885,0.6794258373205742,0.2644320297951583,0.3588516746411483,13985,0.18927422238112263,325,65,40,25,0.6153846153846154,0.6338461538461538,40.0,0.6766014616280439,4,default,gbdt
5,0.2,random,0.8274799753542822,0.6428571428571429,0.23076923076923078,0.2857142857142857,16229,0.18731899685747735,321,65,45,20,0.6923076923076923,0.6542056074766355,45.0,0.6717436671173306,4,default,gbdt
6,0.2,random,0.8291891891891892,0.7050691244239631,0.21220527045769763,0.41013824884792627,18498,0.1846686128230079,289,58,36,22,0.6206896551724138,0.643598615916955,36.0,0.7196197563485773,4,default,gbdt
7,0.2,random,0.8263069139966274,0.6270491803278688,0.19540229885057472,0.2540983606557377,20754,0.18304905078539077,306,62,35,27,0.5645161290322581,0.630718954248366,35.0,0.6817944465699962,4,default,gbdt
8,0.2,random,0.8369919582699413,0.6753731343283582,0.21445497630331753,0.35074626865671643,23001,0.18329637841832963,317,64,47,17,0.734375,0.7066246056782335,47.0,0.6744747224831915,4,default,gbdt
9,0.2,random,0.8299050632911392,0.6590909090909091,0.1843220338983051,0.3181818181818182,25280,0.1831882911392405,277,56,33,23,0.5892857142857143,0.5884476534296029,33.0,0.6871570710646921,4,default,gbdt
10,0.2,random,0.8326071169208424,0.6350877192982456,0.18118118118118118,0.27017543859649124,27539,0.18232325066269653,302,61,46,15,0.7540983606557377,0.7119205298013245,46.0,0.6744374858896618,4,default,gbdt
0,0.3,random,0.823,0.680327868852459,0.3755656108597285,0.36065573770491804,5000,0.2226,0,0,0,0,0.0,0.0,0.0,0.0,0,default,gbdt
1,0.3,random,0.8381344307270233,0.7086614173228346,0.31141868512110726,0.41732283464566927,7286,0.20601152895964864,306,92,57,35,0.6195652173913043,0.6535947712418301,57.0,0.6949716868579157,0,default,gbdt
2,0.3,random,0.8322916666666667,0.6558441558441559,0.27297297297297296,0.3116883116883117,9597,0.2028758987183495,270,81,55,26,0.6790123456790124,0.6814814814814815,55.0,0.692944520584063,0,default,gbdt
3,0.3,random,0.8232323232323232,0.7359550561797753,0.25992063492063494,0.47191011235955055,11880,0.19722222222222222,311,94,62,32,0.6595744680851063,0.6559485530546624,62.0,0.6868290650831129,0,default,gbdt
4,0.3,random,0.8204585537918871,0.6995073891625616,0.24067796610169492,0.39901477832512317,14171,0.19624585420930069,299,90,59,31,0.6555555555555556,0.68561872909699,59.0,0.6650969716212989,0,default,gbdt
5,0.3,random,0.822067293119127,0.6697674418604651,0.21818181818181817,0.3395348837209302,16491,0.19349948456733976,258,78,54,24,0.6923076923076923,0.6976744186046512,54.0,0.6765023590165153,0,default,gbdt
6,0.3,random,0.8268617021276595,0.660377358490566,0.23777173913043478,0.32075471698113206,18798,0.19108415788913713,277,84,58,26,0.6904761904761905,0.6859205776173285,58.0,0.6798426152645325,0,default,gbdt
7,0.3,random,0.8249525616698292,0.6356589147286822,0.20297029702970298,0.2713178294573643,21079,0.18876607049670288,314,95,55,40,0.5789473684210527,0.678343949044586,55.0,0.6855008240953487,0,default,gbdt
8,0.3,random,0.8321573658327988,0.69,0.23025583982202447,0.38,23385,0.18858242463117383,278,84,63,21,0.75,0.6798561151079137,63.0,0.688342747142035,0,default,gbdt
9,0.3,random,0.8266458901441371,0.6151419558359621,0.20249221183800623,0.2302839116719243,25668,0.1880551659654044,311,94,60,34,0.6382978723404256,0.6527331189710611,60.0,0.6822319394801135,0,default,gbdt
10,0.3,random,0.8261491683062064,0.6807228915662651,0.20695970695970695,0.3614457831325301,27953,0.18756484098307874,308,93,70,23,0.7526881720430108,0.7077922077922078,70.0,0.684386984102986,0,default,gbdt
0,0.3,random,0.801,0.5899280575539568,0.36607142857142855,0.17985611510791366,5000,0.2286,0,0,0,0,0.0,0.0,0.0,0.0,1,default,gbdt
1,0.3,random,0.8123711340206186,0.697841726618705,0.29573170731707316,0.39568345323741005,7275,0.2149828178694158,322,97,65,32,0.6701030927835051,0.6708074534161491,65.0,0.6651339882252009,1,default,gbdt
2,0.3,random,0.8248823836905385,0.6686390532544378,0.288265306122449,0.33727810650887574,9563,0.20537488235909235,304,92,67,25,0.7282608695652174,0.6578947368421053,67.0,0.6789788728575238,1,default,gbdt
3,0.3,random,0.8197135636057288,0.6372549019607843,0.26859504132231404,0.27450980392156865,11867,0.19903935282716778,280,84,56,28,0.6666666666666666,0.6821428571428572,56.0,0.6656258626158458,1,default,gbdt
4,0.3,random,0.8252118644067796,0.6153846153846154,0.2490842490842491,0.23076923076923078,14157,0.19347319347319347,301,91,61,30,0.6703296703296703,0.6744186046511628,61.0,0.6816146163558248,1,default,gbdt
5,0.3,random,0.827355623100304,0.6086956521739131,0.267515923566879,0.21739130434782608,16448,0.19133025291828792,299,90,67,23,0.7444444444444445,0.7123745819397993,67.0,0.6813027320204436,1,default,gbdt
6,0.3,random,0.8336892685531233,0.6403162055335968,0.2334293948126801,0.28063241106719367,18727,0.18945906979227853,317,96,62,34,0.6458333333333334,0.6498422712933754,62.0,0.6823447031990314,1,default,gbdt
7,0.3,random,0.8315864697474988,0.6379928315412187,0.22704081632653061,0.27598566308243727,20986,0.18893548079672162,345,104,73,31,0.7019230769230769,0.6753623188405797,73.0,0.6817189883399392,1,default,gbdt
8,0.3,random,0.8235167669819432,0.6215277777777778,0.20089786756453423,0.24305555555555555,23260,0.18852106620808254,324,98,70,28,0.7142857142857143,0.6419753086419753,70.0,0.6853246629519479,1,default,gbdt
9,0.3,random,0.8353217289262663,0.6463414634146342,0.2260127931769723,0.2926829268292683,25562,0.1884437837414913,283,85,60,25,0.7058823529411765,0.7031802120141343,60.0,0.6933184079637369,1,default,gbdt
10,0.3,random,0.8356976117794936,0.6286472148541115,0.2341897233201581,0.2572944297082228,27843,0.18672556836547785,313,94,55,39,0.5851063829787234,0.6517571884984026,55.0,0.6814933961791351,1,default,gbdt
0,0.3,random,0.826,0.6614173228346457,0.39069767441860465,0.3228346456692913,5000,0.2188,0,0,0,0,0.0,0.0,0.0,0.0,2,default,gbdt
1,0.3,random,0.8120713305898491,0.5511811023622047,0.24390243902439024,0.10236220472440945,7288,0.20911086717892427,304,92,62,30,0.6739130434782609,0.6842105263157895,62.0,0.7278788151330182,2,default,gbdt
2,0.3,random,0.8305526590198123,0.7482517482517482,0.2702020202020202,0.4965034965034965,9589,0.19970799874856607,285,86,63,23,0.7325581395348837,0.6421052631578947,63.0,0.7076633149813524,2,default,gbdt
3,0.3,random,0.8302443133951137,0.6858638743455497,0.27637130801687765,0.3717277486910995,11870,0.19721988205560237,313,94,65,29,0.6914893617021277,0.7188498402555911,65.0,0.6879381500843281,2,default,gbdt
4,0.3,random,0.8166725538678912,0.6424870466321243,0.21602787456445993,0.2849740932642487,14153,0.19564756588709106,311,94,69,25,0.7340425531914894,0.6752411575562701,69.0,0.7014892655442024,2,default,gbdt
5,0.3,random,0.8282674772036475,0.6973684210526315,0.24274809160305344,0.39473684210526316,16446,0.19153593578985773,297,90,56,34,0.6222222222222222,0.6464646464646465,56.0,0.697724392361646,2,default,gbdt
6,0.3,random,0.8293788323113837,0.6749116607773852,0.2584573748308525,0.3498233215547703,18755,0.1905091975473207,274,83,51,32,0.6144578313253012,0.6824817518248175,51.0,0.6890028054333864,2,default,gbdt
7,0.3,random,0.8305608365019012,0.6796875,0.21614906832298136,0.359375,21037,0.18919047392689073,312,94,63,31,0.6702127659574468,0.6474358974358975,63.0,0.6908603582271656,2,default,gbdt
8,0.3,random,0.8308319039451115,0.6468401486988847,0.20046082949308755,0.2936802973977695,23319,0.1889017539345598,312,94,59,35,0.6276595744680851,0.6506410256410257,59.0,0.679194852348357,2,default,gbdt
9,0.3,random,0.8294966835739368,0.6632302405498282,0.19917440660474717,0.32646048109965636,25628,0.18912907757140626,273,82,65,17,0.7926829268292683,0.7252747252747253,65.0,0.6990134712601342,2,default,gbdt
10,0.3,random,0.8272466881489438,0.6222910216718266,0.1925287356321839,0.24458204334365324,27929,0.18790504493537183,285,86,53,33,0.6162790697674418,0.6526315789473685,53.0,0.6864105917493254,2,default,gbdt
0,0.3,random,0.813,0.5470085470085471,0.32323232323232326,0.09401709401709402,5000,0.211,0,0,0,0,0.0,0.0,0.0,0.0,3,default,gbdt
1,0.3,random,0.8235699517574087,0.6689655172413793,0.3180327868852459,0.33793103448275863,7254,0.20333609043286463,352,106,72,34,0.6792452830188679,0.6789772727272727,72.0,0.6748105650367304,3,default,gbdt
2,0.3,random,0.8320209973753281,0.6404494382022472,0.3081081081081081,0.2808988764044944,9525,0.19874015748031496,328,99,68,31,0.6868686868686869,0.6737804878048781,68.0,0.6587262969816376,3,default,gbdt
3,0.3,random,0.8378492802709568,0.625,0.2988505747126437,0.25,11806,0.19837370828392342,313,94,61,33,0.648936170212766,0.645367412140575,61.0,0.6728814238011525,3,default,gbdt
4,0.3,random,0.8275984391628237,0.7277486910994765,0.2425828970331588,0.45549738219895286,14092,0.1959267669599773,307,93,70,23,0.7526881720430108,0.6254071661237784,70.0,0.6960088627663774,3,default,gbdt
5,0.3,random,0.8326717557251908,0.6804979253112033,0.25826771653543307,0.36099585062240663,16374,0.19537070966165873,312,94,75,19,0.7978723404255319,0.717948717948718,75.0,0.6823722096512871,3,default,gbdt
6,0.3,random,0.8317256162915327,0.6022304832713755,0.23718887262079064,0.20446096654275092,18656,0.1928066037735849,312,94,65,29,0.6914893617021277,0.6762820512820513,65.0,0.6887753614506485,3,default,gbdt
7,0.3,random,0.8437649307214524,0.7169117647058824,0.25259067357512954,0.4338235294117647,20926,0.19081525375131417,329,99,67,32,0.6767676767676768,0.6656534954407295,67.0,0.7270841863551553,3,default,gbdt
8,0.3,random,0.8357373519913885,0.6573426573426573,0.22039859320046892,0.3146853146853147,23223,0.189553459931964,290,87,58,29,0.6666666666666666,0.6620689655172414,58.0,0.6857988303970902,3,default,gbdt
9,0.3,random,0.8270927269162909,0.6322188449848024,0.21465428276573786,0.26443768996960487,25504,0.18816656210790464,313,94,62,32,0.6595744680851063,0.6485623003194888,62.0,0.6929234726358631,3,default,gbdt
10,0.3,random,0.8255395683453237,0.6545961002785515,0.21739130434782608,0.30919220055710306,27798,0.18670407943017484,295,89,54,35,0.6067415730337079,0.6610169491525424,54.0,0.6804133187131758,3,default,gbdt
0,0.3,random,0.829,0.6923076923076923,0.4072398190045249,0.38461538461538464,5000,0.2196,0,0,0,0,0.0,0.0,0.0,0.0,4,default,gbdt
1,0.3,random,0.8261168384879725,0.6809815950920245,0.3557692307692308,0.3619631901840491,7271,0.20904964929170677,328,99,67,32,0.6767676767676768,0.6798780487804879,67.0,0.6735651554857425,4,default,gbdt
2,0.3,random,0.8402304871660555,0.6685714285714286,0.32142857142857145,0.33714285714285713,9545,0.20115243583027764,323,97,60,37,0.6185567010309279,0.6222910216718266,60.0,0.6809953551217284,4,default,gbdt
3,0.3,random,0.8219409282700422,0.6031746031746031,0.2472885032537961,0.20634920634920634,11846,0.1982947830491305,285,86,66,20,0.7674418604651163,0.7017543859649122,66.0,0.6787882871734018,4,default,gbdt
4,0.3,random,0.8296138859369465,0.6375,0.2797074954296161,0.275,14113,0.19421809679019345,333,100,68,32,0.68,0.6276276276276276,68.0,0.6820656962718091,4,default,gbdt
5,0.3,random,0.8342996643271284,0.6746031746031746,0.2694136291600634,0.3492063492063492,16383,0.19227247756821095,329,99,67,32,0.6767676767676768,0.6565349544072948,67.0,0.7001428094554257,4,default,gbdt
6,0.3,random,0.8283342260310659,0.6509803921568628,0.23119777158774374,0.30196078431372547,18669,0.189779848947453,306,92,59,33,0.6413043478260869,0.6274509803921569,59.0,0.6742048218805866,4,default,gbdt
7,0.3,random,0.833691243140062,0.6441947565543071,0.2222222222222222,0.2883895131086142,20951,0.18805784926733807,312,94,55,39,0.5851063829787234,0.6378205128205128,55.0,0.6716011624875583,4,default,gbdt
8,0.3,random,0.8271631510977184,0.6262626262626263,0.21184510250569477,0.25252525252525254,23226,0.18806509945750452,322,97,61,36,0.6288659793814433,0.7049689440993789,61.0,0.6868556246485504,4,default,gbdt
9,0.3,random,0.8369905956112853,0.6477987421383647,0.2224622030237581,0.29559748427672955,25520,0.18761755485893417,295,89,52,37,0.5842696629213483,0.6,52.0,0.6778583646060328,4,default,gbdt
10,0.3,random,0.833153541891406,0.6341463414634146,0.2047244094488189,0.2682926829268293,27810,0.18669543329737504,300,90,60,30,0.6666666666666666,0.7166666666666667,60.0,0.6743623908822214,4,default,gbdt
0,0.5,random,0.823,0.680327868852459,0.3755656108597285,0.36065573770491804,5000,0.2226,0,0,0,0,0.0,0.0,0.0,0.0,0,default,gbdt
1,0.5,random,0.8387755102040816,0.6474358974358975,0.3568904593639576,0.2948717948717949,7347,0.20974547434326937,306,153,97,56,0.6339869281045751,0.6535947712418301,97.0,0.6907983017387546,0,default,gbdt
2,0.5,random,0.8304997424008244,0.6855670103092784,0.3316708229426434,0.3711340206185567,9703,0.20828609708337628,288,144,103,41,0.7152777777777778,0.6875,103.0,0.6772329300849841,0,default,gbdt
3,0.5,random,0.8186721991701245,0.7014925373134329,0.2722007722007722,0.40298507462686567,12049,0.20358535978089468,308,154,96,58,0.6233766233766234,0.6558441558441559,96.0,0.6885321916308181,0,default,gbdt
4,0.5,random,0.8204861111111111,0.6867924528301886,0.29545454545454547,0.37358490566037733,14397,0.20427866916718762,305,153,111,42,0.7254901960784313,0.6786885245901639,111.0,0.6851575380220826,0,default,gbdt
5,0.5,random,0.832388905457799,0.705685618729097,0.30802919708029197,0.411371237458194,16761,0.2018972614999105,272,136,92,44,0.6764705882352942,0.6801470588235294,92.0,0.6741241056541578,0,default,gbdt
6,0.5,random,0.8236986659691342,0.6776315789473685,0.26342710997442453,0.35526315789473684,19114,0.19964423982421262,294,147,99,48,0.673469387755102,0.6802721088435374,99.0,0.6781744012247553,0,default,gbdt
7,0.5,random,0.8217614165890028,0.6568047337278107,0.25487944890929964,0.3136094674556213,21457,0.19839679358717435,315,158,106,52,0.6708860759493671,0.6666666666666666,106.0,0.6806498402829955,0,default,gbdt
8,0.5,random,0.8247271200671704,0.6684073107049608,0.26556016597510373,0.3368146214099217,23820,0.19798488664987404,274,137,91,46,0.6642335766423357,0.6897810218978102,91.0,0.6860168643262489,0,default,gbdt
9,0.5,random,0.8251146788990825,0.6632390745501285,0.2476007677543186,0.3264781491002571,26160,0.19789755351681956,321,161,107,54,0.6645962732919255,0.6417445482866043,107.0,0.6859516152499797,0,default,gbdt
10,0.5,random,0.8254385964912281,0.6855791962174941,0.2517361111111111,0.37115839243498816,28499,0.19765605810730202,322,161,113,48,0.7018633540372671,0.6863354037267081,113.0,0.6779233645483594,0,default,gbdt
0,0.5,random,0.801,0.5899280575539568,0.36607142857142855,0.17985611510791366,5000,0.2286,0,0,0,0,0.0,0.0,0.0,0.0,1,default,gbdt
1,0.5,random,0.7922343324250681,0.660377358490566,0.2949438202247191,0.32075471698113206,7339,0.21842212835536176,322,161,104,57,0.6459627329192547,0.6708074534161491,104.0,0.6683680392713773,1,default,gbdt
2,0.5,random,0.8215575038679732,0.6609195402298851,0.2860696517412935,0.3218390804597701,9695,0.21041774110366168,289,145,95,50,0.6551724137931034,0.6608996539792388,95.0,0.6939163263989188,1,default,gbdt
3,0.5,random,0.8134328358208955,0.6818181818181818,0.2830188679245283,0.36363636363636365,12056,0.20537491705374916,279,140,95,45,0.6785714285714286,0.6881720430107527,95.0,0.6753020042635338,1,default,gbdt
4,0.5,random,0.8230395558639834,0.6425855513307985,0.28888888888888886,0.28517110266159695,14410,0.20097154753643304,293,147,99,48,0.673469387755102,0.6757679180887372,99.0,0.6822938991614527,1,default,gbdt
5,0.5,random,0.8308977035490606,0.65,0.2968036529680365,0.3,16762,0.19937954897983534,296,148,100,48,0.6756756756756757,0.7027027027027027,100.0,0.6718539174640152,1,default,gbdt
6,0.5,random,0.8274058577405857,0.6565349544072948,0.28309305373525556,0.3130699088145897,19118,0.19829480071137148,288,144,97,47,0.6736111111111112,0.6701388888888888,97.0,0.6671185778516713,1,default,gbdt
7,0.5,random,0.8268468888371009,0.6867816091954023,0.27376861397479957,0.3735632183908046,21453,0.19848039901179323,330,165,113,52,0.6848484848484848,0.6757575757575758,113.0,0.6841723932783109,1,default,gbdt
8,0.5,random,0.8300777147658055,0.6674937965260546,0.2849576271186441,0.3349875930521092,23801,0.19835301037771522,305,153,100,53,0.6535947712418301,0.639344262295082,100.0,0.6829109407352271,1,default,gbdt
9,0.5,random,0.8371870819797439,0.6526806526806527,0.28484231943031535,0.30536130536130535,26163,0.19863929977449069,276,138,99,39,0.717391304347826,0.7028985507246377,99.0,0.682994692344452,1,default,gbdt
10,0.5,random,0.8293581199579095,0.6325167037861915,0.2600732600732601,0.2650334075723831,28510,0.19726411785338477,307,154,95,59,0.6168831168831169,0.6482084690553745,95.0,0.6789453372393233,1,default,gbdt
0,0.5,random,0.826,0.6614173228346457,0.39069767441860465,0.3228346456692913,5000,0.2188,0,0,0,0,0.0,0.0,0.0,0.0,2,default,gbdt
1,0.5,random,0.8258503401360544,0.6370370370370371,0.2935153583617747,0.2740740740740741,7348,0.21271094175285793,304,152,101,51,0.6644736842105263,0.6842105263157895,101.0,0.7110262373163854,2,default,gbdt
2,0.5,random,0.833676622039135,0.696969696969697,0.2963917525773196,0.3939393939393939,9710,0.20463439752832133,277,139,94,45,0.6762589928057554,0.6534296028880866,94.0,0.6909759136515655,2,default,gbdt
3,0.5,random,0.833264205723766,0.7130044843049327,0.3199195171026157,0.4260089686098655,12053,0.20384966398407037,314,157,109,48,0.6942675159235668,0.7165605095541401,109.0,0.6865626848647532,2,default,gbdt
4,0.5,random,0.8333333333333334,0.7350427350427351,0.29152542372881357,0.4700854700854701,14398,0.20301430754271427,311,156,114,42,0.7307692307692307,0.6977491961414791,114.0,0.6830189857329508,2,default,gbdt
5,0.5,random,0.8266189197254551,0.6964980544747081,0.2624633431085044,0.39299610894941633,16755,0.19934347955834078,286,143,85,58,0.5944055944055944,0.6468531468531469,85.0,0.683343861280779,2,default,gbdt
6,0.5,random,0.8229602510460251,0.6719242902208202,0.27099236641221375,0.3438485804416404,19119,0.19885977300067995,273,137,85,52,0.6204379562043796,0.6666666666666666,85.0,0.6788507166292925,2,default,gbdt
7,0.5,random,0.8360503027480205,0.658753709198813,0.27373612823674476,0.31750741839762614,21466,0.19789434454486163,306,153,105,48,0.6862745098039216,0.6699346405228758,105.0,0.6752885493699592,2,default,gbdt
8,0.5,random,0.8288893554482469,0.6946107784431138,0.2455026455026455,0.38922155688622756,23814,0.19799277735785673,304,152,92,60,0.6052631578947368,0.6381578947368421,92.0,0.668048104071667,2,default,gbdt
9,0.5,random,0.8275730379988543,0.6407035175879398,0.2512315270935961,0.2814070351758794,26181,0.19857912226423743,266,133,98,35,0.7368421052631579,0.7105263157894737,98.0,0.6701395529570459,2,default,gbdt
10,0.5,random,0.8323405746320953,0.6754807692307693,0.2547597461468722,0.35096153846153844,28539,0.19779950243526404,285,143,96,47,0.6713286713286714,0.6456140350877193,96.0,0.6726457260396941,2,default,gbdt
0,0.5,random,0.813,0.5470085470085471,0.32323232323232326,0.09401709401709402,5000,0.211,0,0,0,0,0.0,0.0,0.0,0.0,3,default,gbdt
1,0.5,random,0.8286689419795222,0.65625,0.3488372093023256,0.3125,7324,0.20712725286728564,352,176,114,62,0.6477272727272727,0.6789772727272727,114.0,0.6794870480080605,3,default,gbdt
2,0.5,random,0.8265147591921285,0.6225490196078431,0.32987012987012987,0.24509803921568626,9655,0.2036250647332988,338,169,109,60,0.6449704142011834,0.6834319526627219,109.0,0.664114320985225,3,default,gbdt
3,0.5,random,0.8229904206580592,0.6652542372881356,0.3121272365805169,0.3305084745762712,12002,0.2045492417930345,306,153,95,58,0.6209150326797386,0.6405228758169934,95.0,0.6799400006333312,3,default,gbdt
4,0.5,random,0.8233449477351916,0.6458333333333334,0.268630849220104,0.2916666666666667,14350,0.20209059233449478,304,152,97,55,0.6381578947368421,0.6348684210526315,97.0,0.6722234415054712,3,default,gbdt
5,0.5,random,0.8238993710691824,0.6510791366906474,0.2693452380952381,0.302158273381295,16692,0.20219266714593817,316,158,111,47,0.7025316455696202,0.7056962025316456,111.0,0.675268041111765,3,default,gbdt
6,0.5,random,0.836922268907563,0.6806451612903226,0.2878581173260573,0.36129032258064514,19036,0.20040974994746796,312,156,112,44,0.717948717948718,0.6923076923076923,112.0,0.6814540984859809,3,default,gbdt
7,0.5,random,0.8330215154349859,0.680672268907563,0.28825622775800713,0.36134453781512604,21376,0.19928892215568864,320,160,112,48,0.7,0.671875,112.0,0.6783180663429154,3,default,gbdt
8,0.5,random,0.8327364651358753,0.6658097686375322,0.28060671722643554,0.33161953727506427,23732,0.1983819315691893,289,145,95,50,0.6551724137931034,0.657439446366782,95.0,0.6663294500473057,3,default,gbdt
9,0.5,random,0.8328220858895705,0.663594470046083,0.28402366863905326,0.3271889400921659,26078,0.19744612316895468,309,155,99,56,0.6387096774193548,0.6343042071197411,99.0,0.6866339822338873,3,default,gbdt
10,0.5,random,0.8336557059961315,0.6854663774403471,0.2829006266786034,0.37093275488069416,28434,0.1964901174650067,289,145,92,53,0.6344827586206897,0.643598615916955,92.0,0.6907728890221525,3,default,gbdt
0,0.5,random,0.829,0.6923076923076923,0.4072398190045249,0.38461538461538464,5000,0.2196,0,0,0,0,0.0,0.0,0.0,0.0,4,default,gbdt
1,0.5,random,0.8153950953678474,0.6374269005847953,0.34276729559748426,0.27485380116959063,7336,0.2136041439476554,328,164,114,50,0.6951219512195121,0.6798780487804879,114.0,0.6710382995777149,4,default,gbdt
2,0.5,random,0.8118863049095607,0.6597938144329897,0.3004694835680751,0.31958762886597936,9671,0.20721745424464896,331,166,102,64,0.6144578313253012,0.622356495468278,102.0,0.683365817157994,4,default,gbdt
3,0.5,random,0.8237738985868661,0.6375545851528385,0.2997946611909651,0.27510917030567683,12026,0.20547147846332944,290,145,106,39,0.7310344827586207,0.696551724137931,106.0,0.6651152999147975,4,default,gbdt
4,0.5,random,0.8302018093249826,0.6920289855072463,0.32154882154882153,0.38405797101449274,14369,0.2027280952049551,314,157,108,49,0.6878980891719745,0.6337579617834395,108.0,0.693558611689373,4,default,gbdt
5,0.5,random,0.8135288835677941,0.6456953642384106,0.2742616033755274,0.2913907284768212,16705,0.2011972463334331,328,164,103,61,0.6280487804878049,0.649390243902439,103.0,0.679397950746275,4,default,gbdt
6,0.5,random,0.8208289611752361,0.6310975609756098,0.26918075422626786,0.2621951219512195,19057,0.19892952720785012,297,149,96,53,0.6442953020134228,0.6464646464646465,96.0,0.6662958927020408,4,default,gbdt
7,0.5,random,0.8282308950689413,0.6485714285714286,0.27056019070321813,0.29714285714285715,21395,0.19794344473007713,325,163,107,56,0.656441717791411,0.6276923076923077,107.0,0.6808753368759887,4,default,gbdt
8,0.5,random,0.8362831858407079,0.6885245901639344,0.2754098360655738,0.3770491803278688,23730,0.1987779182469448,330,165,112,53,0.6787878787878788,0.6787878787878788,112.0,0.6743881530699252,4,default,gbdt
9,0.5,random,0.8209699060762891,0.6528117359413202,0.2521246458923513,0.3056234718826406,26085,0.19842821544949205,290,145,88,57,0.6068965517241379,0.6,88.0,0.6824938612994529,4,default,gbdt
10,0.5,random,0.8255364052057685,0.6766595289079229,0.2731201382886776,0.3533190578158458,28429,0.19779098807555665,312,156,108,48,0.6923076923076923,0.7051282051282052,108.0,0.6729055033408906,4,default,gbdt
0,0.75,random,0.823,0.680327868852459,0.3755656108597285,0.36065573770491804,5000,0.2226,0,0,0,0,0.0,0.0,0.0,0.0,0,default,gbdt
1,0.75,random,0.8202020202020202,0.6590909090909091,0.3591331269349845,0.3181818181818182,7424,0.21497844827586207,306,230,152,78,0.6608695652173913,0.6535947712418301,152.0,0.6966868010402947,0,default,gbdt
2,0.75,random,0.827079107505071,0.6869158878504673,0.3491686460807601,0.37383177570093457,9858,0.21576384662203288,266,200,140,60,0.7,0.6917293233082706,140.0,0.7066001246431953,0,default,gbdt
3,0.75,random,0.8184039087947883,0.6872427983539094,0.31098696461824954,0.37448559670781895,12280,0.21302931596091204,315,237,157,80,0.6624472573839663,0.653968253968254,157.0,0.6795884387435165,0,default,gbdt
4,0.75,random,0.8119687181230874,0.6513761467889908,0.3266871165644172,0.30275229357798167,14705,0.21448486909214554,301,226,161,65,0.7123893805309734,0.6877076411960132,161.0,0.6762622353296743,0,default,gbdt
5,0.75,random,0.8266705573387803,0.6898550724637681,0.32827586206896553,0.37971014492753624,17134,0.212443095599393,284,213,143,70,0.6713615023474179,0.6795774647887324,143.0,0.6835063083992179,0,default,gbdt
6,0.75,random,0.8110940695296524,0.6602739726027397,0.28154205607476634,0.32054794520547947,19560,0.21078732106339468,296,222,149,73,0.6711711711711712,0.6722972972972973,149.0,0.6876896065404878,0,default,gbdt
7,0.75,random,0.8139640664089152,0.6520681265206812,0.2841993637327678,0.30413625304136255,21981,0.21022701423957055,317,238,167,71,0.7016806722689075,0.6750788643533123,167.0,0.6897937961890841,0,default,gbdt
8,0.75,random,0.8287937743190662,0.6760869565217391,0.31162324649298595,0.3521739130434783,24412,0.20989677207930527,276,207,141,66,0.6811594202898551,0.7065217391304348,141.0,0.6947523835537193,0,default,gbdt
9,0.75,random,0.8198248555990311,0.6415094339622641,0.2776769509981851,0.2830188679245283,26833,0.20985353855327396,318,239,151,88,0.6317991631799164,0.6415094339622641,151.0,0.6851443772570823,0,default,gbdt
10,0.75,random,0.829601777473936,0.6684981684981685,0.3090601185436071,0.336996336996337,29255,0.20984447103059306,313,235,162,73,0.6893617021276596,0.6964856230031949,162.0,0.691186171294851,0,default,gbdt
0,0.75,random,0.801,0.5899280575539568,0.36607142857142855,0.17985611510791366,5000,0.2286,0,0,0,0,0.0,0.0,0.0,0.0,1,default,gbdt
1,0.75,random,0.8032345013477089,0.6829268292682927,0.3181818181818182,0.36585365853658536,7420,0.22371967654986524,322,242,161,81,0.6652892561983471,0.6708074534161491,161.0,0.6733575258096737,1,default,gbdt
2,0.75,random,0.8324022346368715,0.6813725490196079,0.34405940594059403,0.3627450980392157,9845,0.2175723717623159,300,225,147,78,0.6533333333333333,0.66,147.0,0.6763199674178435,1,default,gbdt
3,0.75,random,0.8175152749490835,0.6192170818505338,0.3378640776699029,0.23843416370106763,12274,0.21402965618380315,286,215,141,74,0.6558139534883721,0.6608391608391608,141.0,0.6846707417625395,1,default,gbdt
4,0.75,random,0.8156462585034013,0.6388059701492538,0.33700787401574805,0.27761194029850744,14696,0.21053347849755036,315,237,158,79,0.6666666666666666,0.6666666666666666,158.0,0.6772447592224479,1,default,gbdt
5,0.75,random,0.8259345794392523,0.6515151515151515,0.36033519553072624,0.30303030303030304,17120,0.2101051401869159,305,229,164,65,0.7161572052401747,0.7049180327868853,164.0,0.6773952543313175,1,default,gbdt
6,0.75,random,0.8293681248401126,0.6484018264840182,0.35633626097867,0.2968036529680365,19542,0.2093951489100399,314,236,152,84,0.6440677966101694,0.643312101910828,152.0,0.666889364440769,1,default,gbdt
7,0.75,random,0.8265027322404371,0.6637744034707158,0.33515881708652795,0.3275488069414317,21956,0.21010202222627072,346,260,174,86,0.6692307692307692,0.6647398843930635,174.0,0.6860091808554342,1,default,gbdt
8,0.75,random,0.8283429040196882,0.6765285996055227,0.3375984251968504,0.3530571992110454,24377,0.2101571153136153,317,238,156,82,0.6554621848739496,0.6435331230283912,156.0,0.6855336586773803,1,default,gbdt
9,0.75,random,0.8239462886982469,0.6595744680851063,0.3309608540925267,0.3191489361702128,26807,0.21065393367404037,283,213,152,61,0.7136150234741784,0.7031802120141343,152.0,0.6798263288002753,1,default,gbdt
10,0.75,random,0.8265777321703438,0.6644067796610169,0.32450331125827814,0.3288135593220339,29231,0.20957202969450242,304,228,147,81,0.6447368421052632,0.6546052631578947,147.0,0.6870824254761931,1,default,gbdt
0,0.75,random,0.826,0.6614173228346457,0.39069767441860465,0.3228346456692913,5000,0.2188,0,0,0,0,0.0,0.0,0.0,0.0,2,default,gbdt
1,0.75,random,0.8255892255892255,0.6783216783216783,0.31290322580645163,0.35664335664335667,7424,0.21780711206896552,304,228,155,73,0.6798245614035088,0.6842105263157895,155.0,0.7152574557604205,2,default,gbdt
2,0.75,random,0.8189655172413793,0.6432160804020101,0.30917874396135264,0.2864321608040201,9858,0.211097585717184,267,201,125,76,0.6218905472636815,0.6441947565543071,125.0,0.7005570396985171,2,default,gbdt
3,0.75,random,0.8318403908794788,0.6931818181818182,0.3553398058252427,0.38636363636363635,12278,0.21257533800293207,321,241,173,68,0.7178423236514523,0.7165109034267912,173.0,0.6909187990463435,2,default,gbdt
4,0.75,random,0.8302721088435374,0.7114754098360656,0.34554140127388533,0.42295081967213116,14700,0.21272108843537416,315,237,164,73,0.6919831223628692,0.6857142857142857,164.0,0.6823301786425494,2,default,gbdt
5,0.75,random,0.8242848803269118,0.6765498652291105,0.3424283765347885,0.353099730458221,17126,0.20973957725096345,298,224,139,85,0.6205357142857143,0.6409395973154363,139.0,0.6736084555932887,2,default,gbdt
6,0.75,random,0.8230631552032728,0.674074074074074,0.3277310924369748,0.34814814814814815,19555,0.20992073638455638,285,214,147,67,0.6869158878504673,0.6771929824561403,147.0,0.6801625945695238,2,default,gbdt
7,0.75,random,0.8287079162875342,0.6902654867256637,0.3372972972972973,0.3805309734513274,21977,0.2094917413659735,313,235,156,79,0.6638297872340425,0.6485623003194888,156.0,0.6819813085125191,2,default,gbdt
8,0.75,random,0.8274943659086252,0.6984815618221258,0.31414634146341464,0.3969631236442516,24402,0.20973690681091714,300,225,139,86,0.6177777777777778,0.6466666666666666,139.0,0.6879737258384488,2,default,gbdt
9,0.75,random,0.8286140089418778,0.6844919786096256,0.34072759538598046,0.3689839572192513,26837,0.21030666616984015,263,198,140,58,0.7070707070707071,0.7186311787072244,140.0,0.6812013979981009,2,default,gbdt
10,0.75,random,0.8257601639904338,0.6284722222222222,0.3099315068493151,0.2569444444444444,29267,0.2095192537670414,283,213,135,78,0.6338028169014085,0.6395759717314488,135.0,0.6662343581582437,2,default,gbdt
0,0.75,random,0.813,0.5470085470085471,0.32323232323232326,0.09401709401709402,5000,0.211,0,0,0,0,0.0,0.0,0.0,0.0,3,default,gbdt
1,0.75,random,0.8361429534726905,0.7407407407407407,0.37383177570093457,0.48148148148148145,7412,0.21438208310847276,352,264,186,78,0.7045454545454546,0.6789772727272727,186.0,0.6789820055286082,3,default,gbdt
2,0.75,random,0.8271479410269446,0.7112068965517241,0.3767123287671233,0.4224137931034483,9832,0.21430024410089504,321,241,168,73,0.6970954356846473,0.6884735202492211,168.0,0.6777578962207241,3,default,gbdt
3,0.75,random,0.8180334557323541,0.6790540540540541,0.3641304347826087,0.3581081081081081,12254,0.2159294924106414,315,237,157,80,0.6624472573839663,0.6603174603174603,157.0,0.6670538292679881,3,default,gbdt
4,0.75,random,0.8232288828337875,0.6719745222929936,0.3365231259968102,0.34394904458598724,14678,0.2137893445973566,305,229,150,79,0.6550218340611353,0.6524590163934426,150.0,0.6867433783831696,3,default,gbdt
5,0.75,random,0.8233401579409184,0.6685236768802229,0.3310344827586207,0.3370473537604457,17095,0.21474115238373795,332,249,178,71,0.714859437751004,0.6987951807228916,178.0,0.6769429628727315,3,default,gbdt
6,0.75,random,0.8258196721311475,0.6496350364963503,0.33250311332503113,0.29927007299270075,19516,0.21341463414634146,316,237,168,69,0.7088607594936709,0.689873417721519,168.0,0.6934267456441806,3,default,gbdt
7,0.75,random,0.8272167768406656,0.6687370600414079,0.3507057546145494,0.33747412008281574,21935,0.21230909505356735,325,244,164,80,0.6721311475409836,0.676923076923077,164.0,0.6951783069760977,3,default,gbdt
8,0.75,random,0.8231069156577058,0.6534653465346535,0.32448377581120946,0.3069306930693069,24362,0.2116410803710697,293,220,144,76,0.6545454545454545,0.6416382252559727,144.0,0.685358969918827,3,default,gbdt
9,0.75,random,0.8245286540974426,0.6749049429657795,0.31583629893238435,0.34980988593155893,26783,0.2105440017921816,319,240,149,91,0.6208333333333333,0.6394984326018809,149.0,0.6889065582571308,3,default,gbdt
10,0.75,random,0.8237206914256375,0.6434782608695652,0.30962343096234307,0.28695652173913044,29213,0.20970116044226886,282,212,140,72,0.660377358490566,0.6560283687943262,140.0,0.6887776499888326,3,default,gbdt
0,0.75,random,0.829,0.6923076923076923,0.4072398190045249,0.38461538461538464,5000,0.2196,0,0,0,0,0.0,0.0,0.0,0.0,4,default,gbdt
1,0.75,random,0.818733153638814,0.6598984771573604,0.39156626506024095,0.3197969543147208,7418,0.21892693448368833,328,246,171,75,0.6951219512195121,0.6798780487804879,171.0,0.6783474566839807,4,default,gbdt
2,0.75,random,0.8272357723577236,0.6709401709401709,0.3738095238095238,0.3418803418803419,9838,0.2147794267127465,321,241,150,91,0.6224066390041494,0.6292834890965732,150.0,0.6819763137145778,4,default,gbdt
3,0.75,random,0.8247044435385242,0.6819923371647509,0.33904761904761904,0.36398467432950193,12263,0.2138139117671043,302,227,156,71,0.6872246696035242,0.695364238410596,156.0,0.6745023534864073,4,default,gbdt
4,0.75,random,0.8270932607215793,0.6666666666666666,0.3425774877650897,0.3333333333333333,14686,0.21176630804848154,311,234,155,79,0.6623931623931624,0.6430868167202572,155.0,0.6975656666679771,4,default,gbdt
5,0.75,random,0.8211572180011689,0.6461538461538462,0.34710743801652894,0.2923076923076923,17109,0.21123385352738325,311,234,151,83,0.6452991452991453,0.6591639871382636,151.0,0.6779888333790932,4,default,gbdt
6,0.75,random,0.8241617609418992,0.6625,0.3243574051407589,0.325,19532,0.20965594921155029,308,231,150,81,0.6493506493506493,0.6331168831168831,150.0,0.6810663110876138,4,default,gbdt
7,0.75,random,0.8209974948758825,0.6484210526315789,0.33225458468176916,0.2968421052631579,21951,0.20864653090975355,324,243,148,95,0.6090534979423868,0.6296296296296297,148.0,0.6700907912549047,4,default,gbdt
8,0.75,random,0.8231794871794872,0.6565656565656566,0.319567354965585,0.31313131313131315,24373,0.21002748943503058,313,235,165,70,0.7021276595744681,0.7028753993610224,165.0,0.6819753536634889,4,default,gbdt
9,0.75,random,0.8138407013616863,0.6737451737451737,0.29626485568760613,0.3474903474903475,26802,0.20968584433997464,285,214,126,88,0.5887850467289719,0.5964912280701754,126.0,0.683285850917864,4,default,gbdt
10,0.75,random,0.8239822100581594,0.6467486818980668,0.3076923076923077,0.29349736379613356,29226,0.20971053171833298,304,228,167,61,0.7324561403508771,0.7138157894736842,167.0,0.6675222155430723,4,default,gbdt
0,1.0,random,0.823,0.680327868852459,0.3755656108597285,0.36065573770491804,5000,0.2226,0,0,0,0,0.0,0.0,0.0,0.0,0,default,gbdt
1,1.0,random,0.844,0.7142857142857143,0.4045307443365696,0.42857142857142855,7500,0.2192,306,306,200,106,0.6535947712418301,0.6535947712418301,200.0,0.6975580184360678,0,default,gbdt
2,1.0,random,0.8225,0.6609442060085837,0.3581395348837209,0.3218884120171674,10000,0.2219,285,285,197,88,0.6912280701754386,0.6912280701754386,197.0,0.6782957175989367,0,default,gbdt
3,1.0,random,0.8136,0.6923076923076923,0.34375,0.38461538461538464,12500,0.22056,304,304,199,105,0.6546052631578947,0.6546052631578947,199.0,0.6843678216384792,0,default,gbdt
4,1.0,random,0.809,0.6811989100817438,0.35410764872521244,0.36239782016348776,15000,0.22273333333333334,304,304,207,97,0.680921052631579,0.680921052631579,207.0,0.6853445177992212,0,default,gbdt
5,1.0,random,0.818,0.6865671641791045,0.35069885641677256,0.373134328358209,17500,0.22154285714285715,272,272,184,88,0.6764705882352942,0.6764705882352942,184.0,0.6760865704277045,0,default,gbdt
6,1.0,random,0.81825,0.6802721088435374,0.33860045146726864,0.36054421768707484,20000,0.2205,278,278,193,85,0.6942446043165468,0.6942446043165468,193.0,0.6851221707388171,0,default,gbdt
7,1.0,random,0.8128888888888889,0.6800804828973843,0.33104799216454456,0.36016096579476864,22500,0.22022222222222224,308,308,209,99,0.6785714285714286,0.6785714285714286,209.0,0.6823370411781488,0,default,gbdt
8,1.0,random,0.8222,0.684297520661157,0.3723021582733813,0.3685950413223141,25000,0.22048,265,265,188,77,0.7094339622641509,0.7094339622641509,188.0,0.6834910326710392,0,default,gbdt
9,1.0,random,0.8207272727272727,0.6671779141104295,0.36129568106312293,0.3343558282208589,27500,0.2208,321,321,209,112,0.6510903426791277,0.6510903426791277,209.0,0.6825342617173579,0,default,gbdt
10,1.0,random,0.815,0.6695278969957081,0.34743875278396436,0.33905579399141633,30000,0.2212,312,312,217,95,0.6955128205128205,0.6955128205128205,217.0,0.680252208628481,0,default,gbdt
0,1.0,random,0.801,0.5899280575539568,0.36607142857142855,0.17985611510791366,5000,0.2286,0,0,0,0,0.0,0.0,0.0,0.0,1,default,gbdt
1,1.0,random,0.8093333333333333,0.6739130434782609,0.35428571428571426,0.34782608695652173,7500,0.22866666666666666,322,322,216,106,0.6708074534161491,0.6708074534161491,216.0,0.670912101360575,1,default,gbdt
2,1.0,random,0.818,0.6807692307692308,0.3864628820960699,0.36153846153846153,10000,0.2248,314,314,205,109,0.6528662420382165,0.6528662420382165,205.0,0.6785806888322136,1,default,gbdt
3,1.0,random,0.8196,0.6655518394648829,0.3618181818181818,0.3311036789297659,12500,0.22248,284,284,195,89,0.6866197183098591,0.6866197183098591,195.0,0.6723879961705027,1,default,gbdt
4,1.0,random,0.815,0.6605263157894737,0.3707533234859675,0.32105263157894737,15000,0.22,305,305,204,101,0.6688524590163935,0.6688524590163935,204.0,0.6694303624430561,1,default,gbdt
5,1.0,random,0.8248571428571428,0.6730769230769231,0.4064516129032258,0.34615384615384615,17500,0.22022857142857144,308,308,219,89,0.711038961038961,0.711038961038961,219.0,0.6733675191072671,1,default,gbdt
6,1.0,random,0.82975,0.6836734693877551,0.389082462253194,0.3673469387755102,20000,0.21995,313,313,203,110,0.6485623003194888,0.6485623003194888,203.0,0.6676452995093242,1,default,gbdt
7,1.0,random,0.8244444444444444,0.6794871794871795,0.3762677484787018,0.358974358974359,22500,0.22115555555555555,336,336,229,107,0.6815476190476191,0.6815476190476191,229.0,0.6882367677528572,1,default,gbdt
8,1.0,random,0.8198,0.6666666666666666,0.38530465949820786,0.3333333333333333,25000,0.22136,324,324,206,118,0.6358024691358025,0.6358024691358025,206.0,0.6764129342033242,1,default,gbdt
9,1.0,random,0.8196363636363636,0.6929577464788732,0.3886255924170616,0.38591549295774646,27500,0.222,278,278,197,81,0.7086330935251799,0.7086330935251799,197.0,0.6824988962135445,1,default,gbdt
10,1.0,random,0.8186666666666667,0.6793557833089312,0.3480870217554389,0.35871156661786235,30000,0.2212,304,304,200,104,0.6578947368421053,0.6578947368421053,200.0,0.6793975667174428,1,default,gbdt
0,1.0,random,0.826,0.6614173228346457,0.39069767441860465,0.3228346456692913,5000,0.2188,0,0,0,0,0.0,0.0,0.0,0.0,2,default,gbdt
1,1.0,random,0.8173333333333334,0.6411764705882353,0.3385093167701863,0.2823529411764706,7500,0.22266666666666668,304,304,208,96,0.6842105263157895,0.6842105263157895,208.0,0.7143638980396486,2,default,gbdt
2,1.0,random,0.8105,0.6746031746031746,0.3640256959314775,0.3492063492063492,10000,0.2181,290,290,185,105,0.6379310344827587,0.6379310344827587,185.0,0.6869395282843224,2,default,gbdt
3,1.0,random,0.8264,0.6854304635761589,0.3791208791208791,0.3708609271523179,12500,0.22136,312,312,227,85,0.7275641025641025,0.7275641025641025,227.0,0.6956667677318255,2,default,gbdt
4,1.0,random,0.8296666666666667,0.6767955801104972,0.38341158059467917,0.35359116022099446,15000,0.2224,300,300,206,94,0.6866666666666666,0.6866666666666666,206.0,0.6964365913640391,2,default,gbdt
5,1.0,random,0.8248571428571428,0.6845637583892618,0.39331619537275064,0.3691275167785235,17500,0.22017142857142857,292,292,186,106,0.636986301369863,0.636986301369863,186.0,0.6940928068099259,2,default,gbdt
6,1.0,random,0.82425,0.683991683991684,0.37386363636363634,0.367983367983368,20000,0.2206,280,280,185,95,0.6607142857142857,0.6607142857142857,185.0,0.6903468692757168,2,default,gbdt
7,1.0,random,0.8317777777777777,0.6860254083484574,0.39293139293139295,0.3720508166969147,22500,0.22035555555555555,299,299,201,98,0.6722408026755853,0.6722408026755853,201.0,0.6923024046526682,2,default,gbdt
8,1.0,random,0.82,0.6890034364261168,0.3580357142857143,0.37800687285223367,25000,0.22108,309,309,204,105,0.6601941747572816,0.6601941747572816,204.0,0.6860115881835734,2,default,gbdt
9,1.0,random,0.8258181818181818,0.67007299270073,0.3853904282115869,0.34014598540145985,27500,0.22189090909090908,272,272,192,80,0.7058823529411765,0.7058823529411765,192.0,0.6779001762528509,2,default,gbdt
10,1.0,random,0.8303333333333334,0.6634349030470914,0.38197767145135564,0.3268698060941828,30000,0.2212,295,295,188,107,0.6372881355932203,0.6372881355932203,188.0,0.6696189817690807,2,default,gbdt
0,1.0,random,0.813,0.5470085470085471,0.32323232323232326,0.09401709401709402,5000,0.211,0,0,0,0,0.0,0.0,0.0,0.0,3,default,gbdt
1,1.0,random,0.8353333333333334,0.7281553398058253,0.4398826979472141,0.4563106796116505,7500,0.21893333333333334,352,352,239,113,0.6789772727272727,0.6789772727272727,239.0,0.6764169017195107,3,default,gbdt
2,1.0,random,0.817,0.6828358208955224,0.39439655172413796,0.3656716417910448,10000,0.2213,322,322,220,102,0.6832298136645962,0.6832298136645962,220.0,0.6604228055201231,3,default,gbdt
3,1.0,random,0.8156,0.6611295681063123,0.35663082437275984,0.3222591362126246,12500,0.22424,301,301,200,101,0.6644518272425249,0.6644518272425249,200.0,0.6854986206779785,3,default,gbdt
4,1.0,random,0.818,0.6829268292682927,0.3700440528634361,0.36585365853658536,15000,0.22293333333333334,302,302,192,110,0.6357615894039735,0.6357615894039735,192.0,0.6870291947411846,3,default,gbdt
5,1.0,random,0.8188571428571428,0.6804123711340206,0.4079110012360939,0.36082474226804123,17500,0.22462857142857143,324,324,234,90,0.7222222222222222,0.7222222222222222,234.0,0.6730327824517353,3,default,gbdt
6,1.0,random,0.826,0.70276008492569,0.37316798196166856,0.40552016985138006,20000,0.22375,309,309,215,94,0.6957928802588996,0.6957928802588996,215.0,0.6869575964223955,3,default,gbdt
7,1.0,random,0.8191111111111111,0.6511226252158895,0.38119312436804853,0.3022452504317789,22500,0.22324444444444444,319,319,215,104,0.6739811912225705,0.6739811912225705,215.0,0.6866676180578573,3,default,gbdt
8,1.0,random,0.8182,0.6567656765676567,0.362147406733394,0.31353135313531355,25000,0.22264,291,291,191,100,0.6563573883161512,0.6563573883161512,191.0,0.6848047600819023,3,default,gbdt
9,1.0,random,0.8230909090909091,0.676737160120846,0.3711681855840928,0.35347432024169184,27500,0.22196363636363636,300,300,194,106,0.6466666666666666,0.6466666666666666,194.0,0.6960275560962682,3,default,gbdt
10,1.0,random,0.813,0.6798307475317349,0.35003631082062453,0.35966149506346967,30000,0.2212,279,279,185,94,0.6630824372759857,0.6630824372759857,185.0,0.6859003754116609,3,default,gbdt
0,1.0,random,0.829,0.6923076923076923,0.4072398190045249,0.38461538461538464,5000,0.2196,0,0,0,0,0.0,0.0,0.0,0.0,4,default,gbdt
1,1.0,random,0.8366666666666667,0.7035175879396985,0.4294478527607362,0.40703517587939697,7500,0.22346666666666667,328,328,223,105,0.6798780487804879,0.6798780487804879,223.0,0.6768542948481903,4,default,gbdt
2,1.0,random,0.808,0.6731517509727627,0.3657505285412262,0.3463035019455253,10000,0.2217,324,324,207,117,0.6388888888888888,0.6388888888888888,207.0,0.6880298525085469,4,default,gbdt
3,1.0,random,0.8212,0.6382978723404256,0.3903345724907063,0.2765957446808511,12500,0.2224,278,278,195,83,0.7014388489208633,0.7014388489208633,195.0,0.6773517016593218,4,default,gbdt
4,1.0,random,0.8286666666666667,0.6951871657754011,0.3939393939393939,0.39037433155080214,15000,0.22086666666666666,317,317,200,117,0.6309148264984227,0.6309148264984227,200.0,0.6926796736872318,4,default,gbdt
5,1.0,random,0.8194285714285714,0.6209302325581395,0.36277173913043476,0.24186046511627907,17500,0.2212,318,318,210,108,0.660377358490566,0.660377358490566,210.0,0.6709888916575113,4,default,gbdt
6,1.0,random,0.81725,0.6627218934911243,0.375,0.3254437869822485,20000,0.21985,294,294,188,106,0.6394557823129252,0.6394557823129252,188.0,0.6916772934953085,4,default,gbdt
7,1.0,random,0.8273333333333334,0.6640776699029126,0.36152219873150104,0.32815533980582523,22500,0.21946666666666667,321,321,203,118,0.632398753894081,0.632398753894081,203.0,0.668985909807148,4,default,gbdt
8,1.0,random,0.8198,0.67779632721202,0.3644524236983842,0.3555926544240401,25000,0.22128,292,292,210,82,0.7191780821917808,0.7191780821917808,210.0,0.686474791626731,4,default,gbdt
9,1.0,random,0.8230909090909091,0.6804635761589404,0.345088161209068,0.3609271523178808,27500,0.22098181818181817,284,284,167,117,0.5880281690140845,0.5880281690140845,167.0,0.6835863300020492,4,default,gbdt
10,1.0,random,0.8155,0.6685236768802229,0.3558191252779837,0.3370473537604457,30000,0.2212,296,296,212,84,0.7162162162162162,0.7162162162162162,212.0,0.6777485014363802,4,default,gbdt
0,0.0,most_risky,0.823,0.680327868852459,0.3755656108597285,0.36065573770491804,5000,0.2226,0,0,0,0,0.0,0.0,0.0,0.0,0,default,gbdt
1,0.0,most_risky,0.8387769284225156,0.7301587301587301,0.31724137931034485,0.4603174603174603,7194,0.20072282457603557,306,0,0,0,0.0,0.0,0.0,0.0,0,default,gbdt
2,0.0,most_risky,0.8166843783209352,0.6328125,0.21372031662269128,0.265625,9407,0.1940044647602849,287,0,0,0,0.0,0.0,0.0,0.0,0,default,gbdt
3,0.0,most_risky,0.8244176013805005,0.6666666666666666,0.20309050772626933,0.3333333333333333,11587,0.1859842927418659,320,0,0,0,0.0,0.0,0.0,0.0,0,default,gbdt
4,0.0,most_risky,0.8265602322206096,0.6875,0.18609022556390978,0.375,13780,0.18403483309143687,307,0,0,0,0.0,0.0,0.0,0.0,0,default,gbdt
5,0.0,most_risky,0.8316677076826983,0.6521739130434783,0.1549053356282272,0.30434782608695654,16008,0.1803473263368316,272,0,0,0,0.0,0.0,0.0,0.0,0,default,gbdt
6,0.0,most_risky,0.832967032967033,0.6643356643356644,0.1450381679389313,0.32867132867132864,18199,0.17676795428320238,309,0,0,0,0.0,0.0,0.0,0.0,0,default,gbdt
7,0.0,most_risky,0.8293281020107895,0.5828220858895705,0.1313969571230982,0.1656441717791411,20386,0.1740410085352693,313,0,0,0,0.0,0.0,0.0,0.0,0,default,gbdt
8,0.0,most_risky,0.8336283185840708,0.5743243243243243,0.10981912144702842,0.14864864864864866,22598,0.1728914063191433,288,0,0,0,0.0,0.0,0.0,0.0,0,default,gbdt
9,0.0,most_risky,0.8373031893419459,0.6231884057971014,0.10238095238095238,0.2463768115942029,24766,0.17168699022853912,332,0,0,0,0.0,0.0,0.0,0.0,0,default,gbdt
10,0.0,most_risky,0.8326841031348544,0.5548780487804879,0.09891304347826087,0.10975609756097561,26954,0.17058692587371077,312,0,0,0,0.0,0.0,0.0,0.0,0,default,gbdt
0,0.0,most_risky,0.801,0.5899280575539568,0.36607142857142855,0.17985611510791366,5000,0.2286,0,0,0,0,0.0,0.0,0.0,0.0,1,default,gbdt
1,0.0,most_risky,0.8168523676880223,0.6532258064516129,0.2691029900332226,0.3064516129032258,7178,0.20883254388409028,322,0,0,0,0.0,0.0,0.0,0.0,1,default,gbdt
2,0.0,most_risky,0.8218666666666666,0.6575342465753424,0.25263157894736843,0.3150684931506849,9373,0.1955617198335645,305,0,0,0,0.0,0.0,0.0,0.0,1,default,gbdt
3,0.0,most_risky,0.8273629693569271,0.5958904109589042,0.20327102803738317,0.1917808219178082,11585,0.18713854121709106,288,0,0,0,0.0,0.0,0.0,0.0,1,default,gbdt
4,0.0,most_risky,0.8258977149075082,0.5652173913043478,0.18163672654690619,0.13043478260869565,13782,0.18059788129444201,303,0,0,0,0.0,0.0,0.0,0.0,1,default,gbdt
5,0.0,most_risky,0.8331246086412023,0.6038961038961039,0.16460176991150444,0.2077922077922078,15970,0.17714464621164683,312,0,0,0,0.0,0.0,0.0,0.0,1,default,gbdt
6,0.0,most_risky,0.841034103410341,0.574468085106383,0.1782178217821782,0.14893617021276595,18178,0.17515678292441414,292,0,0,0,0.0,0.0,0.0,0.0,1,default,gbdt
7,0.0,most_risky,0.8387810272794298,0.6404494382022472,0.16147308781869688,0.2808988764044944,20344,0.17376130554463232,334,0,0,0,0.0,0.0,0.0,0.0,1,default,gbdt
8,0.0,most_risky,0.8375499334221038,0.6265060240963856,0.1343669250645995,0.25301204819277107,22528,0.17249644886363635,316,0,0,0,0.0,0.0,0.0,0.0,1,default,gbdt
9,0.0,most_risky,0.8392568659127625,0.5934065934065934,0.13012048192771083,0.18681318681318682,24756,0.17228146711908224,272,0,0,0,0.0,0.0,0.0,0.0,1,default,gbdt
10,0.0,most_risky,0.8363636363636363,0.5824742268041238,0.12363238512035012,0.16494845360824742,26950,0.17057513914656772,306,0,0,0,0.0,0.0,0.0,0.0,1,default,gbdt
0,0.0,most_risky,0.826,0.6614173228346457,0.39069767441860465,0.3228346456692913,5000,0.2188,0,0,0,0,0.0,0.0,0.0,0.0,2,default,gbdt
1,0.0,most_risky,0.8208333333333333,0.6507936507936508,0.27702702702702703,0.30158730158730157,7196,0.20316842690383546,304,0,0,0,0.0,0.0,0.0,0.0,2,default,gbdt
2,0.0,most_risky,0.8305894848645778,0.6791044776119403,0.24795640326975477,0.3582089552238806,9414,0.19014234119396645,282,0,0,0,0.0,0.0,0.0,0.0,2,default,gbdt
3,0.0,most_risky,0.8383620689655172,0.7,0.2273781902552204,0.4,11598,0.1852905673391964,316,0,0,0,0.0,0.0,0.0,0.0,2,default,gbdt
4,0.0,most_risky,0.8285610728524828,0.6597222222222222,0.18304431599229287,0.3194444444444444,13793,0.181831363735228,305,0,0,0,0.0,0.0,0.0,0.0,2,default,gbdt
5,0.0,most_risky,0.8339587242026266,0.69375,0.18718381112984822,0.3875,15989,0.17687159922446682,304,0,0,0,0.0,0.0,0.0,0.0,2,default,gbdt
6,0.0,most_risky,0.8342480790340285,0.6626506024096386,0.16717325227963525,0.3253012048192771,18219,0.176189692079697,270,0,0,0,0.0,0.0,0.0,0.0,2,default,gbdt
7,0.0,most_risky,0.8370896619304262,0.6420454545454546,0.15804195804195803,0.2840909090909091,20410,0.1742283194512494,309,0,0,0,0.0,0.0,0.0,0.0,2,default,gbdt
8,0.0,most_risky,0.8408940030980305,0.6363636363636364,0.1287779237844941,0.2727272727272727,22591,0.17360895932008322,319,0,0,0,0.0,0.0,0.0,0.0,2,default,gbdt
9,0.0,most_risky,0.8387421890747833,0.673202614379085,0.12075029308323564,0.3464052287581699,24804,0.17319787131107886,287,0,0,0,0.0,0.0,0.0,0.0,2,default,gbdt
10,0.0,most_risky,0.832901554404145,0.6242774566473989,0.11416490486257928,0.24855491329479767,27018,0.1719224220889777,286,0,0,0,0.0,0.0,0.0,0.0,2,default,gbdt
0,0.0,most_risky,0.813,0.5470085470085471,0.32323232323232326,0.09401709401709402,5000,0.211,0,0,0,0,0.0,0.0,0.0,0.0,3,default,gbdt
1,0.0,most_risky,0.8244755244755245,0.6722689075630253,0.273972602739726,0.3445378151260504,7148,0.19627867935086737,352,0,0,0,0.0,0.0,0.0,0.0,3,default,gbdt
2,0.0,most_risky,0.8323513658275308,0.6287878787878788,0.23919308357348704,0.25757575757575757,9333,0.18847101682202935,315,0,0,0,0.0,0.0,0.0,0.0,3,default,gbdt
3,0.0,most_risky,0.8363715277777778,0.6158940397350994,0.22572815533980584,0.23178807947019867,11517,0.18624641833810887,316,0,0,0,0.0,0.0,0.0,0.0,3,default,gbdt
4,0.0,most_risky,0.8318132068588107,0.6571428571428571,0.18217821782178217,0.3142857142857143,13705,0.18146661802261949,312,0,0,0,0.0,0.0,0.0,0.0,3,default,gbdt
5,0.0,most_risky,0.830081812460667,0.643312101910828,0.17264957264957265,0.28662420382165604,15888,0.17938066465256797,317,0,0,0,0.0,0.0,0.0,0.0,3,default,gbdt
6,0.0,most_risky,0.828816371681416,0.5732484076433121,0.14018691588785046,0.1464968152866242,18079,0.17600531002820952,309,0,0,0,0.0,0.0,0.0,0.0,3,default,gbdt
7,0.0,most_risky,0.8434954332263639,0.6013513513513513,0.13403614457831325,0.20270270270270271,20251,0.17347291491778183,328,0,0,0,0.0,0.0,0.0,0.0,3,default,gbdt
8,0.0,most_risky,0.8241709325617628,0.656934306569343,0.10804321728691477,0.31386861313868614,22465,0.1723124860894725,286,0,0,0,0.0,0.0,0.0,0.0,3,default,gbdt
9,0.0,most_risky,0.8353609083536091,0.5595238095238095,0.11298076923076923,0.11904761904761904,24658,0.17089788303998701,307,0,0,0,0.0,0.0,0.0,0.0,3,default,gbdt
10,0.0,most_risky,0.834046511627907,0.5714285714285714,0.10905125408942203,0.14285714285714285,26873,0.16961262233468538,285,0,0,0,0.0,0.0,0.0,0.0,3,default,gbdt
0,0.0,most_risky,0.829,0.6923076923076923,0.4072398190045249,0.38461538461538464,5000,0.2196,0,0,0,0,0.0,0.0,0.0,0.0,4,default,gbdt
1,0.0,most_risky,0.8139372822299652,0.5771812080536913,0.296551724137931,0.15436241610738255,7172,0.20259341885108756,328,0,0,0,0.0,0.0,0.0,0.0,4,default,gbdt
2,0.0,most_risky,0.8251336898395721,0.6153846153846154,0.24444444444444444,0.23076923076923078,9349,0.19167825435875493,323,0,0,0,0.0,0.0,0.0,0.0,4,default,gbdt
3,0.0,most_risky,0.8217993079584776,0.5705128205128205,0.20506912442396313,0.14102564102564102,11559,0.18591573665542002,290,0,0,0,0.0,0.0,0.0,0.0,4,default,gbdt
4,0.0,most_risky,0.8347889374090247,0.6,0.19753086419753085,0.2,13739,0.18036247179561832,320,0,0,0,0.0,0.0,0.0,0.0,4,default,gbdt
5,0.0,most_risky,0.8285175879396985,0.5842696629213483,0.18055555555555555,0.16853932584269662,15917,0.17742036815982912,322,0,0,0,0.0,0.0,0.0,0.0,4,default,gbdt
6,0.0,most_risky,0.8351284175642087,0.6326530612244898,0.14622641509433962,0.2653061224489796,18105,0.17426125379729357,312,0,0,0,0.0,0.0,0.0,0.0,4,default,gbdt
7,0.0,most_risky,0.8339083292262198,0.588957055214724,0.13655761024182078,0.17791411042944785,20288,0.17256506309148265,317,0,0,0,0.0,0.0,0.0,0.0,4,default,gbdt
8,0.0,most_risky,0.8337413754729579,0.6390532544378699,0.13602015113350127,0.2781065088757396,22463,0.1721497573788007,325,0,0,0,0.0,0.0,0.0,0.0,4,default,gbdt
9,0.0,most_risky,0.8415400202634246,0.6423841059602649,0.11757575757575757,0.2847682119205298,24675,0.17175278622087134,288,0,0,0,0.0,0.0,0.0,0.0,4,default,gbdt
10,0.0,most_risky,0.8312558139534884,0.6419753086419753,0.10912906610703044,0.2839506172839506,26875,0.1706046511627907,300,0,0,0,0.0,0.0,0.0,0.0,4,default,gbdt
0,0.01,most_risky,0.823,0.680327868852459,0.3755656108597285,0.36065573770491804,5000,0.2226,0,0,0,0,0.0,0.0,0.0,0.0,0,default,gbdt
1,0.01,most_risky,0.8388888888888889,0.6692913385826772,0.3090909090909091,0.33858267716535434,7198,0.2008891358710753,306,4,2,2,0.5,0.6535947712418301,2.0,0.9497856803204912,0,default,gbdt
2,0.01,most_risky,0.8296178343949044,0.6304347826086957,0.24369747899159663,0.2608695652173913,9418,0.19430877043958378,283,3,3,0,1.0,0.6855123674911661,3.0,0.9248868157391984,0,default,gbdt
3,0.01,most_risky,0.8267241379310345,0.7295081967213115,0.1943231441048035,0.45901639344262296,11599,0.18648159324079663,323,4,2,2,0.5,0.6408668730650154,2.0,0.9348782261738626,0,default,gbdt
4,0.01,most_risky,0.8241479332849891,0.6821192052980133,0.19074074074074074,0.36423841059602646,13789,0.18398723620277033,314,4,2,2,0.5,0.6751592356687898,2.0,0.9143660853882989,0,default,gbdt
5,0.01,most_risky,0.8367665418227216,0.6438356164383562,0.1663716814159292,0.2876712328767123,16017,0.18037085596553662,275,3,3,0,1.0,0.68,3.0,0.9108836277561206,0,default,gbdt
6,0.01,most_risky,0.8372667398463227,0.6369426751592356,0.15723270440251572,0.27388535031847133,18220,0.1769484083424808,300,3,2,1,0.6666666666666666,0.6666666666666666,2.0,0.9049834683910875,0,default,gbdt
7,0.01,most_risky,0.8405584129316679,0.6571428571428571,0.13237410071942446,0.3142857142857143,20414,0.17443911041442148,310,4,3,1,0.75,0.6806451612903226,3.0,0.9111672687117359,0,default,gbdt
8,0.01,most_risky,0.8321925369838816,0.6037735849056604,0.1210592686002522,0.20754716981132076,22644,0.17360007065889418,273,3,2,1,0.6666666666666666,0.6923076923076923,2.0,0.8832465976240824,0,default,gbdt
9,0.01,most_risky,0.8324607329842932,0.6341463414634146,0.1187214611872146,0.2682926829268293,24829,0.1725401747956019,319,4,3,1,0.75,0.658307210031348,3.0,0.9519165633542002,0,default,gbdt
10,0.01,most_risky,0.830279474366093,0.5483870967741935,0.09120171673819742,0.0967741935483871,27015,0.1713862668887655,318,4,2,2,0.5,0.6918238993710691,2.0,0.933022549987738,0,default,gbdt
0,0.01,most_risky,0.801,0.5899280575539568,0.36607142857142855,0.17985611510791366,5000,0.2286,0,0,0,0,0.0,0.0,0.0,0.0,1,default,gbdt
1,0.01,most_risky,0.8086290883785665,0.6511627906976745,0.267515923566879,0.3023255813953488,7182,0.20913394597605123,322,4,3,1,0.75,0.6708074534161491,3.0,0.9095890298101847,1,default,gbdt
2,0.01,most_risky,0.8256929637526652,0.6666666666666666,0.26063829787234044,0.3333333333333333,9377,0.19611816145888877,309,4,4,0,1.0,0.6472491909385113,4.0,0.9421218999891245,1,default,gbdt
3,0.01,most_risky,0.8262931034482759,0.6326530612244898,0.21040723981900453,0.2653061224489796,11599,0.18777480817311837,281,3,3,0,1.0,0.701067615658363,3.0,0.9301191403088535,1,default,gbdt
4,0.01,most_risky,0.8198263386396527,0.6024844720496895,0.18267419962335216,0.20496894409937888,13816,0.18145628257093224,286,3,3,0,1.0,0.6748251748251748,3.0,0.938513101964784,1,default,gbdt
5,0.01,most_risky,0.8277153558052435,0.6046511627906976,0.17687074829931973,0.20930232558139536,16019,0.17835070853361634,300,3,2,1,0.6666666666666666,0.6866666666666666,2.0,0.894154000522625,1,default,gbdt
6,0.01,most_risky,0.8340192043895748,0.6031746031746031,0.17701863354037267,0.20634920634920634,18223,0.17604126653130658,299,3,1,2,0.3333333333333333,0.6521739130434783,1.0,0.9031985163378563,1,default,gbdt
7,0.01,most_risky,0.8401177047572339,0.6593406593406593,0.16901408450704225,0.31868131868131866,20388,0.17466156562683932,339,4,3,1,0.75,0.6696165191740413,3.0,0.8760545569956475,1,default,gbdt
8,0.01,most_risky,0.8361744520699579,0.6528497409326425,0.15769712140175218,0.30569948186528495,22584,0.1736627701027276,308,4,3,1,0.75,0.6493506493506493,3.0,0.89956554617651,1,default,gbdt
9,0.01,most_risky,0.8333333333333334,0.6145251396648045,0.12672811059907835,0.22905027932960895,24808,0.17341180264430828,279,3,1,2,0.3333333333333333,0.6881720430107527,1.0,0.9210220156671033,1,default,gbdt
10,0.01,most_risky,0.8415694984268,0.6057692307692307,0.14,0.21153846153846154,27013,0.17176914818790953,298,3,2,1,0.6666666666666666,0.6543624161073825,2.0,0.9291030470819356,1,default,gbdt
0,0.01,most_risky,0.826,0.6614173228346457,0.39069767441860465,0.3228346456692913,5000,0.2188,0,0,0,0,0.0,0.0,0.0,0.0,2,default,gbdt
1,0.01,most_risky,0.8368055555555556,0.6239316239316239,0.2765151515151515,0.24786324786324787,7200,0.20347222222222222,304,4,3,1,0.75,0.6842105263157895,3.0,0.9184027254671453,2,default,gbdt
2,0.01,most_risky,0.8312101910828026,0.6880733944954128,0.20891364902506965,0.3761467889908257,9418,0.1909110214482905,285,3,3,0,1.0,0.6350877192982456,3.0,0.9084823489032638,2,default,gbdt
3,0.01,most_risky,0.8273783900129144,0.6712328767123288,0.21729490022172948,0.3424657534246575,11614,0.1865851558463923,308,4,4,0,1.0,0.7175324675324676,4.0,0.9133879055187618,2,default,gbdt
4,0.01,most_risky,0.8272990586531499,0.7152777777777778,0.19109461966604824,0.4305555555555556,13807,0.18302310422249585,311,4,3,1,0.75,0.6816720257234726,3.0,0.8978273168359293,2,default,gbdt
5,0.01,most_risky,0.8351545426162972,0.6907894736842105,0.17918088737201365,0.3815789473684211,16015,0.17845769591008429,295,3,1,2,0.3333333333333333,0.6338983050847458,1.0,0.909996524080837,2,default,gbdt
6,0.01,most_risky,0.8325109649122807,0.6666666666666666,0.1679160419790105,0.3333333333333333,18238,0.17715758306831889,280,3,2,1,0.6666666666666666,0.6714285714285714,2.0,0.922135516268484,2,default,gbdt
7,0.01,most_risky,0.8416156670746634,0.6612903225806451,0.173974540311174,0.3225806451612903,20421,0.1750159149894716,321,4,4,0,1.0,0.6448598130841121,4.0,0.9155600328976021,2,default,gbdt
8,0.01,most_risky,0.8427686864219371,0.6704545454545454,0.15304798962386512,0.3409090909090909,22610,0.17452454666076958,315,4,2,2,0.5,0.6317460317460317,2.0,0.9231212108361323,2,default,gbdt
9,0.01,most_risky,0.8447442609746275,0.6962025316455697,0.13205282112845138,0.3924050632911392,24829,0.17407064319948448,284,3,3,0,1.0,0.7112676056338029,3.0,0.9123329928009087,2,default,gbdt
10,0.01,most_risky,0.8403920843351211,0.6573033707865169,0.12731229597388466,0.3146067415730337,27033,0.17278881367217844,299,3,3,0,1.0,0.6287625418060201,3.0,0.8895509561158216,2,default,gbdt
0,0.01,most_risky,0.813,0.5470085470085471,0.32323232323232326,0.09401709401709402,5000,0.211,0,0,0,0,0.0,0.0,0.0,0.0,3,default,gbdt
1,0.01,most_risky,0.8259958071278826,0.675,0.27835051546391754,0.35,7152,0.1967281879194631,352,4,4,0,1.0,0.6789772727272727,4.0,0.9051385663135795,3,default,gbdt
2,0.01,most_risky,0.8342274678111588,0.6357142857142857,0.2564841498559078,0.2714285714285714,9316,0.1886002576212967,340,4,4,0,1.0,0.6617647058823529,4.0,0.9032540531001487,3,default,gbdt
3,0.01,most_risky,0.8313776618861365,0.5857988165680473,0.23741007194244604,0.17159763313609466,11502,0.18666318901060686,318,4,3,1,0.75,0.6383647798742138,3.0,0.9063959529489187,3,default,gbdt
4,0.01,most_risky,0.8448338809784592,0.656934306569343,0.19230769230769232,0.31386861313868614,13694,0.18256170585657952,312,4,3,1,0.75,0.6121794871794872,3.0,0.9099332484267416,3,default,gbdt
5,0.01,most_risky,0.8281397544853636,0.6751592356687898,0.17637271214642264,0.3503184713375796,15881,0.18027832000503746,317,4,3,1,0.75,0.7160883280757098,3.0,0.9181202505809365,3,default,gbdt
6,0.01,most_risky,0.8307990047000277,0.6114649681528662,0.14837712519319937,0.2229299363057325,18082,0.17713748479150537,303,4,2,2,0.5,0.6798679867986799,2.0,0.9039023662872322,3,default,gbdt
7,0.01,most_risky,0.8491730436929154,0.6708860759493671,0.1593984962406015,0.34177215189873417,20251,0.17441114019060788,335,4,2,2,0.5,0.6597014925373135,2.0,0.8653187285471081,3,default,gbdt
8,0.01,most_risky,0.8343353373413493,0.6190476190476191,0.11681643132220795,0.23809523809523808,22451,0.1730880584383769,304,4,2,2,0.5,0.6282894736842105,2.0,0.8884485085751453,3,default,gbdt
9,0.01,most_risky,0.8384412421351736,0.5838509316770186,0.11421628189550426,0.16770186335403728,24632,0.17132185774602143,323,4,4,0,1.0,0.6439628482972136,4.0,0.8672274392470976,3,default,gbdt
10,0.01,most_risky,0.8365295103332713,0.5714285714285714,0.11074197120708748,0.14285714285714285,26855,0.17021038912679204,280,3,3,0,1.0,0.6571428571428571,3.0,0.8518493971423623,3,default,gbdt
0,0.01,most_risky,0.829,0.6923076923076923,0.4072398190045249,0.38461538461538464,5000,0.2196,0,0,0,0,0.0,0.0,0.0,0.0,4,default,gbdt
1,0.01,most_risky,0.8286908077994429,0.6453900709219859,0.3170731707317073,0.2907801418439716,7176,0.2028985507246377,328,4,3,1,0.75,0.6798780487804879,3.0,0.925721223487386,4,default,gbdt
2,0.01,most_risky,0.8097274184927846,0.5986842105263158,0.23575129533678757,0.19736842105263158,9352,0.19161676646706588,328,4,2,2,0.5,0.6310975609756098,2.0,0.9002834406030549,4,default,gbdt
3,0.01,most_risky,0.8316062176165803,0.5972222222222222,0.20574162679425836,0.19444444444444445,11580,0.18652849740932642,275,3,3,0,1.0,0.72,3.0,0.9362930428756342,4,default,gbdt
4,0.01,most_risky,0.831277213352685,0.5580110497237569,0.20781893004115226,0.11602209944751381,13779,0.181725814645475,305,4,3,1,0.75,0.6295081967213115,3.0,0.9296761871320512,4,default,gbdt
5,0.01,most_risky,0.831453634085213,0.6079545454545454,0.1857638888888889,0.2159090909090909,15957,0.17873033778279124,326,4,3,1,0.75,0.6533742331288344,3.0,0.9380176154816501,4,default,gbdt
6,0.01,most_risky,0.832094687586017,0.6125,0.15170278637770898,0.225,18162,0.17569650919502258,298,3,1,2,0.3333333333333333,0.6308724832214765,1.0,0.9497938331635559,4,default,gbdt
7,0.01,most_risky,0.8376320314419061,0.6089743589743589,0.1366906474820144,0.21794871794871795,20353,0.1738318675379551,313,4,3,1,0.75,0.6293929712460063,3.0,0.9320153847284656,4,default,gbdt
8,0.01,most_risky,0.8404349755881048,0.6441717791411042,0.1370757180156658,0.2883435582822086,22527,0.17339192968437875,330,4,2,2,0.5,0.6909090909090909,2.0,0.9330235786644324,4,default,gbdt
9,0.01,most_risky,0.841010101010101,0.6709677419354839,0.12380952380952381,0.3419354838709677,24747,0.17311189235058794,283,3,3,0,1.0,0.6007067137809188,3.0,0.9038046422666687,4,default,gbdt
10,0.01,most_risky,0.8355885078776645,0.6551724137931034,0.12114771519659936,0.3103448275862069,26971,0.17233324682065923,279,3,2,1,0.6666666666666666,0.7060931899641577,2.0,0.9313190440896889,4,default,gbdt
0,0.02,most_risky,0.823,0.680327868852459,0.3755656108597285,0.36065573770491804,5000,0.2226,0,0,0,0,0.0,0.0,0.0,0.0,0,default,gbdt
1,0.02,most_risky,0.8334489937543372,0.6573426573426573,0.3298245614035088,0.3146853146853147,7201,0.20122205249270936,306,7,5,2,0.7142857142857143,0.6535947712418301,5.0,0.9409957482607184,0,default,gbdt
2,0.02,most_risky,0.821939586645469,0.6825396825396826,0.225130890052356,0.36507936507936506,9431,0.19499522850174955,276,6,4,2,0.6666666666666666,0.6847826086956522,4.0,0.9194134236967025,0,default,gbdt
3,0.02,most_risky,0.8319002579535684,0.6846153846153846,0.20273348519362186,0.36923076923076925,11629,0.1874623785364176,309,7,5,2,0.7142857142857143,0.6537216828478964,5.0,0.9395194146145577,0,default,gbdt
4,0.02,most_risky,0.8247199132634623,0.6712328767123288,0.18317757009345795,0.3424657534246575,13832,0.18522267206477733,304,7,4,3,0.5714285714285714,0.6776315789473685,4.0,0.9178789864748739,0,default,gbdt
5,0.02,most_risky,0.8228162884675163,0.7132867132867133,0.16164817749603805,0.42657342657342656,16081,0.18195385859088364,257,6,5,1,0.8333333333333334,0.688715953307393,5.0,0.8896660111111069,0,default,gbdt
6,0.02,most_risky,0.8276427205681508,0.6496815286624203,0.1504424778761062,0.29936305732484075,18304,0.17864947552447552,283,6,5,1,0.8333333333333334,0.6855123674911661,5.0,0.8895870496558943,0,default,gbdt
7,0.02,most_risky,0.8402439024390244,0.625,0.14388489208633093,0.25,20500,0.17629268292682926,311,7,6,1,0.8571428571428571,0.6655948553054662,6.0,0.9052226297572131,0,default,gbdt
8,0.02,most_risky,0.8283828382838284,0.6167664670658682,0.12576312576312576,0.23353293413173654,22724,0.17505720823798626,282,6,4,2,0.6666666666666666,0.6985815602836879,4.0,0.8770315085108482,0,default,gbdt
9,0.02,most_risky,0.8328316275336143,0.6107784431137725,0.11724137931034483,0.2215568862275449,24911,0.17409979527116534,320,7,6,1,0.8571428571428571,0.646875,6.0,0.9060469988443592,0,default,gbdt
10,0.02,most_risky,0.8307210031347962,0.5603864734299517,0.12301166489925769,0.12077294685990338,27111,0.17328759544096492,307,7,6,1,0.8571428571428571,0.6807817589576547,6.0,0.9307949853487685,0,default,gbdt
0,0.02,most_risky,0.801,0.5899280575539568,0.36607142857142855,0.17985611510791366,5000,0.2286,0,0,0,0,0.0,0.0,0.0,0.0,1,default,gbdt
1,0.02,most_risky,0.8065414057063326,0.6616541353383458,0.27414330218068533,0.3233082706766917,7185,0.2093249826026444,322,7,5,2,0.7142857142857143,0.6708074534161491,5.0,0.9011823028286434,1,default,gbdt
2,0.02,most_risky,0.810335641981886,0.6392405063291139,0.2525,0.27848101265822783,9384,0.19682438192668372,308,7,6,1,0.8571428571428571,0.6363636363636364,6.0,0.9351580883352025,1,default,gbdt
3,0.02,most_risky,0.8250753985351141,0.6217948717948718,0.21846846846846846,0.24358974358974358,11602,0.18867436648853647,288,6,6,0,1.0,0.6840277777777778,6.0,0.8970334234641881,1,default,gbdt
4,0.02,most_risky,0.8211440984793628,0.6026490066225165,0.17333333333333334,0.2052980132450331,13808,0.1817786790266512,300,6,5,1,0.8333333333333334,0.6766666666666666,5.0,0.9050662887832184,1,default,gbdt
5,0.02,most_risky,0.8213616489693941,0.5882352941176471,0.16611295681063123,0.17647058823529413,16008,0.17834832583708146,307,7,5,2,0.7142857142857143,0.6970684039087948,5.0,0.8835662522261785,1,default,gbdt
6,0.02,most_risky,0.8364883401920439,0.5775401069518716,0.1728,0.15508021390374332,18224,0.17630597014925373,290,6,4,2,0.6666666666666666,0.6586206896551724,4.0,0.9000040874226759,1,default,gbdt
7,0.02,most_risky,0.8462858543760726,0.7090909090909091,0.16810344827586207,0.41818181818181815,20394,0.1752476218495636,337,7,6,1,0.8571428571428571,0.658753709198813,6.0,0.898294983811642,1,default,gbdt
8,0.02,most_risky,0.8256637168141593,0.6182795698924731,0.13822115384615385,0.23655913978494625,22599,0.17421124828532236,302,7,4,3,0.5714285714285714,0.6589403973509934,4.0,0.8757413519070457,1,default,gbdt
9,0.02,most_risky,0.8404833836858006,0.612565445026178,0.14011976047904193,0.225130890052356,24823,0.17411271804374975,282,6,5,1,0.8333333333333334,0.6773049645390071,5.0,0.8741675524596261,1,default,gbdt
10,0.02,most_risky,0.8377428307123034,0.6216216216216216,0.14822771213748656,0.24324324324324326,27025,0.1723959296947271,305,7,5,2,0.7142857142857143,0.6524590163934426,5.0,0.8753428419102114,1,default,gbdt
0,0.02,most_risky,0.826,0.6614173228346457,0.39069767441860465,0.3228346456692913,5000,0.2188,0,0,0,0,0.0,0.0,0.0,0.0,2,default,gbdt
1,0.02,most_risky,0.8369188063844553,0.6115702479338843,0.2824427480916031,0.2231404958677686,7203,0.20380397056781896,304,7,6,1,0.8571428571428571,0.6842105263157895,6.0,0.912683254112103,2,default,gbdt
2,0.02,most_risky,0.8376657824933686,0.6833333333333333,0.2342857142857143,0.36666666666666664,9423,0.19134033747214263,286,6,4,2,0.6666666666666666,0.6293706293706294,4.0,0.9048852784785018,2,default,gbdt
3,0.02,most_risky,0.8225667527993109,0.6622516556291391,0.21691973969631237,0.32450331125827814,11609,0.18614867775002153,321,7,6,1,0.8571428571428571,0.7289719626168224,6.0,0.9084142453552367,2,default,gbdt
4,0.02,most_risky,0.8312205722564289,0.6992481203007519,0.1791907514450867,0.39849624060150374,13803,0.1827139027747591,313,7,6,1,0.8571428571428571,0.6837060702875399,6.0,0.8956872687843754,2,default,gbdt
5,0.02,most_risky,0.8385384134915678,0.6962025316455697,0.18998272884283246,0.3924050632911392,16007,0.17835946773286687,303,7,6,1,0.8571428571428571,0.6270627062706271,6.0,0.9195681496922316,2,default,gbdt
6,0.02,most_risky,0.8374006032355361,0.6379310344827587,0.1731669266770671,0.27586206896551724,18231,0.17684164335472546,282,6,6,0,1.0,0.6950354609929078,6.0,0.9315994695764361,2,default,gbdt
7,0.02,most_risky,0.8390017127477367,0.6494252873563219,0.1591549295774648,0.2988505747126437,20434,0.17514926103552902,304,7,7,0,1.0,0.6513157894736842,7.0,0.8981315995077223,2,default,gbdt
8,0.02,most_risky,0.8417329796640142,0.6736111111111112,0.12663185378590078,0.3472222222222222,22617,0.1745147455453862,324,7,6,1,0.8571428571428571,0.6388888888888888,6.0,0.9228422208974223,2,default,gbdt
9,0.02,most_risky,0.836788086134031,0.6938775510204082,0.1175115207373272,0.3877551020408163,24842,0.17426133161581192,281,6,6,0,1.0,0.708185053380783,6.0,0.910827901468496,2,default,gbdt
10,0.02,most_risky,0.8423581593051191,0.6647727272727273,0.12843029637760703,0.32954545454545453,27052,0.1729631820198137,296,6,6,0,1.0,0.6418918918918919,6.0,0.9269562275248605,2,default,gbdt
0,0.02,most_risky,0.813,0.5470085470085471,0.32323232323232326,0.09401709401709402,5000,0.211,0,0,0,0,0.0,0.0,0.0,0.0,3,default,gbdt
1,0.02,most_risky,0.8289106145251397,0.7317073170731707,0.2980132450331126,0.4634146341463415,7156,0.19717719396310787,352,8,8,0,1.0,0.6789772727272727,8.0,0.896390569797451,3,default,gbdt
2,0.02,most_risky,0.8367237687366167,0.6301369863013698,0.26822157434402333,0.2602739726027397,9339,0.18952778670093157,324,7,7,0,1.0,0.6759259259259259,7.0,0.864018720094574,3,default,gbdt
3,0.02,most_risky,0.8331166016471608,0.6013071895424836,0.22115384615384615,0.20261437908496732,11534,0.1872724119993064,312,7,5,2,0.7142857142857143,0.657051282051282,5.0,0.9167102413807662,3,default,gbdt
4,0.02,most_risky,0.8259919912631962,0.6830985915492958,0.1830188679245283,0.36619718309859156,13731,0.1830165319350375,310,7,6,1,0.8571428571428571,0.6258064516129033,6.0,0.9013314834696635,3,default,gbdt
5,0.02,most_risky,0.8326005025125628,0.6645161290322581,0.17636986301369864,0.32903225806451614,15917,0.18075014135829617,321,7,4,3,0.5714285714285714,0.7071651090342679,4.0,0.8827607286697212,3,default,gbdt
6,0.02,most_risky,0.8274910295335357,0.654054054054054,0.1774193548387097,0.3081081081081081,18114,0.17765264436347578,310,7,5,2,0.7142857142857143,0.6709677419354839,5.0,0.8616400402547237,3,default,gbdt
7,0.02,most_risky,0.8430647942843065,0.6609195402298851,0.16594516594516595,0.3218390804597701,20293,0.1754299512147046,328,7,7,0,1.0,0.649390243902439,7.0,0.8608842522740249,3,default,gbdt
8,0.02,most_risky,0.8325560737286254,0.6357615894039735,0.12075471698113208,0.271523178807947,22512,0.17408493248045487,287,6,4,2,0.6666666666666666,0.6550522648083623,4.0,0.887088061370128,3,default,gbdt
9,0.02,most_risky,0.8389641917863646,0.5833333333333334,0.1271186440677966,0.16666666666666666,24711,0.17259520051798793,308,7,6,1,0.8571428571428571,0.6428571428571429,6.0,0.8828808874729793,3,default,gbdt
10,0.02,most_risky,0.8320029701132355,0.569060773480663,0.110752688172043,0.13812154696132597,26932,0.17146888459824744,285,6,6,0,1.0,0.6491228070175439,6.0,0.8687920753612038,3,default,gbdt
0,0.02,most_risky,0.829,0.6923076923076923,0.4072398190045249,0.38461538461538464,5000,0.2196,0,0,0,0,0.0,0.0,0.0,0.0,4,default,gbdt
1,0.02,most_risky,0.8154596100278552,0.6258064516129033,0.3190789473684211,0.25161290322580643,7179,0.20309235269536147,328,7,5,2,0.7142857142857143,0.6798780487804879,5.0,0.9150892236935775,4,default,gbdt
2,0.02,most_risky,0.8304,0.6620689655172414,0.26301369863013696,0.32413793103448274,9372,0.19259496372172427,314,7,5,2,0.7142857142857143,0.6337579617834395,5.0,0.9091183586900531,4,default,gbdt
3,0.02,most_risky,0.8209212225570384,0.5875,0.21171171171171171,0.175,11613,0.18746232670283303,265,6,4,2,0.6666666666666666,0.7358490566037735,4.0,0.9110591744446119,4,default,gbdt
4,0.02,most_risky,0.8253623188405798,0.5987654320987654,0.188715953307393,0.19753086419753085,13798,0.18212784461516163,322,7,6,1,0.8571428571428571,0.6304347826086957,6.0,0.9183216056590452,4,default,gbdt
5,0.02,most_risky,0.8369837296620776,0.6111111111111112,0.19607843137254902,0.2222222222222222,15977,0.17938286286536897,328,7,7,0,1.0,0.6463414634146342,7.0,0.929712309766152,4,default,gbdt
6,0.02,most_risky,0.8333333333333334,0.6273291925465838,0.1561051004636785,0.2546583850931677,18176,0.1761113556338028,308,7,4,3,0.5714285714285714,0.6331168831168831,4.0,0.9027197004159253,4,default,gbdt
7,0.02,most_risky,0.8262576687116564,0.5838509316770186,0.12789115646258503,0.16770186335403728,20373,0.17454474058803318,310,7,7,0,1.0,0.6225806451612903,7.0,0.8921527827809417,4,default,gbdt
8,0.02,most_risky,0.8349579087284005,0.6379310344827587,0.13997477931904162,0.27586206896551724,22568,0.17449485997873096,312,7,6,1,0.8571428571428571,0.6987179487179487,6.0,0.8898426466594217,4,default,gbdt
9,0.02,most_risky,0.8426784993949173,0.6993865030674846,0.1349112426035503,0.3987730061349693,24790,0.17418313836224283,284,6,5,1,0.8333333333333334,0.5985915492957746,5.0,0.8921897188212485,4,default,gbdt
10,0.02,most_risky,0.8325004627059042,0.6589595375722543,0.11875,0.3179190751445087,27012,0.1732193099363246,284,6,4,2,0.6666666666666666,0.7112676056338029,4.0,0.8971867245572068,4,default,gbdt
0,0.05,most_risky,0.823,0.680327868852459,0.3755656108597285,0.36065573770491804,5000,0.2226,0,0,0,0,0.0,0.0,0.0,0.0,0,default,gbdt
1,0.05,most_risky,0.8335644937586685,0.6742424242424242,0.3111888111888112,0.3484848484848485,7210,0.20180305131761442,306,16,11,5,0.6875,0.6535947712418301,11.0,0.9164268156296307,0,default,gbdt
2,0.05,most_risky,0.8246822033898306,0.6592592592592592,0.23796791443850268,0.31851851851851853,9438,0.19538037719855902,287,15,11,4,0.7333333333333333,0.686411149825784,11.0,0.889911000621017,0,default,gbdt
3,0.05,most_risky,0.8277491408934707,0.6946564885496184,0.2013274336283186,0.3893129770992366,11638,0.18834851349029041,316,16,13,3,0.8125,0.6424050632911392,13.0,0.8864087513714027,0,default,gbdt
4,0.05,most_risky,0.8273745034308415,0.6688741721854304,0.19092627599243855,0.33774834437086093,13844,0.1861456226524126,310,16,13,3,0.8125,0.6838709677419355,13.0,0.876535148357273,0,default,gbdt
5,0.05,most_risky,0.8314676616915423,0.673469387755102,0.16694772344013492,0.3469387755102041,16080,0.1824004975124378,278,14,10,4,0.7142857142857143,0.6834532374100719,10.0,0.8619070256615055,0,default,gbdt
6,0.05,most_risky,0.8300546448087431,0.6381578947368421,0.1460843373493976,0.27631578947368424,18297,0.17920970650926382,298,15,11,4,0.7333333333333333,0.6644295302013423,11.0,0.8561680577081201,0,default,gbdt
7,0.05,most_risky,0.8349183126066813,0.643312101910828,0.13988919667590027,0.28662420382165604,20504,0.1768923136948888,309,16,15,1,0.9375,0.686084142394822,15.0,0.8604598004223918,0,default,gbdt
8,0.05,most_risky,0.8353122251539138,0.5904255319148937,0.1417624521072797,0.18085106382978725,22738,0.17587298794968775,281,15,9,6,0.6,0.6903914590747331,9.0,0.860892935766747,0,default,gbdt
9,0.05,most_risky,0.8331327717609306,0.6473988439306358,0.12684031710079274,0.2947976878612717,24930,0.1748094665062174,325,17,13,4,0.7647058823529411,0.6584615384615384,13.0,0.8682610257129106,0,default,gbdt
10,0.05,most_risky,0.8369264787175235,0.6373626373626373,0.12406417112299466,0.27472527472527475,27132,0.17381689517912427,314,16,12,4,0.75,0.6942675159235668,12.0,0.8739344370811839,0,default,gbdt
0,0.05,most_risky,0.801,0.5899280575539568,0.36607142857142855,0.17985611510791366,5000,0.2286,0,0,0,0,0.0,0.0,0.0,0.0,1,default,gbdt
1,0.05,most_risky,0.8040305767894371,0.6147540983606558,0.24193548387096775,0.22950819672131148,7195,0.21014593467685894,322,17,13,4,0.7647058823529411,0.6708074534161491,13.0,0.8794827240953529,1,default,gbdt
2,0.05,most_risky,0.8293460925039873,0.6666666666666666,0.2601626016260163,0.3333333333333333,9402,0.1975111678366305,309,16,16,0,1.0,0.6601941747572816,16.0,0.9053153619538234,1,default,gbdt
3,0.05,most_risky,0.8218884120171673,0.6257668711656442,0.2236842105263158,0.25153374233128833,11646,0.1907092563970462,270,14,13,1,0.9285714285714286,0.674074074074074,13.0,0.877671758951193,1,default,gbdt
4,0.05,most_risky,0.8315903353768482,0.6287425149700598,0.20588235294117646,0.25748502994011974,13864,0.18421811886901326,297,15,15,0,1.0,0.6767676767676768,15.0,0.9162398891625035,1,default,gbdt
5,0.05,most_risky,0.8264385692068429,0.6079545454545454,0.17953020134228187,0.2159090909090909,16073,0.18098674796242145,307,16,12,4,0.75,0.6872964169381107,12.0,0.871769195065333,1,default,gbdt
6,0.05,most_risky,0.8405797101449275,0.6892655367231638,0.18769230769230769,0.3785310734463277,18285,0.1786710418375718,304,16,14,2,0.875,0.6611842105263158,14.0,0.8775710639159902,1,default,gbdt
7,0.05,most_risky,0.832967032967033,0.6294416243654822,0.16870748299319727,0.25888324873096447,20473,0.17774630000488448,329,17,14,3,0.8235294117647058,0.6656534954407295,14.0,0.8900207401599234,1,default,gbdt
8,0.05,most_risky,0.8322680185144369,0.6601941747572816,0.16444981862152358,0.32038834951456313,22684,0.17695291835655086,305,16,13,3,0.8125,0.6426229508196721,13.0,0.8897460236289182,1,default,gbdt
9,0.05,most_risky,0.837913741223671,0.591304347826087,0.16,0.1826086956521739,24925,0.17693079237713139,273,14,12,2,0.8571428571428571,0.684981684981685,12.0,0.8789905253716492,1,default,gbdt
10,0.05,most_risky,0.8359749354957612,0.6349809885931559,0.17377731529656607,0.26996197718631176,27128,0.17513270421704513,313,16,13,3,0.8125,0.6485623003194888,13.0,0.8735986769390957,1,default,gbdt
0,0.05,most_risky,0.826,0.6614173228346457,0.39069767441860465,0.3228346456692913,5000,0.2188,0,0,0,0,0.0,0.0,0.0,0.0,2,default,gbdt
1,0.05,most_risky,0.8309078309078309,0.6228070175438597,0.2610294117647059,0.24561403508771928,7212,0.20465890183028287,304,16,14,2,0.875,0.6842105263157895,14.0,0.9006440195836838,2,default,gbdt
2,0.05,most_risky,0.829978813559322,0.6746031746031746,0.2328767123287671,0.3492063492063492,9439,0.192393261998093,288,15,13,2,0.8666666666666667,0.6388888888888888,13.0,0.8976089886656262,2,default,gbdt
3,0.05,most_risky,0.8362698753760206,0.6442953020134228,0.22641509433962265,0.28859060402684567,11635,0.187795444778685,320,16,14,2,0.875,0.721875,14.0,0.8978888309169308,2,default,gbdt
4,0.05,most_risky,0.8389891696750903,0.7445255474452555,0.19883040935672514,0.48905109489051096,13848,0.18450317735413055,303,16,12,4,0.75,0.6963696369636964,12.0,0.8932464149650686,2,default,gbdt
5,0.05,most_risky,0.840958605664488,0.7150837988826816,0.21768707482993196,0.4301675977653631,16064,0.1799676294820717,299,15,10,5,0.6666666666666666,0.6387959866220736,10.0,0.8812579085383373,2,default,gbdt
6,0.05,most_risky,0.839344262295082,0.6705202312138728,0.17928902627511592,0.34104046242774566,18300,0.17896174863387979,278,14,11,3,0.7857142857142857,0.6690647482014388,11.0,0.8831969191030862,2,default,gbdt
7,0.05,most_risky,0.8318303680233975,0.6601941747572816,0.17989417989417988,0.32038834951456313,20513,0.17696095159167358,303,16,13,3,0.8125,0.6732673267326733,13.0,0.8985274872276392,2,default,gbdt
8,0.05,most_risky,0.8391285211267606,0.6353591160220995,0.14743589743589744,0.27071823204419887,22718,0.176688088740206,311,16,12,4,0.75,0.6334405144694534,12.0,0.8906415743301281,2,default,gbdt
9,0.05,most_risky,0.8350701402805611,0.6536312849162011,0.13325740318906606,0.30726256983240224,24948,0.17648709315375982,285,15,12,3,0.8,0.6947368421052632,12.0,0.8844901054068421,2,default,gbdt
10,0.05,most_risky,0.8405077262693157,0.6666666666666666,0.14346895074946467,0.3333333333333333,27179,0.17539276647411606,284,15,12,3,0.8,0.6408450704225352,12.0,0.8691673230521313,2,default,gbdt
0,0.05,most_risky,0.813,0.5470085470085471,0.32323232323232326,0.09401709401709402,5000,0.211,0,0,0,0,0.0,0.0,0.0,0.0,3,default,gbdt
1,0.05,most_risky,0.8277545327754533,0.6666666666666666,0.296551724137931,0.3333333333333333,7166,0.19829751604800447,352,18,18,0,1.0,0.6789772727272727,18.0,0.8809320943201586,3,default,gbdt
2,0.05,most_risky,0.8355579284570208,0.6556291390728477,0.27887323943661974,0.31125827814569534,9361,0.19089840828971263,322,17,16,1,0.9411764705882353,0.6863354037267081,16.0,0.8414254160054353,3,default,gbdt
3,0.05,most_risky,0.8335495028102032,0.56875,0.22358722358722358,0.1375,11563,0.1888783187754043,314,16,12,4,0.75,0.6528662420382165,12.0,0.8649143298242594,3,default,gbdt
4,0.05,most_risky,0.8307301126044315,0.6688741721854304,0.195357833655706,0.33774834437086093,13764,0.18475733798314445,315,16,12,4,0.75,0.6158730158730159,12.0,0.8920310553981246,3,default,gbdt
5,0.05,most_risky,0.8348480100282043,0.6951219512195121,0.19289340101522842,0.3902439024390244,15954,0.1824620784756174,327,17,13,4,0.7647058823529411,0.709480122324159,13.0,0.8581381500182822,3,default,gbdt
6,0.05,most_risky,0.8369595152850454,0.627906976744186,0.16981132075471697,0.2558139534883721,18154,0.1790789908560097,316,16,11,5,0.6875,0.680379746835443,11.0,0.8638439272722489,3,default,gbdt
7,0.05,most_risky,0.8452088452088452,0.6453488372093024,0.16323529411764706,0.29069767441860467,20350,0.17705159705159706,321,17,16,1,0.9411764705882353,0.660436137071651,16.0,0.8432334916572444,3,default,gbdt
8,0.05,most_risky,0.8416038989809481,0.6526946107784432,0.1422976501305483,0.30538922155688625,22569,0.17568345961274315,296,15,10,5,0.6666666666666666,0.6452702702702703,10.0,0.8845225064450848,3,default,gbdt
9,0.05,most_risky,0.8405329027048849,0.6117021276595744,0.13822115384615385,0.22340425531914893,24769,0.17408857846501674,316,16,11,5,0.6875,0.6392405063291139,11.0,0.8481993199901156,3,default,gbdt
10,0.05,most_risky,0.838488609001667,0.5978260869565217,0.1211453744493392,0.1956521739130435,26991,0.1727983401874699,293,15,13,2,0.8666666666666667,0.658703071672355,13.0,0.8645519434529629,3,default,gbdt
0,0.05,most_risky,0.829,0.6923076923076923,0.4072398190045249,0.38461538461538464,5000,0.2196,0,0,0,0,0.0,0.0,0.0,0.0,4,default,gbdt
1,0.05,most_risky,0.8087621696801113,0.5555555555555556,0.27491408934707906,0.1111111111111111,7189,0.20364445680901377,328,17,11,6,0.6470588235294118,0.6798780487804879,11.0,0.8958294970681588,4,default,gbdt
2,0.05,most_risky,0.8268513585508791,0.6862745098039216,0.27486910994764396,0.37254901960784315,9383,0.19354151124373867,323,17,13,4,0.7647058823529411,0.6253869969040248,13.0,0.9069227609209657,4,default,gbdt
3,0.05,most_risky,0.8223655913978495,0.603448275862069,0.23385300668151449,0.20689655172413793,11623,0.18876365826378733,274,14,10,4,0.7142857142857143,0.7116788321167883,10.0,0.8660718767740266,4,default,gbdt
4,0.05,most_risky,0.8235081374321881,0.5965909090909091,0.20114942528735633,0.19318181818181818,13825,0.18386980108499096,314,16,13,3,0.8125,0.6305732484076433,13.0,0.893750656274278,4,default,gbdt
5,0.05,most_risky,0.8365054602184088,0.6353591160220995,0.2006980802792321,0.27071823204419887,16021,0.18088758504462893,321,17,14,3,0.8235294117647058,0.6728971962616822,14.0,0.8912411442759588,4,default,gbdt
6,0.05,most_risky,0.8316885964912281,0.6045197740112994,0.16436251920122888,0.20903954802259886,18237,0.17782530021385096,299,15,10,5,0.6666666666666666,0.6387959866220736,10.0,0.9151955794688788,4,default,gbdt
7,0.05,most_risky,0.8352912383749388,0.5977011494252874,0.1471004243281471,0.19540229885057472,20430,0.1759667156142927,324,17,14,3,0.8235294117647058,0.6265432098765432,14.0,0.8830054481557572,4,default,gbdt
8,0.05,most_risky,0.8415819708351745,0.6378378378378379,0.15364583333333334,0.2756756756756757,22627,0.17589605338754585,319,16,14,2,0.875,0.6990595611285266,14.0,0.8736529192438071,4,default,gbdt
9,0.05,most_risky,0.83209330384074,0.6703296703296703,0.13600891861761427,0.34065934065934067,24861,0.17569687462290334,281,15,13,2,0.8666666666666667,0.604982206405694,13.0,0.8777931914431203,4,default,gbdt
10,0.05,most_risky,0.83690036900369,0.6861702127659575,0.13522012578616352,0.3723404255319149,27100,0.17498154981549816,275,14,12,2,0.8571428571428571,0.7163636363636363,12.0,0.8785055103808641,4,default,gbdt
0,0.1,most_risky,0.823,0.680327868852459,0.3755656108597285,0.36065573770491804,5000,0.2226,0,0,0,0,0.0,0.0,0.0,0.0,0,default,gbdt
1,0.1,most_risky,0.8380622837370242,0.7398373983739838,0.310580204778157,0.4796747967479675,7225,0.20290657439446366,306,31,22,9,0.7096774193548387,0.6535947712418301,22.0,0.8881557509461128,0,default,gbdt
2,0.1,most_risky,0.821917808219178,0.6363636363636364,0.2578947368421053,0.2727272727272727,9489,0.19738644746548636,263,27,17,10,0.6296296296296297,0.7034220532319392,17.0,0.8681413302367395,0,default,gbdt
3,0.1,most_risky,0.8219470538001707,0.7062937062937062,0.21218487394957983,0.4125874125874126,11709,0.19096421556067983,312,32,22,10,0.6875,0.6314102564102564,22.0,0.8557633185348518,0,default,gbdt
4,0.1,most_risky,0.8216720487979907,0.6727272727272727,0.2003610108303249,0.34545454545454546,13932,0.18891759977031294,308,31,21,10,0.6774193548387096,0.6785714285714286,21.0,0.8515884007830753,0,default,gbdt
5,0.1,most_risky,0.8310685608400247,0.7,0.18330605564648117,0.4,16188,0.18556955769705955,272,28,19,9,0.6785714285714286,0.6727941176470589,19.0,0.8099234549088293,0,default,gbdt
6,0.1,most_risky,0.8326098752034726,0.681592039800995,0.19855072463768117,0.36318407960199006,18426,0.1827309236947791,292,30,25,5,0.8333333333333334,0.6678082191780822,25.0,0.8269439942409746,0,default,gbdt
7,0.1,most_risky,0.8278033422136111,0.6534653465346535,0.17076326002587322,0.3069306930693069,20643,0.18059390592452648,315,32,28,4,0.875,0.6730158730158731,28.0,0.8123705409718662,0,default,gbdt
8,0.1,most_risky,0.834061135371179,0.6464646464646465,0.15647921760391198,0.29292929292929293,22897,0.179674193125737,274,28,21,7,0.75,0.7007299270072993,21.0,0.8166631327297559,0,default,gbdt
9,0.1,most_risky,0.8253335988846843,0.6100917431192661,0.1437837837837838,0.22018348623853212,25105,0.17896833300139414,325,33,31,2,0.9393939393939394,0.6523076923076923,31.0,0.8310382555035882,0,default,gbdt
10,0.1,most_risky,0.8249176728869374,0.6208530805687204,0.12996031746031747,0.24170616113744076,27329,0.17808920926488345,307,31,26,5,0.8387096774193549,0.7035830618892508,26.0,0.8650578816031148,0,default,gbdt
0,0.1,most_risky,0.801,0.5899280575539568,0.36607142857142855,0.17985611510791366,5000,0.2286,0,0,0,0,0.0,0.0,0.0,0.0,1,default,gbdt
1,0.1,most_risky,0.805959805959806,0.6434108527131783,0.2618296529968454,0.2868217054263566,7211,0.21106642629316322,322,33,23,10,0.696969696969697,0.6708074534161491,23.0,0.8522300223699619,1,default,gbdt
2,0.1,most_risky,0.8288288288288288,0.6855345911949685,0.28534031413612565,0.3710691823899371,9432,0.1990033927056828,311,32,25,7,0.78125,0.6527331189710611,25.0,0.8713393709842818,1,default,gbdt
3,0.1,most_risky,0.8275566966195977,0.6529411764705882,0.24395604395604395,0.3058823529411765,11683,0.19224514251476504,277,28,27,1,0.9642857142857143,0.6895306859205776,27.0,0.85322570647046,1,default,gbdt
4,0.1,most_risky,0.8301615798922801,0.6374269005847953,0.20961538461538462,0.27485380116959063,13922,0.18632380405114207,291,30,24,6,0.8,0.6701030927835051,24.0,0.8867507677927607,1,default,gbdt
5,0.1,most_risky,0.8320445406742963,0.6313131313131313,0.21008403361344538,0.26262626262626265,16161,0.183837633809789,291,30,24,6,0.8,0.6907216494845361,24.0,0.8344533485486955,1,default,gbdt
6,0.1,most_risky,0.8333333333333334,0.6150234741784038,0.19788519637462235,0.2300469483568075,18387,0.18159569260890845,305,31,23,8,0.7419354838709677,0.6557377049180327,23.0,0.8559298514060053,1,default,gbdt
7,0.1,most_risky,0.838231722127763,0.6739130434782609,0.16986301369863013,0.34782608695652173,20583,0.18048875285429725,338,34,28,6,0.8235294117647058,0.6775147928994083,28.0,0.8429212924485618,1,default,gbdt
8,0.1,most_risky,0.8411133026517642,0.6355555555555555,0.18193384223918574,0.27111111111111114,22813,0.17972208828299654,300,30,23,7,0.7666666666666667,0.6533333333333333,23.0,0.8520160055465118,1,default,gbdt
9,0.1,most_risky,0.8365921787709497,0.6680851063829787,0.17483296213808464,0.33617021276595743,25057,0.17959053358342977,285,29,25,4,0.8620689655172413,0.6877192982456141,25.0,0.8449409353969428,1,default,gbdt
10,0.1,most_risky,0.8381894814000367,0.6654676258992805,0.18974358974358974,0.33093525179856115,27285,0.17786329485065053,303,31,25,6,0.8064516129032258,0.66996699669967,25.0,0.8544421528921259,1,default,gbdt
0,0.1,most_risky,0.826,0.6614173228346457,0.39069767441860465,0.3228346456692913,5000,0.2188,0,0,0,0,0.0,0.0,0.0,0.0,2,default,gbdt
1,0.1,most_risky,0.8354080221300139,0.652542372881356,0.28102189781021897,0.3050847457627119,7227,0.20575619205756193,304,31,25,6,0.8064516129032258,0.6842105263157895,25.0,0.8812801195696349,2,default,gbdt
2,0.1,most_risky,0.8248945147679325,0.7419354838709677,0.23469387755102042,0.4838709677419355,9476,0.1943858168003377,279,28,21,7,0.75,0.6344086021505376,21.0,0.8828844590869906,2,default,gbdt
3,0.1,most_risky,0.8367521367521368,0.7333333333333333,0.24336283185840707,0.4666666666666667,11699,0.19027267287802377,308,31,22,9,0.7096774193548387,0.7272727272727273,22.0,0.8598048398141603,2,default,gbdt
4,0.1,most_risky,0.830940416367552,0.727810650887574,0.22445255474452555,0.4556213017751479,13928,0.18732050545663412,302,31,21,10,0.6774193548387096,0.6854304635761589,21.0,0.8467134223525766,2,default,gbdt
5,0.1,most_risky,0.8311688311688312,0.6650485436893204,0.22312703583061888,0.3300970873786408,16166,0.18297661759247805,292,30,18,12,0.6,0.636986301369863,18.0,0.8477473513748779,2,default,gbdt
6,0.1,most_risky,0.8327450448004344,0.6766169154228856,0.19796215429403202,0.35323383084577115,18413,0.181610818443491,282,29,22,7,0.7586206896551724,0.6914893617021277,22.0,0.8456029731821784,2,default,gbdt
7,0.1,most_risky,0.842462433349491,0.6878048780487804,0.1939477303988996,0.375609756097561,20629,0.17960153182413108,316,32,26,6,0.8125,0.6677215189873418,26.0,0.8337017701192351,2,default,gbdt
8,0.1,most_risky,0.8431415445197987,0.6778846153846154,0.17825537294563842,0.3557692307692308,22854,0.17939966745427496,306,31,22,9,0.7096774193548387,0.6405228758169934,22.0,0.8225715626993282,2,default,gbdt
9,0.1,most_risky,0.8333333333333334,0.698019801980198,0.15376226826608505,0.39603960396039606,25106,0.1793993467696965,276,28,24,4,0.8571428571428571,0.7065217391304348,24.0,0.8389019716343423,2,default,gbdt
10,0.1,most_risky,0.8447897623400366,0.6591928251121076,0.15978260869565217,0.3183856502242152,27348,0.17836770513383063,287,29,24,5,0.8275862068965517,0.6411149825783972,24.0,0.8178562589634083,2,default,gbdt
0,0.1,most_risky,0.813,0.5470085470085471,0.32323232323232326,0.09401709401709402,5000,0.211,0,0,0,0,0.0,0.0,0.0,0.0,3,default,gbdt
1,0.1,most_risky,0.8329853862212944,0.6666666666666666,0.3157894736842105,0.3333333333333333,7184,0.19961024498886415,352,36,31,5,0.8611111111111112,0.6789772727272727,31.0,0.8594481655021257,3,default,gbdt
2,0.1,most_risky,0.8265957446808511,0.6583850931677019,0.28116710875331563,0.3167701863354037,9396,0.19359301830566197,321,33,30,3,0.9090909090909091,0.6728971962616822,30.0,0.8239667465080717,3,default,gbdt
3,0.1,most_risky,0.837709857942316,0.6497175141242938,0.26744186046511625,0.2994350282485876,11612,0.19230106786083362,316,32,26,6,0.8125,0.6392405063291139,26.0,0.8513752102477956,3,default,gbdt
4,0.1,most_risky,0.8283339356704011,0.6473988439306358,0.21292775665399238,0.2947976878612717,13833,0.1881009180944119,310,31,24,7,0.7741935483870968,0.632258064516129,24.0,0.8540783886448219,3,default,gbdt
5,0.1,most_risky,0.8391521197007481,0.6526315789473685,0.21602787456445993,0.30526315789473685,16037,0.18588264638024568,329,33,25,8,0.7575757575757576,0.7082066869300911,25.0,0.832869515345517,3,default,gbdt
6,0.1,most_risky,0.8359353601752945,0.6205128205128205,0.1873065015479876,0.24102564102564103,18253,0.18254533501342246,316,32,24,8,0.75,0.6867088607594937,24.0,0.8501354136529244,3,default,gbdt
7,0.1,most_risky,0.8387096774193549,0.6875,0.18032786885245902,0.375,20460,0.18020527859237537,326,33,27,6,0.8181818181818182,0.6748466257668712,27.0,0.8307461274934557,3,default,gbdt
8,0.1,most_risky,0.8394273127753304,0.654639175257732,0.16096324461343473,0.30927835051546393,22700,0.17889867841409693,289,29,19,10,0.6551724137931034,0.6505190311418685,19.0,0.8452528179175216,3,default,gbdt
9,0.1,most_risky,0.8375125376128385,0.6044444444444445,0.15869311551925322,0.2088888888888889,24921,0.1775610930540508,311,32,25,7,0.78125,0.639871382636656,25.0,0.8404391142579568,3,default,gbdt
10,0.1,most_risky,0.8293760353395914,0.6322869955156951,0.14300202839756593,0.2645739910313901,27165,0.17651389655807104,285,29,25,4,0.8620689655172413,0.656140350877193,25.0,0.8320118454932428,3,default,gbdt
0,0.1,most_risky,0.829,0.6923076923076923,0.4072398190045249,0.38461538461538464,5000,0.2196,0,0,0,0,0.0,0.0,0.0,0.0,4,default,gbdt
1,0.1,most_risky,0.8223455933379598,0.6223776223776224,0.30584192439862545,0.24475524475524477,7205,0.20471894517696043,328,33,22,11,0.6666666666666666,0.6798780487804879,22.0,0.8734509827385784,4,default,gbdt
2,0.1,most_risky,0.823342175066313,0.6149068322981367,0.26756756756756755,0.22981366459627328,9421,0.19520220783356332,316,32,24,8,0.75,0.6360759493670886,24.0,0.8425389482001587,4,default,gbdt
3,0.1,most_risky,0.8296232876712328,0.6206896551724138,0.24545454545454545,0.2413793103448276,11676,0.19124700239808154,273,28,22,6,0.7857142857142857,0.6996336996336996,22.0,0.8633111957568562,4,default,gbdt
4,0.1,most_risky,0.8341726618705037,0.6176470588235294,0.20958083832335328,0.23529411764705882,13899,0.18634434131951938,308,31,24,7,0.7741935483870968,0.6493506493506493,24.0,0.8829216243431134,4,default,gbdt
5,0.1,most_risky,0.831833695314924,0.671875,0.21217105263157895,0.34375,16114,0.18387737371229987,317,32,27,5,0.84375,0.668769716088328,27.0,0.8517297714649646,4,default,gbdt
6,0.1,most_risky,0.8263832106841101,0.6373056994818653,0.1782608695652174,0.27461139896373055,18342,0.1813869807000327,303,31,25,6,0.8064516129032258,0.6171617161716172,25.0,0.8549944737991036,4,default,gbdt
7,0.1,most_risky,0.83681906614786,0.6561085972850679,0.19594594594594594,0.31221719457013575,20556,0.17980151780502043,318,32,25,7,0.78125,0.6194968553459119,25.0,0.860560025716083,4,default,gbdt
8,0.1,most_risky,0.841897233201581,0.6711711711711712,0.1871859296482412,0.34234234234234234,22770,0.17971014492753623,318,32,24,8,0.75,0.6981132075471698,24.0,0.843847393867074,4,default,gbdt
9,0.1,most_risky,0.8392321535692862,0.6444444444444445,0.1668584579976985,0.28888888888888886,25003,0.17905851297844258,297,30,20,10,0.6666666666666666,0.6060606060606061,20.0,0.8502309885640805,4,default,gbdt
10,0.1,most_risky,0.8367908940701303,0.68,0.1577319587628866,0.36,27234,0.1779393405302196,299,30,23,7,0.7666666666666667,0.7123745819397993,23.0,0.8514355533257176,4,default,gbdt
0,0.15,most_risky,0.823,0.680327868852459,0.3755656108597285,0.36065573770491804,5000,0.2226,0,0,0,0,0.0,0.0,0.0,0.0,0,default,gbdt
1,0.15,most_risky,0.837707182320442,0.6771653543307087,0.30714285714285716,0.3543307086614173,7240,0.20400552486187845,306,46,33,13,0.717391304347826,0.6535947712418301,33.0,0.8685172930900308,0,default,gbdt
2,0.15,most_risky,0.823869610935857,0.6344827586206897,0.24598930481283424,0.2689655172413793,9510,0.19968454258675078,271,41,32,9,0.7804878048780488,0.6826568265682657,32.0,0.8628133787238372,0,default,gbdt
3,0.15,most_risky,0.8229787234042554,0.7132352941176471,0.20464135021097046,0.4264705882352941,11746,0.1930018729780351,311,47,36,11,0.7659574468085106,0.662379421221865,36.0,0.847827526724167,0,default,gbdt
4,0.15,most_risky,0.8240972470504112,0.6702702702702703,0.22342342342342342,0.34054054054054056,13982,0.19181805178086112,311,47,35,12,0.7446808510638298,0.6559485530546624,35.0,0.8375586389256003,0,default,gbdt
5,0.15,most_risky,0.8338461538461538,0.6935483870967742,0.2107843137254902,0.3870967741935484,16250,0.18836923076923076,274,42,33,9,0.7857142857142857,0.6934306569343066,33.0,0.8294669228843367,0,default,gbdt
6,0.15,most_risky,0.835945945945946,0.6534653465346535,0.19730941704035873,0.3069306930693069,18496,0.1855536332179931,299,45,36,9,0.8,0.6622073578595318,36.0,0.8200340744175918,0,default,gbdt
7,0.15,most_risky,0.8347805113362277,0.6767676767676768,0.17748344370860927,0.35353535353535354,20726,0.1831033484512207,318,48,35,13,0.7291666666666666,0.6823899371069182,35.0,0.8223257498021171,0,default,gbdt
8,0.15,most_risky,0.8318834275772075,0.65625,0.17437722419928825,0.3125,22988,0.18222550896119716,281,43,32,11,0.7441860465116279,0.693950177935943,32.0,0.8008759092619324,0,default,gbdt
9,0.15,most_risky,0.8329038652130822,0.6502057613168725,0.17248908296943233,0.3004115226337449,25223,0.1817388891091464,312,47,41,6,0.8723404255319149,0.6602564102564102,41.0,0.8278085755069748,0,default,gbdt
10,0.15,most_risky,0.8312090313182812,0.6384615384615384,0.16616616616616617,0.27692307692307694,27457,0.18093746585570164,313,47,40,7,0.851063829787234,0.7028753993610224,40.0,0.8334454703969424,0,default,gbdt
0,0.15,most_risky,0.801,0.5899280575539568,0.36607142857142855,0.17985611510791366,5000,0.2286,0,0,0,0,0.0,0.0,0.0,0.0,1,default,gbdt
1,0.15,most_risky,0.8029045643153527,0.6165413533834586,0.25949367088607594,0.23308270676691728,7227,0.21212121212121213,322,49,34,15,0.6938775510204082,0.6708074534161491,34.0,0.8344441433998844,1,default,gbdt
2,0.15,most_risky,0.8375527426160337,0.6797385620915033,0.2865013774104683,0.35947712418300654,9476,0.2009286618826509,296,45,31,14,0.6888888888888889,0.652027027027027,31.0,0.8481851880238735,1,default,gbdt
3,0.15,most_risky,0.8209718670076727,0.625,0.23706896551724138,0.25,11727,0.1942525795173531,293,44,38,6,0.8636363636363636,0.6723549488054608,38.0,0.8037848401898025,1,default,gbdt
4,0.15,most_risky,0.8347639484978541,0.6574585635359116,0.22928709055876687,0.3149171270718232,13978,0.1883674345399914,294,45,36,9,0.8,0.6802721088435374,36.0,0.8550372464903941,1,default,gbdt
5,0.15,most_risky,0.8289149198520345,0.6066350710900474,0.21333333333333335,0.2132701421800948,16219,0.185769776188421,305,46,38,8,0.8260869565217391,0.6950819672131148,38.0,0.8223447033563762,1,default,gbdt
6,0.15,most_risky,0.84244721169464,0.6986301369863014,0.22869955156950672,0.3972602739726027,18468,0.18437296946068876,296,45,37,8,0.8222222222222222,0.6418918918918919,37.0,0.8483066403804426,1,default,gbdt
7,0.15,most_risky,0.8318028032866119,0.6933333333333334,0.19923371647509577,0.38666666666666666,20687,0.18398027746894186,331,50,44,6,0.88,0.6646525679758308,44.0,0.8449319195508137,1,default,gbdt
8,0.15,most_risky,0.8397296118621893,0.6626984126984127,0.204406364749082,0.3253968253968254,22927,0.18319012517991887,306,46,31,15,0.6739130434782609,0.6372549019607843,31.0,0.8393572196795449,1,default,gbdt
9,0.15,most_risky,0.8374354902739182,0.674074074074074,0.19934282584884994,0.34814814814814815,25189,0.18309579578387392,281,43,35,8,0.813953488372093,0.6903914590747331,35.0,0.8278152212173955,1,default,gbdt
10,0.15,most_risky,0.8401093892433911,0.6692307692307692,0.18031088082901556,0.3384615384615385,27424,0.18141044340723453,312,47,36,11,0.7659574468085106,0.6538461538461539,36.0,0.8140268547373545,1,default,gbdt
0,0.15,most_risky,0.826,0.6614173228346457,0.39069767441860465,0.3228346456692913,5000,0.2188,0,0,0,0,0.0,0.0,0.0,0.0,2,default,gbdt
1,0.15,most_risky,0.8267770876466529,0.6929133858267716,0.29333333333333333,0.3858267716535433,7242,0.20698702016017675,304,46,37,9,0.8043478260869565,0.6842105263157895,37.0,0.8656596283280793,2,default,gbdt
2,0.15,most_risky,0.8318444561219128,0.7142857142857143,0.2631578947368421,0.42857142857142855,9513,0.19646799116997793,270,41,32,9,0.7804878048780488,0.6407407407407407,32.0,0.8516557078655358,2,default,gbdt
3,0.15,most_risky,0.8370212765957447,0.6896551724137931,0.267260579064588,0.3793103448275862,11750,0.19293617021276596,310,47,35,12,0.7446808510638298,0.7193548387096774,35.0,0.8422636905444806,2,default,gbdt
4,0.15,most_risky,0.8387558097962102,0.7191011235955056,0.24196597353497165,0.43820224719101125,13984,0.18971681922196795,313,47,31,16,0.6595744680851063,0.6837060702875399,31.0,0.8276541892303788,2,default,gbdt
5,0.15,most_risky,0.8401109057301294,0.6878048780487804,0.23657718120805368,0.375609756097561,16230,0.18564386937769561,299,45,33,12,0.7333333333333333,0.6354515050167224,33.0,0.8145477605409094,2,default,gbdt
6,0.15,most_risky,0.8363980530016225,0.6844444444444444,0.2238372093023256,0.3688888888888889,18488,0.18471440934660321,285,43,36,7,0.8372093023255814,0.6771929824561403,36.0,0.8232965983200554,2,default,gbdt
7,0.15,most_risky,0.8383204633204633,0.6796536796536796,0.20849933598937584,0.3593073593073593,20720,0.1831081081081081,316,48,43,5,0.8958333333333334,0.6645569620253164,43.0,0.834377315878433,2,default,gbdt
8,0.15,most_risky,0.8372549019607843,0.6844660194174758,0.17132442284325639,0.36893203883495146,22948,0.1825867177967579,321,49,34,15,0.6938775510204082,0.6448598130841121,34.0,0.8195092693669873,2,default,gbdt
9,0.15,most_risky,0.8348860257680872,0.7268518518518519,0.1686358754027927,0.4537037037037037,25222,0.18253905320751726,267,41,31,10,0.7560975609756098,0.7191011235955056,31.0,0.8415369613760599,2,default,gbdt
10,0.15,most_risky,0.8387918486171762,0.6533864541832669,0.1703011422637591,0.30677290836653387,27480,0.18155021834061136,285,43,36,7,0.8372093023255814,0.6491228070175439,36.0,0.8148999535928106,2,default,gbdt
0,0.15,most_risky,0.813,0.5470085470085471,0.32323232323232326,0.09401709401709402,5000,0.211,0,0,0,0,0.0,0.0,0.0,0.0,3,default,gbdt
1,0.15,most_risky,0.8334489937543372,0.7007299270072993,0.3254237288135593,0.40145985401459855,7201,0.20122205249270936,352,53,46,7,0.8679245283018868,0.6789772727272727,46.0,0.8401807631907802,3,default,gbdt
2,0.15,most_risky,0.8384697130712009,0.7006369426751592,0.2997275204359673,0.4012738853503185,9410,0.19553666312433582,343,52,45,7,0.8653846153846154,0.6559766763848397,45.0,0.8026543827318201,3,default,gbdt
3,0.15,most_risky,0.8260309278350515,0.6236559139784946,0.2572062084257206,0.24731182795698925,11636,0.19413887933997936,323,49,34,15,0.6938775510204082,0.6346749226006192,34.0,0.8398788780652402,3,default,gbdt
4,0.15,most_risky,0.844933285250631,0.7575757575757576,0.24271844660194175,0.5151515151515151,13865,0.19047962495492246,319,48,37,11,0.7708333333333334,0.6144200626959248,37.0,0.8499818577765601,3,default,gbdt
5,0.15,most_risky,0.8326086956521739,0.6923076923076923,0.21986970684039087,0.38461538461538464,16097,0.18879294278436975,316,48,36,12,0.75,0.7120253164556962,36.0,0.8178329112030308,3,default,gbdt
6,0.15,most_risky,0.8371077762619372,0.6682692307692307,0.20839580209895053,0.33653846153846156,18325,0.18575716234652115,321,49,35,14,0.7142857142857143,0.6666666666666666,35.0,0.8364224552697233,3,default,gbdt
7,0.15,most_risky,0.8425407641761986,0.6923076923076923,0.20901639344262296,0.38461538461538464,20543,0.18351749987830404,332,50,38,12,0.76,0.6626506024096386,38.0,0.8159657558267658,3,default,gbdt
8,0.15,most_risky,0.8401315789473685,0.6835443037974683,0.19852941176470587,0.3670886075949367,22797,0.18239242005527043,290,44,32,12,0.7272727272727273,0.6448275862068965,32.0,0.8316157848887342,3,default,gbdt
9,0.15,most_risky,0.836963036963037,0.6679389312977099,0.19358407079646017,0.33587786259541985,25025,0.1807792207792208,320,48,32,16,0.6666666666666666,0.6375,32.0,0.8330863004927501,3,default,gbdt
10,0.15,most_risky,0.8375802016498625,0.6653225806451613,0.17045454545454544,0.33064516129032256,27271,0.17942136335301237,299,45,34,11,0.7555555555555555,0.6588628762541806,34.0,0.8042124750684148,3,default,gbdt
0,0.15,most_risky,0.829,0.6923076923076923,0.4072398190045249,0.38461538461538464,5000,0.2196,0,0,0,0,0.0,0.0,0.0,0.0,4,default,gbdt
1,0.15,most_risky,0.8207612456747405,0.6319444444444444,0.3063973063973064,0.2638888888888889,7222,0.20645250623096095,328,50,38,12,0.76,0.6798780487804879,38.0,0.8577239876878876,4,default,gbdt
2,0.15,most_risky,0.8242456326098465,0.70625,0.28391959798994976,0.4125,9441,0.19701302828090245,331,50,39,11,0.78,0.6374622356495468,39.0,0.8460249576298372,4,default,gbdt
3,0.15,most_risky,0.8235294117647058,0.5916230366492147,0.2516703786191537,0.18324607329842932,11726,0.19384274262323042,253,38,32,6,0.8421052631578947,0.7193675889328063,32.0,0.8521499834247822,4,default,gbdt
4,0.15,most_risky,0.8262271587244715,0.616822429906542,0.2467289719626168,0.2336448598130841,13955,0.18939448226442135,319,48,40,8,0.8333333333333334,0.6363636363636364,40.0,0.8624935334076853,4,default,gbdt
5,0.15,most_risky,0.8223663886314488,0.655,0.20565149136577707,0.31,16182,0.18681250772463232,322,49,37,12,0.7551020408163265,0.6677018633540373,37.0,0.8695377990242241,4,default,gbdt
6,0.15,most_risky,0.8239761323569298,0.6551724137931034,0.18679775280898878,0.3103448275862069,18431,0.18425478812869622,296,45,36,9,0.8,0.6385135135135135,36.0,0.8543140246413488,4,default,gbdt
7,0.15,most_risky,0.8260343576094846,0.6877828054298643,0.18952618453865336,0.3755656108597285,20663,0.1827420994047331,316,48,37,11,0.7708333333333334,0.6265822784810127,37.0,0.8487720808818598,4,default,gbdt
8,0.15,most_risky,0.8360262008733624,0.6956521739130435,0.1902497027348395,0.391304347826087,22897,0.18290605756212605,313,47,37,10,0.7872340425531915,0.6996805111821086,37.0,0.8445479882014186,4,default,gbdt
9,0.15,most_risky,0.8350228582786723,0.7046413502109705,0.18015102481121897,0.4092827004219409,25154,0.18251570326786992,287,44,29,15,0.6590909090909091,0.5958188153310104,29.0,0.843638187496623,4,default,gbdt
10,0.15,most_risky,0.8396863031187306,0.6953405017921147,0.19635627530364372,0.3906810035842294,27415,0.18183476199161044,282,43,36,7,0.8372093023255814,0.7127659574468085,36.0,0.843978356254405,4,default,gbdt
0,0.2,most_risky,0.823,0.680327868852459,0.3755656108597285,0.36065573770491804,5000,0.2226,0,0,0,0,0.0,0.0,0.0,0.0,0,default,gbdt
1,0.2,most_risky,0.8360881542699724,0.6808510638297872,0.33217993079584773,0.3617021276595745,7256,0.20520948180815876,306,62,45,17,0.7258064516129032,0.6535947712418301,45.0,0.8542459025672688,0,default,gbdt
2,0.2,most_risky,0.8200419727177335,0.6824324324324325,0.25440806045340053,0.36486486486486486,9527,0.20027290857562716,287,58,42,16,0.7241379310344828,0.6898954703832753,42.0,0.8284688656771375,0,default,gbdt
3,0.2,most_risky,0.8307170131523123,0.7086092715231788,0.23160173160173161,0.41721854304635764,11785,0.19431480695799747,303,61,41,20,0.6721311475409836,0.6501650165016502,41.0,0.8313536163175574,0,default,gbdt
4,0.2,most_risky,0.8206405693950178,0.689119170984456,0.23050259965337955,0.37823834196891193,14047,0.19342208300704777,298,60,44,16,0.7333333333333333,0.674496644295302,44.0,0.820905491167156,0,default,gbdt
5,0.2,most_risky,0.8159828536436007,0.6756756756756757,0.18768768768768768,0.35135135135135137,16327,0.1902370306853678,276,56,39,17,0.6964285714285714,0.6739130434782609,39.0,0.8056097753489813,0,default,gbdt
6,0.2,most_risky,0.8305996235547191,0.6893617021276596,0.22531293463143254,0.37872340425531914,18595,0.1876848615219145,291,59,48,11,0.8135593220338984,0.6769759450171822,48.0,0.7975406142828353,0,default,gbdt
7,0.2,most_risky,0.8324142891392952,0.6545454545454545,0.1877444589308996,0.3090909090909091,20851,0.18574648697904178,305,61,47,14,0.7704918032786885,0.6852459016393443,47.0,0.7966980802480171,0,default,gbdt
8,0.2,most_risky,0.8309554690877649,0.6516393442622951,0.18574766355140188,0.30327868852459017,23129,0.1851355441220978,278,56,42,14,0.75,0.6834532374100719,42.0,0.8045470280241666,0,default,gbdt
9,0.2,most_risky,0.8289318092234923,0.6142322097378277,0.17653390742734124,0.22846441947565543,25369,0.18475304505498838,325,65,57,8,0.8769230769230769,0.6523076923076923,57.0,0.8028582085038632,0,default,gbdt
10,0.2,most_risky,0.8290783994206048,0.6738351254480287,0.18059558117195004,0.34767025089605735,27613,0.1840437475102307,321,65,54,11,0.8307692307692308,0.6947040498442367,54.0,0.8238755256586445,0,default,gbdt
0,0.2,most_risky,0.801,0.5899280575539568,0.36607142857142855,0.17985611510791366,5000,0.2286,0,0,0,0,0.0,0.0,0.0,0.0,1,default,gbdt
1,0.2,most_risky,0.8046928916494134,0.6291390728476821,0.2950310559006211,0.2582781456953642,7243,0.21330940218141653,322,65,46,19,0.7076923076923077,0.6708074534161491,46.0,0.8210666260778775,1,default,gbdt
2,0.2,most_risky,0.8394736842105263,0.6809815950920245,0.30494505494505497,0.3619631901840491,9499,0.20181071691757027,305,61,40,21,0.6557377049180327,0.659016393442623,40.0,0.8384867004013861,1,default,gbdt
3,0.2,most_risky,0.824203821656051,0.5957446808510638,0.24888888888888888,0.19148936170212766,11773,0.19536226959993205,283,57,45,12,0.7894736842105263,0.6890459363957597,45.0,0.7998220195670318,1,default,gbdt
4,0.2,most_risky,0.8209327162691349,0.5961538461538461,0.2283609576427256,0.19230769230769232,14043,0.19048636331268248,288,58,49,9,0.8448275862068966,0.6701388888888888,49.0,0.8303163303071617,1,default,gbdt
5,0.2,most_risky,0.8261802575107297,0.630901287553648,0.2340764331210191,0.26180257510729615,16309,0.18811699061867682,293,59,44,15,0.7457627118644068,0.6996587030716723,44.0,0.8247786904258912,1,default,gbdt
6,0.2,most_risky,0.8291173304628633,0.6721991701244814,0.22562674094707522,0.34439834024896265,18577,0.18679011681111052,291,59,47,12,0.7966101694915254,0.6529209621993127,47.0,0.8143725509621063,1,default,gbdt
7,0.2,most_risky,0.83937575030012,0.6722689075630253,0.21304926764314247,0.3445378151260504,20823,0.18652451616001536,318,64,53,11,0.828125,0.6792452830188679,53.0,0.8235290020945396,1,default,gbdt
8,0.2,most_risky,0.8340914013428633,0.6781609195402298,0.2060535506402794,0.3563218390804598,23082,0.18590243479767785,302,61,46,15,0.7540983606557377,0.652317880794702,46.0,0.818551984580442,1,default,gbdt
9,0.2,most_risky,0.84,0.7104377104377104,0.22518676627534684,0.4208754208754209,25372,0.18611067318303642,263,53,40,13,0.7547169811320755,0.6844106463878327,40.0,0.8288978843195766,1,default,gbdt
10,0.2,most_risky,0.8352026049204052,0.6923076923076923,0.20175438596491227,0.38461538461538464,27637,0.18482469153670802,294,59,48,11,0.8135593220338984,0.6564625850340136,48.0,0.7993775537492618,1,default,gbdt
0,0.2,most_risky,0.826,0.6614173228346457,0.39069767441860465,0.3228346456692913,5000,0.2188,0,0,0,0,0.0,0.0,0.0,0.0,2,default,gbdt
1,0.2,most_risky,0.8236914600550964,0.616,0.27017543859649124,0.232,7257,0.20807496210555326,304,61,48,13,0.7868852459016393,0.6842105263157895,48.0,0.853573838658113,2,default,gbdt
2,0.2,most_risky,0.8388451443569553,0.7428571428571429,0.2773333333333333,0.4857142857142857,9523,0.19762679827785362,293,59,48,11,0.8135593220338984,0.6382252559726962,48.0,0.8399977081373243,2,default,gbdt
3,0.2,most_risky,0.8352441613588111,0.7261146496815286,0.24836601307189543,0.45222929936305734,11775,0.19490445859872613,311,63,51,12,0.8095238095238095,0.7202572347266881,51.0,0.8358748625302325,2,default,gbdt
4,0.2,most_risky,0.83464005702067,0.7,0.2236842105263158,0.4,14028,0.19190191046478472,309,62,40,22,0.6451612903225806,0.686084142394822,40.0,0.8295965300089138,2,default,gbdt
5,0.2,most_risky,0.8324639459957042,0.7109004739336493,0.23622047244094488,0.4218009478672986,16293,0.18774934020745104,294,59,40,19,0.6779661016949152,0.6462585034013606,40.0,0.8242891186407817,2,default,gbdt
6,0.2,most_risky,0.8344994617868676,0.6790697674418604,0.21098265895953758,0.3581395348837209,18580,0.18702906350914963,267,54,41,13,0.7592592592592593,0.6891385767790262,41.0,0.8040371226402435,2,default,gbdt
7,0.2,most_risky,0.8420926325893928,0.7171314741035857,0.23468057366362452,0.4342629482071713,20832,0.1859158986175115,310,62,52,10,0.8387096774193549,0.6451612903225806,52.0,0.8264176989213077,2,default,gbdt
8,0.2,most_risky,0.8527182152913148,0.7112970711297071,0.2176696542893726,0.4225941422594142,23084,0.18566972795009531,310,62,43,19,0.6935483870967742,0.6419354838709678,43.0,0.8025842199342913,2,default,gbdt
9,0.2,most_risky,0.8354031145278927,0.7056603773584905,0.19809322033898305,0.41132075471698115,25363,0.18554587391081498,277,56,44,12,0.7857142857142857,0.7184115523465704,44.0,0.7997676962315161,2,default,gbdt
10,0.2,most_risky,0.8378574013753167,0.69140625,0.17806841046277666,0.3828125,27629,0.1846248507003511,293,59,50,9,0.847457627118644,0.6450511945392492,50.0,0.7933399945538765,2,default,gbdt
0,0.2,most_risky,0.813,0.5470085470085471,0.32323232323232326,0.09401709401709402,5000,0.211,0,0,0,0,0.0,0.0,0.0,0.0,3,default,gbdt
1,0.2,most_risky,0.8351800554016621,0.671875,0.3049645390070922,0.34375,7219,0.2023826014683474,352,71,58,13,0.8169014084507042,0.6789772727272727,58.0,0.8222598496360503,3,default,gbdt
2,0.2,most_risky,0.8381808566895822,0.6857142857142857,0.32345013477088946,0.37142857142857144,9452,0.19688954718578078,334,67,56,11,0.835820895522388,0.6796407185628742,56.0,0.7997432276387357,3,default,gbdt
3,0.2,most_risky,0.8332620778110303,0.6256684491978609,0.26773455377574373,0.25133689839572193,11692,0.1957748888128635,325,65,48,17,0.7384615384615385,0.6461538461538462,48.0,0.8277349697220405,3,default,gbdt
4,0.2,most_risky,0.8348887293610912,0.6551724137931034,0.25430210325047803,0.3103448275862069,13930,0.19210337401292174,328,66,46,20,0.696969696969697,0.6097560975609756,46.0,0.8339221588844089,3,default,gbdt
5,0.2,most_risky,0.8357562635323229,0.6842105263157895,0.25365853658536586,0.3684210526315789,16162,0.19063234748174732,335,67,54,13,0.8059701492537313,0.7044776119402985,54.0,0.8201055449835551,3,default,gbdt
6,0.2,most_risky,0.8331975006791633,0.65,0.22740524781341107,0.3,18405,0.18772072806302637,322,65,46,19,0.7076923076923077,0.6708074534161491,46.0,0.8183112781108391,3,default,gbdt
7,0.2,most_risky,0.8416081375635747,0.695067264573991,0.20917678812415655,0.3901345291479821,20643,0.18558349077169017,328,66,51,15,0.7727272727272727,0.6798780487804879,51.0,0.8080801010789792,3,default,gbdt
8,0.2,most_risky,0.8315146224356177,0.6313559322033898,0.17865707434052758,0.2627118644067797,22907,0.1843104727812459,295,59,44,15,0.7457627118644068,0.6644067796610169,44.0,0.8168821514507729,3,default,gbdt
9,0.2,most_risky,0.8332339495130193,0.6605839416058394,0.19525350593311758,0.32116788321167883,25155,0.18298548996223415,315,63,47,16,0.746031746031746,0.6476190476190476,47.0,0.8180868644315428,3,default,gbdt
10,0.2,most_risky,0.8410499453153482,0.6771929824561403,0.19835560123329907,0.3543859649122807,27427,0.18197396725854084,285,57,46,11,0.8070175438596491,0.6666666666666666,46.0,0.8126820780426001,3,default,gbdt
0,0.2,most_risky,0.829,0.6923076923076923,0.4072398190045249,0.38461538461538464,5000,0.2196,0,0,0,0,0.0,0.0,0.0,0.0,4,default,gbdt
1,0.2,most_risky,0.8238950276243094,0.6241610738255033,0.3184931506849315,0.2483221476510067,7238,0.2077922077922078,328,66,51,15,0.7727272727272727,0.6798780487804879,51.0,0.845353422167011,4,default,gbdt
2,0.2,most_risky,0.8211081794195251,0.651685393258427,0.2951653944020356,0.30337078651685395,9473,0.19983109891269926,332,67,52,15,0.7761194029850746,0.6144578313253012,52.0,0.8355948589145682,4,default,gbdt
3,0.2,most_risky,0.8424190800681431,0.6377551020408163,0.294811320754717,0.2755102040816326,11739,0.19592810290484708,293,59,50,9,0.847457627118644,0.7030716723549488,50.0,0.821419279965391,4,default,gbdt
4,0.2,most_risky,0.8276725062567036,0.6606334841628959,0.2640144665461121,0.3212669683257919,13981,0.19168872040626564,323,65,53,12,0.8153846153846154,0.6377708978328174,53.0,0.8520858942993526,4,default,gbdt
5,0.2,most_risky,0.8333333333333334,0.6733870967741935,0.266347687400319,0.3467741935483871,16230,0.1900184842883549,314,63,52,11,0.8253968253968254,0.6560509554140127,52.0,0.839187572955823,4,default,gbdt
6,0.2,most_risky,0.8347308628617798,0.6812227074235808,0.22478386167146974,0.3624454148471616,18485,0.18755747903705708,307,62,50,12,0.8064516129032258,0.6286644951140065,50.0,0.8523686894547606,4,default,gbdt
7,0.2,most_risky,0.8342581423401689,0.6731517509727627,0.22293814432989692,0.3463035019455253,20725,0.18586248492159227,326,66,48,18,0.7272727272727273,0.6257668711656442,48.0,0.8260819210484555,4,default,gbdt
8,0.2,most_risky,0.8445798868088812,0.7316176470588235,0.2369047619047619,0.4632352941176471,22969,0.18612042317906743,321,65,52,13,0.8,0.6947040498442367,52.0,0.8343614251483648,4,default,gbdt
9,0.2,most_risky,0.8344554455445544,0.7148014440433214,0.20732984293193718,0.4296028880866426,25248,0.1857572877059569,277,56,37,19,0.6607142857142857,0.6028880866425993,37.0,0.8364727748084185,4,default,gbdt
10,0.2,most_risky,0.8369051943334544,0.7137681159420289,0.19389763779527558,0.427536231884058,27527,0.1848730337486831,277,56,41,15,0.7321428571428571,0.7256317689530686,41.0,0.8351328298994709,4,default,gbdt
0,0.3,most_risky,0.823,0.680327868852459,0.3755656108597285,0.36065573770491804,5000,0.2226,0,0,0,0,0.0,0.0,0.0,0.0,0,default,gbdt
1,0.3,most_risky,0.8401920438957476,0.7251908396946565,0.3253424657534247,0.45038167938931295,7286,0.20710952511666209,306,92,65,27,0.7065217391304348,0.6535947712418301,65.0,0.8294559189493586,0,default,gbdt
2,0.3,most_risky,0.83125,0.6987179487179487,0.2823834196891192,0.3974358974358974,9597,0.2047514848390122,270,81,63,18,0.7777777777777778,0.674074074074074,63.0,0.8338211714905255,0,default,gbdt
3,0.3,most_risky,0.8228114478114478,0.7055555555555556,0.25656565656565655,0.4111111111111111,11878,0.1993601616433743,314,95,69,26,0.7263157894736842,0.6496815286624203,69.0,0.8025379682278224,0,default,gbdt
4,0.3,most_risky,0.8295695130557516,0.6724890829694323,0.27402135231316727,0.34497816593886466,14166,0.19878582521530425,304,92,71,21,0.7717391304347826,0.680921052631579,71.0,0.8097551936830858,0,default,gbdt
5,0.3,most_risky,0.8288834951456311,0.6609442060085837,0.24100156494522693,0.3218884120171674,16480,0.19599514563106796,267,81,62,19,0.7654320987654321,0.6891385767790262,62.0,0.7970882272161062,0,default,gbdt
6,0.3,most_risky,0.8343100692594566,0.6693227091633466,0.2376237623762376,0.3386454183266932,18770,0.19376664890783166,300,90,71,19,0.7888888888888889,0.6566666666666666,71.0,0.8019814674795146,0,default,gbdt
7,0.3,most_risky,0.8245072429351697,0.635036496350365,0.2140221402214022,0.27007299270072993,21052,0.19162074862245868,312,94,68,26,0.723404255319149,0.6923076923076923,68.0,0.8017604389455157,0,default,gbdt
8,0.3,most_risky,0.8338685506315564,0.7074829931972789,0.23162583518930957,0.41496598639455784,23354,0.1910593474351289,284,86,65,21,0.7558139534883721,0.6830985915492958,65.0,0.7830603513578229,0,default,gbdt
9,0.3,most_risky,0.833430856251219,0.6375838926174496,0.202991452991453,0.2751677852348993,25633,0.19073069870869583,317,96,71,25,0.7395833333333334,0.6435331230283912,71.0,0.7835385955112321,0,default,gbdt
10,0.3,most_risky,0.8308849874596919,0.6794117647058824,0.21669793621013134,0.3588235294117647,27910,0.19018273020422788,319,96,73,23,0.7604166666666666,0.6833855799373041,73.0,0.8046307353982005,0,default,gbdt
0,0.3,most_risky,0.801,0.5899280575539568,0.36607142857142855,0.17985611510791366,5000,0.2286,0,0,0,0,0.0,0.0,0.0,0.0,1,default,gbdt
1,0.3,most_risky,0.8130584192439863,0.7111111111111111,0.2917933130699088,0.4222222222222222,7275,0.2149828178694158,322,97,65,32,0.6701030927835051,0.6708074534161491,65.0,0.7957490750731105,1,default,gbdt
2,0.3,most_risky,0.8208877284595301,0.6949152542372882,0.29854368932038833,0.3898305084745763,9572,0.2058086084412871,291,88,65,23,0.7386363636363636,0.6597938144329897,65.0,0.8002719269762083,1,default,gbdt
3,0.3,most_risky,0.8223905723905723,0.6410256410256411,0.2620545073375262,0.28205128205128205,11879,0.20069029379577405,276,83,68,15,0.8192771084337349,0.677536231884058,68.0,0.7735898829043379,1,default,gbdt
4,0.3,most_risky,0.8197530864197531,0.6320346320346321,0.25524475524475526,0.26406926406926406,14172,0.19573807507761784,297,90,69,21,0.7666666666666667,0.6666666666666666,69.0,0.8064090113713601,1,default,gbdt
5,0.3,most_risky,0.8296386273914363,0.6513409961685823,0.265625,0.30268199233716475,16462,0.19335439193293646,300,90,67,23,0.7444444444444445,0.7066666666666667,67.0,0.7865144079419565,1,default,gbdt
6,0.3,most_risky,0.8363103172487337,0.6875,0.2611731843575419,0.375,18752,0.19213950511945393,301,91,68,23,0.7472527472527473,0.6411960132890365,68.0,0.7863949928647701,1,default,gbdt
7,0.3,most_risky,0.8420927467300833,0.7275862068965517,0.2650753768844221,0.45517241379310347,21022,0.19217962134906288,329,99,82,17,0.8282828282828283,0.6747720364741642,82.0,0.8003990181293348,1,default,gbdt
8,0.3,most_risky,0.8305084745762712,0.664576802507837,0.23687150837988827,0.329153605015674,23304,0.19146927566083075,312,94,66,28,0.7021276595744681,0.6474358974358975,66.0,0.795636637189492,1,default,gbdt
9,0.3,most_risky,0.8301113063854716,0.6554878048780488,0.22119341563786007,0.31097560975609756,25604,0.1915325730354632,286,86,65,21,0.7558139534883721,0.6783216783216783,65.0,0.792006861257992,1,default,gbdt
10,0.3,most_risky,0.8314808174973108,0.6740947075208914,0.2272300469483568,0.34818941504178275,27887,0.19033958475275217,310,93,74,19,0.7956989247311828,0.6483870967741936,74.0,0.7828407897959957,1,default,gbdt
0,0.3,most_risky,0.826,0.6614173228346457,0.39069767441860465,0.3228346456692913,5000,0.2188,0,0,0,0,0.0,0.0,0.0,0.0,2,default,gbdt
1,0.3,most_risky,0.8175582990397805,0.5983606557377049,0.2517241379310345,0.19672131147540983,7288,0.21034577387486278,304,92,71,21,0.7717391304347826,0.6842105263157895,71.0,0.8316215049477812,2,default,gbdt
2,0.3,most_risky,0.8353309015112037,0.6809815950920245,0.296,0.3619631901840491,9594,0.20127162810089638,278,84,65,19,0.7738095238095238,0.6402877697841727,65.0,0.8305370564551275,2,default,gbdt
3,0.3,most_risky,0.8374052232518955,0.7267441860465116,0.26939655172413796,0.45348837209302323,11866,0.19871902915894152,327,99,75,24,0.7575757575757576,0.7155963302752294,75.0,0.8143864430937727,2,default,gbdt
4,0.3,most_risky,0.8289752650176678,0.7150259067357513,0.24338624338624337,0.43005181347150256,14148,0.19592875318066158,312,94,62,32,0.6595744680851063,0.6955128205128205,62.0,0.7942260692246129,2,default,gbdt
5,0.3,most_risky,0.8306990881458967,0.6888888888888889,0.24143302180685358,0.37777777777777777,16449,0.1925345005775427,285,86,62,24,0.7209302325581395,0.6456140350877193,62.0,0.7863213424582756,2,default,gbdt
6,0.3,most_risky,0.8363975486277645,0.7125,0.2388268156424581,0.425,18765,0.19237942978950173,264,80,63,17,0.7875,0.678030303030303,63.0,0.7901472520499505,2,default,gbdt
7,0.3,most_risky,0.8327393680209075,0.6728624535315985,0.22710163111668757,0.34572490706319703,21043,0.1914650952810911,318,96,80,16,0.8333333333333334,0.6509433962264151,80.0,0.7978993275967844,2,default,gbdt
8,0.3,most_risky,0.8392282958199357,0.7,0.23441108545034642,0.4,23321,0.19102954418764204,318,96,61,35,0.6354166666666666,0.6415094339622641,61.0,0.7934862174978349,2,default,gbdt
9,0.3,most_risky,0.8347317073170731,0.6941580756013745,0.21041666666666667,0.38831615120274915,25623,0.19103930062834173,283,85,66,19,0.7764705882352941,0.7102473498233216,66.0,0.7946066341655196,2,default,gbdt
10,0.3,most_risky,0.8422560429722471,0.7189542483660131,0.21674876847290642,0.43790849673202614,27923,0.19020162589979586,287,87,69,18,0.7931034482758621,0.6515679442508711,69.0,0.7863264135415375,2,default,gbdt
0,0.3,most_risky,0.813,0.5470085470085471,0.32323232323232326,0.09401709401709402,5000,0.211,0,0,0,0,0.0,0.0,0.0,0.0,3,default,gbdt
1,0.3,most_risky,0.8242591316333563,0.6758620689655173,0.3202614379084967,0.35172413793103446,7254,0.20471464019851116,352,106,82,24,0.7735849056603774,0.6789772727272727,82.0,0.7972333962305727,3,default,gbdt
2,0.3,most_risky,0.8319327731092437,0.6502732240437158,0.31733333333333336,0.3005464480874317,9519,0.20065132892110515,336,101,81,20,0.801980198019802,0.6755952380952381,81.0,0.7756203695692544,3,default,gbdt
3,0.3,most_risky,0.8322033898305085,0.6682464454976303,0.3019271948608137,0.33649289099526064,11800,0.20016949152542374,314,95,66,29,0.6947368421052632,0.6496815286624203,66.0,0.7998596623994704,3,default,gbdt
4,0.3,most_risky,0.8335108271210507,0.7254901960784313,0.2638146167557932,0.45098039215686275,14081,0.19728712449399902,313,94,71,23,0.7553191489361702,0.6261980830670927,71.0,0.7885872620399359,3,default,gbdt
5,0.3,most_risky,0.8422018348623853,0.7228915662650602,0.28708133971291866,0.4457831325301205,16348,0.19672131147540983,333,100,82,18,0.82,0.6936936936936937,82.0,0.7777067022879731,3,default,gbdt
6,0.3,most_risky,0.8264484978540773,0.6840148698884758,0.24664879356568364,0.3680297397769517,18636,0.19467696930671818,304,92,74,18,0.8043478260869565,0.6776315789473685,74.0,0.8133810673083919,3,default,gbdt
7,0.3,most_risky,0.8372370936902486,0.7074074074074074,0.2408575031525851,0.4148148148148148,20916,0.19272327404857525,315,95,69,26,0.7263157894736842,0.6793650793650794,69.0,0.801675085196851,3,default,gbdt
8,0.3,most_risky,0.8402239448751077,0.6677524429967426,0.24260355029585798,0.3355048859934853,23217,0.19175604083214887,285,86,65,21,0.7558139534883721,0.656140350877193,65.0,0.799549277365687,3,default,gbdt
9,0.3,most_risky,0.83,0.684971098265896,0.23819095477386934,0.3699421965317919,25499,0.19051727518726225,312,94,68,26,0.723404255319149,0.6410256410256411,68.0,0.8115070586882311,3,default,gbdt
10,0.3,most_risky,0.8260791366906475,0.6580459770114943,0.21262766945218198,0.3160919540229885,27800,0.18946043165467627,285,86,64,22,0.7441860465116279,0.656140350877193,64.0,0.8007808353968572,3,default,gbdt
0,0.3,most_risky,0.829,0.6923076923076923,0.4072398190045249,0.38461538461538464,5000,0.2196,0,0,0,0,0.0,0.0,0.0,0.0,4,default,gbdt
1,0.3,most_risky,0.8240549828178694,0.6686746987951807,0.3557692307692308,0.3373493975903614,7271,0.2105625085957915,328,99,78,21,0.7878787878787878,0.6798780487804879,78.0,0.8221135517921816,4,default,gbdt
2,0.3,most_risky,0.8322851153039832,0.7096774193548387,0.3316582914572864,0.41935483870967744,9536,0.20333473154362416,337,102,76,26,0.7450980392156863,0.6201780415430267,76.0,0.8100171141051503,4,default,gbdt
3,0.3,most_risky,0.8218657661460532,0.6329787234042553,0.2521186440677966,0.26595744680851063,11843,0.20054040361394918,277,84,70,14,0.8333333333333334,0.7111913357400722,70.0,0.821666367272708,4,default,gbdt
4,0.3,most_risky,0.8325663716814159,0.673469387755102,0.2956989247311828,0.3469387755102041,14125,0.19660176991150444,312,94,67,27,0.7127659574468085,0.6346153846153846,67.0,0.8222652678982221,4,default,gbdt
5,0.3,most_risky,0.8259146341463415,0.6616541353383458,0.2678843226788432,0.3233082706766917,16399,0.1948899323129459,323,97,75,22,0.7731958762886598,0.6625386996904025,75.0,0.8031263032473271,4,default,gbdt
6,0.3,most_risky,0.8304359454399572,0.6834532374100719,0.25815217391304346,0.3669064748201439,18694,0.19289611640098428,294,89,67,22,0.7528089887640449,0.6224489795918368,67.0,0.8316703724873863,4,default,gbdt
7,0.3,most_risky,0.8306336350643163,0.6655052264808362,0.2369727047146402,0.3310104529616725,20987,0.19197598513365416,296,89,64,25,0.7191011235955056,0.6148648648648649,64.0,0.8095349366112401,4,default,gbdt
8,0.3,most_risky,0.8361994840928633,0.7083333333333334,0.24775784753363228,0.4166666666666667,23256,0.1923374613003096,330,99,79,20,0.797979797979798,0.693939393939394,79.0,0.7969854241811158,4,default,gbdt
9,0.3,most_risky,0.833170350088011,0.7113702623906706,0.24448897795591182,0.4227405247813411,25563,0.1920353636114697,277,84,58,26,0.6904761904761905,0.6028880866425993,58.0,0.8292578563267012,4,default,gbdt
10,0.3,most_risky,0.8284278535534817,0.6938202247191011,0.22577696526508226,0.38764044943820225,27857,0.19101123595505617,295,89,68,21,0.7640449438202247,0.7288135593220338,68.0,0.8008113235277531,4,default,gbdt
0,0.5,most_risky,0.823,0.680327868852459,0.3755656108597285,0.36065573770491804,5000,0.2226,0,0,0,0,0.0,0.0,0.0,0.0,0,default,gbdt
1,0.5,most_risky,0.8421768707482993,0.6711409395973155,0.35335689045936397,0.3422818791946309,7347,0.2111065741118824,306,153,107,46,0.6993464052287581,0.6535947712418301,107.0,0.789097219399773,0,default,gbdt
2,0.5,most_risky,0.8294693456980937,0.6666666666666666,0.3197969543147208,0.3333333333333333,9705,0.20978876867594023,284,142,101,41,0.7112676056338029,0.6725352112676056,101.0,0.7829226583785238,0,default,gbdt
3,0.5,most_risky,0.8202573682025737,0.677570093457944,0.28487229862475444,0.35514018691588783,12043,0.20601179108195633,325,163,114,49,0.6993865030674846,0.6369230769230769,114.0,0.7610112771583795,0,default,gbdt
4,0.5,most_risky,0.8200764154220216,0.7047970479704797,0.3036565977742448,0.4095940959409594,14395,0.2066689822855158,296,148,113,35,0.7635135135135135,0.6858108108108109,113.0,0.7735328748530337,0,default,gbdt
5,0.5,most_risky,0.8297047420220698,0.7207792207792207,0.314002828854314,0.44155844155844154,16761,0.20446274088658195,268,134,97,37,0.7238805970149254,0.6753731343283582,97.0,0.7499999395664081,0,default,gbdt
6,0.5,most_risky,0.8284518828451883,0.6772151898734177,0.2786458333333333,0.35443037974683544,19120,0.20271966527196653,283,142,111,31,0.7816901408450704,0.6890459363957597,111.0,0.7540006994615474,0,default,gbdt
7,0.5,most_risky,0.8255705635770842,0.6565349544072948,0.2535211267605634,0.3130699088145897,21467,0.2011459449387432,306,153,109,44,0.7124183006535948,0.6928104575163399,109.0,0.7601837289951509,0,default,gbdt
8,0.5,most_risky,0.8248006714225766,0.667574931880109,0.255741127348643,0.335149863760218,23830,0.20075535039865716,274,137,100,37,0.7299270072992701,0.6970802919708029,100.0,0.7632917608633671,0,default,gbdt
9,0.5,most_risky,0.8269340974212034,0.6365914786967418,0.25024630541871923,0.2731829573934837,26175,0.20080229226361032,311,156,113,43,0.7243589743589743,0.6463022508038585,113.0,0.7678678142460115,0,default,gbdt
10,0.5,most_risky,0.8245091164095372,0.6828703703703703,0.2545297670405522,0.36574074074074076,28516,0.20055407490531632,318,159,117,42,0.7358490566037735,0.6855345911949685,117.0,0.7697047085122797,0,default,gbdt
0,0.5,most_risky,0.801,0.5899280575539568,0.36607142857142855,0.17985611510791366,5000,0.2286,0,0,0,0,0.0,0.0,0.0,0.0,1,default,gbdt
1,0.5,most_risky,0.7970027247956403,0.6975308641975309,0.31215469613259667,0.3950617283950617,7339,0.21951219512195122,322,161,112,49,0.6956521739130435,0.6708074534161491,112.0,0.7563944075343261,1,default,gbdt
2,0.5,most_risky,0.8277462609592573,0.6435185185185185,0.351010101010101,0.28703703703703703,9693,0.21200866604766327,292,146,105,41,0.7191780821917808,0.6643835616438356,105.0,0.7673720353065335,1,default,gbdt
3,0.5,most_risky,0.8137702198257984,0.6382113821138211,0.3036750483558994,0.2764227642276423,12052,0.20751742449385993,282,141,106,35,0.75177304964539,0.6843971631205674,106.0,0.755534023401738,1,default,gbdt
4,0.5,most_risky,0.8270232719694338,0.6557971014492754,0.3099315068493151,0.3115942028985507,14395,0.20298714831538728,315,158,114,44,0.7215189873417721,0.6730158730158731,114.0,0.7494764212417375,1,default,gbdt
5,0.5,most_risky,0.8241791044776119,0.6720257234726688,0.30028735632183906,0.3440514469453376,16747,0.20105093449573058,296,148,102,46,0.6891891891891891,0.7128378378378378,102.0,0.7549214627508273,1,default,gbdt
6,0.5,most_risky,0.8295811518324607,0.6352941176470588,0.29071332436069985,0.27058823529411763,19096,0.20025136154168413,303,152,109,43,0.7171052631578947,0.6501650165016502,109.0,0.7241567384094322,1,default,gbdt
7,0.5,most_risky,0.8308840681128995,0.6739130434782609,0.29073856975381007,0.34782608695652173,21435,0.2007464427338465,322,161,121,40,0.7515527950310559,0.6801242236024845,121.0,0.761707299972044,1,default,gbdt
8,0.5,most_risky,0.8338940285954584,0.687793427230047,0.30842105263157893,0.3755868544600939,23779,0.20042894991378948,312,156,107,49,0.6858974358974359,0.6474358974358975,107.0,0.7532376869709498,1,default,gbdt
9,0.5,most_risky,0.8252055842417289,0.6767895878524945,0.28969359331476324,0.35357917570498915,26141,0.20102520944110783,276,138,106,32,0.7681159420289855,0.6811594202898551,106.0,0.7491162190352243,1,default,gbdt
10,0.5,most_risky,0.8261098438322513,0.6757894736842105,0.2772020725388601,0.35157894736842105,28492,0.19988066825775655,298,149,105,44,0.7046979865771812,0.6577181208053692,105.0,0.7443076376728335,1,default,gbdt
0,0.5,most_risky,0.826,0.6614173228346457,0.39069767441860465,0.3228346456692913,5000,0.2188,0,0,0,0,0.0,0.0,0.0,0.0,2,default,gbdt
1,0.5,most_risky,0.827891156462585,0.6791044776119403,0.3023255813953488,0.3582089552238806,7348,0.21502449646162222,304,152,118,34,0.7763157894736842,0.6842105263157895,118.0,0.7989073986547093,2,default,gbdt
2,0.5,most_risky,0.8414006179196705,0.7456647398843931,0.3282442748091603,0.4913294797687861,9708,0.2072517511330861,281,141,101,40,0.7163120567375887,0.6405693950177936,101.0,0.7747736762852718,2,default,gbdt
3,0.5,most_risky,0.8331257783312578,0.7383177570093458,0.3134920634920635,0.4766355140186916,12045,0.2066417600664176,327,164,124,40,0.7560975609756098,0.7125382262996942,124.0,0.7740834747697092,2,default,gbdt
4,0.5,most_risky,0.8350694444444444,0.698744769874477,0.2929824561403509,0.39748953974895396,14398,0.2053757466314766,294,147,108,39,0.7346938775510204,0.7108843537414966,108.0,0.7658539108981394,2,default,gbdt
5,0.5,most_risky,0.8278125932557445,0.6992481203007519,0.27232796486090777,0.39849624060150374,16752,0.2021251193887297,293,147,99,48,0.673469387755102,0.6382252559726962,99.0,0.7591371388499166,2,default,gbdt
6,0.5,most_risky,0.825484039769754,0.6596385542168675,0.2833117723156533,0.3192771084337349,19108,0.20138162026376386,288,144,97,47,0.6736111111111112,0.6736111111111112,97.0,0.7566475663490326,2,default,gbdt
7,0.5,most_risky,0.8443253320904218,0.7419354838709677,0.32547169811320753,0.4838709677419355,21455,0.20093218364017712,307,154,118,36,0.7662337662337663,0.6547231270358306,118.0,0.762579879080104,2,default,gbdt
8,0.5,most_risky,0.8409997899600924,0.7277936962750716,0.27729257641921395,0.45558739255014324,23803,0.2009830693610049,304,152,100,52,0.6578947368421053,0.6447368421052632,100.0,0.7441001620532212,2,default,gbdt
9,0.5,most_risky,0.8328238440962935,0.7125,0.2727272727272727,0.425,26168,0.20139101192295933,270,135,102,33,0.7555555555555555,0.7074074074074074,102.0,0.7421188483380253,2,default,gbdt
10,0.5,most_risky,0.8359621451104101,0.6856492027334852,0.27388535031847133,0.3712984054669704,28527,0.20072212290111122,282,141,105,36,0.7446808510638298,0.648936170212766,105.0,0.741852513453169,2,default,gbdt
0,0.5,most_risky,0.813,0.5470085470085471,0.32323232323232326,0.09401709401709402,5000,0.211,0,0,0,0,0.0,0.0,0.0,0.0,3,default,gbdt
1,0.5,most_risky,0.8334470989761092,0.69375,0.3627450980392157,0.3875,7324,0.20931185144729655,352,176,130,46,0.7386363636363636,0.6789772727272727,130.0,0.7580556872163687,3,default,gbdt
2,0.5,most_risky,0.8260869565217391,0.6333333333333333,0.3392857142857143,0.26666666666666666,9659,0.20768195465369085,331,166,127,39,0.7650602409638554,0.6797583081570997,127.0,0.7488178819359671,3,default,gbdt
3,0.5,most_risky,0.8296543107038734,0.688,0.341948310139165,0.376,12003,0.208447888027993,312,156,111,45,0.7115384615384616,0.657051282051282,111.0,0.7712109268737845,3,default,gbdt
4,0.5,most_risky,0.8355973528387322,0.723404255319149,0.29462738301559793,0.44680851063829785,14352,0.2059643255295429,302,151,108,43,0.7152317880794702,0.6456953642384106,108.0,0.7486501173548897,3,default,gbdt
5,0.5,most_risky,0.8346315158777711,0.6883561643835616,0.30362537764350456,0.3767123287671233,16689,0.2058841152855174,327,164,123,41,0.75,0.7033639143730887,123.0,0.7488694906314013,3,default,gbdt
6,0.5,most_risky,0.8295245600210139,0.6897590361445783,0.2954838709677419,0.3795180722891566,19035,0.20420278434462832,308,154,120,34,0.7792207792207793,0.6915584415584416,120.0,0.7632756137311565,3,default,gbdt
7,0.5,most_risky,0.8383625730994152,0.7048710601719198,0.2949640287769784,0.40974212034383956,21373,0.2030131474289992,324,162,119,43,0.7345679012345679,0.6635802469135802,119.0,0.7550582312003071,3,default,gbdt
8,0.5,most_risky,0.8320691108301728,0.6741293532338308,0.2892209178228389,0.3482587064676617,23730,0.20198061525495153,286,143,101,42,0.7062937062937062,0.6643356643356644,101.0,0.7540056041525299,3,default,gbdt
9,0.5,most_risky,0.8312883435582822,0.6644444444444444,0.2908560311284047,0.3288888888888889,26076,0.20095106611443472,308,154,110,44,0.7142857142857143,0.6525974025974026,110.0,0.7622618583894362,3,default,gbdt
10,0.5,most_risky,0.8270042194092827,0.697286012526096,0.2847399829497016,0.3945720250521921,28439,0.20014768451773973,275,138,100,38,0.7246376811594203,0.6545454545454545,100.0,0.7697811451230454,3,default,gbdt
0,0.5,most_risky,0.829,0.6923076923076923,0.4072398190045249,0.38461538461538464,5000,0.2196,0,0,0,0,0.0,0.0,0.0,0.0,4,default,gbdt
1,0.5,most_risky,0.8181198910081744,0.659217877094972,0.36419753086419754,0.31843575418994413,7336,0.21523991275899673,328,164,126,38,0.7682926829268293,0.6798780487804879,126.0,0.7751645383122647,4,default,gbdt
2,0.5,most_risky,0.8242894056847545,0.6506550218340611,0.3643031784841076,0.30131004366812225,9673,0.210586167683242,327,164,120,44,0.7317073170731707,0.6207951070336392,120.0,0.780338013737359,4,default,gbdt
3,0.5,most_risky,0.8195426195426195,0.640926640926641,0.32741617357001973,0.28185328185328185,12023,0.2086833568992764,300,150,116,34,0.7733333333333333,0.69,116.0,0.7704769846446081,4,default,gbdt
4,0.5,most_risky,0.8290985033066481,0.657439446366782,0.32646048109965636,0.314878892733564,14362,0.20512463445202617,323,162,109,53,0.6728395061728395,0.6346749226006192,109.0,0.7932519630426128,4,default,gbdt
5,0.5,most_risky,0.831786890152649,0.7062706270627063,0.31149927219796214,0.41254125412541254,16702,0.20422703867800263,321,161,118,43,0.7329192546583851,0.6573208722741433,118.0,0.7691651473336673,4,default,gbdt
6,0.5,most_risky,0.8272965879265092,0.6656976744186046,0.2966321243523316,0.3313953488372093,19050,0.2022047244094488,305,153,107,46,0.6993464052287581,0.6295081967213115,107.0,0.7581095237210824,4,default,gbdt
7,0.5,most_risky,0.8207943925233645,0.6442577030812325,0.26436781609195403,0.28851540616246496,21396,0.20143952140587026,309,155,108,47,0.6967741935483871,0.6181229773462783,108.0,0.7630506149926092,4,default,gbdt
8,0.5,most_risky,0.8395113732097725,0.6885644768856448,0.30861504907306436,0.3771289537712895,23739,0.20236741227515903,315,158,120,38,0.759493670886076,0.6984126984126984,120.0,0.7739811118152962,4,default,gbdt
9,0.5,most_risky,0.8281609195402299,0.7085308056872038,0.2786579683131407,0.41706161137440756,26096,0.20175505824647455,287,144,91,53,0.6319444444444444,0.6097560975609756,91.0,0.7716868360647173,4,default,gbdt
10,0.5,most_risky,0.8297311544544017,0.6995884773662552,0.292347377472055,0.3991769547325103,28453,0.20124415703089304,287,144,108,36,0.75,0.7177700348432056,108.0,0.7533873760511318,4,default,gbdt
0,0.75,most_risky,0.823,0.680327868852459,0.3755656108597285,0.36065573770491804,5000,0.2226,0,0,0,0,0.0,0.0,0.0,0.0,0,default,gbdt
1,0.75,most_risky,0.8249158249158249,0.68,0.3684210526315789,0.36,7424,0.21497844827586207,306,230,152,78,0.6608695652173913,0.6535947712418301,152.0,0.7425500439035281,0,default,gbdt
2,0.75,most_risky,0.8194726166328601,0.6428571428571429,0.34285714285714286,0.2857142857142857,9857,0.21609008826214873,271,204,147,57,0.7205882352941176,0.6937269372693727,147.0,0.7228648767612286,0,default,gbdt
3,0.75,most_risky,0.8127798127798128,0.696969696969697,0.3262411347517731,0.3939393939393939,12281,0.2132562494910838,305,229,154,75,0.6724890829694323,0.6655737704918033,154.0,0.7208364184945367,0,default,gbdt
4,0.75,most_risky,0.8150917743031951,0.6912280701754386,0.3016845329249617,0.3824561403508772,14709,0.21517438303079747,290,218,161,57,0.7385321100917431,0.6862068965517242,161.0,0.7255269802571012,0,default,gbdt
5,0.75,most_risky,0.8153980752405949,0.6557377049180327,0.321285140562249,0.3114754098360656,17145,0.21358996792067658,259,195,141,54,0.7230769230769231,0.694980694980695,141.0,0.7150134927646176,0,default,gbdt
6,0.75,most_risky,0.8289070480081716,0.6870229007633588,0.33047735618115054,0.37404580152671757,19577,0.2123410124125249,275,207,153,54,0.7391304347826086,0.6945454545454546,153.0,0.7332718629028285,0,default,gbdt
7,0.75,most_risky,0.8238636363636364,0.6569506726457399,0.32021857923497266,0.31390134529147984,22000,0.2114090909090909,308,231,160,71,0.6926406926406926,0.685064935064935,160.0,0.725123264316491,0,default,gbdt
8,0.75,most_risky,0.824841416001637,0.6887966804979253,0.3198458574181118,0.3775933609958506,24432,0.21140307793058286,275,207,149,58,0.7198067632850241,0.6981818181818182,149.0,0.721093243913523,0,default,gbdt
9,0.75,most_risky,0.8238689257121579,0.6854368932038835,0.31046613896218117,0.37087378640776697,26855,0.21169242226773413,310,233,165,68,0.7081545064377682,0.6612903225806451,165.0,0.7309526554352801,0,default,gbdt
10,0.75,most_risky,0.8263319672131147,0.6927083333333334,0.3220338983050847,0.3854166666666667,29277,0.21166786214434538,312,234,167,67,0.7136752136752137,0.7019230769230769,167.0,0.7210459156097215,0,default,gbdt
0,0.75,most_risky,0.801,0.5899280575539568,0.36607142857142855,0.17985611510791366,5000,0.2286,0,0,0,0,0.0,0.0,0.0,0.0,1,default,gbdt
1,0.75,most_risky,0.8012129380053908,0.6551724137931034,0.32664756446991405,0.3103448275862069,7420,0.2247978436657682,322,242,169,73,0.6983471074380165,0.6708074534161491,169.0,0.7127365744730473,1,default,gbdt
2,0.75,most_risky,0.8411167512690355,0.7124463519313304,0.4029126213592233,0.4248927038626609,9847,0.21884838021732508,293,220,149,71,0.6772727272727272,0.6655290102389079,149.0,0.7421847623226873,1,default,gbdt
3,0.75,most_risky,0.8159609120521173,0.6363636363636364,0.3433962264150943,0.2727272727272727,12280,0.21579804560260588,271,204,149,55,0.7303921568627451,0.6900369003690037,149.0,0.7035441803990876,1,default,gbdt
4,0.75,most_risky,0.819109146548793,0.6183844011142061,0.35980551053484605,0.23676880222841226,14702,0.21269215072779213,313,235,164,71,0.6978723404255319,0.65814696485623,164.0,0.7116834543681165,1,default,gbdt
5,0.75,most_risky,0.8237011091652072,0.6763925729442971,0.34599728629579374,0.35278514588859416,17126,0.2116664720308303,304,228,160,68,0.7017543859649122,0.7105263157894737,160.0,0.728179104289097,1,default,gbdt
6,0.75,most_risky,0.8286445012787724,0.6574074074074074,0.3523573200992556,0.3148148148148148,19548,0.21127481072232454,312,234,163,71,0.6965811965811965,0.6506410256410257,163.0,0.6975809305244963,1,default,gbdt
7,0.75,most_risky,0.8358752560892329,0.6961770623742455,0.3777292576419214,0.39235412474849096,21963,0.21203842826571961,343,258,183,75,0.7093023255813954,0.6793002915451894,183.0,0.7171636486272709,1,default,gbdt
8,0.75,most_risky,0.8292332923329233,0.6754221388367729,0.35294117647058826,0.350844277673546,24386,0.2119248749282375,311,234,155,79,0.6623931623931624,0.6495176848874598,155.0,0.7169606714157407,1,default,gbdt
9,0.75,most_risky,0.8301640566741237,0.6452145214521452,0.35970561177552896,0.29042904290429045,26816,0.212708830548926,283,213,161,52,0.755868544600939,0.6925795053003534,161.0,0.7096318933543478,1,default,gbdt
10,0.75,most_risky,0.8237004103967168,0.6780487804878049,0.3336,0.35609756097560974,29240,0.2119015047879617,305,229,164,65,0.7161572052401747,0.6655737704918033,164.0,0.7197618788865595,1,default,gbdt
0,0.75,most_risky,0.826,0.6614173228346457,0.39069767441860465,0.3228346456692913,5000,0.2188,0,0,0,0,0.0,0.0,0.0,0.0,2,default,gbdt
1,0.75,most_risky,0.828956228956229,0.7074829931972789,0.33015873015873015,0.41496598639455784,7424,0.22023168103448276,304,228,173,55,0.7587719298245614,0.6842105263157895,173.0,0.7609336925524146,2,default,gbdt
2,0.75,most_risky,0.8275862068965517,0.7027027027027027,0.3627906976744186,0.40540540540540543,9856,0.21428571428571427,275,207,141,66,0.6811594202898551,0.6363636363636364,141.0,0.7390956136104754,2,default,gbdt
3,0.75,most_risky,0.8346905537459284,0.7148148148148148,0.36973180076628354,0.42962962962962964,12276,0.215623981753014,322,242,180,62,0.743801652892562,0.717391304347826,180.0,0.7425030701021696,2,default,gbdt
4,0.75,most_risky,0.8261904761904761,0.7045454545454546,0.34065934065934067,0.4090909090909091,14696,0.21550081654872075,321,241,171,70,0.7095435684647303,0.6853582554517134,171.0,0.7296186395083681,2,default,gbdt
5,0.75,most_risky,0.830948905109489,0.7146814404432132,0.35149863760217986,0.4293628808864266,17124,0.21291754263022658,290,218,150,68,0.6880733944954128,0.6482758620689655,150.0,0.7242682876208646,2,default,gbdt
6,0.75,most_risky,0.822040398874968,0.6746987951807228,0.3329369797859691,0.3493975903614458,19553,0.21285736204163044,284,213,147,66,0.6901408450704225,0.6690140845070423,147.0,0.7260523412929939,2,default,gbdt
7,0.75,most_risky,0.8268486916951081,0.6777546777546778,0.3497854077253219,0.35550935550935553,21974,0.21256940020023665,317,238,168,70,0.7058823529411765,0.6466876971608833,168.0,0.7349934957900971,2,default,gbdt
8,0.75,most_risky,0.8336065573770491,0.7042553191489361,0.3296812749003984,0.4085106382978723,24397,0.2126900848464975,310,233,155,78,0.6652360515021459,0.6645161290322581,155.0,0.7260194470204033,2,default,gbdt
9,0.75,most_risky,0.8291092061125606,0.710091743119266,0.337696335078534,0.42018348623853213,26827,0.21340440600887167,282,212,158,54,0.7452830188679245,0.6985815602836879,158.0,0.7093297304000797,2,default,gbdt
10,0.75,most_risky,0.8263544693214835,0.7016949152542373,0.33014354066985646,0.4033898305084746,29255,0.2127157750811827,290,218,151,67,0.6926605504587156,0.6448275862068965,151.0,0.7040553975630701,2,default,gbdt
0,0.75,most_risky,0.813,0.5470085470085471,0.32323232323232326,0.09401709401709402,5000,0.211,0,0,0,0,0.0,0.0,0.0,0.0,3,default,gbdt
1,0.75,most_risky,0.8293998651382333,0.6904761904761905,0.3659305993690852,0.38095238095238093,7412,0.21478683216405828,352,264,189,75,0.7159090909090909,0.6789772727272727,189.0,0.7169428567570075,3,default,gbdt
2,0.75,most_risky,0.8286731062531775,0.6893617021276596,0.38028169014084506,0.37872340425531914,9834,0.2153752287980476,312,234,171,63,0.7307692307692307,0.6923076923076923,171.0,0.7299081614225492,3,default,gbdt
3,0.75,most_risky,0.8257853937168502,0.6896551724137931,0.37243947858473,0.3793103448275862,12255,0.21738066095471237,318,239,164,75,0.6861924686192469,0.6540880503144654,164.0,0.7242693629177099,3,default,gbdt
4,0.75,most_risky,0.8266939053455907,0.7586206896551724,0.3590504451038576,0.5172413793103449,14681,0.21544853892786595,298,224,151,73,0.6741071428571429,0.6476510067114094,151.0,0.7258923283687181,3,default,gbdt
5,0.75,most_risky,0.821981876644256,0.7075718015665796,0.3528645833333333,0.4151436031331593,17103,0.21674560018710168,314,236,183,53,0.7754237288135594,0.7197452229299363,183.0,0.7039749422951681,3,default,gbdt
6,0.75,most_risky,0.8263764404609475,0.7037037037037037,0.3559718969555035,0.4074074074074074,19524,0.21522229051423888,317,238,168,70,0.7058823529411765,0.6845425867507886,168.0,0.7225817664188063,3,default,gbdt
7,0.75,most_risky,0.834814308498519,0.7311111111111112,0.35262593783494106,0.4622222222222222,21944,0.21427269413051403,320,240,167,73,0.6958333333333333,0.671875,167.0,0.7229411949366599,3,default,gbdt
8,0.75,most_risky,0.8211282051282052,0.6933085501858736,0.3453703703703704,0.38661710037174724,24375,0.21382564102564103,276,207,150,57,0.7246376811594203,0.6630434782608695,150.0,0.71089883308416,3,default,gbdt
9,0.75,most_risky,0.8310016787912703,0.6983240223463687,0.3351206434316354,0.39664804469273746,26801,0.21286519159732845,299,225,156,69,0.6933333333333334,0.6722408026755853,156.0,0.7229774988148739,3,default,gbdt
10,0.75,most_risky,0.823328202497007,0.6836902800658978,0.3304140127388535,0.3673805601317957,29233,0.21195224574966648,274,206,140,66,0.6796116504854369,0.6605839416058394,140.0,0.7223534836020131,3,default,gbdt
0,0.75,most_risky,0.829,0.6923076923076923,0.4072398190045249,0.38461538461538464,5000,0.2196,0,0,0,0,0.0,0.0,0.0,0.0,4,default,gbdt
1,0.75,most_risky,0.8234501347708895,0.6820512820512821,0.3993993993993994,0.3641025641025641,7418,0.2196009706120248,328,246,176,70,0.7154471544715447,0.6798780487804879,176.0,0.7216640688682401,4,default,gbdt
2,0.75,most_risky,0.8211382113821138,0.7155555555555555,0.3585746102449889,0.4311111111111111,9837,0.21673274372267967,326,245,165,80,0.673469387755102,0.6226993865030674,165.0,0.7298905067421981,4,default,gbdt
3,0.75,most_risky,0.8101059494702526,0.6643835616438356,0.34519572953736655,0.3287671232876712,12267,0.21618977745169968,283,213,156,57,0.7323943661971831,0.7031802120141343,156.0,0.7111535960947559,4,default,gbdt
4,0.75,most_risky,0.8155207624234173,0.6405797101449275,0.3458528951486698,0.2811594202898551,14688,0.2136437908496732,318,239,157,82,0.6569037656903766,0.6415094339622641,157.0,0.7386826642957942,4,default,gbdt
5,0.75,most_risky,0.8191644756061934,0.6441102756892231,0.35013623978201636,0.2882205513784461,17111,0.2136052831511893,311,234,166,68,0.7094017094017094,0.6655948553054662,166.0,0.7352022050407172,4,default,gbdt
6,0.75,most_risky,0.8208802456499488,0.6628175519630485,0.3412604042806183,0.325635103926097,19537,0.21195679991810412,297,223,151,72,0.6771300448430493,0.6430976430976431,151.0,0.7258837250937872,4,default,gbdt
7,0.75,most_risky,0.8201684498065104,0.6837606837606838,0.33264033264033266,0.36752136752136755,21962,0.21150168472816683,303,228,151,77,0.6622807017543859,0.6204620462046204,151.0,0.7179555073918867,4,default,gbdt
8,0.75,most_risky,0.8321033210332104,0.6693548387096774,0.3363728470111449,0.3387096774193548,24386,0.21299106044451735,305,229,170,59,0.74235807860262,0.7049180327868853,170.0,0.7187569089169552,4,default,gbdt
9,0.75,most_risky,0.8236390753169277,0.6787072243346007,0.3148148148148148,0.3574144486692015,26816,0.21263424821002386,282,212,132,80,0.6226415094339622,0.599290780141844,132.0,0.726306937111244,4,default,gbdt
10,0.75,most_risky,0.8261241237818431,0.6970740103270223,0.32504012841091495,0.39414802065404475,29244,0.21248803173300507,289,217,165,52,0.7603686635944701,0.7335640138408305,165.0,0.7241222289591617,4,default,gbdt
0,1.0,most_risky,0.823,0.680327868852459,0.3755656108597285,0.36065573770491804,5000,0.2226,0,0,0,0,0.0,0.0,0.0,0.0,0,default,gbdt
1,1.0,most_risky,0.8406666666666667,0.7058823529411765,0.3883495145631068,0.4117647058823529,7500,0.2192,306,306,200,106,0.6535947712418301,0.6535947712418301,200.0,0.6975580184360677,0,default,gbdt
2,1.0,most_risky,0.8245,0.6398305084745762,0.36211031175059955,0.2796610169491525,10000,0.2219,282,282,194,88,0.6879432624113475,0.6879432624113475,194.0,0.6773289888108084,0,default,gbdt
3,1.0,most_risky,0.8236,0.7127272727272728,0.35125448028673834,0.4254545454545455,12500,0.22056,320,320,206,114,0.64375,0.64375,206.0,0.6758411776989453,0,default,gbdt
4,1.0,most_risky,0.8046666666666666,0.6638888888888889,0.33948863636363635,0.3277777777777778,15000,0.22273333333333334,297,297,201,96,0.6767676767676768,0.6767676767676768,201.0,0.6786156133461452,0,default,gbdt
5,1.0,most_risky,0.8214285714285714,0.6479217603911981,0.3552278820375335,0.29584352078239606,17500,0.22154285714285715,271,271,185,86,0.6826568265682657,0.6826568265682657,185.0,0.6800804851464838,0,default,gbdt
6,1.0,most_risky,0.81575,0.6801801801801802,0.3366778149386845,0.36036036036036034,20000,0.2205,288,288,196,92,0.6805555555555556,0.6805555555555556,196.0,0.6898736713140432,0,default,gbdt
7,1.0,most_risky,0.8095555555555556,0.6634050880626223,0.3310546875,0.3268101761252446,22500,0.22022222222222224,311,311,210,101,0.6752411575562701,0.6752411575562701,210.0,0.6862390503221174,0,default,gbdt
8,1.0,most_risky,0.8112,0.6221498371335505,0.3491773308957952,0.24429967426710097,25000,0.22048,273,273,193,80,0.706959706959707,0.706959706959707,193.0,0.681510727634614,0,default,gbdt
9,1.0,most_risky,0.8254545454545454,0.6486902927580893,0.36513443191673894,0.29738058551617874,27500,0.2208,325,325,207,118,0.6369230769230769,0.6369230769230769,207.0,0.6963421669091335,0,default,gbdt
10,1.0,most_risky,0.819,0.6756373937677054,0.3575712143928036,0.35127478753541075,30000,0.2212,314,314,219,95,0.697452229299363,0.697452229299363,219.0,0.6842014192504773,0,default,gbdt
0,1.0,most_risky,0.801,0.5899280575539568,0.36607142857142855,0.17985611510791366,5000,0.2286,0,0,0,0,0.0,0.0,0.0,0.0,1,default,gbdt
1,1.0,most_risky,0.802,0.6117021276595744,0.3392330383480826,0.22340425531914893,7500,0.22866666666666666,322,322,216,106,0.6708074534161491,0.6708074534161491,216.0,0.670912101360575,1,default,gbdt
2,1.0,most_risky,0.817,0.6755725190839694,0.3864628820960699,0.3511450381679389,10000,0.2248,307,307,201,106,0.6547231270358306,0.6547231270358306,201.0,0.6976606858428962,1,default,gbdt
3,1.0,most_risky,0.816,0.6496815286624203,0.36823104693140796,0.29936305732484075,12500,0.22248,304,304,203,101,0.6677631578947368,0.6677631578947368,203.0,0.6651891942403768,1,default,gbdt
4,1.0,most_risky,0.8126666666666666,0.6816976127320955,0.3676680972818312,0.363395225464191,15000,0.22,302,302,198,104,0.6556291390728477,0.6556291390728477,198.0,0.6685330945794605,1,default,gbdt
5,1.0,most_risky,0.8271428571428572,0.6601731601731602,0.4050464807436919,0.3203463203463203,17500,0.22022857142857144,306,306,213,93,0.696078431372549,0.696078431372549,213.0,0.6747123602758055,1,default,gbdt
6,1.0,most_risky,0.82325,0.6646586345381527,0.38002296211251435,0.3293172690763052,20000,0.21995,312,312,207,105,0.6634615384615384,0.6634615384615384,207.0,0.6727142676059135,1,default,gbdt
7,1.0,most_risky,0.8273333333333334,0.6960431654676259,0.38894472361809046,0.3920863309352518,22500,0.22115555555555555,339,339,229,110,0.6755162241887905,0.6755162241887905,229.0,0.6869110780412079,1,default,gbdt
8,1.0,most_risky,0.8252,0.6880877742946708,0.3940754039497307,0.3761755485893417,25000,0.22136,316,316,203,113,0.6424050632911392,0.6424050632911392,203.0,0.678506896625095,1,default,gbdt
9,1.0,most_risky,0.8254545454545454,0.6823855755894591,0.40228945216680295,0.3647711511789182,27500,0.222,285,285,200,85,0.7017543859649122,0.7017543859649122,200.0,0.6718650932873982,1,default,gbdt
10,1.0,most_risky,0.8211666666666667,0.6671575846833578,0.3484615384615385,0.33431516936671574,30000,0.2212,302,302,201,101,0.6655629139072847,0.6655629139072847,201.0,0.6769791084178006,1,default,gbdt
0,1.0,most_risky,0.826,0.6614173228346457,0.39069767441860465,0.3228346456692913,5000,0.2188,0,0,0,0,0.0,0.0,0.0,0.0,2,default,gbdt
1,1.0,most_risky,0.818,0.6585365853658537,0.3323076923076923,0.3170731707317073,7500,0.22266666666666668,304,304,208,96,0.6842105263157895,0.6842105263157895,208.0,0.7143638980396486,2,default,gbdt
2,1.0,most_risky,0.816,0.6796875,0.3782608695652174,0.359375,10000,0.2181,285,285,184,101,0.6456140350877193,0.6456140350877193,184.0,0.6898251176547168,2,default,gbdt
3,1.0,most_risky,0.8296,0.7066666666666667,0.38545454545454544,0.41333333333333333,12500,0.22136,315,315,229,86,0.726984126984127,0.726984126984127,229.0,0.6930553958495381,2,default,gbdt
4,1.0,most_risky,0.8296666666666667,0.7055555555555556,0.38543247344461307,0.4111111111111111,15000,0.2224,311,311,218,93,0.7009646302250804,0.7009646302250804,218.0,0.6859589167509066,2,default,gbdt
5,1.0,most_risky,0.8237142857142857,0.6840909090909091,0.386392811296534,0.36818181818181817,17500,0.22017142857142857,293,293,188,105,0.6416382252559727,0.6416382252559727,188.0,0.6790253348654639,2,default,gbdt
6,1.0,most_risky,0.8205,0.6997840172786177,0.3588039867109635,0.39956803455723544,20000,0.2206,272,272,182,90,0.6691176470588235,0.6691176470588235,182.0,0.6929670352476784,2,default,gbdt
7,1.0,most_risky,0.8317777777777777,0.6912028725314183,0.39690721649484534,0.38240574506283664,22500,0.22035555555555555,300,300,202,98,0.6733333333333333,0.6733333333333333,202.0,0.6933872005226207,2,default,gbdt
8,1.0,most_risky,0.8258,0.6638935108153078,0.37359550561797755,0.3277870216306156,25000,0.22108,303,303,196,107,0.6468646864686468,0.6468646864686468,196.0,0.6795080429695456,2,default,gbdt
9,1.0,most_risky,0.8254545454545454,0.6741741741741741,0.3766778523489933,0.3483483483483483,27500,0.22189090909090908,281,281,201,80,0.7153024911032029,0.7153024911032029,201.0,0.6753562664372909,2,default,gbdt
10,1.0,most_risky,0.8313333333333334,0.679324894514768,0.3812154696132597,0.35864978902953587,30000,0.2212,282,282,183,99,0.648936170212766,0.648936170212766,183.0,0.6794860896868185,2,default,gbdt
0,1.0,most_risky,0.813,0.5470085470085471,0.32323232323232326,0.09401709401709402,5000,0.211,0,0,0,0,0.0,0.0,0.0,0.0,3,default,gbdt
1,1.0,most_risky,0.824,0.6903553299492385,0.40117994100294985,0.38071065989847713,7500,0.21893333333333334,352,352,239,113,0.6789772727272727,0.6789772727272727,239.0,0.6764169017195107,3,default,gbdt
2,1.0,most_risky,0.814,0.6617100371747212,0.3877995642701525,0.32342007434944237,10000,0.2213,314,314,215,99,0.6847133757961783,0.6847133757961783,215.0,0.6714856955155797,3,default,gbdt
3,1.0,most_risky,0.8268,0.6813880126182965,0.39416058394160586,0.3627760252365931,12500,0.22424,315,315,208,107,0.6603174603174603,0.6603174603174603,208.0,0.6838622987609958,3,default,gbdt
4,1.0,most_risky,0.8166666666666667,0.6387434554973822,0.3719512195121951,0.2774869109947644,15000,0.22293333333333334,300,300,191,109,0.6366666666666667,0.6366666666666667,191.0,0.688605540958908,3,default,gbdt
5,1.0,most_risky,0.8188571428571428,0.7012987012987013,0.3951219512195122,0.4025974025974026,17500,0.22462857142857143,324,324,230,94,0.7098765432098766,0.7098765432098766,230.0,0.6847695061780463,3,default,gbdt
6,1.0,most_risky,0.82575,0.6771488469601677,0.3729792147806005,0.35429769392033544,20000,0.22375,300,300,211,89,0.7033333333333334,0.7033333333333334,211.0,0.6931819400725214,3,default,gbdt
7,1.0,most_risky,0.8217777777777778,0.685251798561151,0.37797619047619047,0.37050359712230213,22500,0.22324444444444444,317,317,213,104,0.6719242902208202,0.6719242902208202,213.0,0.690052623791828,3,default,gbdt
8,1.0,most_risky,0.8232,0.6723259762308998,0.36430542778288866,0.34465195246179964,25000,0.22264,277,277,183,94,0.6606498194945848,0.6606498194945848,183.0,0.6826145097844023,3,default,gbdt
9,1.0,most_risky,0.8216363636363636,0.6900763358778625,0.367479674796748,0.3801526717557252,27500,0.22196363636363636,302,302,196,106,0.6490066225165563,0.6490066225165563,196.0,0.6897449116578519,3,default,gbdt
10,1.0,most_risky,0.813,0.6765119549929677,0.3503277494537509,0.3530239099859353,30000,0.2212,277,277,182,95,0.6570397111913358,0.6570397111913358,182.0,0.6846224926953781,3,default,gbdt
0,1.0,most_risky,0.829,0.6923076923076923,0.4072398190045249,0.38461538461538464,5000,0.2196,0,0,0,0,0.0,0.0,0.0,0.0,4,default,gbdt
1,1.0,most_risky,0.8266666666666667,0.6615384615384615,0.3993808049535604,0.3230769230769231,7500,0.22346666666666667,328,328,223,105,0.6798780487804879,0.6798780487804879,223.0,0.6768542948481903,4,default,gbdt
2,1.0,most_risky,0.809,0.6584362139917695,0.3485838779956427,0.3168724279835391,10000,0.2217,326,326,201,125,0.6165644171779141,0.6165644171779141,201.0,0.6835673249782312,4,default,gbdt
3,1.0,most_risky,0.8232,0.6325301204819277,0.39622641509433965,0.26506024096385544,12500,0.2224,276,276,194,82,0.7028985507246377,0.7028985507246377,194.0,0.6825342514751405,4,default,gbdt
4,1.0,most_risky,0.8283333333333334,0.6820512820512821,0.4048706240487062,0.3641025641025641,15000,0.22086666666666666,324,324,204,120,0.6296296296296297,0.6296296296296297,204.0,0.6964771623739572,4,default,gbdt
5,1.0,most_risky,0.8185714285714286,0.6515513126491647,0.35826771653543305,0.3031026252983294,17500,0.2212,322,322,217,105,0.6739130434782609,0.6739130434782609,217.0,0.6776402254845494,4,default,gbdt
6,1.0,most_risky,0.816,0.6565040650406504,0.36292134831460676,0.3130081300813008,20000,0.21985,284,284,183,101,0.6443661971830986,0.6443661971830986,183.0,0.6992295313120089,4,default,gbdt
7,1.0,most_risky,0.8275555555555556,0.6833976833976834,0.36645962732919257,0.3667953667953668,22500,0.21946666666666667,303,303,195,108,0.6435643564356436,0.6435643564356436,195.0,0.6844197029796195,4,default,gbdt
8,1.0,most_risky,0.819,0.6717948717948717,0.3553345388788427,0.3435897435897436,25000,0.22128,293,293,211,82,0.7201365187713311,0.7201365187713311,211.0,0.6842169649920476,4,default,gbdt
9,1.0,most_risky,0.8203636363636364,0.6775777414075287,0.34356846473029046,0.35515548281505727,27500,0.22098181818181817,279,279,170,109,0.6093189964157706,0.6093189964157706,170.0,0.6909136784325258,4,default,gbdt
10,1.0,most_risky,0.8158333333333333,0.6826923076923077,0.362509117432531,0.36538461538461536,30000,0.2212,292,292,213,79,0.7294520547945206,0.7294520547945206,213.0,0.6795135276539374,4,default,gbdt
