iteration,exploration_rate,ranking_strategy,accuracy,precision,recall,kickout,training_set_size,training_default_rate,n_rejects_total,n_explored,n_explored_defaulted,n_explored_repaid,exploration_default_rate,reject_default_rate,exploration_cost,explored_risk_mean,run,dataset,model
0,0.0,least_risky,0.822,0.6747967479674797,0.3755656108597285,0.34959349593495936,5000,0.2226,0,0,0,0,0.0,0.0,0.0,0.0,0,default,rf
1,0.0,least_risky,0.825330549756437,0.6857142857142857,0.31683168316831684,0.37142857142857144,7183,0.20256160378671864,317,0,0,0,0.0,0.0,0.0,0.0,0,default,rf
2,0.0,least_risky,0.824,0.6012658227848101,0.26243093922651933,0.20253164556962025,9375,0.19509333333333334,308,0,0,0,0.0,0.0,0.0,0.0,0,default,rf
3,0.0,least_risky,0.8337673611111112,0.6728395061728395,0.24829157175398633,0.345679012345679,11519,0.18656133344908413,356,0,0,0,0.0,0.0,0.0,0.0,0,default,rf
4,0.0,least_risky,0.8308366824990866,0.6629213483146067,0.22648752399232247,0.3258426966292135,13685,0.18385093167701863,334,0,0,0,0.0,0.0,0.0,0.0,0,default,rf
5,0.0,least_risky,0.8315491183879093,0.6457142857142857,0.19283276450511946,0.2914285714285714,15880,0.18016372795969773,305,0,0,0,0.0,0.0,0.0,0.0,0,default,rf
6,0.0,least_risky,0.8382719468291332,0.655367231638418,0.18153364632237873,0.3107344632768362,18051,0.17688770705224088,329,0,0,0,0.0,0.0,0.0,0.0,0,default,rf
7,0.0,least_risky,0.8310660400692556,0.6193181818181818,0.1503448275862069,0.23863636363636365,20215,0.1742765273311897,336,0,0,0,0.0,0.0,0.0,0.0,0,default,rf
8,0.0,least_risky,0.8302097278000893,0.5352112676056338,0.14690721649484537,0.07042253521126761,22408,0.17306319171724385,307,0,0,0,0.0,0.0,0.0,0.0,0,default,rf
9,0.0,least_risky,0.8377773254630572,0.5595238095238095,0.17049576783555018,0.11904761904761904,24561,0.17177639346932128,347,0,0,0,0.0,0.0,0.0,0.0,0,default,rf
10,0.0,least_risky,0.832646948708349,0.5483870967741935,0.14814814814814814,0.0967741935483871,26707,0.17089152656606882,354,0,0,0,0.0,0.0,0.0,0.0,0,default,rf
0,0.0,least_risky,0.795,0.5673758865248227,0.35714285714285715,0.1347517730496454,5000,0.2286,0,0,0,0,0.0,0.0,0.0,0.0,1,default,rf
1,0.0,least_risky,0.807799442896936,0.620253164556962,0.31210191082802546,0.24050632911392406,7177,0.2119269889926153,323,0,0,0,0.0,0.0,0.0,0.0,1,default,rf
2,0.0,least_risky,0.8237506716818914,0.6710526315789473,0.26842105263157895,0.34210526315789475,9301,0.197505644554349,376,0,0,0,0.0,0.0,0.0,0.0,1,default,rf
3,0.0,least_risky,0.8268812527185733,0.5947368421052631,0.26036866359447003,0.18947368421052632,11491,0.18936559046210077,310,0,0,0,0.0,0.0,0.0,0.0,1,default,rf
4,0.0,least_risky,0.8214024835646457,0.5520833333333334,0.2082514734774067,0.10416666666666667,13686,0.1826684202835014,305,0,0,0,0.0,0.0,0.0,0.0,1,default,rf
5,0.0,least_risky,0.8244010088272383,0.5504587155963303,0.20725388601036268,0.10091743119266056,15860,0.17994955863808323,326,0,0,0,0.0,0.0,0.0,0.0,1,default,rf
6,0.0,least_risky,0.8273660838190396,0.5390946502057613,0.20436817472698907,0.07818930041152264,18011,0.17683637776914107,349,0,0,0,0.0,0.0,0.0,0.0,1,default,rf
7,0.0,least_risky,0.8353643372295448,0.5578512396694215,0.1956521739130435,0.11570247933884298,20102,0.17446025271117302,409,0,0,0,0.0,0.0,0.0,0.0,1,default,rf
8,0.0,least_risky,0.829619626378573,0.5868725868725869,0.18952618453865336,0.17374517374517376,22214,0.1724137931034483,388,0,0,0,0.0,0.0,0.0,0.0,1,default,rf
9,0.0,least_risky,0.8367556468172485,0.5860655737704918,0.17084826762246116,0.1721311475409836,24347,0.17110937692528855,367,0,0,0,0.0,0.0,0.0,0.0,1,default,rf
10,0.0,least_risky,0.8399395998489996,0.5658362989323843,0.17966101694915254,0.13167259786476868,26486,0.1691837197009741,361,0,0,0,0.0,0.0,0.0,0.0,1,default,rf
0,0.0,least_risky,0.825,0.65625,0.39069767441860465,0.3125,5000,0.2188,0,0,0,0,0.0,0.0,0.0,0.0,2,default,rf
1,0.0,least_risky,0.8193863319386332,0.5255474452554745,0.2706766917293233,0.051094890510948905,7169,0.20267819779606638,331,0,0,0,0.0,0.0,0.0,0.0,2,default,rf
2,0.0,least_risky,0.8133333333333334,0.6265822784810127,0.25384615384615383,0.25316455696202533,9372,0.19131455399061034,297,0,0,0,0.0,0.0,0.0,0.0,2,default,rf
3,0.0,least_risky,0.8400520156046815,0.6,0.2733990147783251,0.2,11534,0.1859719091382001,338,0,0,0,0.0,0.0,0.0,0.0,2,default,rf
4,0.0,least_risky,0.829072315558802,0.6045197740112994,0.21188118811881188,0.20903954802259886,13688,0.18271478667445937,346,0,0,0,0.0,0.0,0.0,0.0,2,default,rf
5,0.0,least_risky,0.8249921309411394,0.5931372549019608,0.2037037037037037,0.18627450980392157,15882,0.17844100239264576,306,0,0,0,0.0,0.0,0.0,0.0,2,default,rf
6,0.0,least_risky,0.8337022689540675,0.6108374384236454,0.19195046439628483,0.22167487684729065,18066,0.1767408391453559,316,0,0,0,0.0,0.0,0.0,0.0,2,default,rf
7,0.0,least_risky,0.8388133498145859,0.5958333333333333,0.20487106017191978,0.19166666666666668,20221,0.17471935116957618,345,0,0,0,0.0,0.0,0.0,0.0,2,default,rf
8,0.0,least_risky,0.8445387536296627,0.6044444444444445,0.18304172274562583,0.2088888888888889,22384,0.1740975696926376,337,0,0,0,0.0,0.0,0.0,0.0,2,default,rf
9,0.0,least_risky,0.8296703296703297,0.5906735751295337,0.13073394495412843,0.18134715025906736,24567,0.17364757601660766,317,0,0,0,0.0,0.0,0.0,0.0,2,default,rf
10,0.0,least_risky,0.8356087525715354,0.5648535564853556,0.14835164835164835,0.1297071129707113,26734,0.17210294007630733,333,0,0,0,0.0,0.0,0.0,0.0,2,default,rf
0,0.0,least_risky,0.808,0.5245901639344263,0.32323232323232326,0.04918032786885246,5000,0.211,0,0,0,0,0.0,0.0,0.0,0.0,3,default,rf
1,0.0,least_risky,0.827513966480447,0.5909090909090909,0.2878228782287823,0.18181818181818182,7159,0.19807235647436794,341,0,0,0,0.0,0.0,0.0,0.0,3,default,rf
2,0.0,least_risky,0.8281417830290011,0.6226415094339622,0.2757660167130919,0.24528301886792453,9308,0.19015900300816502,351,0,0,0,0.0,0.0,0.0,0.0,3,default,rf
3,0.0,least_risky,0.824118415324336,0.5649717514124294,0.234192037470726,0.12994350282485875,11481,0.187962721017333,327,0,0,0,0.0,0.0,0.0,0.0,3,default,rf
4,0.0,least_risky,0.8328445747800587,0.6341463414634146,0.208,0.2682926829268293,13636,0.18333822235259606,345,0,0,0,0.0,0.0,0.0,0.0,3,default,rf
5,0.0,least_risky,0.8261144483085678,0.5751295336787565,0.19170984455958548,0.15025906735751296,15811,0.18107646575169187,325,0,0,0,0.0,0.0,0.0,0.0,3,default,rf
6,0.0,least_risky,0.823643949930459,0.5352112676056338,0.17565485362095531,0.07042253521126761,17972,0.17749833073670154,339,0,0,0,0.0,0.0,0.0,0.0,3,default,rf
7,0.0,least_risky,0.8319661943823018,0.5466666666666666,0.17647058823529413,0.09333333333333334,20113,0.17461343409734997,359,0,0,0,0.0,0.0,0.0,0.0,3,default,rf
8,0.0,least_risky,0.8358778625954199,0.5969387755102041,0.15214564369310793,0.19387755102040816,22269,0.17234720912479232,344,0,0,0,0.0,0.0,0.0,0.0,3,default,rf
9,0.0,least_risky,0.8264073694984647,0.5062761506276151,0.14218566392479437,0.012552301255230125,24421,0.1704680398018099,348,0,0,0,0.0,0.0,0.0,0.0,3,default,rf
10,0.0,least_risky,0.8261523988711195,0.5020080321285141,0.13513513513513514,0.004016064257028112,26573,0.16847928348323488,348,0,0,0,0.0,0.0,0.0,0.0,3,default,rf
0,0.0,least_risky,0.807,0.6076923076923076,0.3574660633484163,0.2153846153846154,5000,0.2196,0,0,0,0,0.0,0.0,0.0,0.0,4,default,rf
1,0.0,least_risky,0.8069686411149826,0.5298013245033113,0.27972027972027974,0.059602649006622516,7171,0.20192441779389206,329,0,0,0,0.0,0.0,0.0,0.0,4,default,rf
2,0.0,least_risky,0.8245050829320493,0.6129032258064516,0.26170798898071623,0.22580645161290322,9341,0.19184241515897654,330,0,0,0,0.0,0.0,0.0,0.0,4,default,rf
3,0.0,least_risky,0.830155979202773,0.5977653631284916,0.2505854800936768,0.19553072625698323,11539,0.1867579512956062,302,0,0,0,0.0,0.0,0.0,0.0,4,default,rf
4,0.0,least_risky,0.8243243243243243,0.5706806282722513,0.21456692913385828,0.14136125654450263,13688,0.18118059614260668,351,0,0,0,0.0,0.0,0.0,0.0,4,default,rf
5,0.0,least_risky,0.8345959595959596,0.6052631578947368,0.20390070921985815,0.21052631578947367,15839,0.17778900183092367,349,0,0,0,0.0,0.0,0.0,0.0,4,default,rf
6,0.0,least_risky,0.8353692393114936,0.6369047619047619,0.1674491392801252,0.27380952380952384,18007,0.17404342755595045,332,0,0,0,0.0,0.0,0.0,0.0,4,default,rf
7,0.0,least_risky,0.8353552859618717,0.5311004784688995,0.16371681415929204,0.06220095693779904,20191,0.1727502352533307,316,0,0,0,0.0,0.0,0.0,0.0,4,default,rf
8,0.0,least_risky,0.8385509838998211,0.6100917431192661,0.17272727272727273,0.22018348623853212,22359,0.17286104029697213,332,0,0,0,0.0,0.0,0.0,0.0,4,default,rf
9,0.0,least_risky,0.8380195599022005,0.6008583690987125,0.166270783847981,0.2017167381974249,24540,0.17229013854930725,319,0,0,0,0.0,0.0,0.0,0.0,4,default,rf
10,0.0,least_risky,0.8331148155085222,0.5338983050847458,0.13891951488423374,0.06779661016949153,26693,0.17090623009777844,347,0,0,0,0.0,0.0,0.0,0.0,4,default,rf
0,0.01,least_risky,0.822,0.6747967479674797,0.3755656108597285,0.34959349593495936,5000,0.2226,0,0,0,0,0.0,0.0,0.0,0.0,0,default,rf
1,0.01,least_risky,0.8240611961057024,0.6299212598425197,0.27972027972027974,0.25984251968503935,7187,0.20258800612216502,317,4,1,3,0.25,0.5962145110410094,1.0,0.51,0,default,rf
2,0.01,least_risky,0.8270356572645023,0.5666666666666667,0.2463768115942029,0.13333333333333333,9391,0.194335001597274,299,3,3,0,1.0,0.6989966555183946,3.0,0.51,0,default,rf
3,0.01,least_risky,0.8227902946273831,0.6222222222222222,0.19004524886877827,0.24444444444444444,11537,0.18583687267053828,358,4,2,2,0.5,0.61731843575419,2.0,0.51,0,default,rf
4,0.01,least_risky,0.8217930029154519,0.6666666666666666,0.2087912087912088,0.3333333333333333,13720,0.1836734693877551,321,4,4,0,1.0,0.660436137071651,4.0,0.51,0,default,rf
5,0.01,least_risky,0.8347989949748744,0.6329787234042553,0.2065972222222222,0.26595744680851063,15918,0.1802362105792185,306,4,2,2,0.5,0.6176470588235294,2.0,0.51,0,default,rf
6,0.01,least_risky,0.8282716731087797,0.5909090909090909,0.1778115501519757,0.18181818181818182,18106,0.1770683751242682,316,4,1,3,0.25,0.6234177215189873,1.0,0.51,0,default,rf
7,0.01,least_risky,0.8299605133267522,0.5550239234449761,0.16292134831460675,0.11004784688995216,20258,0.17420278408529963,352,4,0,4,0.0,0.6306818181818182,0.0,0.51,0,default,rf
8,0.01,least_risky,0.8316633266533067,0.5353535353535354,0.13766233766233765,0.0707070707070707,22455,0.17296815853930084,307,4,3,1,0.75,0.6677524429967426,3.0,0.51,0,default,rf
9,0.01,least_risky,0.8386834620073141,0.5739130434782609,0.15942028985507245,0.14782608695652175,24607,0.17186166537977,352,4,1,3,0.25,0.6136363636363636,1.0,0.51,0,default,rf
10,0.01,least_risky,0.8376914456481136,0.5517241379310345,0.1433370660694289,0.10344827586206896,26768,0.17083831440526,343,4,1,3,0.25,0.6443148688046647,1.0,0.51,0,default,rf
0,0.01,least_risky,0.795,0.5673758865248227,0.35714285714285715,0.1347517730496454,5000,0.2286,0,0,0,0,0.0,0.0,0.0,0.0,1,default,rf
1,0.01,least_risky,0.8121085594989561,0.6223776223776224,0.29180327868852457,0.24475524475524477,7181,0.21222670937195376,323,4,3,1,0.75,0.6006191950464397,3.0,0.51,1,default,rf
2,0.01,least_risky,0.8325281803542673,0.6407185628742516,0.298050139275766,0.281437125748503,9313,0.19821754536669173,372,4,2,2,0.5,0.5725806451612904,2.0,0.51,1,default,rf
3,0.01,least_risky,0.820356676816007,0.572972972972973,0.2409090909090909,0.14594594594594595,11494,0.19027318601009222,323,4,0,4,0.0,0.5944272445820433,0.0,0.51,1,default,rf
4,0.01,least_risky,0.8185808339429408,0.5960591133004927,0.2261682242990654,0.1921182266009852,13670,0.18295537673738113,328,4,2,2,0.5,0.6310975609756098,2.0,0.51,1,default,rf
5,0.01,least_risky,0.8325434439178515,0.5613207547169812,0.21402877697841727,0.12264150943396226,15824,0.17903185035389282,350,4,2,2,0.5,0.64,2.0,0.51,1,default,rf
6,0.01,least_risky,0.837454848569047,0.5737704918032787,0.22544283413848631,0.14754098360655737,17991,0.1763103774109277,337,4,2,2,0.5,0.6172106824925816,2.0,0.51,1,default,rf
7,0.01,least_risky,0.8436490181456624,0.5912698412698413,0.22074074074074074,0.18253968253968253,20114,0.1747539027543005,381,4,0,4,0.0,0.6141732283464567,0.0,0.51,1,default,rf
8,0.01,least_risky,0.8339325842696629,0.5936254980079682,0.1895674300254453,0.18725099601593626,22246,0.1731097725433786,372,4,1,3,0.25,0.5994623655913979,1.0,0.51,1,default,rf
9,0.01,least_risky,0.8300881328141012,0.5625,0.1672473867595819,0.125,24395,0.17208444353351096,355,4,3,1,0.75,0.6394366197183099,3.0,0.51,1,default,rf
10,0.01,least_risky,0.839450404667796,0.5670498084291188,0.16666666666666666,0.13409961685823754,26565,0.170412196499153,334,4,2,2,0.5,0.6107784431137725,2.0,0.51,1,default,rf
0,0.01,least_risky,0.825,0.65625,0.39069767441860465,0.3125,5000,0.2188,0,0,0,0,0.0,0.0,0.0,0.0,2,default,rf
1,0.01,least_risky,0.8090592334494774,0.5310344827586206,0.27208480565371024,0.06206896551724138,7173,0.20284399832705982,331,4,2,2,0.5,0.6555891238670695,2.0,0.51,2,default,rf
2,0.01,least_risky,0.806727175654031,0.6143790849673203,0.2367758186397985,0.22875816993464052,9365,0.19038974906567005,312,4,0,4,0.0,0.5865384615384616,0.0,0.51,2,default,rf
3,0.01,least_risky,0.8214904679376083,0.6132596685082873,0.24503311258278146,0.2265193370165746,11539,0.18606465031631858,330,4,3,1,0.75,0.6818181818181818,3.0,0.51,2,default,rf
4,0.01,least_risky,0.8242799854174262,0.6335403726708074,0.19428571428571428,0.2670807453416149,13714,0.18295172816100336,329,4,2,2,0.5,0.6352583586626139,2.0,0.51,2,default,rf
5,0.01,least_risky,0.8407663316582915,0.5915492957746479,0.23076923076923078,0.18309859154929578,15917,0.1783627568009047,301,4,0,4,0.0,0.6212624584717608,0.0,0.51,2,default,rf
6,0.01,least_risky,0.8369205298013245,0.645933014354067,0.20705521472392638,0.291866028708134,18118,0.1770614858152114,303,4,1,3,0.25,0.6303630363036303,1.0,0.51,2,default,rf
7,0.01,least_risky,0.8327174180832717,0.5806451612903226,0.17647058823529413,0.16129032258064516,20292,0.17460082791247783,330,4,4,0,1.0,0.6515151515151515,4.0,0.51,2,default,rf
8,0.01,least_risky,0.8387814098287747,0.6157635467980296,0.16191709844559585,0.2315270935960591,22482,0.1743172315630282,314,4,2,2,0.5,0.6210191082802548,2.0,0.51,2,default,rf
9,0.01,least_risky,0.8367760226812475,0.6328502415458938,0.1521486643437863,0.26570048309178745,24689,0.17420713678156263,296,3,0,3,0.0,0.652027027027027,0.0,0.51,2,default,rf
10,0.01,least_risky,0.8412049088880624,0.5875486381322957,0.16796440489432704,0.17509727626459143,26886,0.17310124228222867,307,4,0,4,0.0,0.5895765472312704,0.0,0.51,2,default,rf
0,0.01,least_risky,0.808,0.5245901639344263,0.32323232323232326,0.04918032786885246,5000,0.211,0,0,0,0,0.0,0.0,0.0,0.0,3,default,rf
1,0.01,least_risky,0.8283321702721563,0.6466165413533834,0.3017543859649123,0.2932330827067669,7163,0.198101354181209,341,4,1,3,0.25,0.656891495601173,1.0,0.51,3,default,rf
2,0.01,least_risky,0.8184747583243824,0.5870967741935483,0.2493150684931507,0.17419354838709677,9309,0.1896014609517671,358,4,1,3,0.25,0.6312849162011173,1.0,0.51,3,default,rf
3,0.01,least_risky,0.8217864923747277,0.5409836065573771,0.23349056603773585,0.08196721311475409,11472,0.18767433751743376,341,4,3,1,0.75,0.6011730205278593,3.0,0.51,3,default,rf
4,0.01,least_risky,0.8286867204695525,0.5617977528089888,0.20449897750511248,0.12359550561797752,13626,0.1828122706590342,350,4,1,3,0.25,0.5828571428571429,1.0,0.51,3,default,rf
5,0.01,least_risky,0.8276299112801014,0.6302083333333334,0.2037037037037037,0.2604166666666667,15778,0.18044112054759792,352,4,1,3,0.25,0.6590909090909091,1.0,0.51,3,default,rf
6,0.01,least_risky,0.8314763231197771,0.5384615384615384,0.19131832797427653,0.07692307692307693,17948,0.17751281479830622,334,4,1,3,0.25,0.6167664670658682,1.0,0.51,3,default,rf
7,0.01,least_risky,0.8340796019900497,0.588495575221239,0.18811881188118812,0.17699115044247787,20100,0.1746268656716418,352,4,2,2,0.5,0.6420454545454546,2.0,0.51,3,default,rf
8,0.01,least_risky,0.8350908682970608,0.5699481865284974,0.14435695538057744,0.13989637305699482,22283,0.17327110353184041,321,4,3,1,0.75,0.6074766355140186,3.0,0.51,3,default,rf
9,0.01,least_risky,0.8361292962356792,0.563265306122449,0.1658653846153846,0.12653061224489795,24439,0.17132452227996237,348,4,1,3,0.25,0.6120689655172413,1.0,0.51,3,default,rf
10,0.01,least_risky,0.8419470024431498,0.5317460317460317,0.15635939323220538,0.06349206349206349,26601,0.16969286868914701,342,4,1,3,0.25,0.6023391812865497,1.0,0.5092916666666667,3,default,rf
0,0.01,least_risky,0.807,0.6076923076923076,0.3574660633484163,0.2153846153846154,5000,0.2196,0,0,0,0,0.0,0.0,0.0,0.0,4,default,rf
1,0.01,least_risky,0.8160278745644599,0.6065573770491803,0.25517241379310346,0.21311475409836064,7175,0.20222996515679442,329,4,3,1,0.75,0.6930091185410334,3.0,0.51,4,default,rf
2,0.01,least_risky,0.8125,0.5609756097560976,0.24797843665768193,0.12195121951219512,9359,0.19243508921893365,320,4,3,1,0.75,0.60625,3.0,0.51,4,default,rf
3,0.01,least_risky,0.8323249783923942,0.5891891891891892,0.2589073634204275,0.1783783783783784,11568,0.18758644536652835,294,3,2,1,0.6666666666666666,0.6666666666666666,2.0,0.51,4,default,rf
4,0.01,least_risky,0.8284153005464481,0.5852272727272727,0.2055888223552894,0.17045454545454544,13725,0.1814207650273224,347,4,0,4,0.0,0.6138328530259366,0.0,0.51,4,default,rf
5,0.01,least_risky,0.8419892980799496,0.6020942408376964,0.21256931608133087,0.20418848167539266,15885,0.1780925401322002,344,4,2,2,0.5,0.6424418604651163,2.0,0.51,4,default,rf
6,0.01,least_risky,0.8363787375415282,0.5666666666666667,0.16585365853658537,0.13333333333333333,18058,0.17410565954147747,331,4,0,4,0.0,0.6374622356495468,0.0,0.51,4,default,rf
7,0.01,least_risky,0.8325098814229249,0.5429864253393665,0.17216642754662842,0.08597285067873303,20236,0.1725143308954339,326,4,0,4,0.0,0.5950920245398773,0.0,0.5085,4,default,rf
8,0.01,least_risky,0.836866770810087,0.543010752688172,0.13520749665327977,0.08602150537634409,22404,0.17242456704159972,336,4,0,4,0.0,0.6607142857142857,0.0,0.509375,4,default,rf
9,0.01,least_risky,0.8318098720292505,0.594017094017094,0.15940366972477063,0.18803418803418803,24612,0.1725581017389891,295,3,2,1,0.6666666666666666,0.5525423728813559,2.0,0.51,4,default,rf
10,0.01,least_risky,0.8349514563106796,0.5949367088607594,0.15177610333692143,0.189873417721519,26776,0.1712354347176576,340,4,2,2,0.5,0.6558823529411765,2.0,0.51,4,default,rf
0,0.02,least_risky,0.822,0.6747967479674797,0.3755656108597285,0.34959349593495936,5000,0.2226,0,0,0,0,0.0,0.0,0.0,0.0,0,default,rf
1,0.02,least_risky,0.8421418636995828,0.6808510638297872,0.34532374100719426,0.3617021276595745,7190,0.20250347705146035,317,7,1,6,0.14285714285714285,0.5962145110410094,1.0,0.5099999999999999,0,default,rf
2,0.02,least_risky,0.8181818181818182,0.6380368098159509,0.268733850129199,0.27607361963190186,9403,0.19568222907582686,293,6,3,3,0.5,0.6621160409556314,3.0,0.5099999999999999,0,default,rf
3,0.02,least_risky,0.8222318339100346,0.6711409395973155,0.21645021645021645,0.3422818791946309,11558,0.18679702370652362,353,8,7,1,0.875,0.6402266288951841,7.0,0.51,0,default,rf
4,0.02,least_risky,0.8213895962168061,0.6463414634146342,0.19666048237476808,0.2926829268292683,13745,0.18443070207348128,320,7,4,3,0.5714285714285714,0.6625,4.0,0.5099999999999999,0,default,rf
5,0.02,least_risky,0.8392857142857143,0.6443298969072165,0.21968365553602812,0.28865979381443296,15956,0.18080972674855852,295,6,5,1,0.8333333333333334,0.6474576271186441,5.0,0.5099999999999999,0,default,rf
6,0.02,least_risky,0.8365490628445424,0.628140703517588,0.19409937888198758,0.2562814070351759,18140,0.1776736493936053,323,7,5,2,0.7142857142857143,0.6191950464396285,5.0,0.5099999999999999,0,default,rf
7,0.02,least_risky,0.830750307503075,0.6292682926829268,0.17408906882591094,0.25853658536585367,20322,0.1753272315716957,325,7,5,2,0.7142857142857143,0.6461538461538462,5.0,0.5099999999999999,0,default,rf
8,0.02,least_risky,0.832630410654828,0.5394190871369294,0.16817593790426907,0.07883817427385892,22523,0.1741331083781024,306,7,6,1,0.8571428571428571,0.6666666666666666,6.0,0.5099999999999999,0,default,rf
9,0.02,least_risky,0.8301925025329281,0.5597014925373134,0.1724137931034483,0.11940298507462686,24674,0.17273243089892193,357,8,3,5,0.375,0.6246498599439776,3.0,0.51,0,default,rf
10,0.02,least_risky,0.8367194780987884,0.5742971887550201,0.1566265060240964,0.14859437751004015,26825,0.1716309412861137,357,8,4,4,0.5,0.6330532212885154,4.0,0.51,0,default,rf
0,0.02,least_risky,0.795,0.5673758865248227,0.35714285714285715,0.1347517730496454,5000,0.2286,0,0,0,0,0.0,0.0,0.0,0.0,1,default,rf
1,0.02,least_risky,0.8162839248434238,0.6197183098591549,0.2953020134228188,0.23943661971830985,7184,0.21227728285077951,323,7,4,3,0.5714285714285714,0.6006191950464397,4.0,0.5099999999999999,1,default,rf
2,0.02,least_risky,0.817937701396348,0.6033519553072626,0.2872340425531915,0.20670391061452514,9307,0.19770065542065113,385,8,4,4,0.5,0.5766233766233766,4.0,0.51,1,default,rf
3,0.02,least_risky,0.826730518067044,0.6043956043956044,0.25229357798165136,0.2087912087912088,11482,0.18942692910642744,332,7,5,2,0.7142857142857143,0.6114457831325302,5.0,0.5099999999999999,1,default,rf
4,0.02,least_risky,0.8265642151481888,0.5560747663551402,0.2389558232931727,0.11214953271028037,13664,0.18230386416861827,325,7,4,3,0.5714285714285714,0.6369230769230769,4.0,0.5114285714285713,1,default,rf
5,0.02,least_risky,0.8245891276864729,0.5412844036697247,0.20593368237347295,0.08256880733944955,15819,0.1787723623490739,353,8,4,4,0.5,0.6260623229461756,4.0,0.5125,1,default,rf
6,0.02,least_risky,0.8373644703919934,0.6217391304347826,0.22308892355694226,0.24347826086956523,17983,0.17616637935828283,343,7,2,5,0.2857142857142857,0.6034985422740525,2.0,0.5099999999999999,1,default,rf
7,0.02,least_risky,0.8333333333333334,0.5862068965517241,0.19154929577464788,0.1724137931034483,20096,0.1742137738853503,395,8,3,5,0.375,0.6253164556962025,3.0,0.51,1,default,rf
8,0.02,least_risky,0.8373399236126713,0.6115702479338843,0.19023136246786632,0.2231404958677686,22253,0.17301038062283736,351,8,4,4,0.5,0.6068376068376068,4.0,0.51375,1,default,rf
9,0.02,least_risky,0.8386237968462011,0.56,0.17114914425427874,0.12,24412,0.17175979026708177,348,7,4,3,0.5714285714285714,0.6666666666666666,4.0,0.5099999999999999,1,default,rf
10,0.02,least_risky,0.8408278457196613,0.6121673003802282,0.17790055248618786,0.22433460076045628,26571,0.17033608068947348,348,7,4,3,0.5714285714285714,0.5804597701149425,4.0,0.5099999999999999,1,default,rf
0,0.02,least_risky,0.825,0.65625,0.39069767441860465,0.3125,5000,0.2188,0,0,0,0,0.0,0.0,0.0,0.0,2,default,rf
1,0.02,least_risky,0.8154596100278552,0.5483870967741935,0.30357142857142855,0.0967741935483871,7176,0.20303790412486064,331,7,4,3,0.5714285714285714,0.6555891238670695,4.0,0.5099999999999999,2,default,rf
2,0.02,least_risky,0.8188598827916889,0.65,0.23821989528795812,0.3,9382,0.19068428906416543,301,7,2,5,0.2857142857142857,0.6013289036544851,2.0,0.5099999999999999,2,default,rf
3,0.02,least_risky,0.8290783210731285,0.6287425149700598,0.23972602739726026,0.25748502994011974,11554,0.18599619179504934,335,7,2,5,0.2857142857142857,0.6805970149253732,2.0,0.5099999999999999,2,default,rf
4,0.02,least_risky,0.819672131147541,0.6065573770491803,0.20786516853932585,0.21311475409836064,13722,0.1829908176650634,339,7,5,2,0.7142857142857143,0.6253687315634219,5.0,0.5099999999999999,2,default,rf
5,0.02,least_risky,0.8415592580949387,0.6534653465346535,0.2332155477031802,0.3069306930693069,15901,0.17860511917489466,328,7,4,3,0.5714285714285714,0.5853658536585366,4.0,0.5092857142857142,2,default,rf
6,0.02,least_risky,0.8317214700193424,0.6036866359447005,0.20030581039755352,0.2073732718894009,18094,0.1767989388747651,314,7,1,6,0.14285714285714285,0.6401273885350318,1.0,0.5099999999999999,2,default,rf
7,0.02,least_risky,0.8385583806467539,0.6116504854368932,0.18,0.22330097087378642,20255,0.17452480868921255,346,7,3,4,0.42857142857142855,0.615606936416185,3.0,0.5099999999999999,2,default,rf
8,0.02,least_risky,0.838163174320107,0.6096491228070176,0.1791237113402062,0.21929824561403508,22430,0.17378510922871154,332,7,2,5,0.2857142857142857,0.6265060240963856,2.0,0.5099999999999999,2,default,rf
9,0.02,least_risky,0.8330625507717303,0.5539906103286385,0.13964497041420118,0.107981220657277,24618,0.17369404500771793,319,7,5,2,0.7142857142857143,0.6332288401253918,5.0,0.5099999999999999,2,default,rf
10,0.02,least_risky,0.835601118359739,0.5657370517928287,0.1551912568306011,0.13147410358565736,26822,0.17258220863470286,303,7,4,3,0.5714285714285714,0.6105610561056105,4.0,0.5099999999999999,2,default,rf
0,0.02,least_risky,0.808,0.5245901639344263,0.32323232323232326,0.04918032786885246,5000,0.211,0,0,0,0,0.0,0.0,0.0,0.0,3,default,rf
1,0.02,least_risky,0.8172942817294282,0.6223776223776224,0.2996632996632997,0.24475524475524477,7166,0.19829751604800447,341,7,3,4,0.42857142857142855,0.656891495601173,3.0,0.5099999999999999,3,default,rf
2,0.02,least_risky,0.8201825013419216,0.6068965517241379,0.24043715846994534,0.21379310344827587,9314,0.1891775821344213,360,8,3,5,0.375,0.6472222222222223,3.0,0.51,3,default,rf
3,0.02,least_risky,0.8170360712733594,0.5621890547263682,0.2533632286995516,0.12437810945273632,11503,0.18821177084238894,318,7,3,4,0.42857142857142855,0.5974842767295597,3.0,0.5099999999999999,3,default,rf
4,0.02,least_risky,0.8283937065495792,0.6335403726708074,0.19921875,0.2670807453416149,13664,0.1835480093676815,346,7,2,5,0.2857142857142857,0.5780346820809249,2.0,0.5099999999999999,3,default,rf
5,0.02,least_risky,0.8139608338597599,0.581151832460733,0.17903225806451614,0.16230366492146597,15829,0.18118642997030765,342,7,3,4,0.42857142857142855,0.672514619883041,3.0,0.5099999999999999,3,default,rf
6,0.02,least_risky,0.825,0.5734597156398105,0.18305597579425115,0.14691943127962084,17996,0.17770615692376085,340,7,3,4,0.42857142857142855,0.638235294117647,3.0,0.5099999999999999,3,default,rf
7,0.02,least_risky,0.8385817009670221,0.5679611650485437,0.1723122238586156,0.13592233009708737,20161,0.1749913198750062,342,7,4,3,0.5714285714285714,0.6491228070175439,4.0,0.5099999999999999,3,default,rf
8,0.02,least_risky,0.8391138957261133,0.5507246376811594,0.15405405405405406,0.10144927536231885,22341,0.17317935634036077,327,7,3,4,0.42857142857142855,0.6269113149847095,3.0,0.5099999999999999,3,default,rf
9,0.02,least_risky,0.8331293349653203,0.5327510917030568,0.14645858343337334,0.06550218340611354,24510,0.17139942880456957,338,7,3,4,0.42857142857142855,0.6183431952662722,3.0,0.5099999999999999,3,default,rf
10,0.02,least_risky,0.8356446776611695,0.5138339920948617,0.14705882352941177,0.02766798418972332,26679,0.16979646913302598,338,7,3,4,0.42857142857142855,0.6094674556213018,3.0,0.5099999999999999,3,default,rf
0,0.02,least_risky,0.807,0.6076923076923076,0.3574660633484163,0.2153846153846154,5000,0.2196,0,0,0,0,0.0,0.0,0.0,0.0,4,default,rf
1,0.02,least_risky,0.8161559888579387,0.5683453237410072,0.2791519434628975,0.1366906474820144,7178,0.20256338813039845,329,7,6,1,0.8571428571428571,0.6930091185410334,6.0,0.5099999999999999,4,default,rf
2,0.02,least_risky,0.8210470085470085,0.6094674556213018,0.2768817204301075,0.21893491124260356,9359,0.19243508921893365,326,7,4,3,0.5714285714285714,0.6073619631901841,4.0,0.5099999999999999,4,default,rf
3,0.02,least_risky,0.8208890807078119,0.5824175824175825,0.23820224719101124,0.16483516483516483,11585,0.1881743634009495,280,6,6,0,1.0,0.6785714285714286,6.0,0.5085555555555555,4,default,rf
4,0.02,least_risky,0.8257548199345216,0.5948717948717949,0.2248062015503876,0.18974358974358974,13745,0.1821753364859949,347,7,2,5,0.2857142857142857,0.6080691642651297,2.0,0.5099999999999999,4,default,rf
5,0.02,least_risky,0.8331762488218661,0.6010928961748634,0.1936619718309859,0.20218579234972678,15915,0.17888784165881244,337,7,4,3,0.5714285714285714,0.6498516320474778,4.0,0.5099999999999999,4,default,rf
6,0.02,least_risky,0.8405636916275214,0.6138613861386139,0.19903691813804172,0.22772277227722773,18091,0.17528052622851142,331,7,3,4,0.42857142857142855,0.6193353474320241,3.0,0.5099999999999999,4,default,rf
7,0.02,least_risky,0.8200888450148075,0.5391705069124424,0.15683646112600536,0.07834101382488479,20260,0.17354392892398815,338,7,4,3,0.5714285714285714,0.591715976331361,4.0,0.5099999999999999,4,default,rf
8,0.02,least_risky,0.8337048595630852,0.5670995670995671,0.16859716859716858,0.1341991341991342,22428,0.17326556090601034,339,7,5,2,0.7142857142857143,0.6755162241887905,5.0,0.5099999999999999,4,default,rf
9,0.02,least_risky,0.8326903553299493,0.5927601809954751,0.15144508670520232,0.18552036199095023,24624,0.17288011695906433,311,7,7,0,1.0,0.5819935691318328,7.0,0.5095238095238095,4,default,rf
10,0.02,least_risky,0.8318716178391491,0.5983606557377049,0.15384615384615385,0.19672131147540983,26793,0.1717612809315866,338,7,2,5,0.2857142857142857,0.6390532544378699,2.0,0.5099999999999999,4,default,rf
0,0.05,least_risky,0.822,0.6747967479674797,0.3755656108597285,0.34959349593495936,5000,0.2226,0,0,0,0,0.0,0.0,0.0,0.0,0,default,rf
1,0.05,least_risky,0.8458333333333333,0.6690140845070423,0.35185185185185186,0.3380281690140845,7199,0.20294485345186833,317,16,6,10,0.375,0.5962145110410094,6.0,0.511875,0,default,rf
2,0.05,least_risky,0.8244031830238727,0.6265060240963856,0.27882037533512066,0.25301204819277107,9421,0.19647595796624562,293,15,9,6,0.6,0.6621160409556314,9.0,0.5099999999999999,0,default,rf
3,0.05,least_risky,0.8280777537796976,0.6375838926174496,0.2164009111617312,0.2751677852348993,11575,0.18799136069114472,365,19,5,14,0.2631578947368421,0.5972602739726027,5.0,0.5142105263157895,0,default,rf
4,0.05,least_risky,0.8292151162790697,0.6212121212121212,0.23745173745173745,0.24242424242424243,13759,0.18562395522930444,333,17,9,8,0.5294117647058824,0.6456456456456456,9.0,0.5117647058823529,0,default,rf
5,0.05,least_risky,0.8325508607198748,0.6217616580310881,0.20618556701030927,0.24352331606217617,15975,0.18222222222222223,299,15,7,8,0.4666666666666667,0.6220735785953178,7.0,0.5099999999999999,0,default,rf
6,0.05,least_risky,0.8376891334250344,0.5787037037037037,0.20032051282051283,0.1574074074074074,18174,0.17910201386596236,317,16,6,10,0.375,0.6151419558359621,6.0,0.5125,0,default,rf
7,0.05,least_risky,0.8273151559813313,0.5900900900900901,0.17631224764468373,0.18018018018018017,20354,0.17657462906553995,337,17,6,11,0.35294117647058826,0.629080118694362,6.0,0.5158823529411765,0,default,rf
8,0.05,least_risky,0.8322251773049646,0.5447154471544715,0.17201540436456997,0.08943089430894309,22558,0.17541448709992022,312,16,10,6,0.625,0.6538461538461539,10.0,0.51125,0,default,rf
9,0.05,least_risky,0.8424352750809061,0.5900383141762452,0.1864406779661017,0.18007662835249041,24716,0.17413821006635377,361,19,10,9,0.5263157894736842,0.6177285318559557,10.0,0.5136842105263156,0,default,rf
10,0.05,least_risky,0.8343558282208589,0.5362318840579711,0.16245883644346873,0.07246376811594203,26893,0.17305618562451194,340,17,12,5,0.7058823529411765,0.6647058823529411,12.0,0.5141176470588235,0,default,rf
0,0.05,least_risky,0.795,0.5673758865248227,0.35714285714285715,0.1347517730496454,5000,0.2286,0,0,0,0,0.0,0.0,0.0,0.0,1,default,rf
1,0.05,least_risky,0.8061153578874218,0.6527777777777778,0.29102167182662536,0.3055555555555556,7194,0.2123992215735335,323,17,7,10,0.4117647058823529,0.6006191950464397,7.0,0.5147058823529411,1,default,rf
2,0.05,least_risky,0.8200747463961559,0.6335403726708074,0.26842105263157895,0.2670807453416149,9363,0.19918829435010146,349,18,8,10,0.4444444444444444,0.5845272206303725,8.0,0.5144444444444444,1,default,rf
3,0.05,least_risky,0.824013870827915,0.6290322580645161,0.2577092511013216,0.25806451612903225,11533,0.19015000433538543,348,18,8,10,0.4444444444444444,0.6120689655172413,8.0,0.51,1,default,rf
4,0.05,least_risky,0.8363041105856676,0.5794871794871795,0.23492723492723494,0.15897435897435896,13741,0.18324721635979915,308,16,4,12,0.25,0.6428571428571429,4.0,0.513125,1,default,rf
5,0.05,least_risky,0.8312912346842601,0.5373831775700935,0.20795660036166366,0.07476635514018691,15915,0.17989318253220232,344,18,7,11,0.3888888888888889,0.627906976744186,7.0,0.5122222222222221,1,default,rf
6,0.05,least_risky,0.8386294556507322,0.5695067264573991,0.20650406504065041,0.13901345291479822,18091,0.17710463766513737,342,18,6,12,0.3333333333333333,0.6140350877192983,6.0,0.5177777777777778,1,default,rf
7,0.05,least_risky,0.828514949345194,0.5454545454545454,0.18435754189944134,0.09090909090909091,20232,0.17576117042309214,378,19,9,10,0.47368421052631576,0.6190476190476191,9.0,0.5142105263157895,1,default,rf
8,0.05,least_risky,0.8430453226166555,0.6046511627906976,0.20607661822985468,0.20930232558139536,22393,0.17425088197204483,357,18,9,9,0.5,0.6190476190476191,9.0,0.5144444444444444,1,default,rf
9,0.05,least_risky,0.8325193325193325,0.5680933852140078,0.17016317016317017,0.13618677042801555,24566,0.1729626312790035,345,18,9,9,0.5,0.6753623188405797,9.0,0.5111111111111111,1,default,rf
10,0.05,least_risky,0.8328659562535053,0.5467625899280576,0.16521739130434782,0.09352517985611511,26743,0.17122237594884643,340,17,10,7,0.5882352941176471,0.6205882352941177,10.0,0.5105882352941177,1,default,rf
0,0.05,least_risky,0.825,0.65625,0.39069767441860465,0.3125,5000,0.2188,0,0,0,0,0.0,0.0,0.0,0.0,2,default,rf
1,0.05,least_risky,0.8261474269819193,0.6232876712328768,0.3181818181818182,0.2465753424657534,7186,0.20359031450041748,331,17,10,7,0.5882352941176471,0.6555891238670695,10.0,0.5117647058823529,2,default,rf
2,0.05,least_risky,0.8238424693986163,0.5771812080536913,0.24293785310734464,0.15436241610738255,9391,0.19177936322010436,311,16,7,9,0.4375,0.5787781350482315,7.0,0.513125,2,default,rf
3,0.05,least_risky,0.8253350626891482,0.5894736842105263,0.2557077625570776,0.17894736842105263,11561,0.1864025603321512,348,18,12,6,0.6666666666666666,0.7011494252873564,12.0,0.515,2,default,rf
4,0.05,least_risky,0.8273852876911871,0.6065573770491803,0.21637426900584794,0.21311475409836064,13726,0.18264607314585457,353,18,8,10,0.4444444444444444,0.6373937677053825,8.0,0.5177777777777778,2,default,rf
5,0.05,least_risky,0.8295668549905838,0.6261682242990654,0.22445561139028475,0.2523364485981308,15926,0.17819917116664574,316,16,8,8,0.5,0.6139240506329114,8.0,0.51,2,default,rf
6,0.05,least_risky,0.8409153570443894,0.6188340807174888,0.21904761904761905,0.23766816143497757,18132,0.1769799249944849,310,16,8,8,0.5,0.632258064516129,8.0,0.51125,2,default,rf
7,0.05,least_risky,0.8392021669539522,0.5918367346938775,0.20773638968481375,0.1836734693877551,20301,0.17457268114871188,349,18,9,9,0.5,0.6303724928366762,9.0,0.51,2,default,rf
8,0.05,least_risky,0.8408888888888889,0.579185520361991,0.170439414114514,0.1583710407239819,22496,0.17420874822190613,322,17,9,8,0.5294117647058824,0.6304347826086957,9.0,0.5147058823529411,2,default,rf
9,0.05,least_risky,0.8374164810690423,0.5592417061611374,0.14251207729468598,0.11848341232227488,24692,0.17382148064150332,321,17,7,10,0.4117647058823529,0.6510903426791277,7.0,0.5164705882352941,2,default,rf
10,0.05,least_risky,0.8353794642857143,0.602510460251046,0.15417558886509636,0.20502092050209206,26880,0.17258184523809525,329,17,7,10,0.4117647058823529,0.5896656534954408,7.0,0.5164705882352942,2,default,rf
0,0.05,least_risky,0.808,0.5245901639344263,0.32323232323232326,0.04918032786885246,5000,0.211,0,0,0,0,0.0,0.0,0.0,0.0,3,default,rf
1,0.05,least_risky,0.8119777158774373,0.6137931034482759,0.29372937293729373,0.22758620689655173,7177,0.19841159258743207,341,18,6,12,0.3333333333333333,0.656891495601173,6.0,0.5155555555555555,3,default,rf
2,0.05,least_risky,0.8189102564102564,0.6050955414012739,0.2553763440860215,0.21019108280254778,9356,0.1913210773834972,338,17,7,10,0.4117647058823529,0.6272189349112426,7.0,0.5123529411764706,3,default,rf
3,0.05,least_risky,0.8201906412478336,0.550561797752809,0.22632794457274827,0.10112359550561797,11538,0.1886808805685561,335,17,9,8,0.5294117647058824,0.6328358208955224,9.0,0.5105882352941177,3,default,rf
4,0.05,least_risky,0.8246445497630331,0.6289308176100629,0.19157088122605365,0.2578616352201258,13715,0.18403208166241342,340,17,10,7,0.5882352941176471,0.6,10.0,0.5152941176470588,3,default,rf
5,0.05,least_risky,0.8280414963847846,0.5990566037735849,0.21561969439728354,0.19811320754716982,15902,0.1818010313168155,330,17,10,7,0.5882352941176471,0.696969696969697,10.0,0.5147058823529411,3,default,rf
6,0.05,least_risky,0.820342730790492,0.5695067264573991,0.18649045521292218,0.13901345291479822,18086,0.17842530133805154,333,17,6,11,0.35294117647058826,0.6426426426426426,6.0,0.5108823529411763,3,default,rf
7,0.05,least_risky,0.8339911198815985,0.6055045871559633,0.1835883171070932,0.21100917431192662,20266,0.1759103917892036,337,17,10,7,0.5882352941176471,0.6528189910979229,10.0,0.5129411764705881,3,default,rf
8,0.05,least_risky,0.8282153983088563,0.5497835497835498,0.15974842767295597,0.09956709956709957,22466,0.17453040149559335,316,16,11,5,0.6875,0.6265822784810127,11.0,0.51390625,3,default,rf
9,0.05,least_risky,0.8241022519780888,0.5299145299145299,0.14074914869466515,0.05982905982905983,24642,0.17251034818602387,342,18,6,12,0.3333333333333333,0.6257309941520468,6.0,0.51,3,default,rf
10,0.05,least_risky,0.835134128166915,0.5458333333333333,0.1444321940463065,0.09166666666666666,26837,0.17118157767261616,322,17,8,9,0.47058823529411764,0.6118012422360248,8.0,0.5123529411764706,3,default,rf
0,0.05,least_risky,0.807,0.6076923076923076,0.3574660633484163,0.2153846153846154,5000,0.2196,0,0,0,0,0.0,0.0,0.0,0.0,4,default,rf
1,0.05,least_risky,0.8073713490959666,0.5510204081632653,0.2773972602739726,0.10204081632653061,7188,0.20325542570951585,329,17,13,4,0.7647058823529411,0.6930091185410334,13.0,0.5114705882352941,4,default,rf
2,0.05,least_risky,0.8100320170757738,0.5365853658536586,0.2391304347826087,0.07317073170731707,9369,0.1930835734870317,336,17,9,8,0.5294117647058824,0.6011904761904762,9.0,0.5147058823529411,4,default,rf
3,0.05,least_risky,0.8283002588438308,0.609375,0.26590909090909093,0.21875,11588,0.18795305488436315,296,15,10,5,0.6666666666666666,0.6891891891891891,10.0,0.5099999999999999,4,default,rf
4,0.05,least_risky,0.8230377906976745,0.5561497326203209,0.2047244094488189,0.11229946524064172,13758,0.1823666230556767,348,18,5,13,0.2777777777777778,0.5948275862068966,5.0,0.5155555555555555,4,default,rf
5,0.05,least_risky,0.8397616807776732,0.6390243902439025,0.2306338028169014,0.2780487804878049,15945,0.1797428661022264,330,17,11,6,0.6470588235294118,0.6424242424242425,11.0,0.5117647058823529,4,default,rf
6,0.05,least_risky,0.8225406448057316,0.616580310880829,0.17271407837445574,0.23316062176165803,18145,0.17663268117938827,316,16,7,9,0.4375,0.6139240506329114,7.0,0.5137499999999999,4,default,rf
7,0.05,least_risky,0.8301376597836775,0.5654205607476636,0.16828929068150209,0.1308411214953271,20336,0.17510818253343824,326,17,12,5,0.7058823529411765,0.6042944785276073,12.0,0.51,4,default,rf
8,0.05,least_risky,0.8344429649356414,0.5378486055776892,0.17647058823529413,0.07569721115537849,22529,0.17497447734031693,324,17,7,10,0.4117647058823529,0.6790123456790124,7.0,0.5141176470588235,4,default,rf
9,0.05,least_risky,0.8313447927199191,0.5577689243027888,0.16222479721900349,0.11553784860557768,24725,0.17443882709807887,320,16,7,9,0.4375,0.565625,7.0,0.5137499999999999,4,default,rf
10,0.05,least_risky,0.8299256505576208,0.5900383141762452,0.1600831600831601,0.18007662835249041,26898,0.1731355491114581,345,18,10,8,0.5555555555555556,0.6521739130434783,10.0,0.5144444444444444,4,default,rf
0,0.1,least_risky,0.822,0.6747967479674797,0.3755656108597285,0.34959349593495936,5000,0.2226,0,0,0,0,0.0,0.0,0.0,0.0,0,default,rf
1,0.1,least_risky,0.8447678447678447,0.7054263565891473,0.3285198555956679,0.4108527131782946,7215,0.2036036036036036,317,32,14,18,0.4375,0.5962145110410094,14.0,0.5206250000000001,0,default,rf
2,0.1,least_risky,0.8232804232804233,0.6301369863013698,0.24731182795698925,0.2602739726027397,9447,0.19646448608023712,298,30,15,15,0.5,0.6812080536912751,15.0,0.5176666666666665,0,default,rf
3,0.1,least_risky,0.8248175182481752,0.627906976744186,0.23893805309734514,0.2558139534883721,11644,0.1889385091034009,337,34,16,18,0.47058823529411764,0.6231454005934718,16.0,0.5191176470588237,0,default,rf
4,0.1,least_risky,0.828158844765343,0.6538461538461539,0.2236842105263158,0.3076923076923077,13850,0.18700361010830324,327,33,15,18,0.45454545454545453,0.6391437308868502,15.0,0.5215151515151515,0,default,rf
5,0.1,least_risky,0.8337993165579373,0.5794392523364486,0.2179261862917399,0.1588785046728972,16095,0.18372165268716992,284,29,15,14,0.5172413793103449,0.647887323943662,15.0,0.5241379310344826,0,default,rf
6,0.1,least_risky,0.8311936629336247,0.6017316017316018,0.20902255639097744,0.20346320346320346,18304,0.18078015734265734,324,33,16,17,0.48484848484848486,0.6080246913580247,16.0,0.5290151515151517,0,default,rf
7,0.1,least_risky,0.8291077523159435,0.6059322033898306,0.1904127829560586,0.211864406779661,20509,0.1787020332536935,328,33,22,11,0.6666666666666666,0.6432926829268293,22.0,0.5187878787878789,0,default,rf
8,0.1,least_risky,0.8289357959542656,0.5481481481481482,0.18407960199004975,0.0962962962962963,22739,0.17753639122212939,300,30,17,13,0.5666666666666667,0.6733333333333333,17.0,0.5243333333333332,0,default,rf
9,0.1,least_risky,0.8346030473135525,0.5886792452830188,0.17889908256880735,0.17735849056603772,24939,0.17675127310637956,334,34,18,16,0.5294117647058824,0.6197604790419161,18.0,0.5173529411764707,0,default,rf
10,0.1,least_risky,0.8340394179406889,0.5888501742160279,0.17752100840336135,0.17770034843205576,27142,0.17611082455235427,330,33,21,12,0.6363636363636364,0.6454545454545455,21.0,0.5200000000000001,0,default,rf
0,0.1,least_risky,0.795,0.5673758865248227,0.35714285714285715,0.1347517730496454,5000,0.2286,0,0,0,0,0.0,0.0,0.0,0.0,1,default,rf
1,0.1,least_risky,0.8203883495145631,0.6516129032258065,0.3300653594771242,0.3032258064516129,7210,0.21276005547850207,323,33,13,20,0.3939393939393939,0.6006191950464397,13.0,0.5212121212121213,1,default,rf
2,0.1,least_risky,0.825253063399041,0.6494252873563219,0.29736842105263156,0.2988505747126437,9381,0.19955228653661655,366,37,20,17,0.5405405405405406,0.587431693989071,20.0,0.5205405405405407,1,default,rf
3,0.1,least_risky,0.8261432269197584,0.6263157894736842,0.2638580931263858,0.25263157894736843,11589,0.19173354042626628,325,33,23,10,0.696969696969697,0.6338461538461538,23.0,0.5169696969696971,1,default,rf
4,0.1,least_risky,0.8294096341905107,0.5849056603773585,0.2445759368836292,0.16981132075471697,13802,0.18519055209389942,319,32,15,17,0.46875,0.6269592476489029,15.0,0.5181250000000001,1,default,rf
5,0.1,least_risky,0.8273921200750469,0.6030150753768844,0.20236087689713322,0.20603015075376885,15988,0.18207405554165623,349,35,19,16,0.5428571428571428,0.6246418338108882,19.0,0.5194285714285716,1,default,rf
6,0.1,least_risky,0.8361286774814407,0.608,0.23384615384615384,0.216,18183,0.1792333498322609,339,34,14,20,0.4117647058823529,0.6224188790560472,14.0,0.523235294117647,1,default,rf
7,0.1,least_risky,0.8372264568477994,0.6081632653061224,0.2083916083916084,0.2163265306122449,20335,0.177772313744775,387,39,18,21,0.46153846153846156,0.6175710594315246,18.0,0.5238461538461539,1,default,rf
8,0.1,least_risky,0.8334073745002222,0.636,0.19437652811735942,0.272,22508,0.17629287364492624,364,37,18,19,0.4864864864864865,0.6126373626373627,18.0,0.5232432432432431,1,default,rf
9,0.1,least_risky,0.8313423769993926,0.5512367491166078,0.18097447795823665,0.10247349823321555,24693,0.17523184708216905,351,36,16,20,0.4444444444444444,0.6495726495726496,16.0,0.519675925925926,1,default,rf
10,0.1,least_risky,0.8386976744186047,0.6026058631921825,0.1989247311827957,0.20521172638436483,26871,0.17345837520002977,358,36,19,17,0.5277777777777778,0.6033519553072626,19.0,0.5166666666666668,1,default,rf
0,0.1,least_risky,0.825,0.65625,0.39069767441860465,0.3125,5000,0.2188,0,0,0,0,0.0,0.0,0.0,0.0,2,default,rf
1,0.1,least_risky,0.8306731436502429,0.5821917808219178,0.31716417910447764,0.1643835616438356,7203,0.20435929473830347,331,34,19,15,0.5588235294117647,0.6555891238670695,19.0,0.5188235294117648,2,default,rf
2,0.1,least_risky,0.8291777188328913,0.6326530612244898,0.25761772853185594,0.2653061224489796,9423,0.19197707736389685,312,32,10,22,0.3125,0.5897435897435898,10.0,0.5146875,2,default,rf
3,0.1,least_risky,0.8293838862559242,0.6428571428571429,0.2611607142857143,0.2857142857142857,11605,0.18681602757432142,354,36,19,17,0.5277777777777778,0.6949152542372882,19.0,0.5188888888888891,2,default,rf
4,0.1,least_risky,0.8198915009041592,0.6130952380952381,0.1921641791044776,0.2261904761904762,13822,0.18412675444942844,315,32,20,12,0.625,0.6730158730158731,20.0,0.5225,2,default,rf
5,0.1,least_risky,0.8251400124455507,0.6381909547738693,0.20583468395461912,0.27638190954773867,16066,0.1802564421760239,285,29,12,17,0.41379310344827586,0.624561403508772,12.0,0.5189655172413792,2,default,rf
6,0.1,least_risky,0.8289150040994807,0.5605381165919282,0.19142419601837674,0.1210762331838565,18291,0.17926849270132852,306,31,18,13,0.5806451612903226,0.6339869281045751,18.0,0.5151612903225805,2,default,rf
7,0.1,least_risky,0.8356097560975609,0.584,0.20391061452513967,0.168,20496,0.17759562841530055,328,33,21,12,0.6363636363636364,0.6280487804878049,21.0,0.5151515151515151,2,default,rf
8,0.1,least_risky,0.834838141378551,0.5641025641025641,0.16923076923076924,0.1282051282051282,22705,0.17727372825368862,324,33,17,16,0.5151515151515151,0.6203703703703703,17.0,0.5187878787878789,2,default,rf
9,0.1,least_risky,0.8315620613595348,0.5612648221343873,0.16303099885189437,0.1225296442687747,24931,0.17720909710801813,305,31,16,15,0.5161290322580645,0.6491803278688525,16.0,0.5209677419354837,2,default,rf
10,0.1,least_risky,0.8345920058942715,0.5709342560553633,0.1757188498402556,0.14186851211072665,27145,0.17587032602689262,318,32,18,14,0.5625,0.6163522012578616,18.0,0.52,2,default,rf
0,0.1,least_risky,0.808,0.5245901639344263,0.32323232323232326,0.04918032786885246,5000,0.211,0,0,0,0,0.0,0.0,0.0,0.0,3,default,rf
1,0.1,least_risky,0.8102849200833913,0.5761589403973509,0.2939189189189189,0.152317880794702,7194,0.1989157631359466,341,35,13,22,0.37142857142857144,0.656891495601173,13.0,0.5237142857142857,3,default,rf
2,0.1,least_risky,0.8340448239060833,0.5944055944055944,0.2514792899408284,0.1888111888111888,9367,0.1918437066296573,364,37,22,15,0.5945945945945946,0.6236263736263736,22.0,0.5202702702702705,3,default,rf
3,0.1,least_risky,0.8197146562905318,0.5217391304347826,0.22588235294117648,0.043478260869565216,11561,0.1894299801055272,340,34,15,19,0.4411764705882353,0.6235294117647059,15.0,0.5188235294117648,3,default,rf
4,0.1,least_risky,0.824,0.6125,0.18846153846153846,0.225,13750,0.18509090909090908,346,35,13,22,0.37142857142857144,0.5751445086705202,13.0,0.525142857142857,3,default,rf
5,0.1,least_risky,0.8164160401002506,0.5858585858585859,0.1870967741935484,0.1717171717171717,15959,0.1832194999686697,324,33,9,24,0.2727272727272727,0.6697530864197531,9.0,0.5195707070707072,3,default,rf
6,0.1,least_risky,0.8249037932930181,0.5702479338842975,0.20566318926974664,0.14049586776859505,18186,0.18079841636423621,304,31,17,14,0.5483870967741935,0.6480263157894737,17.0,0.5236559139784945,3,default,rf
7,0.1,least_risky,0.8343151693667158,0.5707964601769911,0.18246110325318246,0.1415929203539823,20366,0.1779927329863498,356,36,22,14,0.6111111111111112,0.6544943820224719,22.0,0.5252777777777777,3,default,rf
8,0.1,least_risky,0.8259907017932256,0.5458515283842795,0.15489467162329615,0.09170305676855896,22584,0.17689514700673042,314,32,16,16,0.5,0.6019108280254777,16.0,0.521640625,3,default,rf
9,0.1,least_risky,0.8187689202825429,0.5433070866141733,0.15,0.08661417322834646,24775,0.17509586276488395,344,35,18,17,0.5142857142857142,0.6191860465116279,18.0,0.5237142857142857,3,default,rf
10,0.1,least_risky,0.8310485364949981,0.546875,0.14957264957264957,0.09375,26989,0.17351513579606506,318,32,12,20,0.375,0.6257861635220126,12.0,0.5232291666666666,3,default,rf
0,0.1,least_risky,0.807,0.6076923076923076,0.3574660633484163,0.2153846153846154,5000,0.2196,0,0,0,0,0.0,0.0,0.0,0.0,4,default,rf
1,0.1,least_risky,0.8216516308119362,0.5985401459854015,0.2887323943661972,0.19708029197080293,7204,0.20377568017767908,329,33,20,13,0.6060606060606061,0.6930091185410334,20.0,0.5177272727272728,4,default,rf
2,0.1,least_risky,0.8227176220806794,0.5757575757575758,0.2646239554317549,0.15151515151515152,9419,0.19396963584244611,317,32,16,16,0.5,0.6246056782334385,16.0,0.5196875000000001,4,default,rf
3,0.1,least_risky,0.8220411663807891,0.5967741935483871,0.24611973392461198,0.1935483870967742,11656,0.1900308853809197,293,30,13,17,0.43333333333333335,0.6416382252559727,13.0,0.5186666666666666,4,default,rf
4,0.1,least_risky,0.8282208588957055,0.5463414634146342,0.22626262626262628,0.09268292682926829,13851,0.18460760955887662,339,34,17,17,0.5,0.6135693215339233,17.0,0.523235294117647,4,default,rf
5,0.1,least_risky,0.8388906201308819,0.6105769230769231,0.2255772646536412,0.22115384615384615,16041,0.18141013652515428,345,35,16,19,0.45714285714285713,0.6405797101449275,16.0,0.5205714285714288,4,default,rf
6,0.1,least_risky,0.8296357162421254,0.5642201834862385,0.18923076923076923,0.12844036697247707,18251,0.17807243438715686,323,33,20,13,0.6060606060606061,0.6377708978328174,20.0,0.5166666666666668,4,default,rf
7,0.1,least_risky,0.8321524554116785,0.6096491228070176,0.18860244233378562,0.21929824561403508,20462,0.17647346300459388,322,33,17,16,0.5151515151515151,0.6118012422360248,17.0,0.5190909090909092,4,default,rf
8,0.1,least_risky,0.8322680185144369,0.5708333333333333,0.17232704402515722,0.14166666666666666,22683,0.1765639465679143,310,31,15,16,0.4838709677419355,0.6935483870967742,15.0,0.5244784946236557,4,default,rf
9,0.1,least_risky,0.8277800080289041,0.5770750988142292,0.16276477146042365,0.1541501976284585,24906,0.17626274793222516,308,31,14,17,0.45161290322580644,0.564935064935065,14.0,0.5196774193548386,4,default,rf
10,0.1,least_risky,0.8329029878273699,0.583011583011583,0.15911485774499473,0.16602316602316602,27106,0.17501660149044493,334,34,18,16,0.5294117647058824,0.6676646706586826,18.0,0.5165490196078433,4,default,rf
0,0.15,least_risky,0.822,0.6747967479674797,0.3755656108597285,0.34959349593495936,5000,0.2226,0,0,0,0,0.0,0.0,0.0,0.0,0,default,rf
1,0.15,least_risky,0.8327574291637871,0.6333333333333333,0.33687943262411346,0.26666666666666666,7231,0.2042594385285576,317,48,22,26,0.4583333333333333,0.5962145110410094,22.0,0.52875,0,default,rf
2,0.15,least_risky,0.8047493403693932,0.5872093023255814,0.2525,0.1744186046511628,9472,0.1983741554054054,305,46,28,18,0.6086956521739131,0.659016393442623,28.0,0.5230434782608695,0,default,rf
3,0.15,least_risky,0.8282655246252677,0.6388888888888888,0.2549889135254989,0.2777777777777778,11673,0.19095348239527113,352,53,27,26,0.5094339622641509,0.6107954545454546,27.0,0.5286792452830189,0,default,rf
4,0.15,least_risky,0.8192944564434845,0.5960591133004927,0.22365988909426987,0.1921182266009852,13886,0.1887512602621345,338,51,22,29,0.43137254901960786,0.6331360946745562,22.0,0.525686274509804,0,default,rf
5,0.15,least_risky,0.8327655620935274,0.6442307692307693,0.22333333333333333,0.28846153846153844,16141,0.18549036614831796,289,44,19,25,0.4318181818181818,0.629757785467128,19.0,0.525681818181818,0,default,rf
6,0.15,least_risky,0.8309283964062074,0.5921052631578947,0.20361990950226244,0.18421052631578946,18362,0.18216969828994664,329,50,25,25,0.5,0.6291793313069909,25.0,0.5264666666666667,0,default,rf
7,0.15,least_risky,0.8277453838678328,0.5982142857142857,0.17795484727755645,0.19642857142857142,20580,0.18012633624878524,332,50,29,21,0.58,0.6385542168674698,29.0,0.53,0,default,rf
8,0.15,least_risky,0.8281147361506459,0.5737051792828686,0.17518248175182483,0.14741035856573706,22832,0.17930974071478625,292,44,30,14,0.6818181818181818,0.684931506849315,30.0,0.5275000000000001,0,default,rf
9,0.15,least_risky,0.8312362692230877,0.5245283018867924,0.16200466200466201,0.04905660377358491,25031,0.1780192561224082,355,54,26,28,0.48148148148148145,0.6309859154929578,26.0,0.5361111111111112,0,default,rf
10,0.15,least_risky,0.8288337924701561,0.5677655677655677,0.15995872033023736,0.13553113553113552,27225,0.1767860422405877,360,54,20,34,0.37037037037037035,0.6305555555555555,20.0,0.5347619047619047,0,default,rf
0,0.15,least_risky,0.795,0.5673758865248227,0.35714285714285715,0.1347517730496454,5000,0.2286,0,0,0,0,0.0,0.0,0.0,0.0,1,default,rf
1,0.15,least_risky,0.8112033195020747,0.7103448275862069,0.3083832335329341,0.4206896551724138,7226,0.21367284804871298,323,49,23,26,0.46938775510204084,0.6006191950464397,23.0,0.5265306122448979,1,default,rf
2,0.15,least_risky,0.8242456326098465,0.6089385474860335,0.29380053908355797,0.21787709497206703,9443,0.20057185216562534,333,50,22,28,0.44,0.6156156156156156,22.0,0.5228,1,default,rf
3,0.15,least_risky,0.8118302614659237,0.5862068965517241,0.2510548523206751,0.1724137931034483,11662,0.1933630595095181,331,50,31,19,0.62,0.6132930513595166,31.0,0.5246,1,default,rf
4,0.15,least_risky,0.817560273479669,0.5745614035087719,0.24214417744916822,0.14912280701754385,13892,0.1868701410883962,318,48,22,26,0.4583333333333333,0.6289308176100629,22.0,0.534375,1,default,rf
5,0.15,least_risky,0.8275862068965517,0.5708333333333333,0.23259762308998302,0.14166666666666666,16095,0.18403230817023922,350,53,32,21,0.6037735849056604,0.6285714285714286,32.0,0.5284905660377359,1,default,rf
6,0.15,least_risky,0.8443048347446053,0.592,0.24025974025974026,0.184,18301,0.18119228457461342,347,53,27,26,0.5094339622641509,0.6282420749279539,27.0,0.5294339622641511,1,default,rf
7,0.15,least_risky,0.8310959238467172,0.5817490494296578,0.20816326530612245,0.1634980988593156,20481,0.1798252038474684,377,57,26,31,0.45614035087719296,0.6259946949602122,26.0,0.5240350877192983,1,default,rf
8,0.15,least_risky,0.8281870313189237,0.6111111111111112,0.1966626936829559,0.2222222222222222,22667,0.17858560903516124,370,56,28,28,0.5,0.5972972972972973,28.0,0.5269642857142857,1,default,rf
9,0.15,least_risky,0.8282442748091603,0.5973597359735974,0.19803063457330417,0.19471947194719472,24886,0.17760990114924052,331,50,30,20,0.6,0.6918429003021148,30.0,0.5302,1,default,rf
10,0.15,least_risky,0.8394833948339483,0.5723270440251572,0.19868995633187772,0.14465408805031446,27096,0.1760776498376144,342,52,24,28,0.46153846153846156,0.5964912280701754,24.0,0.5279807692307693,1,default,rf
0,0.15,least_risky,0.825,0.65625,0.39069767441860465,0.3125,5000,0.2188,0,0,0,0,0.0,0.0,0.0,0.0,2,default,rf
1,0.15,least_risky,0.8137119113573407,0.541095890410959,0.28113879003558717,0.0821917808219178,7219,0.20501454495082422,331,50,27,23,0.54,0.6555891238670695,27.0,0.5264000000000001,2,default,rf
2,0.15,least_risky,0.8186144896879958,0.6477987421383647,0.2641025641025641,0.29559748427672955,9451,0.19320706803512855,316,48,17,31,0.3541666666666667,0.5759493670886076,17.0,0.5220833333333333,2,default,rf
3,0.15,least_risky,0.8204029147021002,0.5862068965517241,0.2621145374449339,0.1724137931034483,11662,0.18950437317784258,340,51,31,20,0.6078431372549019,0.6852941176470588,31.0,0.5243137254901961,2,default,rf
4,0.15,least_risky,0.8334534967555876,0.6242774566473989,0.21386138613861386,0.24855491329479767,13869,0.18609849304203618,345,52,24,28,0.46153846153846156,0.6434782608695652,24.0,0.5234615384615384,2,default,rf
5,0.15,least_risky,0.835454827693263,0.6585365853658537,0.226890756302521,0.3170731707317073,16104,0.18163189269746646,312,47,19,28,0.40425531914893614,0.6153846153846154,19.0,0.5229787234042553,2,default,rf
6,0.15,least_risky,0.8331515812431843,0.5965665236051502,0.2115677321156773,0.19313304721030042,18337,0.18012761084146808,315,48,23,25,0.4791666666666667,0.6476190476190476,23.0,0.5260416666666666,2,default,rf
7,0.15,least_risky,0.8266050583657587,0.5867768595041323,0.1880794701986755,0.17355371900826447,20557,0.1780901882570414,330,50,21,29,0.42,0.6333333333333333,21.0,0.5264000000000001,2,default,rf
8,0.15,least_risky,0.8359289317832858,0.5615384615384615,0.18717948717948718,0.12307692307692308,22795,0.17828471155955253,309,47,30,17,0.6382978723404256,0.6343042071197411,30.0,0.5234042553191488,2,default,rf
9,0.15,least_risky,0.8343656343656344,0.5917602996254682,0.17995444191343962,0.18352059925093633,25023,0.1779562802221956,321,49,21,28,0.42857142857142855,0.6448598130841121,21.0,0.523673469387755,2,default,rf
10,0.15,least_risky,0.8313164649798314,0.5494880546075085,0.1696522655426765,0.09897610921501707,27268,0.1768006454452105,300,45,23,22,0.5111111111111111,0.63,23.0,0.5306666666666668,2,default,rf
0,0.15,least_risky,0.808,0.5245901639344263,0.32323232323232326,0.04918032786885246,5000,0.211,0,0,0,0,0.0,0.0,0.0,0.0,3,default,rf
1,0.15,least_risky,0.8309078309078309,0.6573426573426573,0.32525951557093424,0.3146853146853147,7211,0.20011094161697407,341,52,25,27,0.4807692307692308,0.656891495601173,25.0,0.5309615384615385,3,default,rf
2,0.15,least_risky,0.8136942675159236,0.6235294117647059,0.2697201017811705,0.24705882352941178,9416,0.19328802039082413,348,53,32,21,0.6037735849056604,0.6494252873563219,32.0,0.5250943396226415,3,default,rf
3,0.15,least_risky,0.8109965635738832,0.5654450261780105,0.23225806451612904,0.13089005235602094,11636,0.19190443451357855,330,50,27,23,0.54,0.6181818181818182,27.0,0.5244000000000001,3,default,rf
4,0.15,least_risky,0.824187725631769,0.6324324324324324,0.21828358208955223,0.2648648648648649,13848,0.1877527440785673,339,51,27,24,0.5294117647058824,0.5929203539823009,27.0,0.525656862745098,3,default,rf
5,0.15,least_risky,0.8220839813374805,0.6328502415458938,0.20893141945773525,0.26570048309178745,16071,0.1862360774065086,326,49,32,17,0.6530612244897959,0.6932515337423313,32.0,0.53,3,default,rf
6,0.15,least_risky,0.8280481137233461,0.5525291828793775,0.21646341463414634,0.10505836575875487,18289,0.1830061785772869,332,50,24,26,0.48,0.6445783132530121,24.0,0.5322966666666666,3,default,rf
7,0.15,least_risky,0.8363015369602342,0.6192307692307693,0.21964529331514324,0.23846153846153847,20494,0.1802966721967405,348,53,26,27,0.49056603773584906,0.6494252873563219,26.0,0.535194968553459,3,default,rf
8,0.15,least_risky,0.8281628162816281,0.549800796812749,0.17121588089330025,0.099601593625498,22723,0.17889363200281652,319,48,27,21,0.5625,0.6269592476489029,27.0,0.5325937500000001,3,default,rf
9,0.15,least_risky,0.8280905630134242,0.548951048951049,0.17720090293453725,0.0979020979020979,24951,0.17770830828423712,320,48,26,22,0.5416666666666666,0.609375,26.0,0.5285677083333333,3,default,rf
10,0.15,least_risky,0.8271105389001288,0.584192439862543,0.1718907987866532,0.16838487972508592,27185,0.17638403531359206,313,47,21,26,0.44680851063829785,0.6134185303514377,21.0,0.5288120567375888,3,default,rf
0,0.15,least_risky,0.807,0.6076923076923076,0.3574660633484163,0.2153846153846154,5000,0.2196,0,0,0,0,0.0,0.0,0.0,0.0,4,default,rf
1,0.15,least_risky,0.8089965397923875,0.5432098765432098,0.30344827586206896,0.08641975308641975,7221,0.20454230715967317,329,50,29,21,0.58,0.6930091185410334,29.0,0.5243000000000001,4,default,rf
2,0.15,least_risky,0.8042328042328042,0.5617977528089888,0.25510204081632654,0.12359550561797752,9447,0.19508838784799407,323,49,30,19,0.6122448979591837,0.6346749226006192,30.0,0.5240034013605442,4,default,rf
3,0.15,least_risky,0.8198890311566368,0.5588235294117647,0.2556053811659193,0.11764705882352941,11715,0.19206145966709348,274,42,31,11,0.7380952380952381,0.6824817518248175,31.0,0.5326190476190477,4,default,rf
4,0.15,least_risky,0.8244165170556553,0.5296803652968036,0.23107569721115537,0.0593607305936073,13923,0.18688501041442218,344,52,23,29,0.4423076923076923,0.5930232558139535,23.0,0.5306410256410256,4,default,rf
5,0.15,least_risky,0.825682382133995,0.5676855895196506,0.21922428330522767,0.13537117903930132,16117,0.18328473040888502,361,55,26,29,0.4727272727272727,0.6426592797783933,26.0,0.528,4,default,rf
6,0.15,least_risky,0.829062159214831,0.6132075471698113,0.1925925925925926,0.22641509433962265,18336,0.1799192844677138,331,50,21,29,0.42,0.6102719033232629,21.0,0.5252,4,default,rf
7,0.15,least_risky,0.8236580034005344,0.5661764705882353,0.2020997375328084,0.1323529411764706,20581,0.178951460084544,300,45,22,23,0.4888888888888889,0.5966666666666667,22.0,0.5279999999999999,4,default,rf
8,0.15,least_risky,0.8383771929824562,0.5833333333333334,0.19718309859154928,0.16666666666666666,22797,0.1789709172259508,335,51,24,27,0.47058823529411764,0.6597014925373135,24.0,0.5347058823529411,4,default,rf
9,0.15,least_risky,0.8323676323676323,0.5830258302583026,0.17873303167420815,0.16605166051660517,25024,0.17826886189258312,322,49,28,21,0.5714285714285714,0.5962732919254659,28.0,0.5246938775510204,4,default,rf
10,0.15,least_risky,0.8263264182118597,0.603225806451613,0.18514851485148515,0.2064516129032258,27234,0.17698465153851803,342,52,23,29,0.4423076923076923,0.652046783625731,23.0,0.531826923076923,4,default,rf
0,0.2,least_risky,0.822,0.6747967479674797,0.3755656108597285,0.34959349593495936,5000,0.2226,0,0,0,0,0.0,0.0,0.0,0.0,0,default,rf
1,0.2,least_risky,0.833103448275862,0.6577181208053692,0.3391003460207612,0.31543624161073824,7247,0.20449841313647027,317,64,27,37,0.421875,0.5962145110410094,27.0,0.53796875,0,default,rf
2,0.2,least_risky,0.8171308460325801,0.5967741935483871,0.2890625,0.1935483870967742,9511,0.19955840605614553,296,60,32,28,0.5333333333333333,0.6452702702702703,32.0,0.5344999999999999,0,default,rf
3,0.2,least_risky,0.7988922028121006,0.5767195767195767,0.21756487025948104,0.15343915343915343,11731,0.1917995055834967,351,71,30,41,0.4225352112676056,0.6153846153846154,30.0,0.5377464788732395,0,default,rf
4,0.2,least_risky,0.827906976744186,0.6324324324324324,0.22075471698113208,0.2648648648648649,13972,0.19016604637847123,324,65,31,34,0.47692307692307695,0.6419753086419753,31.0,0.539076923076923,0,default,rf
5,0.2,least_risky,0.8328716528162512,0.5688888888888889,0.2229965156794425,0.13777777777777778,16244,0.1872075843388328,286,58,28,30,0.4827586206896552,0.6293706293706294,28.0,0.5263793103448278,0,default,rf
6,0.2,least_risky,0.8209358939680822,0.592436974789916,0.19971671388101983,0.18487394957983194,18485,0.18393291858263458,324,65,28,37,0.4307692307692308,0.6234567901234568,28.0,0.5362564102564102,0,default,rf
7,0.2,least_risky,0.8279103398409255,0.5714285714285714,0.192,0.14285714285714285,20741,0.1824405766356492,306,62,33,29,0.532258064516129,0.6339869281045751,33.0,0.5468655913978496,0,default,rf
8,0.2,least_risky,0.8239130434782609,0.5457875457875457,0.1784431137724551,0.09157509157509157,22999,0.18161659202574024,303,61,40,21,0.6557377049180327,0.6732673267326733,40.0,0.530655737704918,0,default,rf
9,0.2,least_risky,0.8295003965107058,0.5462962962962963,0.19887640449438201,0.09259259259259259,25217,0.18079073640797874,353,71,38,33,0.5352112676056338,0.6118980169971672,38.0,0.5395774647887325,0,default,rf
10,0.2,least_risky,0.8254691200582984,0.5700325732899023,0.17482517482517482,0.14006514657980457,27445,0.17985061031153216,341,69,37,32,0.5362318840579711,0.656891495601173,37.0,0.545289855072464,0,default,rf
0,0.2,least_risky,0.795,0.5673758865248227,0.35714285714285715,0.1347517730496454,5000,0.2286,0,0,0,0,0.0,0.0,0.0,0.0,1,default,rf
1,0.2,least_risky,0.8019323671497585,0.6226415094339622,0.30368098159509205,0.24528301886792453,7242,0.21416735708367854,323,65,30,35,0.46153846153846156,0.6006191950464397,30.0,0.5323076923076924,1,default,rf
2,0.2,least_risky,0.8232804232804233,0.6455696202531646,0.26842105263157895,0.2911392405063291,9447,0.2015454641685191,369,74,34,40,0.4594594594594595,0.5799457994579946,34.0,0.5368918918918919,1,default,rf
3,0.2,least_risky,0.8232777064612752,0.6051282051282051,0.2599118942731278,0.21025641025641026,11683,0.19344346486347685,330,66,29,37,0.4393939393939394,0.6242424242424243,29.0,0.531060606060606,1,default,rf
4,0.2,least_risky,0.8198780050233225,0.5585585585585585,0.23484848484848486,0.11711711711711711,13935,0.1880157875852171,310,62,38,24,0.6129032258064516,0.635483870967742,38.0,0.5316129032258066,1,default,rf
5,0.2,least_risky,0.8259659969088099,0.5666666666666667,0.22857142857142856,0.13333333333333333,16175,0.18590417310664606,325,65,35,30,0.5384615384615384,0.6215384615384615,35.0,0.5423615384615383,1,default,rf
6,0.2,least_risky,0.837588267246062,0.582995951417004,0.22535211267605634,0.1659919028340081,18406,0.18325546017602956,337,68,31,37,0.45588235294117646,0.6231454005934718,31.0,0.540453431372549,1,default,rf
7,0.2,least_risky,0.8335355496238777,0.6022727272727273,0.21486486486486486,0.20454545454545456,20602,0.18192408504028734,380,76,40,36,0.5263157894736842,0.6368421052631579,40.0,0.5437678571428571,1,default,rf
8,0.2,least_risky,0.8270874424720579,0.5792880258899676,0.21360381861575178,0.15857605177993528,22812,0.18069437138348238,363,73,37,36,0.5068493150684932,0.6088154269972452,37.0,0.5416438356164384,1,default,rf
9,0.2,least_risky,0.8382264829239066,0.6226415094339622,0.22297297297297297,0.24528301886792453,25032,0.17972994566954298,351,71,40,31,0.5633802816901409,0.6666666666666666,40.0,0.5397183098591548,1,default,rf
10,0.2,least_risky,0.8351668500183351,0.5861111111111111,0.21956295525494277,0.17222222222222222,27268,0.17848760451811646,331,67,36,31,0.5373134328358209,0.6012084592145015,36.0,0.537089552238806,1,default,rf
0,0.2,least_risky,0.825,0.65625,0.39069767441860465,0.3125,5000,0.2188,0,0,0,0,0.0,0.0,0.0,0.0,2,default,rf
1,0.2,least_risky,0.8211325966850829,0.5625,0.2924187725631769,0.125,7236,0.20591487009397458,331,67,37,30,0.5522388059701493,0.6555891238670695,37.0,0.5338805970149254,2,default,rf
2,0.2,least_risky,0.8281497100685292,0.6887417218543046,0.27154046997389036,0.37748344370860926,9484,0.19401096583719948,316,64,24,40,0.375,0.5854430379746836,24.0,0.53203125,2,default,rf
3,0.2,least_risky,0.8279982927870252,0.6544502617801047,0.27056277056277056,0.3089005235602094,11715,0.1916346564233888,337,68,46,22,0.6764705882352942,0.6735905044510386,46.0,0.5353750000000002,2,default,rf
4,0.2,least_risky,0.8321377331420373,0.6146788990825688,0.25868725868725867,0.22935779816513763,13939,0.188966209914628,345,69,37,32,0.5362318840579711,0.6289855072463768,37.0,0.5368164251207729,2,default,rf
5,0.2,least_risky,0.8216383307573416,0.6792452830188679,0.22052067381316998,0.3584905660377358,16174,0.18418449363175468,332,67,25,42,0.373134328358209,0.5933734939759037,25.0,0.5293283582089552,2,default,rf
6,0.2,least_risky,0.8341926729986432,0.6059479553903345,0.2440119760479042,0.21189591078066913,18425,0.1833921302578019,312,63,37,26,0.5873015873015873,0.6282051282051282,37.0,0.5322222222222223,2,default,rf
7,0.2,least_risky,0.8319612590799031,0.5724381625441696,0.22040816326530613,0.14487632508833923,20649,0.18131628650297835,346,70,32,38,0.45714285714285713,0.615606936416185,32.0,0.5373178571428572,2,default,rf
8,0.2,least_risky,0.833916083916084,0.6282527881040892,0.20386007237635706,0.25650557620817843,22880,0.18090034965034965,337,68,36,32,0.5294117647058824,0.6231454005934718,36.0,0.5353529411764706,2,default,rf
9,0.2,least_risky,0.8281281082156355,0.6179401993355482,0.19893048128342247,0.23588039867109634,25131,0.1807329592933031,312,63,34,29,0.5396825396825397,0.6602564102564102,34.0,0.5326984126984128,2,default,rf
10,0.2,least_risky,0.8394520547945206,0.5862068965517241,0.20021413276231265,0.1724137931034483,27375,0.1795068493150685,321,65,26,39,0.4,0.5856697819314641,26.0,0.5327435897435897,2,default,rf
0,0.2,least_risky,0.808,0.5245901639344263,0.32323232323232326,0.04918032786885246,5000,0.211,0,0,0,0,0.0,0.0,0.0,0.0,3,default,rf
1,0.2,least_risky,0.8091286307053942,0.6165413533834586,0.2671009771986971,0.23308270676691728,7228,0.20088544548976203,341,69,34,35,0.4927536231884058,0.656891495601173,34.0,0.5379710144927536,3,default,rf
2,0.2,least_risky,0.8159703860391327,0.5698324022346368,0.2734584450402145,0.13966480446927373,9455,0.19524061343204654,342,69,40,29,0.5797101449275363,0.6345029239766082,40.0,0.5301449275362319,3,default,rf
3,0.2,least_risky,0.8219940094137783,0.547486033519553,0.22632794457274827,0.09497206703910614,11683,0.1931010870495592,341,69,36,33,0.5217391304347826,0.6334310850439883,36.0,0.535217391304348,3,default,rf
4,0.2,least_risky,0.8145219266714594,0.6,0.2007233273056058,0.2,13909,0.1887986195988209,343,69,30,39,0.43478260869565216,0.5860058309037901,30.0,0.5368115942028986,3,default,rf
5,0.2,least_risky,0.8220915841584159,0.5872340425531914,0.22402597402597402,0.17446808510638298,16158,0.18733754177497214,314,63,35,28,0.5555555555555556,0.7038216560509554,35.0,0.5341851851851852,3,default,rf
6,0.2,least_risky,0.8289831430125068,0.591743119266055,0.19282511210762332,0.1834862385321101,18390,0.18450244698205545,336,68,26,42,0.38235294117647056,0.6071428571428571,26.0,0.5307279411764706,3,default,rf
7,0.2,least_risky,0.8307468477206595,0.5622119815668203,0.16827586206896553,0.12442396313364056,20619,0.182113584557932,339,68,33,35,0.4852941176470588,0.6460176991150443,33.0,0.5328676470588236,3,default,rf
8,0.2,least_risky,0.8307826847398339,0.5528169014084507,0.19527363184079602,0.1056338028169014,22870,0.18054219501530389,312,63,31,32,0.49206349206349204,0.6410256410256411,31.0,0.5335665154950869,3,default,rf
9,0.2,least_risky,0.8288216560509554,0.5563139931740614,0.18253079507278835,0.11262798634812286,25118,0.17907476709929135,315,63,28,35,0.4444444444444444,0.6253968253968254,28.0,0.5456772486772486,3,default,rf
10,0.2,least_risky,0.8291301169590644,0.5616883116883117,0.1778006166495375,0.12337662337662338,27357,0.17761450451438388,327,66,37,29,0.5606060606060606,0.636085626911315,37.0,0.5372373737373738,3,default,rf
0,0.2,least_risky,0.807,0.6076923076923076,0.3574660633484163,0.2153846153846154,5000,0.2196,0,0,0,0,0.0,0.0,0.0,0.0,4,default,rf
1,0.2,least_risky,0.8183701657458563,0.6111111111111112,0.2983050847457627,0.2222222222222222,7237,0.205748238220257,329,66,41,25,0.6212121212121212,0.6930091185410334,41.0,0.5302272727272725,4,default,rf
2,0.2,least_risky,0.7964135021097046,0.5872093023255814,0.24278846153846154,0.1744186046511628,9476,0.19670747150696496,327,66,34,32,0.5151515151515151,0.6116207951070336,34.0,0.5373484848484849,4,default,rf
3,0.2,least_risky,0.8167517006802721,0.5789473684210527,0.2607758620689655,0.15789473684210525,11756,0.1938584552568901,275,55,31,24,0.5636363636363636,0.6509090909090909,31.0,0.5354545454545453,4,default,rf
4,0.2,least_risky,0.8204577968526466,0.6118721461187214,0.24319419237749546,0.2237442922374429,13980,0.18919885550786839,346,70,36,34,0.5142857142857142,0.5867052023121387,36.0,0.5397738095238095,4,default,rf
5,0.2,least_risky,0.8312769895126465,0.6382113821138211,0.2552845528455285,0.2764227642276423,16208,0.18632773938795658,340,68,37,31,0.5441176470588235,0.6470588235294118,37.0,0.543234068627451,4,default,rf
6,0.2,least_risky,0.8254742547425474,0.5892116182572614,0.2066957787481805,0.17842323651452283,18448,0.18278404163052905,325,65,32,33,0.49230769230769234,0.6338461538461538,32.0,0.5346153846153846,4,default,rf
7,0.2,least_risky,0.8262025622431713,0.5518518518518518,0.1994645247657296,0.1037037037037037,20681,0.18093902615927662,334,67,26,41,0.3880597014925373,0.5898203592814372,26.0,0.5366666666666667,4,default,rf
8,0.2,least_risky,0.8280226975120035,0.6078431372549019,0.18386714116251482,0.21568627450980393,22907,0.1808180905400096,343,69,39,30,0.5652173913043478,0.6793002915451894,39.0,0.5404782608695652,4,default,rf
9,0.2,least_risky,0.8277369362209418,0.5915492957746479,0.18280739934711643,0.18309859154929578,25162,0.18051029329941976,307,62,28,34,0.45161290322580644,0.5635179153094463,28.0,0.5301612903225807,4,default,rf
10,0.2,least_risky,0.8302300109529025,0.5761589403973509,0.17827868852459017,0.152317880794702,27390,0.17929901423877329,340,68,36,32,0.5294117647058824,0.6647058823529411,36.0,0.5320465686274511,4,default,rf
0,0.3,least_risky,0.822,0.6747967479674797,0.3755656108597285,0.34959349593495936,5000,0.2226,0,0,0,0,0.0,0.0,0.0,0.0,0,default,rf
1,0.3,least_risky,0.8262362637362637,0.6054421768707483,0.31338028169014087,0.2108843537414966,7279,0.20566011814809726,317,96,42,54,0.4375,0.5962145110410094,42.0,0.55375,0,default,rf
2,0.3,least_risky,0.8162839248434238,0.5882352941176471,0.2617801047120419,0.17647058823529413,9577,0.20173331941108907,289,87,42,45,0.4827586206896552,0.629757785467128,42.0,0.5434482758620688,0,default,rf
3,0.3,least_risky,0.8157227387996618,0.6740331491712708,0.24448897795591182,0.34806629834254144,11826,0.19567055640115,359,108,59,49,0.5462962962962963,0.5988857938718662,59.0,0.5496296296296298,0,default,rf
4,0.3,least_risky,0.8166666666666667,0.6367924528301887,0.23478260869565218,0.27358490566037735,14100,0.19404255319148936,323,97,54,43,0.5567010309278351,0.6687306501547987,54.0,0.5539175257731959,0,default,rf
5,0.3,least_risky,0.8291641244661379,0.645021645021645,0.23763955342902712,0.29004329004329005,16390,0.1907870652837096,301,91,44,47,0.4835164835164835,0.627906976744186,44.0,0.5431868131868132,0,default,rf
6,0.3,least_risky,0.8258773104741495,0.623574144486692,0.22937062937062938,0.24714828897338403,18664,0.18790184312044578,323,97,43,54,0.44329896907216493,0.6068111455108359,43.0,0.542036082474227,0,default,rf
7,0.3,least_risky,0.8230659025787965,0.5813148788927336,0.2131979695431472,0.16262975778546712,20937,0.1861298180255051,325,98,48,50,0.4897959183673469,0.6246153846153846,48.0,0.5482684645286687,0,default,rf
8,0.3,least_risky,0.8271631510977184,0.5518394648829431,0.19784172661870503,0.10367892976588629,23226,0.18513734607767157,302,91,52,39,0.5714285714285714,0.6821192052980133,52.0,0.5578754578754579,0,default,rf
9,0.3,least_risky,0.8195370733621028,0.5154061624649859,0.19763694951664876,0.03081232492997199,25487,0.18436850158904539,342,103,54,49,0.5242718446601942,0.6286549707602339,54.0,0.5496375404530747,0,default,rf
10,0.3,least_risky,0.8220980533525595,0.5431034482758621,0.18584070796460178,0.08620689655172414,27739,0.1836403619452756,355,107,61,46,0.5700934579439252,0.647887323943662,61.0,0.5502087227414331,0,default,rf
0,0.3,least_risky,0.795,0.5673758865248227,0.35714285714285715,0.1347517730496454,5000,0.2286,0,0,0,0,0.0,0.0,0.0,0.0,1,default,rf
1,0.3,least_risky,0.8116838487972509,0.66875,0.32621951219512196,0.3375,7274,0.2154248006598845,323,97,46,51,0.4742268041237113,0.6006191950464397,46.0,0.5458762886597939,1,default,rf
2,0.3,least_risky,0.8173228346456692,0.6171428571428571,0.2776349614395887,0.2342857142857143,9522,0.2045788699852972,360,108,56,52,0.5185185185185185,0.5777777777777777,56.0,0.5414814814814816,1,default,rf
3,0.3,least_risky,0.819144430326133,0.6142857142857143,0.27157894736842103,0.22857142857142856,11805,0.19720457433290978,310,93,46,47,0.4946236559139785,0.6419354838709678,46.0,0.5437634408602151,1,default,rf
4,0.3,least_risky,0.8097266595669151,0.5947136563876652,0.23316062176165803,0.1894273127753304,14083,0.19157849889938222,318,96,55,41,0.5729166666666666,0.6415094339622641,55.0,0.5444461805555556,1,default,rf
5,0.3,least_risky,0.8253288467421229,0.5934959349593496,0.2366288492706645,0.18699186991869918,16343,0.1890717738481307,343,103,54,49,0.5242718446601942,0.6297376093294461,54.0,0.5571003236245955,1,default,rf
6,0.3,least_risky,0.8340494092373791,0.575,0.24393939393939393,0.15,18617,0.18687221356824407,323,97,48,49,0.4948453608247423,0.631578947368421,48.0,0.5573247422680413,1,default,rf
7,0.3,least_risky,0.8312155358427236,0.6046511627906976,0.23728813559322035,0.20930232558139536,20854,0.18629519516639492,377,114,64,50,0.5614035087719298,0.623342175066313,64.0,0.5578947368421052,1,default,rf
8,0.3,least_risky,0.8296905431724735,0.6151419558359621,0.22674418604651161,0.2302839116719243,23103,0.18534389473228585,359,108,59,49,0.5462962962962963,0.6128133704735376,59.0,0.5530493827160495,1,default,rf
9,0.3,least_risky,0.8285376428852976,0.6022408963585434,0.22799575821845175,0.20448179271708683,25369,0.18483188143009185,335,101,56,45,0.5544554455445545,0.6567164179104478,56.0,0.5607920792079208,1,default,rf
10,0.3,least_risky,0.8232953517815157,0.5983606557377049,0.20877025738798857,0.19672131147540983,27641,0.18342317571723166,326,98,48,50,0.4897959183673469,0.6073619631901841,48.0,0.561734693877551,1,default,rf
0,0.3,least_risky,0.825,0.65625,0.39069767441860465,0.3125,5000,0.2188,0,0,0,0,0.0,0.0,0.0,0.0,2,default,rf
1,0.3,least_risky,0.8156808803301238,0.5808383233532934,0.3288135593220339,0.16167664670658682,7269,0.20786903287935066,331,100,58,42,0.58,0.6555891238670695,58.0,0.5475000000000001,2,default,rf
2,0.3,least_risky,0.8153765690376569,0.5882352941176471,0.26109660574412535,0.17647058823529413,9558,0.19763548859594057,302,91,48,43,0.5274725274725275,0.5993377483443708,48.0,0.5492307692307693,2,default,rf
3,0.3,least_risky,0.8257191201353637,0.5824742268041238,0.2545045045045045,0.16494845360824742,11819,0.19494035028344192,342,103,64,39,0.6213592233009708,0.6871345029239766,64.0,0.5622330097087378,2,default,rf
4,0.3,least_risky,0.8167613636363636,0.6,0.2357142857142857,0.2,14080,0.19289772727272728,342,103,58,45,0.5631067961165048,0.6286549707602339,58.0,0.5628155339805825,2,default,rf
5,0.3,least_risky,0.8264058679706602,0.5811320754716981,0.2520458265139116,0.16226415094339622,16359,0.18882572284369462,317,96,42,54,0.4375,0.5867507886435331,42.0,0.550625,2,default,rf
6,0.3,least_risky,0.8245708154506438,0.5931558935361216,0.22190611664295876,0.18631178707224336,18636,0.18743292552049795,319,96,48,48,0.5,0.6363636363636364,48.0,0.5642708333333334,2,default,rf
7,0.3,least_risky,0.8324557204404021,0.6254416961130742,0.22957198443579765,0.2508833922261484,20887,0.1856657250921626,356,107,60,47,0.5607476635514018,0.6207865168539326,60.0,0.5480981308411217,2,default,rf
8,0.3,least_risky,0.8393435543079248,0.6270627062706271,0.23142509135200975,0.25412541254125415,23153,0.18550511812724052,335,101,56,45,0.5544554455445545,0.6208955223880597,56.0,0.5533333333333335,2,default,rf
9,0.3,least_risky,0.8299921383647799,0.5940298507462687,0.21443965517241378,0.1880597014925373,25436,0.18552445353042932,311,94,50,44,0.5319148936170213,0.6463022508038585,50.0,0.5479255319148937,2,default,rf
10,0.3,least_risky,0.8353174603174603,0.5856777493606138,0.2336734693877551,0.17135549872122763,27716,0.18458652042141724,315,95,50,45,0.5263157894736842,0.5936507936507937,50.0,0.5534508771929826,2,default,rf
0,0.3,least_risky,0.808,0.5245901639344263,0.32323232323232326,0.04918032786885246,5000,0.211,0,0,0,0,0.0,0.0,0.0,0.0,3,default,rf
1,0.3,least_risky,0.8224363386097728,0.6666666666666666,0.3246753246753247,0.3333333333333333,7262,0.20269898099697053,341,103,54,49,0.5242718446601942,0.656891495601173,54.0,0.5517475728155342,3,default,rf
2,0.3,least_risky,0.8208092485549133,0.5978260869565217,0.2917771883289125,0.1956521739130435,9512,0.1968040370058873,358,108,55,53,0.5092592592592593,0.6312849162011173,55.0,0.5399074074074074,3,default,rf
3,0.3,least_risky,0.8156329651656754,0.5814977973568282,0.2802547770700637,0.16299559471365638,11770,0.19481733220050976,347,105,42,63,0.4,0.6080691642651297,42.0,0.5463809523809524,3,default,rf
4,0.3,least_risky,0.8248487006051975,0.6186046511627907,0.24493554327808473,0.2372093023255814,14041,0.1913681361726373,328,99,49,50,0.494949494949495,0.5975609756097561,49.0,0.5490740740740743,3,default,rf
5,0.3,least_risky,0.8136684033098376,0.5891472868217055,0.2324159021406728,0.17829457364341086,16315,0.1906834201654919,323,97,55,42,0.5670103092783505,0.6749226006191951,55.0,0.5411340206185568,3,default,rf
6,0.3,least_risky,0.8316299085529855,0.5903614457831325,0.21907600596125187,0.18072289156626506,18587,0.18808844891590898,327,99,55,44,0.5555555555555556,0.654434250764526,55.0,0.553939393939394,3,default,rf
7,0.3,least_risky,0.8339324227174695,0.5962264150943396,0.21236559139784947,0.19245283018867926,20863,0.18597517135598907,321,97,47,50,0.4845360824742268,0.6573208722741433,47.0,0.5564175257731958,3,default,rf
8,0.3,least_risky,0.8312810542233744,0.5740072202166066,0.19343065693430658,0.148014440433213,23142,0.184901909947282,317,96,59,37,0.6145833333333334,0.6403785488958991,59.0,0.5465902777777779,3,default,rf
9,0.3,least_risky,0.8269079464988198,0.5587392550143266,0.21172638436482086,0.1174785100286533,25418,0.18341332913683217,321,97,46,51,0.4742268041237113,0.6261682242990654,46.0,0.5501546391752579,3,default,rf
10,0.3,least_risky,0.828370330265295,0.556497175141243,0.1987891019172553,0.11299435028248588,27703,0.18221853228892176,308,93,46,47,0.4946236559139785,0.6233766233766234,46.0,0.547598566308244,3,default,rf
0,0.3,least_risky,0.807,0.6076923076923076,0.3574660633484163,0.2153846153846154,5000,0.2196,0,0,0,0,0.0,0.0,0.0,0.0,4,default,rf
1,0.3,least_risky,0.8156808803301238,0.6265822784810127,0.32142857142857145,0.25316455696202533,7270,0.20742778541953233,329,99,60,39,0.6060606060606061,0.6930091185410334,60.0,0.5404545454545455,4,default,rf
2,0.3,least_risky,0.8191823899371069,0.6298342541436464,0.29081632653061223,0.2596685082872928,9536,0.19893036912751677,335,101,45,56,0.44554455445544555,0.5880597014925373,45.0,0.5496534653465349,4,default,rf
3,0.3,least_risky,0.823902027027027,0.5767441860465117,0.27555555555555555,0.15348837209302327,11836,0.19626563028050018,286,86,55,31,0.6395348837209303,0.6713286713286714,55.0,0.5406976744186045,4,default,rf
4,0.3,least_risky,0.8283687943262411,0.5393700787401575,0.2718253968253968,0.07874015748031496,14097,0.1917429240263886,342,103,50,53,0.4854368932038835,0.5935672514619883,50.0,0.5567961165048543,4,default,rf
5,0.3,least_risky,0.8299174059345366,0.5795053003533569,0.27287853577371046,0.15901060070671377,16343,0.18925533867710947,364,110,60,50,0.5454545454545454,0.6263736263736264,60.0,0.5471818181818184,4,default,rf
6,0.3,least_risky,0.8272898200376041,0.5766129032258065,0.20998531571218795,0.1532258064516129,18615,0.18624764974482944,327,99,50,49,0.5050505050505051,0.617737003058104,50.0,0.5543434343434344,4,default,rf
7,0.3,least_risky,0.8362853039731929,0.5868852459016394,0.24287652645861602,0.1737704918032787,20886,0.18481279325864217,328,99,54,45,0.5454545454545454,0.6158536585365854,54.0,0.5511616161616162,4,default,rf
8,0.3,least_risky,0.8253077089181602,0.5938566552901023,0.2013888888888889,0.18771331058020477,23153,0.18503001770828834,334,101,57,44,0.5643564356435643,0.6796407185628742,57.0,0.5623762376237623,4,default,rf
9,0.3,least_risky,0.8264544025157232,0.580441640378549,0.19700214132762311,0.1608832807570978,25436,0.18477748073596478,311,94,56,38,0.5957446808510638,0.594855305466238,56.0,0.555212765957447,4,default,rf
10,0.3,least_risky,0.8194945848375451,0.5558912386706949,0.17743490838958534,0.11178247734138973,27696,0.18360051993067592,344,104,46,58,0.4423076923076923,0.6395348837209303,46.0,0.5465064102564102,4,default,rf
0,0.5,least_risky,0.822,0.6747967479674797,0.3755656108597285,0.34959349593495936,5000,0.2226,0,0,0,0,0.0,0.0,0.0,0.0,0,default,rf
1,0.5,least_risky,0.831858407079646,0.6089743589743589,0.33807829181494664,0.21794871794871795,7342,0.2093435031326614,317,159,82,77,0.5157232704402516,0.5962145110410094,82.0,0.5834591194968552,0,default,rf
2,0.5,least_risky,0.816400206291903,0.6052631578947368,0.2904040404040404,0.21052631578947367,9691,0.20709937054999483,303,152,95,57,0.625,0.6600660066006601,95.0,0.5735526315789474,0,default,rf
3,0.5,least_risky,0.82993762993763,0.6318181818181818,0.29764453961456105,0.2636363636363636,12021,0.20222943182763498,340,170,97,73,0.5705882352941176,0.6205882352941177,97.0,0.5855294117647059,0,default,rf
4,0.5,least_risky,0.8318245125348189,0.6743295019157088,0.30662020905923343,0.3486590038314176,14359,0.20182463959885785,324,162,96,66,0.5925925925925926,0.6574074074074074,96.0,0.5789506172839506,0,default,rf
5,0.5,least_risky,0.8300418910831837,0.6802721088435374,0.29673590504451036,0.36054421768707484,16710,0.1992818671454219,298,149,83,66,0.5570469798657718,0.62751677852349,83.0,0.5760514541387023,0,default,rf
6,0.5,least_risky,0.8236683285226974,0.6393939393939394,0.2761780104712042,0.2787878787878788,19053,0.19671442817404083,314,157,92,65,0.5859872611464968,0.6592356687898089,92.0,0.5849469214437367,0,default,rf
7,0.5,least_risky,0.8202851133442393,0.5714285714285714,0.25334957369062117,0.14285714285714285,21391,0.19559627880884484,324,162,93,69,0.5740740740740741,0.6234567901234568,93.0,0.601111111111111,0,default,rf
8,0.5,least_risky,0.8245577085088458,0.5875,0.2602436323366556,0.175,23740,0.1951558550968829,302,151,88,63,0.5827814569536424,0.6490066225165563,88.0,0.5843046357615895,0,default,rf
9,0.5,least_risky,0.8225930187955505,0.625615763546798,0.24732229795520935,0.2512315270935961,26068,0.19449133036673316,344,172,97,75,0.563953488372093,0.6395348837209303,97.0,0.5968178294573644,0,default,rf
10,0.5,least_risky,0.8204541453969372,0.6018306636155606,0.23715058611361586,0.2036613272311213,28404,0.19423320659062104,329,165,98,67,0.593939393939394,0.6534954407294833,98.0,0.5896131313131313,0,default,rf
0,0.5,least_risky,0.795,0.5673758865248227,0.35714285714285715,0.1347517730496454,5000,0.2286,0,0,0,0,0.0,0.0,0.0,0.0,1,default,rf
1,0.5,least_risky,0.7963215258855586,0.6687116564417178,0.307909604519774,0.3374233128834356,7339,0.21883090339283282,323,162,85,77,0.5246913580246914,0.6006191950464397,85.0,0.5751851851851852,1,default,rf
2,0.5,least_risky,0.8102378490175801,0.5633802816901409,0.30456852791878175,0.1267605633802817,9668,0.21017790649565576,343,172,100,72,0.5813953488372093,0.6034985422740525,100.0,0.5773352713178295,1,default,rf
3,0.5,least_risky,0.8192419825072886,0.6386554621848739,0.304,0.2773109243697479,12004,0.20368210596467845,328,164,84,80,0.5121951219512195,0.6219512195121951,84.0,0.580630081300813,1,default,rf
4,0.5,least_risky,0.811084001394214,0.5526315789473685,0.2578947368421053,0.10526315789473684,14345,0.1984663645869641,319,160,88,72,0.55,0.6426332288401254,88.0,0.5835625,1,default,rf
5,0.5,least_risky,0.8274415817855003,0.6270096463022508,0.29770992366412213,0.2540192926045016,16687,0.19721939234134356,317,159,95,64,0.5974842767295597,0.6466876971608833,95.0,0.5912054507337526,1,default,rf
6,0.5,least_risky,0.8294349540078844,0.6049723756906077,0.3020689655172414,0.20994475138121546,19024,0.19554247266610597,327,164,88,76,0.5365853658536586,0.6238532110091743,88.0,0.5841463414634145,1,default,rf
7,0.5,least_risky,0.8245079662605436,0.6020671834625323,0.28140096618357485,0.2041343669250646,21336,0.1953037120359955,376,188,114,74,0.6063829787234043,0.648936170212766,114.0,0.580218085106383,1,default,rf
8,0.5,least_risky,0.8212172442941674,0.5823665893271461,0.2737186477644493,0.16473317865429235,23660,0.19497041420118344,352,176,105,71,0.5965909090909091,0.6164772727272727,105.0,0.5943901515151516,1,default,rf
9,0.5,least_risky,0.8225,0.5840336134453782,0.27716849451645065,0.16806722689075632,25998,0.19493807215939687,324,162,100,62,0.6172839506172839,0.6666666666666666,100.0,0.5899444444444444,1,default,rf
10,0.5,least_risky,0.8254192409532215,0.6163793103448276,0.26071103008204194,0.23275862068965517,28323,0.19334110087208276,351,176,87,89,0.4943181818181818,0.5982905982905983,87.0,0.5848106060606061,1,default,rf
0,0.5,least_risky,0.825,0.65625,0.39069767441860465,0.3125,5000,0.2188,0,0,0,0,0.0,0.0,0.0,0.0,2,default,rf
1,0.5,least_risky,0.8125426039536469,0.554140127388535,0.2979452054794521,0.10828025477707007,7335,0.21063394683026584,331,166,92,74,0.5542168674698795,0.6555891238670695,92.0,0.5760843373493976,2,default,rf
2,0.5,least_risky,0.81343669250646,0.5649717514124294,0.2604166666666667,0.12994350282485875,9672,0.200889164598842,327,164,79,85,0.4817073170731707,0.5871559633027523,79.0,0.5736585365853658,2,default,rf
3,0.5,least_risky,0.8221574344023324,0.6213592233009708,0.26834381551362685,0.24271844660194175,12002,0.20029995000833195,340,170,103,67,0.6058823529411764,0.6705882352941176,103.0,0.585235294117647,2,default,rf
4,0.5,least_risky,0.8207810320781032,0.6468253968253969,0.27721088435374147,0.29365079365079366,14339,0.19952576888206988,326,163,96,67,0.588957055214724,0.6380368098159509,96.0,0.5683435582822087,2,default,rf
5,0.5,least_risky,0.812106682649086,0.5804195804195804,0.24665676077265974,0.16083916083916083,16683,0.19576814721572858,312,156,77,79,0.4935897435897436,0.6057692307692307,77.0,0.5709615384615385,2,default,rf
6,0.5,least_risky,0.8213816653532966,0.5909090909090909,0.2635135135135135,0.18181818181818182,19033,0.19545000788104872,300,150,81,69,0.54,0.62,81.0,0.5831333333333333,2,default,rf
7,0.5,least_risky,0.8233918128654971,0.6077348066298343,0.26410564225690275,0.2154696132596685,21374,0.19411434453073828,319,160,87,73,0.54375,0.6394984326018809,87.0,0.5962708333333333,2,default,rf
8,0.5,least_risky,0.8292939936775553,0.6097560975609756,0.25252525252525254,0.21951219512195122,23724,0.19444444444444445,301,151,89,62,0.5894039735099338,0.6445182724252492,89.0,0.5790066225165563,2,default,rf
9,0.5,least_risky,0.8262703739213806,0.574468085106383,0.25077399380804954,0.14893617021276595,26074,0.19463833704073022,301,151,83,68,0.5496688741721855,0.6511627906976745,83.0,0.5801013875748976,2,default,rf
10,0.5,least_risky,0.8252683441844096,0.6070588235294118,0.23800738007380073,0.21411764705882352,28412,0.19340419541038997,325,163,86,77,0.5276073619631901,0.6153846153846154,86.0,0.5721666666666666,2,default,rf
0,0.5,least_risky,0.808,0.5245901639344263,0.32323232323232326,0.04918032786885246,5000,0.211,0,0,0,0,0.0,0.0,0.0,0.0,3,default,rf
1,0.5,least_risky,0.8144611186903138,0.6748466257668712,0.3343465045592705,0.3496932515337423,7330,0.20668485675306958,341,171,97,74,0.5672514619883041,0.656891495601173,97.0,0.5767836257309942,3,default,rf
2,0.5,least_risky,0.8183229813664596,0.6119402985074627,0.3106060606060606,0.22388059701492538,9660,0.2036231884057971,341,171,101,70,0.5906432748538012,0.6451612903225806,101.0,0.5763157894736842,3,default,rf
3,0.5,least_risky,0.8120050020842018,0.5934959349593496,0.2937625754527163,0.18699186991869918,11992,0.203552368245497,336,168,97,71,0.5773809523809523,0.6339285714285714,97.0,0.5766666666666667,3,default,rf
4,0.5,least_risky,0.8129797627355199,0.6141732283464567,0.26262626262626265,0.2283464566929134,14327,0.2001116772527396,331,166,81,85,0.4879518072289157,0.5921450151057401,81.0,0.5883132530120483,3,default,rf
5,0.5,least_risky,0.8208820882088209,0.6231884057971014,0.2586466165413534,0.2463768115942029,16665,0.1996999699969997,325,163,100,63,0.6134969325153374,0.6953846153846154,100.0,0.5812689161554193,3,default,rf
6,0.5,least_risky,0.82140978432404,0.6045016077170418,0.25268817204301075,0.2090032154340836,19010,0.1976854287217254,310,155,90,65,0.5806451612903226,0.6580645161290323,90.0,0.5893548387096774,3,default,rf
7,0.5,least_risky,0.824824355971897,0.5771428571428572,0.2518703241895262,0.15428571428571428,21349,0.19616843880275422,322,161,89,72,0.5527950310559007,0.6428571428571429,89.0,0.584580745341615,3,default,rf
8,0.5,least_risky,0.8183161004431314,0.5748218527315915,0.2619047619047619,0.1496437054631829,23691,0.19517960406905577,316,158,89,69,0.5632911392405063,0.620253164556962,89.0,0.584551687763713,3,default,rf
9,0.5,least_risky,0.8175182481751825,0.5985748218527316,0.24394966118102615,0.19714964370546317,26029,0.19393753121518306,325,163,90,73,0.5521472392638037,0.6276923076923077,90.0,0.5853098159509201,3,default,rf
10,0.5,least_risky,0.8156828193832599,0.5674518201284796,0.23895401262398558,0.1349036402569593,28371,0.19262627330725035,317,159,81,78,0.5094339622641509,0.6182965299684543,81.0,0.5803710691823898,3,default,rf
0,0.5,least_risky,0.807,0.6076923076923076,0.3574660633484163,0.2153846153846154,5000,0.2196,0,0,0,0,0.0,0.0,0.0,0.0,4,default,rf
1,0.5,least_risky,0.8174386920980926,0.5956284153005464,0.35973597359735976,0.1912568306010929,7336,0.21210468920392583,329,165,108,57,0.6545454545454545,0.6930091185410334,108.0,0.5686363636363636,4,default,rf
2,0.5,least_risky,0.812306101344364,0.6069651741293532,0.30049261083743845,0.21393034825870647,9667,0.20554463639184856,338,169,99,70,0.5857988165680473,0.6183431952662722,99.0,0.5818934911242603,4,default,rf
3,0.5,least_risky,0.8243861839367458,0.6212765957446809,0.3048016701461378,0.2425531914893617,12015,0.20357885975863504,305,153,102,51,0.6666666666666666,0.6754098360655738,102.0,0.5766013071895425,4,default,rf
4,0.5,least_risky,0.8260718020216103,0.6298932384341637,0.3094405594405594,0.2597864768683274,14344,0.20015337423312884,342,171,97,74,0.5672514619883041,0.5994152046783626,97.0,0.5917543859649124,4,default,rf
5,0.5,least_risky,0.8173913043478261,0.6266233766233766,0.28093158660844253,0.2532467532467532,16672,0.19853646833013436,344,172,104,68,0.6046511627906976,0.6482558139534884,104.0,0.5877810077519381,4,default,rf
6,0.5,least_risky,0.8177275118358759,0.6235294117647059,0.2728442728442728,0.24705882352941178,19008,0.19602272727272727,328,164,95,69,0.5792682926829268,0.625,95.0,0.5829979674796749,4,default,rf
7,0.5,least_risky,0.8252108716026242,0.6058981233243967,0.2739393939393939,0.21179624664879357,21339,0.1944327288064108,339,170,85,85,0.5,0.5988200589970502,85.0,0.5848196078431374,4,default,rf
8,0.5,least_risky,0.8340021119324181,0.6470588235294118,0.2807991120976693,0.29411764705882354,23673,0.19511679972964982,332,166,102,64,0.6144578313253012,0.6807228915662651,102.0,0.5925050200803214,4,default,rf
9,0.5,least_risky,0.8218335575629444,0.6232876712328768,0.263768115942029,0.2465753424657534,26012,0.1947947101337844,322,161,87,74,0.5403726708074534,0.5714285714285714,87.0,0.5896583850931677,4,default,rf
10,0.5,least_risky,0.8253660257541012,0.6329896907216495,0.2743521000893655,0.26597938144329897,28344,0.19415043748235958,337,169,102,67,0.6035502958579881,0.6676557863501483,102.0,0.5941518737672583,4,default,rf
0,0.75,least_risky,0.822,0.6747967479674797,0.3755656108597285,0.34959349593495936,5000,0.2226,0,0,0,0,0.0,0.0,0.0,0.0,0,default,rf
1,0.75,least_risky,0.8195286195286196,0.5823529411764706,0.3344594594594595,0.16470588235294117,7421,0.21398733324349817,317,238,133,105,0.5588235294117647,0.5962145110410094,133.0,0.6192857142857143,0,default,rf
2,0.75,least_risky,0.8152284263959391,0.6411290322580645,0.3663594470046083,0.28225806451612906,9849,0.21362574880698548,289,217,132,85,0.6082949308755761,0.6608996539792388,132.0,0.6237327188940092,0,default,rf
3,0.75,least_risky,0.8088055442315532,0.6124031007751938,0.2998102466793169,0.2248062015503876,12265,0.21027313493681207,336,252,137,115,0.5436507936507936,0.5952380952380952,137.0,0.6093253968253969,0,default,rf
4,0.75,least_risky,0.8106911814776984,0.6521739130434783,0.30139103554868624,0.30434782608695654,14682,0.21141533850973981,334,251,161,90,0.6414342629482072,0.6586826347305389,161.0,0.6118795295010434,0,default,rf
5,0.75,least_risky,0.8159509202453987,0.611731843575419,0.3084507042253521,0.22346368715083798,17115,0.20964066608238388,268,201,125,76,0.6218905472636815,0.6604477611940298,125.0,0.620671641791045,0,default,rf
6,0.75,least_risky,0.8085977482088025,0.5989445910290238,0.275820170109356,0.19788918205804748,19536,0.20787264537264538,318,239,137,102,0.5732217573221757,0.6194968553459119,137.0,0.6189748953974895,0,default,rf
7,0.75,least_risky,0.8076047358834244,0.609375,0.28950159066808057,0.21875,21956,0.20718710147567862,322,242,150,92,0.6198347107438017,0.6428571428571429,150.0,0.6373677685950413,0,default,rf
8,0.75,least_risky,0.8261226163625179,0.631578947368421,0.31901840490797545,0.2631578947368421,24383,0.2072345486609523,294,221,145,76,0.6561085972850679,0.673469387755102,145.0,0.6289592760180995,0,default,rf
9,0.75,least_risky,0.817910447761194,0.5938069216757741,0.30213160333642264,0.18761384335154827,26800,0.20716417910447762,335,252,154,98,0.6111111111111112,0.6417910447761194,154.0,0.6279365079365079,0,default,rf
10,0.75,least_risky,0.8150239561943874,0.6260032102728732,0.3150242326332795,0.2520064205457464,29218,0.2070299130672873,328,246,145,101,0.5894308943089431,0.6463414634146342,145.0,0.6353346883468834,0,default,rf
0,0.75,least_risky,0.795,0.5673758865248227,0.35714285714285715,0.1347517730496454,5000,0.2286,0,0,0,0,0.0,0.0,0.0,0.0,1,default,rf
1,0.75,least_risky,0.7850404312668463,0.6206896551724138,0.29916897506925205,0.2413793103448276,7420,0.22304582210242588,323,243,134,109,0.551440329218107,0.6006191950464397,134.0,0.6153086419753085,1,default,rf
2,0.75,least_risky,0.8145325203252033,0.6334841628959276,0.330188679245283,0.2669683257918552,9838,0.21650742020735922,329,247,142,105,0.5748987854251012,0.60790273556231,142.0,0.6086950067476382,1,default,rf
3,0.75,least_risky,0.8124745209947004,0.6172413793103448,0.3390151515151515,0.23448275862068965,12265,0.21280065226253567,292,219,140,79,0.639269406392694,0.660958904109589,140.0,0.6143835616438356,1,default,rf
4,0.75,least_risky,0.820285908781484,0.6094674556213018,0.34219269102990035,0.21893491124260356,14689,0.20886377561440533,306,230,135,95,0.5869565217391305,0.6405228758169934,135.0,0.6244673913043478,1,default,rf
5,0.75,least_risky,0.8194038573933372,0.6138613861386139,0.3492957746478873,0.22772277227722773,17108,0.20838204348842645,325,244,153,91,0.6270491803278688,0.6461538461538462,153.0,0.61525956284153,1,default,rf
6,0.75,least_risky,0.8220230473751601,0.6359743040685225,0.3613138686131387,0.27194860813704497,19525,0.20727272727272728,335,252,139,113,0.5515873015873016,0.6029850746268657,139.0,0.6119087301587302,1,default,rf
7,0.75,least_risky,0.818824065633546,0.6263048016701461,0.32751091703056767,0.25260960334029225,21936,0.20792304886943835,359,270,166,104,0.6148148148148148,0.637883008356546,166.0,0.6166111111111111,1,default,rf
8,0.75,least_risky,0.8139630390143737,0.5981651376146789,0.32181638696939785,0.1963302752293578,24350,0.20784394250513347,345,259,156,103,0.6023166023166023,0.6202898550724638,156.0,0.6210727155727156,1,default,rf
9,0.75,least_risky,0.8255509899140829,0.6553480475382003,0.3455684870188004,0.31069609507640067,26769,0.20796443647502708,325,244,155,89,0.6352459016393442,0.676923076923077,155.0,0.6297474629195942,1,default,rf
10,0.75,least_risky,0.8211716341212744,0.6306156405990017,0.31557035803497085,0.2612312811980033,29188,0.20679731396464301,326,245,140,105,0.5714285714285714,0.6196319018404908,140.0,0.6260931972789116,1,default,rf
0,0.75,least_risky,0.825,0.65625,0.39069767441860465,0.3125,5000,0.2188,0,0,0,0,0.0,0.0,0.0,0.0,2,default,rf
1,0.75,least_risky,0.8079514824797843,0.5168539325842697,0.3161512027491409,0.033707865168539325,7418,0.2166352116473443,331,249,154,95,0.6184738955823293,0.6555891238670695,154.0,0.6180722891566265,2,default,rf
2,0.75,least_risky,0.8119918699186992,0.6093023255813953,0.31414868105515587,0.2186046511627907,9837,0.2090068110196198,327,246,131,115,0.532520325203252,0.5902140672782875,131.0,0.620040650406504,2,default,rf
3,0.75,least_risky,0.8229294165646674,0.6360424028268551,0.3522504892367906,0.27208480565371024,12252,0.21049624551093699,340,255,172,83,0.6745098039215687,0.6911764705882353,172.0,0.6256071895424836,2,default,rf
4,0.75,least_risky,0.8118609406952966,0.6041055718475073,0.3306581059390048,0.20821114369501467,14670,0.2107702794819359,331,249,157,92,0.6305220883534136,0.6435045317220544,157.0,0.6219216867469879,2,default,rf
5,0.75,least_risky,0.8265067290813342,0.6378378378378379,0.339568345323741,0.2756756756756757,17088,0.20739700374531836,328,246,130,116,0.5284552845528455,0.5945121951219512,130.0,0.6239972899728997,2,default,rf
6,0.75,least_risky,0.8127081732001025,0.631336405529954,0.3242603550295858,0.2626728110599078,19511,0.2070626825893086,311,234,137,97,0.5854700854700855,0.6430868167202572,137.0,0.6253846153846154,2,default,rf
7,0.75,least_risky,0.8117164349213586,0.6390658174097664,0.31452455590386624,0.2781316348195329,21931,0.20632894076877478,320,240,154,86,0.6416666666666667,0.671875,154.0,0.6299166666666667,2,default,rf
8,0.75,least_risky,0.8170806815848901,0.6547619047619048,0.3151862464183381,0.30952380952380953,24353,0.20695602184535786,315,237,152,85,0.6413502109704642,0.653968253968254,152.0,0.6093037974683544,2,default,rf
9,0.75,least_risky,0.816840926064227,0.6478102189781022,0.310586176727909,0.2956204379562044,26779,0.2075880354008738,296,222,138,84,0.6216216216216216,0.6554054054054054,138.0,0.614243993993994,2,default,rf
10,0.75,least_risky,0.8193802431090567,0.6384083044982699,0.3037037037037037,0.2768166089965398,29204,0.20668401588823448,302,227,130,97,0.5726872246696035,0.6192052980132451,130.0,0.6230315712187959,2,default,rf
0,0.75,least_risky,0.808,0.5245901639344263,0.32323232323232326,0.04918032786885246,5000,0.211,0,0,0,0,0.0,0.0,0.0,0.0,3,default,rf
1,0.75,least_risky,0.8071476736345247,0.6666666666666666,0.3323615160349854,0.3333333333333333,7415,0.21240728253540123,341,256,157,99,0.61328125,0.656891495601173,157.0,0.6104687499999999,3,default,rf
2,0.75,least_risky,0.8097660223804679,0.6190476190476191,0.30660377358490565,0.23809523809523808,9826,0.211581518420517,357,268,158,110,0.5895522388059702,0.6302521008403361,158.0,0.6071629353233832,3,default,rf
3,0.75,least_risky,0.809795918367347,0.5952380952380952,0.33524904214559387,0.19047619047619047,12248,0.21374918354016983,314,236,148,88,0.6271186440677966,0.6337579617834395,148.0,0.6183898305084747,3,default,rf
4,0.75,least_risky,0.8084526244035446,0.6452599388379205,0.3211567732115677,0.290519877675841,14666,0.21130505932087823,329,247,139,108,0.562753036437247,0.6048632218844985,139.0,0.6361393547972497,3,default,rf
5,0.75,least_risky,0.8141644717588528,0.6213333333333333,0.3209366391184573,0.24266666666666667,17084,0.21183563568250996,329,247,161,86,0.6518218623481782,0.6930091185410334,161.0,0.6152483130904183,3,default,rf
6,0.75,least_risky,0.8220968982312228,0.5951327433628318,0.34487179487179487,0.1902654867256637,19505,0.21020251217636504,319,240,142,98,0.5916666666666667,0.6426332288401254,142.0,0.631938888888889,3,default,rf
7,0.75,least_risky,0.8182440136830103,0.6268343815513627,0.32570806100217864,0.25366876310272535,21923,0.20923231309583543,329,247,158,89,0.6396761133603239,0.6656534954407295,158.0,0.6347638326585696,3,default,rf
8,0.75,least_risky,0.8127310061601642,0.640926640926641,0.31379962192816635,0.28185328185328185,24347,0.20832135376021688,306,230,138,92,0.6,0.6405228758169934,138.0,0.6246702898550726,3,default,rf
9,0.75,least_risky,0.8180799402316026,0.6494252873563219,0.3,0.2988505747126437,26769,0.2074414434607195,315,237,141,96,0.5949367088607594,0.6285714285714286,141.0,0.6303340365682139,3,default,rf
10,0.75,least_risky,0.8205479452054795,0.6272577996715928,0.3175394846217789,0.2545155993431856,29197,0.20639106757543582,290,218,126,92,0.5779816513761468,0.6379310344827587,126.0,0.632217889908257,3,default,rf
0,0.75,least_risky,0.807,0.6076923076923076,0.3574660633484163,0.2153846153846154,5000,0.2196,0,0,0,0,0.0,0.0,0.0,0.0,4,default,rf
1,0.75,least_risky,0.8012129380053908,0.5854922279792746,0.3445121951219512,0.17098445595854922,7418,0.2169048260986789,329,247,161,86,0.6518218623481782,0.6930091185410334,161.0,0.6077381916329286,4,default,rf
2,0.75,least_risky,0.8099593495934959,0.6061946902654868,0.3246445497630332,0.21238938053097345,9837,0.21266646335264816,327,246,144,102,0.5853658536585366,0.617737003058104,144.0,0.6240650406504065,4,default,rf
3,0.75,least_risky,0.812958435207824,0.643598615916955,0.34317343173431736,0.28719723183391005,12269,0.21248675523677563,273,205,142,63,0.6926829268292682,0.6959706959706959,142.0,0.6231219512195123,4,default,rf
4,0.75,least_risky,0.8147769833163092,0.611764705882353,0.33548387096774196,0.2235294117647059,14683,0.20976639651297418,346,260,144,116,0.5538461538461539,0.5895953757225434,144.0,0.6287307692307691,4,default,rf
5,0.75,least_risky,0.8172514619883041,0.6691542288557214,0.35348226018396844,0.3383084577114428,17100,0.2092982456140351,334,251,158,93,0.6294820717131474,0.6497005988023952,158.0,0.6226693227091634,4,default,rf
6,0.75,least_risky,0.8176696542893725,0.6121495327102804,0.32425742574257427,0.22429906542056074,19524,0.20707846752714607,305,229,136,93,0.5938864628820961,0.6491803278688525,136.0,0.6241484716157205,4,default,rf
7,0.75,least_risky,0.8220551378446115,0.6356107660455487,0.3366228070175439,0.2712215320910973,21942,0.20627107829732932,328,246,141,105,0.573170731707317,0.6067073170731707,141.0,0.6167682926829269,4,default,rf
8,0.75,least_risky,0.8192078801559615,0.621832358674464,0.31709741550695825,0.24366471734892786,24361,0.20762694470670334,325,244,161,83,0.6598360655737705,0.6861538461538461,161.0,0.6323326502732242,4,default,rf
9,0.75,least_risky,0.8200485346275901,0.6358595194085028,0.3096309630963096,0.27171903881700554,26785,0.2071308568228486,307,231,126,105,0.5454545454545454,0.5895765472312704,126.0,0.6195093795093797,4,default,rf
10,0.75,least_risky,0.8207498715973293,0.6169491525423729,0.3071729957805907,0.23389830508474577,29205,0.20701934600239685,323,243,155,88,0.6378600823045267,0.6687306501547987,155.0,0.6257647462277092,4,default,rf
0,1.0,least_risky,0.822,0.6747967479674797,0.3755656108597285,0.34959349593495936,5000,0.2226,0,0,0,0,0.0,0.0,0.0,0.0,0,default,rf
1,1.0,least_risky,0.8233333333333334,0.6182795698924731,0.37216828478964403,0.23655913978494625,7500,0.2192,317,317,189,128,0.5962145110410094,0.5962145110410094,189.0,0.6681703470031546,0,default,rf
2,1.0,least_risky,0.8285,0.6124031007751938,0.3940149625935162,0.2248062015503876,10000,0.2219,292,292,187,105,0.6404109589041096,0.6404109589041096,187.0,0.6613356164383563,0,default,rf
3,1.0,least_risky,0.8236,0.6622516556291391,0.37105751391465674,0.32450331125827814,12500,0.22056,344,344,208,136,0.6046511627906976,0.6046511627906976,208.0,0.6665116279069767,0,default,rf
4,1.0,least_risky,0.81,0.661498708010336,0.3683453237410072,0.32299741602067183,15000,0.22273333333333334,311,311,209,102,0.6720257234726688,0.6720257234726688,209.0,0.6675171489817792,0,default,rf
5,1.0,least_risky,0.8217142857142857,0.6410891089108911,0.3509485094850949,0.28217821782178215,17500,0.22154285714285715,280,280,176,104,0.6285714285714286,0.6285714285714286,176.0,0.6720476190476191,0,default,rf
6,1.0,least_risky,0.814,0.6493506493506493,0.3401360544217687,0.2987012987012987,20000,0.2205,304,304,189,115,0.6217105263157895,0.6217105263157895,189.0,0.6748930921052633,0,default,rf
7,1.0,least_risky,0.8126666666666666,0.6224299065420561,0.34188911704312114,0.24485981308411214,22500,0.22022222222222224,316,316,201,115,0.6360759493670886,0.6360759493670886,201.0,0.6752440099457504,0,default,rf
8,1.0,least_risky,0.8168,0.6476043276661515,0.3785004516711834,0.29520865533230295,25000,0.22048,292,292,198,94,0.678082191780822,0.678082191780822,198.0,0.6793002283105023,0,default,rf
9,1.0,least_risky,0.8189090909090909,0.6608946608946609,0.3757178014766202,0.3217893217893218,27500,0.2208,335,335,210,125,0.6268656716417911,0.6268656716417911,210.0,0.6846069651741294,0,default,rf
10,1.0,least_risky,0.8095,0.6346666666666667,0.35390334572490706,0.2693333333333333,30000,0.2212,334,334,219,115,0.655688622754491,0.655688622754491,219.0,0.6772694610778444,0,default,rf
0,1.0,least_risky,0.795,0.5673758865248227,0.35714285714285715,0.1347517730496454,5000,0.2286,0,0,0,0,0.0,0.0,0.0,0.0,1,default,rf
1,1.0,least_risky,0.7913333333333333,0.6145833333333334,0.33053221288515405,0.22916666666666666,7500,0.22866666666666666,323,323,194,129,0.6006191950464397,0.6006191950464397,194.0,0.6639938080495356,1,default,rf
2,1.0,least_risky,0.817,0.67578125,0.3793859649122807,0.3515625,10000,0.2248,352,352,211,141,0.5994318181818182,0.5994318181818182,211.0,0.6595288825757575,1,default,rf
3,1.0,least_risky,0.8112,0.6121212121212121,0.36996336996337,0.22424242424242424,12500,0.22248,300,300,194,106,0.6466666666666666,0.6466666666666666,194.0,0.6508838888888888,1,default,rf
4,1.0,least_risky,0.8103333333333333,0.6580976863753213,0.3699421965317919,0.3161953727506427,15000,0.22,321,321,199,122,0.6199376947040498,0.6199376947040498,199.0,0.6638747960243286,1,default,rf
5,1.0,least_risky,0.8197142857142857,0.6179337231968811,0.42154255319148937,0.23586744639376217,17500,0.22022857142857144,310,310,202,108,0.6516129032258065,0.6516129032258065,202.0,0.6607411674347158,1,default,rf
6,1.0,least_risky,0.81675,0.6375711574952562,0.3826879271070615,0.27514231499051234,20000,0.21995,319,319,196,123,0.6144200626959248,0.6144200626959248,196.0,0.6650417226451709,1,default,rf
7,1.0,least_risky,0.8122222222222222,0.6537102473498233,0.3631010794896958,0.30742049469964666,22500,0.22115555555555555,357,357,225,132,0.6302521008403361,0.6302521008403361,225.0,0.6815887021475258,1,default,rf
8,1.0,least_risky,0.8138,0.6523031203566122,0.386443661971831,0.30460624071322434,25000,0.22136,347,347,218,129,0.6282420749279539,0.6282420749279539,218.0,0.6718436599423632,1,default,rf
9,1.0,least_risky,0.812,0.6537396121883656,0.37579617834394907,0.3074792243767313,27500,0.222,316,316,217,99,0.6867088607594937,0.6867088607594937,217.0,0.667633363471971,1,default,rf
10,1.0,least_risky,0.8176666666666667,0.6634078212290503,0.35768072289156627,0.3268156424581006,30000,0.2212,321,321,193,128,0.6012461059190031,0.6012461059190031,193.0,0.667266355140187,1,default,rf
0,1.0,least_risky,0.825,0.65625,0.39069767441860465,0.3125,5000,0.2188,0,0,0,0,0.0,0.0,0.0,0.0,2,default,rf
1,1.0,least_risky,0.8093333333333333,0.56,0.36129032258064514,0.12,7500,0.22266666666666668,331,331,217,114,0.6555891238670695,0.6555891238670695,217.0,0.6703625377643504,2,default,rf
2,1.0,least_risky,0.815,0.6563706563706564,0.376940133037694,0.3127413127413127,10000,0.2181,301,301,183,118,0.6079734219269103,0.6079734219269103,183.0,0.6766777408637874,2,default,rf
3,1.0,least_risky,0.8156,0.6655948553054662,0.3670212765957447,0.3311897106109325,12500,0.22136,339,339,231,108,0.6814159292035398,0.6814159292035398,231.0,0.675929203539823,2,default,rf
4,1.0,least_risky,0.822,0.6692506459948321,0.3894736842105263,0.3385012919896641,15000,0.2224,324,324,208,116,0.6419753086419753,0.6419753086419753,208.0,0.6720900205761317,2,default,rf
5,1.0,least_risky,0.818,0.6471816283924844,0.39845758354755784,0.29436325678496866,17500,0.22017142857142857,320,320,191,129,0.596875,0.596875,191.0,0.6589776041666667,2,default,rf
6,1.0,least_risky,0.813,0.6334586466165414,0.37865168539325844,0.2669172932330827,20000,0.2206,307,307,194,113,0.6319218241042345,0.6319218241042345,194.0,0.6709539320614241,2,default,rf
7,1.0,least_risky,0.8162222222222222,0.6539855072463768,0.362086258776329,0.3079710144927536,22500,0.22035555555555555,338,338,217,121,0.6420118343195266,0.6420118343195266,217.0,0.67396449704142,2,default,rf
8,1.0,least_risky,0.8088,0.6507666098807495,0.33715798764342453,0.30153321976149916,25000,0.22108,310,310,198,112,0.6387096774193548,0.6387096774193548,198.0,0.6717204301075269,2,default,rf
9,1.0,least_risky,0.8081818181818182,0.6418128654970761,0.3514811849479584,0.28362573099415206,27500,0.22189090909090908,308,308,205,103,0.6655844155844156,0.6655844155844156,205.0,0.6598269944341373,2,default,rf
10,1.0,least_risky,0.8048333333333333,0.5981794538361509,0.34795763993948564,0.19635890767230169,30000,0.2212,284,284,171,113,0.602112676056338,0.602112676056338,171.0,0.6694072769953052,2,default,rf
0,1.0,least_risky,0.808,0.5245901639344263,0.32323232323232326,0.04918032786885246,5000,0.211,0,0,0,0,0.0,0.0,0.0,0.0,3,default,rf
1,1.0,least_risky,0.8206666666666667,0.6761904761904762,0.4139941690962099,0.3523809523809524,7500,0.21893333333333334,341,341,224,117,0.656891495601173,0.656891495601173,224.0,0.6558944281524928,3,default,rf
2,1.0,least_risky,0.815,0.6210526315789474,0.4031890660592255,0.24210526315789474,10000,0.2213,357,357,221,136,0.6190476190476191,0.6190476190476191,221.0,0.6602861811391223,3,default,rf
3,1.0,least_risky,0.8084,0.6616766467065869,0.37649063032367974,0.32335329341317365,12500,0.22424,318,318,196,122,0.6163522012578616,0.6163522012578616,196.0,0.6676471248876908,3,default,rf
4,1.0,least_risky,0.807,0.6237373737373737,0.36484490398818314,0.2474747474747475,15000,0.22293333333333334,325,325,201,124,0.6184615384615385,0.6184615384615385,201.0,0.678125811965812,3,default,rf
5,1.0,least_risky,0.812,0.6438923395445134,0.39021329987452946,0.28778467908902694,17500,0.22462857142857143,327,327,225,102,0.6880733944954128,0.6880733944954128,225.0,0.6720447793796419,3,default,rf
6,1.0,least_risky,0.81675,0.6607495069033531,0.37388392857142855,0.3214990138067061,20000,0.22375,326,326,209,117,0.6411042944785276,0.6411042944785276,209.0,0.6790158486707566,3,default,rf
7,1.0,least_risky,0.8191111111111111,0.6324503311258278,0.3921971252566735,0.26490066225165565,22500,0.22324444444444444,323,323,214,109,0.6625386996904025,0.6625386996904025,214.0,0.6742295444493588,3,default,rf
8,1.0,least_risky,0.815,0.6484375,0.3721973094170404,0.296875,25000,0.22264,298,298,189,109,0.6342281879194631,0.6342281879194631,189.0,0.6770833333333333,3,default,rf
9,1.0,least_risky,0.8201818181818182,0.6647482014388489,0.3793103448275862,0.3294964028776978,27500,0.22196363636363636,307,307,202,105,0.6579804560260586,0.6579804560260586,202.0,0.6818147200248177,3,default,rf
10,1.0,least_risky,0.8071666666666667,0.6188579017264276,0.34880239520958084,0.23771580345285526,30000,0.2212,299,299,185,114,0.6187290969899666,0.6187290969899666,185.0,0.6697521898391463,3,default,rf
0,1.0,least_risky,0.807,0.6076923076923076,0.3574660633484163,0.2153846153846154,5000,0.2196,0,0,0,0,0.0,0.0,0.0,0.0,4,default,rf
1,1.0,least_risky,0.82,0.6517412935323383,0.3957703927492447,0.3034825870646766,7500,0.22346666666666667,329,329,228,101,0.6930091185410334,0.6930091185410334,228.0,0.6573596757852077,4,default,rf
2,1.0,least_risky,0.817,0.6872586872586872,0.38444924406047515,0.3745173745173745,10000,0.2217,325,325,198,127,0.6092307692307692,0.6092307692307692,198.0,0.6768328205128205,4,default,rf
3,1.0,least_risky,0.8232,0.6468842729970327,0.4029574861367837,0.29376854599406527,12500,0.2224,287,287,201,86,0.7003484320557491,0.7003484320557491,201.0,0.662418118466899,4,default,rf
4,1.0,least_risky,0.811,0.6177215189873417,0.3696969696969697,0.23544303797468355,15000,0.22086666666666666,344,344,206,138,0.5988372093023255,0.5988372093023255,206.0,0.677000968992248,4,default,rf
5,1.0,least_risky,0.8165714285714286,0.6145374449339207,0.3739946380697051,0.2290748898678414,17500,0.2212,343,343,220,123,0.641399416909621,0.641399416909621,220.0,0.6718532555879495,4,default,rf
6,1.0,least_risky,0.80975,0.6146435452793835,0.3625,0.22928709055876687,20000,0.21985,303,303,190,113,0.6270627062706271,0.6270627062706271,190.0,0.6720913091309131,4,default,rf
7,1.0,least_risky,0.8206666666666667,0.6433823529411765,0.363447559709242,0.2867647058823529,22500,0.21946666666666667,325,325,196,129,0.6030769230769231,0.6030769230769231,196.0,0.675028205128205,4,default,rf
8,1.0,least_risky,0.8266,0.6517571884984026,0.3859981078524125,0.3035143769968051,25000,0.22128,321,321,216,105,0.6728971962616822,0.6728971962616822,216.0,0.6736733793205756,4,default,rf
9,1.0,least_risky,0.816,0.666156202143951,0.35394629780309195,0.332312404287902,27500,0.22098181818181817,315,315,181,134,0.5746031746031746,0.5746031746031746,181.0,0.6756560846560846,4,default,rf
10,1.0,least_risky,0.8161666666666667,0.6759259259259259,0.3732651570489408,0.35185185185185186,30000,0.2212,301,301,209,92,0.6943521594684385,0.6943521594684385,209.0,0.6833681379528554,4,default,rf
0,0.0,random,0.822,0.6747967479674797,0.3755656108597285,0.34959349593495936,5000,0.2226,0,0,0,0,0.0,0.0,0.0,0.0,0,default,rf
1,0.0,random,0.825330549756437,0.6857142857142857,0.31683168316831684,0.37142857142857144,7183,0.20256160378671864,317,0,0,0,0.0,0.0,0.0,0.0,0,default,rf
2,0.0,random,0.824,0.6012658227848101,0.26243093922651933,0.20253164556962025,9375,0.19509333333333334,308,0,0,0,0.0,0.0,0.0,0.0,0,default,rf
3,0.0,random,0.8337673611111112,0.6728395061728395,0.24829157175398633,0.345679012345679,11519,0.18656133344908413,356,0,0,0,0.0,0.0,0.0,0.0,0,default,rf
4,0.0,random,0.8308366824990866,0.6629213483146067,0.22648752399232247,0.3258426966292135,13685,0.18385093167701863,334,0,0,0,0.0,0.0,0.0,0.0,0,default,rf
5,0.0,random,0.8315491183879093,0.6457142857142857,0.19283276450511946,0.2914285714285714,15880,0.18016372795969773,305,0,0,0,0.0,0.0,0.0,0.0,0,default,rf
6,0.0,random,0.8382719468291332,0.655367231638418,0.18153364632237873,0.3107344632768362,18051,0.17688770705224088,329,0,0,0,0.0,0.0,0.0,0.0,0,default,rf
7,0.0,random,0.8310660400692556,0.6193181818181818,0.1503448275862069,0.23863636363636365,20215,0.1742765273311897,336,0,0,0,0.0,0.0,0.0,0.0,0,default,rf
8,0.0,random,0.8302097278000893,0.5352112676056338,0.14690721649484537,0.07042253521126761,22408,0.17306319171724385,307,0,0,0,0.0,0.0,0.0,0.0,0,default,rf
9,0.0,random,0.8377773254630572,0.5595238095238095,0.17049576783555018,0.11904761904761904,24561,0.17177639346932128,347,0,0,0,0.0,0.0,0.0,0.0,0,default,rf
10,0.0,random,0.832646948708349,0.5483870967741935,0.14814814814814814,0.0967741935483871,26707,0.17089152656606882,354,0,0,0,0.0,0.0,0.0,0.0,0,default,rf
0,0.0,random,0.795,0.5673758865248227,0.35714285714285715,0.1347517730496454,5000,0.2286,0,0,0,0,0.0,0.0,0.0,0.0,1,default,rf
1,0.0,random,0.807799442896936,0.620253164556962,0.31210191082802546,0.24050632911392406,7177,0.2119269889926153,323,0,0,0,0.0,0.0,0.0,0.0,1,default,rf
2,0.0,random,0.8237506716818914,0.6710526315789473,0.26842105263157895,0.34210526315789475,9301,0.197505644554349,376,0,0,0,0.0,0.0,0.0,0.0,1,default,rf
3,0.0,random,0.8268812527185733,0.5947368421052631,0.26036866359447003,0.18947368421052632,11491,0.18936559046210077,310,0,0,0,0.0,0.0,0.0,0.0,1,default,rf
4,0.0,random,0.8214024835646457,0.5520833333333334,0.2082514734774067,0.10416666666666667,13686,0.1826684202835014,305,0,0,0,0.0,0.0,0.0,0.0,1,default,rf
5,0.0,random,0.8244010088272383,0.5504587155963303,0.20725388601036268,0.10091743119266056,15860,0.17994955863808323,326,0,0,0,0.0,0.0,0.0,0.0,1,default,rf
6,0.0,random,0.8273660838190396,0.5390946502057613,0.20436817472698907,0.07818930041152264,18011,0.17683637776914107,349,0,0,0,0.0,0.0,0.0,0.0,1,default,rf
7,0.0,random,0.8353643372295448,0.5578512396694215,0.1956521739130435,0.11570247933884298,20102,0.17446025271117302,409,0,0,0,0.0,0.0,0.0,0.0,1,default,rf
8,0.0,random,0.829619626378573,0.5868725868725869,0.18952618453865336,0.17374517374517376,22214,0.1724137931034483,388,0,0,0,0.0,0.0,0.0,0.0,1,default,rf
9,0.0,random,0.8367556468172485,0.5860655737704918,0.17084826762246116,0.1721311475409836,24347,0.17110937692528855,367,0,0,0,0.0,0.0,0.0,0.0,1,default,rf
10,0.0,random,0.8399395998489996,0.5658362989323843,0.17966101694915254,0.13167259786476868,26486,0.1691837197009741,361,0,0,0,0.0,0.0,0.0,0.0,1,default,rf
0,0.0,random,0.825,0.65625,0.39069767441860465,0.3125,5000,0.2188,0,0,0,0,0.0,0.0,0.0,0.0,2,default,rf
1,0.0,random,0.8193863319386332,0.5255474452554745,0.2706766917293233,0.051094890510948905,7169,0.20267819779606638,331,0,0,0,0.0,0.0,0.0,0.0,2,default,rf
2,0.0,random,0.8133333333333334,0.6265822784810127,0.25384615384615383,0.25316455696202533,9372,0.19131455399061034,297,0,0,0,0.0,0.0,0.0,0.0,2,default,rf
3,0.0,random,0.8400520156046815,0.6,0.2733990147783251,0.2,11534,0.1859719091382001,338,0,0,0,0.0,0.0,0.0,0.0,2,default,rf
4,0.0,random,0.829072315558802,0.6045197740112994,0.21188118811881188,0.20903954802259886,13688,0.18271478667445937,346,0,0,0,0.0,0.0,0.0,0.0,2,default,rf
5,0.0,random,0.8249921309411394,0.5931372549019608,0.2037037037037037,0.18627450980392157,15882,0.17844100239264576,306,0,0,0,0.0,0.0,0.0,0.0,2,default,rf
6,0.0,random,0.8337022689540675,0.6108374384236454,0.19195046439628483,0.22167487684729065,18066,0.1767408391453559,316,0,0,0,0.0,0.0,0.0,0.0,2,default,rf
7,0.0,random,0.8388133498145859,0.5958333333333333,0.20487106017191978,0.19166666666666668,20221,0.17471935116957618,345,0,0,0,0.0,0.0,0.0,0.0,2,default,rf
8,0.0,random,0.8445387536296627,0.6044444444444445,0.18304172274562583,0.2088888888888889,22384,0.1740975696926376,337,0,0,0,0.0,0.0,0.0,0.0,2,default,rf
9,0.0,random,0.8296703296703297,0.5906735751295337,0.13073394495412843,0.18134715025906736,24567,0.17364757601660766,317,0,0,0,0.0,0.0,0.0,0.0,2,default,rf
10,0.0,random,0.8356087525715354,0.5648535564853556,0.14835164835164835,0.1297071129707113,26734,0.17210294007630733,333,0,0,0,0.0,0.0,0.0,0.0,2,default,rf
0,0.0,random,0.808,0.5245901639344263,0.32323232323232326,0.04918032786885246,5000,0.211,0,0,0,0,0.0,0.0,0.0,0.0,3,default,rf
1,0.0,random,0.827513966480447,0.5909090909090909,0.2878228782287823,0.18181818181818182,7159,0.19807235647436794,341,0,0,0,0.0,0.0,0.0,0.0,3,default,rf
2,0.0,random,0.8281417830290011,0.6226415094339622,0.2757660167130919,0.24528301886792453,9308,0.19015900300816502,351,0,0,0,0.0,0.0,0.0,0.0,3,default,rf
3,0.0,random,0.824118415324336,0.5649717514124294,0.234192037470726,0.12994350282485875,11481,0.187962721017333,327,0,0,0,0.0,0.0,0.0,0.0,3,default,rf
4,0.0,random,0.8328445747800587,0.6341463414634146,0.208,0.2682926829268293,13636,0.18333822235259606,345,0,0,0,0.0,0.0,0.0,0.0,3,default,rf
5,0.0,random,0.8261144483085678,0.5751295336787565,0.19170984455958548,0.15025906735751296,15811,0.18107646575169187,325,0,0,0,0.0,0.0,0.0,0.0,3,default,rf
6,0.0,random,0.823643949930459,0.5352112676056338,0.17565485362095531,0.07042253521126761,17972,0.17749833073670154,339,0,0,0,0.0,0.0,0.0,0.0,3,default,rf
7,0.0,random,0.8319661943823018,0.5466666666666666,0.17647058823529413,0.09333333333333334,20113,0.17461343409734997,359,0,0,0,0.0,0.0,0.0,0.0,3,default,rf
8,0.0,random,0.8358778625954199,0.5969387755102041,0.15214564369310793,0.19387755102040816,22269,0.17234720912479232,344,0,0,0,0.0,0.0,0.0,0.0,3,default,rf
9,0.0,random,0.8264073694984647,0.5062761506276151,0.14218566392479437,0.012552301255230125,24421,0.1704680398018099,348,0,0,0,0.0,0.0,0.0,0.0,3,default,rf
10,0.0,random,0.8261523988711195,0.5020080321285141,0.13513513513513514,0.004016064257028112,26573,0.16847928348323488,348,0,0,0,0.0,0.0,0.0,0.0,3,default,rf
0,0.0,random,0.807,0.6076923076923076,0.3574660633484163,0.2153846153846154,5000,0.2196,0,0,0,0,0.0,0.0,0.0,0.0,4,default,rf
1,0.0,random,0.8069686411149826,0.5298013245033113,0.27972027972027974,0.059602649006622516,7171,0.20192441779389206,329,0,0,0,0.0,0.0,0.0,0.0,4,default,rf
2,0.0,random,0.8245050829320493,0.6129032258064516,0.26170798898071623,0.22580645161290322,9341,0.19184241515897654,330,0,0,0,0.0,0.0,0.0,0.0,4,default,rf
3,0.0,random,0.830155979202773,0.5977653631284916,0.2505854800936768,0.19553072625698323,11539,0.1867579512956062,302,0,0,0,0.0,0.0,0.0,0.0,4,default,rf
4,0.0,random,0.8243243243243243,0.5706806282722513,0.21456692913385828,0.14136125654450263,13688,0.18118059614260668,351,0,0,0,0.0,0.0,0.0,0.0,4,default,rf
5,0.0,random,0.8345959595959596,0.6052631578947368,0.20390070921985815,0.21052631578947367,15839,0.17778900183092367,349,0,0,0,0.0,0.0,0.0,0.0,4,default,rf
6,0.0,random,0.8353692393114936,0.6369047619047619,0.1674491392801252,0.27380952380952384,18007,0.17404342755595045,332,0,0,0,0.0,0.0,0.0,0.0,4,default,rf
7,0.0,random,0.8353552859618717,0.5311004784688995,0.16371681415929204,0.06220095693779904,20191,0.1727502352533307,316,0,0,0,0.0,0.0,0.0,0.0,4,default,rf
8,0.0,random,0.8385509838998211,0.6100917431192661,0.17272727272727273,0.22018348623853212,22359,0.17286104029697213,332,0,0,0,0.0,0.0,0.0,0.0,4,default,rf
9,0.0,random,0.8380195599022005,0.6008583690987125,0.166270783847981,0.2017167381974249,24540,0.17229013854930725,319,0,0,0,0.0,0.0,0.0,0.0,4,default,rf
10,0.0,random,0.8331148155085222,0.5338983050847458,0.13891951488423374,0.06779661016949153,26693,0.17090623009777844,347,0,0,0,0.0,0.0,0.0,0.0,4,default,rf
0,0.01,random,0.822,0.6747967479674797,0.3755656108597285,0.34959349593495936,5000,0.2226,0,0,0,0,0.0,0.0,0.0,0.0,0,default,rf
1,0.01,random,0.8344923504867872,0.6929133858267716,0.30662020905923343,0.3858267716535433,7187,0.2030054264644497,317,4,4,0,1.0,0.5962145110410094,4.0,0.6575,0,default,rf
2,0.01,random,0.8323576370409792,0.6339869281045751,0.27247191011235955,0.2679738562091503,9393,0.1954647077610987,297,3,2,1,0.6666666666666666,0.6734006734006734,2.0,0.6133333333333333,0,default,rf
3,0.01,random,0.8305892547660312,0.6708860759493671,0.23820224719101124,0.34177215189873417,11539,0.18649796342837335,358,4,2,2,0.5,0.6256983240223464,2.0,0.72,0,default,rf
4,0.01,random,0.8222869628550619,0.6101694915254238,0.2049335863377609,0.22033898305084745,13726,0.18468599737724029,317,4,3,1,0.75,0.6435331230283912,3.0,0.695,0,default,rf
5,0.01,random,0.8324443049890179,0.6402116402116402,0.2061328790459966,0.2804232804232804,15934,0.18105936990084096,295,3,1,2,0.3333333333333333,0.6338983050847458,1.0,0.59,0,default,rf
6,0.01,random,0.8379795749378968,0.6451612903225806,0.187207488299532,0.2903225806451613,18114,0.17798387987192227,324,4,3,1,0.75,0.6080246913580247,3.0,0.7424999999999999,0,default,rf
7,0.01,random,0.8346068523539562,0.5571428571428572,0.1683453237410072,0.11428571428571428,20284,0.17531058962729246,334,4,3,1,0.75,0.6467065868263473,3.0,0.685,0,default,rf
8,0.01,random,0.8341116299755392,0.5565610859728507,0.15953307392996108,0.11312217194570136,22482,0.17365003113601993,306,4,1,3,0.25,0.6862745098039216,1.0,0.7475,0,default,rf
9,0.01,random,0.8337393422655298,0.5753424657534246,0.14788732394366197,0.1506849315068493,24627,0.172452998741219,359,4,2,2,0.5,0.6100278551532033,2.0,0.6875,0,default,rf
10,0.01,random,0.8360074626865671,0.5317460317460317,0.14972067039106146,0.06349206349206349,26797,0.1715117363884017,334,4,2,2,0.5,0.6497005988023952,2.0,0.6125,0,default,rf
0,0.01,random,0.795,0.5673758865248227,0.35714285714285715,0.1347517730496454,5000,0.2286,0,0,0,0,0.0,0.0,0.0,0.0,1,default,rf
1,0.01,random,0.8176757132915797,0.6482758620689655,0.3081967213114754,0.296551724137931,7181,0.21180894025901684,323,4,0,4,0.0,0.6006191950464397,0.0,0.5925,1,default,rf
2,0.01,random,0.8234978540772532,0.6352941176470588,0.288,0.27058823529411763,9318,0.19843314015883237,367,4,3,1,0.75,0.5667574931880109,3.0,0.605,1,default,rf
3,0.01,random,0.8260869565217391,0.6404494382022472,0.25333333333333335,0.2808988764044944,11497,0.19039749499869532,325,4,3,1,0.75,0.6030769230769231,3.0,0.6475,1,default,rf
4,0.01,random,0.8323593864134404,0.5647668393782384,0.22520661157024793,0.12953367875647667,13688,0.18293395675043833,313,4,3,1,0.75,0.6613418530351438,3.0,0.58,1,default,rf
5,0.01,random,0.8342279760025261,0.5866666666666667,0.23404255319148937,0.17333333333333334,15831,0.17926852378245214,361,4,2,2,0.5,0.6149584487534626,2.0,0.645,1,default,rf
6,0.01,random,0.8327777777777777,0.5611814345991561,0.21077654516640254,0.12236286919831224,17997,0.17669611601933655,338,4,4,0,1.0,0.6124260355029586,4.0,0.6849999999999999,1,default,rf
7,0.01,random,0.8326286993285252,0.5836734693877551,0.20028011204481794,0.1673469387755102,20104,0.17459212097095106,397,4,2,2,0.5,0.6272040302267002,2.0,0.725,1,default,rf
8,0.01,random,0.8402247191011236,0.6324110671936759,0.20565552699228792,0.2648221343873518,22246,0.17292996493751686,362,4,2,2,0.5,0.6160220994475138,2.0,0.6925,1,default,rf
9,0.01,random,0.8327183271832719,0.5714285714285714,0.1645123384253819,0.14285714285714285,24390,0.17158671586715868,360,4,1,3,0.25,0.65,1.0,0.6125,1,default,rf
10,0.01,random,0.8360007531538317,0.5638297872340425,0.175303197353914,0.1276595744680851,26553,0.16984898128271758,341,4,1,3,0.25,0.6070381231671554,1.0,0.66,1,default,rf
0,0.01,random,0.825,0.65625,0.39069767441860465,0.3125,5000,0.2188,0,0,0,0,0.0,0.0,0.0,0.0,2,default,rf
1,0.01,random,0.8139372822299652,0.5555555555555556,0.2826855123674912,0.1111111111111111,7173,0.2029834100097588,331,4,3,1,0.75,0.6555891238670695,3.0,0.665,2,default,rf
2,0.01,random,0.8227442605445809,0.6549295774647887,0.2473404255319149,0.30985915492957744,9364,0.1910508329773601,313,4,2,2,0.5,0.5750798722044729,2.0,0.615,2,default,rf
3,0.01,random,0.8237847222222222,0.6277777777777778,0.25,0.25555555555555554,11518,0.18570932453550965,350,4,4,0,1.0,0.6857142857142857,4.0,0.6475000000000001,2,default,rf
4,0.01,random,0.8337595907928389,0.6380368098159509,0.208,0.27607361963190186,13682,0.18235638064610438,340,4,3,1,0.75,0.6352941176470588,3.0,0.78,2,default,rf
5,0.01,random,0.8400503778337531,0.6231155778894473,0.22262118491921004,0.24623115577889448,15877,0.1779303394847893,309,4,2,2,0.5,0.6116504854368932,2.0,0.6475000000000001,2,default,rf
6,0.01,random,0.8346238938053098,0.6376146788990825,0.21124620060790272,0.27522935779816515,18079,0.1765584379667017,302,4,2,2,0.5,0.6423841059602649,2.0,0.6525000000000001,2,default,rf
7,0.01,random,0.8373642645607108,0.5829596412556054,0.1867816091954023,0.16591928251121077,20258,0.17435087372889724,325,4,3,1,0.75,0.6430769230769231,3.0,0.6625,2,default,rf
8,0.01,random,0.8397593046579006,0.5641025641025641,0.17623497997329773,0.1282051282051282,22432,0.17394793152639088,330,4,4,0,1.0,0.6151515151515151,4.0,0.6799999999999999,2,default,rf
9,0.01,random,0.8344505382896608,0.5666666666666667,0.14116251482799524,0.13333333333333333,24612,0.17353323581992525,324,4,0,4,0.0,0.6358024691358025,0.0,0.5925,2,default,rf
10,0.01,random,0.8380597014925373,0.5573122529644269,0.15719063545150502,0.11462450592885376,26796,0.17237647410061202,320,4,2,2,0.5,0.5875,2.0,0.735,2,default,rf
0,0.01,random,0.808,0.5245901639344263,0.32323232323232326,0.04918032786885246,5000,0.211,0,0,0,0,0.0,0.0,0.0,0.0,3,default,rf
1,0.01,random,0.8297278436845779,0.6496350364963503,0.312280701754386,0.29927007299270075,7163,0.1982409604914142,341,4,2,2,0.5,0.656891495601173,2.0,0.63,3,default,rf
2,0.01,random,0.817937701396348,0.6041666666666666,0.23577235772357724,0.20833333333333334,9308,0.18994413407821228,359,4,3,1,0.75,0.6295264623955432,3.0,0.64,3,default,rf
3,0.01,random,0.8249891162385721,0.5485714285714286,0.22911694510739858,0.09714285714285714,11485,0.18754897692642578,327,4,1,3,0.25,0.6269113149847095,1.0,0.6599999999999999,3,default,rf
4,0.01,random,0.8213108751373124,0.5580110497237569,0.19842829076620824,0.11602209944751381,13651,0.18306351183063513,338,4,3,1,0.75,0.5887573964497042,3.0,0.6775000000000001,3,default,rf
5,0.01,random,0.8264854614412137,0.6052631578947368,0.19524617996604415,0.21052631578947367,15818,0.1808066759388039,337,4,3,1,0.75,0.6795252225519288,3.0,0.6174999999999999,3,default,rf
6,0.01,random,0.8318977493748263,0.5446009389671361,0.1858974358974359,0.0892018779342723,17992,0.17791240551356158,330,4,2,2,0.5,0.6212121212121212,2.0,0.635,3,default,rf
7,0.01,random,0.8364764267990075,0.6019417475728155,0.1768901569186876,0.20388349514563106,20147,0.17471583858639003,349,4,2,2,0.5,0.66189111747851,2.0,0.66,3,default,rf
8,0.01,random,0.8321396598030438,0.5583756345177665,0.1423027166882277,0.116751269035533,22340,0.17350044762757386,311,4,1,3,0.25,0.6045016077170418,1.0,0.5766666666666667,3,default,rf
9,0.01,random,0.833843641559502,0.5807860262008734,0.1562867215041128,0.1615720524017467,24494,0.17147056421980894,350,4,1,3,0.25,0.6142857142857143,1.0,0.585,3,default,rf
10,0.01,random,0.8322399250234301,0.525691699604743,0.14647577092511013,0.05138339920948617,26674,0.17012821474094625,324,4,3,1,0.75,0.6080246913580247,3.0,0.6950000000000001,3,default,rf
0,0.01,random,0.807,0.6076923076923076,0.3574660633484163,0.2153846153846154,5000,0.2196,0,0,0,0,0.0,0.0,0.0,0.0,4,default,rf
1,0.01,random,0.8167247386759582,0.6115702479338843,0.25517241379310346,0.2231404958677686,7175,0.20236933797909407,329,4,4,0,1.0,0.6930091185410334,4.0,0.625,4,default,rf
2,0.01,random,0.8148345784418356,0.5568862275449101,0.2540983606557377,0.11377245508982035,9369,0.19276336855587575,310,4,2,2,0.5,0.6096774193548387,2.0,0.66,4,default,rf
3,0.01,random,0.8120138288677614,0.550561797752809,0.2163355408388521,0.10112359550561797,11570,0.1870354364736387,303,4,3,1,0.75,0.6864686468646864,3.0,0.7925,4,default,rf
4,0.01,random,0.8225865209471767,0.5628415300546448,0.2019607843137255,0.12568306010928962,13724,0.18106965899154764,350,4,1,3,0.25,0.6085714285714285,1.0,0.7250000000000001,4,default,rf
5,0.01,random,0.8329663416168607,0.5602094240837696,0.1931407942238267,0.12041884816753927,15892,0.17870626730430406,336,4,1,3,0.25,0.6071428571428571,1.0,0.6699999999999999,4,default,rf
6,0.01,random,0.8260989770528062,0.5752688172043011,0.1628614916286149,0.15053763440860216,18081,0.17548808141142636,315,4,2,2,0.5,0.6190476190476191,2.0,0.62,4,default,rf
7,0.01,random,0.8290577207696103,0.5571428571428572,0.16317991631799164,0.11428571428571428,20269,0.1741082441166313,316,4,3,1,0.75,0.5949367088607594,3.0,0.5583333333333333,4,default,rf
8,0.01,random,0.8317736185383244,0.5560344827586207,0.16517285531370038,0.11206896551724138,22436,0.17364949188803708,337,4,4,0,1.0,0.685459940652819,4.0,0.6725000000000001,4,default,rf
9,0.01,random,0.8278172588832488,0.5900900900900901,0.14752252252252251,0.18018018018018017,24624,0.17308317089018843,316,4,3,1,0.75,0.5759493670886076,3.0,0.7575,4,default,rf
10,0.01,random,0.8317164179104478,0.5983263598326359,0.1506849315068493,0.19665271966527198,26798,0.171953130830659,330,4,2,2,0.5,0.6515151515151515,2.0,0.6025,4,default,rf
0,0.02,random,0.822,0.6747967479674797,0.3755656108597285,0.34959349593495936,5000,0.2226,0,0,0,0,0.0,0.0,0.0,0.0,0,default,rf
1,0.02,random,0.8407510431154381,0.6737588652482269,0.34172661870503596,0.3475177304964539,7190,0.2031988873435327,317,7,6,1,0.8571428571428571,0.5962145110410094,6.0,0.6900000000000002,0,default,rf
2,0.02,random,0.8296966471527408,0.5625,0.2894736842105263,0.125,9391,0.19603876051538707,306,7,4,3,0.5714285714285714,0.6503267973856209,4.0,0.6171428571428572,0,default,rf
3,0.02,random,0.835283918508886,0.5952380952380952,0.24271844660194175,0.19047619047619047,11534,0.18709901161782555,365,8,3,5,0.375,0.6136986301369863,3.0,0.64375,0,default,rf
4,0.02,random,0.8255474452554744,0.6683673469387755,0.24080882352941177,0.336734693877551,13700,0.18474452554744525,341,7,5,2,0.7142857142857143,0.6334310850439883,5.0,0.6871428571428572,0,default,rf
5,0.02,random,0.8388312912346843,0.6793478260869565,0.2158894645941278,0.358695652173913,15911,0.18081830180378355,295,6,2,4,0.3333333333333333,0.6508474576271186,2.0,0.6749999999999999,0,default,rf
6,0.02,random,0.8360972913211719,0.6086956521739131,0.1974921630094044,0.21739130434782608,18087,0.17736495825731188,331,7,5,2,0.7142857142857143,0.6253776435045317,5.0,0.7042857142857143,0,default,rf
7,0.02,random,0.8334566987416728,0.5797101449275363,0.1694915254237288,0.15942028985507245,20265,0.17512953367875647,329,7,2,5,0.2857142857142857,0.6261398176291794,2.0,0.6699999999999999,0,default,rf
8,0.02,random,0.8253615127919911,0.5412844036697247,0.14694894146948942,0.08256880733944955,22471,0.17413555248987583,300,6,4,2,0.6666666666666666,0.6566666666666666,4.0,0.6849999999999999,0,default,rf
9,0.02,random,0.8391551584077985,0.6147186147186147,0.1680473372781065,0.22943722943722944,24620,0.17274573517465475,359,8,5,3,0.625,0.6267409470752089,5.0,0.7175,0,default,rf
10,0.02,random,0.8420168067226891,0.5836734693877551,0.161217587373168,0.1673469387755102,26775,0.17146591970121383,353,8,7,1,0.875,0.660056657223796,7.0,0.72125,0,default,rf
0,0.02,random,0.795,0.5673758865248227,0.35714285714285715,0.1347517730496454,5000,0.2286,0,0,0,0,0.0,0.0,0.0,0.0,1,default,rf
1,0.02,random,0.8162839248434238,0.610738255033557,0.3063973063973064,0.2214765100671141,7184,0.21227728285077951,323,7,4,3,0.5714285714285714,0.6006191950464397,4.0,0.6114285714285714,1,default,rf
2,0.02,random,0.825107296137339,0.639344262295082,0.3103448275862069,0.2786885245901639,9320,0.198068669527897,372,8,4,4,0.5,0.5806451612903226,4.0,0.705,1,default,rf
3,0.02,random,0.8247063940843845,0.546448087431694,0.23809523809523808,0.09289617486338798,11495,0.1892996955197912,332,7,5,2,0.7142857142857143,0.6265060240963856,5.0,0.62,1,default,rf
4,0.02,random,0.835281227173119,0.5751295336787565,0.23125,0.15025906735751296,13687,0.18250895009863374,315,7,6,1,0.8571428571428571,0.6444444444444445,6.0,0.7271428571428572,1,default,rf
5,0.02,random,0.8298073886959267,0.5765765765765766,0.22338568935427575,0.15315315315315314,15831,0.17888952056092478,364,8,3,5,0.375,0.6126373626373627,3.0,0.59125,1,default,rf
6,0.02,random,0.8381005276312136,0.6073059360730594,0.2111111111111111,0.2146118721461187,18001,0.17593467029609466,337,7,6,1,0.8571428571428571,0.6409495548961425,6.0,0.7085714285714287,1,default,rf
7,0.02,random,0.8313881301216787,0.5720524017467249,0.18398876404494383,0.14410480349344978,20132,0.17449831114643355,377,8,6,2,0.75,0.6286472148541115,6.0,0.725,1,default,rf
8,0.02,random,0.8404398563734291,0.5984251968503937,0.19973718791064388,0.1968503937007874,22278,0.1729957805907173,362,8,3,5,0.375,0.6077348066298343,3.0,0.61625,1,default,rf
9,0.02,random,0.8344248874334834,0.569672131147541,0.16488730723606168,0.13934426229508196,24427,0.17181807016825643,359,8,5,3,0.625,0.649025069637883,5.0,0.6799999999999999,1,default,rf
10,0.02,random,0.8388491914253479,0.5641025641025641,0.1726457399103139,0.1282051282051282,26587,0.17045924700041373,347,7,7,0,1.0,0.5850144092219021,7.0,0.777142857142857,1,default,rf
0,0.02,random,0.825,0.65625,0.39069767441860465,0.3125,5000,0.2188,0,0,0,0,0.0,0.0,0.0,0.0,2,default,rf
1,0.02,random,0.8189415041782729,0.5620915032679739,0.30824372759856633,0.12418300653594772,7176,0.20303790412486064,331,7,4,3,0.5714285714285714,0.6555891238670695,4.0,0.6271428571428572,2,default,rf
2,0.02,random,0.8225892381459776,0.635036496350365,0.23513513513513515,0.27007299270072993,9385,0.19158231220031965,297,6,2,4,0.3333333333333333,0.5791245791245792,2.0,0.655,2,default,rf
3,0.02,random,0.8168831168831169,0.6158536585365854,0.21908893709327548,0.23170731707317074,11550,0.18632034632034633,342,7,6,1,0.8571428571428571,0.695906432748538,6.0,0.6342857142857142,2,default,rf
4,0.02,random,0.8279256288734962,0.6484848484848484,0.2053742802303263,0.296969696969697,13714,0.18331631908998103,343,7,4,3,0.5714285714285714,0.6151603498542274,4.0,0.7285714285714286,2,default,rf
5,0.02,random,0.8346431939641622,0.6428571428571429,0.23037542662116042,0.2857142857142857,15905,0.1784973278843131,316,7,3,4,0.42857142857142855,0.6170886075949367,3.0,0.6342857142857142,2,default,rf
6,0.02,random,0.8308925117435756,0.5657894736842105,0.20093457943925233,0.13157894736842105,18094,0.1769647396927158,318,7,6,1,0.8571428571428571,0.6352201257861635,6.0,0.6628571428571428,2,default,rf
7,0.02,random,0.8418065153010859,0.5857740585774058,0.20527859237536658,0.17154811715481172,20260,0.17482724580454095,341,7,4,3,0.5714285714285714,0.6158357771260997,4.0,0.6771428571428572,2,default,rf
8,0.02,random,0.8361934477379095,0.5772727272727273,0.16514954486345904,0.15454545454545454,22433,0.17429679490036998,334,7,3,4,0.42857142857142855,0.6107784431137725,3.0,0.6171428571428572,2,default,rf
9,0.02,random,0.8324532900081235,0.5767441860465117,0.1445221445221445,0.15348837209302327,24618,0.17393776911203185,322,7,4,3,0.5714285714285714,0.6428571428571429,4.0,0.6642857142857144,2,default,rf
10,0.02,random,0.8420070882298079,0.6055776892430279,0.1688888888888889,0.21115537848605578,26802,0.1725244384747407,323,7,6,1,0.8571428571428571,0.6130030959752322,6.0,0.7000000000000001,2,default,rf
0,0.02,random,0.808,0.5245901639344263,0.32323232323232326,0.04918032786885246,5000,0.211,0,0,0,0,0.0,0.0,0.0,0.0,3,default,rf
1,0.02,random,0.8235704323570432,0.6594202898550725,0.3063973063973064,0.3188405797101449,7166,0.1985766117778398,341,7,5,2,0.7142857142857143,0.656891495601173,5.0,0.6742857142857143,3,default,rf
2,0.02,random,0.807609860664523,0.5675675675675675,0.22163588390501318,0.13513513513513514,9328,0.19028730703259006,345,7,4,3,0.5714285714285714,0.6463768115942029,4.0,0.6842857142857143,3,default,rf
3,0.02,random,0.8294270833333334,0.6352941176470588,0.2460136674259681,0.27058823529411763,11518,0.1885744052786942,317,7,2,5,0.2857142857142857,0.6151419558359621,2.0,0.5571428571428572,3,default,rf
4,0.02,random,0.8133674214755295,0.6167664670658682,0.18727272727272729,0.23353293413173654,13686,0.1841297676457694,339,7,6,1,0.8571428571428571,0.5870206489675516,6.0,0.6900000000000001,3,default,rf
5,0.02,random,0.8284005037783375,0.5863874345549738,0.19377162629757785,0.17277486910994763,15879,0.18250519554128095,314,7,5,2,0.7142857142857143,0.6815286624203821,5.0,0.6371428571428572,3,default,rf
6,0.02,random,0.8296870672943782,0.5898617511520737,0.19571865443425077,0.17972350230414746,18052,0.1788167516064702,334,7,3,4,0.42857142857142855,0.6497005988023952,3.0,0.6085714285714285,3,default,rf
7,0.02,random,0.838941118258288,0.6218905472636815,0.17857142857142858,0.24378109452736318,20209,0.1755653421742788,351,8,4,4,0.5,0.6609686609686609,4.0,0.665,3,default,rf
8,0.02,random,0.8364569388665775,0.5720930232558139,0.16099476439790575,0.14418604651162792,22406,0.17406051950370435,310,7,4,3,0.5714285714285714,0.6290322580645161,4.0,0.5871428571428572,3,default,rf
9,0.02,random,0.8330958681050274,0.5486725663716814,0.14726840855106887,0.09734513274336283,24564,0.1719589643380557,349,7,3,4,0.42857142857142855,0.6217765042979942,3.0,0.6414285714285713,3,default,rf
10,0.02,random,0.8357316389459915,0.5726872246696035,0.1425438596491228,0.14537444933920704,26755,0.17039805643804895,316,7,4,3,0.5714285714285714,0.6360759493670886,4.0,0.6914285714285714,3,default,rf
0,0.02,random,0.807,0.6076923076923076,0.3574660633484163,0.2153846153846154,5000,0.2196,0,0,0,0,0.0,0.0,0.0,0.0,4,default,rf
1,0.02,random,0.8133704735376045,0.5597014925373134,0.2640845070422535,0.11940298507462686,7178,0.20242407355809416,329,7,5,2,0.7142857142857143,0.6930091185410334,5.0,0.6407142857142858,4,default,rf
2,0.02,random,0.8269230769230769,0.6273291925465838,0.27671232876712326,0.2546583850931677,9360,0.1918803418803419,325,7,4,3,0.5714285714285714,0.6215384615384615,4.0,0.6828571428571427,4,default,rf
3,0.02,random,0.8266494178525227,0.6219512195121951,0.23076923076923078,0.24390243902439024,11591,0.1880769562591666,275,6,3,3,0.5,0.6618181818181819,3.0,0.6566666666666666,4,default,rf
4,0.02,random,0.8253449527959332,0.5967741935483871,0.21470019342359767,0.1935483870967742,13766,0.1832049978207177,332,7,5,2,0.7142857142857143,0.5903614457831325,5.0,0.6871428571428572,4,default,rf
5,0.02,random,0.8324968632371392,0.5764192139737991,0.23198594024604569,0.15283842794759825,15938,0.18013552515999498,335,7,5,2,0.7142857142857143,0.6388059701492538,5.0,0.74,4,default,rf
6,0.02,random,0.8305271874137455,0.5495049504950495,0.1750788643533123,0.09900990099009901,18113,0.17666869099541765,332,7,4,3,0.5714285714285714,0.6054216867469879,4.0,0.6685714285714285,4,default,rf
7,0.02,random,0.8317710902812038,0.5384615384615384,0.16045845272206305,0.07692307692307693,20270,0.17439565860878145,351,8,4,4,0.5,0.5982905982905983,4.0,0.6699999999999999,4,default,rf
8,0.02,random,0.8364891958119849,0.5843621399176955,0.1832258064516129,0.16872427983539096,22444,0.17407770450900018,333,7,5,2,0.7142857142857143,0.6816816816816816,5.0,0.71,4,default,rf
9,0.02,random,0.8346185064935064,0.575,0.16216216216216217,0.15,24637,0.1738848074034988,314,7,3,4,0.42857142857142855,0.5445859872611465,3.0,0.6042857142857142,4,default,rf
10,0.02,random,0.8315926892950392,0.5783132530120482,0.15286624203821655,0.1566265060240964,26806,0.1726479146459748,338,7,4,3,0.5714285714285714,0.6479289940828402,4.0,0.7424999999999999,4,default,rf
0,0.05,random,0.822,0.6747967479674797,0.3755656108597285,0.34959349593495936,5000,0.2226,0,0,0,0,0.0,0.0,0.0,0.0,0,default,rf
1,0.05,random,0.8458333333333333,0.66,0.36666666666666664,0.32,7199,0.20377830254201973,317,16,12,4,0.75,0.5962145110410094,12.0,0.653125,0,default,rf
2,0.05,random,0.8211252653927813,0.6167664670658682,0.27393617021276595,0.23353293413173654,9420,0.19692144373673037,294,15,8,7,0.5333333333333333,0.6632653061224489,8.0,0.6786666666666665,0,default,rf
3,0.05,random,0.8264248704663213,0.6022727272727273,0.2420091324200913,0.20454545454545456,11578,0.18837450336845743,361,19,11,8,0.5789473684210527,0.6177285318559557,11.0,0.6510526315789474,0,default,rf
4,0.05,random,0.8156079854809437,0.6342857142857142,0.2,0.26857142857142857,13771,0.18582528501924334,324,17,11,6,0.6470588235294118,0.6697530864197531,11.0,0.6811764705882353,0,default,rf
5,0.05,random,0.8267667292057536,0.6363636363636364,0.19669421487603306,0.2727272727272727,15986,0.1822844989365695,301,16,13,3,0.8125,0.6445182724252492,13.0,0.686875,0,default,rf
6,0.05,random,0.836998350742166,0.6048780487804878,0.1949685534591195,0.2097560975609756,18190,0.17943925233644858,312,16,11,5,0.6875,0.6217948717948718,11.0,0.6665848214285715,0,default,rf
7,0.05,random,0.835663478047584,0.5909090909090909,0.18309859154929578,0.18181818181818182,20383,0.177598979541775,324,17,10,7,0.5882352941176471,0.6141975308641975,10.0,0.6879117647058823,0,default,rf
8,0.05,random,0.8300132802124834,0.5575221238938053,0.15869017632241814,0.11504424778761062,22587,0.17603045999911454,312,16,9,7,0.5625,0.6730769230769231,9.0,0.689375,0,default,rf
9,0.05,random,0.8321212121212122,0.5526315789473685,0.17112922002328287,0.10526315789473684,24746,0.17501818475713246,359,18,13,5,0.7222222222222222,0.6072423398328691,13.0,0.6938888888888889,0,default,rf
10,0.05,random,0.8342931450863831,0.5546875,0.15434782608695652,0.109375,26915,0.17391788965261007,349,18,10,8,0.5555555555555556,0.6418338108882522,10.0,0.6833333333333333,0,default,rf
0,0.05,random,0.795,0.5673758865248227,0.35714285714285715,0.1347517730496454,5000,0.2286,0,0,0,0,0.0,0.0,0.0,0.0,1,default,rf
1,0.05,random,0.8061153578874218,0.6486486486486487,0.29721362229102166,0.2972972972972973,7194,0.21295524047817627,323,17,11,6,0.6470588235294118,0.6006191950464397,11.0,0.6776470588235294,1,default,rf
2,0.05,random,0.8248798718633209,0.6022727272727273,0.29120879120879123,0.20454545454545456,9361,0.20008546095502616,351,18,10,8,0.5555555555555556,0.5754985754985755,10.0,0.6766666666666666,1,default,rf
3,0.05,random,0.8186147186147186,0.5714285714285714,0.2505592841163311,0.14285714285714285,11549,0.19144514676595376,329,17,9,8,0.5294117647058824,0.6200607902735562,9.0,0.6776470588235293,1,default,rf
4,0.05,random,0.8275109170305677,0.5467980295566502,0.22515212981744423,0.09359605911330049,13737,0.18453810875737062,329,17,12,5,0.7058823529411765,0.6291793313069909,12.0,0.6852941176470588,1,default,rf
5,0.05,random,0.8321282615529708,0.5841121495327103,0.21929824561403508,0.16822429906542055,15905,0.18107513360578434,350,18,10,8,0.5555555555555556,0.6257142857142857,10.0,0.6872222222222223,1,default,rf
6,0.05,random,0.8327343102018248,0.5748987854251012,0.22118380062305296,0.14979757085020243,18082,0.17840946797920584,341,18,13,5,0.7222222222222222,0.6217008797653959,13.0,0.6655555555555555,1,default,rf
7,0.05,random,0.8364220410180381,0.6244897959183674,0.21161825726141079,0.24897959183673468,20233,0.177334058221717,368,19,9,10,0.47368421052631576,0.6086956521739131,9.0,0.6536842105263159,1,default,rf
8,0.05,random,0.8254853827270698,0.572992700729927,0.19099756690997566,0.145985401459854,22401,0.17592964599794653,350,18,12,6,0.6666666666666666,0.62,12.0,0.6444444444444444,1,default,rf
9,0.05,random,0.8310604518624058,0.5823293172690763,0.16647531572904709,0.1646586345381526,24561,0.1746671552461219,358,18,9,9,0.5,0.6452513966480447,9.0,0.6722222222222222,1,default,rf
10,0.05,random,0.8356087525715354,0.6,0.17967914438502675,0.2,26734,0.17307548440188525,345,18,10,8,0.5555555555555556,0.591304347826087,10.0,0.6177777777777779,1,default,rf
0,0.05,random,0.825,0.65625,0.39069767441860465,0.3125,5000,0.2188,0,0,0,0,0.0,0.0,0.0,0.0,2,default,rf
1,0.05,random,0.8205841446453408,0.6,0.30313588850174217,0.2,7186,0.20400779293069857,331,17,13,4,0.7647058823529411,0.6555891238670695,13.0,0.6541176470588236,2,default,rf
2,0.05,random,0.822434875066454,0.6308724832214765,0.2520107238605898,0.26174496644295303,9403,0.19249175794959056,298,15,10,5,0.6666666666666666,0.5939597315436241,10.0,0.7146666666666666,2,default,rf
3,0.05,random,0.8359948208890807,0.648936170212766,0.2798165137614679,0.2978723404255319,11585,0.18826068191627104,335,17,12,5,0.7058823529411765,0.6776119402985075,12.0,0.6799999999999999,2,default,rf
4,0.05,random,0.8366013071895425,0.6770186335403726,0.21499013806706113,0.35403726708074534,13770,0.18496732026143792,332,17,12,5,0.7058823529411765,0.6475903614457831,12.0,0.6894117647058824,2,default,rf
5,0.05,random,0.8293216630196937,0.6509433962264151,0.2262295081967213,0.3018867924528302,15991,0.18097679944969045,294,15,10,5,0.6666666666666666,0.6122448979591837,10.0,0.6193333333333333,2,default,rf
6,0.05,random,0.8282495190986535,0.6052631578947368,0.2050520059435364,0.21052631578947367,18192,0.17914467897977132,315,16,7,9,0.4375,0.638095238095238,7.0,0.6375,2,default,rf
7,0.05,random,0.8384879725085911,0.6077586206896551,0.19915254237288135,0.21551724137931033,20370,0.1768777614138439,339,17,12,5,0.7058823529411765,0.6312684365781711,12.0,0.6770588235294118,2,default,rf
8,0.05,random,0.8317094774136404,0.5909090909090909,0.1625,0.18181818181818182,22580,0.17679362267493356,306,16,11,5,0.6875,0.6241830065359477,11.0,0.67125,2,default,rf
9,0.05,random,0.8259729784230692,0.5643153526970954,0.15212527964205816,0.12863070539419086,24794,0.1764136484633379,302,16,6,10,0.375,0.6589403973509934,6.0,0.6375,2,default,rf
10,0.05,random,0.8266666666666667,0.5813953488372093,0.15337423312883436,0.16279069767441862,26998,0.17493888436180458,312,16,10,6,0.625,0.625,10.0,0.683125,2,default,rf
0,0.05,random,0.808,0.5245901639344263,0.32323232323232326,0.04918032786885246,5000,0.211,0,0,0,0,0.0,0.0,0.0,0.0,3,default,rf
1,0.05,random,0.8119777158774373,0.609271523178808,0.30363036303630364,0.2185430463576159,7177,0.19910826250522504,341,18,11,7,0.6111111111111112,0.656891495601173,11.0,0.6561111111111111,3,default,rf
2,0.05,random,0.8267379679144385,0.6546762589928058,0.24795640326975477,0.30935251798561153,9349,0.19167825435875493,346,18,13,5,0.7222222222222222,0.638728323699422,13.0,0.6438888888888888,3,default,rf
3,0.05,random,0.8138528138528138,0.543859649122807,0.20898876404494382,0.08771929824561403,11548,0.1903359889158296,317,16,11,5,0.6875,0.6151419558359621,11.0,0.61,3,default,rf
4,0.05,random,0.8269581056466302,0.5988372093023255,0.20235756385068762,0.19767441860465115,13723,0.18560081614807258,343,18,10,8,0.5555555555555556,0.5889212827988338,10.0,0.6316666666666667,3,default,rf
5,0.05,random,0.8171536286522149,0.5694444444444444,0.20098039215686275,0.1388888888888889,15915,0.18366321080741438,325,17,11,6,0.6470588235294118,0.683076923076923,11.0,0.6694117647058824,3,default,rf
6,0.05,random,0.8271195802264568,0.559322033898305,0.2018348623853211,0.11864406779661017,18104,0.18056783031374282,328,17,7,10,0.4117647058823529,0.625,7.0,0.6252941176470588,3,default,rf
7,0.05,random,0.8380975850172498,0.556,0.2029197080291971,0.112,20287,0.1778971755311283,334,17,12,5,0.7058823529411765,0.6586826347305389,12.0,0.6841176470588236,3,default,rf
8,0.05,random,0.8346316492321388,0.5789473684210527,0.16944801026957637,0.15789473684210525,22461,0.1761720315213036,344,18,14,4,0.7777777777777778,0.6075581395348837,14.0,0.6372222222222222,3,default,rf
9,0.05,random,0.8297483766233766,0.5340909090909091,0.1645274212368728,0.06818181818181818,24638,0.17444597775793488,341,18,10,8,0.5555555555555556,0.6070381231671554,10.0,0.6922222222222223,3,default,rf
10,0.05,random,0.8316554809843401,0.5725490196078431,0.15531914893617021,0.1450980392156863,26818,0.17283168021478112,337,17,14,3,0.8235294117647058,0.6201780415430267,14.0,0.6788235294117647,3,default,rf
0,0.05,random,0.807,0.6076923076923076,0.3574660633484163,0.2153846153846154,5000,0.2196,0,0,0,0,0.0,0.0,0.0,0.0,4,default,rf
1,0.05,random,0.808066759388039,0.5490196078431373,0.28865979381443296,0.09803921568627451,7188,0.20311630495269895,329,17,12,5,0.7058823529411765,0.6930091185410334,12.0,0.6617647058823529,4,default,rf
2,0.05,random,0.8139658848614072,0.6289308176100629,0.2564102564102564,0.2578616352201258,9378,0.19311153764128813,327,17,10,7,0.5882352941176471,0.6116207951070336,10.0,0.6803921568627451,4,default,rf
3,0.05,random,0.8312526904864399,0.6179775280898876,0.2534562211981567,0.23595505617977527,11613,0.1894428657538965,279,14,9,5,0.6428571428571429,0.6559139784946236,9.0,0.6864285714285714,4,default,rf
4,0.05,random,0.8212472806381436,0.5544554455445545,0.2174757281553398,0.10891089108910891,13790,0.18411892675852068,340,17,13,4,0.7647058823529411,0.6088235294117647,13.0,0.6929411764705882,4,default,rf
5,0.05,random,0.8470698840488875,0.6175115207373272,0.24860853432282004,0.2350230414746544,15954,0.18058167230788516,354,18,11,7,0.6111111111111112,0.6412429378531074,11.0,0.7055555555555554,4,default,rf
6,0.05,random,0.8280518049049325,0.6139534883720931,0.1961367013372957,0.22790697674418606,18142,0.17754382096791974,329,17,13,4,0.7647058823529411,0.6048632218844985,13.0,0.6488235294117648,4,default,rf
7,0.05,random,0.8305876567494468,0.5765765765765766,0.17704011065006917,0.15315315315315314,20335,0.17590361445783131,324,17,12,5,0.7058823529411765,0.6080246913580247,12.0,0.6458823529411766,4,default,rf
8,0.05,random,0.8423973362930077,0.6147540983606558,0.195822454308094,0.22950819672131148,22521,0.1758358865059278,331,17,13,4,0.7647058823529411,0.676737160120846,13.0,0.723529411764706,4,default,rf
9,0.05,random,0.8335019219097713,0.6040816326530613,0.16933638443935928,0.20816326530612245,24714,0.17532572630897467,324,17,11,6,0.6470588235294118,0.5648148148148148,11.0,0.6874411764705882,4,default,rf
10,0.05,random,0.8354712771890686,0.6,0.15738758029978586,0.2,26891,0.17403592279944963,340,17,11,6,0.6470588235294118,0.6558823529411765,11.0,0.7152941176470589,4,default,rf
0,0.1,random,0.822,0.6747967479674797,0.3755656108597285,0.34959349593495936,5000,0.2226,0,0,0,0,0.0,0.0,0.0,0.0,0,default,rf
1,0.1,random,0.8440748440748441,0.676056338028169,0.3490909090909091,0.352112676056338,7215,0.20443520443520444,317,32,20,12,0.625,0.5962145110410094,20.0,0.664375,0,default,rf
2,0.1,random,0.8131286394917946,0.5581395348837209,0.257372654155496,0.11627906976744186,9442,0.19752171150180048,304,31,19,12,0.6129032258064516,0.6710526315789473,19.0,0.6625806451612903,0,default,rf
3,0.1,random,0.8158347676419966,0.6373626373626373,0.24267782426778242,0.27472527472527475,11620,0.18950086058519794,358,36,19,17,0.5277777777777778,0.6145251396648045,19.0,0.685,0,default,rf
4,0.1,random,0.809472161966739,0.6263736263736264,0.19895287958115182,0.25274725274725274,13828,0.18759039629736765,325,33,19,14,0.5757575757575758,0.6492307692307693,19.0,0.6633333333333332,0,default,rf
5,0.1,random,0.8237488343176873,0.6262626262626263,0.20097244732576985,0.25252525252525254,16084,0.18415816960954987,272,28,17,11,0.6071428571428571,0.6801470588235294,17.0,0.6157142857142858,0,default,rf
6,0.1,random,0.8279628618241398,0.5650224215246636,0.19119878603945373,0.13004484304932734,18306,0.1813613023052551,309,31,17,14,0.5483870967741935,0.6213592233009708,17.0,0.6493548387096774,0,default,rf
7,0.1,random,0.8356899073622623,0.5983263598326359,0.19833564493758668,0.19665271966527198,20509,0.17909210590472477,331,34,19,15,0.5588235294117647,0.6374622356495468,19.0,0.6546078431372548,0,default,rf
8,0.1,random,0.8199208443271768,0.5653846153846154,0.17233294255568582,0.13076923076923078,22740,0.1779683377308707,299,30,25,5,0.8333333333333334,0.6956521739130435,25.0,0.6839999999999999,0,default,rf
9,0.1,random,0.8395829155805093,0.5795053003533569,0.1940828402366864,0.15901060070671377,24931,0.17732942922466005,344,35,25,10,0.7142857142857143,0.6133720930232558,25.0,0.6668571428571428,0,default,rf
10,0.1,random,0.8377581120943953,0.5415282392026578,0.18011049723756906,0.08305647840531562,27119,0.176370810133117,347,35,23,12,0.6571428571428571,0.6484149855907781,23.0,0.7057142857142857,0,default,rf
0,0.1,random,0.795,0.5673758865248227,0.35714285714285715,0.1347517730496454,5000,0.2286,0,0,0,0,0.0,0.0,0.0,0.0,1,default,rf
1,0.1,random,0.8169209431345353,0.6474358974358975,0.3258064516129032,0.2948717948717949,7210,0.21428571428571427,323,33,24,9,0.7272727272727273,0.6006191950464397,24.0,0.6506060606060605,1,default,rf
2,0.1,random,0.8192963752665245,0.6114285714285714,0.2830687830687831,0.22285714285714286,9376,0.20040529010238908,372,38,16,22,0.42105263157894735,0.5779569892473119,16.0,0.6276315789473683,1,default,rf
3,0.1,random,0.8243418213206732,0.6432432432432432,0.25869565217391305,0.2864864864864865,11583,0.19226452559785892,326,33,20,13,0.6060606060606061,0.6288343558282209,20.0,0.6509090909090909,1,default,rf
4,0.1,random,0.820123054650742,0.5756097560975609,0.22348484848484848,0.15121951219512195,13813,0.18554984434952582,301,31,16,15,0.5161290322580645,0.6611295681063123,16.0,0.6567741935483871,1,default,rf
5,0.1,random,0.825421611492817,0.5807860262008734,0.2231543624161074,0.1615720524017467,16010,0.18338538413491567,337,34,25,9,0.7352941176470589,0.6112759643916914,25.0,0.666764705882353,1,default,rf
6,0.1,random,0.831183090859182,0.5862068965517241,0.2318181818181818,0.1724137931034483,18211,0.18087968810059854,333,34,22,12,0.6470588235294118,0.6276276276276276,22.0,0.7076960784313726,1,default,rf
7,0.1,random,0.837585868498528,0.5741444866920152,0.21540656205420827,0.1482889733840304,20377,0.1797124208666634,372,38,23,15,0.6052631578947368,0.6236559139784946,23.0,0.656842105263158,1,default,rf
8,0.1,random,0.8352915096430946,0.5946843853820598,0.22375,0.1893687707641196,22553,0.17833547643329048,360,36,21,15,0.5833333333333334,0.6083333333333333,21.0,0.6533425925925926,1,default,rf
9,0.1,random,0.8333333333333334,0.6223776223776224,0.19888268156424582,0.24475524475524477,24747,0.17747605770396413,340,34,27,7,0.7941176470588235,0.6705882352941176,27.0,0.6805882352941177,1,default,rf
10,0.1,random,0.8346632028205604,0.5938461538461538,0.2027310924369748,0.18769230769230769,26945,0.17595101131935423,336,34,20,14,0.5882352941176471,0.6011904761904762,20.0,0.6749999999999999,1,default,rf
0,0.1,random,0.825,0.65625,0.39069767441860465,0.3125,5000,0.2188,0,0,0,0,0.0,0.0,0.0,0.0,2,default,rf
1,0.1,random,0.8299791811242193,0.5833333333333334,0.31226765799256506,0.16666666666666666,7203,0.20463695682354574,331,34,21,13,0.6176470588235294,0.6555891238670695,21.0,0.6741176470588236,2,default,rf
2,0.1,random,0.8174097664543525,0.5855263157894737,0.24054054054054055,0.17105263157894737,9418,0.19345933319176045,317,32,23,9,0.71875,0.5867507886435331,23.0,0.6653125,2,default,rf
3,0.1,random,0.8299612569952648,0.6185567010309279,0.272108843537415,0.23711340206185566,11615,0.19001291433491174,337,34,26,8,0.7647058823529411,0.6735905044510386,26.0,0.6449999999999999,2,default,rf
4,0.1,random,0.8254255704454908,0.6344086021505376,0.22180451127819548,0.26881720430107525,13802,0.18743660339081292,348,35,26,9,0.7428571428571429,0.617816091954023,26.0,0.6657142857142856,2,default,rf
5,0.1,random,0.8389010302841087,0.6239316239316239,0.25435540069686413,0.24786324786324787,16011,0.18268690275435637,324,33,17,16,0.5151515151515151,0.6049382716049383,17.0,0.6339393939393939,2,default,rf
6,0.1,random,0.8289004661365506,0.6124031007751938,0.2316715542521994,0.2248062015503876,18235,0.181683575541541,307,31,19,12,0.6129032258064516,0.6188925081433225,19.0,0.6522580645161291,2,default,rf
7,0.1,random,0.8421052631578947,0.6139705882352942,0.2362093352192362,0.22794117647058823,20423,0.17945453655192675,347,35,19,16,0.5428571428571428,0.6138328530259366,19.0,0.6674285714285715,2,default,rf
8,0.1,random,0.8345482659597968,0.5977011494252874,0.195,0.19540229885057472,22632,0.17903852951572993,324,33,16,17,0.48484848484848486,0.6111111111111112,16.0,0.6303030303030304,2,default,rf
9,0.1,random,0.836049084691209,0.5789473684210527,0.19186046511627908,0.15789473684210525,24852,0.17885884435860294,312,32,18,14,0.5625,0.6410256410256411,18.0,0.6597916666666667,2,default,rf
10,0.1,random,0.8297911661430419,0.551948051948052,0.1783840503672613,0.1038961038961039,27055,0.1769358713731288,331,34,13,21,0.38235294117647056,0.6193353474320241,13.0,0.6450490196078431,2,default,rf
0,0.1,random,0.808,0.5245901639344263,0.32323232323232326,0.04918032786885246,5000,0.211,0,0,0,0,0.0,0.0,0.0,0.0,3,default,rf
1,0.1,random,0.8061153578874218,0.5612903225806452,0.29194630872483224,0.12258064516129032,7194,0.2005838198498749,341,35,25,10,0.7142857142857143,0.656891495601173,25.0,0.6431428571428571,3,default,rf
2,0.1,random,0.8171641791044776,0.592814371257485,0.2647058823529412,0.18562874251497005,9378,0.19375133290680316,352,36,26,10,0.7222222222222222,0.6335227272727273,26.0,0.6405555555555557,3,default,rf
3,0.1,random,0.822462203023758,0.594059405940594,0.267260579064588,0.18811881188118812,11575,0.19187904967602593,337,34,21,13,0.6176470588235294,0.6142433234421365,21.0,0.6205882352941177,3,default,rf
4,0.1,random,0.830003632401017,0.5958549222797928,0.22772277227722773,0.19170984455958548,13763,0.18738647097289834,347,35,23,12,0.6571428571428571,0.5936599423631124,23.0,0.656,3,default,rf
5,0.1,random,0.8139097744360902,0.588477366255144,0.22448979591836735,0.17695473251028807,15959,0.1857885832445642,338,34,28,6,0.8235294117647058,0.6775147928994083,28.0,0.6626470588235294,3,default,rf
6,0.1,random,0.8309471365638766,0.576,0.22085889570552147,0.152,18160,0.18276431718061675,333,34,22,12,0.6470588235294118,0.6366366366366366,22.0,0.669705882352941,3,default,rf
7,0.1,random,0.8367748279252704,0.6448598130841121,0.19008264462809918,0.2897196261682243,20336,0.17992722265932337,361,37,22,15,0.5945945945945946,0.6371191135734072,22.0,0.6513513513513514,3,default,rf
8,0.1,random,0.838209219858156,0.6,0.19948849104859334,0.2,22556,0.17866643021812378,312,32,24,8,0.75,0.6282051282051282,24.0,0.6856250000000002,3,default,rf
9,0.1,random,0.8308749242271166,0.576271186440678,0.1927437641723356,0.15254237288135594,24745,0.17656092139826227,346,35,19,16,0.5428571428571428,0.630057803468208,19.0,0.6742857142857144,3,default,rf
10,0.1,random,0.8371359673529958,0.6117216117216118,0.17784877529286475,0.22344322344322345,26955,0.17503246150992394,323,33,20,13,0.6060606060606061,0.628482972136223,20.0,0.6303787878787879,3,default,rf
0,0.1,random,0.807,0.6076923076923076,0.3574660633484163,0.2153846153846154,5000,0.2196,0,0,0,0,0.0,0.0,0.0,0.0,4,default,rf
1,0.1,random,0.8216516308119362,0.5915492957746479,0.2968197879858657,0.18309859154929578,7204,0.20377568017767908,329,33,20,13,0.6060606060606061,0.6930091185410334,20.0,0.65,4,default,rf
2,0.1,random,0.828556263269639,0.6036585365853658,0.2773109243697479,0.2073170731707317,9416,0.19424384027187766,320,32,19,13,0.59375,0.621875,19.0,0.6596875,4,default,rf
3,0.1,random,0.8276896699528504,0.5797872340425532,0.2523148148148148,0.1595744680851064,11664,0.19084362139917696,281,29,20,9,0.6896551724137931,0.6619217081850534,20.0,0.6831034482758621,4,default,rf
4,0.1,random,0.8285198555956679,0.6270270270270271,0.2222222222222222,0.25405405405405407,13850,0.18613718411552346,349,35,26,9,0.7428571428571429,0.5931232091690545,26.0,0.718,4,default,rf
5,0.1,random,0.8290784557907845,0.6133333333333333,0.23,0.22666666666666666,16059,0.18326172239865496,324,33,19,14,0.5757575757575758,0.654320987654321,19.0,0.6770606060606059,4,default,rf
6,0.1,random,0.8263129102844639,0.5975103734439834,0.21114369501466276,0.1950207468879668,18278,0.1798883904147062,313,32,16,16,0.5,0.6293929712460063,16.0,0.664375,4,default,rf
7,0.1,random,0.8257261410788381,0.5827338129496403,0.2131578947368421,0.16546762589928057,20481,0.17831160587861922,330,33,19,14,0.5757575757575758,0.593939393939394,19.0,0.6624242424242425,4,default,rf
8,0.1,random,0.8309828118113707,0.55,0.18032786885245902,0.1,22687,0.17834001851280468,327,33,21,12,0.6363636363636364,0.6758409785932722,21.0,0.6730303030303031,4,default,rf
9,0.1,random,0.8391173520561686,0.6115384615384616,0.18488372093023256,0.2230769230769231,24922,0.17803547066848568,295,30,19,11,0.6333333333333333,0.5864406779661017,19.0,0.6506666666666666,4,default,rf
10,0.1,random,0.8372350230414747,0.6094276094276094,0.1909282700421941,0.21885521885521886,27123,0.17693470486303137,333,34,21,13,0.6176470588235294,0.6546546546546547,21.0,0.688529411764706,4,default,rf
0,0.15,random,0.822,0.6747967479674797,0.3755656108597285,0.34959349593495936,5000,0.2226,0,0,0,0,0.0,0.0,0.0,0.0,0,default,rf
1,0.15,random,0.8334485141672425,0.6289308176100629,0.3546099290780142,0.2578616352201258,7231,0.20536578619831283,317,48,30,18,0.625,0.5962145110410094,30.0,0.6737500000000001,0,default,rf
2,0.15,random,0.8288431061806656,0.6277777777777778,0.3054054054054054,0.25555555555555554,9462,0.19932361023039527,317,48,32,16,0.6666666666666666,0.6498422712933754,32.0,0.6835416666666666,0,default,rf
3,0.15,random,0.8264037719674239,0.6047904191616766,0.22954545454545455,0.20958083832335328,11663,0.19197462059504417,352,53,36,17,0.6792452830188679,0.6278409090909091,36.0,0.6879245283018868,0,default,rf
4,0.15,random,0.8296109510086456,0.6877828054298643,0.2733812949640288,0.3755656108597285,13876,0.19083309311040647,338,51,38,13,0.7450980392156863,0.6301775147928994,38.0,0.6666666666666669,0,default,rf
5,0.15,random,0.8334367245657568,0.6232558139534884,0.2271186440677966,0.24651162790697675,16116,0.18689501116902457,307,47,26,21,0.5531914893617021,0.6449511400651465,26.0,0.6400000000000001,0,default,rf
6,0.15,random,0.8302864938608459,0.6468085106382979,0.2199710564399421,0.2936170212765957,18325,0.18368349249658936,343,52,30,22,0.5769230769230769,0.60932944606414,30.0,0.6475000000000001,0,default,rf
7,0.15,random,0.8429892891918208,0.612,0.21825962910128388,0.224,20540,0.1817429406037001,336,51,30,21,0.5882352941176471,0.6190476190476191,30.0,0.7166666666666668,0,default,rf
8,0.15,random,0.8319789150010982,0.5877862595419847,0.18988902589395806,0.17557251908396945,22763,0.18068795852919212,327,50,37,13,0.74,0.654434250764526,37.0,0.6751999999999998,0,default,rf
9,0.15,random,0.8411458333333334,0.6057347670250897,0.1983568075117371,0.2114695340501792,24957,0.17942861722162118,361,55,32,23,0.5818181818181818,0.628808864265928,32.0,0.6658181818181818,0,default,rf
10,0.15,random,0.8400220913107511,0.6292517006802721,0.19576719576719576,0.2585034013605442,27156,0.178597731624687,355,54,42,12,0.7777777777777778,0.6591549295774648,42.0,0.6685493827160495,0,default,rf
0,0.15,random,0.795,0.5673758865248227,0.35714285714285715,0.1347517730496454,5000,0.2286,0,0,0,0,0.0,0.0,0.0,0.0,1,default,rf
1,0.15,random,0.8091286307053942,0.6838709677419355,0.3183183183183183,0.36774193548387096,7226,0.2146415721007473,323,49,30,19,0.6122448979591837,0.6006191950464397,30.0,0.6689795918367347,1,default,rf
2,0.15,random,0.8176033934252386,0.6111111111111112,0.26052631578947366,0.2222222222222222,9430,0.20159066808059384,349,53,31,22,0.5849056603773585,0.6131805157593123,31.0,0.6684905660377357,1,default,rf
3,0.15,random,0.8178311187312474,0.5746606334841629,0.27729257641921395,0.1493212669683258,11664,0.1949588477366255,313,47,34,13,0.723404255319149,0.6198083067092651,34.0,0.6418287740628167,1,default,rf
4,0.15,random,0.8289521065898452,0.5851528384279476,0.2607003891050584,0.1703056768558952,13885,0.18840475333093265,329,50,33,17,0.66,0.6382978723404256,33.0,0.6684,1,default,rf
5,0.15,random,0.8272755514134824,0.5827067669172933,0.25833333333333336,0.16541353383458646,16093,0.18560864972348226,344,52,32,20,0.6153846153846154,0.625,32.0,0.6888461538461539,1,default,rf
6,0.15,random,0.8353358820316766,0.6037037037037037,0.2473444613050076,0.2074074074074074,18306,0.1830547361520813,338,51,28,23,0.5490196078431373,0.6183431952662722,28.0,0.6649019607843136,1,default,rf
7,0.15,random,0.8340653977550024,0.6418439716312057,0.2381578947368421,0.28368794326241137,20486,0.18231963292004297,377,57,41,16,0.7192982456140351,0.6206896551724138,41.0,0.6657690058479532,1,default,rf
8,0.15,random,0.8289995592772146,0.5955414012738853,0.2236842105263158,0.1910828025477707,22686,0.18099268271180463,354,54,31,23,0.5740740740740741,0.615819209039548,31.0,0.6609567901234569,1,default,rf
9,0.15,random,0.8389558232931726,0.6217008797653959,0.23954802259887006,0.2434017595307918,24897,0.18022251676908865,341,52,36,16,0.6923076923076923,0.6627565982404692,36.0,0.6683333333333334,1,default,rf
10,0.15,random,0.83766832687696,0.6167146974063401,0.222684703433923,0.2334293948126801,27105,0.1788599889319314,344,52,37,15,0.7115384615384616,0.6017441860465116,37.0,0.6853365384615384,1,default,rf
0,0.15,random,0.825,0.65625,0.39069767441860465,0.3125,5000,0.2188,0,0,0,0,0.0,0.0,0.0,0.0,2,default,rf
1,0.15,random,0.8157894736842105,0.5605095541401274,0.3087719298245614,0.12101910828025478,7219,0.20501454495082422,331,50,27,23,0.54,0.6555891238670695,27.0,0.6542,2,default,rf
2,0.15,random,0.8144820295983086,0.6075949367088608,0.24935064935064935,0.21518987341772153,9458,0.19422710932543877,308,47,21,26,0.44680851063829785,0.5681818181818182,21.0,0.6704255319148935,2,default,rf
3,0.15,random,0.8261241970021413,0.6387434554973822,0.2657952069716776,0.2774869109947644,11671,0.19107188758461144,338,51,40,11,0.7843137254901961,0.6893491124260355,40.0,0.6425490196078432,2,default,rf
4,0.15,random,0.8351331893448524,0.6515151515151515,0.24903474903474904,0.30303030303030304,13889,0.18863849089207285,332,50,37,13,0.74,0.6506024096385542,37.0,0.6628000000000001,2,default,rf
5,0.15,random,0.8288372093023256,0.6371681415929203,0.23452768729641693,0.2743362831858407,16123,0.18408484773305217,314,48,18,30,0.375,0.5955414012738853,18.0,0.6627083333333333,2,default,rf
6,0.15,random,0.837190307650422,0.6062992125984252,0.2361963190184049,0.2125984251968504,18363,0.1829221804716005,307,47,32,15,0.6808510638297872,0.6514657980456026,32.0,0.6741489361702127,2,default,rf
7,0.15,random,0.8344676713660671,0.6153846153846154,0.23560910307898258,0.23076923076923078,20566,0.18088106583681804,350,53,32,21,0.6037735849056604,0.62,32.0,0.6771698113207548,2,default,rf
8,0.15,random,0.8349046261784696,0.6014234875444839,0.20864197530864198,0.20284697508896798,22804,0.1808893176635678,309,47,30,17,0.6382978723404256,0.627831715210356,30.0,0.666063829787234,2,default,rf
9,0.15,random,0.8346315158777711,0.5694915254237288,0.19332566168009205,0.13898305084745763,25032,0.1808485139022052,321,49,35,14,0.7142857142857143,0.6479750778816199,35.0,0.6630612244897958,2,default,rf
10,0.15,random,0.832905355832722,0.6305084745762712,0.1882591093117409,0.26101694915254237,27260,0.17960381511371973,321,49,28,21,0.5714285714285714,0.6012461059190031,28.0,0.6826530612244897,2,default,rf
0,0.15,random,0.808,0.5245901639344263,0.32323232323232326,0.04918032786885246,5000,0.211,0,0,0,0,0.0,0.0,0.0,0.0,3,default,rf
1,0.15,random,0.8357588357588358,0.6956521739130435,0.32989690721649484,0.391304347826087,7211,0.20094300374427956,341,52,31,21,0.5961538461538461,0.656891495601173,31.0,0.6500000000000001,3,default,rf
2,0.15,random,0.8190021231422505,0.6127167630057804,0.2789473684210526,0.2254335260115607,9416,0.19424384027187766,348,53,36,17,0.6792452830188679,0.6522988505747126,36.0,0.6656603773584906,3,default,rf
3,0.15,random,0.8136539287247746,0.5321100917431193,0.25892857142857145,0.06422018348623854,11642,0.19309397010822882,323,49,35,14,0.7142857142857143,0.6377708978328174,35.0,0.6312244897959184,3,default,rf
4,0.15,random,0.8277356446370531,0.651685393258427,0.2184557438794727,0.30337078651685395,13845,0.18858793788371253,350,53,28,25,0.5283018867924528,0.5885714285714285,28.0,0.6622012578616353,3,default,rf
5,0.15,random,0.8263845675171126,0.6221374045801527,0.2620578778135048,0.24427480916030533,16068,0.18739108787652478,326,49,36,13,0.7346938775510204,0.6840490797546013,36.0,0.6536734693877552,3,default,rf
6,0.15,random,0.8264553156600164,0.6102941176470589,0.23884892086330936,0.22058823529411764,18291,0.18473566234760264,326,49,30,19,0.6122448979591837,0.6319018404907976,30.0,0.6522448979591836,3,default,rf
7,0.15,random,0.8258536585365853,0.5984555984555985,0.20261437908496732,0.1969111969111969,20497,0.18280724008391472,346,52,42,10,0.8076923076923077,0.6416184971098265,42.0,0.6458653846153847,3,default,rf
8,0.15,random,0.8253409590849098,0.630188679245283,0.19351100811123986,0.26037735849056604,22730,0.18143422789265287,315,48,31,17,0.6458333333333334,0.6253968253968254,31.0,0.7010416666666667,3,default,rf
9,0.15,random,0.8292242934455802,0.5844155844155844,0.19911504424778761,0.16883116883116883,24945,0.1801162557626779,336,51,35,16,0.6862745098039216,0.6071428571428571,35.0,0.6672549019607845,3,default,rf
10,0.15,random,0.8332413031474324,0.60625,0.19917864476386038,0.2125,27165,0.17842812442481135,330,50,29,21,0.58,0.6272727272727273,29.0,0.6639333333333333,3,default,rf
0,0.15,random,0.807,0.6076923076923076,0.3574660633484163,0.2153846153846154,5000,0.2196,0,0,0,0,0.0,0.0,0.0,0.0,4,default,rf
1,0.15,random,0.8131487889273357,0.5740740740740741,0.3163265306122449,0.14814814814814814,7221,0.20620412685223652,329,50,41,9,0.82,0.6930091185410334,41.0,0.6688,4,default,rf
2,0.15,random,0.8189518263631551,0.6375,0.26424870466321243,0.275,9444,0.19684455739093604,327,50,30,20,0.6,0.6146788990825688,30.0,0.6766,4,default,rf
3,0.15,random,0.8211694408877508,0.5544554455445545,0.25396825396825395,0.10891089108910891,11711,0.1934932969003501,275,42,24,18,0.5714285714285714,0.6545454545454545,24.0,0.655,4,default,rf
4,0.15,random,0.8263214670981661,0.5933609958506224,0.2708333333333333,0.18672199170124482,13905,0.18827759798633584,361,55,27,28,0.4909090909090909,0.5761772853185596,27.0,0.6665454545454544,4,default,rf
5,0.15,random,0.8318858560794045,0.6198347107438017,0.25,0.2396694214876033,16117,0.18595272072966432,339,51,38,13,0.7450980392156863,0.640117994100295,38.0,0.6511764705882354,4,default,rf
6,0.15,random,0.832425068119891,0.6345381526104418,0.2316715542521994,0.26907630522088355,18347,0.1825366544939227,318,48,27,21,0.5625,0.6320754716981132,27.0,0.6540277777777779,4,default,rf
7,0.15,random,0.8325230918813806,0.5882352941176471,0.22972972972972974,0.17647058823529413,20569,0.18090330108415578,328,50,33,17,0.66,0.6158536585365854,33.0,0.643,4,default,rf
8,0.15,random,0.8305159165751921,0.5833333333333334,0.2048780487804878,0.16666666666666666,22773,0.18074035041496508,349,53,36,17,0.6792452830188679,0.673352435530086,36.0,0.6511320754716982,4,default,rf
9,0.15,random,0.8312674930027989,0.6013745704467354,0.1937984496124031,0.2027491408934708,25007,0.18030951333626585,314,48,28,20,0.5833333333333334,0.5732484076433121,28.0,0.6625892857142857,4,default,rf
10,0.15,random,0.8333027354507068,0.6028985507246377,0.212461695607763,0.20579710144927535,27232,0.17942126909518213,324,49,33,16,0.673469387755102,0.6635802469135802,33.0,0.6546938775510205,4,default,rf
0,0.2,random,0.822,0.6747967479674797,0.3755656108597285,0.34959349593495936,5000,0.2226,0,0,0,0,0.0,0.0,0.0,0.0,0,default,rf
1,0.2,random,0.8268965517241379,0.6144578313253012,0.35294117647058826,0.2289156626506024,7247,0.20587829446667585,317,64,37,27,0.578125,0.5962145110410094,37.0,0.67671875,0,default,rf
2,0.2,random,0.820620725933719,0.6104651162790697,0.2770448548812665,0.22093023255813954,9504,0.20096801346801346,304,61,43,18,0.7049180327868853,0.6578947368421053,43.0,0.6542622950819674,0,default,rf
3,0.2,random,0.8264392324093817,0.7010869565217391,0.2681912681912682,0.40217391304347827,11721,0.1937547990785769,354,71,38,33,0.5352112676056338,0.6073446327683616,38.0,0.6763380281690141,0,default,rf
4,0.2,random,0.8274874731567645,0.6465116279069767,0.25504587155963304,0.2930232558139535,13970,0.19269863994273442,314,63,43,20,0.6825396825396826,0.6560509554140127,43.0,0.6655555555555556,0,default,rf
5,0.2,random,0.8290203327171903,0.6231884057971014,0.21287128712871287,0.2463768115942029,16228,0.1896105496672418,303,61,41,20,0.6721311475409836,0.6336633663366337,41.0,0.6551229508196721,0,default,rf
6,0.2,random,0.8286874154262517,0.6265060240963856,0.22413793103448276,0.25301204819277107,18473,0.18654252151789097,319,64,38,26,0.59375,0.6332288401253918,38.0,0.6685937500000001,0,default,rf
7,0.2,random,0.8351038145823274,0.6061776061776062,0.2127371273712737,0.21235521235521235,20706,0.18477735921954988,334,67,43,24,0.6417910447761194,0.6227544910179641,43.0,0.7004726368159204,0,default,rf
8,0.2,random,0.8250544662309368,0.5936395759717314,0.19626168224299065,0.1872791519434629,22946,0.18347424387692843,326,66,43,23,0.6515151515151515,0.6625766871165644,43.0,0.6759292929292929,0,default,rf
9,0.2,random,0.8350884164514206,0.6086956521739131,0.21777777777777776,0.21739130434782608,25163,0.18276835035568095,354,71,45,26,0.6338028169014085,0.6101694915254238,45.0,0.6611478873239436,0,default,rf
10,0.2,random,0.8305641774694176,0.5772357723577236,0.216243654822335,0.15447154471544716,27383,0.18212029361282547,351,71,49,22,0.6901408450704225,0.6410256410256411,49.0,0.6830657276995306,0,default,rf
0,0.2,random,0.795,0.5673758865248227,0.35714285714285715,0.1347517730496454,5000,0.2286,0,0,0,0,0.0,0.0,0.0,0.0,1,default,rf
1,0.2,random,0.7929606625258799,0.5882352941176471,0.27522935779816515,0.17647058823529413,7242,0.21499585749792874,323,65,36,29,0.5538461538461539,0.6006191950464397,36.0,0.6573846153846155,1,default,rf
2,0.2,random,0.8133262823902697,0.6214689265536724,0.2777777777777778,0.24293785310734464,9451,0.20262406094593166,364,73,34,39,0.4657534246575342,0.5741758241758241,34.0,0.6552054794520547,1,default,rf
3,0.2,random,0.8158119658119658,0.588495575221239,0.2823779193205945,0.17699115044247787,11699,0.19591418069920505,316,64,42,22,0.65625,0.6265822784810127,42.0,0.6331249999999999,1,default,rf
4,0.2,random,0.8196486195769093,0.5208333333333334,0.24366471734892786,0.041666666666666664,13944,0.18990246701090074,319,64,43,21,0.671875,0.64576802507837,43.0,0.66546875,1,default,rf
5,0.2,random,0.8216934487021014,0.5535055350553506,0.24752475247524752,0.1070110701107011,16176,0.1873763600395648,336,68,41,27,0.6029411764705882,0.6309523809523809,41.0,0.661299019607843,1,default,rf
6,0.2,random,0.8369565217391305,0.6213235294117647,0.25375375375375375,0.2426470588235294,18400,0.18532608695652175,346,70,45,25,0.6428571428571429,0.6098265895953757,45.0,0.6578095238095237,1,default,rf
7,0.2,random,0.8216885007278021,0.573170731707317,0.24010217113665389,0.14634146341463414,20606,0.18455789575851694,368,74,45,29,0.6081081081081081,0.6222826086956522,45.0,0.6628468468468468,1,default,rf
8,0.2,random,0.8299737072743207,0.6107594936708861,0.2281323877068558,0.22151898734177214,22818,0.1834078359190113,360,72,44,28,0.6111111111111112,0.6111111111111112,44.0,0.6499999999999999,1,default,rf
9,0.2,random,0.8410860451187862,0.6545961002785515,0.25909592061742004,0.30919220055710306,25045,0.18291076063086445,342,69,49,20,0.7101449275362319,0.6549707602339181,49.0,0.6797101449275361,1,default,rf
10,0.2,random,0.8315615835777126,0.5875,0.23761375126390294,0.175,27279,0.1814582645991422,333,67,40,27,0.5970149253731343,0.6066066066066066,40.0,0.6658706467661691,1,default,rf
0,0.2,random,0.825,0.65625,0.39069767441860465,0.3125,5000,0.2188,0,0,0,0,0.0,0.0,0.0,0.0,2,default,rf
1,0.2,random,0.8314917127071824,0.6370370370370371,0.30604982206405695,0.2740740740740741,7236,0.20715865118850194,331,67,46,21,0.6865671641791045,0.6555891238670695,46.0,0.6856716417910448,2,default,rf
2,0.2,random,0.8319283456269758,0.6325301204819277,0.2892561983471074,0.26506024096385544,9488,0.19677487352445194,311,63,38,25,0.6031746031746031,0.5819935691318328,38.0,0.6463492063492065,2,default,rf
3,0.2,random,0.8344709897610921,0.6829268292682927,0.3023758099352052,0.36585365853658536,11720,0.19436860068259385,336,68,52,16,0.7647058823529411,0.6755952380952381,52.0,0.6753676470588235,2,default,rf
4,0.2,random,0.8286124058802438,0.6150627615062761,0.275797373358349,0.2301255230125523,13945,0.19139476514879886,344,69,46,23,0.6666666666666666,0.6511627906976745,46.0,0.6572463768115941,2,default,rf
5,0.2,random,0.8312731767614339,0.6450381679389313,0.2717041800643087,0.2900763358778626,16177,0.18736477715274774,335,67,34,33,0.5074626865671642,0.564179104477612,34.0,0.6280099502487562,2,default,rf
6,0.2,random,0.8347354138398915,0.6033898305084746,0.2656716417910448,0.20677966101694914,18421,0.1861462461321318,321,65,43,22,0.6615384615384615,0.6355140186915887,43.0,0.6671794871794872,2,default,rf
7,0.2,random,0.8317191283292978,0.5904761904761905,0.2473404255319149,0.18095238095238095,20648,0.1843277799302596,342,69,46,23,0.6666666666666666,0.6286549707602339,46.0,0.6818599033816425,2,default,rf
8,0.2,random,0.83526327288617,0.6421404682274248,0.22884386174016685,0.2842809364548495,22884,0.1843209229155742,330,66,49,17,0.7424242424242424,0.6242424242424243,49.0,0.6790151515151515,2,default,rf
9,0.2,random,0.8295883873533506,0.6234177215189873,0.2106951871657754,0.2468354430379747,25141,0.18420110576349388,304,61,35,26,0.5737704918032787,0.6480263157894737,35.0,0.6622540983606557,2,default,rf
10,0.2,random,0.8280080335950338,0.6083333333333333,0.21470588235294116,0.21666666666666667,27383,0.18281415476755652,323,65,34,31,0.5230769230769231,0.5975232198142415,34.0,0.6477538461538461,2,default,rf
0,0.2,random,0.808,0.5245901639344263,0.32323232323232326,0.04918032786885246,5000,0.211,0,0,0,0,0.0,0.0,0.0,0.0,3,default,rf
1,0.2,random,0.8125864453665284,0.6394557823129252,0.30128205128205127,0.2789115646258503,7228,0.20268400664084119,341,69,47,22,0.6811594202898551,0.656891495601173,47.0,0.681304347826087,3,default,rf
2,0.2,random,0.8197674418604651,0.5944444444444444,0.2853333333333333,0.18888888888888888,9460,0.19651162790697674,336,68,41,27,0.6029411764705882,0.6488095238095238,41.0,0.6625000000000001,3,default,rf
3,0.2,random,0.8136752136752137,0.5876777251184834,0.26215644820295986,0.17535545023696683,11696,0.19528043775649795,330,66,40,26,0.6060606060606061,0.6212121212121212,40.0,0.6563636363636364,3,default,rf
4,0.2,random,0.8231072838177251,0.6146341463414634,0.23333333333333334,0.22926829268292684,13932,0.19186046511627908,330,66,45,21,0.6818181818181818,0.5969696969696969,45.0,0.6624242424242424,3,default,rf
5,0.2,random,0.8229842446709916,0.6095617529880478,0.24363057324840764,0.21912350597609562,16185,0.1904850169910411,309,62,41,21,0.6612903225806451,0.7055016181229773,41.0,0.6501612903225807,3,default,rf
6,0.2,random,0.8222523744911805,0.5992647058823529,0.229901269393512,0.19852941176470587,18425,0.18795115332428766,325,65,44,21,0.676923076923077,0.64,44.0,0.6866153846153846,3,default,rf
7,0.2,random,0.8303484995159729,0.596551724137931,0.2285336856010568,0.19310344827586207,20658,0.1857391809468487,334,67,47,20,0.7014925373134329,0.6616766467065869,47.0,0.6950746268656718,3,default,rf
8,0.2,random,0.8338427947598254,0.584717607973422,0.21674876847290642,0.16943521594684385,22900,0.18388646288209606,323,65,37,28,0.5692307692307692,0.6377708978328174,37.0,0.6446820512820512,3,default,rf
9,0.2,random,0.8327366746221162,0.5976331360946746,0.2227122381477398,0.1952662721893491,25138,0.1826318720661946,328,66,46,20,0.696969696969697,0.6219512195121951,46.0,0.6824242424242425,3,default,rf
10,0.2,random,0.8351287201022457,0.5911764705882353,0.20829015544041452,0.18235294117647058,27382,0.1811043751369513,320,64,38,26,0.59375,0.63125,38.0,0.6436458333333335,3,default,rf
0,0.2,random,0.807,0.6076923076923076,0.3574660633484163,0.2153846153846154,5000,0.2196,0,0,0,0,0.0,0.0,0.0,0.0,4,default,rf
1,0.2,random,0.81353591160221,0.5878378378378378,0.2939189189189189,0.17567567567567569,7237,0.2068536686472295,329,66,49,17,0.7424242424242424,0.6930091185410334,49.0,0.6527272727272727,4,default,rf
2,0.2,random,0.8149710068529257,0.5988372093023255,0.2675324675324675,0.19767441860465115,9481,0.19755300073831875,320,64,33,31,0.515625,0.61875,33.0,0.6615625,4,default,rf
3,0.2,random,0.8204255319148936,0.6038647342995169,0.26881720430107525,0.20772946859903382,11748,0.1940755873340143,292,59,39,20,0.6610169491525424,0.6678082191780822,39.0,0.685358757062147,4,default,rf
4,0.2,random,0.8305327136217375,0.6428571428571429,0.2822878228782288,0.2857142857142857,13985,0.18998927422238113,329,66,41,25,0.6212121212121212,0.5987841945288754,41.0,0.6620151515151513,4,default,rf
5,0.2,random,0.8317411402157164,0.6150943396226415,0.2685337726523888,0.23018867924528302,16222,0.18770805079521638,329,66,44,22,0.6666666666666666,0.6504559270516718,44.0,0.6536363636363638,4,default,rf
6,0.2,random,0.8313937753721244,0.5970695970695971,0.2411242603550296,0.19413919413919414,18472,0.18482026851450845,313,63,41,22,0.6507936507936508,0.6325878594249201,41.0,0.6647619047619048,4,default,rf
7,0.2,random,0.8277442702050664,0.5836177474402731,0.22411533420707733,0.16723549488054607,20721,0.1836301336808069,314,63,42,21,0.6666666666666666,0.6114649681528662,42.0,0.6606031746031746,4,default,rf
8,0.2,random,0.8282542446669569,0.6445182724252492,0.22146118721461186,0.28903654485049834,22967,0.18404667566508467,318,64,49,15,0.765625,0.6949685534591195,49.0,0.6764322916666666,4,default,rf
9,0.2,random,0.8299643281807372,0.6289308176100629,0.2127659574468085,0.2578616352201258,25226,0.18385792436375167,302,61,41,20,0.6721311475409836,0.5794701986754967,41.0,0.6819672131147542,4,default,rf
10,0.2,random,0.8282957028404953,0.5941176470588235,0.2005958291956306,0.18823529411764706,27460,0.18262927895120173,333,67,41,26,0.6119402985074627,0.6696696696696697,41.0,0.6841791044776119,4,default,rf
0,0.3,random,0.822,0.6747967479674797,0.3755656108597285,0.34959349593495936,5000,0.2226,0,0,0,0,0.0,0.0,0.0,0.0,0,default,rf
1,0.3,random,0.8282967032967034,0.6158940397350994,0.3263157894736842,0.23178807947019867,7279,0.2073086962494848,317,96,54,42,0.5625,0.5962145110410094,54.0,0.6597916666666667,0,default,rf
2,0.3,random,0.8262004175365344,0.6231155778894473,0.32460732984293195,0.24623115577889448,9580,0.20396659707724427,285,86,55,31,0.6395348837209303,0.6491228070175439,55.0,0.6575581395348836,0,default,rf
3,0.3,random,0.8225602027883396,0.6439024390243903,0.2755741127348643,0.28780487804878047,11831,0.1979545262446116,356,107,69,38,0.6448598130841121,0.6151685393258427,69.0,0.6714953271028038,0,default,rf
4,0.3,random,0.814959234314073,0.645021645021645,0.2529711375212224,0.29004329004329005,14105,0.19730591988656504,323,97,61,36,0.6288659793814433,0.631578947368421,61.0,0.6655670103092782,0,default,rf
5,0.3,random,0.8235294117647058,0.5905797101449275,0.2591414944356121,0.18115942028985507,16402,0.19454944518961104,290,87,55,32,0.632183908045977,0.6310344827586207,55.0,0.6551724137931034,0,default,rf
6,0.3,random,0.8243641231593039,0.6217105263157895,0.2589041095890411,0.24342105263157895,18674,0.19224590339509479,327,99,67,32,0.6767676767676768,0.6146788990825688,67.0,0.6878030303030301,0,default,rf
7,0.3,random,0.8191591017677974,0.5903614457831325,0.23990208078335373,0.18072289156626506,20930,0.18991877687529862,349,105,63,42,0.6,0.6389684813753582,63.0,0.6595714285714287,0,default,rf
8,0.3,random,0.8242137009909521,0.568,0.24567474048442905,0.136,23209,0.1889353268128743,316,95,62,33,0.6526315789473685,0.6613924050632911,62.0,0.6768157894736843,0,default,rf
9,0.3,random,0.8230557737627652,0.5880829015544041,0.23426212590299278,0.17616580310880828,25457,0.18816042738735908,360,108,68,40,0.6296296296296297,0.6194444444444445,68.0,0.6877067901234567,0,default,rf
10,0.3,random,0.8216411181244364,0.5885167464114832,0.23142050799623706,0.17703349282296652,27722,0.1875766539210735,336,101,69,32,0.6831683168316832,0.6636904761904762,69.0,0.6781735030645923,0,default,rf
0,0.3,random,0.795,0.5673758865248227,0.35714285714285715,0.1347517730496454,5000,0.2286,0,0,0,0,0.0,0.0,0.0,0.0,1,default,rf
1,0.3,random,0.8034364261168385,0.6375,0.3090909090909091,0.275,7274,0.21748693978553754,323,97,61,36,0.6288659793814433,0.6006191950464397,61.0,0.6439175257731958,1,default,rf
2,0.3,random,0.8251968503937008,0.6524064171122995,0.3128205128205128,0.3048128342245989,9522,0.20741440873766015,361,109,73,36,0.6697247706422018,0.590027700831025,73.0,0.6545871559633027,1,default,rf
3,0.3,random,0.8249258160237388,0.6650485436893204,0.28482328482328484,0.3300970873786408,11791,0.2004919006021542,331,100,56,44,0.56,0.6042296072507553,56.0,0.6598,1,default,rf
4,0.3,random,0.8210227272727273,0.562992125984252,0.2667910447761194,0.12598425196850394,14080,0.1955965909090909,302,91,58,33,0.6373626373626373,0.6192052980132451,58.0,0.6778021978021977,1,default,rf
5,0.3,random,0.8323646375038238,0.6332179930795848,0.2928,0.2664359861591695,16342,0.19336678497123974,341,103,67,36,0.6504854368932039,0.6304985337243402,67.0,0.6637864077669905,1,default,rf
6,0.3,random,0.8329752953813104,0.6333333333333333,0.2706552706552707,0.26666666666666666,18616,0.19193167168027503,323,97,67,30,0.6907216494845361,0.6160990712074303,67.0,0.6788659793814432,1,default,rf
7,0.3,random,0.8311750599520383,0.6534954407294833,0.2670807453416149,0.3069908814589666,20848,0.19090560245587107,383,115,72,43,0.6260869565217392,0.6318537859007833,72.0,0.6614202898550726,1,default,rf
8,0.3,random,0.830592816962354,0.6259946949602122,0.26879271070615035,0.2519893899204244,23106,0.19012377737384228,347,105,70,35,0.6666666666666666,0.6195965417867435,70.0,0.6763317460317462,1,default,rf
9,0.3,random,0.8258726089528693,0.6322115384615384,0.2648539778449144,0.2644230769230769,25354,0.18935868107596435,360,108,70,38,0.6481481481481481,0.6472222222222223,70.0,0.6703395061728395,1,default,rf
10,0.3,random,0.8334238638421148,0.6303854875283447,0.26859903381642514,0.26077097505668934,27614,0.18809299630622148,344,104,71,33,0.6826923076923077,0.6075581395348837,71.0,0.6600721153846154,1,default,rf
0,0.3,random,0.825,0.65625,0.39069767441860465,0.3125,5000,0.2188,0,0,0,0,0.0,0.0,0.0,0.0,2,default,rf
1,0.3,random,0.8204951856946355,0.6089743589743589,0.3220338983050847,0.21794871794871795,7269,0.20883202641353693,331,100,65,35,0.65,0.6555891238670695,65.0,0.6767,2,default,rf
2,0.3,random,0.8238369053842133,0.6720430107526881,0.3117206982543641,0.34408602150537637,9563,0.19993725818257868,295,89,59,30,0.6629213483146067,0.5966101694915255,59.0,0.6734831460674157,2,default,rf
3,0.3,random,0.813953488372093,0.583756345177665,0.24312896405919662,0.16751269035532995,11825,0.19687103594080338,341,103,68,35,0.6601941747572816,0.6979472140762464,68.0,0.6672815533980582,2,default,rf
4,0.3,random,0.824822695035461,0.6489795918367347,0.2804232804232804,0.2979591836734694,14096,0.1954455164585698,328,99,65,34,0.6565656565656566,0.6310975609756098,65.0,0.6888888888888889,2,default,rf
5,0.3,random,0.8321635642355814,0.6580882352941176,0.28144654088050314,0.3161764705882353,16383,0.19196728315937253,305,92,60,32,0.6521739130434783,0.6131147540983607,60.0,0.6656521739130435,2,default,rf
6,0.3,random,0.8291834002677376,0.645367412140575,0.27709190672153633,0.29073482428115016,18671,0.1911520539874672,303,91,59,32,0.6483516483516484,0.6402640264026402,59.0,0.6676923076923077,2,default,rf
7,0.3,random,0.8319006685768864,0.6318840579710145,0.2742138364779874,0.263768115942029,20938,0.18960741236030185,333,100,66,34,0.66,0.6336336336336337,66.0,0.6783899999999998,2,default,rf
8,0.3,random,0.8295993106419647,0.5889212827988338,0.23708920187793428,0.17784256559766765,23210,0.18953037483843171,326,98,63,35,0.6428571428571429,0.6226993865030674,63.0,0.6613265306122449,2,default,rf
9,0.3,random,0.8275456150676869,0.5753424657534246,0.22483940042826553,0.1506849315068493,25484,0.18929524407471354,324,98,57,41,0.5816326530612245,0.6388888888888888,57.0,0.6621428571428571,2,default,rf
10,0.3,random,0.832282471626734,0.6298076923076923,0.2521655437921078,0.25961538461538464,27755,0.18821833903801116,328,99,67,32,0.6767676767676768,0.6128048780487805,67.0,0.6658063973063973,2,default,rf
0,0.3,random,0.808,0.5245901639344263,0.32323232323232326,0.04918032786885246,5000,0.211,0,0,0,0,0.0,0.0,0.0,0.0,3,default,rf
1,0.3,random,0.8245010323468686,0.68125,0.34824281150159747,0.3625,7262,0.20517763701459654,341,103,72,31,0.6990291262135923,0.656891495601173,72.0,0.653009708737864,3,default,rf
2,0.3,random,0.8213347346295323,0.6122448979591837,0.3125,0.22448979591836735,9512,0.20058873002523128,358,108,73,35,0.6759259259259259,0.6312849162011173,73.0,0.6551851851851852,3,default,rf
3,0.3,random,0.8242784380305602,0.602510460251046,0.31101511879049676,0.20502092050209206,11776,0.19921875,338,102,59,43,0.5784313725490197,0.6242603550295858,59.0,0.6465686274509804,3,default,rf
4,0.3,random,0.823068707725169,0.6493506493506493,0.26501766784452296,0.2987012987012987,14044,0.19581315864426088,332,100,62,38,0.62,0.5993975903614458,62.0,0.6711,3,default,rf
5,0.3,random,0.8278186274509803,0.6463878326996197,0.26604068857589985,0.29277566539923955,16316,0.1945942632998284,327,99,67,32,0.6767676767676768,0.7003058103975535,67.0,0.6494949494949495,3,default,rf
6,0.3,random,0.8252218338262974,0.6072607260726073,0.2573426573426573,0.2145214521452145,18595,0.192040871201936,317,96,60,36,0.625,0.6561514195583596,60.0,0.679375,3,default,rf
7,0.3,random,0.8374490529848957,0.6320754716981132,0.2637795275590551,0.2641509433962264,20854,0.18974777021194975,345,104,67,37,0.6442307692307693,0.663768115942029,67.0,0.6719070512820513,3,default,rf
8,0.3,random,0.8299848779434003,0.6088328075709779,0.22546728971962618,0.21766561514195584,23142,0.1889205773053323,303,91,57,34,0.6263736263736264,0.6105610561056105,57.0,0.6697875457875457,3,default,rf
9,0.3,random,0.8241542092840283,0.609254498714653,0.24208375893769152,0.2185089974293059,25418,0.18781965536234166,321,97,66,31,0.6804123711340206,0.6292834890965732,66.0,0.6875257731958763,3,default,rf
10,0.3,random,0.8305360043313481,0.6155778894472361,0.2376333656644035,0.23115577889447236,27702,0.18673741968088947,309,93,63,30,0.6774193548387096,0.6343042071197411,63.0,0.6698924731182796,3,default,rf
0,0.3,random,0.807,0.6076923076923076,0.3574660633484163,0.2153846153846154,5000,0.2196,0,0,0,0,0.0,0.0,0.0,0.0,4,default,rf
1,0.3,random,0.8184319119669876,0.64375,0.33225806451612905,0.2875,7270,0.20852819807427786,329,99,68,31,0.6868686868686869,0.6930091185410334,68.0,0.6694949494949495,4,default,rf
2,0.3,random,0.8182294394971189,0.6290322580645161,0.29620253164556964,0.25806451612903225,9543,0.200880226343917,325,98,61,37,0.6224489795918368,0.6184615384615385,61.0,0.6632823129251701,4,default,rf
3,0.3,random,0.8248945147679325,0.6066350710900474,0.2782608695652174,0.2132701421800948,11847,0.1985312737401874,280,84,55,29,0.6547619047619048,0.6535714285714286,55.0,0.6791666666666667,4,default,rf
4,0.3,random,0.8257173219978746,0.6265060240963856,0.2810810810810811,0.25301204819277107,14112,0.19465702947845806,336,101,65,36,0.6435643564356436,0.6041666666666666,65.0,0.6908811881188117,4,default,rf
5,0.3,random,0.8222900763358779,0.597864768683274,0.26373626373626374,0.19572953736654805,16371,0.19271883208111906,345,104,61,43,0.5865384615384616,0.6115942028985507,61.0,0.667400641025641,4,default,rf
6,0.3,random,0.8224248927038627,0.599290780141844,0.23537604456824512,0.19858156028368795,18638,0.18950531172872626,334,101,64,37,0.6336633663366337,0.6377245508982036,64.0,0.689476897689769,4,default,rf
7,0.3,random,0.827116212338594,0.6182965299684543,0.24561403508771928,0.23659305993690852,20906,0.18817564335597436,332,100,62,38,0.62,0.6054216867469879,62.0,0.6672999999999999,4,default,rf
8,0.3,random,0.8322191071813673,0.6328358208955224,0.24452133794694347,0.2656716417910448,23181,0.1888184288857254,322,97,74,23,0.7628865979381443,0.6987577639751553,74.0,0.669254295532646,4,default,rf
9,0.3,random,0.8331370239497448,0.6582633053221288,0.24402907580477673,0.3165266106442577,25466,0.1884473415534438,308,93,55,38,0.5913978494623656,0.577922077922078,55.0,0.6786021505376344,4,default,rf
10,0.3,random,0.8271760677599568,0.616751269035533,0.23120837297811608,0.233502538071066,27741,0.18777261093688044,322,97,65,32,0.6701030927835051,0.6645962732919255,65.0,0.6830927835051547,4,default,rf
0,0.5,random,0.822,0.6747967479674797,0.3755656108597285,0.34959349593495936,5000,0.2226,0,0,0,0,0.0,0.0,0.0,0.0,0,default,rf
1,0.5,random,0.8304969366916269,0.6193548387096774,0.3356643356643357,0.23870967741935484,7342,0.21138654317624625,317,159,97,62,0.610062893081761,0.5962145110410094,97.0,0.6667924528301887,0,default,rf
2,0.5,random,0.816400206291903,0.6019417475728155,0.31155778894472363,0.20388349514563106,9691,0.20895676400784233,302,151,99,52,0.6556291390728477,0.6655629139072847,99.0,0.6672847682119205,0,default,rf
3,0.5,random,0.8240432612312812,0.6446280991735537,0.31643002028397565,0.2892561983471074,12019,0.20434312338796906,344,172,99,73,0.5755813953488372,0.5988372093023255,99.0,0.6587209302325582,0,default,rf
4,0.5,random,0.8293871866295265,0.6610738255033557,0.3361774744027304,0.3221476510067114,14356,0.20451379214265814,327,164,107,57,0.6524390243902439,0.6452599388379205,107.0,0.6706707317073172,0,default,rf
5,0.5,random,0.8204667863554758,0.637223974763407,0.2940320232896652,0.2744479495268139,16707,0.20207098820853533,298,149,96,53,0.6442953020134228,0.6442953020134228,96.0,0.6518008948545861,0,default,rf
6,0.5,random,0.8239307268433482,0.6210826210826211,0.28835978835978837,0.24216524216524216,19051,0.19998950186341924,312,156,103,53,0.6602564102564102,0.6474358974358975,103.0,0.6616666666666666,0,default,rf
7,0.5,random,0.8274087932647334,0.6286472148541115,0.2838323353293413,0.2572944297082228,21380,0.1990177736202058,343,172,118,54,0.686046511627907,0.6355685131195336,118.0,0.6662974806201549,0,default,rf
8,0.5,random,0.8238145416227608,0.6096997690531177,0.28356605800214824,0.21939953810623555,23724,0.19865958523014668,312,156,109,47,0.6987179487179487,0.6666666666666666,109.0,0.6737500000000001,0,default,rf
9,0.5,random,0.8247600767754318,0.623059866962306,0.2744140625,0.24611973392461198,26050,0.1981190019193858,349,175,107,68,0.6114285714285714,0.6275071633237822,107.0,0.6782190476190477,0,default,rf
10,0.5,random,0.8313953488372093,0.6453488372093024,0.3008130081300813,0.29069767441860467,28377,0.1980829545054093,346,173,116,57,0.6705202312138728,0.6358381502890174,116.0,0.6970346820809248,0,default,rf
0,0.5,random,0.795,0.5673758865248227,0.35714285714285715,0.1347517730496454,5000,0.2286,0,0,0,0,0.0,0.0,0.0,0.0,1,default,rf
1,0.5,random,0.7915531335149864,0.6514285714285715,0.31754874651810583,0.3028571428571429,7339,0.21992097015942227,323,162,93,69,0.5740740740740741,0.6006191950464397,93.0,0.6611111111111111,1,default,rf
2,0.5,random,0.8143743536711479,0.5833333333333334,0.3189873417721519,0.16666666666666666,9669,0.2115006722515255,340,170,105,65,0.6176470588235294,0.6088235294117647,105.0,0.6615294117647059,1,default,rf
3,0.5,random,0.8211314475873545,0.6235294117647059,0.3225152129817444,0.24705882352941178,12017,0.20612465673629027,305,153,96,57,0.6274509803921569,0.6459016393442623,96.0,0.6626797385620916,1,default,rf
4,0.5,random,0.8182451253481894,0.6192052980132451,0.3148148148148148,0.23841059602649006,14357,0.20185275475377865,320,160,107,53,0.66875,0.640625,107.0,0.6754999999999999,1,default,rf
5,0.5,random,0.8191075172207247,0.6342182890855457,0.30935251798561153,0.26843657817109146,16692,0.20033549005511622,330,165,104,61,0.6303030303030303,0.6424242424242425,104.0,0.6535656565656565,1,default,rf
6,0.5,random,0.824224908039937,0.6166666666666667,0.2948207171314741,0.23333333333333334,19027,0.1988227256004625,331,166,96,70,0.5783132530120482,0.6102719033232629,96.0,0.6529718875502009,1,default,rf
7,0.5,random,0.8215874502458441,0.6230769230769231,0.28321678321678323,0.24615384615384617,21351,0.198632382558194,353,177,104,73,0.5875706214689266,0.6317280453257791,104.0,0.6743079096045197,1,default,rf
8,0.5,random,0.8253431890179515,0.6216814159292036,0.29989327641408753,0.24336283185840707,23675,0.1982259767687434,353,177,102,75,0.576271186440678,0.5892351274787535,102.0,0.6672787193973635,1,default,rf
9,0.5,random,0.8216413607534115,0.6183953033268101,0.30123927550047663,0.23679060665362034,26012,0.19856220206058742,327,164,113,51,0.6890243902439024,0.6483180428134556,113.0,0.6708715156794425,1,default,rf
10,0.5,random,0.8202504850943729,0.5851449275362319,0.29020664869721474,0.17028985507246377,28343,0.1971562643333451,339,170,98,72,0.5764705882352941,0.6076696165191741,98.0,0.6773186274509805,1,default,rf
0,0.5,random,0.825,0.65625,0.39069767441860465,0.3125,5000,0.2188,0,0,0,0,0.0,0.0,0.0,0.0,2,default,rf
1,0.5,random,0.8084526244035446,0.5454545454545454,0.2847457627118644,0.09090909090909091,7335,0.21281526925698704,331,166,108,58,0.6506024096385542,0.6555891238670695,108.0,0.6519277108433735,2,default,rf
2,0.5,random,0.8198244708311823,0.702247191011236,0.29691211401425177,0.4044943820224719,9685,0.20423335054207536,300,150,84,66,0.56,0.5933333333333334,84.0,0.6625333333333333,2,default,rf
3,0.5,random,0.8228690228690229,0.6072874493927125,0.31315240083507306,0.2145748987854251,12021,0.20372681141335997,328,164,112,52,0.6829268292682927,0.6920731707317073,112.0,0.6739634146341463,2,default,rf
4,0.5,random,0.8167885754092651,0.6236559139784946,0.292436974789916,0.24731182795698925,14354,0.20293994705308624,334,167,109,58,0.6526946107784432,0.6407185628742516,109.0,0.6764071856287426,2,default,rf
5,0.5,random,0.8239520958083832,0.631578947368421,0.3031203566121842,0.2631578947368421,16697,0.19979637060549799,315,158,90,68,0.569620253164557,0.5841269841269842,90.0,0.6602215189873418,2,default,rf
6,0.5,random,0.824100813861906,0.5945945945945946,0.32396251673360105,0.1891891891891892,19045,0.19947492780257287,304,152,97,55,0.6381578947368421,0.6348684210526315,97.0,0.6755526315789474,2,default,rf
7,0.5,random,0.8278362573099415,0.6256038647342995,0.30833333333333335,0.25120772946859904,21372,0.19768856447688565,346,173,101,72,0.5838150289017341,0.638728323699422,101.0,0.6688930635838151,2,default,rf
8,0.5,random,0.8251792492619148,0.6615384615384615,0.27015706806282724,0.3230769230769231,23708,0.19748608064788256,328,164,92,72,0.5609756097560976,0.6219512195121951,92.0,0.6671646341463415,2,default,rf
9,0.5,random,0.8240936121235373,0.6215644820295984,0.28488372093023256,0.24312896405919662,26064,0.19793585021485574,289,145,96,49,0.6620689655172414,0.671280276816609,96.0,0.6535862068965518,2,default,rf
10,0.5,random,0.8222769663909907,0.6094069529652352,0.26678603401969564,0.21881390593047034,28411,0.19717714969554045,307,154,99,55,0.6428571428571429,0.6188925081433225,99.0,0.6504754174397032,2,default,rf
0,0.5,random,0.808,0.5245901639344263,0.32323232323232326,0.04918032786885246,5000,0.211,0,0,0,0,0.0,0.0,0.0,0.0,3,default,rf
1,0.5,random,0.8137789904502046,0.6611111111111111,0.3595166163141994,0.32222222222222224,7330,0.2092769440654843,341,171,116,55,0.6783625730994152,0.656891495601173,116.0,0.6594736842105263,3,default,rf
2,0.5,random,0.813568099430347,0.6506550218340611,0.3473193473193473,0.30131004366812225,9653,0.20687869056251942,355,178,115,63,0.6460674157303371,0.6281690140845071,115.0,0.6543258426966292,3,default,rf
3,0.5,random,0.8177648040033361,0.6113207547169811,0.32661290322580644,0.22264150943396227,11989,0.20752356326632745,329,165,103,62,0.6242424242424243,0.6139817629179332,103.0,0.6535757575757576,3,default,rf
4,0.5,random,0.8069808027923211,0.6359832635983264,0.2459546925566343,0.2719665271966527,14323,0.20463590030021644,333,167,95,72,0.5688622754491018,0.5795795795795796,95.0,0.6864191616766467,3,default,rf
5,0.5,random,0.819327731092437,0.6153846153846154,0.3058823529411765,0.23076923076923078,16657,0.2043585279462088,332,166,113,53,0.6807228915662651,0.6837349397590361,113.0,0.6755351405622491,3,default,rf
6,0.5,random,0.8189473684210526,0.6276923076923077,0.26459143968871596,0.2553846153846154,19000,0.2023157894736842,314,157,100,57,0.6369426751592356,0.6496815286624203,100.0,0.6771815286624203,3,default,rf
7,0.5,random,0.8322399250234301,0.6608187134502924,0.2736077481840194,0.3216374269005848,21336,0.2004124484439445,328,164,96,68,0.5853658536585366,0.6463414634146342,96.0,0.6819817073170733,3,default,rf
8,0.5,random,0.8209837449862782,0.5863636363636363,0.2792207792207792,0.17272727272727273,23685,0.19915558370276545,303,152,93,59,0.6118421052631579,0.6435643564356436,93.0,0.6660866228070176,3,default,rf
9,0.5,random,0.8217441413753361,0.621505376344086,0.27761767531219983,0.24301075268817204,26027,0.1980251277519499,316,158,95,63,0.6012658227848101,0.620253164556962,95.0,0.6823997890295358,3,default,rf
10,0.5,random,0.8204405286343612,0.5976095617529881,0.26857654431512984,0.1952191235059761,28374,0.19697610488475364,306,153,95,58,0.6209150326797386,0.6274509803921569,95.0,0.676450980392157,3,default,rf
0,0.5,random,0.807,0.6076923076923076,0.3574660633484163,0.2153846153846154,5000,0.2196,0,0,0,0,0.0,0.0,0.0,0.0,4,default,rf
1,0.5,random,0.8201634877384196,0.6081871345029239,0.34551495016611294,0.21637426900584794,7336,0.2125136314067612,329,165,111,54,0.6727272727272727,0.6930091185410334,111.0,0.6553414141414141,4,default,rf
2,0.5,random,0.8141455859576665,0.6298076923076923,0.3164251207729469,0.25961538461538464,9683,0.2067541051327068,306,153,98,55,0.6405228758169934,0.6405228758169934,98.0,0.6782897603485839,4,default,rf
3,0.5,random,0.8161062681610627,0.6162361623616236,0.3300395256916996,0.23247232472324722,12044,0.20557954168050482,279,140,94,46,0.6714285714285714,0.6559139784946236,94.0,0.6645119047619048,4,default,rf
4,0.5,random,0.8205217391304348,0.6379310344827587,0.3104026845637584,0.27586206896551724,14375,0.20215652173913043,339,170,101,69,0.5941176470588235,0.6017699115044248,101.0,0.675921568627451,4,default,rf
5,0.5,random,0.8219628964691801,0.6327160493827161,0.3010279001468429,0.2654320987654321,16706,0.20058661558721416,339,170,102,68,0.6,0.6342182890855457,102.0,0.6458833333333333,4,default,rf
6,0.5,random,0.823143531881396,0.6127167630057804,0.28191489361702127,0.2254335260115607,19053,0.19860389439983206,306,153,98,55,0.6405228758169934,0.6241830065359477,98.0,0.6674727668845316,4,default,rf
7,0.5,random,0.8252336448598131,0.6151832460732984,0.2811004784688995,0.23036649214659685,21399,0.1979531753820272,309,155,100,55,0.6451612903225806,0.6116504854368932,100.0,0.6702580645161291,4,default,rf
8,0.5,random,0.8350537181377712,0.684085510688836,0.3070362473347548,0.3681710213776722,23735,0.19890457130819464,328,164,115,49,0.7012195121951219,0.6829268292682927,115.0,0.6828506097560976,4,default,rf
9,0.5,random,0.8276457055214724,0.6546610169491526,0.29569377990430623,0.3093220338983051,26079,0.19870393803443384,313,157,97,60,0.6178343949044586,0.5782747603833865,97.0,0.6756104033970276,4,default,rf
10,0.5,random,0.8244194229415904,0.625,0.2841918294849023,0.25,28418,0.19853613906678866,323,162,112,50,0.691358024691358,0.653250773993808,112.0,0.6789578189300411,4,default,rf
0,0.75,random,0.822,0.6747967479674797,0.3755656108597285,0.34959349593495936,5000,0.2226,0,0,0,0,0.0,0.0,0.0,0.0,0,default,rf
1,0.75,random,0.8228956228956229,0.6358381502890174,0.3548387096774194,0.27167630057803466,7421,0.2142568387009837,317,238,135,103,0.5672268907563025,0.5962145110410094,135.0,0.665798319327731,0,default,rf
2,0.75,random,0.8214104515474379,0.6059322033898306,0.35572139303482586,0.211864406779661,9851,0.21530809054918282,280,210,145,65,0.6904761904761905,0.675,145.0,0.6630952380952381,0,default,rf
3,0.75,random,0.811251528740318,0.6186770428015564,0.30343511450381677,0.23735408560311283,12264,0.21192106979778214,348,261,148,113,0.5670498084291188,0.5977011494252874,148.0,0.6662452107279693,0,default,rf
4,0.75,random,0.8196051735874744,0.6545454545454545,0.34177215189873417,0.3090909090909091,14686,0.21312814925779655,315,237,158,79,0.6666666666666666,0.6698412698412698,158.0,0.663317158931083,0,default,rf
5,0.75,random,0.8317757009345794,0.6454293628808865,0.342143906020558,0.29085872576177285,17119,0.21198668146503885,270,203,136,67,0.6699507389162561,0.6407407407407407,136.0,0.6623152709359605,0,default,rf
6,0.75,random,0.8160184237461617,0.63,0.30619684082624543,0.26,19540,0.21059365404298874,318,239,149,90,0.6234309623430963,0.6163522012578616,149.0,0.6563772663877266,0,default,rf
7,0.75,random,0.8221766848816029,0.6331877729257642,0.3211517165005537,0.2663755458515284,21960,0.2098816029143898,320,240,153,87,0.6375,0.6375,153.0,0.6764279761904761,0,default,rf
8,0.75,random,0.8228782287822878,0.6156716417910447,0.3340080971659919,0.23134328358208955,24386,0.20979250389567786,298,224,150,74,0.6696428571428571,0.6711409395973155,150.0,0.6673407738095237,0,default,rf
9,0.75,random,0.8203693340794628,0.6,0.3125581395348837,0.2,26804,0.21011789285181315,329,247,169,78,0.6842105263157895,0.6474164133738601,169.0,0.6846599190283401,0,default,rf
10,0.75,random,0.8141683778234087,0.6177847113884556,0.32012934518997577,0.23556942277691106,29220,0.21019849418206707,339,255,167,88,0.6549019607843137,0.6519174041297935,167.0,0.6930254901960784,0,default,rf
0,0.75,random,0.795,0.5673758865248227,0.35714285714285715,0.1347517730496454,5000,0.2286,0,0,0,0,0.0,0.0,0.0,0.0,1,default,rf
1,0.75,random,0.7924528301886793,0.6629213483146067,0.3224043715846995,0.3258426966292135,7420,0.2247978436657682,323,243,147,96,0.6049382716049383,0.6006191950464397,147.0,0.6653909465020577,1,default,rf
2,0.75,random,0.8230808337569904,0.6329113924050633,0.36496350364963503,0.26582278481012656,9835,0.21870869344178953,343,258,154,104,0.5968992248062015,0.5947521865889213,154.0,0.6579909560723515,1,default,rf
3,0.75,random,0.8230016313213703,0.6476868327402135,0.3520309477756286,0.29537366548042704,12256,0.21532310704960836,317,238,151,87,0.634453781512605,0.6182965299684543,151.0,0.6597058823529411,1,default,rf
4,0.75,random,0.8235694822888283,0.6162464985994398,0.36605657237936773,0.23249299719887956,14679,0.21241228966550854,311,234,154,80,0.6581196581196581,0.6237942122186495,154.0,0.6695014245014246,1,default,rf
5,0.75,random,0.8146198830409357,0.6421568627450981,0.34933333333333333,0.28431372549019607,17096,0.21162845109967243,334,251,159,92,0.6334661354581673,0.6377245508982036,159.0,0.6680258964143426,1,default,rf
6,0.75,random,0.8260758196721312,0.6330472103004292,0.36737235367372356,0.26609442060085836,19517,0.210585643285341,317,238,149,89,0.6260504201680672,0.637223974763407,149.0,0.6576043417366947,1,default,rf
7,0.75,random,0.8232611174458381,0.6164122137404581,0.3600891861761427,0.23282442748091603,21925,0.21094640820980615,370,278,169,109,0.6079136690647482,0.6243243243243243,169.0,0.6740443645083932,1,default,rf
8,0.75,random,0.8153245686113394,0.6163194444444444,0.3436592449177154,0.2326388888888889,24338,0.21078149396006246,349,262,164,98,0.6259541984732825,0.6217765042979942,164.0,0.6744357506361324,1,default,rf
9,0.75,random,0.8256726457399103,0.6273006134969326,0.3721565059144677,0.254601226993865,26756,0.21109283898938555,331,249,162,87,0.6506024096385542,0.649546827794562,162.0,0.6721967871485944,1,default,rf
10,0.75,random,0.8203941730934019,0.6086956521739131,0.3403185247275775,0.21739130434782608,29175,0.20997429305912596,325,244,150,94,0.6147540983606558,0.6246153846153846,150.0,0.6729112021857923,1,default,rf
0,0.75,random,0.825,0.65625,0.39069767441860465,0.3125,5000,0.2188,0,0,0,0,0.0,0.0,0.0,0.0,2,default,rf
1,0.75,random,0.8173854447439353,0.58125,0.31313131313131315,0.1625,7418,0.21798328390401725,331,249,164,85,0.6586345381526104,0.6555891238670695,164.0,0.6723694779116467,2,default,rf
2,0.75,random,0.8236788617886179,0.6491228070175439,0.3566265060240964,0.2982456140350877,9838,0.21233990648505793,320,240,153,87,0.6375,0.6,153.0,0.6674166666666667,2,default,rf
3,0.75,random,0.817625458996328,0.6433333333333333,0.3621013133208255,0.2866666666666667,12255,0.21321909424724603,333,250,169,81,0.676,0.6936936936936937,169.0,0.68,2,default,rf
4,0.75,random,0.8282793867120954,0.6782334384858044,0.34846029173419774,0.35646687697160884,14673,0.21365773870374158,329,247,159,88,0.6437246963562753,0.6261398176291794,159.0,0.6816032388663967,2,default,rf
5,0.75,random,0.8134502923976609,0.6371428571428571,0.30381471389645776,0.2742857142857143,17096,0.21127749181094993,308,231,147,84,0.6363636363636364,0.6071428571428571,147.0,0.6741269841269842,2,default,rf
6,0.75,random,0.8278688524590164,0.6145610278372591,0.3684210526315789,0.2291220556745182,19519,0.21123008350837646,309,232,149,83,0.6422413793103449,0.6375404530744336,149.0,0.6694576149425288,2,default,rf
7,0.75,random,0.8233416913608388,0.6640159045725647,0.3553191489361702,0.32803180914512925,21933,0.2104591255186249,345,259,167,92,0.6447876447876448,0.6376811594202898,167.0,0.6689594594594593,2,default,rf
8,0.75,random,0.8261137343461301,0.62708719851577,0.3434959349593496,0.2541743970315399,24352,0.210742444152431,326,245,155,90,0.6326530612244898,0.6380368098159509,155.0,0.6619850340136054,2,default,rf
9,0.75,random,0.8240896358543417,0.6573770491803279,0.35361552028218696,0.31475409836065577,26773,0.21084674858999738,318,239,152,87,0.6359832635983264,0.6729559748427673,152.0,0.6602440725244073,2,default,rf
10,0.75,random,0.827054794520548,0.6286173633440515,0.33418803418803417,0.2572347266881029,29196,0.21013152486642006,310,233,144,89,0.6180257510729614,0.6064516129032258,144.0,0.6553012466789291,2,default,rf
0,0.75,random,0.808,0.5245901639344263,0.32323232323232326,0.04918032786885246,5000,0.211,0,0,0,0,0.0,0.0,0.0,0.0,3,default,rf
1,0.75,random,0.8152393796358732,0.711864406779661,0.36103151862464183,0.423728813559322,7415,0.21416048550236008,341,256,170,86,0.6640625,0.656891495601173,170.0,0.6575390625,3,default,rf
2,0.75,random,0.8067141403865717,0.6212765957446809,0.3340961098398169,0.2425531914893617,9828,0.2140822140822141,350,263,169,94,0.6425855513307985,0.64,169.0,0.6463426127104834,3,default,rf
3,0.75,random,0.8114285714285714,0.5899053627760252,0.3603082851637765,0.17981072555205047,12247,0.21646117416510166,324,243,157,86,0.6460905349794238,0.6172839506172839,157.0,0.6536546149323927,3,default,rf
4,0.75,random,0.8294679399727148,0.69164265129683,0.3791469194312796,0.38328530259365995,14660,0.2141200545702592,349,262,149,113,0.5687022900763359,0.5787965616045845,149.0,0.6904236641221375,3,default,rf
5,0.75,random,0.811420204978038,0.652605459057072,0.3428943937418514,0.3052109181141439,17074,0.21471242825348483,347,261,173,88,0.6628352490421456,0.6714697406340058,173.0,0.665543422733078,3,default,rf
6,0.75,random,0.8196973582969992,0.657074340527578,0.328537170263789,0.31414868105515587,19495,0.2131315721979995,318,239,144,95,0.602510460251046,0.6257861635220126,144.0,0.675881450488145,3,default,rf
7,0.75,random,0.8204426192105864,0.6300813008130082,0.33879781420765026,0.2601626016260163,21914,0.21219311855434883,326,245,160,85,0.6530612244897959,0.6533742331288344,160.0,0.6703170068027211,3,default,rf
8,0.75,random,0.817378800328677,0.6256684491978609,0.3407766990291262,0.25133689839572193,24337,0.21140650039035214,309,232,153,79,0.6594827586206896,0.6504854368932039,153.0,0.6761558908045977,3,default,rf
9,0.75,random,0.820254110612855,0.6215753424657534,0.328804347826087,0.24315068493150685,26756,0.21038271789505159,324,243,152,91,0.6255144032921811,0.6358024691358025,152.0,0.6742752792475015,3,default,rf
10,0.75,random,0.8190541466758053,0.6017569546120058,0.34393305439330546,0.20351390922401172,29179,0.2097398814215703,310,233,150,83,0.6437768240343348,0.6161290322580645,150.0,0.6776637032495401,3,default,rf
0,0.75,random,0.807,0.6076923076923076,0.3574660633484163,0.2153846153846154,5000,0.2196,0,0,0,0,0.0,0.0,0.0,0.0,4,default,rf
1,0.75,random,0.8025606469002695,0.6182795698924731,0.34124629080118696,0.23655913978494625,7418,0.21771366945268267,329,247,167,80,0.6761133603238867,0.6930091185410334,167.0,0.6543522267206477,4,default,rf
2,0.75,random,0.823170731707317,0.6721311475409836,0.37962962962962965,0.3442622950819672,9838,0.21518601341736127,321,241,154,87,0.6390041493775933,0.6012461059190031,154.0,0.6735511756569847,4,default,rf
3,0.75,random,0.8189971463514064,0.6258992805755396,0.33852140077821014,0.2517985611510791,12263,0.21479246513903613,300,225,158,67,0.7022222222222222,0.68,158.0,0.6558022222222222,4,default,rf
4,0.75,random,0.8259536784741145,0.6465256797583081,0.3519736842105263,0.2930513595166163,14680,0.21205722070844688,334,251,146,105,0.5816733067729084,0.5988023952095808,146.0,0.6759873837981407,4,default,rf
5,0.75,random,0.8119883040935673,0.6,0.35753424657534244,0.2,17096,0.21121899859616283,336,252,150,102,0.5952380952380952,0.625,150.0,0.6642989417989418,4,default,rf
6,0.75,random,0.8158299180327869,0.6501240694789082,0.3119047619047619,0.3002481389578164,19516,0.20952039352326296,321,241,153,88,0.6348547717842323,0.6261682242990654,153.0,0.6636998616874136,4,default,rf
7,0.75,random,0.8204193254329991,0.6301652892561983,0.3336980306345733,0.2603305785123967,21937,0.20868851711719924,319,240,139,101,0.5791666666666667,0.5987460815047022,139.0,0.6621250000000001,4,default,rf
8,0.75,random,0.8274163759491073,0.6295585412667947,0.3360655737704918,0.2591170825335892,24361,0.21004884856943476,305,229,162,67,0.7074235807860262,0.7114754098360656,162.0,0.6719723435225619,4,default,rf
9,0.75,random,0.8166884450252007,0.6365313653136532,0.3053097345132743,0.2730627306273063,26783,0.20983459657245268,315,237,142,95,0.5991561181434599,0.5841269841269842,142.0,0.6708146976090015,4,default,rf
10,0.75,random,0.8197535090722355,0.6720257234726688,0.32991318074191,0.3440514469453376,29208,0.20990824431662558,301,226,155,71,0.6858407079646017,0.6744186046511628,155.0,0.6738672566371681,4,default,rf
0,1.0,random,0.822,0.6747967479674797,0.3755656108597285,0.34959349593495936,5000,0.2226,0,0,0,0,0.0,0.0,0.0,0.0,0,default,rf
1,1.0,random,0.8273333333333334,0.6294416243654822,0.4,0.25888324873096447,7500,0.2192,317,317,189,128,0.5962145110410094,0.5962145110410094,189.0,0.6681703470031546,0,default,rf
2,1.0,random,0.8255,0.6147540983606558,0.37037037037037035,0.22950819672131148,10000,0.2219,288,288,188,100,0.6527777777777778,0.6527777777777778,188.0,0.6632638888888889,0,default,rf
3,1.0,random,0.8204,0.6535947712418301,0.3683241252302026,0.30718954248366015,12500,0.22056,349,349,214,135,0.6131805157593123,0.6131805157593123,214.0,0.6676790830945559,0,default,rf
4,1.0,random,0.8073333333333333,0.6220095693779905,0.38235294117647056,0.24401913875598086,15000,0.22273333333333334,320,320,211,109,0.659375,0.659375,211.0,0.6604104166666668,0,default,rf
5,1.0,random,0.8202857142857143,0.636150234741784,0.363758389261745,0.27230046948356806,17500,0.22154285714285715,286,286,177,109,0.6188811188811189,0.6188811188811189,177.0,0.6695396270396271,0,default,rf
6,1.0,random,0.81875,0.6810344827586207,0.3538633818589026,0.3620689655172414,20000,0.2205,320,320,198,122,0.61875,0.61875,198.0,0.6637557291666667,0,default,rf
7,1.0,random,0.8135555555555556,0.6523297491039427,0.3607532210109019,0.3046594982078853,22500,0.22022222222222224,325,325,207,118,0.6369230769230769,0.6369230769230769,207.0,0.6742110256410256,0,default,rf
8,1.0,random,0.814,0.6349693251533742,0.3743218806509946,0.26993865030674846,25000,0.22048,289,289,199,90,0.6885813148788927,0.6885813148788927,199.0,0.6732525951557093,0,default,rf
9,1.0,random,0.8070909090909091,0.6244604316546762,0.35170178282009723,0.2489208633093525,27500,0.2208,329,329,204,125,0.6200607902735562,0.6200607902735562,204.0,0.6934331306990882,0,default,rf
10,1.0,random,0.8145,0.6653543307086615,0.37142857142857144,0.33070866141732286,30000,0.2212,319,319,209,110,0.6551724137931034,0.6551724137931034,209.0,0.6899682788475892,0,default,rf
0,1.0,random,0.795,0.5673758865248227,0.35714285714285715,0.1347517730496454,5000,0.2286,0,0,0,0,0.0,0.0,0.0,0.0,1,default,rf
1,1.0,random,0.796,0.6363636363636364,0.35,0.2727272727272727,7500,0.22866666666666666,323,323,194,129,0.6006191950464397,0.6006191950464397,194.0,0.6639938080495356,1,default,rf
2,1.0,random,0.825,0.6911196911196911,0.3986636971046771,0.38223938223938225,10000,0.2248,346,346,215,131,0.6213872832369942,0.6213872832369942,215.0,0.6620231213872833,1,default,rf
3,1.0,random,0.8012,0.6054216867469879,0.3544973544973545,0.21084337349397592,12500,0.22248,310,310,196,114,0.632258064516129,0.632258064516129,196.0,0.6561290322580645,1,default,rf
4,1.0,random,0.814,0.6370558375634517,0.3768768768768769,0.27411167512690354,15000,0.22,310,310,197,113,0.635483870967742,0.635483870967742,197.0,0.674852688172043,1,default,rf
5,1.0,random,0.8302857142857143,0.6396039603960396,0.43945578231292515,0.27920792079207923,17500,0.22022857142857144,325,325,211,114,0.6492307692307693,0.6492307692307693,211.0,0.6624174358974358,1,default,rf
6,1.0,random,0.8205,0.6614481409001957,0.3827859569648924,0.32289628180039137,20000,0.21995,327,327,208,119,0.636085626911315,0.636085626911315,208.0,0.6633700305810397,1,default,rf
7,1.0,random,0.8168888888888889,0.6502732240437158,0.3609706774519717,0.3005464480874317,22500,0.22115555555555555,344,344,218,126,0.6337209302325582,0.6337209302325582,218.0,0.6822718023255814,1,default,rf
8,1.0,random,0.8036,0.6248085758039816,0.3563318777292576,0.24961715160796324,25000,0.22136,342,342,209,133,0.6111111111111112,0.6111111111111112,209.0,0.666984962406015,1,default,rf
9,1.0,random,0.8121818181818182,0.6524137931034483,0.37719298245614036,0.30482758620689654,27500,0.222,300,300,199,101,0.6633333333333333,0.6633333333333333,199.0,0.6792916666666666,1,default,rf
10,1.0,random,0.8193333333333334,0.646978021978022,0.3628659476117103,0.29395604395604397,30000,0.2212,327,327,202,125,0.617737003058104,0.617737003058104,202.0,0.6673649337410805,1,default,rf
0,1.0,random,0.825,0.65625,0.39069767441860465,0.3125,5000,0.2188,0,0,0,0,0.0,0.0,0.0,0.0,2,default,rf
1,1.0,random,0.81,0.5808080808080808,0.3627760252365931,0.16161616161616163,7500,0.22266666666666668,331,331,217,114,0.6555891238670695,0.6555891238670695,217.0,0.6703625377643504,2,default,rf
2,1.0,random,0.799,0.632183908045977,0.3503184713375796,0.26436781609195403,10000,0.2181,300,300,182,118,0.6066666666666667,0.6066666666666667,182.0,0.6741666666666667,2,default,rf
3,1.0,random,0.8172,0.6707317073170732,0.3866432337434095,0.34146341463414637,12500,0.22136,320,320,215,105,0.671875,0.671875,215.0,0.67803125,2,default,rf
4,1.0,random,0.815,0.660759493670886,0.38269794721407624,0.32151898734177214,15000,0.2224,333,333,214,119,0.6426426426426426,0.6426426426426426,214.0,0.6638853853853854,2,default,rf
5,1.0,random,0.8142857142857143,0.6317907444668008,0.4020486555697823,0.2635814889336016,17500,0.22017142857142857,299,299,183,116,0.6120401337792643,0.6120401337792643,183.0,0.6641950947603121,2,default,rf
6,1.0,random,0.8205,0.639921722113503,0.3797909407665505,0.27984344422700586,20000,0.2206,312,312,200,112,0.6410256410256411,0.6410256410256411,200.0,0.6727077991452992,2,default,rf
7,1.0,random,0.8146666666666667,0.6349480968858131,0.3707070707070707,0.2698961937716263,22500,0.22035555555555555,342,342,220,122,0.6432748538011696,0.6432748538011696,220.0,0.6736008771929823,2,default,rf
8,1.0,random,0.8166,0.6063492063492063,0.36346336822074216,0.2126984126984127,25000,0.22108,317,317,204,113,0.6435331230283912,0.6435331230283912,204.0,0.6676146161934805,2,default,rf
9,1.0,random,0.8258181818181818,0.6743515850144092,0.39,0.34870317002881845,27500,0.22189090909090908,288,288,191,97,0.6631944444444444,0.6631944444444444,191.0,0.6756848544973545,2,default,rf
10,1.0,random,0.8206666666666667,0.6456996148908858,0.3860322333077513,0.2913992297817715,30000,0.2212,308,308,188,120,0.6103896103896104,0.6103896103896104,188.0,0.6534451144094001,2,default,rf
0,1.0,random,0.808,0.5245901639344263,0.32323232323232326,0.04918032786885246,5000,0.211,0,0,0,0,0.0,0.0,0.0,0.0,3,default,rf
1,1.0,random,0.8273333333333334,0.6877828054298643,0.4444444444444444,0.3755656108597285,7500,0.21893333333333334,341,341,224,117,0.656891495601173,0.656891495601173,224.0,0.6558944281524927,3,default,rf
2,1.0,random,0.8255,0.6604477611940298,0.4068965517241379,0.3208955223880597,10000,0.2213,372,372,231,141,0.6209677419354839,0.6209677419354839,231.0,0.6520698924731183,3,default,rf
3,1.0,random,0.812,0.6336336336336337,0.3774597495527728,0.2672672672672673,12500,0.22424,317,317,196,121,0.6182965299684543,0.6182965299684543,196.0,0.6666324921135647,3,default,rf
4,1.0,random,0.814,0.6216216216216216,0.3850837138508371,0.24324324324324326,15000,0.22293333333333334,324,324,193,131,0.595679012345679,0.595679012345679,193.0,0.6817781452087007,3,default,rf
5,1.0,random,0.8034285714285714,0.6326963906581741,0.36654366543665434,0.2653927813163482,17500,0.22462857142857143,324,324,230,94,0.7098765432098766,0.7098765432098766,230.0,0.6669072604350382,3,default,rf
6,1.0,random,0.8225,0.6707566462167689,0.37400228050171036,0.34151329243353784,20000,0.22375,317,317,205,112,0.6466876971608833,0.6466876971608833,205.0,0.6819333032897702,3,default,rf
7,1.0,random,0.8166666666666667,0.6626506024096386,0.3796844181459566,0.3253012048192771,22500,0.22324444444444444,299,299,201,98,0.6722408026755853,0.6722408026755853,201.0,0.6867736104475235,3,default,rf
8,1.0,random,0.8064,0.6280587275693311,0.3422222222222222,0.2561174551386623,25000,0.22264,297,297,196,101,0.6599326599326599,0.6599326599326599,196.0,0.6720218855218856,3,default,rf
9,1.0,random,0.8187272727272727,0.658774373259053,0.38612244897959186,0.31754874651810583,27500,0.22196363636363636,327,327,206,121,0.6299694189602446,0.6299694189602446,206.0,0.6753180428134556,3,default,rf
10,1.0,random,0.8068333333333333,0.6560424966799469,0.35437589670014347,0.31208499335989376,30000,0.2212,290,290,181,109,0.6241379310344828,0.6241379310344828,181.0,0.6851986863711003,3,default,rf
0,1.0,random,0.807,0.6076923076923076,0.3574660633484163,0.2153846153846154,5000,0.2196,0,0,0,0,0.0,0.0,0.0,0.0,4,default,rf
1,1.0,random,0.8126666666666666,0.625,0.364741641337386,0.25,7500,0.22346666666666667,329,329,228,101,0.6930091185410334,0.6930091185410334,228.0,0.6573596757852078,4,default,rf
2,1.0,random,0.8115,0.64,0.3876651982378855,0.28,10000,0.2217,321,321,197,124,0.6137071651090342,0.6137071651090342,197.0,0.6769428868120457,4,default,rf
3,1.0,random,0.8204,0.6534954407294833,0.39090909090909093,0.3069908814589666,12500,0.2224,285,285,198,87,0.6947368421052632,0.6947368421052632,198.0,0.662748538011696,4,default,rf
4,1.0,random,0.8103333333333333,0.6132315521628499,0.3662613981762918,0.22646310432569974,15000,0.22086666666666666,335,335,198,137,0.591044776119403,0.591044776119403,198.0,0.6803641791044777,4,default,rf
5,1.0,random,0.8148571428571428,0.6207674943566591,0.36423841059602646,0.24153498871331827,17500,0.2212,327,327,208,119,0.636085626911315,0.636085626911315,208.0,0.6778768020969855,4,default,rf
6,1.0,random,0.8115,0.63016157989228,0.39043381535038935,0.26032315978456017,20000,0.21985,313,313,202,111,0.645367412140575,0.645367412140575,202.0,0.6712909123180688,4,default,rf
7,1.0,random,0.8137777777777778,0.6184668989547039,0.364476386036961,0.23693379790940766,22500,0.21946666666666667,318,318,202,116,0.6352201257861635,0.6352201257861635,202.0,0.676892033542977,4,default,rf
8,1.0,random,0.8172,0.6634146341463415,0.36591928251121075,0.32682926829268294,25000,0.22128,328,328,218,110,0.6646341463414634,0.6646341463414634,218.0,0.6781768292682927,4,default,rf
9,1.0,random,0.8198181818181818,0.6469673405909798,0.3525423728813559,0.2939346811819596,27500,0.22098181818181817,310,310,176,134,0.567741935483871,0.567741935483871,176.0,0.6772037634408602,4,default,rf
10,1.0,random,0.8108333333333333,0.6671052631578948,0.3650107991360691,0.33421052631578946,30000,0.2212,327,327,214,113,0.654434250764526,0.654434250764526,214.0,0.6812582641619339,4,default,rf
0,0.0,most_risky,0.822,0.6747967479674797,0.3755656108597285,0.34959349593495936,5000,0.2226,0,0,0,0,0.0,0.0,0.0,0.0,0,default,rf
1,0.0,most_risky,0.825330549756437,0.6857142857142857,0.31683168316831684,0.37142857142857144,7183,0.20256160378671864,317,0,0,0,0.0,0.0,0.0,0.0,0,default,rf
2,0.0,most_risky,0.824,0.6012658227848101,0.26243093922651933,0.20253164556962025,9375,0.19509333333333334,308,0,0,0,0.0,0.0,0.0,0.0,0,default,rf
3,0.0,most_risky,0.8337673611111112,0.6728395061728395,0.24829157175398633,0.345679012345679,11519,0.18656133344908413,356,0,0,0,0.0,0.0,0.0,0.0,0,default,rf
4,0.0,most_risky,0.8308366824990866,0.6629213483146067,0.22648752399232247,0.3258426966292135,13685,0.18385093167701863,334,0,0,0,0.0,0.0,0.0,0.0,0,default,rf
5,0.0,most_risky,0.8315491183879093,0.6457142857142857,0.19283276450511946,0.2914285714285714,15880,0.18016372795969773,305,0,0,0,0.0,0.0,0.0,0.0,0,default,rf
6,0.0,most_risky,0.8382719468291332,0.655367231638418,0.18153364632237873,0.3107344632768362,18051,0.17688770705224088,329,0,0,0,0.0,0.0,0.0,0.0,0,default,rf
7,0.0,most_risky,0.8310660400692556,0.6193181818181818,0.1503448275862069,0.23863636363636365,20215,0.1742765273311897,336,0,0,0,0.0,0.0,0.0,0.0,0,default,rf
8,0.0,most_risky,0.8302097278000893,0.5352112676056338,0.14690721649484537,0.07042253521126761,22408,0.17306319171724385,307,0,0,0,0.0,0.0,0.0,0.0,0,default,rf
9,0.0,most_risky,0.8377773254630572,0.5595238095238095,0.17049576783555018,0.11904761904761904,24561,0.17177639346932128,347,0,0,0,0.0,0.0,0.0,0.0,0,default,rf
10,0.0,most_risky,0.832646948708349,0.5483870967741935,0.14814814814814814,0.0967741935483871,26707,0.17089152656606882,354,0,0,0,0.0,0.0,0.0,0.0,0,default,rf
0,0.0,most_risky,0.795,0.5673758865248227,0.35714285714285715,0.1347517730496454,5000,0.2286,0,0,0,0,0.0,0.0,0.0,0.0,1,default,rf
1,0.0,most_risky,0.807799442896936,0.620253164556962,0.31210191082802546,0.24050632911392406,7177,0.2119269889926153,323,0,0,0,0.0,0.0,0.0,0.0,1,default,rf
2,0.0,most_risky,0.8237506716818914,0.6710526315789473,0.26842105263157895,0.34210526315789475,9301,0.197505644554349,376,0,0,0,0.0,0.0,0.0,0.0,1,default,rf
3,0.0,most_risky,0.8268812527185733,0.5947368421052631,0.26036866359447003,0.18947368421052632,11491,0.18936559046210077,310,0,0,0,0.0,0.0,0.0,0.0,1,default,rf
4,0.0,most_risky,0.8214024835646457,0.5520833333333334,0.2082514734774067,0.10416666666666667,13686,0.1826684202835014,305,0,0,0,0.0,0.0,0.0,0.0,1,default,rf
5,0.0,most_risky,0.8244010088272383,0.5504587155963303,0.20725388601036268,0.10091743119266056,15860,0.17994955863808323,326,0,0,0,0.0,0.0,0.0,0.0,1,default,rf
6,0.0,most_risky,0.8273660838190396,0.5390946502057613,0.20436817472698907,0.07818930041152264,18011,0.17683637776914107,349,0,0,0,0.0,0.0,0.0,0.0,1,default,rf
7,0.0,most_risky,0.8353643372295448,0.5578512396694215,0.1956521739130435,0.11570247933884298,20102,0.17446025271117302,409,0,0,0,0.0,0.0,0.0,0.0,1,default,rf
8,0.0,most_risky,0.829619626378573,0.5868725868725869,0.18952618453865336,0.17374517374517376,22214,0.1724137931034483,388,0,0,0,0.0,0.0,0.0,0.0,1,default,rf
9,0.0,most_risky,0.8367556468172485,0.5860655737704918,0.17084826762246116,0.1721311475409836,24347,0.17110937692528855,367,0,0,0,0.0,0.0,0.0,0.0,1,default,rf
10,0.0,most_risky,0.8399395998489996,0.5658362989323843,0.17966101694915254,0.13167259786476868,26486,0.1691837197009741,361,0,0,0,0.0,0.0,0.0,0.0,1,default,rf
0,0.0,most_risky,0.825,0.65625,0.39069767441860465,0.3125,5000,0.2188,0,0,0,0,0.0,0.0,0.0,0.0,2,default,rf
1,0.0,most_risky,0.8193863319386332,0.5255474452554745,0.2706766917293233,0.051094890510948905,7169,0.20267819779606638,331,0,0,0,0.0,0.0,0.0,0.0,2,default,rf
2,0.0,most_risky,0.8133333333333334,0.6265822784810127,0.25384615384615383,0.25316455696202533,9372,0.19131455399061034,297,0,0,0,0.0,0.0,0.0,0.0,2,default,rf
3,0.0,most_risky,0.8400520156046815,0.6,0.2733990147783251,0.2,11534,0.1859719091382001,338,0,0,0,0.0,0.0,0.0,0.0,2,default,rf
4,0.0,most_risky,0.829072315558802,0.6045197740112994,0.21188118811881188,0.20903954802259886,13688,0.18271478667445937,346,0,0,0,0.0,0.0,0.0,0.0,2,default,rf
5,0.0,most_risky,0.8249921309411394,0.5931372549019608,0.2037037037037037,0.18627450980392157,15882,0.17844100239264576,306,0,0,0,0.0,0.0,0.0,0.0,2,default,rf
6,0.0,most_risky,0.8337022689540675,0.6108374384236454,0.19195046439628483,0.22167487684729065,18066,0.1767408391453559,316,0,0,0,0.0,0.0,0.0,0.0,2,default,rf
7,0.0,most_risky,0.8388133498145859,0.5958333333333333,0.20487106017191978,0.19166666666666668,20221,0.17471935116957618,345,0,0,0,0.0,0.0,0.0,0.0,2,default,rf
8,0.0,most_risky,0.8445387536296627,0.6044444444444445,0.18304172274562583,0.2088888888888889,22384,0.1740975696926376,337,0,0,0,0.0,0.0,0.0,0.0,2,default,rf
9,0.0,most_risky,0.8296703296703297,0.5906735751295337,0.13073394495412843,0.18134715025906736,24567,0.17364757601660766,317,0,0,0,0.0,0.0,0.0,0.0,2,default,rf
10,0.0,most_risky,0.8356087525715354,0.5648535564853556,0.14835164835164835,0.1297071129707113,26734,0.17210294007630733,333,0,0,0,0.0,0.0,0.0,0.0,2,default,rf
0,0.0,most_risky,0.808,0.5245901639344263,0.32323232323232326,0.04918032786885246,5000,0.211,0,0,0,0,0.0,0.0,0.0,0.0,3,default,rf
1,0.0,most_risky,0.827513966480447,0.5909090909090909,0.2878228782287823,0.18181818181818182,7159,0.19807235647436794,341,0,0,0,0.0,0.0,0.0,0.0,3,default,rf
2,0.0,most_risky,0.8281417830290011,0.6226415094339622,0.2757660167130919,0.24528301886792453,9308,0.19015900300816502,351,0,0,0,0.0,0.0,0.0,0.0,3,default,rf
3,0.0,most_risky,0.824118415324336,0.5649717514124294,0.234192037470726,0.12994350282485875,11481,0.187962721017333,327,0,0,0,0.0,0.0,0.0,0.0,3,default,rf
4,0.0,most_risky,0.8328445747800587,0.6341463414634146,0.208,0.2682926829268293,13636,0.18333822235259606,345,0,0,0,0.0,0.0,0.0,0.0,3,default,rf
5,0.0,most_risky,0.8261144483085678,0.5751295336787565,0.19170984455958548,0.15025906735751296,15811,0.18107646575169187,325,0,0,0,0.0,0.0,0.0,0.0,3,default,rf
6,0.0,most_risky,0.823643949930459,0.5352112676056338,0.17565485362095531,0.07042253521126761,17972,0.17749833073670154,339,0,0,0,0.0,0.0,0.0,0.0,3,default,rf
7,0.0,most_risky,0.8319661943823018,0.5466666666666666,0.17647058823529413,0.09333333333333334,20113,0.17461343409734997,359,0,0,0,0.0,0.0,0.0,0.0,3,default,rf
8,0.0,most_risky,0.8358778625954199,0.5969387755102041,0.15214564369310793,0.19387755102040816,22269,0.17234720912479232,344,0,0,0,0.0,0.0,0.0,0.0,3,default,rf
9,0.0,most_risky,0.8264073694984647,0.5062761506276151,0.14218566392479437,0.012552301255230125,24421,0.1704680398018099,348,0,0,0,0.0,0.0,0.0,0.0,3,default,rf
10,0.0,most_risky,0.8261523988711195,0.5020080321285141,0.13513513513513514,0.004016064257028112,26573,0.16847928348323488,348,0,0,0,0.0,0.0,0.0,0.0,3,default,rf
0,0.0,most_risky,0.807,0.6076923076923076,0.3574660633484163,0.2153846153846154,5000,0.2196,0,0,0,0,0.0,0.0,0.0,0.0,4,default,rf
1,0.0,most_risky,0.8069686411149826,0.5298013245033113,0.27972027972027974,0.059602649006622516,7171,0.20192441779389206,329,0,0,0,0.0,0.0,0.0,0.0,4,default,rf
2,0.0,most_risky,0.8245050829320493,0.6129032258064516,0.26170798898071623,0.22580645161290322,9341,0.19184241515897654,330,0,0,0,0.0,0.0,0.0,0.0,4,default,rf
3,0.0,most_risky,0.830155979202773,0.5977653631284916,0.2505854800936768,0.19553072625698323,11539,0.1867579512956062,302,0,0,0,0.0,0.0,0.0,0.0,4,default,rf
4,0.0,most_risky,0.8243243243243243,0.5706806282722513,0.21456692913385828,0.14136125654450263,13688,0.18118059614260668,351,0,0,0,0.0,0.0,0.0,0.0,4,default,rf
5,0.0,most_risky,0.8345959595959596,0.6052631578947368,0.20390070921985815,0.21052631578947367,15839,0.17778900183092367,349,0,0,0,0.0,0.0,0.0,0.0,4,default,rf
6,0.0,most_risky,0.8353692393114936,0.6369047619047619,0.1674491392801252,0.27380952380952384,18007,0.17404342755595045,332,0,0,0,0.0,0.0,0.0,0.0,4,default,rf
7,0.0,most_risky,0.8353552859618717,0.5311004784688995,0.16371681415929204,0.06220095693779904,20191,0.1727502352533307,316,0,0,0,0.0,0.0,0.0,0.0,4,default,rf
8,0.0,most_risky,0.8385509838998211,0.6100917431192661,0.17272727272727273,0.22018348623853212,22359,0.17286104029697213,332,0,0,0,0.0,0.0,0.0,0.0,4,default,rf
9,0.0,most_risky,0.8380195599022005,0.6008583690987125,0.166270783847981,0.2017167381974249,24540,0.17229013854930725,319,0,0,0,0.0,0.0,0.0,0.0,4,default,rf
10,0.0,most_risky,0.8331148155085222,0.5338983050847458,0.13891951488423374,0.06779661016949153,26693,0.17090623009777844,347,0,0,0,0.0,0.0,0.0,0.0,4,default,rf
0,0.01,most_risky,0.822,0.6747967479674797,0.3755656108597285,0.34959349593495936,5000,0.2226,0,0,0,0,0.0,0.0,0.0,0.0,0,default,rf
1,0.01,most_risky,0.8296244784422809,0.6589147286821705,0.2972027972027972,0.3178294573643411,7187,0.2028662863503548,317,4,3,1,0.75,0.5962145110410094,3.0,0.9574999999999999,0,default,rf
2,0.01,most_risky,0.8184238551650692,0.5757575757575758,0.25956284153005466,0.15151515151515152,9390,0.1954206602768903,301,4,3,1,0.75,0.6677740863787376,3.0,0.9775,0,default,rf
3,0.01,most_risky,0.8447528187337381,0.6802721088435374,0.24330900243309003,0.36054421768707484,11530,0.18673026886383348,364,4,4,0,1.0,0.6153846153846154,4.0,0.9724999999999999,0,default,rf
4,0.01,most_risky,0.8287172011661808,0.6395348837209303,0.21235521235521235,0.27906976744186046,13716,0.18482064741907261,318,4,4,0,1.0,0.6477987421383647,4.0,0.9749999999999999,0,default,rf
5,0.01,most_risky,0.8307692307692308,0.67,0.22075782537067545,0.34,15922,0.18119582966963949,297,3,3,0,1.0,0.6363636363636364,3.0,0.9766666666666666,0,default,rf
6,0.01,most_risky,0.8374275462324041,0.628140703517588,0.1953125,0.2562814070351759,18113,0.17777287031413902,313,4,3,1,0.75,0.6421725239616614,3.0,0.95,0,default,rf
7,0.01,most_risky,0.8276627218934911,0.5694444444444444,0.16872427983539096,0.1388888888888889,20280,0.17544378698224852,337,4,4,0,1.0,0.6261127596439169,4.0,0.94,0,default,rf
8,0.01,most_risky,0.8314781834372217,0.5981735159817352,0.16375,0.1963470319634703,22460,0.17399821905609975,324,4,3,1,0.75,0.6481481481481481,3.0,0.9625,0,default,rf
9,0.01,most_risky,0.8404795773216825,0.5720930232558139,0.15073529411764705,0.14418604651162792,24601,0.17259460997520426,363,4,4,0,1.0,0.6225895316804407,4.0,0.9575,0,default,rf
10,0.01,most_risky,0.8438842203548086,0.5720338983050848,0.15517241379310345,0.1440677966101695,26772,0.1718586582997161,333,4,4,0,1.0,0.6396396396396397,4.0,0.9849999999999999,0,default,rf
0,0.01,most_risky,0.795,0.5673758865248227,0.35714285714285715,0.1347517730496454,5000,0.2286,0,0,0,0,0.0,0.0,0.0,0.0,1,default,rf
1,0.01,most_risky,0.81419624217119,0.6338028169014085,0.29508196721311475,0.2676056338028169,7181,0.21236596574293273,323,4,4,0,1.0,0.6006191950464397,4.0,0.955,1,default,rf
2,0.01,most_risky,0.8337801608579088,0.6182795698924731,0.3248587570621469,0.23655913978494625,9321,0.19901298143975968,364,4,4,0,1.0,0.5686813186813187,4.0,0.99,1,default,rf
3,0.01,most_risky,0.8366013071895425,0.644808743169399,0.2757009345794392,0.2896174863387978,11472,0.1903765690376569,353,4,4,0,1.0,0.5892351274787535,4.0,0.9625,1,default,rf
4,0.01,most_risky,0.8344928597583303,0.5862068965517241,0.24435318275154005,0.1724137931034483,13653,0.1828902072804512,323,4,4,0,1.0,0.6501547987616099,4.0,0.9775,1,default,rf
5,0.01,most_risky,0.8237899398924391,0.5784313725490197,0.200339558573854,0.1568627450980392,15804,0.17925841559098962,353,4,2,2,0.5,0.623229461756374,2.0,0.9425,1,default,rf
6,0.01,most_risky,0.8311543810848401,0.5560344827586207,0.2037914691943128,0.11206896551724138,17974,0.17658840547457438,334,4,3,1,0.75,0.6197604790419161,3.0,0.945,1,default,rf
7,0.01,most_risky,0.837979094076655,0.5966386554621849,0.20373027259684362,0.19327731092436976,20087,0.1749390152835167,391,4,3,1,0.75,0.6138107416879796,3.0,0.99,1,default,rf
8,0.01,most_risky,0.8442844284428442,0.6153846153846154,0.2127659574468085,0.23076923076923078,22219,0.1734101444709483,372,4,3,1,0.75,0.5967741935483871,3.0,0.9724999999999999,1,default,rf
9,0.01,most_risky,0.8358637669265491,0.5862068965517241,0.1619047619047619,0.1724137931034483,24368,0.17211096520026264,355,4,3,1,0.75,0.6563380281690141,3.0,0.985,1,default,rf
10,0.01,most_risky,0.8324538258575198,0.562962962962963,0.1646803900325027,0.1259259259259259,26527,0.17031703547329136,345,4,4,0,1.0,0.6115942028985507,4.0,0.9175,1,default,rf
0,0.01,most_risky,0.825,0.65625,0.39069767441860465,0.3125,5000,0.2188,0,0,0,0,0.0,0.0,0.0,0.0,2,default,rf
1,0.01,most_risky,0.8132404181184669,0.5563380281690141,0.27816901408450706,0.11267605633802817,7173,0.20312282169245782,331,4,4,0,1.0,0.6555891238670695,4.0,0.9624999999999999,2,default,rf
2,0.01,most_risky,0.8061932728243459,0.647887323943662,0.2271604938271605,0.29577464788732394,9365,0.19103043246129203,312,4,4,0,1.0,0.5865384615384616,4.0,0.9874999999999999,2,default,rf
3,0.01,most_risky,0.8288561525129983,0.6222222222222222,0.255125284738041,0.24444444444444444,11537,0.18592355031637342,332,4,4,0,1.0,0.7048192771084337,4.0,0.9875,2,default,rf
4,0.01,most_risky,0.8349125364431487,0.6455696202531646,0.20440881763527055,0.2911392405063291,13720,0.1825801749271137,321,4,4,0,1.0,0.6635514018691588,4.0,0.9575,2,default,rf
5,0.01,most_risky,0.8392464678178964,0.6532663316582915,0.2268760907504363,0.3065326633165829,15923,0.17816994284996546,301,4,3,1,0.75,0.6245847176079734,3.0,0.9849999999999999,2,default,rf
6,0.01,most_risky,0.8372413793103448,0.6292682926829268,0.2006220839813375,0.25853658536585367,18123,0.17717817138442862,304,4,4,0,1.0,0.6217105263157895,4.0,0.9662499999999999,2,default,rf
7,0.01,most_risky,0.8335795174790743,0.6271929824561403,0.19482288828337874,0.2543859649122807,20307,0.17540749495247945,320,4,4,0,1.0,0.621875,4.0,0.9475,2,default,rf
8,0.01,most_risky,0.8502554987780493,0.6177777777777778,0.19119669876203577,0.23555555555555555,22501,0.1748811163948269,310,4,3,1,0.75,0.6419354838709678,3.0,0.9950000000000001,2,default,rf
9,0.01,most_risky,0.834412955465587,0.5813953488372093,0.14654161781946073,0.16279069767441862,24700,0.17469635627530364,305,4,4,0,1.0,0.6524590163934426,4.0,0.9583333333333333,2,default,rf
10,0.01,most_risky,0.8411753766040543,0.5810276679841897,0.16424581005586592,0.16205533596837945,26883,0.1731949559200982,321,4,4,0,1.0,0.6137071651090342,4.0,0.9674999999999999,2,default,rf
0,0.01,most_risky,0.808,0.5245901639344263,0.32323232323232326,0.04918032786885246,5000,0.211,0,0,0,0,0.0,0.0,0.0,0.0,3,default,rf
1,0.01,most_risky,0.829030006978367,0.6614173228346457,0.2937062937062937,0.3228346456692913,7163,0.19838056680161945,341,4,3,1,0.75,0.656891495601173,3.0,0.9199999999999999,3,default,rf
2,0.01,most_risky,0.8141783029001074,0.5986394557823129,0.23466666666666666,0.19727891156462585,9309,0.19056826726823503,358,4,4,0,1.0,0.6201117318435754,4.0,0.9225,3,default,rf
3,0.01,most_risky,0.8131533101045296,0.5688622754491018,0.21017699115044247,0.1377245508982036,11480,0.18850174216027873,333,4,3,1,0.75,0.6096096096096096,3.0,0.9020833333333333,3,default,rf
4,0.01,most_risky,0.8252106998900697,0.6144578313253012,0.19805825242718447,0.2289156626506024,13643,0.18405042879132155,341,4,4,0,1.0,0.5806451612903226,4.0,0.985,3,default,rf
5,0.01,most_risky,0.814674256799494,0.6022099447513812,0.17495987158908508,0.20441988950276244,15809,0.18166866974508192,338,4,3,1,0.75,0.6775147928994083,3.0,0.9475,3,default,rf
6,0.01,most_risky,0.8297635605006954,0.5679611650485437,0.1828125,0.13592233009708737,17975,0.17830319888734353,338,4,4,0,1.0,0.636094674556213,4.0,0.945,3,default,rf
7,0.01,most_risky,0.8333333333333334,0.6084905660377359,0.1799163179916318,0.2169811320754717,20128,0.17567567567567569,351,4,4,0,1.0,0.6296296296296297,4.0,0.9625,3,default,rf
8,0.01,most_risky,0.82847533632287,0.5829383886255924,0.15375,0.16587677725118483,22300,0.17390134529147983,332,4,4,0,1.0,0.6174698795180723,4.0,0.95,3,default,rf
9,0.01,most_risky,0.8315961577764153,0.5727272727272728,0.14719626168224298,0.14545454545454545,24464,0.1720896010464356,340,4,4,0,1.0,0.6176470588235294,4.0,0.955,3,default,rf
10,0.01,most_risky,0.8343972962823882,0.5265306122448979,0.1441340782122905,0.053061224489795916,26629,0.1704157121934733,339,4,4,0,1.0,0.6135693215339233,4.0,0.97,3,default,rf
0,0.01,most_risky,0.807,0.6076923076923076,0.3574660633484163,0.2153846153846154,5000,0.2196,0,0,0,0,0.0,0.0,0.0,0.0,4,default,rf
1,0.01,most_risky,0.8160278745644599,0.6065573770491803,0.25517241379310346,0.21311475409836064,7175,0.20236933797909407,329,4,4,0,1.0,0.6930091185410334,4.0,0.9450000000000001,4,default,rf
2,0.01,most_risky,0.8232781633742658,0.5849056603773585,0.25977653631284914,0.16981132075471697,9361,0.19228714880888795,318,4,3,1,0.75,0.6163522012578616,3.0,0.9500000000000001,4,default,rf
3,0.01,most_risky,0.8238341968911918,0.6178343949044586,0.21797752808988763,0.2356687898089172,11578,0.18776990844705477,286,3,3,0,1.0,0.6713286713286714,3.0,0.9433333333333334,4,default,rf
4,0.01,most_risky,0.8241718238077903,0.5927835051546392,0.22157996146435452,0.18556701030927836,13731,0.18192411332022432,351,4,4,0,1.0,0.6068376068376068,4.0,0.995,4,default,rf
5,0.01,most_risky,0.8320754716981132,0.5906735751295337,0.20035149384885764,0.18134715025906736,15897,0.17858715480908346,338,4,3,1,0.75,0.650887573964497,3.0,0.9775,4,default,rf
6,0.01,most_risky,0.8278054173576561,0.601123595505618,0.16236722306525037,0.20224719101123595,18087,0.17526400176922652,314,4,3,1,0.75,0.6305732484076433,3.0,0.955,4,default,rf
7,0.01,most_risky,0.8290577207696103,0.5555555555555556,0.17409470752089137,0.1111111111111111,20268,0.17387014012236038,323,4,4,0,1.0,0.5913312693498453,4.0,0.9425,4,default,rf
8,0.01,most_risky,0.8358574610244989,0.5903083700440529,0.17223650385604114,0.18061674008810572,22447,0.17392079119704193,325,4,4,0,1.0,0.6707692307692308,4.0,0.9824999999999999,4,default,rf
9,0.01,most_risky,0.8380681818181818,0.6711711711711712,0.17048054919908467,0.34234234234234234,24638,0.1735124604269827,313,4,4,0,1.0,0.5686900958466453,4.0,0.965,4,default,rf
10,0.01,most_risky,0.8264354958985831,0.592741935483871,0.150460593654043,0.18548387096774194,26816,0.17217332935560858,326,4,4,0,1.0,0.6779141104294478,4.0,0.9875,4,default,rf
0,0.02,most_risky,0.822,0.6747967479674797,0.3755656108597285,0.34959349593495936,5000,0.2226,0,0,0,0,0.0,0.0,0.0,0.0,0,default,rf
1,0.02,most_risky,0.8421418636995828,0.6808510638297872,0.34532374100719426,0.3617021276595745,7190,0.2031988873435327,317,7,6,1,0.8571428571428571,0.5962145110410094,6.0,0.9414285714285714,0,default,rf
2,0.02,most_risky,0.8176501860712387,0.6419753086419753,0.26735218508997427,0.2839506172839506,9404,0.1967247979583156,292,6,3,3,0.5,0.6472602739726028,3.0,0.9249999999999999,0,default,rf
3,0.02,most_risky,0.8256166161834704,0.6503496503496503,0.2085201793721973,0.3006993006993007,11552,0.18784626038781163,360,8,5,3,0.625,0.6194444444444445,5.0,0.905,0,default,rf
4,0.02,most_risky,0.8357611070648215,0.6129032258064516,0.23123732251521298,0.22580645161290322,13729,0.18566537985286619,330,7,4,3,0.5714285714285714,0.6333333333333333,4.0,0.9228571428571429,0,default,rf
5,0.02,most_risky,0.8411801632140615,0.6388888888888888,0.24381625441696114,0.2777777777777778,15926,0.1817154338817029,310,7,7,0,1.0,0.6387096774193548,7.0,0.9557142857142857,0,default,rf
6,0.02,most_risky,0.8310325786858089,0.6467661691542289,0.19374068554396423,0.2935323383084577,18107,0.17832882310708567,326,7,6,1,0.8571428571428571,0.6257668711656442,6.0,0.9114285714285713,0,default,rf
7,0.02,most_risky,0.8353463150110919,0.5714285714285714,0.18285714285714286,0.14285714285714285,20281,0.1757309797347271,333,7,7,0,1.0,0.6516516516516516,7.0,0.9414285714285714,0,default,rf
8,0.02,most_risky,0.8286223013576675,0.5435684647302904,0.16561314791403287,0.08713692946058091,22463,0.17401949873124695,325,7,4,3,0.5714285714285714,0.6646153846153846,4.0,0.9442857142857143,0,default,rf
9,0.02,most_risky,0.8341126245171783,0.5518672199170125,0.1581450653983353,0.1037344398340249,24591,0.1725834654955065,380,8,7,1,0.875,0.6105263157894737,7.0,0.925,0,default,rf
10,0.02,most_risky,0.8334579439252336,0.5753968253968254,0.15608180839612487,0.15079365079365079,26747,0.17153325606610087,352,8,7,1,0.875,0.6448863636363636,7.0,0.946875,0,default,rf
0,0.02,most_risky,0.795,0.5673758865248227,0.35714285714285715,0.1347517730496454,5000,0.2286,0,0,0,0,0.0,0.0,0.0,0.0,1,default,rf
1,0.02,most_risky,0.81419624217119,0.6159420289855072,0.2842809364548495,0.2318840579710145,7184,0.21269487750556793,323,7,7,0,1.0,0.6006191950464397,7.0,0.9385714285714286,1,default,rf
2,0.02,most_risky,0.825107296137339,0.6820809248554913,0.3033419023136247,0.36416184971098264,9319,0.199377615623994,373,8,8,0,1.0,0.5656836461126006,8.0,0.98375,1,default,rf
3,0.02,most_risky,0.8221739130434783,0.6162162162162163,0.252212389380531,0.23243243243243245,11499,0.19045134359509522,327,7,7,0,1.0,0.636085626911315,7.0,0.9628571428571429,1,default,rf
4,0.02,most_risky,0.8273092369477911,0.6201117318435754,0.21511627906976744,0.24022346368715083,13691,0.18406252282521365,315,7,7,0,1.0,0.6222222222222222,7.0,0.9885714285714285,1,default,rf
5,0.02,most_risky,0.8369085173501577,0.6482412060301508,0.22395833333333334,0.2964824120603015,15847,0.18034959298289896,352,8,6,2,0.75,0.6306818181818182,6.0,0.94125,1,default,rf
6,0.02,most_risky,0.8380476982806434,0.5932203389830508,0.2229299363057325,0.1864406779661017,18026,0.17796516143348495,328,7,6,1,0.8571428571428571,0.6128048780487805,6.0,0.9371428571428572,1,default,rf
7,0.02,most_risky,0.8341196920784704,0.5766129032258065,0.20254957507082152,0.1532258064516129,20133,0.17632742263944767,402,9,8,1,0.8888888888888888,0.6044776119402985,8.0,0.9833333333333333,1,default,rf
8,0.02,most_risky,0.8372615039281706,0.5769230769230769,0.19607843137254902,0.15384615384615385,22271,0.17471150823941448,370,8,7,1,0.875,0.6054054054054054,7.0,0.9975,1,default,rf
9,0.02,most_risky,0.8336065573770491,0.5962962962962963,0.1863425925925926,0.1925925925925926,24399,0.17349071683265707,380,8,6,2,0.75,0.618421052631579,6.0,0.94875,1,default,rf
10,0.02,most_risky,0.842719909587493,0.627906976744186,0.17980022197558268,0.2558139534883721,26543,0.17149530949779604,364,8,7,1,0.875,0.6016483516483516,7.0,0.9325,1,default,rf
0,0.02,most_risky,0.825,0.65625,0.39069767441860465,0.3125,5000,0.2188,0,0,0,0,0.0,0.0,0.0,0.0,2,default,rf
1,0.02,most_risky,0.825208913649025,0.5935483870967742,0.32857142857142857,0.1870967741935484,7176,0.20345596432552954,331,7,7,0,1.0,0.6555891238670695,7.0,0.9514285714285712,2,default,rf
2,0.02,most_risky,0.8192963752665245,0.6363636363636364,0.2572178477690289,0.2727272727272727,9378,0.19151204947750053,305,7,7,0,1.0,0.5967213114754099,7.0,0.9971428571428572,2,default,rf
3,0.02,most_risky,0.8331166016471608,0.6222222222222222,0.26107226107226106,0.24444444444444444,11531,0.18628046136501605,355,8,7,1,0.875,0.6788732394366197,7.0,0.955,2,default,rf
4,0.02,most_risky,0.8284671532846716,0.6666666666666666,0.21292775665399238,0.3333333333333333,13696,0.18333820093457945,342,7,7,0,1.0,0.6228070175438597,7.0,0.9428571428571428,2,default,rf
5,0.02,most_risky,0.839937106918239,0.6201923076923077,0.23076923076923078,0.2403846153846154,15898,0.17895332746257392,305,7,6,1,0.8571428571428571,0.6196721311475409,6.0,0.9542857142857143,2,default,rf
6,0.02,most_risky,0.8314451505940867,0.6697247706422018,0.2134502923976608,0.3394495412844037,18093,0.17747195047808545,312,7,5,2,0.7142857142857143,0.6346153846153846,5.0,0.9528571428571428,2,default,rf
7,0.02,most_risky,0.8256473489519113,0.5966386554621849,0.18857901726427623,0.19327731092436976,20275,0.17514180024660914,325,7,7,0,1.0,0.6553846153846153,7.0,0.9442857142857143,2,default,rf
8,0.02,most_risky,0.8415312708657913,0.6009852216748769,0.16201859229747675,0.2019704433497537,22462,0.17465052087970795,320,7,5,2,0.7142857142857143,0.63125,5.0,0.9914285714285714,2,default,rf
9,0.02,most_risky,0.834516325288988,0.5893719806763285,0.14302461899179367,0.178743961352657,24655,0.1743662543094707,314,7,6,1,0.8571428571428571,0.6528662420382165,6.0,0.9253571428571428,2,default,rf
10,0.02,most_risky,0.8422718808193669,0.6233766233766234,0.1592920353982301,0.24675324675324675,26848,0.17319725864123958,314,7,7,0,1.0,0.6050955414012739,7.0,0.9314285714285715,2,default,rf
0,0.02,most_risky,0.808,0.5245901639344263,0.32323232323232326,0.04918032786885246,5000,0.211,0,0,0,0,0.0,0.0,0.0,0.0,3,default,rf
1,0.02,most_risky,0.8186889818688982,0.6484375,0.2785234899328859,0.296875,7166,0.1985766117778398,341,7,5,2,0.7142857142857143,0.656891495601173,5.0,0.9071428571428571,3,default,rf
2,0.02,most_risky,0.820911528150134,0.5666666666666667,0.2401129943502825,0.13333333333333333,9325,0.19099195710455763,348,7,6,1,0.8571428571428571,0.6293103448275862,6.0,0.9154081632653062,3,default,rf
3,0.02,most_risky,0.8250108554059922,0.5526315789473685,0.24822695035460993,0.10526315789473684,11511,0.18955781426461646,321,7,6,1,0.8571428571428571,0.6074766355140186,6.0,0.8970952380952381,3,default,rf
4,0.02,most_risky,0.8288222384784198,0.6235294117647059,0.20784313725490197,0.24705882352941178,13668,0.18481123792800702,351,8,8,0,1.0,0.584045584045584,8.0,0.9589166666666666,3,default,rf
5,0.02,most_risky,0.8140782828282829,0.5916230366492147,0.18108974358974358,0.18324607329842932,15836,0.18211669613538772,339,7,6,1,0.8571428571428571,0.6932153392330384,6.0,0.9338095238095239,3,default,rf
6,0.02,most_risky,0.8225492918633713,0.5467289719626168,0.17754172989377845,0.09345794392523364,18005,0.17878367120244376,338,7,7,0,1.0,0.6390532544378699,7.0,0.9642857142857143,3,default,rf
7,0.02,most_risky,0.8326722855726326,0.6150234741784038,0.18093922651933703,0.2300469483568075,20168,0.1760710035700119,344,7,7,0,1.0,0.6482558139534884,7.0,0.9357142857142857,3,default,rf
8,0.02,most_risky,0.8383273703041145,0.5754716981132075,0.16158940397350993,0.1509433962264151,22356,0.17440508140991232,319,7,6,1,0.8571428571428571,0.6300940438871473,6.0,0.9357142857142856,3,default,rf
9,0.02,most_risky,0.8293230016313213,0.5319148936170213,0.1467136150234742,0.06382978723404255,24519,0.1723153472816999,344,7,6,1,0.8571428571428571,0.6337209302325582,6.0,0.9776190476190477,3,default,rf
10,0.02,most_risky,0.8332708879730236,0.5204918032786885,0.1411111111111111,0.040983606557377046,26690,0.17066316972648932,336,7,5,2,0.7142857142857143,0.6160714285714286,5.0,0.9425714285714285,3,default,rf
0,0.02,most_risky,0.807,0.6076923076923076,0.3574660633484163,0.2153846153846154,5000,0.2196,0,0,0,0,0.0,0.0,0.0,0.0,4,default,rf
1,0.02,most_risky,0.8189415041782729,0.5833333333333334,0.29577464788732394,0.16666666666666666,7178,0.20270270270270271,329,7,7,0,1.0,0.6930091185410334,7.0,0.9328571428571429,4,default,rf
2,0.02,most_risky,0.8227442605445809,0.5847953216374269,0.2770083102493075,0.1695906432748538,9363,0.1927800918509025,322,7,7,0,1.0,0.6149068322981367,7.0,0.9728571428571428,4,default,rf
3,0.02,most_risky,0.8246977547495682,0.5683060109289617,0.24129930394431554,0.1366120218579235,11579,0.1887036877105104,290,6,6,0,1.0,0.6517241379310345,6.0,0.9266666666666667,4,default,rf
4,0.02,most_risky,0.8332726610848198,0.5870646766169154,0.23935091277890466,0.17412935323383086,13731,0.18308935984269173,356,8,8,0,1.0,0.5955056179775281,8.0,0.97875,4,default,rf
5,0.02,most_risky,0.8367924528301887,0.6066350710900474,0.22695035460992907,0.2132701421800948,15898,0.17964523839476665,340,7,6,1,0.8571428571428571,0.6529411764705882,6.0,0.9714285714285713,4,default,rf
6,0.02,most_risky,0.8293222683264178,0.5927835051546392,0.17611026033690658,0.18556701030927836,18075,0.1764868603042877,330,7,5,2,0.7142857142857143,0.5969696969696969,5.0,0.9742857142857142,4,default,rf
7,0.02,most_risky,0.829671686003456,0.5853658536585366,0.16551724137931034,0.17073170731707318,20251,0.17450990074564218,331,7,5,2,0.7142857142857143,0.6102719033232629,5.0,0.9285714285714287,4,default,rf
8,0.02,most_risky,0.840731652910997,0.6394230769230769,0.172279792746114,0.27884615384615385,22412,0.1742816348384794,346,7,7,0,1.0,0.661849710982659,7.0,0.9742857142857143,4,default,rf
9,0.02,most_risky,0.8364485981308412,0.5874439461883408,0.1552132701421801,0.17488789237668162,24608,0.173805266579974,311,7,6,1,0.8571428571428571,0.5787781350482315,6.0,0.9628571428571429,4,default,rf
10,0.02,most_risky,0.8285714285714286,0.6017316017316018,0.14404145077720207,0.20346320346320346,26774,0.17236871591842834,341,7,7,0,1.0,0.6686217008797654,7.0,0.9814285714285713,4,default,rf
0,0.05,most_risky,0.822,0.6747967479674797,0.3755656108597285,0.34959349593495936,5000,0.2226,0,0,0,0,0.0,0.0,0.0,0.0,0,default,rf
1,0.05,most_risky,0.8479166666666667,0.673469387755102,0.36666666666666664,0.3469387755102041,7199,0.20377830254201973,317,16,12,4,0.75,0.5962145110410094,12.0,0.915,0,default,rf
2,0.05,most_risky,0.8148541114058355,0.6153846153846154,0.24935064935064935,0.23076923076923078,9421,0.19785585394331812,293,15,11,4,0.7333333333333333,0.6450511945392492,11.0,0.9280000000000002,0,default,rf
3,0.05,most_risky,0.8346286701208981,0.6276595744680851,0.2737819025522042,0.2553191489361702,11579,0.18982640987995508,360,18,13,5,0.7222222222222222,0.6027777777777777,13.0,0.8844444444444444,0,default,rf
4,0.05,most_risky,0.828,0.6633663366336634,0.24860853432282004,0.32673267326732675,13749,0.1869954178485708,348,18,12,6,0.6666666666666666,0.6408045977011494,12.0,0.9116666666666666,0,default,rf
5,0.05,most_risky,0.8362554790231684,0.6485148514851485,0.22469982847341338,0.297029702970297,15968,0.18317885771543085,296,15,14,1,0.9333333333333333,0.6621621621621622,14.0,0.9066666666666665,0,default,rf
6,0.05,most_risky,0.8359482521332232,0.6188340807174888,0.21263482280431434,0.23766816143497757,18161,0.18016629040251086,324,17,13,4,0.7647058823529411,0.6141975308641975,13.0,0.8917647058823529,0,default,rf
7,0.05,most_risky,0.8358318997296633,0.5958333333333333,0.20028011204481794,0.19166666666666668,20344,0.1778411325206449,334,17,14,3,0.8235294117647058,0.6377245508982036,14.0,0.9223529411764706,0,default,rf
8,0.05,most_risky,0.8283813747228381,0.5725190839694656,0.18472906403940886,0.1450381679389313,22548,0.17633492992726627,312,16,13,3,0.8125,0.6794871794871795,13.0,0.891875,0,default,rf
9,0.05,most_risky,0.8415941735787983,0.6,0.17668269230769232,0.2,24713,0.17537328531542104,353,18,16,2,0.8888888888888888,0.6175637393767706,16.0,0.9083333333333332,0,default,rf
10,0.05,most_risky,0.8359680119025479,0.5589225589225589,0.18102508178844057,0.11784511784511785,26885,0.1743723265761577,346,18,16,2,0.8888888888888888,0.653179190751445,16.0,0.9499907407407407,0,default,rf
0,0.05,most_risky,0.795,0.5673758865248227,0.35714285714285715,0.1347517730496454,5000,0.2286,0,0,0,0,0.0,0.0,0.0,0.0,1,default,rf
1,0.05,most_risky,0.8033356497567755,0.6394557823129252,0.29012345679012347,0.2789115646258503,7194,0.21337225465665832,323,17,14,3,0.8235294117647058,0.6006191950464397,14.0,0.9035294117647058,1,default,rf
2,0.05,most_risky,0.8211425520555259,0.6580645161290323,0.265625,0.3161290322580645,9363,0.20046993484994124,349,18,14,4,0.7777777777777778,0.5873925501432665,14.0,0.9077777777777778,1,default,rf
3,0.05,most_risky,0.8174740484429066,0.5913978494623656,0.2412280701754386,0.1827956989247312,11556,0.19228106611284182,324,17,14,3,0.8235294117647058,0.6234567901234568,14.0,0.9135294117647058,1,default,rf
4,0.05,most_risky,0.8269720101781171,0.5527638190954773,0.22132796780684105,0.10552763819095477,13754,0.1855460229751345,318,16,15,1,0.9375,0.6415094339622641,15.0,0.948125,1,default,rf
5,0.05,most_risky,0.8264825855036084,0.616822429906542,0.21890547263681592,0.2336448598130841,15932,0.18258850112980166,339,17,15,2,0.8823529411764706,0.6253687315634219,15.0,0.9147058823529411,1,default,rf
6,0.05,most_risky,0.8269867549668874,0.5819672131147541,0.2128935532233883,0.16393442622950818,18117,0.17994149141690124,332,17,13,4,0.7647058823529411,0.6234939759036144,13.0,0.8952941176470588,1,default,rf
7,0.05,most_risky,0.837857847976308,0.6283524904214559,0.2265193370165746,0.2567049808429119,20258,0.17874419982229242,378,19,17,2,0.8947368421052632,0.6164021164021164,17.0,0.9668421052631582,1,default,rf
8,0.05,most_risky,0.8360838537020517,0.6564885496183206,0.21052631578947367,0.31297709923664124,22416,0.17750713775874374,360,18,16,2,0.8888888888888888,0.6,16.0,0.9477777777777777,1,default,rf
9,0.05,most_risky,0.8441822620016274,0.6273062730627307,0.20359281437125748,0.25461254612546125,24579,0.17600390577322103,355,18,14,4,0.7777777777777778,0.6704225352112676,14.0,0.9272222222222223,1,default,rf
10,0.05,most_risky,0.8469730941704036,0.6438356164383562,0.2081949058693245,0.2876712328767123,26757,0.1743095264790522,339,17,14,3,0.8235294117647058,0.6106194690265486,14.0,0.9125,1,default,rf
0,0.05,most_risky,0.825,0.65625,0.39069767441860465,0.3125,5000,0.2188,0,0,0,0,0.0,0.0,0.0,0.0,2,default,rf
1,0.05,most_risky,0.8205841446453408,0.60431654676259,0.2926829268292683,0.20863309352517986,7186,0.20442527136097968,331,17,16,1,0.9411764705882353,0.6555891238670695,16.0,0.9211764705882354,2,default,rf
2,0.05,most_risky,0.8164893617021277,0.6438356164383562,0.24289405684754523,0.2876712328767123,9400,0.19287234042553192,302,16,14,2,0.875,0.5993377483443708,14.0,0.953125,2,default,rf
3,0.05,most_risky,0.822538860103627,0.5978835978835979,0.25223214285714285,0.19576719576719576,11578,0.1879426498531698,339,17,16,1,0.9411764705882353,0.7050147492625368,16.0,0.9217647058823528,2,default,rf
4,0.05,most_risky,0.8295165394402035,0.6,0.22485207100591717,0.2,13753,0.184614265978332,343,18,15,3,0.8333333333333334,0.6443148688046647,15.0,0.9366666666666666,2,default,rf
5,0.05,most_risky,0.8321327904791732,0.6383928571428571,0.2391304347826087,0.2767857142857143,15965,0.18108362041966802,304,16,15,1,0.9375,0.5921052631578947,15.0,0.920625,2,default,rf
6,0.05,most_risky,0.8376444689047882,0.6106194690265486,0.215625,0.22123893805309736,18167,0.17961138327737106,314,16,14,2,0.875,0.6401273885350318,14.0,0.92875,2,default,rf
7,0.05,most_risky,0.8427131973457852,0.6016597510373444,0.2104499274310595,0.2033195020746888,20345,0.17739002211845661,339,17,15,2,0.8823529411764706,0.6342182890855457,15.0,0.9417647058823531,2,default,rf
8,0.05,most_risky,0.8408435072142064,0.6134453781512605,0.1893644617380026,0.226890756302521,22524,0.1765672171905523,338,17,13,4,0.7647058823529411,0.6331360946745562,13.0,0.9411764705882352,2,default,rf
9,0.05,most_risky,0.8407437348423605,0.6576576576576577,0.17016317016317017,0.3153153153153153,24736,0.1767464424320828,304,16,13,3,0.8125,0.6348684210526315,13.0,0.9102083333333333,2,default,rf
10,0.05,most_risky,0.8385300668151447,0.602996254681648,0.17405405405405405,0.20599250936329588,26936,0.1754158004158004,316,16,14,2,0.875,0.6170886075949367,14.0,0.898125,2,default,rf
0,0.05,most_risky,0.808,0.5245901639344263,0.32323232323232326,0.04918032786885246,5000,0.211,0,0,0,0,0.0,0.0,0.0,0.0,3,default,rf
1,0.05,most_risky,0.8064066852367688,0.5902777777777778,0.27960526315789475,0.18055555555555555,7177,0.19924759648878362,341,18,12,6,0.6666666666666666,0.656891495601173,12.0,0.8766666666666667,3,default,rf
2,0.05,most_risky,0.8155080213903744,0.6344827586206897,0.23958333333333334,0.2689655172413793,9350,0.1925133689839572,345,18,16,2,0.8888888888888888,0.6289855072463768,16.0,0.8522222222222222,3,default,rf
3,0.05,most_risky,0.8217993079584776,0.6010928961748634,0.24498886414253898,0.20218579234972678,11559,0.19145254779825244,307,16,12,4,0.75,0.6156351791530945,12.0,0.86,3,default,rf
4,0.05,most_risky,0.8283012004365223,0.6223404255319149,0.22586872586872586,0.24468085106382978,13744,0.18742724097788127,332,17,16,1,0.9411764705882353,0.5843373493975904,16.0,0.9289985994397759,3,default,rf
5,0.05,most_risky,0.8273155416012559,0.6082474226804123,0.19932432432432431,0.21649484536082475,15921,0.18516424847685448,340,17,14,3,0.8235294117647058,0.6735294117647059,14.0,0.8849019607843137,3,default,rf
6,0.05,most_risky,0.8314917127071824,0.5844155844155844,0.20801232665639446,0.16883116883116883,18099,0.1818332504558263,339,17,15,2,0.8823529411764706,0.6371681415929203,15.0,0.8948774509803922,3,default,rf
7,0.05,most_risky,0.8416378885051801,0.6208333333333333,0.21285714285714286,0.24166666666666667,20270,0.17893438579181056,347,18,17,1,0.9444444444444444,0.659942363112392,17.0,0.8861111111111112,3,default,rf
8,0.05,most_risky,0.8395281549076341,0.6078431372549019,0.19974226804123713,0.21568627450980393,22463,0.1772247696211548,324,17,10,7,0.5882352941176471,0.6141975308641975,10.0,0.9055882352941176,3,default,rf
9,0.05,most_risky,0.8419237012987013,0.5977443609022557,0.19133574007220217,0.19548872180451127,24637,0.17526484555749483,344,18,12,6,0.6666666666666666,0.6191860465116279,12.0,0.9176851851851853,3,default,rf
10,0.05,most_risky,0.8348247576435496,0.5759717314487632,0.17545748116254037,0.1519434628975265,26820,0.17360178970917226,334,17,13,4,0.7647058823529411,0.6197604790419161,13.0,0.888313725490196,3,default,rf
0,0.05,most_risky,0.807,0.6076923076923076,0.3574660633484163,0.2153846153846154,5000,0.2196,0,0,0,0,0.0,0.0,0.0,0.0,4,default,rf
1,0.05,most_risky,0.803894297635605,0.5333333333333333,0.273972602739726,0.06666666666666667,7188,0.2033945464663328,329,17,14,3,0.8235294117647058,0.6930091185410334,14.0,0.9005882352941176,4,default,rf
2,0.05,most_risky,0.8268513585508791,0.6728395061728395,0.28608923884514437,0.345679012345679,9381,0.19358277369150412,324,17,13,4,0.7647058823529411,0.6172839506172839,13.0,0.9088235294117648,4,default,rf
3,0.05,most_risky,0.82201203783319,0.5497382198952879,0.24249422632794457,0.09947643979057591,11627,0.18998881912789198,268,14,12,2,0.8571428571428571,0.6791044776119403,12.0,0.9014285714285715,4,default,rf
4,0.05,most_risky,0.8369565217391305,0.6262135922330098,0.25697211155378485,0.2524271844660194,13797,0.18460534898891062,348,18,15,3,0.8333333333333334,0.603448275862069,15.0,0.9422222222222223,4,default,rf
5,0.05,most_risky,0.8312989045383412,0.583732057416268,0.21254355400696864,0.1674641148325359,15972,0.18181818181818182,343,18,13,5,0.7222222222222222,0.6239067055393586,13.0,0.9305555555555556,4,default,rf
6,0.05,most_risky,0.8269124931205284,0.6082949308755761,0.1952662721893491,0.21658986175115208,18168,0.17839057683839718,320,16,11,5,0.6875,0.625,11.0,0.905625,4,default,rf
7,0.05,most_risky,0.8268664047151277,0.5758928571428571,0.17456021650879566,0.15178571428571427,20356,0.17670465710355668,329,17,15,2,0.8823529411764706,0.60790273556231,15.0,0.8741176470588234,4,default,rf
8,0.05,most_risky,0.8321135506764249,0.6088709677419355,0.18618988902589395,0.21774193548387097,22545,0.1766245287203371,328,17,16,1,0.9411764705882353,0.6859756097560976,16.0,0.9223529411764707,4,default,rf
9,0.05,most_risky,0.8345788729549586,0.584070796460177,0.15402567094515754,0.168141592920354,24753,0.17626146325697895,308,16,12,4,0.75,0.5714285714285714,12.0,0.916875,4,default,rf
10,0.05,most_risky,0.8331786973464465,0.5769230769230769,0.1597444089456869,0.15384615384615385,26944,0.17532660332541566,326,17,14,3,0.8235294117647058,0.6503067484662577,14.0,0.9470588235294118,4,default,rf
0,0.1,most_risky,0.822,0.6747967479674797,0.3755656108597285,0.34959349593495936,5000,0.2226,0,0,0,0,0.0,0.0,0.0,0.0,0,default,rf
1,0.1,most_risky,0.8475398475398476,0.708029197080292,0.35018050541516244,0.41605839416058393,7215,0.20457380457380459,317,32,21,11,0.65625,0.5962145110410094,21.0,0.8843749999999999,0,default,rf
2,0.1,most_risky,0.8257415254237288,0.6287425149700598,0.28225806451612906,0.25748502994011974,9436,0.1987070792708775,310,31,26,5,0.8387096774193549,0.6516129032258065,26.0,0.8777419354838707,0,default,rf
3,0.1,most_risky,0.8355574687903573,0.686046511627907,0.2645739910313901,0.37209302325581395,11615,0.1913904433921653,357,36,26,10,0.7222222222222222,0.6050420168067226,26.0,0.8569444444444443,0,default,rf
4,0.1,most_risky,0.8338762214983714,0.676923076923077,0.25,0.35384615384615387,13814,0.18886636745330823,335,34,24,10,0.7058823529411765,0.6626865671641791,24.0,0.8722941176470589,0,default,rf
5,0.1,most_risky,0.8386795390843974,0.6532663316582915,0.22452504317789293,0.3065326633165829,16053,0.18575967108951597,290,29,23,6,0.7931034482758621,0.6413793103448275,23.0,0.8661206896551725,0,default,rf
6,0.1,most_risky,0.8402625820568927,0.6650717703349283,0.21286370597243492,0.33014354066985646,18279,0.18277805131571748,305,31,23,8,0.7419354838709677,0.6459016393442623,23.0,0.8505107526881721,0,default,rf
7,0.1,most_risky,0.8360575750182971,0.6291666666666667,0.20572207084468666,0.25833333333333336,20493,0.181037427414239,318,32,28,4,0.875,0.6415094339622641,28.0,0.8710625000000001,0,default,rf
8,0.1,most_risky,0.8343598768147822,0.5827067669172933,0.1944792973651192,0.16541353383458646,22727,0.1800061600739209,296,30,23,7,0.7666666666666667,0.6722972972972973,23.0,0.8735079365079365,0,default,rf
9,0.1,most_risky,0.8324638844301766,0.596551724137931,0.1941638608305275,0.19310344827586207,24919,0.17897989485934426,343,35,30,5,0.8571428571428571,0.6443148688046647,30.0,0.8785714285714284,0,default,rf
10,0.1,most_risky,0.8368362831858407,0.587248322147651,0.18676627534685167,0.174496644295302,27116,0.17838176722230417,337,34,28,6,0.8235294117647058,0.6379821958456974,28.0,0.9117647058823529,0,default,rf
0,0.1,most_risky,0.795,0.5673758865248227,0.35714285714285715,0.1347517730496454,5000,0.2286,0,0,0,0,0.0,0.0,0.0,0.0,1,default,rf
1,0.1,most_risky,0.812760055478502,0.6305732484076433,0.3183279742765273,0.2611464968152866,7210,0.2145631067961165,323,33,26,7,0.7878787878787878,0.6006191950464397,26.0,0.8672727272727273,1,default,rf
2,0.1,most_risky,0.8160980810234542,0.5977011494252874,0.27440633245382584,0.19540229885057472,9379,0.20151402068450794,368,37,25,12,0.6756756756756757,0.5842391304347826,25.0,0.8483783783783783,1,default,rf
3,0.1,most_risky,0.8141440275981027,0.59,0.25267665952890794,0.18,11593,0.19477270766842059,318,32,26,6,0.8125,0.60062893081761,26.0,0.880625,1,default,rf
4,0.1,most_risky,0.8336353751359188,0.6179245283018868,0.25736738703339884,0.2358490566037736,13794,0.18819776714513556,333,34,28,6,0.8235294117647058,0.6276276276276276,28.0,0.8894117647058822,1,default,rf
5,0.1,most_risky,0.8351063829787234,0.5968379446640316,0.2621527777777778,0.19367588932806323,15977,0.18476560055079178,353,36,24,12,0.6666666666666666,0.6288951841359773,24.0,0.8683333333333332,1,default,rf
6,0.1,most_risky,0.8308115543328748,0.6226415094339622,0.2426470588235294,0.24528301886792453,18174,0.1822933861560471,337,34,24,10,0.7058823529411765,0.6172106824925816,24.0,0.8435294117647059,1,default,rf
7,0.1,most_risky,0.8330875122910522,0.5942028985507246,0.2243502051983584,0.18840579710144928,20337,0.18109849043615087,375,38,32,6,0.8421052631578947,0.6373333333333333,32.0,0.9118421052631579,1,default,rf
8,0.1,most_risky,0.8308888888888889,0.6518771331058021,0.22470588235294117,0.3037542662116041,22500,0.1797777777777778,375,38,26,12,0.6842105263157895,0.592,26.0,0.8793596491228068,1,default,rf
9,0.1,most_risky,0.8325571978133225,0.609375,0.21739130434782608,0.21875,24695,0.17878112978335695,339,34,24,10,0.7058823529411765,0.6637168141592921,24.0,0.8637710084033614,1,default,rf
10,0.1,most_risky,0.8379182156133829,0.6340057636887608,0.22797927461139897,0.2680115273775216,26897,0.17738037699371678,332,34,29,5,0.8529411764705882,0.6144578313253012,29.0,0.8552205882352941,1,default,rf
0,0.1,most_risky,0.825,0.65625,0.39069767441860465,0.3125,5000,0.2188,0,0,0,0,0.0,0.0,0.0,0.0,2,default,rf
1,0.1,most_risky,0.8313671061762665,0.5878378378378378,0.32342007434944237,0.17567567567567569,7203,0.2057476051645148,331,34,29,5,0.8529411764705882,0.6555891238670695,29.0,0.8870588235294118,2,default,rf
2,0.1,most_risky,0.8253715498938429,0.6,0.25833333333333336,0.2,9418,0.19420259078360586,317,32,25,7,0.78125,0.5962145110410094,25.0,0.89625,2,default,rf
3,0.1,most_risky,0.8204134366925064,0.6294416243654822,0.26495726495726496,0.25888324873096447,11609,0.19002498061848566,344,35,26,9,0.7428571428571429,0.6831395348837209,26.0,0.8815238095238095,2,default,rf
4,0.1,most_risky,0.8261499456718581,0.6195652173913043,0.21755725190839695,0.2391304347826087,13802,0.1870018837849587,342,35,25,10,0.7142857142857143,0.6403508771929824,25.0,0.859142857142857,2,default,rf
5,0.1,most_risky,0.8280811232449298,0.6437768240343348,0.24271844660194175,0.2875536480686695,16021,0.1833843080956245,313,32,28,4,0.875,0.6006389776357828,28.0,0.8621875,2,default,rf
6,0.1,most_risky,0.8345205479452055,0.6244897959183674,0.23007518796992482,0.24897959183673468,18248,0.1823761508110478,304,31,21,10,0.6774193548387096,0.625,21.0,0.8674193548387097,2,default,rf
7,0.1,most_risky,0.8320293398533007,0.6417910447761194,0.2254259501965924,0.2835820895522388,20447,0.18076001369394043,335,34,30,4,0.8823529411764706,0.6208955223880597,30.0,0.8568137254901961,2,default,rf
8,0.1,most_risky,0.8356859285399206,0.6567164179104478,0.21230398069963813,0.31343283582089554,22667,0.18083557594741254,312,32,25,7,0.78125,0.6121794871794872,25.0,0.8699999999999999,2,default,rf
9,0.1,most_risky,0.8303212851405622,0.6212121212121212,0.18041804180418042,0.24242424242424243,24897,0.18066433706872315,301,31,23,8,0.7419354838709677,0.6611295681063123,23.0,0.8658064516129033,2,default,rf
10,0.1,most_risky,0.8367760973810402,0.6185567010309279,0.18867924528301888,0.23711340206185566,27106,0.17948055781007896,324,33,25,8,0.7575757575757576,0.5925925925925926,25.0,0.8361616161616162,2,default,rf
0,0.1,most_risky,0.808,0.5245901639344263,0.32323232323232326,0.04918032786885246,5000,0.211,0,0,0,0,0.0,0.0,0.0,0.0,3,default,rf
1,0.1,most_risky,0.8068102849200834,0.5625,0.30201342281879195,0.125,7194,0.2008618293021963,341,35,27,8,0.7714285714285715,0.656891495601173,27.0,0.8485714285714285,3,default,rf
2,0.1,most_risky,0.8166311300639659,0.5988023952095808,0.26525198938992045,0.19760479041916168,9377,0.1937719953076677,353,36,27,9,0.75,0.6402266288951841,27.0,0.858611111111111,3,default,rf
3,0.1,most_risky,0.8157894736842105,0.5833333333333334,0.2153846153846154,0.16666666666666666,11589,0.19259642764690654,320,32,25,7,0.78125,0.625,25.0,0.8539322916666667,3,default,rf
4,0.1,most_risky,0.8281363306744017,0.5939086294416244,0.22896281800391388,0.18781725888324874,13789,0.18877366016389877,334,34,28,6,0.8235294117647058,0.592814371257485,28.0,0.8518186274509805,3,default,rf
5,0.1,most_risky,0.8173287456990929,0.586046511627907,0.2028985507246377,0.17209302325581396,15985,0.18692524241476385,338,34,27,7,0.7941176470588235,0.6775147928994083,27.0,0.8511666666666666,3,default,rf
6,0.1,most_risky,0.8436813186813187,0.6277056277056277,0.23089171974522293,0.2554112554112554,18199,0.1842408923567229,318,32,25,7,0.78125,0.6415094339622641,25.0,0.8832834821428571,3,default,rf
7,0.1,most_risky,0.8375,0.6240875912408759,0.23392612859097128,0.24817518248175183,20398,0.18163545445631923,335,34,25,9,0.7352941176470589,0.6597014925373135,25.0,0.8444117647058824,3,default,rf
8,0.1,most_risky,0.8321910236568649,0.6066176470588235,0.20195838433292534,0.21323529411764705,22611,0.1800451107867852,319,32,26,6,0.8125,0.6363636363636364,26.0,0.8645885416666667,3,default,rf
9,0.1,most_risky,0.8297400765665928,0.608540925266904,0.18874172185430463,0.21708185053380782,24814,0.17848795035060852,331,34,25,9,0.7352941176470589,0.6193353474320241,25.0,0.8930637254901961,3,default,rf
10,0.1,most_risky,0.8381428042915279,0.6190476190476191,0.1925925925925926,0.23809523809523808,27030,0.17721050684424713,316,32,26,6,0.8125,0.6234177215189873,26.0,0.8676041666666666,3,default,rf
0,0.1,most_risky,0.807,0.6076923076923076,0.3574660633484163,0.2153846153846154,5000,0.2196,0,0,0,0,0.0,0.0,0.0,0.0,4,default,rf
1,0.1,most_risky,0.823733518390007,0.6041666666666666,0.30633802816901406,0.20833333333333334,7204,0.2047473625763465,329,33,27,6,0.8181818181818182,0.6930091185410334,27.0,0.8681818181818182,4,default,rf
2,0.1,most_risky,0.8190021231422505,0.6234567901234568,0.2650918635170604,0.24691358024691357,9418,0.19558292631131874,318,32,22,10,0.6875,0.6163522012578616,22.0,0.9075,4,default,rf
3,0.1,most_risky,0.8256959314775161,0.622093023255814,0.2383073496659243,0.2441860465116279,11673,0.19232416688083612,273,28,23,5,0.8214285714285714,0.6703296703296703,23.0,0.8921488095238095,4,default,rf
4,0.1,most_risky,0.8263688760806917,0.5702127659574469,0.26019417475728157,0.14042553191489363,13878,0.18749099293846375,328,33,26,7,0.7878787878787878,0.6158536585365854,26.0,0.8845454545454545,4,default,rf
5,0.1,most_risky,0.8291316526610645,0.630901287553648,0.24098360655737705,0.26180257510729615,16065,0.18425147836912542,348,35,22,13,0.6285714285714286,0.6379310344827587,22.0,0.8757904761904761,4,default,rf
6,0.1,most_risky,0.8378452283292316,0.6444444444444445,0.22036474164133737,0.28888888888888886,18284,0.1814154451979873,313,32,27,5,0.84375,0.6261980830670927,27.0,0.875625,4,default,rf
7,0.1,most_risky,0.8318281669514279,0.611336032388664,0.20295698924731181,0.22267206477732793,20483,0.17941707757652686,335,34,23,11,0.6764705882352942,0.6149253731343284,23.0,0.8688235294117646,4,default,rf
8,0.1,most_risky,0.8341044282881692,0.6048387096774194,0.18633540372670807,0.20967741935483872,22695,0.18008371888081076,320,32,26,6,0.8125,0.65,26.0,0.893125,4,default,rf
9,0.1,most_risky,0.8358747993579454,0.6273062730627307,0.19165727170236754,0.25461254612546125,24919,0.1795015851358401,307,31,20,11,0.6451612903225806,0.5830618892508144,20.0,0.8858064516129031,4,default,rf
10,0.1,most_risky,0.8312430837329399,0.6101694915254238,0.1836734693877551,0.22033898305084745,27108,0.1785450789434853,346,35,30,5,0.8571428571428571,0.6416184971098265,30.0,0.8991428571428571,4,default,rf
0,0.15,most_risky,0.822,0.6747967479674797,0.3755656108597285,0.34959349593495936,5000,0.2226,0,0,0,0,0.0,0.0,0.0,0.0,0,default,rf
1,0.15,most_risky,0.8369039391845197,0.64375,0.36524822695035464,0.2875,7231,0.2055040796570322,317,48,31,17,0.6458333333333334,0.5962145110410094,31.0,0.8552083333333332,0,default,rf
2,0.15,most_risky,0.8142480211081794,0.5975609756097561,0.2552083333333333,0.1951219512195122,9471,0.20019005384859043,307,47,39,8,0.8297872340425532,0.6644951140065146,39.0,0.8389361702127659,0,default,rf
3,0.15,most_risky,0.8137842465753424,0.6573033707865169,0.23828920570264767,0.3146067415730337,11677,0.1941423310781879,347,53,39,14,0.7358490566037735,0.5936599423631124,39.0,0.8252830188679245,0,default,rf
4,0.15,most_risky,0.8205681409564904,0.6754385964912281,0.2659758203799655,0.3508771929824561,13905,0.19273642574613448,320,48,34,14,0.7083333333333334,0.640625,34.0,0.8474131944444444,0,default,rf
5,0.15,most_risky,0.8360148514851485,0.6473029045643154,0.259567387687188,0.2946058091286307,16159,0.18992511912865895,290,44,33,11,0.75,0.6206896551724138,33.0,0.8292424242424242,0,default,rf
6,0.15,most_risky,0.8294341675734495,0.6745098039215687,0.24022346368715083,0.34901960784313724,18379,0.18722454975787584,330,50,43,7,0.86,0.6181818181818182,43.0,0.841995238095238,0,default,rf
7,0.15,most_risky,0.831675964103808,0.65748031496063,0.2157622739018088,0.31496062992125984,20611,0.1853864441317743,316,48,38,10,0.7916666666666666,0.6424050632911392,38.0,0.860732638888889,0,default,rf
8,0.15,most_risky,0.8332603938730854,0.6241379310344828,0.2170263788968825,0.2482758620689655,22850,0.18420131291028446,308,47,35,12,0.7446808510638298,0.6623376623376623,35.0,0.8528226950354614,0,default,rf
9,0.15,most_risky,0.8381560566753143,0.657051282051282,0.22552255225522552,0.3141025641025641,25055,0.18327679105966874,348,53,43,10,0.8113207547169812,0.632183908045977,43.0,0.8579245283018865,0,default,rf
10,0.15,most_risky,0.8369704749679076,0.6111111111111112,0.2060353798126951,0.2222222222222222,27261,0.18223836249587322,347,53,39,14,0.7358490566037735,0.654178674351585,39.0,0.8856320754716982,0,default,rf
0,0.15,most_risky,0.795,0.5673758865248227,0.35714285714285715,0.1347517730496454,5000,0.2286,0,0,0,0,0.0,0.0,0.0,0.0,1,default,rf
1,0.15,most_risky,0.8125864453665284,0.7124183006535948,0.3244047619047619,0.42483660130718953,7226,0.21574868530307223,323,49,38,11,0.7755102040816326,0.6006191950464397,38.0,0.8434693877551022,1,default,rf
2,0.15,most_risky,0.8177000529941706,0.6407185628742516,0.27365728900255754,0.281437125748503,9431,0.20368995864701517,348,53,38,15,0.7169811320754716,0.6005747126436781,38.0,0.8381132075471701,1,default,rf
3,0.15,most_risky,0.8231759656652361,0.6113744075829384,0.28104575163398693,0.22274881516587677,11648,0.19685782967032966,334,51,42,9,0.8235294117647058,0.6077844311377245,42.0,0.8472549019607845,1,default,rf
4,0.15,most_risky,0.8245045045045045,0.6081632653061224,0.2759259259259259,0.2163265306122449,13873,0.19022561810711455,324,49,40,9,0.8163265306122449,0.6574074074074074,40.0,0.8706122448979591,1,default,rf
5,0.15,most_risky,0.8266542404473439,0.5658914728682171,0.24662162162162163,0.13178294573643412,16093,0.187597091903312,330,50,36,14,0.72,0.6363636363636364,36.0,0.8350000000000002,1,default,rf
6,0.15,most_risky,0.8346069868995634,0.5951557093425606,0.26021180030257185,0.1903114186851211,18316,0.18535706486132345,327,50,36,14,0.72,0.6269113149847095,36.0,0.8514666666666666,1,default,rf
7,0.15,most_risky,0.8308931185944363,0.580327868852459,0.238544474393531,0.16065573770491803,20487,0.1844584370576463,388,59,45,14,0.7627118644067796,0.6134020618556701,45.0,0.8672881355932203,1,default,rf
8,0.15,most_risky,0.841710758377425,0.6537216828478964,0.24846248462484624,0.3074433656957929,22677,0.18318119680733783,365,55,36,19,0.6545454545454545,0.6,36.0,0.8759545454545455,1,default,rf
9,0.15,most_risky,0.837316730267122,0.6586826347305389,0.24017467248908297,0.31736526946107785,24894,0.18281513617739215,334,51,41,10,0.803921568627451,0.6437125748502994,41.0,0.8470588235294119,1,default,rf
10,0.15,most_risky,0.8386204352637403,0.612565445026178,0.24349635796045785,0.225130890052356,27106,0.18150962886445807,339,51,41,10,0.803921568627451,0.5988200589970502,41.0,0.8606535947712418,1,default,rf
0,0.15,most_risky,0.825,0.65625,0.39069767441860465,0.3125,5000,0.2188,0,0,0,0,0.0,0.0,0.0,0.0,2,default,rf
1,0.15,most_risky,0.817174515235457,0.564935064935065,0.30633802816901406,0.12987012987012986,7219,0.20709239506856905,331,50,42,8,0.84,0.6555891238670695,42.0,0.8632,2,default,rf
2,0.15,most_risky,0.8297197250132206,0.6745562130177515,0.2992125984251969,0.34911242603550297,9455,0.1970386039132734,311,47,37,10,0.7872340425531915,0.5787781350482315,37.0,0.8534042553191487,2,default,rf
3,0.15,most_risky,0.8324764353041988,0.6787564766839378,0.2847826086956522,0.35751295336787564,11668,0.1931779225231402,338,51,38,13,0.7450980392156863,0.6893491124260355,38.0,0.8537254901960786,2,default,rf
4,0.15,most_risky,0.8373515653112631,0.680365296803653,0.2806026365348399,0.3607305936073059,13891,0.19077100280757325,327,50,38,12,0.76,0.6452599388379205,38.0,0.8532,2,default,rf
5,0.15,most_risky,0.8323000619962803,0.6463878326996197,0.2750809061488673,0.29277566539923955,16127,0.18707757177404352,311,47,38,9,0.8085106382978723,0.6045016077170418,38.0,0.811063829787234,2,default,rf
6,0.15,most_risky,0.8361012796079499,0.6423076923076924,0.2470414201183432,0.2846153846153846,18361,0.18604651162790697,314,48,37,11,0.7708333333333334,0.6273885350318471,37.0,0.8554166666666666,2,default,rf
7,0.15,most_risky,0.8343453971338353,0.6498316498316499,0.2503242542153048,0.2996632996632997,20582,0.18453017199494703,329,50,40,10,0.8,0.6200607902735562,40.0,0.8430500000000001,2,default,rf
8,0.15,most_risky,0.8351238763429073,0.6600660066006601,0.23557126030624265,0.3201320132013201,22805,0.18447708835781626,326,49,37,12,0.7551020408163265,0.6042944785276073,37.0,0.8573469387755103,2,default,rf
9,0.15,most_risky,0.8389221556886227,0.641566265060241,0.23640399556048836,0.28313253012048195,25049,0.18443850053894367,302,46,34,12,0.7391304347826086,0.6490066225165563,34.0,0.8542753623188404,2,default,rf
10,0.15,most_risky,0.83492296404989,0.6016260162601627,0.2276923076923077,0.2032520325203252,27260,0.18308877476155538,341,52,37,15,0.7115384615384616,0.5865102639296188,37.0,0.8124679487179487,2,default,rf
0,0.15,most_risky,0.808,0.5245901639344263,0.32323232323232326,0.04918032786885246,5000,0.211,0,0,0,0,0.0,0.0,0.0,0.0,3,default,rf
1,0.15,most_risky,0.8322938322938322,0.676056338028169,0.3287671232876712,0.352112676056338,7211,0.202468450977673,341,52,42,10,0.8076923076923077,0.656891495601173,42.0,0.8278846153846158,3,default,rf
2,0.15,most_risky,0.8273113708820404,0.6646341463414634,0.287598944591029,0.32926829268292684,9408,0.19653486394557823,357,54,42,12,0.7777777777777778,0.6274509803921569,42.0,0.8019907407407408,3,default,rf
3,0.15,most_risky,0.8081720430107527,0.5480769230769231,0.2446351931330472,0.09615384615384616,11625,0.19544086021505377,333,50,37,13,0.74,0.6126126126126126,37.0,0.8201333333333334,3,default,rf
4,0.15,most_risky,0.8301409468738706,0.6280193236714976,0.248565965583174,0.2560386473429952,13835,0.19110950487893025,342,52,36,16,0.6923076923076923,0.5994152046783626,36.0,0.8590480769230767,3,default,rf
5,0.15,most_risky,0.825288072251635,0.632,0.25199362041467305,0.264,16052,0.18982058310490904,334,51,41,10,0.803921568627451,0.6736526946107785,41.0,0.8452941176470589,3,default,rf
6,0.15,most_risky,0.8338352039419655,0.6617100371747212,0.2564841498559078,0.32342007434944237,18262,0.18721936261088598,342,52,43,9,0.8269230769230769,0.6286549707602339,43.0,0.8554093406593407,3,default,rf
7,0.15,most_risky,0.8439179286761114,0.6678966789667896,0.24794520547945206,0.33579335793357934,20470,0.18500244259892526,344,52,42,10,0.8076923076923077,0.6453488372093024,42.0,0.8261891025641029,3,default,rf
8,0.15,most_risky,0.8405286343612335,0.6788321167883211,0.22627737226277372,0.35766423357664234,22700,0.18352422907488986,318,48,34,14,0.7083333333333334,0.6226415094339622,34.0,0.8526527777777778,3,default,rf
9,0.15,most_risky,0.8345367027677497,0.6435643564356436,0.2138157894736842,0.2871287128712871,24926,0.18181818181818182,323,49,33,16,0.673469387755102,0.6346749226006192,33.0,0.8667745383867833,3,default,rf
10,0.15,most_risky,0.8285451197053407,0.603125,0.19358074222668004,0.20625,27148,0.18023427140120818,328,50,39,11,0.78,0.6402439024390244,39.0,0.8273407142857144,3,default,rf
0,0.15,most_risky,0.807,0.6076923076923076,0.3574660633484163,0.2153846153846154,5000,0.2196,0,0,0,0,0.0,0.0,0.0,0.0,4,default,rf
1,0.15,most_risky,0.813840830449827,0.5757575757575758,0.3231292517006803,0.15151515151515152,7221,0.20606564187785625,329,50,40,10,0.8,0.6930091185410334,40.0,0.8426,4,default,rf
2,0.15,most_risky,0.8195767195767196,0.6057142857142858,0.2804232804232804,0.21142857142857144,9448,0.19707874682472482,322,49,31,18,0.6326530612244898,0.6149068322981367,31.0,0.8832653061224489,4,default,rf
3,0.15,most_risky,0.835820895522388,0.6097560975609756,0.29069767441860467,0.21951219512195122,11721,0.19443733469840457,268,41,34,7,0.8292682926829268,0.6716417910447762,34.0,0.8673983739837399,4,default,rf
4,0.15,most_risky,0.8227484750627916,0.5511111111111111,0.23984526112185686,0.10222222222222223,13931,0.1898643313473548,342,52,39,13,0.75,0.6023391812865497,39.0,0.8751923076923075,4,default,rf
5,0.15,most_risky,0.8309597523219814,0.6186770428015564,0.26194398682042835,0.23735408560311283,16148,0.18726777309883577,333,50,38,12,0.76,0.6516516516516516,38.0,0.8555999999999999,4,default,rf
6,0.15,most_risky,0.8215451577801959,0.6270491803278688,0.21309192200557103,0.2540983606557377,18376,0.18415324336090552,320,48,38,10,0.7916666666666666,0.6375,38.0,0.839375,4,default,rf
7,0.15,most_risky,0.8280795344325897,0.5985663082437276,0.21858638743455497,0.1971326164874552,20617,0.1828588058398409,305,46,31,15,0.6739130434782609,0.6098360655737705,31.0,0.8186956521739129,4,default,rf
8,0.15,most_risky,0.8365426695842451,0.6535947712418301,0.23781212841854935,0.30718954248366015,22850,0.18345733041575493,315,48,41,7,0.8541666666666666,0.6761904761904762,41.0,0.8702083333333333,4,default,rf
9,0.15,most_risky,0.8359904344360303,0.652317880794702,0.21530054644808744,0.304635761589404,25090,0.18294141092068553,307,47,32,15,0.6808510638297872,0.5830618892508144,32.0,0.842340425531915,4,default,rf
10,0.15,most_risky,0.8343704245973645,0.6275071633237822,0.22032193158953722,0.25501432664756446,27320,0.18206442166910689,318,48,38,10,0.7916666666666666,0.6698113207547169,38.0,0.8608333333333332,4,default,rf
0,0.2,most_risky,0.822,0.6747967479674797,0.3755656108597285,0.34959349593495936,5000,0.2226,0,0,0,0,0.0,0.0,0.0,0.0,0,default,rf
1,0.2,most_risky,0.8337931034482758,0.6521739130434783,0.3620689655172414,0.30434782608695654,7247,0.20698219953084035,317,64,45,19,0.703125,0.5962145110410094,45.0,0.8323437499999999,0,default,rf
2,0.2,most_risky,0.8168421052631579,0.6101694915254238,0.27906976744186046,0.22033898305084745,9496,0.2017691659646167,314,63,48,15,0.7619047619047619,0.6592356687898089,48.0,0.831111111111111,0,default,rf
3,0.2,most_risky,0.8186860068259386,0.6836734693877551,0.26961770623742454,0.3673469387755102,11718,0.1953405017921147,348,70,52,18,0.7428571428571429,0.6235632183908046,52.0,0.827,0,default,rf
4,0.2,most_risky,0.826647564469914,0.6451612903225806,0.25594149908592323,0.2903225806451613,13957,0.19409615246829548,327,66,48,18,0.7272727272727273,0.6483180428134556,48.0,0.8170101010101009,0,default,rf
5,0.2,most_risky,0.8409861325115563,0.6805555555555556,0.2474747474747475,0.3611111111111111,16223,0.19090180607779078,293,59,43,16,0.7288135593220338,0.6518771331058021,43.0,0.8087062146892654,0,default,rf
6,0.2,most_risky,0.8300405953991881,0.6550387596899225,0.2387005649717514,0.31007751937984496,18475,0.18847090663058186,311,63,47,16,0.746031746031746,0.6270096463022508,47.0,0.7952248677248674,0,default,rf
7,0.2,most_risky,0.8316831683168316,0.6091549295774648,0.22793148880105402,0.21830985915492956,20705,0.1866215889881671,338,68,50,18,0.7352941176470589,0.6301775147928994,50.0,0.8272696078431372,0,default,rf
8,0.2,most_risky,0.8310104529616724,0.5966666666666667,0.2146282973621103,0.19333333333333333,22960,0.18584494773519164,307,62,46,16,0.7419354838709677,0.6514657980456026,46.0,0.8141935483870967,0,default,rf
9,0.2,most_risky,0.8241365621278285,0.5688622754491018,0.20386266094420602,0.1377245508982036,25188,0.18484992853739876,340,68,48,20,0.7058823529411765,0.6441176470588236,48.0,0.8400735294117648,0,default,rf
10,0.2,most_risky,0.8295040116703136,0.5942857142857143,0.2077922077922078,0.18857142857142858,27416,0.18445433323606653,341,69,56,13,0.8115942028985508,0.6422287390029325,56.0,0.8608454106280196,0,default,rf
0,0.2,most_risky,0.795,0.5673758865248227,0.35714285714285715,0.1347517730496454,5000,0.2286,0,0,0,0,0.0,0.0,0.0,0.0,1,default,rf
1,0.2,most_risky,0.7964113181504486,0.6158940397350994,0.2818181818181818,0.23178807947019867,7242,0.21665285832642917,323,65,48,17,0.7384615384615385,0.6006191950464397,48.0,0.8261538461538461,1,default,rf
2,0.2,most_risky,0.8306878306878307,0.6666666666666666,0.2978723404255319,0.3333333333333333,9446,0.20569553250052933,370,74,51,23,0.6891891891891891,0.5675675675675675,51.0,0.8264864864864865,1,default,rf
3,0.2,most_risky,0.8314798973481609,0.66,0.28820960698689957,0.32,11688,0.19849418206707733,323,65,48,17,0.7384615384615385,0.631578947368421,48.0,0.818153846153846,1,default,rf
4,0.2,most_risky,0.829924650161464,0.6106870229007634,0.3007518796992481,0.22137404580152673,13932,0.1923629055412001,321,65,49,16,0.7538461538461538,0.6479750778816199,49.0,0.8395384615384615,1,default,rf
5,0.2,most_risky,0.8354469532941541,0.6245059288537549,0.26554621848739496,0.2490118577075099,16165,0.18997834828332819,334,67,52,15,0.7761194029850746,0.6437125748502994,52.0,0.8161194029850746,1,default,rf
6,0.2,most_risky,0.8398045071952213,0.6033333333333334,0.2776073619631902,0.20666666666666667,18412,0.18846404518792093,317,64,49,15,0.765625,0.6151419558359621,49.0,0.806875,1,default,rf
7,0.2,most_risky,0.83163512857836,0.6330275229357798,0.26504481434058896,0.26605504587155965,20610,0.18757884522076662,378,76,57,19,0.75,0.6296296296296297,57.0,0.8492105263157895,1,default,rf
8,0.2,most_risky,0.8331508649003723,0.6355685131195336,0.2549707602339181,0.27113702623906705,22832,0.1867992291520673,348,70,48,22,0.6857142857142857,0.5948275862068966,48.0,0.83825,1,default,rf
9,0.2,most_risky,0.8320031923383878,0.5955056179775281,0.23296703296703297,0.19101123595505617,25060,0.18619313647246608,341,69,50,19,0.7246376811594203,0.6451612903225806,50.0,0.8217149758454106,1,default,rf
10,0.2,most_risky,0.8345850888441106,0.6460807600950119,0.2651072124756335,0.2921615201900237,27292,0.18492598563681664,335,67,50,17,0.746268656716418,0.5970149253731343,50.0,0.8274129353233831,1,default,rf
0,0.2,most_risky,0.825,0.65625,0.39069767441860465,0.3125,5000,0.2188,0,0,0,0,0.0,0.0,0.0,0.0,2,default,rf
1,0.2,most_risky,0.8232044198895028,0.5771812080536913,0.30824372759856633,0.15436241610738255,7236,0.20826423438363736,331,67,54,13,0.8059701492537313,0.6555891238670695,54.0,0.8437313432835822,2,default,rf
2,0.2,most_risky,0.822538177988415,0.6593406593406593,0.3037974683544304,0.31868131868131866,9492,0.1986936367467341,305,61,47,14,0.7704918032786885,0.5868852459016394,47.0,0.8447540983606557,2,default,rf
3,0.2,most_risky,0.8156209987195903,0.6388888888888888,0.2804878048780488,0.2777777777777778,11713,0.19499701186715615,349,70,53,17,0.7571428571428571,0.6905444126074498,53.0,0.8420000000000003,2,default,rf
4,0.2,most_risky,0.8264610971674435,0.6591928251121076,0.2648648648648649,0.3183856502242152,13944,0.19241250717154332,337,68,45,23,0.6617647058823529,0.6379821958456974,45.0,0.8351838235294118,2,default,rf
5,0.2,most_risky,0.8300431832202344,0.6396761133603239,0.25483870967741934,0.2793522267206478,16208,0.18891905231984205,296,60,43,17,0.7166666666666667,0.6114864864864865,43.0,0.8172777777777779,2,default,rf
6,0.2,most_risky,0.8231789872732196,0.6033898305084746,0.24929971988795518,0.20677966101694914,18464,0.18798743500866552,305,61,45,16,0.7377049180327869,0.639344262295082,45.0,0.8218032786885248,2,default,rf
7,0.2,most_risky,0.8256880733944955,0.6229508196721312,0.2383939774153074,0.2459016393442623,20708,0.1864013907668534,320,64,45,19,0.703125,0.63125,45.0,0.83109375,2,default,rf
8,0.2,most_risky,0.8327890267798824,0.5936599423631124,0.24729891956782712,0.1873198847262248,22963,0.18629969951661368,307,62,44,18,0.7096774193548387,0.6351791530944625,44.0,0.8250564516129032,2,default,rf
9,0.2,most_risky,0.8356137219908785,0.6388140161725068,0.2542918454935622,0.2776280323450135,25214,0.18620607598952962,312,63,44,19,0.6984126984126984,0.6474358974358975,44.0,0.8157698412698414,2,default,rf
10,0.2,most_risky,0.8305424099017109,0.6344647519582245,0.23500967117988394,0.2689295039164491,27466,0.18513798878613558,311,63,41,22,0.6507936507936508,0.594855305466238,41.0,0.8142358276643991,2,default,rf
0,0.2,most_risky,0.808,0.5245901639344263,0.32323232323232326,0.04918032786885246,5000,0.211,0,0,0,0,0.0,0.0,0.0,0.0,3,default,rf
1,0.2,most_risky,0.813969571230982,0.6405228758169934,0.3141025641025641,0.28104575163398693,7228,0.2037908135030437,341,69,55,14,0.7971014492753623,0.656891495601173,55.0,0.8085507246376812,3,default,rf
2,0.2,most_risky,0.828042328042328,0.65,0.3087071240105541,0.3,9448,0.19813717188823032,350,70,54,16,0.7714285714285715,0.6457142857142857,54.0,0.815857142857143,3,default,rf
3,0.2,most_risky,0.8249893025246042,0.6071428571428571,0.2638580931263858,0.21428571428571427,11683,0.197808781990927,332,67,49,18,0.7313432835820896,0.6024096385542169,49.0,0.7994836531627578,3,default,rf
4,0.2,most_risky,0.8278217109992811,0.6729857819905213,0.2572463768115942,0.3459715639810427,13910,0.19453630481667863,342,69,53,16,0.7681159420289855,0.5818713450292398,53.0,0.8499516908212562,3,default,rf
5,0.2,most_risky,0.8346237225147104,0.626984126984127,0.26421404682274247,0.25396825396825395,16142,0.19309874860612067,335,67,52,15,0.7761194029850746,0.6805970149253732,52.0,0.8156652452025586,3,default,rf
6,0.2,most_risky,0.8283927114495513,0.6792452830188679,0.24793388429752067,0.3584905660377358,18384,0.19070931244560488,323,65,50,15,0.7692307692307693,0.6346749226006192,50.0,0.8271087912087912,3,default,rf
7,0.2,most_risky,0.8370514064015518,0.6527777777777778,0.24736842105263157,0.3055555555555556,20620,0.18855480116391854,331,67,50,17,0.746268656716418,0.6525679758308157,50.0,0.80381592039801,3,default,rf
8,0.2,most_risky,0.8272846523830345,0.6270096463022508,0.2243958573072497,0.2540192926045016,22866,0.18726493483775036,318,64,45,19,0.703125,0.610062893081761,45.0,0.8193359375,3,default,rf
9,0.2,most_risky,0.8354909380601474,0.6638176638176638,0.24760892667375134,0.32763532763532766,25101,0.18576949125532846,332,67,50,17,0.746268656716418,0.6234939759036144,50.0,0.8424321250888415,3,default,rf
10,0.2,most_risky,0.8378724182050813,0.6243093922651933,0.23132036847492324,0.24861878453038674,27353,0.18451358169122217,310,62,49,13,0.7903225806451613,0.635483870967742,49.0,0.8161962365591396,3,default,rf
0,0.2,most_risky,0.807,0.6076923076923076,0.3574660633484163,0.2153846153846154,5000,0.2196,0,0,0,0,0.0,0.0,0.0,0.0,4,default,rf
1,0.2,most_risky,0.81353591160221,0.5849056603773585,0.31313131313131315,0.16981132075471697,7237,0.20754456266408733,329,66,54,12,0.8181818181818182,0.6930091185410334,54.0,0.8227272727272726,4,default,rf
2,0.2,most_risky,0.805379746835443,0.6404494382022472,0.2720763723150358,0.2808988764044944,9477,0.19890260631001372,325,65,45,20,0.6923076923076923,0.6246153846153846,45.0,0.8583076923076923,4,default,rf
3,0.2,most_risky,0.8242553191489361,0.6581632653061225,0.27157894736842103,0.3163265306122449,11749,0.19627202315090647,285,57,41,16,0.7192982456140351,0.6421052631578947,41.0,0.8243859649122808,4,default,rf
4,0.2,most_risky,0.8235083958556627,0.6204081632653061,0.27486437613019893,0.24081632653061225,13993,0.19238190523833346,320,64,46,18,0.71875,0.603125,46.0,0.8381380208333333,4,default,rf
5,0.2,most_risky,0.8244533415460426,0.6150943396226415,0.2583201267828843,0.23018867924528302,16232,0.18993346476096598,327,66,44,22,0.6666666666666666,0.6452599388379205,44.0,0.8300252525252525,4,default,rf
6,0.2,most_risky,0.8320713899405083,0.6308243727598566,0.25360230547550433,0.2616487455197133,18486,0.18700638320891486,308,62,47,15,0.7580645161290323,0.6461038961038961,47.0,0.8145161290322581,4,default,rf
7,0.2,most_risky,0.8268627923800338,0.5993485342019544,0.2362002567394095,0.1986970684039088,20731,0.18576045535671218,319,64,48,16,0.75,0.6112852664576802,48.0,0.82140625,4,default,rf
8,0.2,most_risky,0.8409140369967356,0.6352941176470588,0.2624544349939247,0.27058823529411763,22975,0.1861588683351469,320,64,53,11,0.828125,0.690625,53.0,0.84078125,4,default,rf
9,0.2,most_risky,0.8190646056282204,0.6219512195121951,0.2054380664652568,0.24390243902439024,25229,0.18569899718577826,308,62,38,24,0.6129032258064516,0.5681818181818182,38.0,0.8290725806451613,4,default,rf
10,0.2,most_risky,0.8279061306167,0.6147540983606558,0.21844660194174756,0.22950819672131148,27481,0.1849277682762636,311,63,49,14,0.7777777777777778,0.6784565916398714,49.0,0.8290317460317459,4,default,rf
0,0.3,most_risky,0.822,0.6747967479674797,0.3755656108597285,0.34959349593495936,5000,0.2226,0,0,0,0,0.0,0.0,0.0,0.0,0,default,rf
1,0.3,most_risky,0.8317307692307693,0.6405228758169934,0.3402777777777778,0.28104575163398693,7279,0.20936941887621927,317,96,69,27,0.71875,0.5962145110410094,69.0,0.7992708333333335,0,default,rf
2,0.3,most_risky,0.8261096605744125,0.628140703517588,0.3255208333333333,0.2562814070351759,9571,0.2062480409570578,298,90,72,18,0.8,0.6610738255033557,72.0,0.7973333333333333,0,default,rf
3,0.3,most_risky,0.813107822410148,0.6411483253588517,0.26746506986027946,0.2822966507177033,11822,0.1999661647775334,357,108,75,33,0.6944444444444444,0.6246498599439776,75.0,0.7904629629629631,0,default,rf
4,0.3,most_risky,0.8195035460992908,0.6653992395437263,0.2936241610738255,0.33079847908745247,14098,0.1995318484891474,321,97,79,18,0.8144329896907216,0.6666666666666666,79.0,0.7975989199803635,0,default,rf
5,0.3,most_risky,0.8380109823062843,0.6756756756756757,0.28135048231511256,0.35135135135135137,16388,0.19666829387356602,301,91,66,25,0.7252747252747253,0.6378737541528239,66.0,0.803360805860806,0,default,rf
6,0.3,most_risky,0.8218590945620144,0.6713286713286714,0.2516382699868938,0.34265734265734266,18661,0.1944161620491935,325,98,71,27,0.7244897959183674,0.6123076923076923,71.0,0.7943367346938776,0,default,rf
7,0.3,most_risky,0.8301481127568084,0.6545454545454545,0.2656826568265683,0.3090909090909091,20929,0.19236466147450906,332,100,69,31,0.69,0.6506024096385542,69.0,0.8187550000000001,0,default,rf
8,0.3,most_risky,0.8266207193624812,0.660427807486631,0.267027027027027,0.32085561497326204,23215,0.19155718285591214,306,92,68,24,0.7391304347826086,0.6666666666666666,68.0,0.805,0,default,rf
9,0.3,most_risky,0.8333006086785785,0.6444444444444445,0.2701863354037267,0.28888888888888886,25464,0.19077913917687717,359,108,82,26,0.7592592592592593,0.6434540389972145,82.0,0.8033024691358027,0,default,rf
10,0.3,most_risky,0.8262123670452497,0.628361858190709,0.2404115996258185,0.2567237163814181,27735,0.19048134126554894,328,99,77,22,0.7777777777777778,0.6585365853658537,77.0,0.839594276094276,0,default,rf
0,0.3,most_risky,0.795,0.5673758865248227,0.35714285714285715,0.1347517730496454,5000,0.2286,0,0,0,0,0.0,0.0,0.0,0.0,1,default,rf
1,0.3,most_risky,0.8123711340206186,0.6727272727272727,0.33636363636363636,0.34545454545454546,7274,0.21872422326092933,323,97,70,27,0.7216494845360825,0.6006191950464397,70.0,0.7976288659793815,1,default,rf
2,0.3,most_risky,0.8173228346456692,0.6377551020408163,0.31094527363184077,0.2755102040816326,9522,0.2085696282293636,360,108,70,38,0.6481481481481481,0.5777777777777777,70.0,0.7812962962962965,1,default,rf
3,0.3,most_risky,0.819144430326133,0.6153846153846154,0.28451882845188287,0.23076923076923078,11803,0.20249089214606456,313,94,70,24,0.7446808510638298,0.6357827476038339,70.0,0.796595744680851,1,default,rf
4,0.3,most_risky,0.827831025914093,0.6274509803921569,0.2909090909090909,0.2549019607843137,14085,0.1967341143059993,312,94,69,25,0.7340425531914894,0.6634615384615384,69.0,0.824787234042553,1,default,rf
5,0.3,most_risky,0.8336900030571691,0.6314102564102564,0.3146964856230032,0.26282051282051283,16354,0.19512045982634219,330,99,65,34,0.6565656565656566,0.603030303030303,65.0,0.7754545454545454,1,default,rf
6,0.3,most_risky,0.832751677852349,0.6129032258064516,0.2741702741702742,0.22580645161290322,18622,0.19305122972827837,332,100,67,33,0.67,0.6265060240963856,67.0,0.7657999999999998,1,default,rf
7,0.3,most_risky,0.8265868263473054,0.6473829201101928,0.28279181708784595,0.29476584022038566,20873,0.1931202989507977,356,107,79,28,0.7383177570093458,0.6179775280898876,79.0,0.8221495327102804,1,default,rf
8,0.3,most_risky,0.8290468986384266,0.6185286103542235,0.25854214123006836,0.23705722070844687,23131,0.19259867709999567,346,104,77,27,0.7403846153846154,0.6098265895953757,77.0,0.7998076923076923,1,default,rf
9,0.3,most_risky,0.8341204250295159,0.631578947368421,0.2881002087682672,0.2631578947368421,25410,0.1923258559622196,317,96,74,22,0.7708333333333334,0.6719242902208202,74.0,0.8133333333333335,1,default,rf
10,0.3,most_risky,0.8355001805706032,0.6506550218340611,0.2840800762631077,0.30131004366812225,27688,0.19123808147934124,318,96,74,22,0.7708333333333334,0.6194968553459119,74.0,0.7976041666666668,1,default,rf
0,0.3,most_risky,0.825,0.65625,0.39069767441860465,0.3125,5000,0.2188,0,0,0,0,0.0,0.0,0.0,0.0,2,default,rf
1,0.3,most_risky,0.8211829436038515,0.6081871345029239,0.3501683501683502,0.21637426900584794,7269,0.21020773146237445,331,100,75,25,0.75,0.6555891238670695,75.0,0.8138000000000001,2,default,rf
2,0.3,most_risky,0.8172774869109948,0.6514285714285715,0.2835820895522388,0.3028571428571429,9550,0.20136125654450263,314,95,72,23,0.7578947368421053,0.5987261146496815,72.0,0.8092631578947368,2,default,rf
3,0.3,most_risky,0.8224101479915433,0.6485148514851485,0.27291666666666664,0.297029702970297,11824,0.19959404600811909,323,97,75,22,0.7731958762886598,0.6934984520123839,75.0,0.8042268041237114,2,default,rf
4,0.3,most_risky,0.8238213399503722,0.6584362139917695,0.2787456445993031,0.3168724279835391,14101,0.19835472661513368,319,96,67,29,0.6979166666666666,0.6238244514106583,67.0,0.8143229166666668,2,default,rf
5,0.3,most_risky,0.8347560975609756,0.6544117647058824,0.28434504792332266,0.3088235294117647,16399,0.19562168424903958,289,87,67,20,0.7701149425287356,0.5986159169550173,67.0,0.7850574712643678,2,default,rf
6,0.3,most_risky,0.8226798609253811,0.6104651162790697,0.28416779431664413,0.22093023255813954,18694,0.1950893334759816,293,88,63,25,0.7159090909090909,0.6245733788395904,63.0,0.8046022727272728,2,default,rf
7,0.3,most_risky,0.8315839694656488,0.6345609065155807,0.27965043695380776,0.26912181303116145,20959,0.19352068323870414,336,101,74,27,0.7326732673267327,0.6279761904761905,74.0,0.8082178217821782,2,default,rf
8,0.3,most_risky,0.8257314974182444,0.6246498599439776,0.24805339265850945,0.24929971988795518,23238,0.19313193906532403,317,96,68,28,0.7083333333333334,0.6466876971608833,68.0,0.8044791666666667,2,default,rf
9,0.3,most_risky,0.8317665491578535,0.6477832512315271,0.2686414708886619,0.2955665024630542,25528,0.19355217800062677,301,91,72,19,0.7912087912087912,0.6445182724252492,72.0,0.8081538461538462,2,default,rf
10,0.3,most_risky,0.837978780794821,0.6627634660421545,0.2721153846153846,0.3255269320843091,27801,0.19229524117837488,325,98,66,32,0.673469387755102,0.6,66.0,0.7854268707482993,2,default,rf
0,0.3,most_risky,0.808,0.5245901639344263,0.32323232323232326,0.04918032786885246,5000,0.211,0,0,0,0,0.0,0.0,0.0,0.0,3,default,rf
1,0.3,most_risky,0.8293186510667584,0.6993865030674846,0.36421725239616615,0.3987730061349693,7262,0.20600385568713853,341,103,78,25,0.7572815533980582,0.656891495601173,78.0,0.7775728155339807,3,default,rf
2,0.3,most_risky,0.8261554621848739,0.6344086021505376,0.30971128608923887,0.26881720430107525,9517,0.20216454765157088,350,105,76,29,0.7238095238095238,0.6257142857142857,76.0,0.7692380952380955,3,default,rf
3,0.3,most_risky,0.8231552162849872,0.6176470588235294,0.3107822410147992,0.23529411764705882,11790,0.20220525869380832,325,98,73,25,0.7448979591836735,0.6246153846153846,73.0,0.7775425170068027,3,default,rf
4,0.3,most_risky,0.8199928850942725,0.6327433628318584,0.25265017667844525,0.26548672566371684,14055,0.19879046602632516,337,102,68,34,0.6666666666666666,0.5905044510385756,68.0,0.806998366013072,3,default,rf
5,0.3,most_risky,0.8238897396630934,0.6013513513513513,0.2803149606299213,0.20270270270270271,16325,0.19797856049004595,329,99,75,24,0.7575757575757576,0.6808510638297872,75.0,0.7846632996632997,3,default,rf
6,0.3,most_risky,0.8284023668639053,0.5899053627760252,0.26906474820143883,0.17981072555205047,18588,0.19561007101355712,339,102,74,28,0.7254901960784313,0.6312684365781711,74.0,0.7972156862745098,3,default,rf
7,0.3,most_risky,0.830695443645084,0.6457142857142857,0.27970297029702973,0.2914285714285714,20850,0.193621103117506,340,102,76,26,0.7450980392156863,0.6558823529411765,76.0,0.80921568627451,3,default,rf
8,0.3,most_risky,0.8298378378378378,0.6346153846153846,0.26101694915254237,0.2692307692307692,23124,0.1923110188548694,323,97,66,31,0.6804123711340206,0.6160990712074303,66.0,0.7773419243986255,3,default,rf
9,0.3,most_risky,0.8312992125984252,0.6287128712871287,0.2643080124869927,0.25742574257425743,25397,0.19116431074536364,325,98,69,29,0.7040816326530612,0.6123076923076923,69.0,0.8091545189504373,3,default,rf
10,0.3,most_risky,0.8273433267112155,0.6173120728929385,0.2559017941454202,0.23462414578587698,27681,0.19002203677612803,309,93,67,26,0.7204301075268817,0.627831715210356,67.0,0.7950302099334354,3,default,rf
0,0.3,most_risky,0.807,0.6076923076923076,0.3574660633484163,0.2153846153846154,5000,0.2196,0,0,0,0,0.0,0.0,0.0,0.0,4,default,rf
1,0.3,most_risky,0.8170563961485557,0.6347305389221557,0.3408360128617363,0.2694610778443114,7270,0.21004126547455296,329,99,79,20,0.797979797979798,0.6930091185410334,79.0,0.7929292929292929,4,default,rf
2,0.3,most_risky,0.8191823899371069,0.6490384615384616,0.3316953316953317,0.2980769230769231,9538,0.20318725099601595,332,100,71,29,0.71,0.6054216867469879,71.0,0.8134600000000002,4,default,rf
3,0.3,most_risky,0.8315033783783784,0.6465116279069767,0.3008658008658009,0.2930232558139535,11836,0.2010814464346063,289,87,64,23,0.735632183908046,0.6401384083044983,64.0,0.7934291187739462,4,default,rf
4,0.3,most_risky,0.8340425531914893,0.5846153846153846,0.296875,0.16923076923076924,14098,0.19733295502908213,341,103,73,30,0.7087378640776699,0.5982404692082112,73.0,0.807378640776699,4,default,rf
5,0.3,most_risky,0.8334352078239609,0.6230031948881789,0.3135048231511254,0.24600638977635783,16357,0.19526808094393838,345,104,71,33,0.6826923076923077,0.6289855072463768,71.0,0.811875,4,default,rf
6,0.3,most_risky,0.8274288781535158,0.6678082191780822,0.2631578947368421,0.3356164383561644,18629,0.19260293091416608,326,98,74,24,0.7551020408163265,0.6319018404907976,74.0,0.7975340136054422,4,default,rf
7,0.3,most_risky,0.823768531802965,0.6312849162011173,0.2719614921780987,0.26256983240223464,20908,0.19117084369619283,316,95,67,28,0.7052631578947368,0.629746835443038,67.0,0.7908596491228068,4,default,rf
8,0.3,most_risky,0.8369283865401208,0.6722689075630253,0.27303754266211605,0.3445378151260504,23177,0.19174181300427148,330,99,74,25,0.7474747474747475,0.6696969696969697,74.0,0.8098232323232325,4,default,rf
9,0.3,most_risky,0.8272816486751717,0.6216867469879518,0.26299694189602446,0.2433734939759036,25473,0.191653908059514,292,88,59,29,0.6704545454545454,0.5684931506849316,59.0,0.8023674242424245,4,default,rf
10,0.3,most_risky,0.8324626193478653,0.6420047732696897,0.25643469971401334,0.2840095465393795,27751,0.19087600446830744,318,96,69,27,0.71875,0.6698113207547169,69.0,0.8144444444444444,4,default,rf
0,0.5,most_risky,0.822,0.6747967479674797,0.3755656108597285,0.34959349593495936,5000,0.2226,0,0,0,0,0.0,0.0,0.0,0.0,0,default,rf
1,0.5,most_risky,0.8230088495575221,0.5670731707317073,0.32978723404255317,0.13414634146341464,7342,0.2127485698719695,317,159,107,52,0.6729559748427673,0.5962145110410094,107.0,0.752830188679245,0,default,rf
2,0.5,most_risky,0.8209494324045408,0.645021645021645,0.35990338164251207,0.29004329004329005,9688,0.21129232039636664,308,154,116,38,0.7532467532467533,0.6688311688311688,116.0,0.7553896103896103,0,default,rf
3,0.5,most_risky,0.8202247191011236,0.6322314049586777,0.3084677419354839,0.2644628099173554,12012,0.20687645687645687,353,177,117,60,0.6610169491525424,0.6147308781869688,117.0,0.7469491525423729,0,default,rf
4,0.5,most_risky,0.8241643454038997,0.6791808873720137,0.3262295081967213,0.3583617747440273,14360,0.20807799442896935,305,153,118,35,0.7712418300653595,0.6524590163934426,118.0,0.7631884531590414,0,default,rf
5,0.5,most_risky,0.8244617224880383,0.6540697674418605,0.3246753246753247,0.3081395348837209,16716,0.2057310361330462,288,144,103,41,0.7152777777777778,0.6527777777777778,103.0,0.7572390873015873,0,default,rf
6,0.5,most_risky,0.8290060319958038,0.6614583333333334,0.327319587628866,0.3229166666666667,19062,0.20422830762774105,308,154,113,41,0.7337662337662337,0.6233766233766234,113.0,0.7442316017316019,0,default,rf
7,0.5,most_risky,0.8367203924316748,0.6632653061224489,0.3143893591293833,0.32653061224489793,21402,0.20301840949443978,321,161,111,50,0.6894409937888198,0.6355140186915887,111.0,0.7770340136054421,0,default,rf
8,0.5,most_risky,0.8314039149652704,0.6471861471861472,0.31910352187833513,0.2943722943722944,23751,0.2028546166477201,302,151,115,36,0.7615894039735099,0.6589403973509934,115.0,0.7599006622516554,0,default,rf
9,0.5,most_risky,0.8276457055214724,0.6477987421383647,0.2971153846153846,0.29559748427672955,26076,0.20229329651787084,351,176,120,56,0.6818181818181818,0.6353276353276354,120.0,0.7655113636363636,0,default,rf
10,0.5,most_risky,0.8223591549295775,0.6440677966101694,0.2943201376936317,0.288135593220339,28399,0.2018733053980774,355,178,126,52,0.7078651685393258,0.6535211267605634,126.0,0.7832312734082397,0,default,rf
0,0.5,most_risky,0.795,0.5673758865248227,0.35714285714285715,0.1347517730496454,5000,0.2286,0,0,0,0,0.0,0.0,0.0,0.0,1,default,rf
1,0.5,most_risky,0.7990463215258855,0.6795580110497238,0.3416666666666667,0.35911602209944754,7339,0.22210110369260117,323,162,109,53,0.6728395061728395,0.6006191950464397,109.0,0.7527160493827161,1,default,rf
2,0.5,most_risky,0.8101396792550439,0.6318407960199005,0.30238095238095236,0.263681592039801,9661,0.2138494979815754,357,179,115,64,0.6424581005586593,0.5938375350140056,115.0,0.7310242085661082,1,default,rf
3,0.5,most_risky,0.8218893050353725,0.6470588235294118,0.3464566929133858,0.29411764705882354,12011,0.20972441928232455,301,151,110,41,0.7284768211920529,0.6312292358803987,110.0,0.7378807947019869,1,default,rf
4,0.5,most_risky,0.8189415041782729,0.6049382716049383,0.3333333333333333,0.20987654320987653,14359,0.20544606170346125,304,152,105,47,0.6907894736842105,0.6348684210526315,105.0,0.7486842105263158,1,default,rf
5,0.5,most_risky,0.8301886792452831,0.6311239193083573,0.33282674772036475,0.2622478386167147,16695,0.20431266846361185,328,164,115,49,0.7012195121951219,0.6341463414634146,115.0,0.733658536585366,1,default,rf
6,0.5,most_risky,0.8273778244876511,0.609375,0.3157894736842105,0.21875,19029,0.20326869514950865,332,166,117,49,0.7048192771084337,0.6174698795180723,117.0,0.7307095046854083,1,default,rf
7,0.5,most_risky,0.8222898618590494,0.6308724832214765,0.3219178082191781,0.26174496644295303,21351,0.20359702121680484,357,179,126,53,0.7039106145251397,0.6274509803921569,126.0,0.7727467411545623,1,default,rf
8,0.5,most_risky,0.8260502427696854,0.6450980392156863,0.338477366255144,0.2901960784313726,23681,0.20341201807356107,341,171,121,50,0.7076023391812866,0.6129032258064516,121.0,0.7595057087162351,1,default,rf
9,0.5,most_risky,0.8285933897002306,0.6336283185840708,0.3432406519654842,0.2672566371681416,26017,0.20344390206403506,328,164,125,39,0.7621951219512195,0.6707317073170732,125.0,0.7548323170731707,1,default,rf
10,0.5,most_risky,0.8287477954144621,0.6712328767123288,0.33475661827497866,0.3424657534246575,28349,0.20215880630710079,337,169,116,53,0.6863905325443787,0.6201780415430267,116.0,0.747914201183432,1,default,rf
0,0.5,most_risky,0.825,0.65625,0.39069767441860465,0.3125,5000,0.2188,0,0,0,0,0.0,0.0,0.0,0.0,2,default,rf
1,0.5,most_risky,0.8159509202453987,0.59375,0.31666666666666665,0.1875,7335,0.2152692569870484,331,166,126,40,0.7590361445783133,0.6555891238670695,126.0,0.7645180722891565,2,default,rf
2,0.5,most_risky,0.8269628099173554,0.672316384180791,0.3005050505050505,0.3446327683615819,9680,0.20795454545454545,311,156,106,50,0.6794871794871795,0.5884244372990354,106.0,0.7495512820512821,2,default,rf
3,0.5,most_risky,0.826955074875208,0.6944444444444444,0.3404669260700389,0.3888888888888889,12017,0.20737288840808854,326,163,117,46,0.7177914110429447,0.6871165644171779,117.0,0.7679754601226993,2,default,rf
4,0.5,most_risky,0.8204592901878914,0.6596491228070176,0.30971993410214166,0.3192982456140351,14369,0.20669496833460924,296,148,103,45,0.6959459459459459,0.6554054054054054,103.0,0.7745271879021879,2,default,rf
5,0.5,most_risky,0.8370702541106129,0.6941896024464832,0.33779761904761907,0.38837920489296635,16724,0.20449653193016024,291,146,109,37,0.7465753424657534,0.6048109965635738,109.0,0.7495296803652969,2,default,rf
6,0.5,most_risky,0.8322411533420708,0.6608910891089109,0.34675324675324676,0.3217821782178218,19075,0.20466579292267364,299,150,109,41,0.7266666666666667,0.6153846153846154,109.0,0.7605277777777776,2,default,rf
7,0.5,most_risky,0.8318149964961458,0.6536697247706422,0.3337236533957845,0.3073394495412844,21405,0.20355057229619247,340,170,124,46,0.7294117647058823,0.638235294117647,124.0,0.7548039215686274,2,default,rf
8,0.5,most_risky,0.8298230834035384,0.6285046728971962,0.29302832244008714,0.2570093457943925,23737,0.20335341450056874,336,168,117,51,0.6964285714285714,0.6428571428571429,117.0,0.7559117063492065,2,default,rf
9,0.5,most_risky,0.833045811769216,0.637065637065637,0.32576505429417574,0.27413127413127414,26082,0.20374204432175447,311,156,115,41,0.7371794871794872,0.6527331189710611,115.0,0.7430128205128205,2,default,rf
10,0.5,most_risky,0.8305770584095707,0.657243816254417,0.32602979842243646,0.31448763250883394,28417,0.20262518914734137,330,165,105,60,0.6363636363636364,0.5909090909090909,105.0,0.7467979797979798,2,default,rf
0,0.5,most_risky,0.808,0.5245901639344263,0.32323232323232326,0.04918032786885246,5000,0.211,0,0,0,0,0.0,0.0,0.0,0.0,3,default,rf
1,0.5,most_risky,0.8137789904502046,0.6685714285714286,0.35240963855421686,0.33714285714285713,7330,0.21091405184174625,341,171,128,43,0.7485380116959064,0.656891495601173,128.0,0.7349122807017544,3,default,rf
2,0.5,most_risky,0.8297101449275363,0.6907216494845361,0.3325062034739454,0.38144329896907214,9658,0.20987782149513357,345,173,122,51,0.7052023121387283,0.6144927536231884,122.0,0.737704238921002,3,default,rf
3,0.5,most_risky,0.8132555231346394,0.6345514950166113,0.3610586011342155,0.2691029900332226,11994,0.2112723028180757,328,164,118,46,0.7195121951219512,0.6128048780487805,118.0,0.7394776422764229,3,default,rf
4,0.5,most_risky,0.8202443280977313,0.6644951140065146,0.33116883116883117,0.3289902280130293,14322,0.20876972489875717,344,172,118,54,0.686046511627907,0.5901162790697675,118.0,0.7718113233665561,3,default,rf
5,0.5,most_risky,0.8201741218853197,0.6561604584527221,0.3234463276836158,0.3123209169054441,16653,0.20849096258932326,339,170,128,42,0.7529411764705882,0.6873156342182891,128.0,0.7633910364145656,3,default,rf
6,0.5,most_risky,0.825434439178515,0.6348314606741573,0.2977602108036891,0.2696629213483146,18986,0.20673127567681449,335,168,122,46,0.7261904761904762,0.6358208955223881,122.0,0.7659965277777777,3,default,rf
7,0.5,most_risky,0.8327861163227017,0.6627906976744186,0.33411488862837047,0.32558139534883723,21319,0.20545053707960034,334,167,125,42,0.7485029940119761,0.6526946107784432,125.0,0.7873053892215568,3,default,rf
8,0.5,most_risky,0.8254437869822485,0.6466809421841542,0.31360332294911736,0.29336188436830835,23656,0.20417653026716268,327,164,114,50,0.6951219512195121,0.6330275229357798,114.0,0.7491864837398373,3,default,rf
9,0.5,most_risky,0.823619926909021,0.6342857142857142,0.31474480151228734,0.26857142857142857,25992,0.2030624807633118,328,164,112,52,0.6829268292682927,0.6158536585365854,112.0,0.773333768873403,3,default,rf
10,0.5,most_risky,0.8265090010589481,0.6540642722117203,0.3019197207678883,0.30812854442344045,28328,0.2016379553798362,328,164,115,49,0.7012195121951219,0.649390243902439,115.0,0.7626859756097562,3,default,rf
0,0.5,most_risky,0.807,0.6076923076923076,0.3574660633484163,0.2153846153846154,5000,0.2196,0,0,0,0,0.0,0.0,0.0,0.0,4,default,rf
1,0.5,most_risky,0.8188010899182562,0.6,0.375,0.2,7336,0.21387677208287895,329,165,121,44,0.7333333333333333,0.6930091185410334,121.0,0.7459777777777777,4,default,rf
2,0.5,most_risky,0.827906976744186,0.6415929203539823,0.36523929471032746,0.2831858407079646,9673,0.2088286984389538,327,164,105,59,0.6402439024390244,0.5963302752293578,105.0,0.7710162601626016,4,default,rf
3,0.5,most_risky,0.8237738985868661,0.6475409836065574,0.3185483870967742,0.29508196721311475,12026,0.20713454182604357,295,148,103,45,0.6959459459459459,0.6610169491525424,103.0,0.7550945945945945,4,default,rf
4,0.5,most_risky,0.8165680473372781,0.6327868852459017,0.31743421052631576,0.26557377049180325,14364,0.20412141464773043,325,163,102,61,0.6257668711656442,0.5969230769230769,102.0,0.7537014314928426,4,default,rf
5,0.5,most_risky,0.8225613405146619,0.6253602305475504,0.3191176470588235,0.2507204610951009,16706,0.20334011732311744,316,158,111,47,0.7025316455696202,0.6455696202531646,111.0,0.7565105485232068,4,default,rf
6,0.5,most_risky,0.8263378803777545,0.6517150395778364,0.3178893178893179,0.3034300791556728,19056,0.20114399664147775,301,151,96,55,0.6357615894039735,0.6179401993355482,96.0,0.7580088300220751,4,default,rf
7,0.5,most_risky,0.8228971962616822,0.6167076167076168,0.29425556858147717,0.2334152334152334,21399,0.20014953969811675,315,158,108,50,0.6835443037974683,0.6317460317460317,108.0,0.7474999999999999,4,default,rf
8,0.5,most_risky,0.8361415332771693,0.6945107398568019,0.30924548352816156,0.38902147971360385,23740,0.20117944397641113,318,159,115,44,0.7232704402515723,0.6792452830188679,115.0,0.7586294549266247,4,default,rf
9,0.5,most_risky,0.8294692469821805,0.6311300639658849,0.29220138203356366,0.2622601279317697,26095,0.20091971642077025,291,146,98,48,0.6712328767123288,0.6048109965635738,98.0,0.7598538812785389,4,default,rf
10,0.5,most_risky,0.8275013187972569,0.6420664206642066,0.3066079295154185,0.28413284132841327,28434,0.2007807554336358,322,161,120,41,0.7453416149068323,0.6614906832298136,120.0,0.7587732919254658,4,default,rf
0,0.75,most_risky,0.822,0.6747967479674797,0.3755656108597285,0.34959349593495936,5000,0.2226,0,0,0,0,0.0,0.0,0.0,0.0,0,default,rf
1,0.75,most_risky,0.8242424242424242,0.6302083333333334,0.3890675241157556,0.2604166666666667,7421,0.21681714054709608,317,238,154,84,0.6470588235294118,0.5962145110410094,154.0,0.7088655462184875,0,default,rf
2,0.75,most_risky,0.8187817258883249,0.6377952755905512,0.3793911007025761,0.2755905511811024,9846,0.21775340239691246,303,228,161,67,0.706140350877193,0.6633663366336634,161.0,0.7000438596491227,0,default,rf
3,0.75,most_risky,0.8103588907014682,0.6538461538461539,0.3119266055045872,0.3076923076923077,12258,0.21488007831620168,354,266,165,101,0.6203007518796992,0.6016949152542372,165.0,0.6971052631578948,0,default,rf
4,0.75,most_risky,0.819141689373297,0.6445783132530121,0.3413078149920255,0.2891566265060241,14680,0.21634877384196186,313,235,162,73,0.6893617021276596,0.6517571884984026,162.0,0.6989347517730496,0,default,rf
5,0.75,most_risky,0.831677381648159,0.6717557251908397,0.37130801687763715,0.3435114503816794,17107,0.2149412521190156,294,221,151,70,0.6832579185520362,0.6326530612244898,151.0,0.7052790346907992,0,default,rf
6,0.75,most_risky,0.8218125960061444,0.6659528907922913,0.3654524089306698,0.33190578158458245,19529,0.21363101029238568,313,235,157,78,0.6680851063829787,0.6230031948881789,157.0,0.7087659574468085,0,default,rf
7,0.75,most_risky,0.8200455580865603,0.6400817995910021,0.3376483279395901,0.28016359918200406,21949,0.2125381566358376,320,240,160,80,0.6666666666666666,0.6625,160.0,0.728525,0,default,rf
8,0.75,most_risky,0.8281025641025641,0.6788990825688074,0.35818005808325265,0.3577981651376147,24373,0.21232511385549582,307,231,156,75,0.6753246753246753,0.6612377850162866,156.0,0.7122402597402598,0,default,rf
9,0.75,most_risky,0.8288859861914536,0.6347826086956522,0.34048507462686567,0.26956521739130435,26793,0.2123689023252342,323,243,161,82,0.6625514403292181,0.6377708978328174,161.0,0.7312894375857338,0,default,rf
10,0.75,most_risky,0.8151318041766519,0.6532738095238095,0.34136858475894244,0.30654761904761907,29210,0.2127695994522424,333,250,174,76,0.696,0.6396396396396397,174.0,0.7387933333333333,0,default,rf
0,0.75,most_risky,0.795,0.5673758865248227,0.35714285714285715,0.1347517730496454,5000,0.2286,0,0,0,0,0.0,0.0,0.0,0.0,1,default,rf
1,0.75,most_risky,0.7917789757412399,0.6464646464646465,0.34877384196185285,0.29292929292929293,7420,0.2261455525606469,323,243,157,86,0.6460905349794238,0.6006191950464397,157.0,0.7052263374485597,1,default,rf
2,0.75,most_risky,0.8103711235383834,0.6371308016877637,0.3447488584474886,0.2742616033755274,9831,0.22001830942935613,359,270,164,106,0.6074074074074074,0.5905292479108635,164.0,0.6907777777777778,1,default,rf
3,0.75,most_risky,0.8123215014279885,0.621160409556314,0.3427495291902072,0.24232081911262798,12254,0.21650073445405582,308,231,148,83,0.6406926406926406,0.6201298701298701,148.0,0.70512987012987,1,default,rf
4,0.75,most_risky,0.8170980926430518,0.6432432432432432,0.3701399688958009,0.2864864864864865,14676,0.21381847914963206,312,234,160,74,0.6837606837606838,0.6217948717948718,160.0,0.7086153846153848,1,default,rf
5,0.75,most_risky,0.818075460661012,0.6621315192743764,0.38169934640522873,0.3242630385487528,17095,0.2131032465633226,327,246,160,86,0.6504065040650406,0.6391437308868502,160.0,0.7010399728997291,1,default,rf
6,0.75,most_risky,0.8194159836065574,0.6144329896907217,0.36519607843137253,0.2288659793814433,19517,0.21273761336270944,313,235,158,77,0.6723404255319149,0.6198083067092651,158.0,0.7000531914893617,1,default,rf
7,0.75,most_risky,0.8205654354765162,0.6360153256704981,0.3573735199138859,0.2720306513409962,21930,0.21331509347925218,348,261,170,91,0.6513409961685823,0.6350574712643678,170.0,0.7313154533844191,1,default,rf
8,0.75,most_risky,0.8192647360854385,0.648695652173913,0.3549000951474786,0.29739130434782607,24342,0.21325281406622298,353,265,174,91,0.6566037735849056,0.6203966005665722,174.0,0.7071018867924529,1,default,rf
9,0.75,most_risky,0.8257052120306371,0.690625,0.37553101104502973,0.38125,26763,0.21369054291372416,317,238,173,65,0.726890756302521,0.6813880126182965,173.0,0.7089514805922369,1,default,rf
10,0.75,most_risky,0.8203151764302844,0.6701492537313433,0.35160532498042285,0.3402985074626866,29188,0.2129984925311772,301,226,150,76,0.6637168141592921,0.6079734219269103,150.0,0.7048008849557521,1,default,rf
0,0.75,most_risky,0.825,0.65625,0.39069767441860465,0.3125,5000,0.2188,0,0,0,0,0.0,0.0,0.0,0.0,2,default,rf
1,0.75,most_risky,0.8133423180592992,0.5523255813953488,0.3220338983050847,0.10465116279069768,7418,0.21879212725802102,331,249,170,79,0.6827309236947792,0.6555891238670695,170.0,0.7133333333333334,2,default,rf
2,0.75,most_risky,0.8160569105691057,0.6521739130434783,0.3472222222222222,0.30434782608695654,9838,0.21345801992274852,323,243,153,90,0.6296296296296297,0.5789473684210527,153.0,0.7074897119341562,2,default,rf
3,0.75,most_risky,0.8303425774877651,0.6462585034013606,0.3784860557768924,0.2925170068027211,12257,0.21538712572407603,325,244,177,67,0.7254098360655737,0.6861538461538461,177.0,0.7175409836065575,2,default,rf
4,0.75,most_risky,0.8102861035422343,0.6374622356495468,0.3256172839506173,0.27492447129909364,14677,0.2155753900660898,320,240,158,82,0.6583333333333333,0.634375,158.0,0.7199965277777778,2,default,rf
5,0.75,most_risky,0.8277777777777777,0.6516290726817042,0.36619718309859156,0.3032581453634085,17100,0.21321637426900586,308,231,150,81,0.6493506493506493,0.6006493506493507,150.0,0.7003975468975467,2,default,rf
6,0.75,most_risky,0.8204865556978232,0.6579520697167756,0.35697399527186763,0.3159041394335512,19523,0.2130820058392665,311,234,158,76,0.6752136752136753,0.6527331189710611,158.0,0.7034622507122507,2,default,rf
7,0.75,most_risky,0.8252449305080884,0.6673346693386774,0.35653104925053536,0.3346693386773547,21944,0.21281443674808603,318,239,169,70,0.7071129707112971,0.6446540880503144,169.0,0.7095466228332338,2,default,rf
8,0.75,most_risky,0.8247845711940911,0.6731517509727627,0.33527131782945735,0.3463035019455253,24367,0.21336233430459228,309,232,155,77,0.6681034482758621,0.6310679611650486,155.0,0.7140589080459769,2,default,rf
9,0.75,most_risky,0.8201156932263483,0.6445578231292517,0.3342151675485009,0.2891156462585034,26792,0.2137205135861451,300,225,152,73,0.6755555555555556,0.6666666666666666,152.0,0.6976338624338625,2,default,rf
10,0.75,most_risky,0.8268013007016943,0.6830015313935681,0.3565147881694644,0.3660030627871363,29215,0.2128358719835701,309,232,147,85,0.6336206896551724,0.6116504854368932,147.0,0.6986798915882966,2,default,rf
0,0.75,most_risky,0.808,0.5245901639344263,0.32323232323232326,0.04918032786885246,5000,0.211,0,0,0,0,0.0,0.0,0.0,0.0,3,default,rf
1,0.75,most_risky,0.8199595414699933,0.7165775401069518,0.3850574712643678,0.43315508021390375,7415,0.2157788267026298,341,256,182,74,0.7109375,0.656891495601173,182.0,0.6928515625,3,default,rf
2,0.75,most_risky,0.8204476093591048,0.6890756302521008,0.37020316027088035,0.37815126050420167,9828,0.21682946682946683,351,264,176,88,0.6666666666666666,0.6153846153846154,176.0,0.6991704545454545,3,default,rf
3,0.75,most_risky,0.8114285714285714,0.6200607902735562,0.37707948243992606,0.24012158054711247,12247,0.21858414305544216,324,243,156,87,0.6419753086419753,0.6172839506172839,156.0,0.6937869880462473,3,default,rf
4,0.75,most_risky,0.8216842823048074,0.7155688622754491,0.3583208395802099,0.4311377245508982,14665,0.2170473917490624,328,246,160,86,0.6504065040650406,0.5945121951219512,160.0,0.7313821138211383,3,default,rf
5,0.75,most_risky,0.8162130523851332,0.6551724137931034,0.35278514588859416,0.3103448275862069,17083,0.2181701106363051,330,248,180,68,0.7258064516129032,0.6757575757575758,180.0,0.6994516129032258,3,default,rf
6,0.75,most_risky,0.820046142014868,0.6486486486486487,0.36923076923076925,0.2972972972972973,19503,0.21714608009024253,323,243,174,69,0.7160493827160493,0.6501547987616099,174.0,0.7209598765432099,3,default,rf
7,0.75,most_risky,0.8261861313868614,0.6466942148760331,0.34623893805309736,0.29338842975206614,21920,0.21633211678832118,334,251,177,74,0.7051792828685259,0.6526946107784432,177.0,0.7206852589641434,3,default,rf
8,0.75,most_risky,0.8184059161873459,0.6512820512820513,0.3590951932139491,0.30256410256410254,24340,0.21540673788003287,321,241,159,82,0.6597510373443983,0.6261682242990654,159.0,0.7128131792135943,3,default,rf
9,0.75,most_risky,0.8234304932735426,0.6729559748427673,0.36738197424892705,0.34591194968553457,26759,0.21469412160394633,325,244,162,82,0.6639344262295082,0.6092307692307692,162.0,0.7249861761644549,3,default,rf
10,0.75,most_risky,0.8221689223916395,0.6377245508982036,0.3486088379705401,0.2754491017964072,29181,0.21363215791096946,312,234,157,77,0.6709401709401709,0.6410256410256411,157.0,0.7174378306878307,3,default,rf
0,0.75,most_risky,0.807,0.6076923076923076,0.3574660633484163,0.2153846153846154,5000,0.2196,0,0,0,0,0.0,0.0,0.0,0.0,4,default,rf
1,0.75,most_risky,0.8099730458221024,0.6428571428571429,0.3727810650887574,0.2857142857142857,7418,0.21906174170935563,329,247,177,70,0.7165991902834008,0.6930091185410334,177.0,0.6980418353576249,4,default,rf
2,0.75,most_risky,0.823170731707317,0.6270491803278688,0.37317073170731707,0.2540983606557377,9838,0.2156942467981297,321,241,158,83,0.6556016597510373,0.6292834890965732,158.0,0.7170331950207469,4,default,rf
3,0.75,most_risky,0.8165511618426416,0.6308243727598566,0.3365200764818356,0.2616487455197133,12264,0.21526418786692758,299,225,160,65,0.7111111111111111,0.68561872909699,160.0,0.6990985185185186,4,default,rf
4,0.75,most_risky,0.8134150493701056,0.6175637393767706,0.34548335974643424,0.23512747875354106,14683,0.21303548321187768,325,244,151,93,0.6188524590163934,0.6030769230769231,151.0,0.7226571038251367,4,default,rf
5,0.75,most_risky,0.8155510084770535,0.6619718309859155,0.36671001300390116,0.323943661971831,17102,0.21289907613144662,325,244,161,83,0.6598360655737705,0.6338461538461538,161.0,0.712629293520687,4,default,rf
6,0.75,most_risky,0.8205325140809012,0.6305882352941177,0.33004926108374383,0.2611764705882353,19530,0.21116231438812083,289,217,149,68,0.6866359447004609,0.6643598615916955,149.0,0.70978955453149,4,default,rf
7,0.75,most_risky,0.8153040309724436,0.6273764258555133,0.3492063492063492,0.25475285171102663,21955,0.21061261671601003,300,225,147,78,0.6533333333333333,0.6266666666666667,147.0,0.707351111111111,4,default,rf
8,0.75,most_risky,0.8203076923076923,0.6401446654611211,0.3433559650824442,0.28028933092224234,24375,0.21234871794871796,322,242,176,66,0.7272727272727273,0.6770186335403726,176.0,0.7029407713498622,4,default,rf
9,0.75,most_risky,0.816231343283582,0.643979057591623,0.3208695652173913,0.2879581151832461,26796,0.21178534109568592,319,240,139,101,0.5791666666666667,0.5799373040752351,139.0,0.7047909722222222,4,default,rf
10,0.75,most_risky,0.8215263518138262,0.6634460547504025,0.3306581059390048,0.32689210950080516,29216,0.21187020810514787,320,240,171,69,0.7125,0.671875,171.0,0.7126006944444445,4,default,rf
0,1.0,most_risky,0.822,0.6747967479674797,0.3755656108597285,0.34959349593495936,5000,0.2226,0,0,0,0,0.0,0.0,0.0,0.0,0,default,rf
1,1.0,most_risky,0.8226666666666667,0.6141304347826086,0.36688311688311687,0.22826086956521738,7500,0.2192,317,317,189,128,0.5962145110410094,0.5962145110410094,189.0,0.6681703470031545,0,default,rf
2,1.0,most_risky,0.827,0.6230769230769231,0.3951219512195122,0.24615384615384617,10000,0.2219,292,292,191,101,0.6541095890410958,0.6541095890410958,191.0,0.6609931506849315,0,default,rf
3,1.0,most_risky,0.8128,0.6310679611650486,0.3551912568306011,0.2621359223300971,12500,0.22056,336,336,206,130,0.6130952380952381,0.6130952380952381,206.0,0.6648511904761905,0,default,rf
4,1.0,most_risky,0.8133333333333334,0.6243523316062176,0.3673780487804878,0.24870466321243523,15000,0.22273333333333334,312,312,205,107,0.657051282051282,0.657051282051282,205.0,0.6695833333333332,0,default,rf
5,1.0,most_risky,0.8174285714285714,0.6303317535545023,0.35514018691588783,0.26066350710900477,17500,0.22154285714285715,292,292,185,107,0.6335616438356164,0.6335616438356164,185.0,0.6691438356164383,0,default,rf
6,1.0,most_risky,0.817,0.6926503340757239,0.343646408839779,0.38530066815144765,20000,0.2205,312,312,192,120,0.6153846153846154,0.6153846153846154,192.0,0.6676709401709402,0,default,rf
7,1.0,most_risky,0.8077777777777778,0.6654275092936803,0.3432406519654842,0.3308550185873606,22500,0.22022222222222224,304,304,184,120,0.6052631578947368,0.6052631578947368,184.0,0.6783146929824561,0,default,rf
8,1.0,most_risky,0.8148,0.641390205371248,0.36742081447963804,0.28278041074249605,25000,0.22048,278,278,186,92,0.6690647482014388,0.6690647482014388,186.0,0.6791414868105515,0,default,rf
9,1.0,most_risky,0.8134545454545454,0.6418128654970761,0.3598360655737705,0.28362573099415206,27500,0.2208,337,337,214,123,0.6350148367952523,0.6350148367952523,214.0,0.6882985728415997,0,default,rf
10,1.0,most_risky,0.8115,0.6394293125810635,0.3662704309063893,0.2788586251621271,30000,0.2212,332,332,220,112,0.6626506024096386,0.6626506024096386,220.0,0.6894854417670682,0,default,rf
0,1.0,most_risky,0.795,0.5673758865248227,0.35714285714285715,0.1347517730496454,5000,0.2286,0,0,0,0,0.0,0.0,0.0,0.0,1,default,rf
1,1.0,most_risky,0.7973333333333333,0.6358974358974359,0.3473389355742297,0.2717948717948718,7500,0.22866666666666666,323,323,194,129,0.6006191950464397,0.6006191950464397,194.0,0.6639938080495356,1,default,rf
2,1.0,most_risky,0.821,0.6524822695035462,0.4144144144144144,0.3049645390070922,10000,0.2248,347,347,218,129,0.6282420749279539,0.6282420749279539,218.0,0.6641138328530259,1,default,rf
3,1.0,most_risky,0.794,0.5709876543209876,0.32976827094474154,0.1419753086419753,12500,0.22248,307,307,193,114,0.6286644951140065,0.6286644951140065,193.0,0.660928338762215,1,default,rf
4,1.0,most_risky,0.8096666666666666,0.6631853785900783,0.3649425287356322,0.3263707571801567,15000,0.22,310,310,199,111,0.6419354838709678,0.6419354838709678,199.0,0.6792530721966205,1,default,rf
5,1.0,most_risky,0.8151428571428572,0.6104417670682731,0.40158520475561427,0.22088353413654618,17500,0.22022857142857144,327,327,207,120,0.6330275229357798,0.6330275229357798,207.0,0.6593061744575506,1,default,rf
6,1.0,most_risky,0.818,0.6230769230769231,0.37850467289719625,0.24615384615384617,20000,0.21995,315,315,203,112,0.6444444444444445,0.6444444444444445,203.0,0.6647297052154194,1,default,rf
7,1.0,most_risky,0.8251111111111111,0.6557377049180327,0.3757828810020877,0.3114754098360656,22500,0.22115555555555555,363,363,233,130,0.6418732782369146,0.6418732782369146,233.0,0.6822176308539945,1,default,rf
8,1.0,most_risky,0.8152,0.6540785498489426,0.38386524822695034,0.3081570996978852,25000,0.22136,350,350,218,132,0.6228571428571429,0.6228571428571429,218.0,0.6692978911564625,1,default,rf
9,1.0,most_risky,0.8107272727272727,0.6255144032921811,0.37254901960784315,0.25102880658436216,27500,0.222,306,306,207,99,0.6764705882352942,0.6764705882352942,207.0,0.6677207049486461,1,default,rf
10,1.0,most_risky,0.8183333333333334,0.6502057613168725,0.36210847975553856,0.3004115226337449,30000,0.2212,325,325,201,124,0.6184615384615385,0.6184615384615385,201.0,0.6694153846153845,1,default,rf
0,1.0,most_risky,0.825,0.65625,0.39069767441860465,0.3125,5000,0.2188,0,0,0,0,0.0,0.0,0.0,0.0,2,default,rf
1,1.0,most_risky,0.8106666666666666,0.5572139303482587,0.36482084690553745,0.11442786069651742,7500,0.22266666666666668,331,331,217,114,0.6555891238670695,0.6555891238670695,217.0,0.6703625377643504,2,default,rf
2,1.0,most_risky,0.8165,0.6593406593406593,0.3964757709251101,0.31868131868131866,10000,0.2181,313,313,182,131,0.5814696485623003,0.5814696485623003,182.0,0.6726517571884983,2,default,rf
3,1.0,most_risky,0.8216,0.6603174603174603,0.3802559414990859,0.32063492063492066,12500,0.22136,338,338,224,114,0.6627218934911243,0.6627218934911243,224.0,0.6780177514792899,2,default,rf
4,1.0,most_risky,0.8153333333333334,0.6521739130434783,0.3789004457652303,0.30434782608695654,15000,0.2224,328,328,207,121,0.6310975609756098,0.6310975609756098,207.0,0.6715482723577235,2,default,rf
5,1.0,most_risky,0.8254285714285714,0.652452025586354,0.40583554376657827,0.3049040511727079,17500,0.22017142857142857,326,326,199,127,0.6104294478527608,0.6104294478527608,199.0,0.6579959100204499,2,default,rf
6,1.0,most_risky,0.82275,0.6602687140115163,0.3926940639269406,0.32053742802303264,20000,0.2206,320,320,204,116,0.6375,0.6375,204.0,0.6693255208333333,2,default,rf
7,1.0,most_risky,0.8155555555555556,0.6209813874788495,0.3771839671120247,0.24196277495769883,22500,0.22035555555555555,332,332,212,120,0.6385542168674698,0.6385542168674698,212.0,0.6645695400650219,2,default,rf
8,1.0,most_risky,0.82,0.6606260296540363,0.36621004566210047,0.3212520593080725,25000,0.22108,321,321,206,115,0.6417445482866043,0.6417445482866043,206.0,0.6696884735202492,2,default,rf
9,1.0,most_risky,0.8125454545454546,0.6623188405797101,0.3641434262948207,0.32463768115942027,27500,0.22189090909090908,312,312,206,106,0.6602564102564102,0.6602564102564102,206.0,0.6578511141636142,2,default,rf
10,1.0,most_risky,0.8125,0.6397260273972603,0.3513920240782543,0.27945205479452057,30000,0.2212,297,297,183,114,0.6161616161616161,0.6161616161616161,183.0,0.6686695526695526,2,default,rf
0,1.0,most_risky,0.808,0.5245901639344263,0.32323232323232326,0.04918032786885246,5000,0.211,0,0,0,0,0.0,0.0,0.0,0.0,3,default,rf
1,1.0,most_risky,0.8166666666666667,0.6796116504854369,0.40114613180515757,0.3592233009708738,7500,0.21893333333333334,341,341,224,117,0.656891495601173,0.656891495601173,224.0,0.6558944281524927,3,default,rf
2,1.0,most_risky,0.814,0.6338028169014085,0.4017857142857143,0.2676056338028169,10000,0.2213,351,351,222,129,0.6324786324786325,0.6324786324786325,222.0,0.6511918328584995,3,default,rf
3,1.0,most_risky,0.8072,0.6380368098159509,0.36363636363636365,0.27607361963190186,12500,0.22424,330,330,205,125,0.6212121212121212,0.6212121212121212,205.0,0.6608752525252526,3,default,rf
4,1.0,most_risky,0.8133333333333334,0.6555269922879178,0.3744493392070485,0.3110539845758355,15000,0.22293333333333334,321,321,192,129,0.5981308411214953,0.5981308411214953,192.0,0.6822720664589823,3,default,rf
5,1.0,most_risky,0.8088571428571428,0.6331967213114754,0.3867334167709637,0.26639344262295084,17500,0.22462857142857143,311,311,224,87,0.7202572347266881,0.7202572347266881,224.0,0.6645903383861582,3,default,rf
6,1.0,most_risky,0.82475,0.6687631027253669,0.3700696055684455,0.33752620545073375,20000,0.22375,337,337,212,125,0.629080118694362,0.629080118694362,212.0,0.6772007912957467,3,default,rf
7,1.0,most_risky,0.8164444444444444,0.6467486818980668,0.37059415911379656,0.29349736379613356,22500,0.22324444444444444,323,323,214,109,0.6625386996904025,0.6625386996904025,214.0,0.6773787409700722,3,default,rf
8,1.0,most_risky,0.811,0.6429699842022117,0.3614564831261101,0.2859399684044234,25000,0.22264,310,310,199,111,0.6419354838709678,0.6419354838709678,199.0,0.6737580645161291,3,default,rf
9,1.0,most_risky,0.8147272727272727,0.6531204644412192,0.36585365853658536,0.3062409288824383,27500,0.22196363636363636,313,313,195,118,0.6230031948881789,0.6230031948881789,195.0,0.6810351437699681,3,default,rf
10,1.0,most_risky,0.8238333333333333,0.6605504587155964,0.3870967741935484,0.3211009174311927,30000,0.2212,303,303,193,110,0.636963696369637,0.636963696369637,193.0,0.6728133741945621,3,default,rf
0,1.0,most_risky,0.807,0.6076923076923076,0.3574660633484163,0.2153846153846154,5000,0.2196,0,0,0,0,0.0,0.0,0.0,0.0,4,default,rf
1,1.0,most_risky,0.8233333333333334,0.6600985221674877,0.40606060606060607,0.32019704433497537,7500,0.22346666666666667,329,329,228,101,0.6930091185410334,0.6930091185410334,228.0,0.6573596757852078,4,default,rf
2,1.0,most_risky,0.812,0.6450381679389313,0.37389380530973454,0.2900763358778626,10000,0.2217,330,330,200,130,0.6060606060606061,0.6060606060606061,200.0,0.6685131313131312,4,default,rf
3,1.0,most_risky,0.8216,0.6345029239766082,0.4033457249070632,0.26900584795321636,12500,0.2224,275,275,189,86,0.6872727272727273,0.6872727272727273,189.0,0.6674545454545455,4,default,rf
4,1.0,most_risky,0.8113333333333334,0.6253101736972705,0.3778110944527736,0.2506203473945409,15000,0.22086666666666666,354,354,209,145,0.5903954802259888,0.5903954802259888,209.0,0.6781920903954802,4,default,rf
5,1.0,most_risky,0.8137142857142857,0.6576576576576577,0.3686868686868687,0.3153153153153153,17500,0.2212,334,334,212,122,0.6347305389221557,0.6347305389221557,212.0,0.6678350441973195,4,default,rf
6,1.0,most_risky,0.8175,0.6679389312977099,0.38631346578366443,0.33587786259541985,20000,0.21985,304,304,194,110,0.6381578947368421,0.6381578947368421,194.0,0.6645082236842105,4,default,rf
7,1.0,most_risky,0.8175555555555556,0.6465364120781527,0.3691683569979716,0.29307282415630553,22500,0.21946666666666667,307,307,188,119,0.6123778501628665,0.6123778501628665,188.0,0.670201954397394,4,default,rf
8,1.0,most_risky,0.8156,0.654320987654321,0.3778966131907308,0.30864197530864196,25000,0.22128,311,311,212,99,0.6816720257234726,0.6816720257234726,212.0,0.6773515541264736,4,default,rf
9,1.0,most_risky,0.8194545454545454,0.6686656671664168,0.36617405582922824,0.3373313343328336,27500,0.22098181818181817,296,296,177,119,0.597972972972973,0.597972972972973,177.0,0.6756451093951094,4,default,rf
10,1.0,most_risky,0.8125,0.6410891089108911,0.3828529194382853,0.28217821782178215,30000,0.2212,317,317,210,107,0.6624605678233438,0.6624605678233438,210.0,0.6774826498422712,4,default,rf
