dataset,model,ranking_strategy,exploration_rate,iteration,accuracy_mean,accuracy_std,precision_mean,precision_std,recall_mean,recall_std,kickout_mean,kickout_std,training_set_size_mean,training_set_size_std,training_default_rate_mean,training_default_rate_std,n_explored_mean,n_explored_std,n_explored_defaulted_mean,n_explored_defaulted_std,exploration_cost_mean,exploration_cost_std,cumulative_cost_mean,cumulative_cost_std,exploration_default_rate_mean,exploration_default_rate_std,reject_default_rate_mean,reject_default_rate_std,explored_risk_mean_mean,explored_risk_mean_std
ppdai_imb77,gbdt,least_risky,0.0,0,0.7802,0.016422545478700958,0.5584332838528782,0.08551997834960536,0.11419965219275068,0.02674432059124414,0.11686656770575624,0.17103995669921065,5000.0,0.0,0.2304,0.0044068129073061395,0.0,0.0,0.0,0.0,0.0,0.0,0.0,0.0,0.0,0.0,0.0,0.0,0.0,0.0
ppdai_imb77,gbdt,least_risky,0.0,1,0.7749018971614764,0.013732824819628446,0.5796426889146142,0.07382678277455397,0.08271497161853283,0.015939167169774046,0.1592853778292284,0.147653565549108,7506.2,34.64390278245222,0.2252484590342577,0.002257110093165893,0.0,0.0,0.0,0.0,0.0,0.0,0.0,0.0,0.0,0.0,0.0,0.0,0.0,0.0
ppdai_imb77,gbdt,least_risky,0.0,2,0.7925486041208949,0.004525151150224091,0.5993545077880377,0.0724081811457945,0.07832966637052378,0.008808857878901791,0.19870901557607548,0.1448163622915889,10015.6,58.2434545678742,0.2221865600156483,0.003556575141610255,0.0,0.0,0.0,0.0,0.0,0.0,0.0,0.0,0.0,0.0,0.0,0.0,0.0,0.0
ppdai_imb77,gbdt,least_risky,0.0,3,0.7814374255571298,0.008502374088518304,0.5324664602683178,0.021510016849579414,0.05726890790540553,0.011205116584701195,0.06493292053663571,0.04302003369915884,12529.0,81.25269226308765,0.22007934171208593,0.0047616568536149526,0.0,0.0,0.0,0.0,0.0,0.0,0.0,0.0,0.0,0.0,0.0,0.0,0.0,0.0
ppdai_imb77,gbdt,least_risky,0.0,4,0.7870943453375684,0.007380310086488644,0.5701937602627257,0.025538994897079448,0.061559651509110594,0.008675221041587841,0.14038752052545156,0.05107798979415895,15049.6,103.20998013758188,0.21957461007555992,0.004213947986379136,0.0,0.0,0.0,0.0,0.0,0.0,0.0,0.0,0.0,0.0,0.0,0.0,0.0,0.0
ppdai_imb77,gbdt,least_risky,0.0,5,0.7835095042299104,0.010001635684965062,0.574134695619555,0.017269196746335355,0.04928879275743667,0.007745085076490493,0.14826939123911012,0.034538393492670696,17569.8,118.07497618039126,0.21892973553004103,0.003093248634428868,0.0,0.0,0.0,0.0,0.0,0.0,0.0,0.0,0.0,0.0,0.0,0.0,0.0,0.0
ppdai_imb77,gbdt,least_risky,0.0,6,0.7832543383789088,0.0063110890746331735,0.5510282568103176,0.03140736409928018,0.04353089653321541,0.006197434727807875,0.1020565136206352,0.06281472819856038,20100.6,128.74509699402122,0.2183266275506265,0.0034992655465475313,0.0,0.0,0.0,0.0,0.0,0.0,0.0,0.0,0.0,0.0,0.0,0.0,0.0,0.0
ppdai_imb77,gbdt,least_risky,0.0,7,0.784996050636104,0.003927121331773294,0.5777246696567978,0.0821837095350347,0.03902883760226703,0.00450164991610309,0.1554493393135956,0.16436741907006946,22638.6,136.90617224946405,0.21857460745535134,0.003536852540925366,0.0,0.0,0.0,0.0,0.0,0.0,0.0,0.0,0.0,0.0,0.0,0.0,0.0,0.0
ppdai_imb77,gbdt,least_risky,0.0,8,0.7864062224609649,0.007338211556890445,0.6006039608571895,0.04240316131822306,0.039566567199800486,0.004267367079862483,0.2012079217143789,0.08480632263644602,25172.6,143.4879785905423,0.2183384896414886,0.0023151557570666058,0.0,0.0,0.0,0.0,0.0,0.0,0.0,0.0,0.0,0.0,0.0,0.0,0.0,0.0
ppdai_imb77,gbdt,least_risky,0.0,9,0.7860164892455619,0.007251980761723283,0.575495465204203,0.06311646325929265,0.04157656748572465,0.006097160601930474,0.15099093040840614,0.12623292651858528,27710.2,151.21078003899038,0.2188210060997792,0.0020712883031767416,0.0,0.0,0.0,0.0,0.0,0.0,0.0,0.0,0.0,0.0,0.0,0.0,0.0,0.0
ppdai_imb77,gbdt,least_risky,0.0,10,0.785085769820926,0.004658273224270951,0.5640311318109386,0.05849016284969147,0.0364045360607972,0.005297389334377673,0.12806226362187706,0.11698032569938288,30235.6,159.93998874577903,0.21833959081584803,0.0013445265190952355,0.0,0.0,0.0,0.0,0.0,0.0,0.0,0.0,0.0,0.0,0.0,0.0,0.0,0.0
ppdai_imb77,gbdt,least_risky,0.01,0,0.7802,0.016422545478700958,0.5584332838528782,0.08551997834960536,0.11419965219275068,0.02674432059124414,0.11686656770575624,0.17103995669921065,5000.0,0.0,0.2304,0.0044068129073061395,0.0,0.0,0.0,0.0,0.0,0.0,0.0,0.0,0.0,0.0,0.0,0.0,0.0,0.0
ppdai_imb77,gbdt,least_risky,0.01,1,0.7802928704727206,0.010500195171752123,0.5505186488999292,0.06646781262094317,0.08673019977436777,0.02532647041109361,0.10103729779985844,0.13293562524188635,7507.8,34.20818615477884,0.22528045561444415,0.002243760692064673,1.6,0.5477225575051661,0.6,0.5477225575051661,0.6,0.5477225575051661,0.6,0.5477225575051661,0.4,0.4183300132670378,0.5482340164029915,0.05092973150658226,0.501355176965791,0.0006017737138055324
ppdai_imb77,gbdt,least_risky,0.01,2,0.786950558487809,0.005722761855779916,0.5914993067934244,0.05883810761682026,0.06536219757664427,0.00949992073841836,0.18299861358684888,0.11767621523364054,10015.0,57.658477260503666,0.2221591515949414,0.003949340585947608,1.6,0.5477225575051661,0.6,0.8944271909999159,0.6,0.8944271909999159,1.2,1.3038404810405297,0.3,0.4472135954999579,0.5972660152111546,0.0521750146613232,0.5012906050931247,0.0006667264890497447
ppdai_imb77,gbdt,least_risky,0.01,3,0.786264168956955,0.0087950340187491,0.5430874811463047,0.052410771787397156,0.056790294554153055,0.011794072160583525,0.08617496229260935,0.10482154357479433,12531.4,79.79849622643252,0.22002125023321337,0.004964194291591207,1.8,0.4472135954999579,1.2,0.4472135954999579,1.2,0.4472135954999579,2.4,1.140175425099138,0.7,0.27386127875258304,0.5523823983318688,0.026248102138886266,0.5017934208090981,0.0021693036919659494
ppdai_imb77,gbdt,least_risky,0.01,4,0.7802359070007138,0.007876507565455656,0.56265275367636,0.040325988067013,0.051167086384584316,0.006887489419965625,0.12530550735272,0.08065197613402603,15057.4,97.03246879266732,0.2194626268143478,0.004227051474213865,1.6,0.5477225575051661,0.8,0.8366600265340756,0.8,0.8366600265340756,3.2,1.6431676725154984,0.4,0.4183300132670378,0.5811692855580498,0.0661812440126367,0.5012361942343204,0.0007341168490998337
ppdai_imb77,gbdt,least_risky,0.01,5,0.7847152429679486,0.010474166320516226,0.5986693657219974,0.0676992268965025,0.05410081851664519,0.004487880176363431,0.19733873144399458,0.13539845379300502,17584.6,113.86966233373957,0.21880296937334381,0.003218032956275751,1.4,0.5477225575051662,1.2,0.8366600265340756,1.2,0.8366600265340756,4.4,2.1908902300206643,0.8,0.4472135954999579,0.6018153677981511,0.029191379594163475,0.5006855067060909,0.0007963109736442699
ppdai_imb77,gbdt,least_risky,0.01,6,0.7856297092917874,0.011262967336882033,0.536057276057276,0.04422639591730529,0.046420637192855566,0.0034815479603320476,0.07211455211455212,0.08845279183461052,20119.2,125.89757741910667,0.21835367409780013,0.0036032876780024282,1.4,0.5477225575051661,0.8,0.8366600265340756,0.8,0.8366600265340756,5.2,2.588435821108957,0.5,0.5,0.5620293841967765,0.05168331546444617,0.5017969380211555,0.0011537219136465106
ppdai_imb77,gbdt,least_risky,0.01,7,0.7857781870646365,0.004669538119644555,0.5856941038080187,0.04166803393566633,0.0400493936372411,0.00709273241660476,0.17138820761603746,0.08333606787133273,22660.4,130.8522067066505,0.21879802165666665,0.003448261114678653,1.0,0.0,0.8,0.4472135954999579,0.8,0.4472135954999579,6.0,2.449489742783178,0.8,0.4472135954999579,0.6224062932665662,0.0663228635786945,0.502622425696014,0.0021215417891830885
ppdai_imb77,gbdt,least_risky,0.01,8,0.7879817167388168,0.004073955786546244,0.5526186142624498,0.03642861101471258,0.03591423078135693,0.009159058152805316,0.10523722852489976,0.07285722202942516,25195.0,138.73535958795827,0.21849405984798542,0.0024022810737719283,1.2,0.4472135954999579,0.2,0.4472135954999579,0.2,0.4472135954999579,6.2,2.588435821108957,0.1,0.22360679774997896,0.6250211987102032,0.020290489158210342,0.5015824278440884,0.0010044414783686472
ppdai_imb77,gbdt,least_risky,0.01,9,0.7877955232054087,0.004307238772959474,0.6002454337899543,0.04104154453888243,0.038723592995374215,0.006134804923622596,0.2004908675799087,0.08208308907776496,27735.4,145.61352959117494,0.2189613676146865,0.0022324154465612144,1.0,0.0,0.2,0.447213595499958,0.2,0.447213595499958,6.4,2.3021728866442674,0.2,0.447213595499958,0.6040303495787367,0.03387878046486283,0.5009865081482469,0.0006131683913450016
ppdai_imb77,gbdt,least_risky,0.01,10,0.7859545092888082,0.004101955092256115,0.573798196065054,0.04794885995254879,0.03816736591934759,0.002526918670535396,0.14759639213010806,0.09589771990509764,30270.8,144.56901466081885,0.2185299394287336,0.0010934586754943866,1.0,0.0,1.0,0.0,1.0,0.0,7.4,2.3021728866442674,1.0,0.0,0.6455007222843154,0.09302199873585583,0.5026577355747326,0.004207444289636779
ppdai_imb77,gbdt,least_risky,0.02,0,0.7802,0.016422545478700958,0.5584332838528782,0.08551997834960536,0.11419965219275068,0.02674432059124414,0.11686656770575624,0.17103995669921065,5000.0,0.0,0.2304,0.0044068129073061395,0.0,0.0,0.0,0.0,0.0,0.0,0.0,0.0,0.0,0.0,0.0,0.0,0.0,0.0
ppdai_imb77,gbdt,least_risky,0.02,1,0.778824310181564,0.013070691516565003,0.5758095238095239,0.06694364232072775,0.08590874393603158,0.01913625267154662,0.1516190476190476,0.1338872846414555,7509.0,33.830459648074545,0.2252444551665886,0.0022488243527917316,2.8,0.8366600265340756,0.6,0.5477225575051661,0.6,0.5477225575051661,0.6,0.5477225575051661,0.21666666666666665,0.2173067468400883,0.5482340164029915,0.05092973150658226,0.5024604410122636,0.000930742728938647
ppdai_imb77,gbdt,least_risky,0.02,2,0.7901140706629891,0.0097005708969049,0.5417985523248682,0.05937801085519371,0.07355120020894931,0.01174527908498785,0.08359710464973623,0.11875602171038738,10021.2,53.885990758266956,0.22243876734167864,0.004172398037204052,2.8,0.447213595499958,1.0,0.7071067811865476,1.0,0.7071067811865476,1.6,0.8944271909999159,0.36666666666666664,0.24720661623652207,0.576948229943523,0.021333201460828146,0.5019490468067979,0.0014758935347486297
ppdai_imb77,gbdt,least_risky,0.02,3,0.784429055630541,0.01472507869006186,0.565372624766575,0.06769629691229946,0.06071940204200867,0.011607153173202269,0.13074524953314992,0.13539259382459884,12540.8,79.01075876107002,0.220268163377105,0.0050690601018236105,2.6,0.5477225575051661,1.8,0.8366600265340756,1.8,0.8366600265340756,3.4,1.51657508881031,0.7,0.2981423969999719,0.5688096087419152,0.0563750123831903,0.5030967446559156,0.0010175806455974704
ppdai_imb77,gbdt,least_risky,0.02,4,0.7848055042906055,0.009098502897530123,0.5917349439775911,0.03404627727473144,0.05752321533897063,0.008844015310286151,0.18346988795518207,0.06809255454946295,15064.8,105.3598595291395,0.2197750567877327,0.004481618806759021,2.6,0.5477225575051661,1.0,0.7071067811865476,1.0,0.7071067811865476,4.4,1.5165750888103102,0.4333333333333333,0.36514837167011077,0.5576026382837961,0.03347051703414281,0.5024145479136848,0.0012043727839132362
ppdai_imb77,gbdt,least_risky,0.02,5,0.7871502825686173,0.012043945936393486,0.5788886343242263,0.05766363682565321,0.054593006509066656,0.010838772077446214,0.15777726864845257,0.11532727365130645,17588.6,114.75974904120348,0.21901286616099727,0.0032616900927493627,2.2,0.44721359549995787,1.4,0.8944271909999159,1.4,0.8944271909999159,5.8,1.3038404810405297,0.6333333333333333,0.4149966532662911,0.593890521032836,0.03151065751551522,0.5015243476946372,0.0018881924381250552
ppdai_imb77,gbdt,least_risky,0.02,6,0.7875561694189805,0.007102983928232233,0.5614495182237118,0.02796984454086394,0.04789931614484482,0.008733086922808584,0.12289903644742355,0.05593968908172784,20117.8,125.60732462718906,0.21842697967365723,0.0036718351702926828,2.4,0.5477225575051661,1.0,1.0,1.0,1.0,6.8,2.16794833886788,0.4,0.4346134936801766,0.5662044508849341,0.0520575237176081,0.5024517655614998,0.0010953994508361134
ppdai_imb77,gbdt,least_risky,0.02,7,0.7846417787199054,0.006766158362212646,0.5407222629507489,0.08201982885699828,0.04185025794738968,0.00826878710208923,0.08144452590149774,0.16403965771399656,22654.4,133.61998353539778,0.21879301416544678,0.0036646206977639594,2.0,0.0,1.0,0.0,1.0,0.0,7.8,2.16794833886788,0.5,0.0,0.6161178250217859,0.05432428430732204,0.5015629666711823,0.0008339295335882267
ppdai_imb77,gbdt,least_risky,0.02,8,0.785038764260202,0.004872790453722082,0.5534716408724597,0.022162446630072597,0.03843068278677081,0.005838878132335014,0.1069432817449193,0.04432489326014509,25183.2,130.86710816702546,0.2184459000489764,0.0023480249373598106,2.2,0.447213595499958,1.8,0.4472135954999579,1.8,0.4472135954999579,9.6,2.4083189157584592,0.8333333333333333,0.23570226039551584,0.6239428418618329,0.04552600031714558,0.5019469614497678,0.0012911899184032702
ppdai_imb77,gbdt,least_risky,0.02,9,0.7846077363403848,0.009931195221505644,0.5761385385328385,0.025403539404142743,0.04042557971846987,0.010203474319285403,0.1522770770656771,0.05080707880828546,27722.2,135.00074073870832,0.21895720032637733,0.0021898065696501863,2.0,0.0,1.0,0.7071067811865476,1.0,0.7071067811865476,10.6,2.4083189157584592,0.5,0.3535533905932738,0.5878421597471941,0.03937537632042135,0.5017129020509616,0.0005131305690752574
ppdai_imb77,gbdt,least_risky,0.02,10,0.7902763417704776,0.008393094362714905,0.6175774316992493,0.04703602288899611,0.041928696002431085,0.005962914271663598,0.23515486339849856,0.09407204577799216,30246.2,137.21588829286506,0.21835038377109872,0.0012005351020853378,2.6,0.5477225575051661,1.8,0.8366600265340756,1.8,0.8366600265340756,12.4,2.302172886644268,0.7,0.29814239699997197,0.6491388550402621,0.06488121638579807,0.5022584299318279,0.0012857470465951293
ppdai_imb77,gbdt,least_risky,0.05,0,0.7802,0.016422545478700958,0.5584332838528782,0.08551997834960536,0.11419965219275068,0.02674432059124414,0.11686656770575624,0.17103995669921065,5000.0,0.0,0.2304,0.0044068129073061395,0.0,0.0,0.0,0.0,0.0,0.0,0.0,0.0,0.0,0.0,0.0,0.0,0.0,0.0
ppdai_imb77,gbdt,least_risky,0.05,1,0.7857192401118737,0.011682884561373036,0.5233707949821179,0.07667162777533652,0.078759954908816,0.01627938248397507,0.04674158996423579,0.15334325555067305,7512.6,32.97423236407486,0.22535001581130149,0.0021442821941514527,6.4,1.6733200530681511,2.2,1.3038404810405297,2.2,1.3038404810405297,2.2,1.3038404810405297,0.3279365079365079,0.13348253179265354,0.5482340164029915,0.05092973150658226,0.5049227071858475,0.0008988718751159327
ppdai_imb77,gbdt,least_risky,0.05,2,0.7873710775774367,0.006098326058106202,0.5414830224441208,0.07353018429868978,0.06740269011062404,0.008415205741455024,0.08296604488824169,0.1470603685973796,10023.6,53.134734402272336,0.22236553091341799,0.003933664688756009,6.4,1.51657508881031,4.0,1.414213562373095,4.0,1.414213562373095,6.2,2.280350850198276,0.6273809523809524,0.17074101537435513,0.5992882165747496,0.04800505422610862,0.5055052330268811,0.0041929370723573795
ppdai_imb77,gbdt,least_risky,0.05,3,0.7798523072166803,0.011991701187143494,0.5406290412486066,0.04120194093825312,0.058324912770974215,0.011359218334513149,0.08125808249721293,0.08240388187650624,12546.4,69.47877373701995,0.22017223740337313,0.004892541653941131,5.8,1.0954451150103324,1.4,0.5477225575051662,1.4,0.5477225575051662,7.6,2.792848008753788,0.24047619047619045,0.07357874828744021,0.5528970766247723,0.026065996212990383,0.5035952870888492,0.0018480340261087206
ppdai_imb77,gbdt,least_risky,0.05,4,0.7815212605410016,0.009279846345369028,0.5588823291193591,0.02914070456605787,0.05219685686923903,0.008272806036075631,0.11776465823871814,0.05828140913211575,15069.0,87.48714191239762,0.21955985132844988,0.004174718587160382,5.6,1.140175425099138,3.8,1.3038404810405297,3.8,1.3038404810405297,11.4,2.701851217221259,0.7057142857142857,0.2754588009492675,0.5816585588324719,0.044775606744918935,0.5051969719575821,0.0031383018710898275
ppdai_imb77,gbdt,least_risky,0.05,5,0.7871274025117845,0.012978558418024953,0.5697515337067576,0.051612070173599756,0.053827552558251515,0.010059203146265452,0.1395030674135152,0.10322414034719954,17602.2,94.73489325480915,0.21917672940971147,0.003105848263006565,5.4,0.5477225575051661,2.8,1.6431676725154984,2.8,1.6431676725154984,14.2,2.863564212655271,0.52,0.3176301133219092,0.5595945848965018,0.0694585478325773,0.505320821499023,0.0017382623429234036
ppdai_imb77,gbdt,least_risky,0.05,6,0.7833727172952994,0.007652213383280514,0.574543005517689,0.056465100320459434,0.04931196867790842,0.005390636425687217,0.14908601103537814,0.11293020064091884,20136.0,102.79591431569676,0.21869043256109338,0.0034710747495253873,5.2,0.8366600265340756,1.8,0.8366600265340756,1.8,0.8366600265340756,16.0,3.24037034920393,0.35333333333333333,0.16090024514862894,0.553496083204821,0.08517635425134248,0.5043789822118498,0.0018272165567466622
ppdai_imb77,gbdt,least_risky,0.05,7,0.7853374126403033,0.004724793943175415,0.5953247658634486,0.05647495193535667,0.04096136021743697,0.005246519376883035,0.19064953172689741,0.11294990387071335,22675.4,106.00613189811226,0.21918583070559822,0.003418517706249239,5.0,0.0,3.4,0.5477225575051661,3.4,0.5477225575051661,19.4,3.5777087639996634,0.6799999999999999,0.10954451150103328,0.5922284368508555,0.04927676930896422,0.5044890424981465,0.0020667785910346995
ppdai_imb77,gbdt,least_risky,0.05,8,0.7873267475622677,0.005915227747210686,0.6047483988503406,0.07222636247987219,0.04719698068407053,0.006439041964903635,0.2094967977006812,0.1444527249597443,25211.8,112.2127443742461,0.21892165261497812,0.0022160187854855912,5.2,0.44721359549995804,2.4,1.1401754250991378,2.4,1.1401754250991378,21.8,3.4928498393145957,0.4533333333333333,0.18499249234015477,0.6071574005865614,0.049186061035731775,0.5045747348765368,0.00156533496051858
ppdai_imb77,gbdt,least_risky,0.05,9,0.788887816095017,0.004861646663739662,0.6408222380880264,0.055825552057611104,0.04414442158556921,0.00449986546580133,0.2816444761760527,0.11165110411522217,27749.6,121.90693171431995,0.21932567352615404,0.00213907503869724,5.0,0.7071067811865475,3.4,1.949358868961793,3.4,1.949358868961793,25.2,3.9623225512317903,0.6466666666666667,0.3617856946990703,0.6079066574220773,0.032975212367892755,0.5040718035679796,0.0027534596460667303
ppdai_imb77,gbdt,least_risky,0.05,10,0.7864440025263624,0.004695990303042051,0.5825071601674378,0.08339710573610147,0.03976056888114618,0.00786754266777795,0.16501432033487554,0.16679421147220302,30284.6,129.90111623846755,0.21881987900001296,0.0012616609265458578,5.2,0.44721359549995787,2.8,1.0954451150103321,2.8,1.0954451150103321,28.0,2.91547594742265,0.5466666666666666,0.23285665595430646,0.656927097889537,0.0868828610522658,0.5041809606769663,0.002063421100044734
ppdai_imb77,gbdt,least_risky,0.1,0,0.7802,0.016422545478700958,0.5584332838528782,0.08551997834960536,0.11419965219275068,0.02674432059124414,0.11686656770575624,0.17103995669921065,5000.0,0.0,0.2304,0.0044068129073061395,0.0,0.0,0.0,0.0,0.0,0.0,0.0,0.0,0.0,0.0,0.0,0.0,0.0,0.0
ppdai_imb77,gbdt,least_risky,0.1,1,0.7852737385307574,0.008145774113605474,0.5553042460731589,0.06542191008146969,0.08760551496755815,0.02684336532544115,0.1106084921463177,0.1308438201629393,7518.4,31.24579971772192,0.22552228894387136,0.002057908660974925,12.2,3.4205262752974144,4.8,2.2803508501982757,4.8,2.2803508501982757,4.8,2.2803508501982757,0.3848739495798319,0.13084627652848063,0.5482340164029915,0.05092973150658226,0.5090041187959631,0.001698931815583299
ppdai_imb77,gbdt,least_risky,0.1,2,0.7921082349080033,0.011182214922045658,0.5725973499408035,0.037521047351987545,0.07706443332495035,0.011615704740140693,0.14519469988160688,0.07504209470397497,10041.0,50.15974481593798,0.2226582244199554,0.004070248753362123,11.6,2.9664793948382653,5.8,2.16794833886788,5.8,2.16794833886788,10.6,4.159326868617084,0.49280053280053276,0.11598070887929687,0.6093142281934344,0.035591115731995755,0.5093085253699721,0.003046937512935985
ppdai_imb77,gbdt,least_risky,0.1,3,0.7817936154297488,0.012643734932389603,0.5584597420727488,0.060855270867004575,0.05378927613969876,0.013656110871727316,0.1169194841454978,0.12171054173400914,12565.8,70.53864189222801,0.22040647029893473,0.0048979580959681085,11.4,2.3021728866442674,6.0,1.4142135623730951,6.0,1.4142135623730951,16.6,4.6690470119715,0.5376873126873127,0.12540560401114328,0.5780409637733402,0.043499593585658504,0.5081270029395092,0.0027697229370189686
ppdai_imb77,gbdt,least_risky,0.1,4,0.786281711626497,0.00933981879185496,0.5626998949225797,0.049422465933672215,0.05958281585282497,0.014525293208677084,0.12539978984515948,0.09884493186734442,15103.6,81.68414778890721,0.21997376534669533,0.0038509020789328032,9.8,1.6431676725154982,5.6,1.140175425099138,5.6,1.140175425099138,22.2,5.495452665613635,0.5706493506493506,0.05197726451354812,0.5970243261714744,0.04828692276808353,0.5085809633809187,0.002064493616223514
ppdai_imb77,gbdt,least_risky,0.1,5,0.7851052960847509,0.008213350668234446,0.5769389153970004,0.06622131917145238,0.060377424184685356,0.009437456616306834,0.15387783079400066,0.1324426383429048,17638.2,95.82118763613862,0.21955870143790532,0.0027750576602701906,10.4,1.6733200530681511,4.2,0.8366600265340757,4.2,0.8366600265340757,26.4,5.594640292279745,0.4124475524475525,0.10827516839890144,0.5514781919964566,0.03056445901024596,0.5075795648401227,0.002359521805584604
ppdai_imb77,gbdt,least_risky,0.1,6,0.7807962334920584,0.007788696588635982,0.5464517410300542,0.056708046274230026,0.04572695118504159,0.007536310863435134,0.09290348206010857,0.11341609254846008,20171.8,103.4490212616822,0.21901780881896366,0.0032066565485608296,10.4,1.6733200530681511,5.4,1.9493588689617927,5.4,1.9493588689617927,31.8,5.805170109479997,0.51,0.16733200530681508,0.5543052088222415,0.055440001450465355,0.5075286656350404,0.0036071215570852083
ppdai_imb77,gbdt,least_risky,0.1,7,0.7872861325109362,0.004551814792555274,0.595106005549828,0.042483671816541425,0.04367753704536746,0.0026218808298346945,0.19021201109965605,0.08496734363308288,22718.4,112.34455928081309,0.21943060533024678,0.0032733104720688157,9.2,1.4832396974191326,5.2,1.7888543819998317,5.2,1.7888543819998317,37.0,5.787918451395113,0.5828282828282829,0.2574668020695912,0.6290688312051798,0.039758816559729376,0.5084597926324262,0.0024247886287456356
ppdai_imb77,gbdt,least_risky,0.1,8,0.7868071262555313,0.008456562891115288,0.6053086368835737,0.01822612459213199,0.041290843958965796,0.006954765264968702,0.21061727376714753,0.03645224918426399,25255.4,117.82741616449059,0.21918525020895685,0.0021789405927009815,10.0,0.7071067811865476,5.8,1.4832396974191326,5.8,1.4832396974191326,42.8,5.674504383644443,0.5824242424242424,0.15481853473034626,0.6032847871235721,0.0464917181034239,0.5058062147554829,0.0023748848581417884
ppdai_imb77,gbdt,least_risky,0.1,9,0.783547880945941,0.008905000680373514,0.5903442523274315,0.023270786234095956,0.04101617450841601,0.007078375858299698,0.1806885046548629,0.04654157246819195,27797.0,120.91525958289998,0.21960730912171766,0.002125452095635367,9.4,0.8944271909999157,4.6,1.140175425099138,4.6,1.140175425099138,47.4,6.3482280992415525,0.48611111111111105,0.09714282472247616,0.5972467339620178,0.02932606948006489,0.506061217581774,0.0021707044515734924
ppdai_imb77,gbdt,least_risky,0.1,10,0.7905056537900728,0.0043269934070360614,0.5751875017601843,0.050445531480063116,0.04079526799090523,0.0075258636043288385,0.1503750035203686,0.10089106296012613,30335.2,125.6570730201847,0.21916100186177415,0.001084076831062023,10.0,0.7071067811865476,5.6,1.1401754250991378,5.6,1.1401754250991378,53.0,5.385164807134505,0.5682828282828283,0.15202204770851782,0.6358209819239777,0.06690286423978305,0.5071910221373603,0.00276332535539663
ppdai_imb77,gbdt,least_risky,0.15,0,0.7802,0.016422545478700958,0.5584332838528782,0.08551997834960536,0.11419965219275068,0.02674432059124414,0.11686656770575624,0.17103995669921065,5000.0,0.0,0.2304,0.0044068129073061395,0.0,0.0,0.0,0.0,0.0,0.0,0.0,0.0,0.0,0.0,0.0,0.0,0.0,0.0
ppdai_imb77,gbdt,least_risky,0.15,1,0.7863360475318488,0.009258920683643384,0.5092594701828784,0.106164636115833,0.07697755083945475,0.03271915824754671,0.0185189403657569,0.21232927223166595,7524.2,29.405781744412,0.22566798624016457,0.0019203613822292465,18.0,5.244044240850758,7.2,3.420526275297414,7.2,3.420526275297414,7.2,3.420526275297414,0.39025856496444733,0.15390912135598336,0.5482340164029915,0.05092973150658226,0.51267490103902,0.0022777659307240484
ppdai_imb77,gbdt,least_risky,0.15,2,0.7859491064763854,0.00890423188287576,0.5667705532647549,0.06151500845605011,0.0763042296184406,0.005213783843110265,0.13354110652950973,0.12303001691210026,10055.8,44.885409656145356,0.22314928894883765,0.003640054459791363,16.4,2.9664793948382653,7.2,0.8366600265340756,7.2,0.8366600265340756,14.4,3.847076812334269,0.4481527347781218,0.07609452549370717,0.5911371707657421,0.03852316618732619,0.5110147485520851,0.004277578225629129
ppdai_imb77,gbdt,least_risky,0.15,3,0.7803853608193074,0.009600467045073282,0.578092994526027,0.02864323070680317,0.06692196615132359,0.015191196713970742,0.15618598905205408,0.05728646141360644,12586.8,60.528505681207776,0.22094847487731767,0.004571229241711205,17.0,3.0822070014844885,8.0,3.0,8.0,3.0,22.4,6.2289646009589745,0.47141382868937054,0.14525987203134527,0.569866036527165,0.03541774145868996,0.511814605198493,0.004922042066605965
ppdai_imb77,gbdt,least_risky,0.15,4,0.7867988299378955,0.008092242672939537,0.6154657448263586,0.06517962287806157,0.06070693278502857,0.012168654927926821,0.23093148965271726,0.13035924575612315,15122.8,84.58250410102525,0.22032830422368216,0.003909850900190727,16.0,4.06201920231798,6.0,1.8708286933869709,6.0,1.8708286933869709,28.4,7.956129712366435,0.3699867315347191,0.04879576800204337,0.579331146423176,0.05868332192305084,0.5128644477188373,0.004992454908333899
ppdai_imb77,gbdt,least_risky,0.15,5,0.7881755772145611,0.006835630477705435,0.5611121856866538,0.04671683778807531,0.0644880136151813,0.010900028946532336,0.12222437137330755,0.09343367557615061,17667.6,97.67445930231706,0.21992813087760976,0.0030136379604230007,14.2,3.3466401061363023,7.2,3.1144823004794873,7.2,3.1144823004794873,35.6,8.44393273303382,0.5043223443223444,0.17871388137870717,0.5817030450124866,0.03294951389327004,0.5125454571037347,0.004495876471613065
ppdai_imb77,gbdt,least_risky,0.15,6,0.7821934052176361,0.006124458925626588,0.5490002622602908,0.05587664387666794,0.05057493930630745,0.009844733950545068,0.09800052452058147,0.11175328775333593,20207.8,107.53464557992417,0.21937789889170006,0.003480518206086792,15.2,3.271085446759225,7.8,2.6832815729997477,7.8,2.6832815729997477,43.4,9.6591925128346,0.5036257309941521,0.0959965612022744,0.5660995282926982,0.06570225442911366,0.5128891317413907,0.0023368303774187115
ppdai_imb77,gbdt,least_risky,0.15,7,0.7879962671389256,0.008559826017151826,0.6333805544547995,0.06476349175293308,0.04960155917249298,0.008683558947742835,0.2667611089095989,0.12952698350586608,22754.6,110.7713861969772,0.2197407945177408,0.0032981752005421206,13.8,1.6431676725154982,8.8,1.9235384061671346,8.8,1.9235384061671346,52.2,9.549869109050658,0.65,0.18484227510682358,0.6414972089314194,0.06931869395050873,0.5099060631204766,0.0021844865761940792
ppdai_imb77,gbdt,least_risky,0.15,8,0.7868371512549022,0.003605981513846198,0.5900381620613644,0.07789183670220504,0.04800756041708132,0.005132264006875919,0.1800763241227287,0.15578367340441007,25302.2,111.95400841417023,0.21955499184520857,0.00206028297752057,13.8,1.3038404810405297,8.6,1.8165902124584952,8.6,1.8165902124584952,60.8,10.47377677822093,0.6205494505494505,0.09648420485874237,0.6293049119555143,0.0522995495090433,0.5092407929737257,0.0032821793874289805
ppdai_imb77,gbdt,least_risky,0.15,9,0.784956427122532,0.003126880221248217,0.5968525014678006,0.030211897380867537,0.04511719386344043,0.009939823650766897,0.19370500293560117,0.06042379476173505,27847.8,116.17314663897147,0.2199761308432709,0.00193073010529101,14.0,1.2247448713915892,8.4,2.8809720581775866,8.4,2.8809720581775866,69.2,11.606032913963324,0.6052380952380952,0.20971582110938314,0.6163829411026722,0.04576962599248809,0.5092247082351222,0.0022162941560826413
ppdai_imb77,gbdt,least_risky,0.15,10,0.7876174728904441,0.0030893873293254505,0.6123220039529302,0.04654500457563374,0.042942436948045185,0.005094624635277287,0.22464400790586048,0.09309000915126746,30391.2,116.21832901913551,0.2195674561187695,0.0008808675003941404,14.8,1.3038404810405295,8.2,2.04939015319192,8.2,2.04939015319192,77.4,11.193748255164575,0.556941391941392,0.15282168603955795,0.6289321084013195,0.06773494062148251,0.5094157099519713,0.0023208600317010733
ppdai_imb77,gbdt,least_risky,0.2,0,0.7802,0.016422545478700958,0.5584332838528782,0.08551997834960536,0.11419965219275068,0.02674432059124414,0.11686656770575624,0.17103995669921065,5000.0,0.0,0.2304,0.0044068129073061395,0.0,0.0,0.0,0.0,0.0,0.0,0.0,0.0,0.0,0.0,0.0,0.0,0.0,0.0
ppdai_imb77,gbdt,least_risky,0.2,1,0.7796938088142207,0.012911644955151132,0.5101638738200481,0.05526833743454502,0.07478350491803704,0.01364643433785363,0.020327747640096306,0.11053667486909008,7530.0,27.67670500619604,0.22591970702867448,0.0019357399969139352,23.8,6.97853852894716,10.4,4.33589667773576,10.4,4.33589667773576,10.4,4.33589667773576,0.42967699156957473,0.10140940345535437,0.5482340164029915,0.05092973150658226,0.5169842627228649,0.0036986164785255634
ppdai_imb77,gbdt,least_risky,0.2,2,0.7912120494967836,0.004080289214810584,0.5532614540068901,0.04737178692847564,0.08166936482363751,0.012603324277027258,0.10652290801378024,0.09474357385695127,10061.0,43.617656975128774,0.22335171022266506,0.00374374484802792,23.4,5.224940191045253,12.6,2.5099800796022267,12.6,2.5099800796022267,23.0,5.385164807134504,0.5461192881192881,0.0761225054950355,0.6027443302531182,0.054719251998614396,0.5171516183637392,0.005395000972189621
ppdai_imb77,gbdt,least_risky,0.2,3,0.7769199800701949,0.009459734194789503,0.48976061299735435,0.05309470273117689,0.05761417181691848,0.014030042488590529,-0.02047877400529123,0.1061894054623538,12597.8,57.859312128645016,0.22132806985386874,0.004406793935655328,22.2,4.324349662087931,9.6,3.4351128074635335,9.6,3.4351128074635335,32.6,8.561541917201597,0.42252495974235105,0.11337414499891567,0.5473361278024882,0.027293644753353084,0.5158063320501536,0.00761414877796084
ppdai_imb77,gbdt,least_risky,0.2,4,0.7854696364844881,0.00311640062658799,0.611574882917594,0.023758222354123934,0.06200403724242733,0.002646124976889139,0.22314976583518784,0.04751644470824779,15137.4,68.95143218237031,0.22076630577830322,0.0037601071062806973,21.2,2.7748873851023217,10.6,2.073644135332772,10.6,2.073644135332772,43.2,6.97853852894716,0.5155095714174998,0.1743918312991367,0.5832332689735242,0.04329023384244004,0.5155441919769727,0.0022141656326562335
ppdai_imb77,gbdt,least_risky,0.2,5,0.7875939079087526,0.005057590652638836,0.6104131652661064,0.06210572465311378,0.05811353479699567,0.003352922874407857,0.2208263305322129,0.12421144930622756,17686.0,79.14227694475338,0.22041488758727285,0.002645149741430587,19.2,4.604345773288536,9.8,1.9235384061671343,9.8,1.9235384061671343,53.0,7.905694150420948,0.5213415892672859,0.10662269922094729,0.5734233880056402,0.027767361099426426,0.5122789293699122,0.002181392711243227
ppdai_imb77,gbdt,least_risky,0.2,6,0.7853967157393025,0.004488891362686513,0.5855294047880671,0.04158881598524293,0.051891795241991334,0.0041397277025826094,0.17105880957613434,0.08317763197048589,20235.2,84.96293309437989,0.2198653099278589,0.0030738369693114964,18.8,2.387467277262665,8.6,2.0736441353327724,8.6,2.0736441353327724,61.6,9.316651759081692,0.45569589079651,0.08691292611977748,0.5749336684820555,0.06963276101823443,0.5141445483133438,0.005275219085996206
ppdai_imb77,gbdt,least_risky,0.2,7,0.785755800848911,0.006212695397084954,0.5733864081824821,0.04151345944846511,0.04821599169378543,0.004964876783371675,0.14677281636496414,0.08302691889693016,22788.8,89.70340015852199,0.22026515709414576,0.0031248613439875976,18.0,1.4142135623730951,10.8,0.44721359549995804,10.8,0.44721359549995804,72.4,9.316651759081692,0.6030555555555556,0.05552429676154571,0.6409398168880928,0.05120550147099824,0.5126260257386293,0.005326186547105531
ppdai_imb77,gbdt,least_risky,0.2,8,0.7861893903995927,0.0036528960271724215,0.5966692807997156,0.055452041678421105,0.04668276080323003,0.010389960072498287,0.19333856159943116,0.11090408335684213,25339.0,93.0080641665009,0.220121521889674,0.0019928374871158224,18.4,1.6733200530681513,12.6,1.3416407864998738,12.6,1.3416407864998738,85.0,8.276472678623426,0.6902747063737775,0.10589005201222121,0.6297236342533663,0.04725477144152421,0.5132950680321706,0.0023260591917040586
ppdai_imb77,gbdt,least_risky,0.2,9,0.7885130538820707,0.004759623806497085,0.5921644425791044,0.05684317358041378,0.049395504961892864,0.006747182898551882,0.18432888515820875,0.11368634716082762,27894.6,91.87110535962871,0.22065563338166277,0.0015941386873928587,17.2,1.4832396974191322,11.2,2.16794833886788,11.2,2.16794833886788,96.2,10.10940156488009,0.655858273133815,0.1486032405385869,0.6195928862567832,0.031221521002133986,0.5140560567928872,0.003928959976687845
ppdai_imb77,gbdt,least_risky,0.2,10,0.7854547927229001,0.0025570730171446754,0.5738327009877565,0.04420353345693935,0.046243128566899175,0.007342651889022362,0.14766540197551312,0.08840706691387877,30439.2,97.69698050605263,0.22024686149849151,0.0008031168066881842,20.6,1.8165902124584945,12.0,2.7386127875258306,12.0,2.7386127875258306,108.2,10.56882207249228,0.5816494133885438,0.117784035336901,0.620607524690244,0.07393971844201969,0.5124762709785584,0.002059915275166219
ppdai_imb77,gbdt,least_risky,0.3,0,0.7802,0.016422545478700958,0.5584332838528782,0.08551997834960536,0.11419965219275068,0.02674432059124414,0.11686656770575624,0.17103995669921065,5000.0,0.0,0.2304,0.0044068129073061395,0.0,0.0,0.0,0.0,0.0,0.0,0.0,0.0,0.0,0.0,0.0,0.0,0.0,0.0
ppdai_imb77,gbdt,least_risky,0.3,1,0.7832816363940218,0.015187017939986601,0.6095221165389233,0.08460256141666787,0.08986148964086707,0.030173289905134588,0.2190442330778465,0.16920512283333577,7541.8,24.335159748807996,0.22638935078616154,0.001704864648233753,35.6,10.310189135025603,16.6,7.021395872616783,16.6,7.021395872616783,16.6,7.021395872616783,0.4558848667672197,0.09951565505513262,0.5482340164029915,0.05092973150658226,0.5259615887137782,0.004954638175048928
ppdai_imb77,gbdt,least_risky,0.3,2,0.7860569704909934,0.013164460646117902,0.5981553143856413,0.03045592821709527,0.08116122338040811,0.013462675091430667,0.19631062877128252,0.060911856434190524,10090.0,34.935655139126844,0.2242194298476662,0.0034854309454154875,32.8,5.019960159204453,16.6,4.979959839195493,16.6,4.979959839195493,33.2,11.519548602267365,0.5035011214321559,0.10737048430839258,0.5930991724413792,0.048918581068754644,0.5257316614722318,0.009038855827967929
ppdai_imb77,gbdt,least_risky,0.3,3,0.7790195985082201,0.006671936229811388,0.5152991941787157,0.03538684367829848,0.06324864977749581,0.009466846732353063,0.030598388357431467,0.07077368735659686,12637.4,49.33862584223433,0.222250735227748,0.004586861500451748,33.0,7.314369419163897,16.8,3.2710854467592254,16.8,3.2710854467592254,50.0,13.152946437965905,0.5190972209151016,0.0950930572796931,0.5636503571191533,0.02491013840350615,0.5245057773966646,0.012047394733430373
ppdai_imb77,gbdt,least_risky,0.3,4,0.7853377070581707,0.012748132899248357,0.5614829662091826,0.05449840451859922,0.06583817866851085,0.014329176498767873,0.12296593241836531,0.10899680903719852,15187.8,58.44399028129414,0.22170861026425798,0.0036791808917863997,31.8,4.32434966208793,17.0,2.7386127875258306,17.0,2.7386127875258306,67.0,13.92838827718412,0.5419943977591036,0.10662207775056859,0.5990833219789036,0.04748731513358096,0.524897181785688,0.008211297271605668
ppdai_imb77,gbdt,least_risky,0.3,5,0.7829336243922722,0.006609935665352356,0.5762087075116552,0.0546357841218857,0.061377500574325575,0.002219526673874248,0.1524174150233104,0.10927156824377143,17743.6,61.929798966248285,0.22130286702362004,0.0024356960419315123,29.4,3.8470768123342696,13.8,2.16794833886788,13.8,2.16794833886788,80.8,15.738487856207788,0.472495894909688,0.06888040015829286,0.5676121790839267,0.02584321252888203,0.5215331292889459,0.0006302052185801148
ppdai_imb77,gbdt,least_risky,0.3,6,0.7826230360969253,0.004520269133575642,0.5465702128115978,0.08606859729287764,0.05215457041454937,0.011397708191113473,0.09314042562319547,0.17213719458575524,20303.0,65.99621201250905,0.22087819507820466,0.002826385735035034,28.0,4.183300132670378,14.6,2.701851217221259,14.6,2.701851217221259,95.4,16.11831256676703,0.5224445812807882,0.05688822931103983,0.5684516544265537,0.0347318577010374,0.5173596675015424,0.005702257492317004
ppdai_imb77,gbdt,least_risky,0.3,7,0.7823477038126398,0.004661314393538817,0.5815110801130798,0.0405286119734287,0.05164886883177801,0.004933286320732367,0.16302216022615976,0.08105722394685745,22864.8,68.30958937074668,0.22130328239886143,0.0027832128078188823,26.8,1.3038404810405297,16.0,2.1213203435596424,16.0,2.1213203435596424,111.4,16.890825912311097,0.5965160765160765,0.06688816486476311,0.638161520944832,0.056515857468646485,0.5175429612869753,0.006092519290383165
ppdai_imb77,gbdt,least_risky,0.3,8,0.7808239895493837,0.005513934350507289,0.5724520675686005,0.02412045145082614,0.05202253184209208,0.011858602218322798,0.14490413513720096,0.048240902901652324,25425.2,69.65055635097266,0.22109269726160247,0.001582954204739106,27.2,2.16794833886788,15.2,3.7682887362833544,15.2,3.7682887362833544,126.6,19.552493447128427,0.5583333333333333,0.1268552310985419,0.6282040421822952,0.045269711097375084,0.517432913280147,0.0064005836248530665
ppdai_imb77,gbdt,least_risky,0.3,9,0.7859411868419137,0.00759670498479444,0.5789135462918068,0.023238041399760642,0.05294242934313538,0.003580235265528563,0.15782709258361372,0.04647608279952127,27987.0,68.40687099992222,0.22160107874337404,0.0015096864028292757,26.8,3.1144823004794877,13.8,4.324349662087931,13.8,4.324349662087931,140.4,20.107212636265626,0.5075434472934472,0.09990270344357846,0.5854536317231844,0.04359530493340386,0.5171731740533957,0.0040470932239310125
ppdai_imb77,gbdt,least_risky,0.3,10,0.7850733525191574,0.005305562464953368,0.63394810922039,0.0474980517586637,0.05097977918509492,0.008055993471861178,0.2678962184407802,0.09499610351732743,30542.6,71.03027523528233,0.22120476066268308,0.0006120349769292068,30.0,1.2247448713915892,18.6,2.073644135332772,18.6,2.073644135332772,159.0,20.74849392124643,0.6197557471264368,0.06123003751472556,0.6447005044277316,0.05982016060876836,0.5186374555517407,0.0043709650599252645
ppdai_imb77,gbdt,least_risky,0.5,0,0.7802,0.016422545478700958,0.5584332838528782,0.08551997834960536,0.11419965219275068,0.02674432059124414,0.11686656770575624,0.17103995669921065,5000.0,0.0,0.2304,0.0044068129073061395,0.0,0.0,0.0,0.0,0.0,0.0,0.0,0.0,0.0,0.0,0.0,0.0,0.0,0.0
ppdai_imb77,gbdt,least_risky,0.5,1,0.7749385233844968,0.0037110973731947373,0.5847522061067566,0.03740348641226735,0.0819888029716918,0.01628244343023258,0.16950441221351314,0.0748069728245347,7565.0,17.21917535772262,0.22757344351161976,0.0015575828488908021,58.8,17.426990560621764,30.8,11.189280584559492,30.8,11.189280584559492,30.8,11.189280584559492,0.516601020958066,0.05211307905415841,0.5482340164029915,0.05092973150658226,0.5452989070621983,0.007973439108671496
ppdai_imb77,gbdt,least_risky,0.5,2,0.7859820896461371,0.013860137992269523,0.5520938216638511,0.058238523583340036,0.09026588353440283,0.01459725615406144,0.10418764332770228,0.11647704716668009,10136.8,28.82186669874106,0.225947006160437,0.003462479995849908,51.8,12.275992831539126,28.6,6.9498201415576215,28.6,6.9498201415576215,59.4,17.812916661793487,0.5535835354585354,0.0609119532399148,0.6041657481899814,0.042882329937635445,0.5452279670951854,0.00654505235837185
ppdai_imb77,gbdt,least_risky,0.5,3,0.7786999990114419,0.011125189687860476,0.5279966845307025,0.015617514819584767,0.06884279220636044,0.01089407725384855,0.05599336906140501,0.03123502963916947,12703.8,39.08580304918883,0.2240514510813126,0.004329300215322763,56.8,10.779610382569492,29.2,3.9623225512317903,29.2,3.9623225512317903,88.6,21.1730961363708,0.5188516150445622,0.03576996104849957,0.5693048844567129,0.03693455467782179,0.5372424097581154,0.011590529670741508
ppdai_imb77,gbdt,least_risky,0.5,4,0.7794866281204006,0.013296490327402245,0.5799960086832792,0.0868868242373429,0.06750796734766236,0.012916532702864976,0.15999201736655838,0.17377364847468577,15273.6,46.88069965348232,0.2235677466678349,0.003493988322125638,53.4,9.016651263079881,26.8,3.492849839314596,26.8,3.492849839314596,115.4,21.61712284278368,0.5116917293233083,0.10104221857153181,0.5876649698781115,0.0531973607977415,0.5375536953349382,0.006768574107113203
ppdai_imb77,gbdt,least_risky,0.5,5,0.7800615307069508,0.008134643083784223,0.5487322443572706,0.05971473270256458,0.06093732118492481,0.006852405356404675,0.09746448871454139,0.11942946540512925,17849.6,50.42122568918736,0.22318236250432708,0.0023778272223947314,47.6,6.6932802122726045,24.8,4.086563348340509,24.8,4.086563348340509,140.2,23.562682360037027,0.5198691576424835,0.022332192032407976,0.5890985454305395,0.036909843846317056,0.5391711521014567,0.011701060729130379
ppdai_imb77,gbdt,least_risky,0.5,6,0.7807679085213436,0.005003403892539539,0.578953981592637,0.0625155141312567,0.0616947103079241,0.008394825260895411,0.15790796318527411,0.1250310282625134,20427.8,51.24158467494934,0.22281888960781981,0.002774497544039175,45.4,2.60768096208106,23.4,3.2093613071762426,23.4,3.2093613071762426,163.6,25.442091109026396,0.5144349439380496,0.05715416547580355,0.5639987670150424,0.06601597735188608,0.5357963802578745,0.0060452527947913465
ppdai_imb77,gbdt,least_risky,0.5,7,0.7837077951205524,0.005884964037963934,0.5695242674594599,0.055911811213846356,0.058673699235833356,0.01075595355825637,0.13904853491891975,0.11182362242769273,23008.6,54.74303608679322,0.22328536330485121,0.0026894060708097084,42.8,4.43846820423443,22.8,3.03315017762062,22.8,3.03315017762062,186.4,25.005999280172748,0.5355746939669082,0.0753662693643826,0.6217339785370088,0.054682164418138904,0.5328136947934153,0.0070817017689229515
ppdai_imb77,gbdt,least_risky,0.5,8,0.7815092778971091,0.008258254253347539,0.5705487761949535,0.053554968956447756,0.056530092643025685,0.00851032362639819,0.14109755238990693,0.10710993791289557,25587.0,55.14979601050197,0.22321247977371778,0.0015947147273188272,45.0,1.870828693386971,26.2,3.3466401061363023,26.2,3.3466401061363023,212.6,23.394443784796422,0.581033004463237,0.058453232299103916,0.6132698463828794,0.03969151227964945,0.5333606298382738,0.005166588609850791
ppdai_imb77,gbdt,least_risky,0.5,9,0.7845098756289289,0.004743330706915084,0.5749937996536135,0.030521648438308176,0.06089524945008652,0.008431776807202331,0.14998759930722705,0.06104329687661643,28165.4,53.50046728767941,0.22374112547841082,0.0014574410173820028,45.4,3.209361307176242,26.0,4.636809247747852,26.0,4.636809247747852,238.6,21.007141642784244,0.5692198581560284,0.0672234417608691,0.5996406974304191,0.04966875973266801,0.5331649551100422,0.0060282287372571495
ppdai_imb77,gbdt,least_risky,0.5,10,0.783908295300959,0.0028222146539790367,0.6050473921564168,0.041574733273666356,0.057221484643698806,0.009143445670264634,0.21009478431283357,0.08314946654733274,30741.0,54.82244066073653,0.2233621727572157,0.0005476289110979929,48.0,1.7320508075688774,26.8,1.9235384061671348,26.8,1.9235384061671348,265.4,20.791825316695984,0.5590529828952857,0.047320544258132764,0.6340949106586968,0.050839329156001825,0.5349693463351023,0.008240086308679293
ppdai_imb77,gbdt,least_risky,0.75,0,0.7802,0.016422545478700958,0.5584332838528782,0.08551997834960536,0.11419965219275068,0.02674432059124414,0.11686656770575624,0.17103995669921065,5000.0,0.0,0.2304,0.0044068129073061395,0.0,0.0,0.0,0.0,0.0,0.0,0.0,0.0,0.0,0.0,0.0,0.0,0.0,0.0
ppdai_imb77,gbdt,least_risky,0.75,1,0.7795497198770308,0.007227109556835206,0.582886181797486,0.0325112450776318,0.09493976967911996,0.025701659957981952,0.16577236359497202,0.06502249015526353,7594.2,8.584870412533858,0.22896420388613287,0.0013776102043982672,88.0,26.06722079547415,48.0,17.175564037317667,48.0,17.175564037317667,48.0,17.175564037317667,0.5386283035643272,0.05470895389808678,0.5482340164029915,0.05092973150658226,0.5746491354175941,0.012075046028109536
ppdai_imb77,gbdt,least_risky,0.75,2,0.783406401580022,0.014681029844310413,0.5425067286357609,0.032615026656980586,0.09653462981070324,0.01993941261779707,0.08501345727152179,0.0652300533139611,10190.8,14.41180072024283,0.22781307460363737,0.0033342849490767255,81.4,17.615334229017627,43.8,6.978538528947161,43.8,6.978538528947161,91.8,23.552069972722144,0.5442403656546739,0.048885641304513325,0.589659114425024,0.03896779993225775,0.5737077658883785,0.021436878009697402
ppdai_imb77,gbdt,least_risky,0.75,3,0.7759860460472133,0.008107641517569843,0.5642806710198014,0.049968971556127305,0.08178640085439368,0.01997010162031395,0.12856134203960293,0.09993794311225472,12787.0,19.53202498462471,0.22636723312198342,0.003988038984832441,82.4,20.107212636265622,47.2,4.969909455915671,47.2,4.969909455915671,139.0,27.83882181415011,0.591553802910159,0.10060815854281138,0.6057931268683202,0.05744536648452912,0.5696803426133977,0.012975309013153859
ppdai_imb77,gbdt,least_risky,0.75,4,0.7851035306105597,0.011755486296929813,0.6175256932609874,0.03410206306134776,0.09409861759764379,0.011764809434678884,0.23505138652197477,0.06820412612269554,15385.2,22.99347733597535,0.22625323393466887,0.0030640942772344206,75.2,11.64903429473877,43.0,4.69041575982343,43.0,4.69041575982343,182.0,29.588849251026982,0.5788346984959205,0.07144892689718121,0.6093783267733421,0.06141736404576431,0.5659579238355094,0.006404541381364266
ppdai_imb77,gbdt,least_risky,0.75,5,0.7832199303926775,0.00719587780565088,0.5843119234312356,0.015295424938207841,0.0868975724349976,0.010213602675179647,0.16862384686247117,0.03059084987641574,17983.6,26.69831455354421,0.22602605234143452,0.0020809723991095886,75.0,17.24818831066034,40.6,7.797435475847171,40.6,7.797435475847171,222.6,34.67419789987939,0.546787017494489,0.05559869037001406,0.5757263186786646,0.04094221993929181,0.5641135458562966,0.011511294502045051
ppdai_imb77,gbdt,least_risky,0.75,6,0.7806201260483648,0.009987133455281402,0.5604589196859566,0.04553651096784331,0.08041225434734267,0.008067214139172227,0.12091783937191332,0.09107302193568664,20583.4,27.42808779335534,0.22567454907108625,0.0025874379478964607,71.4,4.159326868617086,40.8,5.932958789676531,40.8,5.932958789676531,263.4,37.36709782683156,0.569804913832708,0.06193511401475714,0.5904782965062669,0.07621736300771732,0.554447893091817,0.009980650168476275
ppdai_imb77,gbdt,least_risky,0.75,7,0.7802916525012404,0.004399053564851789,0.6311267427793539,0.026413472015357486,0.0733272201321111,0.007074222771431712,0.2622534855587078,0.05282694403071493,23182.0,28.186876378910807,0.22619037178965146,0.0024628101385281544,73.8,2.683281572999748,42.8,8.105553651663778,42.8,8.105553651663778,306.2,33.94407164734367,0.5794871794871794,0.10657713975925442,0.6107968960863698,0.0834056427362932,0.554659550160485,0.007888176019770345
ppdai_imb77,gbdt,least_risky,0.75,8,0.7812226296151346,0.007210522049026981,0.6174434929202091,0.035376176884636776,0.0792743180845581,0.00697360570921593,0.2348869858404182,0.07075235376927362,25782.4,28.54470178509508,0.2262074921032892,0.0014333145225501288,69.2,6.180614856144977,42.8,5.06951674225463,42.8,5.06951674225463,349.0,35.04996433664377,0.6191384134990692,0.06349676149761946,0.6176195378811032,0.04830033414097979,0.5575284200704724,0.004379902513974988
ppdai_imb77,gbdt,least_risky,0.75,9,0.78390936833245,0.004893568948406267,0.5828185495486455,0.01863273117206109,0.08107323938837635,0.009672049503703888,0.16563709909729124,0.0372654623441222,28383.6,29.082640870457247,0.2267570048587372,0.0013697286181597783,67.6,6.6558245169174945,42.0,4.743416490252569,42.0,4.743416490252569,391.0,33.045423283716616,0.6223950703950705,0.05486468256026179,0.6330252941906452,0.03201897158622301,0.5544752091337728,0.005246275111825052
ppdai_imb77,gbdt,least_risky,0.75,10,0.7836230541114235,0.005917146255390149,0.6175402773491332,0.032337652246947804,0.0832058682352755,0.007989715521637185,0.23508055469826653,0.06467530449389555,30981.2,28.428858577157445,0.22647248298240652,0.0004718465569787891,77.2,7.328028384224504,49.2,5.974947698515863,49.2,5.974947698515863,440.2,32.59907974161234,0.6371986610460281,0.04563606073698528,0.6567820811299319,0.04396391449467986,0.5525227189927794,0.005614611340925204
ppdai_imb77,gbdt,least_risky,1.0,0,0.7802,0.016422545478700958,0.5584332838528782,0.08551997834960536,0.11419965219275068,0.02674432059124414,0.11686656770575624,0.17103995669921065,5000.0,0.0,0.2304,0.0044068129073061395,0.0,0.0,0.0,0.0,0.0,0.0,0.0,0.0,0.0,0.0,0.0,0.0,0.0,0.0
ppdai_imb77,gbdt,least_risky,1.0,1,0.7775737704918033,0.009873154119404804,0.5741663310303519,0.058345240230683694,0.09656221094614996,0.01722219089077911,0.14833266206070367,0.11669048046136735,7623.0,0.0,0.2303030303030303,0.0014086034050159772,116.8,34.643902782452216,64.8,22.753021777337622,64.8,22.753021777337622,64.8,22.753021777337622,0.5482340164029915,0.05092973150658226,0.5482340164029915,0.05092973150658226,0.6181371211231534,0.011080337660603859
ppdai_imb77,gbdt,least_risky,1.0,2,0.7847804878048781,0.008897593067978084,0.5565986108882052,0.0198831947475819,0.10889363037388752,0.012411224816885292,0.11319722177641026,0.039766389495163756,10246.0,0.0,0.23009955104430996,0.003270369700341112,103.8,21.924871721403523,61.4,9.633275663033837,61.4,9.633275663033837,126.2,32.22886904624485,0.5973390753621948,0.037722174803039424,0.5973390753621948,0.037722174803039424,0.6202110430876427,0.023431745905931944
ppdai_imb77,gbdt,least_risky,1.0,3,0.7763791763791763,0.006434345264015313,0.5837444639149982,0.032803850094579694,0.09785663795452529,0.016764550642846723,0.1674889278299964,0.06560770018915942,12869.0,0.0,0.22910871085554435,0.003332133912938408,115.6,24.337214302380627,67.0,13.564659966250534,67.0,13.564659966250534,193.2,45.12981276274033,0.5815017345362172,0.032241366622102946,0.5815017345362172,0.032241366622102946,0.6034363896576257,0.013819920231326397
ppdai_imb77,gbdt,least_risky,1.0,4,0.7783801226202001,0.009133745241015422,0.5930838293043296,0.035954418984094814,0.09956092624362348,0.009425145826428085,0.1861676586086593,0.07190883796818966,15492.0,0.0,0.22929253808417246,0.0023980792056543924,106.0,11.335784048754634,63.6,7.6681158050723255,63.6,7.6681158050723255,256.8,47.049973432511095,0.6009028365541168,0.04519647422978234,0.6009028365541168,0.04519647422978234,0.600611767854698,0.013849351342155536
ppdai_imb77,gbdt,least_risky,1.0,5,0.783163124482473,0.003916098017695047,0.6289674363521895,0.02625727058105202,0.10435215863972284,0.012592470568634573,0.2579348727043792,0.052514541162103974,18115.0,0.0,0.22922439966878277,0.0014001302455944821,101.2,14.446452851824906,57.8,9.01110426085505,57.8,9.01110426085505,314.6,52.07014499691737,0.5703868941361432,0.013162195643127761,0.5703868941361432,0.013162195643127761,0.6012897648997867,0.016659470463535414
ppdai_imb77,gbdt,least_risky,1.0,6,0.7795564127290261,0.011953048807782767,0.6007001434065041,0.04001521442298597,0.09942638331182048,0.009024523509487974,0.2014002868130083,0.08003042884597202,20738.0,0.0,0.22895168290095474,0.001961105160349382,92.2,10.89495295997188,55.2,8.757853618324527,55.2,8.757853618324527,369.8,53.34510286802341,0.5985163102572586,0.0646788743867093,0.5985163102572586,0.0646788743867093,0.5971702411195343,0.010613375448274044
ppdai_imb77,gbdt,least_risky,1.0,7,0.7805264284185748,0.007875201200163025,0.6039983354760973,0.054045032884227746,0.09692059827095041,0.01302228634573563,0.20799667095219462,0.10809006576845542,23361.0,0.0,0.22959633577329738,0.0018147585773149544,94.8,11.166915420114904,60.8,5.585696017507577,60.8,5.585696017507577,430.6,56.49159229478312,0.64440006635646,0.04724542467143827,0.64440006635646,0.04724542467143827,0.5951988651117877,0.01015744704317264
ppdai_imb77,gbdt,least_risky,1.0,8,0.7806426784683471,0.006322059902230765,0.600926879765692,0.036789921003067175,0.09946255983991684,0.005658795942880453,0.20185375953138412,0.07357984200613438,25984.0,0.0,0.22961052955665023,0.001039243513304811,95.0,5.656854249492381,58.8,6.942621983083912,58.8,6.942621983083912,489.4,56.36754385282367,0.6175472360163157,0.042359404399504016,0.6175472360163157,0.042359404399504016,0.5969535289067108,0.013267885252756977
ppdai_imb77,gbdt,least_risky,1.0,9,0.7806710940230689,0.0034179670072715307,0.6244784918956015,0.027997913755574786,0.10216793222127993,0.0037915471834571936,0.2489569837912029,0.055995827511149524,28607.0,0.0,0.2301814241269619,0.0010891061209080829,97.6,9.787747442593725,56.6,6.6932802122726045,56.6,6.6932802122726045,546.0,57.28437832428664,0.5799986240582234,0.03697295069849421,0.5799986240582234,0.03697295069849421,0.5954491073111099,0.012050115552854646
ppdai_imb77,gbdt,least_risky,1.0,10,0.7856227985910983,0.0020565534067667457,0.6384416020327789,0.04019383173087682,0.09829777007451626,0.009217906928029766,0.2768832040655577,0.08038766346175356,31230.0,0.0,0.23000320204931154,0.0,100.8,5.21536192416212,66.4,6.228964600958977,66.4,6.228964600958977,612.4,51.66526879829427,0.6576424776564511,0.027990788767563196,0.6576424776564511,0.027990788767563196,0.5943892973579871,0.006768593932008138
ppdai_imb77,gbdt,most_risky,0.0,0,0.7802,0.016422545478700958,0.5584332838528782,0.08551997834960536,0.11419965219275068,0.02674432059124414,0.11686656770575624,0.17103995669921065,5000.0,0.0,0.2304,0.0044068129073061395,0.0,0.0,0.0,0.0,0.0,0.0,0.0,0.0,0.0,0.0,0.0,0.0,0.0,0.0
ppdai_imb77,gbdt,most_risky,0.0,1,0.7749018971614764,0.013732824819628446,0.5796426889146142,0.07382678277455397,0.08271497161853283,0.015939167169774046,0.1592853778292284,0.147653565549108,7506.2,34.64390278245222,0.2252484590342577,0.002257110093165893,0.0,0.0,0.0,0.0,0.0,0.0,0.0,0.0,0.0,0.0,0.0,0.0,0.0,0.0
ppdai_imb77,gbdt,most_risky,0.0,2,0.7925486041208949,0.004525151150224091,0.5993545077880377,0.0724081811457945,0.07832966637052378,0.008808857878901791,0.19870901557607548,0.1448163622915889,10015.6,58.2434545678742,0.2221865600156483,0.003556575141610255,0.0,0.0,0.0,0.0,0.0,0.0,0.0,0.0,0.0,0.0,0.0,0.0,0.0,0.0
ppdai_imb77,gbdt,most_risky,0.0,3,0.7814374255571298,0.008502374088518304,0.5324664602683178,0.021510016849579414,0.05726890790540553,0.011205116584701195,0.06493292053663571,0.04302003369915884,12529.0,81.25269226308765,0.22007934171208593,0.0047616568536149526,0.0,0.0,0.0,0.0,0.0,0.0,0.0,0.0,0.0,0.0,0.0,0.0,0.0,0.0
ppdai_imb77,gbdt,most_risky,0.0,4,0.7870943453375684,0.007380310086488644,0.5701937602627257,0.025538994897079448,0.061559651509110594,0.008675221041587841,0.14038752052545156,0.05107798979415895,15049.6,103.20998013758188,0.21957461007555992,0.004213947986379136,0.0,0.0,0.0,0.0,0.0,0.0,0.0,0.0,0.0,0.0,0.0,0.0,0.0,0.0
ppdai_imb77,gbdt,most_risky,0.0,5,0.7835095042299104,0.010001635684965062,0.574134695619555,0.017269196746335355,0.04928879275743667,0.007745085076490493,0.14826939123911012,0.034538393492670696,17569.8,118.07497618039126,0.21892973553004103,0.003093248634428868,0.0,0.0,0.0,0.0,0.0,0.0,0.0,0.0,0.0,0.0,0.0,0.0,0.0,0.0
ppdai_imb77,gbdt,most_risky,0.0,6,0.7832543383789088,0.0063110890746331735,0.5510282568103176,0.03140736409928018,0.04353089653321541,0.006197434727807875,0.1020565136206352,0.06281472819856038,20100.6,128.74509699402122,0.2183266275506265,0.0034992655465475313,0.0,0.0,0.0,0.0,0.0,0.0,0.0,0.0,0.0,0.0,0.0,0.0,0.0,0.0
ppdai_imb77,gbdt,most_risky,0.0,7,0.784996050636104,0.003927121331773294,0.5777246696567978,0.0821837095350347,0.03902883760226703,0.00450164991610309,0.1554493393135956,0.16436741907006946,22638.6,136.90617224946405,0.21857460745535134,0.003536852540925366,0.0,0.0,0.0,0.0,0.0,0.0,0.0,0.0,0.0,0.0,0.0,0.0,0.0,0.0
ppdai_imb77,gbdt,most_risky,0.0,8,0.7864062224609649,0.007338211556890445,0.6006039608571895,0.04240316131822306,0.039566567199800486,0.004267367079862483,0.2012079217143789,0.08480632263644602,25172.6,143.4879785905423,0.2183384896414886,0.0023151557570666058,0.0,0.0,0.0,0.0,0.0,0.0,0.0,0.0,0.0,0.0,0.0,0.0,0.0,0.0
ppdai_imb77,gbdt,most_risky,0.0,9,0.7860164892455619,0.007251980761723283,0.575495465204203,0.06311646325929265,0.04157656748572465,0.006097160601930474,0.15099093040840614,0.12623292651858528,27710.2,151.21078003899038,0.2188210060997792,0.0020712883031767416,0.0,0.0,0.0,0.0,0.0,0.0,0.0,0.0,0.0,0.0,0.0,0.0,0.0,0.0
ppdai_imb77,gbdt,most_risky,0.0,10,0.785085769820926,0.004658273224270951,0.5640311318109386,0.05849016284969147,0.0364045360607972,0.005297389334377673,0.12806226362187706,0.11698032569938288,30235.6,159.93998874577903,0.21833959081584803,0.0013445265190952355,0.0,0.0,0.0,0.0,0.0,0.0,0.0,0.0,0.0,0.0,0.0,0.0,0.0,0.0
ppdai_imb77,gbdt,most_risky,0.01,0,0.7802,0.016422545478700958,0.5584332838528782,0.08551997834960536,0.11419965219275068,0.02674432059124414,0.11686656770575624,0.17103995669921065,5000.0,0.0,0.2304,0.0044068129073061395,0.0,0.0,0.0,0.0,0.0,0.0,0.0,0.0,0.0,0.0,0.0,0.0,0.0,0.0
ppdai_imb77,gbdt,most_risky,0.01,1,0.7818910399899068,0.009439667542532778,0.5769568869909967,0.05439628337810219,0.09027539111248664,0.02203226158134073,0.1539137739819933,0.1087925667562044,7507.8,34.20818615477884,0.22538726210377874,0.0022441948193949366,1.6,0.5477225575051661,1.4,0.8944271909999159,1.4,0.8944271909999159,1.4,0.8944271909999159,0.8,0.4472135954999579,0.5482340164029915,0.05092973150658226,0.8926934604369464,0.023241153631001894
ppdai_imb77,gbdt,most_risky,0.01,2,0.7907409600745111,0.012136485398561334,0.5780493459181983,0.04890518429706007,0.07249170498165904,0.008738681089366025,0.15609869183639674,0.09781036859412019,10013.2,59.20895202585515,0.22229764814349892,0.004135114509044442,1.6,0.5477225575051661,1.2,0.4472135954999579,1.2,0.4472135954999579,2.6,1.140175425099138,0.8,0.2738612787525831,0.5885005969294952,0.034120935634843065,0.9021129217469008,0.023661852469725263
ppdai_imb77,gbdt,most_risky,0.01,3,0.7861579465802417,0.00567638201754652,0.5847199784716631,0.0652177948037676,0.061191091583713796,0.006717415975809107,0.1694399569433262,0.1304355896075352,12528.2,80.80037128627579,0.2199645395098858,0.004941618021803532,1.8,0.4472135954999579,1.2,0.8366600265340756,1.2,0.8366600265340756,3.8,0.8366600265340757,0.7,0.4472135954999579,0.5698488496940509,0.03798688904693218,0.8367056119370149,0.03850093449900318
ppdai_imb77,gbdt,most_risky,0.01,4,0.7869956192420283,0.008778909920229071,0.618530259818826,0.04240762746901839,0.05725704418873319,0.0062002711873055845,0.23706051963765212,0.08481525493803672,15046.4,97.39763857506996,0.21934380427720548,0.004080202549640503,1.6,0.5477225575051661,0.8,0.8366600265340756,0.8,0.8366600265340756,4.6,1.140175425099138,0.5,0.5,0.566773253363662,0.04530131385150973,0.8455797191985235,0.029156399654805935
ppdai_imb77,gbdt,most_risky,0.01,5,0.785343722533902,0.008916739596461621,0.5841267066267066,0.047066527509197015,0.053278104728897824,0.007731685026249961,0.16825341325341325,0.09413305501839395,17579.8,110.45904218306455,0.21886284710823717,0.0031218493285509927,1.2,0.4472135954999579,0.8,0.8366600265340756,0.8,0.8366600265340756,5.4,1.949358868961793,0.6,0.5477225575051661,0.5920106675335796,0.0325335061137914,0.8239474119342104,0.021264845919419677
ppdai_imb77,gbdt,most_risky,0.01,6,0.780923195029681,0.009634185212298757,0.5923284907183213,0.0463260918615715,0.04329848014583173,0.0035815275809447868,0.18465698143664244,0.09265218372314295,20111.2,117.92667213145677,0.21834173021506337,0.00348333732587155,1.2,0.4472135954999579,1.0,0.0,1.0,0.0,6.4,1.949358868961793,0.9,0.22360679774997896,0.5683174075989375,0.06899024048064892,0.8299180459051616,0.0486172190813433
ppdai_imb77,gbdt,most_risky,0.01,7,0.7836932608664366,0.0056157334009007106,0.592024552024552,0.05784202111941168,0.041681573306444994,0.008295996687768079,0.18404910404910405,0.11568404223882338,22652.6,129.26058950817085,0.21875778233639337,0.003596732028435529,1.0,0.0,0.8,0.4472135954999579,0.8,0.4472135954999579,7.2,1.6431676725154984,0.8,0.4472135954999579,0.6328987064417981,0.05250302187661819,0.8078717286700643,0.02285535630540855
ppdai_imb77,gbdt,most_risky,0.01,8,0.7894416318263247,0.008142948563732013,0.6129794577859593,0.05622514342390682,0.039552606794483615,0.007965723377869782,0.22595891557191866,0.11245028684781354,25184.2,125.39816585580523,0.21847776857577567,0.002237826202261217,1.2,0.4472135954999579,0.6,0.5477225575051661,0.6,0.5477225575051661,7.8,1.7888543819998317,0.5,0.5,0.6100242408320985,0.02713483525615616,0.8365982483790628,0.00994219418719374
ppdai_imb77,gbdt,most_risky,0.01,9,0.7891412345028876,0.007884202573228237,0.6003701537547323,0.03822471628401142,0.04219329093597682,0.006200385685753624,0.20074030750946484,0.07644943256802281,27719.2,130.03730234052088,0.21886706437666162,0.0021535011157925777,1.2,0.4472135954999579,0.6,0.5477225575051661,0.6,0.5477225575051661,8.4,1.51657508881031,0.5,0.5,0.6092612640661133,0.06037651604272854,0.8253151255026772,0.03690022362331446
ppdai_imb77,gbdt,most_risky,0.01,10,0.7857371343677959,0.00444513194255708,0.6176501939327844,0.054133171214249855,0.03714184387318982,0.003265840726729914,0.2353003878655687,0.1082663424284997,30248.8,135.42784056463412,0.2184179106916757,0.0011819466205326477,1.2,0.4472135954999579,0.6,0.8944271909999159,0.6,0.8944271909999159,9.0,2.1213203435596424,0.4,0.5477225575051662,0.6286844220446799,0.06730602892788919,0.8200588104899202,0.032321697444131145
ppdai_imb77,gbdt,most_risky,0.02,0,0.7802,0.016422545478700958,0.5584332838528782,0.08551997834960536,0.11419965219275068,0.02674432059124414,0.11686656770575624,0.17103995669921065,5000.0,0.0,0.2304,0.0044068129073061395,0.0,0.0,0.0,0.0,0.0,0.0,0.0,0.0,0.0,0.0,0.0,0.0,0.0,0.0
ppdai_imb77,gbdt,most_risky,0.02,1,0.7773591236739937,0.0127441419241355,0.5606116595312483,0.06422406342707858,0.08092175504601148,0.016779634273590915,0.12122331906249662,0.12844812685415713,7509.0,33.830459648074545,0.22548471113694277,0.0021757314737087326,2.8,0.8366600265340756,2.4,1.3416407864998738,2.4,1.3416407864998738,2.4,1.3416407864998738,0.8,0.27386127875258304,0.5482340164029915,0.05092973150658226,0.8781374633414144,0.012209492996583504
ppdai_imb77,gbdt,most_risky,0.02,2,0.7841157882088022,0.007217045038840992,0.5841592502424816,0.0445811802706408,0.06671435750500257,0.005992534260834589,0.16831850048496316,0.08916236054128163,10018.6,54.46374941187968,0.2223788561666012,0.004029766283390069,2.8,0.447213595499958,2.0,1.0,2.0,1.0,4.4,1.6733200530681511,0.7,0.2981423969999719,0.597915021882058,0.0176622131152091,0.8525986180777139,0.02887829136454995
ppdai_imb77,gbdt,most_risky,0.02,3,0.7897038157110153,0.008703083344485026,0.5930897060967997,0.06113984962449982,0.05969267766168286,0.008940729635096742,0.18617941219359926,0.12227969924899969,12544.0,71.3021738799034,0.22036006283280596,0.0049196186780504185,2.6,0.5477225575051661,2.2,0.8366600265340756,2.2,0.8366600265340756,6.6,1.5165750888103102,0.8333333333333334,0.23570226039551584,0.5664096547709992,0.02553897624384431,0.8404517493318892,0.028230782815950033
ppdai_imb77,gbdt,most_risky,0.02,4,0.7861294995929514,0.010669621326587329,0.5835919471632052,0.10337578982306025,0.05701857446558216,0.01066869280873274,0.16718389432641043,0.20675157964612054,15073.0,90.55109055113583,0.21986003066750515,0.004030860023426749,2.2,0.44721359549995787,1.8,0.8366600265340756,1.8,0.8366600265340756,8.4,2.1908902300206647,0.8,0.27386127875258304,0.583058056590035,0.049874484450180105,0.8491182415094725,0.038761942047829144
ppdai_imb77,gbdt,most_risky,0.02,5,0.7888378422483882,0.005247219540544635,0.5862376298299927,0.05573802831829497,0.05686984736236047,0.00441343603109483,0.17247525965998542,0.11147605663658995,17609.0,99.07825190222121,0.21953562772769458,0.002951175373073583,2.2,0.44721359549995787,1.4,0.5477225575051662,1.4,0.5477225575051662,9.8,2.588435821108957,0.6333333333333333,0.2173067468400883,0.5586394868656426,0.018009716611556016,0.8364160872513329,0.011982025136915257
ppdai_imb77,gbdt,most_risky,0.02,6,0.7862304261671452,0.006145620017791361,0.6191060606060607,0.05567894241182368,0.05451772062038605,0.007049678001520436,0.23821212121212118,0.11135788482364728,20144.4,105.43623665514623,0.2190363642146404,0.0032891364662833568,2.2,0.4472135954999579,1.6,0.5477225575051661,1.6,0.5477225575051661,11.4,2.6076809620810595,0.7666666666666666,0.32489314482696546,0.5595508254093113,0.08611635945558935,0.8258311655951249,0.03629646600432321
ppdai_imb77,gbdt,most_risky,0.02,7,0.7871827308216495,0.004400077791885525,0.5900270989231268,0.09242059106542966,0.04808153817854276,0.003610010081252321,0.18005419784625354,0.18484118213085932,22684.4,111.80697652651203,0.21942447025160083,0.0032279926340776843,2.2,0.44721359549995787,1.8,0.4472135954999579,1.8,0.4472135954999579,13.2,2.5884358211089573,0.8333333333333334,0.23570226039551584,0.6164433103736605,0.04836546464564559,0.8100491152249256,0.044416944982939355
ppdai_imb77,gbdt,most_risky,0.02,8,0.7841567534896484,0.006212328617224364,0.5894796025230808,0.05831026526029414,0.04087194971647571,0.0036238189765568046,0.17895920504616156,0.11662053052058831,25216.2,111.00990946757878,0.21905873419839642,0.0020344884381587563,2.2,0.447213595499958,1.8,0.8366600265340756,1.8,0.8366600265340756,15.0,1.8708286933869707,0.8,0.2738612787525831,0.6223223854409576,0.04634140737199874,0.8103772837500969,0.044427115008937375
ppdai_imb77,gbdt,most_risky,0.02,9,0.7917410628433144,0.003286232523950586,0.6062745896079229,0.024292025560475824,0.045672949420409795,0.006843455348262607,0.2125491792158459,0.048584051120951634,27756.6,112.20204989214757,0.21946812697009727,0.0017567947703805821,2.0,0.0,1.2,0.8366600265340756,1.2,0.8366600265340756,16.2,1.3038404810405297,0.6,0.4183300132670378,0.6173249950752531,0.052265583543538253,0.8240589925536872,0.03348047090225864
ppdai_imb77,gbdt,most_risky,0.02,10,0.786532546839293,0.003069614371410228,0.5539111473735943,0.0589271904758655,0.03867853154165611,0.003987481852949844,0.10782229474718848,0.11785438095173094,30283.2,115.77650884354773,0.21890441151963866,0.0008713685422126171,2.4,0.5477225575051662,1.4,0.8944271909999159,1.4,0.8944271909999159,17.6,2.073644135332772,0.5666666666666667,0.3651483716701107,0.6321916877756744,0.058747599790447254,0.8253409539272674,0.03995547622202394
ppdai_imb77,gbdt,most_risky,0.05,0,0.7802,0.016422545478700958,0.5584332838528782,0.08551997834960536,0.11419965219275068,0.02674432059124414,0.11686656770575624,0.17103995669921065,5000.0,0.0,0.2304,0.0044068129073061395,0.0,0.0,0.0,0.0,0.0,0.0,0.0,0.0,0.0,0.0,0.0,0.0,0.0,0.0
ppdai_imb77,gbdt,most_risky,0.05,1,0.7869218020812503,0.012098483045815686,0.5353610318794307,0.06175654019708341,0.08216871441193949,0.021581007745049882,0.07072206375886139,0.12351308039416677,7512.6,32.97423236407486,0.22556287478737005,0.002144447067590724,6.4,1.6733200530681511,3.8,1.4832396974191326,3.8,1.4832396974191326,3.8,1.4832396974191326,0.5936507936507937,0.18341405492894333,0.5482340164029915,0.05092973150658226,0.8487993647510169,0.013242307157979874
ppdai_imb77,gbdt,most_risky,0.05,2,0.7960074559733649,0.010184528059054133,0.5633808478497053,0.04562061821892757,0.07527103960938081,0.01246272304386264,0.12676169569941087,0.09124123643785528,10026.4,51.99807688751585,0.2228427736488547,0.0038578334139442974,6.4,1.51657508881031,4.8,1.0954451150103324,4.8,1.0954451150103324,8.6,2.3021728866442674,0.7559523809523809,0.09373818897633107,0.5886010854197183,0.04964238430591716,0.8359090874739348,0.02488466715465239
ppdai_imb77,gbdt,most_risky,0.05,3,0.7860665028327426,0.008356594560558126,0.5455279946557837,0.03371719829040781,0.06255081935497711,0.009639459882950032,0.09105598931156741,0.06743439658081563,12542.0,69.48740893140265,0.22034660464581107,0.004693513307273695,6.2,0.8366600265340756,4.0,2.449489742783178,4.0,2.449489742783178,12.6,4.505552130427524,0.6161904761904762,0.3381220646634066,0.5744358565688563,0.023758138957820734,0.795943606141764,0.03470226269098157
ppdai_imb77,gbdt,most_risky,0.05,4,0.7854483110390084,0.009010836561705362,0.596663723361577,0.06572810350201029,0.062031012277657005,0.008888828076109075,0.1933274467231539,0.13145620700402058,15070.2,87.09305368397638,0.2200346262673413,0.0039715188011056925,5.4,0.8944271909999159,4.4,1.1401754250991378,4.4,1.1401754250991378,17.0,5.1478150704935,0.8099999999999999,0.12337837015547831,0.557723442124597,0.05623791422339165,0.8164405383714988,0.042111037496557466
ppdai_imb77,gbdt,most_risky,0.05,5,0.7870429429344632,0.008481617795051055,0.5520340313322769,0.032092961411954675,0.05617719239081979,0.009042066841654645,0.1040680626645539,0.06418592282390935,17602.2,98.25833297995659,0.21967732435661785,0.0028851510674426854,5.2,0.44721359549995787,4.0,1.8708286933869707,4.0,1.8708286933869707,21.0,5.787918451395113,0.76,0.32863353450309973,0.5550792784248879,0.03093867780279944,0.806869375680922,0.035150484013904644
ppdai_imb77,gbdt,most_risky,0.05,6,0.7851104178978456,0.008806777426281576,0.5646605043865318,0.02436793145363601,0.049417540008043666,0.004775862971087594,0.12932100877306357,0.048735862907272026,20136.8,105.94904435623747,0.21916758403884556,0.003505093210903793,5.0,0.7071067811865476,3.0,1.0,3.0,1.0,24.0,5.916079783099616,0.62,0.2683281572999748,0.5560327780035216,0.07882334684217286,0.7885063446436089,0.03527229342308354
ppdai_imb77,gbdt,most_risky,0.05,7,0.7853139361582993,0.002084915778516681,0.5719731463256986,0.01747316291677584,0.04726443656971696,0.006934856756242793,0.14394629265139713,0.03494632583355167,22680.8,108.57117481173371,0.21960936915437115,0.003316367895664192,4.8,0.44721359549995804,3.2,0.8366600265340756,3.2,0.8366600265340756,27.2,5.449770637375485,0.67,0.1717556403731767,0.613343502948487,0.06999006014346515,0.7987208657166935,0.021633835226074576
ppdai_imb77,gbdt,most_risky,0.05,8,0.7837603545278825,0.0040811130687972595,0.593335208858674,0.04130853231543968,0.04432298784524905,0.007619283974107867,0.186670417717348,0.08261706463087937,25214.8,107.07800894674891,0.21930920114869829,0.002025552685176444,5.2,0.44721359549995787,2.6,0.5477225575051661,2.6,0.5477225575051661,29.8,5.630275304103699,0.5,0.09999999999999998,0.598585818969949,0.027689485793406802,0.7876616900558135,0.021928924293566736
ppdai_imb77,gbdt,most_risky,0.05,9,0.7850575832056018,0.003952802953011787,0.5856730999712886,0.05035962245609183,0.04131320650230893,0.008033844726346011,0.17134619994257702,0.10071924491218372,27757.4,110.46175808849019,0.21971260657174718,0.0019943720182608476,4.8,0.44721359549995787,3.0,1.224744871391589,3.0,1.224744871391589,32.8,5.21536192416212,0.63,0.25396850198400583,0.6167210546232987,0.056659886178980816,0.7873679500053915,0.015824444617325146
ppdai_imb77,gbdt,most_risky,0.05,10,0.7871499060637623,0.0037531603889788814,0.5811398258324455,0.02039930735507825,0.04149672294280609,0.0030065780133559316,0.162279651664891,0.04079861471015645,30294.4,115.47423955151201,0.2193839958671485,0.0010516566592795279,5.0,0.7071067811865475,3.8,0.8366600265340756,3.8,0.8366600265340756,36.6,5.683308895353129,0.7666666666666667,0.16996731711975954,0.6068797112292125,0.07253209198068031,0.78211460576784,0.04174648543058695
ppdai_imb77,gbdt,most_risky,0.1,0,0.7802,0.016422545478700958,0.5584332838528782,0.08551997834960536,0.11419965219275068,0.02674432059124414,0.11686656770575624,0.17103995669921065,5000.0,0.0,0.2304,0.0044068129073061395,0.0,0.0,0.0,0.0,0.0,0.0,0.0,0.0,0.0,0.0,0.0,0.0,0.0,0.0
ppdai_imb77,gbdt,most_risky,0.1,1,0.7843369372048808,0.008435931383567498,0.5429741144072617,0.04739082875131626,0.08893135077719312,0.019889005410241047,0.08594822881452355,0.09478165750263258,7518.4,31.24579971772192,0.22586848184164193,0.002052601172054198,12.2,3.4205262752974144,7.4,2.8809720581775866,7.4,2.8809720581775866,7.4,2.8809720581775866,0.5970121381886088,0.1101523773186448,0.5482340164029915,0.05092973150658226,0.8147687958876645,0.01459289256588802
ppdai_imb77,gbdt,most_risky,0.1,2,0.7888583621050802,0.011073468869455382,0.5798332869812428,0.03453091747138981,0.08573677191441073,0.013065081698626154,0.1596665739624857,0.06906183494277957,10042.2,55.31907446803527,0.22350932028743772,0.003782179691821938,11.4,3.1304951684997055,8.4,1.816590212458495,8.4,1.816590212458495,15.8,4.54972526643093,0.7472222222222222,0.07632573146685603,0.5917200953140512,0.055937345501563845,0.7964339420295854,0.028004467096623815
ppdai_imb77,gbdt,most_risky,0.1,3,0.7845209099961682,0.012884078689950017,0.5856529183557088,0.03795500767529148,0.06501891525036102,0.012607596533445084,0.1713058367114175,0.07591001535058294,12567.2,72.60303023979107,0.22117972703407912,0.004588037325895378,11.4,2.302172886644268,7.6,2.6076809620810595,7.6,2.6076809620810595,23.4,6.767569726275452,0.6591658341658342,0.1439668737143552,0.5813966643817133,0.035203612547437986,0.7844896373838439,0.021991277889273714
ppdai_imb77,gbdt,most_risky,0.1,4,0.7816147282378864,0.004785218845501698,0.560573696074212,0.06480505524084194,0.06138918641367801,0.004665963927257543,0.12114739214842414,0.12961011048168386,15108.2,87.66242068298165,0.220873526247951,0.0038300454690308053,9.6,2.1908902300206643,7.4,2.701851217221259,7.4,2.701851217221259,30.8,8.78635305459552,0.7464646464646465,0.15303947033914334,0.5894071525796647,0.0704386495647112,0.7805312543976528,0.03432321027132261
ppdai_imb77,gbdt,most_risky,0.1,5,0.7865410457497505,0.005248299861224128,0.5894417729525456,0.04416952985442291,0.06311404177541695,0.007392109339083295,0.1788835459050913,0.0883390597088458,17644.0,95.35460135724998,0.22038277177873247,0.002694932107722878,10.4,1.51657508881031,6.4,2.1908902300206643,6.4,2.1908902300206643,37.2,10.568822072492278,0.604957264957265,0.12297508844998907,0.56572759259897,0.03173088927678919,0.7878243199967804,0.027396333451021163
ppdai_imb77,gbdt,most_risky,0.1,6,0.7826547600565499,0.007132169185643839,0.5586634666979265,0.028111186855524464,0.05321328721619138,0.002642137159967117,0.1173269333958531,0.056222373711048976,20180.8,100.89945490437454,0.21982280048735356,0.003078880500646283,10.0,1.2247448713915892,7.0,1.5811388300841898,7.0,1.5811388300841898,44.2,10.940749517286282,0.7013636363636364,0.1445247269300824,0.5663752051440717,0.07160033126653842,0.7371061111583137,0.02873452157256158
ppdai_imb77,gbdt,most_risky,0.1,7,0.7882207775722023,0.008101093774778642,0.6171324182877457,0.05454038429235278,0.05136598306552177,0.005661838112057529,0.23426483657549127,0.1090807685847055,22730.0,102.97572529484833,0.22030634440963323,0.002976740978656161,8.8,0.8366600265340753,6.6,1.6733200530681511,6.6,1.6733200530681511,50.8,10.686440005914038,0.7461111111111112,0.1633890683440021,0.6161333317877801,0.06056756108859899,0.762211579658595,0.03483809004830829
ppdai_imb77,gbdt,most_risky,0.1,8,0.7865424587902146,0.004563725406818857,0.6494566546990322,0.06144364004673315,0.05201001924594014,0.005498776871402194,0.29891330939806443,0.12288728009346632,25270.2,106.41287516085616,0.21998487778224501,0.0018379445547479492,9.6,0.8944271909999157,6.4,2.3021728866442674,6.4,2.3021728866442674,57.2,11.584472366059664,0.6599999999999999,0.20736441353327723,0.6222241130407837,0.03147582307987267,0.7529696209677554,0.03134825855667864
ppdai_imb77,gbdt,most_risky,0.1,9,0.7860493552937472,0.007812427789809037,0.5864086093526698,0.04380514110588259,0.04802159015439644,0.009048109151344212,0.17281721870533967,0.08761028221176519,27814.6,109.11141095229166,0.2203693604445119,0.0017648609505529881,9.4,0.547722557505166,6.8,1.0954451150103321,6.8,1.0954451150103321,64.0,12.083045973594572,0.7266666666666667,0.12707536404885153,0.6241409441789153,0.05298586171840943,0.7406715490046635,0.03480808144453395
ppdai_imb77,gbdt,most_risky,0.1,10,0.786009072699686,0.00147180756634963,0.6346660941397784,0.03823108429977526,0.04640176383386367,0.007666797032247164,0.2693321882795567,0.07646216859955048,30354.6,111.75777377882943,0.2199187037144187,0.0006643121600852952,10.0,0.7071067811865476,7.2,0.44721359549995787,7.2,0.44721359549995787,71.2,11.882760622010357,0.7228282828282828,0.0661311519037521,0.6422311535824734,0.08573512500499736,0.7577635115593627,0.03219408633016903
ppdai_imb77,gbdt,most_risky,0.15,0,0.7802,0.016422545478700958,0.5584332838528782,0.08551997834960536,0.11419965219275068,0.02674432059124414,0.11686656770575624,0.17103995669921065,5000.0,0.0,0.2304,0.0044068129073061395,0.0,0.0,0.0,0.0,0.0,0.0,0.0,0.0,0.0,0.0,0.0,0.0,0.0,0.0
ppdai_imb77,gbdt,most_risky,0.15,1,0.7867233886225142,0.009161617206302698,0.5419163292847504,0.07267263490980622,0.08117734201233814,0.025552208690633495,0.08383265856950069,0.1453452698196124,7524.2,29.405781744412,0.2261731267293851,0.001985544347725135,18.0,5.244044240850758,11.0,3.391164991562634,11.0,3.391164991562634,11.0,3.391164991562634,0.6116031027795733,0.08856628523999767,0.5482340164029915,0.05092973150658226,0.7886056449778479,0.013605981735478914
ppdai_imb77,gbdt,most_risky,0.15,2,0.7808213429831503,0.011368471625574722,0.5763996018730888,0.07223655895933999,0.08076502785679877,0.010838658990311001,0.15279920374617748,0.14447311791868,10054.2,49.0988798242894,0.22403915436617178,0.003916286820444122,17.0,4.183300132670378,13.0,2.8284271247461903,13.0,2.8284271247461903,24.0,6.041522986797286,0.775491759702286,0.10357238713389785,0.5914044751661045,0.04273012594806461,0.7664694519176323,0.028466872128192582
ppdai_imb77,gbdt,most_risky,0.15,3,0.782680831444057,0.008500034582330125,0.5775939817073538,0.03445307803857651,0.06457140788282605,0.018489909252801008,0.15518796341470759,0.06890615607715297,12586.0,67.89698078707183,0.22188293374512735,0.004541074921237425,16.8,3.5637059362410923,10.8,3.7013511046643495,10.8,3.7013511046643495,34.8,8.955445270895243,0.6348803827751196,0.13213176604745247,0.5735695207864996,0.04862384705265197,0.756547196030817,0.02435884869387371
ppdai_imb77,gbdt,most_risky,0.15,4,0.7799323193823982,0.009478221843309258,0.5957894567040908,0.05424986435734366,0.06966024000247914,0.00999489423440235,0.1915789134081817,0.1084997287146873,15130.6,87.0160904660742,0.2214968995267653,0.0038165224060207462,14.4,3.7815340802378077,9.8,2.9495762407505253,9.8,2.9495762407505253,44.6,11.696153213770756,0.675,0.06561673228343175,0.5885921230561191,0.05479008443895273,0.7485334098110108,0.026025004946657364
ppdai_imb77,gbdt,most_risky,0.15,5,0.7829796960743696,0.005912249256326473,0.5591602953349002,0.05349350544594143,0.06262061939260428,0.007447853379681476,0.11832059066980034,0.10698701089188287,17668.6,94.24330214927687,0.22098139141839815,0.0027329098685759546,15.8,2.4899799195977463,10.0,2.6457513110645907,10.0,2.6457513110645907,54.6,12.361229712289955,0.6277380952380952,0.09640248030324103,0.5684230174482845,0.024189839038485365,0.7528260472190379,0.03278601493186485
ppdai_imb77,gbdt,most_risky,0.15,6,0.7858012689225342,0.007090325001741472,0.5869746910933471,0.02874038523925248,0.06106513906692977,0.009595031745033407,0.17394938218669423,0.05748077047850493,20212.4,95.91298139459563,0.22044852294100464,0.003220821018192925,14.6,0.8944271909999161,9.4,1.140175425099138,9.4,1.140175425099138,64.0,12.747548783981962,0.6432142857142857,0.05923082657136008,0.5705074938945621,0.052803834611999494,0.7427508415867746,0.04193353059381965
ppdai_imb77,gbdt,most_risky,0.15,7,0.7865618309842849,0.008309157383301622,0.6003309388382203,0.018858388631029874,0.058787966403112034,0.005525641952846047,0.20066187767644078,0.0377167772620598,22761.2,99.31112727182172,0.22087455701195174,0.002962310081747988,14.0,1.4142135623730951,10.4,1.51657508881031,10.4,1.51657508881031,74.4,12.501999840025594,0.7422619047619048,0.07839310572329247,0.6181467175221845,0.08140023504211996,0.7394305116847858,0.025192974221134857
ppdai_imb77,gbdt,most_risky,0.15,8,0.7887541713243368,0.005902778025335249,0.6283912071488745,0.03051718056722822,0.05895682739365121,0.008828205954248556,0.2567824142977491,0.06103436113445651,25307.8,101.56623454672311,0.22066191086719242,0.0020160958158430497,13.8,1.7888543819998315,9.6,2.8809720581775866,9.6,2.8809720581775866,84.0,14.212670403551895,0.6886904761904762,0.1668738083517968,0.6099484157165173,0.026913005546529173,0.739237762115825,0.036563656817995845
ppdai_imb77,gbdt,most_risky,0.15,9,0.7898341706769936,0.002940293458887868,0.618012268215171,0.0197261994517456,0.055917973406987106,0.007985029156529226,0.23602453643034177,0.039452398903491184,27856.0,104.11291946727872,0.22104013234064745,0.0018969502749421852,13.6,1.3416407864998736,9.6,1.6733200530681511,9.6,1.6733200530681511,93.6,13.334166640626627,0.7069230769230769,0.11394976804888983,0.6262074390685635,0.03760084796182169,0.7285329444878123,0.011255597701749132
ppdai_imb77,gbdt,most_risky,0.15,10,0.7881532383645233,0.0021557849302246677,0.640217315095007,0.02299027384654397,0.05275782833772171,0.0038273754706502727,0.28043463019001413,0.04598054769308791,30396.2,106.85831741142087,0.22055212012707198,0.0007543729472835402,15.0,1.224744871391589,10.6,2.5099800796022267,10.6,2.5099800796022267,104.2,12.557866060760484,0.7056022408963585,0.15684823862494793,0.6401115802559101,0.07948689500237881,0.7283830678123372,0.014482236711544404
ppdai_imb77,gbdt,most_risky,0.2,0,0.7802,0.016422545478700958,0.5584332838528782,0.08551997834960536,0.11419965219275068,0.02674432059124414,0.11686656770575624,0.17103995669921065,5000.0,0.0,0.2304,0.0044068129073061395,0.0,0.0,0.0,0.0,0.0,0.0,0.0,0.0,0.0,0.0,0.0,0.0,0.0,0.0
ppdai_imb77,gbdt,most_risky,0.2,1,0.7790310199819,0.011264518950144287,0.5084199134199133,0.06060355677505042,0.08077094628255263,0.025228763982310328,0.01683982683982684,0.12120711355010091,7530.0,27.67670500619604,0.2263982182936551,0.0018621252615504105,23.8,6.97853852894716,14.0,5.338539126015656,14.0,5.338539126015656,14.0,5.338539126015656,0.5766600359950743,0.08381771922086127,0.5482340164029915,0.05092973150658226,0.7667009860276922,0.011664018589054621
ppdai_imb77,gbdt,most_risky,0.2,2,0.7867946783065294,0.010511872432843019,0.548183020337871,0.0456013256038933,0.08608279279958968,0.00907368297814454,0.09636604067574217,0.0912026512077866,10062.4,39.56387240905498,0.22429512787514083,0.003683729902320347,23.4,4.827007354458868,16.4,3.286335345030997,16.4,3.286335345030997,30.4,7.63544366752843,0.7016448506515973,0.034092062481225115,0.5854986189880749,0.035371013426609775,0.7503346535029305,0.035048172480629886
ppdai_imb77,gbdt,most_risky,0.2,3,0.777927670614826,0.010814597678263567,0.5758423474702544,0.03990838077125114,0.07781931189172336,0.01721187500816187,0.1516846949405089,0.07981676154250227,12594.0,57.918045547134824,0.22244235106940308,0.00438857248011348,23.4,4.77493455452533,16.2,4.658325879540846,16.2,4.658325879540846,46.6,11.76010204037363,0.686860024702868,0.09728923462168486,0.5449483351774258,0.008768929189798623,0.733262851233169,0.0311690024312022
ppdai_imb77,gbdt,most_risky,0.2,4,0.7815252328418923,0.008822399150395612,0.5992213128946389,0.045772351836713306,0.0729148464712713,0.02029229772961408,0.19844262578927765,0.09154470367342663,15137.4,70.2160950210133,0.22198337481944938,0.003513493319560447,20.4,3.286335345030997,15.2,2.6832815729997477,15.2,2.6832815729997477,61.8,13.718600511714014,0.7473484848484848,0.08889014433227294,0.6086241852240248,0.0648323371308391,0.7312291326213967,0.03668548984427324
ppdai_imb77,gbdt,most_risky,0.2,5,0.7870658550519075,0.007480391749089032,0.6248987914367312,0.04135069363347949,0.07343993234694002,0.01138077730468205,0.24979758287346243,0.08270138726695901,17681.0,82.3862852664201,0.22148490106479582,0.002322709783016133,20.0,3.391164991562634,12.0,3.5355339059327378,12.0,3.5355339059327378,73.8,16.52876280911551,0.592468211527035,0.10202358790814664,0.5683226956471739,0.03775765692609752,0.7389270627295256,0.02613612127093815
ppdai_imb77,gbdt,most_risky,0.2,6,0.7822499445125315,0.006084668804361251,0.6047211634178877,0.02851692082360287,0.06102748799778638,0.006974768260639706,0.2094423268357754,0.057033841647205694,20227.8,91.24527385021057,0.22096446865571256,0.002854870168585242,19.8,2.5884358211089564,13.2,1.9235384061671343,13.2,1.9235384061671343,87.0,17.421251390184345,0.667990832696715,0.07046013397866403,0.5713040199308044,0.0655121997707311,0.7117714499695438,0.02618239204521326
ppdai_imb77,gbdt,most_risky,0.2,7,0.7850875409938761,0.0029394818066238518,0.5913963102750288,0.04524341291288053,0.05816940673362725,0.006280037988434489,0.18279262055005763,0.09048682582576115,22783.6,100.32098484365018,0.2215352157043569,0.003018224170428787,17.2,2.6832815729997472,12.8,1.6431676725154984,12.8,1.6431676725154984,99.8,18.04716044146558,0.7531936175279828,0.10628003068785162,0.6025147609376013,0.05070692673516004,0.7119346149962694,0.02150766143880319
ppdai_imb77,gbdt,most_risky,0.2,8,0.7860253451644834,0.005501957085051596,0.6178800219791045,0.036801691120685966,0.06527981136471539,0.007513702020738331,0.235760043958209,0.07360338224137199,25332.2,97.56638765476573,0.2213259444408376,0.0019108605628374322,19.0,1.8708286933869707,14.0,3.7416573867739413,14.0,3.7416573867739413,113.8,16.72423391369542,0.7296918767507002,0.1463836709294557,0.6109319233311302,0.060394840228362064,0.7270531494413799,0.01754132326969138
ppdai_imb77,gbdt,most_risky,0.2,9,0.7863773515366755,0.006959589960137086,0.6272649572649572,0.05810897337683055,0.05693206274196459,0.005496476420429233,0.2545299145299145,0.11621794675366103,27882.6,95.44265293881955,0.22174731954002555,0.001667985053122079,18.6,1.1401754250991383,13.4,2.302172886644268,13.4,2.302172886644268,127.2,16.873055443517043,0.7191778465772274,0.10531007467807134,0.6109569568489117,0.04341595045086066,0.7118869326350352,0.02546640551451472
ppdai_imb77,gbdt,most_risky,0.2,10,0.7886001584353832,0.00455895683955311,0.6184002104983485,0.028337511485167645,0.0568080316540844,0.011981945815846424,0.23680042099669696,0.05667502297033527,30428.8,97.47409912381808,0.22126213269680747,0.0008450615647091029,19.6,1.1401754250991378,13.6,2.6076809620810595,13.6,2.6076809620810595,140.8,14.788509052639485,0.6963575605680868,0.14142944464876592,0.6448942111602465,0.06653870314926551,0.7219947855846225,0.021317667597641417
ppdai_imb77,gbdt,most_risky,0.3,0,0.7802,0.016422545478700958,0.5584332838528782,0.08551997834960536,0.11419965219275068,0.02674432059124414,0.11686656770575624,0.17103995669921065,5000.0,0.0,0.2304,0.0044068129073061395,0.0,0.0,0.0,0.0,0.0,0.0,0.0,0.0,0.0,0.0,0.0,0.0,0.0,0.0
ppdai_imb77,gbdt,most_risky,0.3,1,0.7827520850965195,0.017019748739662985,0.593530676339187,0.09186950612448386,0.09536673087219338,0.033281278260323954,0.18706135267837395,0.18373901224896777,7541.8,24.335159748807996,0.22702618902766755,0.0017841595110479312,35.6,10.310189135025603,21.4,7.829431652425353,21.4,7.829431652425353,21.4,7.829431652425353,0.5910583207642032,0.05795813318101049,0.5482340164029915,0.05092973150658226,0.7336528757491096,0.011550511306888563
ppdai_imb77,gbdt,most_risky,0.3,2,0.7886133765352341,0.011363061584463135,0.6291766403531109,0.060621175403731895,0.08869146773837862,0.01589517146284544,0.2583532807062219,0.12124235080746379,10092.0,39.331920878594275,0.2250066039808069,0.0035962396645525313,31.8,6.978538528947161,21.6,4.505552130427524,21.6,4.505552130427524,43.0,11.895377253370318,0.6808190692401219,0.01996938786576027,0.6255921334233105,0.029975950042728284,0.7122167261995778,0.035275732815972495
ppdai_imb77,gbdt,most_risky,0.3,3,0.7854632394159702,0.010793323061815376,0.5821594765826388,0.035152420662113174,0.07672579189520794,0.015230702315068102,0.1643189531652777,0.07030484132422632,12643.4,51.44220057501435,0.22322102621748557,0.004135843091606215,31.2,6.418722614352485,21.0,4.69041575982343,21.0,4.69041575982343,64.0,16.046806535881213,0.671462978481234,0.022709964834173178,0.5917744172615904,0.0497922784958065,0.6994979838764531,0.02395963332333608
ppdai_imb77,gbdt,most_risky,0.3,4,0.78303048558953,0.01034333917191442,0.6170978077116649,0.07624146655102274,0.07458724574277163,0.015283357884094025,0.23419561542332973,0.1524829331020454,15201.2,62.94998014296746,0.22294681891809814,0.003401651688163026,28.2,5.449770637375485,18.0,4.636809247747852,18.0,4.636809247747852,82.0,20.062402647738878,0.6313977759648388,0.0770308485038328,0.5920790794028447,0.052961775114563514,0.6974988189584383,0.015919841989417417
ppdai_imb77,gbdt,most_risky,0.3,5,0.7829657371624184,0.007119723619027521,0.5575232075130938,0.05474328691880143,0.07199852539153057,0.006727237677077327,0.11504641502618747,0.10948657383760296,17761.4,67.8476233924228,0.22264563748658076,0.002277122860281169,27.8,3.96232255123179,18.0,3.5355339059327378,18.0,3.5355339059327378,100.0,22.034064536530703,0.6442499529456052,0.052967322967869636,0.5810719578813622,0.029972147182167806,0.7006697136845873,0.014613299830726902
ppdai_imb77,gbdt,most_risky,0.3,6,0.7856061935656589,0.008518209056639886,0.6179594795099128,0.03544571983629127,0.07189484519847636,0.008085291786697821,0.23591895901982557,0.07089143967258249,20318.4,69.49316513154422,0.2223045743102941,0.0027467835751341513,28.8,4.207136793592526,20.2,2.949576240750525,20.2,2.949576240750525,120.2,22.807893370497855,0.7027936507936507,0.05115725512404529,0.5662577761298563,0.052558752485452484,0.6938529636643123,0.018492956172445445
ppdai_imb77,gbdt,most_risky,0.3,7,0.7862024043339492,0.007431296571788799,0.6076101697886801,0.027451847800843778,0.06748047101864066,0.004960293958297826,0.21522033957736025,0.05490369560168759,22883.0,72.107558549711,0.22280522522440588,0.0027587942337432567,25.4,1.1401754250991385,17.6,3.5777087639996634,17.6,3.5777087639996634,137.8,21.004761364985796,0.6956923076923077,0.15563642117127754,0.6167949552880542,0.04716776690678567,0.6865126039725069,0.01211882957494511
ppdai_imb77,gbdt,most_risky,0.3,8,0.7867212939738589,0.006915386390154769,0.6443001347654176,0.05226143795200247,0.07148244126263377,0.0056359511700820476,0.288600269530835,0.10452287590400496,25442.0,70.79901129253176,0.22254243381735747,0.0016252449330387596,28.0,1.4142135623730951,18.2,3.03315017762062,18.2,3.03315017762062,156.0,20.12461179749811,0.647330779054917,0.07640663966201128,0.6232717058222675,0.04439791816674597,0.6966451928998862,0.018862291876644052
ppdai_imb77,gbdt,most_risky,0.3,9,0.7860765557138247,0.005672466384036704,0.616152585489214,0.05556417447162028,0.06336385724105105,0.007650948640267649,0.23230517097842798,0.11112834894324047,28002.2,69.85484950953668,0.2230088862465382,0.0013632303400951985,27.8,1.30384048104053,19.8,3.271085446759225,19.8,3.271085446759225,175.8,20.74126322093232,0.7093476765890558,0.08808481276088374,0.6124040734679033,0.05019076809140377,0.6783331626328273,0.01657633500626886
ppdai_imb77,gbdt,most_risky,0.3,10,0.7876120354468008,0.0041269892316378775,0.6265722566069646,0.06698661438654528,0.06157531431169779,0.008957634147986483,0.2531445132139291,0.13397322877309067,30560.0,68.0367547726959,0.22257772400859527,0.0005370065443744957,28.8,1.788854381999832,19.6,2.701851217221259,19.6,2.701851217221259,195.4,18.902380802428038,0.6792504492170789,0.07173271202240916,0.6421141982454619,0.060046622845362996,0.6814682780537267,0.013134878847921827
ppdai_imb77,gbdt,most_risky,0.5,0,0.7802,0.016422545478700958,0.5584332838528782,0.08551997834960536,0.11419965219275068,0.02674432059124414,0.11686656770575624,0.17103995669921065,5000.0,0.0,0.2304,0.0044068129073061395,0.0,0.0,0.0,0.0,0.0,0.0,0.0,0.0,0.0,0.0,0.0,0.0,0.0,0.0
ppdai_imb77,gbdt,most_risky,0.5,1,0.7753391052239303,0.003262458458606289,0.5685261976644205,0.02350173759322863,0.08408335313306983,0.02084473680710005,0.1370523953288409,0.0470034751864572,7565.0,17.21917535772262,0.22804946734847958,0.001596399625666174,58.8,17.426990560621764,34.4,12.300406497347964,34.4,12.300406497347964,34.4,12.300406497347964,0.5778985674608109,0.06867018679829862,0.5482340164029915,0.05092973150658226,0.6906569251327379,0.01460512989152724
ppdai_imb77,gbdt,most_risky,0.5,2,0.7817154203069507,0.009860831522747507,0.5527725639896078,0.04064772935523235,0.09916066794716961,0.010579099730449583,0.1055451279792157,0.08129545871046474,10135.8,27.851391347650555,0.22693693136956722,0.003443296119854463,52.8,12.029131306956458,35.6,8.294576541331088,35.6,8.294576541331088,70.0,20.359273071502333,0.6739437050455678,0.013975530582640406,0.6020553402778106,0.03852740436029816,0.6802786743280542,0.016835566838110154
ppdai_imb77,gbdt,most_risky,0.5,3,0.7823519844823289,0.005051102985776641,0.591884454130874,0.04155986075214519,0.0907579664410123,0.01653501487208858,0.18376890826174794,0.08311972150429035,12702.6,41.3557734784397,0.22550536413889316,0.003973716620603568,56.6,14.587666023048376,35.8,7.854934754662192,35.8,7.854934754662192,105.8,27.743467699622556,0.6429616674255909,0.08132634486588404,0.55713305650359,0.0389931327900015,0.6772094273732714,0.022471059207718025
ppdai_imb77,gbdt,most_risky,0.5,4,0.7758878118877649,0.007342956221207862,0.5961037264622171,0.025508979170190443,0.08346377221832647,0.012541009122906118,0.19220745292443406,0.051017958340380934,15274.6,51.305945074620666,0.2253999884304781,0.0031865582468087587,51.2,10.473776778220929,34.2,7.049822692805827,34.2,7.049822692805827,140.0,31.95309061734092,0.669825092275463,0.06610528063592655,0.5858404445215966,0.037360353402195456,0.6646536042792183,0.018987418230967924
ppdai_imb77,gbdt,most_risky,0.5,5,0.7788247760253203,0.003934977448953963,0.5898944381289208,0.047366420057713104,0.08842276415926395,0.00892958870783801,0.17978887625784176,0.09473284011542628,17848.2,53.77917812685488,0.22503861698632083,0.001913208845719754,50.0,4.242640687119285,30.8,4.147288270665545,30.8,4.147288270665545,170.8,35.35109616405126,0.6146531986531987,0.042338279376670944,0.5777500601505554,0.027386912603433625,0.6727820825258736,0.016960585517946884
ppdai_imb77,gbdt,most_risky,0.5,6,0.7826429886383877,0.00870701701559545,0.6016325847824276,0.03151629409299183,0.08133130230892253,0.00953856026953096,0.2032651695648553,0.06303258818598369,20424.6,57.76071329199409,0.22456789671388533,0.002468565648381144,47.0,6.96419413859206,29.4,5.983310120660637,29.4,5.983310120660637,200.2,38.32362195826485,0.6286589242769687,0.12042544837239719,0.5858244378661669,0.04849901574800931,0.6619267416422506,0.012080597262637013
ppdai_imb77,gbdt,most_risky,0.5,7,0.7819812742198569,0.0042922331155293226,0.5962833407711852,0.03892388647581693,0.0814949944287335,0.0074457849286717155,0.19256668154237025,0.07784777295163386,23004.8,58.674525988711544,0.2251574719488481,0.00223712398180748,43.6,1.8165902124584945,30.8,2.5884358211089573,30.8,2.5884358211089573,231.0,37.50333318519835,0.70854671224742,0.07873913042496669,0.6194947334381926,0.08047518053093171,0.6547471982243916,0.017201669287766765
ppdai_imb77,gbdt,most_risky,0.5,8,0.7824693805757714,0.004783203508267678,0.6474032539755492,0.010991162966345083,0.08557565283261584,0.014093359902561648,0.2948065079510985,0.02198232593269017,25579.6,60.00249994791831,0.2248884330709539,0.0014509430951290718,49.0,5.873670062235365,32.8,6.01664358259653,32.8,6.01664358259653,263.8,38.297519501920746,0.6663726165229924,0.07350968786676147,0.6446670822258946,0.009481721675140534,0.6631466319242089,0.019915508216595174
ppdai_imb77,gbdt,most_risky,0.5,9,0.7859531057220133,0.003288364139225394,0.6289268633855466,0.060496044375735705,0.08201270636637673,0.006172558614763992,0.2578537267710931,0.1209920887514714,28155.4,61.88133805922453,0.22530526191838335,0.0014097599312343555,47.6,2.6076809620810604,31.0,2.8284271247461903,31.0,2.8284271247461903,294.8,39.77059215048224,0.6507384716732543,0.03592843616848505,0.6166157447591993,0.04553084692406303,0.6472786853450682,0.016753942729274912
ppdai_imb77,gbdt,most_risky,0.5,10,0.7870510280832439,0.0025712457980804977,0.6458186155535258,0.04241578065603847,0.08255602953664792,0.00456427259525984,0.29163723110705153,0.08483156131207685,30729.4,59.735249225227385,0.2249047427219446,0.0003097144233766875,49.4,3.9115214431215892,35.0,6.123724356957945,35.0,6.123724356957945,329.8,34.63668575369186,0.7065306016832381,0.09706948522029396,0.6652635899025362,0.059290582068116396,0.6579250510668642,0.012911298789763341
ppdai_imb77,gbdt,most_risky,0.75,0,0.7802,0.016422545478700958,0.5584332838528782,0.08551997834960536,0.11419965219275068,0.02674432059124414,0.11686656770575624,0.17103995669921065,5000.0,0.0,0.2304,0.0044068129073061395,0.0,0.0,0.0,0.0,0.0,0.0,0.0,0.0,0.0,0.0,0.0,0.0,0.0,0.0
ppdai_imb77,gbdt,most_risky,0.75,1,0.7812615460954072,0.009043227841009792,0.6153563827813987,0.037258883892854006,0.10170196973256199,0.02426621441005994,0.2307127655627975,0.074517767785708,7594.2,8.584870412533858,0.22938562068587762,0.0015996072425373306,88.0,26.06722079547415,51.2,17.866169147301836,51.2,17.866169147301836,51.2,17.866169147301836,0.5752735808592109,0.05893826395202658,0.5482340164029915,0.05092973150658226,0.6500184902686245,0.013461044564149158
ppdai_imb77,gbdt,most_risky,0.75,2,0.7772308869301445,0.01366190302443478,0.5850210624347951,0.07073628761637397,0.10414162238495203,0.020606765602975568,0.1700421248695903,0.14147257523274795,10192.4,14.310835055998577,0.22869980993598174,0.0032036950571670514,76.4,18.18790807102345,49.8,11.606032913963324,49.8,11.606032913963324,101.0,29.197602641312866,0.6530050640894841,0.036727926857654795,0.6224581193948364,0.0185337577892597,0.6474713734244019,0.021681728701608914
ppdai_imb77,gbdt,most_risky,0.75,3,0.7780512310931863,0.008132875002789445,0.562243510926477,0.04405959261359935,0.09872033590430737,0.021022531648496264,0.12448702185295395,0.0881191852271986,12789.2,19.4087609084146,0.22739247275731675,0.0034748836878891634,79.8,17.455658108475888,47.8,8.288546314040842,47.8,8.288546314040842,148.8,36.46505176192679,0.6040778975052707,0.0399522794056371,0.5854490312627034,0.03936356427683513,0.6347917304094028,0.011565579558346157
ppdai_imb77,gbdt,most_risky,0.75,4,0.7800093049860737,0.00868104860272338,0.5985386988992175,0.027487834576344825,0.10238727895215419,0.013205639469277474,0.19707739779843517,0.05497566915268968,15388.6,23.093289068472004,0.2274777108706366,0.002611909832582522,72.2,16.991174179555692,47.6,10.502380682492898,47.6,10.502380682492898,196.4,43.98067757549899,0.6621842959171726,0.04645452625186771,0.6223953250533671,0.06202717700549107,0.6320615632816261,0.0039404783900368525
ppdai_imb77,gbdt,most_risky,0.75,5,0.7809213869534254,0.005543151647725441,0.6115928854157128,0.051308030764567775,0.09579972549473545,0.013406235895735035,0.22318577083142546,0.10261606152913551,17985.8,25.223005372080525,0.2273114517489919,0.0015732532069081416,79.2,8.983317872590282,48.4,5.9413803110051795,48.4,5.9413803110051795,244.8,47.17732506194051,0.6111225881752198,0.031074988925816952,0.5790832397683993,0.030124132159787452,0.6337775089944827,0.013858311066509343
ppdai_imb77,gbdt,most_risky,0.75,6,0.7811905065998641,0.009506954011216064,0.5837360503798033,0.01481774572220454,0.09304864938185224,0.013494021957418488,0.16747210075960667,0.029635491444409103,20586.0,25.563646062328434,0.22678364008278312,0.0020692410999296803,70.4,10.502380682492898,39.8,5.630275304103699,39.8,5.630275304103699,284.6,50.39146753171612,0.5700301039956213,0.07928669618938874,0.5960565499615648,0.07767097203378709,0.6180267230047386,0.010271606678797264
ppdai_imb77,gbdt,most_risky,0.75,7,0.7837798530407941,0.0049378842533438745,0.6263177924221524,0.034822523377267336,0.09040085734766737,0.008821797599236207,0.2526355848443047,0.06964504675453462,23187.2,28.734996084913938,0.2273995111697013,0.0019347213663505642,67.0,10.173494974687902,45.2,4.764451699828637,45.2,4.764451699828637,329.8,53.363845438648816,0.6790129325581111,0.049756663016791526,0.6392337105787445,0.053990182219387596,0.618601683749447,0.01018803078075911
ppdai_imb77,gbdt,most_risky,0.75,8,0.7786968303815993,0.0054770591468698724,0.5984893909710074,0.01812468416740733,0.0900742265779265,0.005016118255473343,0.19697878194201468,0.03624936833481462,25786.2,30.06160341698352,0.2273535984355138,0.0011050021041088096,72.8,9.576011695899291,47.6,8.82043082847998,47.6,8.82043082847998,377.4,56.02053195034835,0.6498417980536081,0.04676051285927758,0.6215587958383534,0.040070206778176416,0.6255350787385459,0.011255763085584253
ppdai_imb77,gbdt,most_risky,0.75,9,0.783819965322418,0.004722584928235694,0.6315916981530493,0.03920243869769162,0.09502493529983577,0.013433444885983678,0.2631833963060986,0.07840487739538321,28386.2,30.343038740376578,0.22785686273540548,0.001076073523900767,71.0,4.898979485566356,43.6,4.159326868617083,43.6,4.159326868617083,421.0,57.90941201566461,0.6132839580409912,0.021316203074914872,0.6026519690422274,0.03226952909102214,0.6214373471876002,0.007923728962017885
ppdai_imb77,gbdt,most_risky,0.75,10,0.7821584106660125,0.0021581770010490157,0.6286976407787648,0.03449298818452036,0.08753651393547661,0.006484979006160858,0.25739528155752966,0.0689859763690407,30985.2,31.10787681600903,0.22764416033208512,0.00010833731116215228,73.0,6.519202405202649,50.0,4.06201920231798,50.0,4.06201920231798,471.0,57.02192560761167,0.6868564584970566,0.0521488890508224,0.6470866299700503,0.05732970526904083,0.6201633879969476,0.011574298655735355
ppdai_imb77,gbdt,most_risky,1.0,0,0.7802,0.016422545478700958,0.5584332838528782,0.08551997834960536,0.11419965219275068,0.02674432059124414,0.11686656770575624,0.17103995669921065,5000.0,0.0,0.2304,0.0044068129073061395,0.0,0.0,0.0,0.0,0.0,0.0,0.0,0.0,0.0,0.0,0.0,0.0,0.0,0.0
ppdai_imb77,gbdt,most_risky,1.0,1,0.7777049180327869,0.012223837299873565,0.5792517947808793,0.07517261389547937,0.09306097363514924,0.02579400087946336,0.15850358956175842,0.15034522779095869,7623.0,0.0,0.2303030303030303,0.0014086034050159772,116.8,34.643902782452216,64.8,22.753021777337622,64.8,22.753021777337622,64.8,22.753021777337622,0.5482340164029915,0.05092973150658226,0.5482340164029915,0.05092973150658226,0.6181371211231536,0.01108033766060385
ppdai_imb77,gbdt,most_risky,1.0,2,0.7864390243902439,0.01180044262572377,0.5843541347691356,0.06278186160071757,0.109434153356529,0.02212995638230487,0.16870826953827123,0.1255637232014352,10246.0,0.0,0.23009955104430996,0.003270369700341112,104.8,19.43450539633052,61.0,10.747092630102339,61.0,10.747092630102339,125.8,33.056013068729264,0.5834012127689281,0.020900244394582237,0.5834012127689281,0.020900244394582237,0.6144675319190316,0.015171420581502058
ppdai_imb77,gbdt,most_risky,1.0,3,0.7773892773892774,0.009543992615802887,0.5693530140712106,0.04065388382388375,0.0954575697942806,0.016150171693655624,0.1387060281424214,0.08130776764776744,12869.0,0.0,0.22910871085554435,0.003332133912938408,109.6,26.857028875138067,63.4,16.2265215003093,63.4,16.2265215003093,189.2,47.49947368129462,0.5774278816741967,0.04678999796952722,0.5774278816741967,0.04678999796952722,0.6090925560935858,0.010141952828489856
ppdai_imb77,gbdt,most_risky,1.0,4,0.7787673443046144,0.013282308991498326,0.6012553256138118,0.03307091640230118,0.10467542341308089,0.016572930073883486,0.20251065122762352,0.06614183280460224,15492.0,0.0,0.22929253808417246,0.0023980792056543924,101.8,12.794530081249565,59.8,6.058052492344384,59.8,6.058052492344384,249.0,51.22987409705396,0.5902161405102582,0.043038561572930706,0.5902161405102582,0.043038561572930706,0.6013789246026324,0.01135244019304981
ppdai_imb77,gbdt,most_risky,1.0,5,0.7807894010488545,0.010680007930652087,0.6142607158100116,0.03373091936702075,0.10068540907428314,0.011120673261542102,0.22852143162002317,0.06746183873404152,18115.0,0.0,0.22922439966878277,0.0014001302455944821,100.6,9.09945053286186,57.6,6.6932802122726045,57.6,6.6932802122726045,306.6,55.44637048536179,0.5716605050168015,0.02109490414128841,0.5716605050168015,0.02109490414128841,0.6066911443092414,0.015147230832265378
ppdai_imb77,gbdt,most_risky,1.0,6,0.7774831243972999,0.00612504629503979,0.601570115978493,0.018741351678682187,0.09741673228045071,0.008923058361868174,0.20314023195698594,0.03748270335736442,20738.0,0.0,0.22895168290095474,0.001961105160349382,90.8,8.871302046486749,53.8,8.927485648266257,53.8,8.927485648266257,360.4,59.4163277222684,0.590799700580126,0.06872537845486444,0.590799700580126,0.06872537845486444,0.5980602233223002,0.011971460360289152
ppdai_imb77,gbdt,most_risky,1.0,7,0.778086882088594,0.003902114814639508,0.6059296054152418,0.04992842167204523,0.09500895852851093,0.0054549557860664975,0.21185921083048345,0.09985684334409048,23361.0,0.0,0.22959633577329738,0.0018147585773149544,92.6,8.384509526501835,58.2,4.54972526643093,58.2,4.54972526643093,418.6,60.981964546905175,0.6298620765750855,0.03929997541205565,0.6298620765750855,0.03929997541205565,0.5899416299322281,0.010527950667393166
ppdai_imb77,gbdt,most_risky,1.0,8,0.7793727150279007,0.008694685607829988,0.6202873996034745,0.01993211934175178,0.09713953219700674,0.006673512260066996,0.24057479920694905,0.03986423868350354,25984.0,0.0,0.22961052955665023,0.001039243513304811,97.8,8.5848704125339,59.8,7.918333157931662,59.8,7.918333157931662,478.4,63.0539451580946,0.6100752459122304,0.045560717933412716,0.6100752459122304,0.045560717933412716,0.5978277779657387,0.008015459491747957
ppdai_imb77,gbdt,most_risky,1.0,9,0.7832925550506815,0.005150353732363297,0.6254664573452965,0.02710809429167299,0.10119905960921069,0.0075697672879915115,0.25093291469059303,0.05421618858334604,28607.0,0.0,0.2301814241269619,0.0010891061209080829,92.2,6.760177512462229,58.4,6.107372593840988,58.4,6.107372593840988,536.8,60.12237520258161,0.6338200817676755,0.05546235734627799,0.6338200817676755,0.05546235734627799,0.5935195644635091,0.011164350289546853
ppdai_imb77,gbdt,most_risky,1.0,10,0.7853666346461735,0.004734000062208299,0.6284676460275511,0.016788149721140205,0.10367355708605945,0.008029854923709761,0.25693529205510224,0.03357629944228038,31230.0,0.0,0.23000320204931154,0.0,100.8,5.5407580708780255,63.4,7.503332592921628,63.4,7.503332592921628,600.2,56.41099183669792,0.6278782391511288,0.05603905297072935,0.6278782391511288,0.05603905297072935,0.5889497081285778,0.004324710262632443
ppdai_imb77,gbdt,random,0.0,0,0.7802,0.016422545478700958,0.5584332838528782,0.08551997834960536,0.11419965219275068,0.02674432059124414,0.11686656770575624,0.17103995669921065,5000.0,0.0,0.2304,0.0044068129073061395,0.0,0.0,0.0,0.0,0.0,0.0,0.0,0.0,0.0,0.0,0.0,0.0,0.0,0.0
ppdai_imb77,gbdt,random,0.0,1,0.7749018971614764,0.013732824819628446,0.5796426889146142,0.07382678277455397,0.08271497161853283,0.015939167169774046,0.1592853778292284,0.147653565549108,7506.2,34.64390278245222,0.2252484590342577,0.002257110093165893,0.0,0.0,0.0,0.0,0.0,0.0,0.0,0.0,0.0,0.0,0.0,0.0,0.0,0.0
ppdai_imb77,gbdt,random,0.0,2,0.7925486041208949,0.004525151150224091,0.5993545077880377,0.0724081811457945,0.07832966637052378,0.008808857878901791,0.19870901557607548,0.1448163622915889,10015.6,58.2434545678742,0.2221865600156483,0.003556575141610255,0.0,0.0,0.0,0.0,0.0,0.0,0.0,0.0,0.0,0.0,0.0,0.0,0.0,0.0
ppdai_imb77,gbdt,random,0.0,3,0.7814374255571298,0.008502374088518304,0.5324664602683178,0.021510016849579414,0.05726890790540553,0.011205116584701195,0.06493292053663571,0.04302003369915884,12529.0,81.25269226308765,0.22007934171208593,0.0047616568536149526,0.0,0.0,0.0,0.0,0.0,0.0,0.0,0.0,0.0,0.0,0.0,0.0,0.0,0.0
ppdai_imb77,gbdt,random,0.0,4,0.7870943453375684,0.007380310086488644,0.5701937602627257,0.025538994897079448,0.061559651509110594,0.008675221041587841,0.14038752052545156,0.05107798979415895,15049.6,103.20998013758188,0.21957461007555992,0.004213947986379136,0.0,0.0,0.0,0.0,0.0,0.0,0.0,0.0,0.0,0.0,0.0,0.0,0.0,0.0
ppdai_imb77,gbdt,random,0.0,5,0.7835095042299104,0.010001635684965062,0.574134695619555,0.017269196746335355,0.04928879275743667,0.007745085076490493,0.14826939123911012,0.034538393492670696,17569.8,118.07497618039126,0.21892973553004103,0.003093248634428868,0.0,0.0,0.0,0.0,0.0,0.0,0.0,0.0,0.0,0.0,0.0,0.0,0.0,0.0
ppdai_imb77,gbdt,random,0.0,6,0.7832543383789088,0.0063110890746331735,0.5510282568103176,0.03140736409928018,0.04353089653321541,0.006197434727807875,0.1020565136206352,0.06281472819856038,20100.6,128.74509699402122,0.2183266275506265,0.0034992655465475313,0.0,0.0,0.0,0.0,0.0,0.0,0.0,0.0,0.0,0.0,0.0,0.0,0.0,0.0
ppdai_imb77,gbdt,random,0.0,7,0.784996050636104,0.003927121331773294,0.5777246696567978,0.0821837095350347,0.03902883760226703,0.00450164991610309,0.1554493393135956,0.16436741907006946,22638.6,136.90617224946405,0.21857460745535134,0.003536852540925366,0.0,0.0,0.0,0.0,0.0,0.0,0.0,0.0,0.0,0.0,0.0,0.0,0.0,0.0
ppdai_imb77,gbdt,random,0.0,8,0.7864062224609649,0.007338211556890445,0.6006039608571895,0.04240316131822306,0.039566567199800486,0.004267367079862483,0.2012079217143789,0.08480632263644602,25172.6,143.4879785905423,0.2183384896414886,0.0023151557570666058,0.0,0.0,0.0,0.0,0.0,0.0,0.0,0.0,0.0,0.0,0.0,0.0,0.0,0.0
ppdai_imb77,gbdt,random,0.0,9,0.7860164892455619,0.007251980761723283,0.575495465204203,0.06311646325929265,0.04157656748572465,0.006097160601930474,0.15099093040840614,0.12623292651858528,27710.2,151.21078003899038,0.2188210060997792,0.0020712883031767416,0.0,0.0,0.0,0.0,0.0,0.0,0.0,0.0,0.0,0.0,0.0,0.0,0.0,0.0
ppdai_imb77,gbdt,random,0.0,10,0.785085769820926,0.004658273224270951,0.5640311318109386,0.05849016284969147,0.0364045360607972,0.005297389334377673,0.12806226362187706,0.11698032569938288,30235.6,159.93998874577903,0.21833959081584803,0.0013445265190952355,0.0,0.0,0.0,0.0,0.0,0.0,0.0,0.0,0.0,0.0,0.0,0.0,0.0,0.0
ppdai_imb77,gbdt,random,0.01,0,0.7802,0.016422545478700958,0.5584332838528782,0.08551997834960536,0.11419965219275068,0.02674432059124414,0.11686656770575624,0.17103995669921065,5000.0,0.0,0.2304,0.0044068129073061395,0.0,0.0,0.0,0.0,0.0,0.0,0.0,0.0,0.0,0.0,0.0,0.0,0.0,0.0
ppdai_imb77,gbdt,random,0.01,1,0.7802948200612937,0.010199716616312578,0.5501118521213451,0.061794251002138194,0.08796506038694756,0.018077276445578515,0.10022370424268998,0.12358850200427635,7507.8,34.20818615477884,0.22528067538883892,0.0021853222937798355,1.6,0.5477225575051661,0.6,0.894427190999916,0.6,0.894427190999916,0.6,0.894427190999916,0.3,0.447213595499958,0.5482340164029915,0.05092973150658226,0.5997176824689106,0.0625048897344962
ppdai_imb77,gbdt,random,0.01,2,0.783414105427089,0.008237349842735605,0.5722958173901571,0.06377855065093585,0.07041474722183891,0.018130427091325896,0.14459163478031403,0.12755710130187178,10015.8,56.60565342790404,0.22208170184596163,0.0037892005835519177,1.6,0.5477225575051661,0.4,0.5477225575051662,0.4,0.5477225575051662,1.0,1.4142135623730951,0.2,0.2738612787525831,0.6017603901516999,0.044411053965164024,0.5868170084824003,0.08557018954900579
ppdai_imb77,gbdt,random,0.01,3,0.7841328546829538,0.004439263342738469,0.5885093631784473,0.06902053570337083,0.059408034841402516,0.012367610572356115,0.17701872635689453,0.13804107140674163,12540.4,77.5035483058677,0.22018213934123887,0.004825562139702948,1.4,0.5477225575051662,1.0,1.0,1.0,1.0,2.0,2.345207879911715,0.6,0.5477225575051661,0.5491890511945108,0.00826630375856204,0.6147757908486999,0.08383241062447326
ppdai_imb77,gbdt,random,0.01,4,0.7833730422134166,0.005490850831356867,0.5771470607357768,0.05062565331984415,0.05252025694259593,0.004865403357295763,0.1542941214715538,0.10125130663968836,15069.6,92.13739740192354,0.21968334622059796,0.004030698374455459,1.8,0.4472135954999579,1.0,1.0,1.0,1.0,3.0,1.8708286933869707,0.5,0.5,0.5778455171725361,0.05340871582270341,0.6173207802220007,0.08484806679609826
ppdai_imb77,gbdt,random,0.01,5,0.7903950167804469,0.003115599027085221,0.5757612716404233,0.03398531437744388,0.055074121821771474,0.009148578763032954,0.15152254328084663,0.06797062875488782,17601.4,97.66166085010025,0.21909627384915226,0.002867121591473817,1.2,0.4472135954999579,0.4,0.5477225575051661,0.4,0.5477225575051661,3.4,1.51657508881031,0.4,0.5477225575051661,0.5930361716402347,0.020985491509345828,0.5509433749036686,0.032049473581511556
ppdai_imb77,gbdt,random,0.01,6,0.7821069769229664,0.008505240197481109,0.5544101849381089,0.04149572268739066,0.04263284303070515,0.0051333469491862465,0.10882036987621771,0.08299144537478134,20135.0,104.78310932588325,0.21862224317728912,0.0032883751394088864,1.2,0.4472135954999579,0.4,0.5477225575051661,0.4,0.5477225575051661,3.8,1.6431676725154984,0.3,0.4472135954999579,0.5512580215154942,0.06251182731651038,0.6013717002369148,0.06446236048872402
ppdai_imb77,gbdt,random,0.01,7,0.7876455388992902,0.005122382421902179,0.5881616991636424,0.06361433039371353,0.04787370146921313,0.010262702669253857,0.17632339832728486,0.12722866078742706,22673.2,110.80703948757031,0.21899490381557013,0.0032457849670119564,1.0,0.0,1.0,0.0,1.0,0.0,4.8,1.6431676725154984,1.0,0.0,0.6239216275905586,0.05722315125597197,0.603981576388583,0.0617661408333059
ppdai_imb77,gbdt,random,0.01,8,0.7889571183714874,0.008449956797672393,0.5864674443540423,0.06493906802754347,0.045011399442209,0.011099907025806401,0.1729348887080846,0.12987813605508702,25207.6,112.70891712726137,0.21868149065696904,0.0019971399607266586,1.2,0.4472135954999579,0.8,0.8366600265340756,0.8,0.8366600265340756,5.6,2.302172886644268,0.6,0.5477225575051661,0.6291910327355208,0.02874796264419656,0.6582385274735264,0.06591896607580075
ppdai_imb77,gbdt,random,0.01,9,0.7920359565563222,0.0037024656616930496,0.6147344468009898,0.07219125498608894,0.04418319294552543,0.009983057716138444,0.22946889360197947,0.14438250997217797,27743.4,115.58027513377877,0.21908862882956473,0.0018444529386875657,1.0,0.0,0.4,0.5477225575051661,0.4,0.5477225575051661,6.0,2.449489742783178,0.4,0.5477225575051661,0.6017734353699404,0.02472596696016036,0.6213999734540143,0.02088390293033356
ppdai_imb77,gbdt,random,0.01,10,0.7881049091170331,0.004392755369234159,0.6439053884215175,0.03191278351866385,0.03875832323156235,0.006061631662228276,0.2878107768430349,0.0638255670373277,30271.8,116.19681579113961,0.21857683465846067,0.00093619898438465,1.0,0.0,0.4,0.5477225575051661,0.4,0.5477225575051661,6.4,2.073644135332772,0.4,0.5477225575051661,0.6303181515377564,0.045216521287954926,0.5775074157917963,0.0613156760835774
ppdai_imb77,gbdt,random,0.02,0,0.7802,0.016422545478700958,0.5584332838528782,0.08551997834960536,0.11419965219275068,0.02674432059124414,0.11686656770575624,0.17103995669921065,5000.0,0.0,0.2304,0.0044068129073061395,0.0,0.0,0.0,0.0,0.0,0.0,0.0,0.0,0.0,0.0,0.0,0.0,0.0,0.0
ppdai_imb77,gbdt,random,0.02,1,0.778161293318682,0.01135692957507624,0.5720584013687462,0.08357413130709147,0.08033953681489395,0.019177428262633203,0.1441168027374924,0.16714826261418295,7509.0,33.830459648074545,0.22532485098769967,0.0022053645803025777,2.8,0.8366600265340756,1.2,1.3038404810405297,1.2,1.3038404810405297,1.2,1.3038404810405297,0.35,0.355512150128359,0.5482340164029915,0.05092973150658226,0.6339967693647441,0.05571358020458048
ppdai_imb77,gbdt,random,0.02,2,0.7905876269830987,0.003644462092686798,0.5730919694575084,0.04116864438649703,0.07350367384455862,0.013099614563400324,0.14618393891501671,0.08233728877299401,10020.2,52.059581250717244,0.22234521351733866,0.0038672688097390103,2.6,0.5477225575051661,1.2,1.3038404810405297,1.2,1.3038404810405297,2.4,2.6076809620810595,0.4,0.4346134936801766,0.5923000373650071,0.03276731221010334,0.6054141556240651,0.04969510127751368
ppdai_imb77,gbdt,random,0.02,3,0.7826676507638217,0.010583975528387671,0.5348627175589337,0.04634892748590186,0.0636086712325705,0.01675307470006299,0.06972543511786737,0.09269785497180373,12535.4,74.33236172758129,0.22019183676087323,0.004789412376936641,2.6,0.5477225575051661,1.4,0.8944271909999159,1.4,0.8944271909999159,3.8,2.04939015319192,0.5333333333333333,0.38005847503304596,0.5455370125326028,0.026281839039519955,0.6014840050890513,0.03988755954488678
ppdai_imb77,gbdt,random,0.02,4,0.7887726352042458,0.012757929064207607,0.5862246865959498,0.04712037194063317,0.059745841120060116,0.01332483329124794,0.17244937319189974,0.09424074388126641,15053.8,96.10775202864755,0.219316650502719,0.003951052325541286,2.8,0.447213595499958,1.4,0.5477225575051662,1.4,0.5477225575051662,5.2,2.4899799195977463,0.5,0.16666666666666669,0.60000831968139,0.04870232088428641,0.5826024213628193,0.024745943523312004
ppdai_imb77,gbdt,random,0.02,5,0.783871534036921,0.006240684653345033,0.5692185592185592,0.025449543762431304,0.05203210426065931,0.007283596172154723,0.13843711843711842,0.05089908752486268,17578.6,109.52305693323183,0.21877621438717312,0.002969767465819396,2.4,0.5477225575051661,0.8,0.8366600265340756,0.8,0.8366600265340756,6.0,3.3166247903554,0.3,0.2981423969999719,0.5660002775332005,0.03317513914576522,0.6123126368580533,0.053521984993455334
ppdai_imb77,gbdt,random,0.02,6,0.7827902972587373,0.007750065275436987,0.573169014084507,0.0323528611176127,0.048426348374396425,0.0030162334344513457,0.1463380281690141,0.06470572223522543,20113.0,119.52196450862046,0.21827270897569936,0.0034409132175018267,2.4,0.5477225575051661,1.2,0.4472135954999579,1.2,0.4472135954999579,7.2,3.420526275297414,0.5333333333333333,0.2738612787525831,0.5714414916801369,0.055329224448214094,0.5687553088481022,0.044223308262323804
ppdai_imb77,gbdt,random,0.02,7,0.7853343941860065,0.004106249086998575,0.5484648192496293,0.04529768801929361,0.03940047769945398,0.00805570203296042,0.09692963849925876,0.09059537603858726,22651.8,131.38569176283985,0.2186422765655141,0.0034845738018106755,2.0,0.0,1.4,0.5477225575051661,1.4,0.5477225575051661,8.6,3.361547262794322,0.7,0.27386127875258304,0.6372741102578354,0.056816375232828495,0.6438215667101539,0.07372196679800526
ppdai_imb77,gbdt,random,0.02,8,0.782971727049623,0.004686844492156197,0.5507916640743657,0.03560691934439015,0.04038581081468674,0.009435443784970314,0.10158332814873164,0.07121383868878024,25187.4,136.67223565889364,0.21841762696097017,0.0022324354242910446,2.0,0.0,1.2,0.8366600265340756,1.2,0.8366600265340756,9.8,3.3466401061363023,0.6,0.4183300132670378,0.6160272246846933,0.04780012149288039,0.6081818064977986,0.05742883888160166
ppdai_imb77,gbdt,random,0.02,9,0.7848630069040538,0.00506336889672336,0.5371610708739867,0.05366173372203288,0.03642120768772949,0.004919022806132944,0.07432214174797333,0.10732346744406569,27727.2,138.43662810109225,0.2188611361307379,0.002078539530304721,2.0,0.0,1.2,1.0954451150103321,1.2,1.0954451150103321,11.0,4.358898943540674,0.6,0.5477225575051661,0.6180687418127379,0.056969087901360835,0.6001217734991168,0.06474160706594842
ppdai_imb77,gbdt,random,0.02,10,0.7863910578296206,0.0038995631842168206,0.563391554509854,0.024996358973697754,0.03791451686045055,0.006327484138558656,0.12678310901970816,0.04999271794739553,30258.4,148.01452631414247,0.2183483967821529,0.0011027216793715617,2.2,0.44721359549995787,0.8,0.8366600265340756,0.8,0.8366600265340756,11.8,4.919349550499538,0.3333333333333333,0.31180478223116176,0.6517886663527885,0.09076646791224496,0.60955850952032,0.06039202159240055
ppdai_imb77,gbdt,random,0.05,0,0.7802,0.016422545478700958,0.5584332838528782,0.08551997834960536,0.11419965219275068,0.02674432059124414,0.11686656770575624,0.17103995669921065,5000.0,0.0,0.2304,0.0044068129073061395,0.0,0.0,0.0,0.0,0.0,0.0,0.0,0.0,0.0,0.0,0.0,0.0,0.0,0.0
ppdai_imb77,gbdt,random,0.05,1,0.7865163077231077,0.012508584238101823,0.5326960631460673,0.05547860855379218,0.08051750141387276,0.012611199174041902,0.06539212629213459,0.1109572171075843,7512.6,32.97423236407486,0.22553596082076596,0.002284520446498872,6.4,1.6733200530681511,3.6,0.5477225575051661,3.6,0.5477225575051661,3.6,0.5477225575051661,0.5831746031746031,0.13564511371880436,0.5482340164029915,0.05092973150658226,0.6053020067735468,0.023842142873276254
ppdai_imb77,gbdt,random,0.05,2,0.7834826888981631,0.016596579923752828,0.5561219372186471,0.08111898675724054,0.07537539150584731,0.019341166866049357,0.11224387443729418,0.16223797351448116,10018.8,47.630872341371074,0.22265390108940894,0.003820917020322917,6.6,1.1401754250991383,4.6,2.073644135332772,4.6,2.073644135332772,8.2,2.4899799195977463,0.7,0.2784798384231133,0.5728003693562649,0.035895189350923014,0.6211874205227377,0.035793641612667605
ppdai_imb77,gbdt,random,0.05,3,0.7790933331096562,0.01324330059933838,0.4974309477840063,0.03349166406278679,0.05409422652171771,0.01367749019937856,-0.005138104431987295,0.06698332812557359,12529.6,66.63557608365089,0.22024604640274098,0.004770611251009427,6.4,1.140175425099138,3.2,1.9235384061671343,3.2,1.9235384061671343,11.4,2.9664793948382653,0.508095238095238,0.29095199127087923,0.5521901496917174,0.031697988755952256,0.5910976221257802,0.04848191338993242
ppdai_imb77,gbdt,random,0.05,4,0.7854461423547499,0.008254321443161058,0.6111316183996263,0.03661441521059468,0.06332851451563608,0.007180416265515178,0.2222632367992524,0.07322883042118937,15056.4,84.58013951277195,0.21974550950393712,0.0038984636041615437,5.4,0.8944271909999159,2.6,0.8944271909999159,2.6,0.8944271909999159,14.0,3.5355339059327378,0.4966666666666667,0.19734346820820914,0.5681848628229842,0.07015202386008493,0.6275829661504758,0.05189393979756568
ppdai_imb77,gbdt,random,0.05,5,0.7823621661176354,0.008228575208919032,0.5503641456582633,0.04998809185848793,0.052946338852057837,0.005804193519049659,0.10072829131652661,0.0999761837169759,17584.4,97.75632971833593,0.21928524532283772,0.0028782580083008685,5.4,0.8944271909999157,3.0,1.4142135623730951,3.0,1.4142135623730951,17.0,3.391164991562634,0.5657142857142856,0.29304871782761344,0.5567013973416428,0.0317502250301793,0.6345186759213375,0.04080281161150727
ppdai_imb77,gbdt,random,0.05,6,0.7839982625863462,0.009416919380910185,0.5721990099541927,0.05556855083817811,0.04871721962322194,0.005200401666336272,0.14439801990838547,0.11113710167635622,20122.4,103.48574781099113,0.21887847413506387,0.0032652016096929057,5.0,0.7071067811865475,3.6,1.1401754250991378,3.6,1.1401754250991378,20.6,3.7815340802378072,0.7233333333333334,0.21845416503747925,0.5631828274402532,0.062124524448057036,0.6102879050715446,0.018688133317725716
ppdai_imb77,gbdt,random,0.05,7,0.7827787188119556,0.006977708554461517,0.5799017108889825,0.07147064395070876,0.045675718246870896,0.0073530708814283,0.15980342177796486,0.14294128790141752,22658.2,107.2389854483904,0.2191850230325234,0.0030979262553478947,5.0,0.0,3.2,0.8366600265340756,3.2,0.8366600265340756,23.8,4.43846820423443,0.64,0.16733200530681513,0.6178958000369658,0.04957176753317014,0.5863428241716471,0.03230016279670354
ppdai_imb77,gbdt,random,0.05,8,0.787233121965215,0.008574222442047818,0.6107112876430322,0.03540436275801186,0.04508599961038946,0.00655549008308569,0.2214225752860644,0.07080872551602371,25187.6,114.4827497922719,0.21882362598403748,0.0019444879570966504,5.2,0.44721359549995787,3.2,1.4832396974191326,3.2,1.4832396974191326,27.0,3.872983346207417,0.6333333333333334,0.3091206165165235,0.615191039958406,0.05997631633777972,0.6023414219016366,0.029098100926789553
ppdai_imb77,gbdt,random,0.05,9,0.7882814777959349,0.009455398868811526,0.6081391156781532,0.04868977438578527,0.04649101860503542,0.008177332944881,0.21627823135630647,0.09737954877157055,27724.8,120.47281851106513,0.21919216258119406,0.0018499365470607684,5.0,0.7071067811865475,3.0,1.4142135623730951,3.0,1.4142135623730951,30.0,3.0,0.5900000000000001,0.2701851217221259,0.6180448611479801,0.029723922544961603,0.6000397582754009,0.0278736079742483
ppdai_imb77,gbdt,random,0.05,10,0.7855603225236918,0.00529406606150862,0.6157430021898459,0.02994891973338173,0.040269527646704335,0.005406017634409211,0.2314860043796918,0.0598978394667635,30252.8,123.10442721527133,0.21861526680846238,0.0008090327198647552,5.6,0.5477225575051662,4.2,0.8366600265340756,4.2,0.8366600265340756,34.2,2.4899799195977455,0.7466666666666667,0.1069787102392081,0.6557911734017781,0.07427227515147068,0.6007260175167635,0.0266808773174317
ppdai_imb77,gbdt,random,0.1,0,0.7802,0.016422545478700958,0.5584332838528782,0.08551997834960536,0.11419965219275068,0.02674432059124414,0.11686656770575624,0.17103995669921065,5000.0,0.0,0.2304,0.0044068129073061395,0.0,0.0,0.0,0.0,0.0,0.0,0.0,0.0,0.0,0.0,0.0,0.0,0.0,0.0
ppdai_imb77,gbdt,random,0.1,1,0.785671440618452,0.008648179420291134,0.5572042819348939,0.06470095649754727,0.09193606869179369,0.023402843312163066,0.11440856386978768,0.1294019129950945,7518.4,31.24579971772192,0.22576170514160876,0.002124129205861057,12.2,3.4205262752974144,6.6,1.8165902124584952,6.6,1.8165902124584952,6.6,1.8165902124584952,0.5479458450046686,0.08983556426701354,0.5482340164029915,0.05092973150658226,0.6267781076592023,0.025911147913165483
ppdai_imb77,gbdt,random,0.1,2,0.7899544427183708,0.008832081468733682,0.578736559139785,0.060928503094242546,0.08185246402354264,0.009327894167888694,0.1574731182795699,0.12185700618848506,10039.0,51.048996072400875,0.2230420097939274,0.0038653456670160076,12.2,2.9495762407505257,6.2,1.9235384061671343,6.2,1.9235384061671343,12.8,3.5637059362410923,0.5176573426573426,0.144011276087921,0.5893365123261258,0.05348232259438711,0.5999549931933725,0.02491690468939187
ppdai_imb77,gbdt,random,0.1,3,0.7856556817085989,0.011960434831673533,0.5557148392954019,0.06649788559832008,0.06402529543011495,0.016153053789059697,0.11142967859080391,0.1329957711966402,12565.0,66.7869747780209,0.22101088773959843,0.00469035488641238,11.4,1.816590212458495,9.2,2.7748873851023217,9.2,2.7748873851023217,22.0,6.041522986797286,0.8013708513708513,0.16440514467665285,0.5744912219351359,0.033731471990272585,0.6045986023276322,0.01640326381605312
ppdai_imb77,gbdt,random,0.1,4,0.7872509339854408,0.009144757849742072,0.5836115697994433,0.05011653354322862,0.06197390170126245,0.009961218190559645,0.16722313959888674,0.1002330670864572,15098.6,85.47689746358377,0.22044217808785196,0.0038828375420960834,10.6,2.0736441353327724,6.6,2.0736441353327724,6.6,2.0736441353327724,28.6,7.635443667528429,0.6308663558663559,0.18209388173924115,0.5969093916460962,0.06118224012818034,0.6034707792078022,0.020258505181897157
ppdai_imb77,gbdt,random,0.1,5,0.7815986263861726,0.008381589442263651,0.5452281294805275,0.11056809093541851,0.05471544121105213,0.006294957116626359,0.09045625896105496,0.22113618187083706,17633.0,99.67697828485748,0.22006408445062126,0.002933339698013558,10.2,1.7888543819998322,6.2,1.9235384061671343,6.2,1.9235384061671343,34.8,9.038805230781335,0.6031080031080032,0.1315535974725918,0.5477652626335308,0.03362382971495604,0.6214276754635432,0.027242880028517588
ppdai_imb77,gbdt,random,0.1,6,0.7843919332371152,0.007544041720603419,0.5815847266636439,0.08094086766724908,0.05320277607986022,0.003171981493412292,0.16316945332728788,0.16188173533449807,20175.6,100.48781020601449,0.21965955606288606,0.003215640306656318,9.6,0.5477225575051662,5.6,1.5165750888103102,5.6,1.5165750888103102,40.4,9.476286192385707,0.5844444444444444,0.16170389033090127,0.5532943435746096,0.08391354904200865,0.5934283042218216,0.032832234210305726
ppdai_imb77,gbdt,random,0.1,7,0.7827615671579995,0.007158967101212037,0.610040527876803,0.07987782090512768,0.049485831975503616,0.009060867088523144,0.22008105575360598,0.1597556418102554,22721.6,101.38195105638817,0.22001773020520737,0.003026060165608837,9.0,1.224744871391589,6.0,1.8708286933869709,6.0,1.8708286933869709,46.4,10.089598604503552,0.6523809523809524,0.13652639225553767,0.6300858879232306,0.068321327444287,0.5918599528243613,0.0313160446689099
ppdai_imb77,gbdt,random,0.1,8,0.7849935576681425,0.005120563752588294,0.5848704235772146,0.07487845512352465,0.04510166324009499,0.004449282865340805,0.16974084715442936,0.14975691024704935,25260.2,103.47318493213585,0.21971512382800173,0.0019076053779607458,10.0,0.0,6.6,1.816590212458495,6.6,1.816590212458495,53.0,9.899494936611665,0.6599999999999999,0.1816590212458495,0.6189050063391717,0.04487102960004565,0.5794821484560456,0.023825804721332177
ppdai_imb77,gbdt,random,0.1,9,0.789158758170384,0.00441473066681883,0.6373926212838904,0.07105989026958742,0.047723557263435634,0.0045419202989407615,0.2747852425677808,0.14211978053917487,27809.4,103.71740451823922,0.22024543314764897,0.0017151467942145096,8.6,0.5477225575051662,5.6,1.1401754250991378,5.6,1.1401754250991378,58.6,9.44986772394196,0.65,0.12044157438154886,0.5995741875259948,0.052277260239087714,0.5967269119179003,0.020531340414827917
ppdai_imb77,gbdt,random,0.1,10,0.7856343532372829,0.005423786950766928,0.6086709651621932,0.0159091645108805,0.04306543408339608,0.007484073446227011,0.21734193032438648,0.031818329021761044,30347.2,109.02843665759903,0.21975454428162208,0.000806125641369419,10.0,0.7071067811865476,6.6,2.073644135332772,6.6,2.073644135332772,65.2,9.757048734120374,0.6646464646464646,0.22004790269776608,0.6432727643798268,0.08089669328307746,0.5791003616113738,0.027674570227410742
ppdai_imb77,gbdt,random,0.15,0,0.7802,0.016422545478700958,0.5584332838528782,0.08551997834960536,0.11419965219275068,0.02674432059124414,0.11686656770575624,0.17103995669921065,5000.0,0.0,0.2304,0.0044068129073061395,0.0,0.0,0.0,0.0,0.0,0.0,0.0,0.0,0.0,0.0,0.0,0.0,0.0,0.0
ppdai_imb77,gbdt,random,0.15,1,0.787397591707695,0.007936780948331114,0.5440156970336034,0.053661194107923575,0.08418636106715716,0.026263551866597533,0.08803139406720698,0.10732238821584725,7524.2,29.405781744412,0.2259862220138796,0.002071091199619045,18.0,5.244044240850758,9.6,2.6076809620810595,9.6,2.6076809620810595,9.6,2.6076809620810595,0.5541111829347123,0.16738497468751984,0.5482340164029915,0.05092973150658226,0.6244543004048146,0.03156922104445576
ppdai_imb77,gbdt,random,0.15,2,0.7880097821276852,0.01204134553570022,0.5636510486863342,0.05266680097925892,0.08678511367985979,0.009591834003097491,0.12730209737266845,0.10533360195851782,10053.6,43.546526841988104,0.22361492612373163,0.0035289107449307847,17.0,3.6055512754639887,12.2,2.16794833886788,12.2,2.16794833886788,21.8,4.604345773288535,0.7267008318478907,0.09849100823025458,0.6080497692034561,0.051516773697579954,0.6117203797045108,0.01358842242445164
ppdai_imb77,gbdt,random,0.15,3,0.7897032193633946,0.01405756781604021,0.5544839806579904,0.0285053426710597,0.06958478291221988,0.014043331974899386,0.10896796131598085,0.05701068534211935,12582.0,60.73713855624086,0.22155568231670805,0.0046436664600175625,17.4,3.4351128074635335,11.2,1.7888543819998322,11.2,1.7888543819998322,33.0,6.041522986797286,0.6527631578947368,0.08164842118155406,0.5582128558825702,0.023714810870460696,0.6135261843246704,0.03135413812847416
ppdai_imb77,gbdt,random,0.15,4,0.7868725784158748,0.005765873806582404,0.6106956641811655,0.0330789599165951,0.06909155623317711,0.008650808969908512,0.22139132836233086,0.0661579198331902,15119.0,77.92945527847606,0.22096768880114476,0.003708395070230486,15.8,3.03315017762062,8.8,2.2803508501982757,8.8,2.2803508501982757,41.8,8.28854631404084,0.5566450886574725,0.0889764534074978,0.5896943079235497,0.06668202105799642,0.6150673604729009,0.023906100288213068
ppdai_imb77,gbdt,random,0.15,5,0.7836585613029585,0.003622382313556071,0.5734709858083697,0.047286784164309356,0.06437849622636063,0.006583315519110372,0.14694197161673955,0.0945735683286187,17656.2,85.59030318908837,0.22038969445367482,0.00257098430536309,15.8,2.3874672772626644,8.0,3.24037034920393,8.0,3.24037034920393,49.8,9.731392500562292,0.49374085666655326,0.15570798854870066,0.5685003175642239,0.020697463684362892,0.6097107202351104,0.01991676835761741
ppdai_imb77,gbdt,random,0.15,6,0.7837861701655429,0.006751086845769907,0.6070810958543114,0.07300888620577899,0.05315735832355297,0.005169563081339889,0.21416219170862266,0.14601777241155797,20197.6,92.46512856206877,0.21969907708646516,0.0032132521856899727,15.0,2.345207879911715,6.6,1.51657508881031,6.6,1.51657508881031,56.4,9.710818709048173,0.44313475997686524,0.0976399454611164,0.5763645673323092,0.060857721072228844,0.5905637413990821,0.024105613823486347
ppdai_imb77,gbdt,random,0.15,7,0.783868218550628,0.004269764050657267,0.6029538665898493,0.06169049762344419,0.051403191598332565,0.005430253068436146,0.20590773317969852,0.12338099524688832,22751.4,96.10306967001617,0.22027560835553106,0.0030596067415505396,12.6,1.140175425099138,8.6,2.073644135332772,8.6,2.073644135332772,65.0,9.617692030835672,0.6781884781884782,0.11579044560559033,0.6122173035943717,0.08061909381633825,0.5942555468971719,0.034523678825563245
ppdai_imb77,gbdt,random,0.15,8,0.7893515619838333,0.004867286708987343,0.6005363042748127,0.04987741436015901,0.05427968338426866,0.005101641153131729,0.20107260854962544,0.09975482872031802,25294.4,95.92861929580818,0.22001242861093345,0.0017733458584775967,14.8,0.8366600265340753,9.0,2.1213203435596424,9.0,2.1213203435596424,74.0,10.124228365658293,0.6051190476190477,0.12346248294067941,0.613735006972089,0.05605023542819236,0.605621240004864,0.04739127702750114
ppdai_imb77,gbdt,random,0.15,9,0.7888909362919201,0.007296166679951838,0.6100569095958719,0.030931858876978587,0.047654700169854215,0.005472442292773822,0.22011381919174355,0.061863717753957104,27841.0,102.55486336590803,0.22044737237031672,0.001729469447613274,14.2,2.3874672772626644,9.2,2.387467277262665,9.2,2.387467277262665,83.2,10.256705123966467,0.640151025445143,0.07365907334889238,0.6116290674146587,0.019006670273753457,0.5869919935061788,0.012339157838459505
ppdai_imb77,gbdt,random,0.15,10,0.7863291986983251,0.004528469002338772,0.6249268368315988,0.026370210911344616,0.04416412562215985,0.0038904112760215935,0.24985367366319747,0.05274042182268921,30385.2,105.60634450637906,0.21998014657659754,0.000703433029862984,14.4,1.140175425099138,7.8,2.7748873851023217,7.8,2.7748873851023217,91.0,9.924716620639604,0.5337362637362637,0.14891001960220876,0.6387810175574604,0.07168982555692,0.5784735390227878,0.022033382249731368
ppdai_imb77,gbdt,random,0.2,0,0.7802,0.016422545478700958,0.5584332838528782,0.08551997834960536,0.11419965219275068,0.02674432059124414,0.11686656770575624,0.17103995669921065,5000.0,0.0,0.2304,0.0044068129073061395,0.0,0.0,0.0,0.0,0.0,0.0,0.0,0.0,0.0,0.0,0.0,0.0,0.0,0.0
ppdai_imb77,gbdt,random,0.2,1,0.7788952978894822,0.012733585817735172,0.49904395936218504,0.033654928144228255,0.07398563151113705,0.01803749501608949,-0.001912081275629976,0.0673098562884565,7530.0,27.67670500619604,0.22613246101905463,0.0019505801000379024,23.8,6.97853852894716,12.0,4.795831523312719,12.0,4.795831523312719,12.0,4.795831523312719,0.495254333617505,0.06912636494692154,0.5482340164029915,0.05092973150658226,0.617524231606778,0.009084003645789554
ppdai_imb77,gbdt,random,0.2,2,0.7834672121909506,0.01143834240391209,0.5455871742636449,0.03412813587189572,0.08560258079183622,0.0054607282782894355,0.0911743485272897,0.06825627174379134,10060.2,42.186490728668396,0.2237686621868673,0.0038253710607880605,23.4,4.560701700396553,13.2,2.6832815729997477,13.2,2.6832815729997477,25.2,6.058052492344383,0.567415048778132,0.06576639720666833,0.5812523476523477,0.05446879646525582,0.6052049538848987,0.028970679847336325
ppdai_imb77,gbdt,random,0.2,3,0.7813928353569018,0.007984745771873138,0.5815873015873015,0.06591220865045529,0.06647357470251022,0.011854908481774125,0.16317460317460317,0.13182441730091057,12596.0,58.35666200186559,0.221804264302717,0.00452934319478638,22.2,4.868264577855235,12.4,1.9493588689617927,12.4,1.9493588689617927,37.6,7.602631123499284,0.5663786992734361,0.05366760308968431,0.5551522822389456,0.03331035147125486,0.6130352194449606,0.023944893645644685
ppdai_imb77,gbdt,random,0.2,4,0.7845321441533983,0.007328101001078287,0.577415915845087,0.06341426549276459,0.06643088983451848,0.012330684637776791,0.15483183169017406,0.12682853098552918,15137.4,68.57331842633847,0.22137465967769349,0.00366239659433395,21.0,3.5355339059327373,13.0,2.345207879911715,13.0,2.345207879911715,50.6,8.876936408468858,0.6202023338979861,0.06289129353348834,0.5819542891307596,0.03295903933226302,0.6047131211937578,0.028637593800910466
ppdai_imb77,gbdt,random,0.2,5,0.7853002317646615,0.007194851005436076,0.5820754956974494,0.06375912371269615,0.06984978823212991,0.005187545441233382,0.1641509913948988,0.1275182474253923,17683.8,74.95465295763795,0.22101960945111224,0.002541611343905595,19.8,3.96232255123179,11.4,5.272570530585627,11.4,5.272570530585627,62.0,9.924716620639604,0.553572192513369,0.15737538356716588,0.5621564460447198,0.03865660040857246,0.6013969453565917,0.02253413923993046
ppdai_imb77,gbdt,random,0.2,6,0.7877495394848592,0.006559084794802488,0.576447493103238,0.03836349821919937,0.05885806136478252,0.005569836036775018,0.15289498620647585,0.07672699643839871,20233.2,80.09806489547657,0.22056991036820456,0.0030524133981095734,19.0,3.082207001484488,12.2,3.7013511046643495,12.2,3.7013511046643495,74.2,11.882760622010357,0.6320433436532508,0.0963266312454036,0.5755914927617212,0.07058494298022837,0.5888634133217727,0.020516840057804173
ppdai_imb77,gbdt,random,0.2,7,0.784468453688932,0.006374903541553864,0.6175736436446286,0.032001840001686925,0.05653046852615904,0.0026953395178154547,0.23514728728925718,0.06400368000337386,22786.0,87.91188770581624,0.22095152475652666,0.0029975638780982213,18.0,2.6457513110645907,12.2,2.280350850198276,12.2,2.280350850198276,86.4,13.145341380123986,0.6783657003471244,0.08878876690110098,0.6372481920994756,0.06807293699990287,0.6011002459425439,0.03115803795620964
ppdai_imb77,gbdt,random,0.2,8,0.7863176820375797,0.0040769037662000485,0.583724173553719,0.04916031452663792,0.05682334292722545,0.007828367685862762,0.167448347107438,0.09832062905327583,25334.8,91.39857766945816,0.22064895548232935,0.0018848650419057268,19.0,1.5811388300841898,11.4,1.51657508881031,11.4,1.51657508881031,97.8,14.166862743741115,0.5995370779890903,0.05825268898581446,0.6283942265550133,0.047576094447145334,0.5960285837277457,0.01873297060944887
ppdai_imb77,gbdt,random,0.2,9,0.7848282572604195,0.0057262078089397594,0.5672357528640941,0.021150787789927954,0.05133716469275509,0.003383349963886279,0.13447150572818806,0.042301575579855914,27886.4,92.96128226310132,0.22105090694382284,0.0017374630809667382,18.4,1.6733200530681511,10.2,0.8366600265340756,10.2,0.8366600265340756,108.0,14.49137674618944,0.5561111111111112,0.04463500812834342,0.6062925688318631,0.0507612817080582,0.588533516848371,0.021616056426267245
ppdai_imb77,gbdt,random,0.2,10,0.7859155631227936,0.002278320797724978,0.5963362463362463,0.03667120068224619,0.049526471464332936,0.005463560194397855,0.19267249267249267,0.0733424013644924,30431.0,93.18261640456363,0.2205432723813537,0.0007833722357221865,20.2,0.44721359549995815,13.0,1.8708286933869707,13.0,1.8708286933869707,121.0,13.910427743243556,0.6438095238095238,0.09456008659748712,0.6505226121376385,0.06874274854549056,0.5878665962795114,0.020047030337188635
ppdai_imb77,gbdt,random,0.3,0,0.7802,0.016422545478700958,0.5584332838528782,0.08551997834960536,0.11419965219275068,0.02674432059124414,0.11686656770575624,0.17103995669921065,5000.0,0.0,0.2304,0.0044068129073061395,0.0,0.0,0.0,0.0,0.0,0.0,0.0,0.0,0.0,0.0,0.0,0.0,0.0,0.0
ppdai_imb77,gbdt,random,0.3,1,0.7831555310531748,0.016122070164658824,0.6047726728654199,0.12395275987854161,0.0919964927020529,0.03547736684503415,0.20954534573083997,0.24790551975708325,7541.8,24.335159748807996,0.22668125947395631,0.0016054354599691273,35.6,10.310189135025603,18.8,7.791020472312982,18.8,7.791020472312982,18.8,7.791020472312982,0.5160734037204626,0.10424896552279171,0.5482340164029915,0.05092973150658226,0.6165039399062164,0.020406128455440067
ppdai_imb77,gbdt,random,0.3,2,0.7865996302413636,0.012156293654031355,0.5588779905294017,0.06829679505326676,0.08261986132214764,0.022795801066819336,0.11775598105880332,0.1365935901065335,10090.8,34.542727165062985,0.22465643029541785,0.003317790547620297,32.2,5.630275304103699,19.4,4.393176527297759,19.4,4.393176527297759,38.2,11.099549540409287,0.598881118881119,0.07381835759268414,0.6038321658110646,0.03530845113210813,0.5922452542331038,0.014218193544557502
ppdai_imb77,gbdt,random,0.3,3,0.7811115520328493,0.013275562022955774,0.5577179752901315,0.04212473024698331,0.0803675719054022,0.020354919386157275,0.11543595058026297,0.08424946049396659,12638.4,49.02856310356233,0.2228183862788236,0.004340214072430898,33.0,7.449832212875671,19.8,3.8987177379235853,19.8,3.8987177379235853,58.0,14.594519519326425,0.605584686068557,0.059978815124800966,0.5715124367855013,0.0428102468330442,0.6088790430157638,0.019892982306827282
ppdai_imb77,gbdt,random,0.3,4,0.7815433967848979,0.006470383582611668,0.6109847853296129,0.042016679732136936,0.07237793732855659,0.010567938005711782,0.22196957065922582,0.08403335946427386,15190.2,60.93603203360073,0.22247607038541733,0.0036724368082256893,31.0,5.958187643906492,17.8,3.1144823004794873,17.8,3.1144823004794873,75.8,16.99117417955569,0.5780952380952381,0.0468509480999956,0.572400838892593,0.04533046999190367,0.5915562509800216,0.014730798120593837
ppdai_imb77,gbdt,random,0.3,5,0.7874667915792078,0.01103809771978212,0.5914148919777176,0.055899693063335074,0.0731637347916963,0.007171563911243993,0.18282978395543512,0.11179938612667016,17744.6,71.5737382005439,0.22212311898070064,0.0025478972838597885,30.0,6.363961030678928,17.4,4.505552130427525,17.4,4.505552130427525,93.2,19.12328423676226,0.57687999444097,0.04697120218951811,0.5638903521607649,0.038226022618348066,0.6035276865193359,0.013312504153497034
ppdai_imb77,gbdt,random,0.3,6,0.7825262112330069,0.006318309649195869,0.5982763864864935,0.026546690921588737,0.06181173009525755,0.00913822798213291,0.19655277297298707,0.05309338184317745,20303.0,79.6900244698171,0.221476701696681,0.0030152297015178255,28.4,4.979959839195494,15.8,3.6331804249169903,15.8,3.6331804249169903,109.0,22.19234102117215,0.5520039519410801,0.038690588563492875,0.6051988321070938,0.08907052597974259,0.5967798391943584,0.01826871358076438
ppdai_imb77,gbdt,random,0.3,7,0.7852241527505884,0.006408897842108716,0.5810289440833959,0.02633440281203961,0.06089543831022255,0.00429282023356316,0.16205788816679173,0.05266880562407932,22867.0,87.4013729869271,0.22190079443798644,0.0029437170421430436,25.8,3.8987177379235853,15.0,3.7416573867739413,15.0,3.7416573867739413,124.0,23.097618924902193,0.5812962962962963,0.10945603748839616,0.6277632783882784,0.07023093996849156,0.5964494287856172,0.014581339202987615
ppdai_imb77,gbdt,random,0.3,8,0.7813304220413869,0.005711049199748859,0.5874005493511734,0.025922986927878866,0.05379984184834693,0.004859948395227405,0.17480109870234667,0.051845973855757704,25424.6,90.83391437122974,0.22171754280966774,0.0017766512435329273,28.6,2.5099800796022262,19.6,3.4351128074635335,19.6,3.4351128074635335,143.6,25.73518991575543,0.6817511520737327,0.0729890128363052,0.6309991966153781,0.03527235201043483,0.5939592994081511,0.004705334113208919
ppdai_imb77,gbdt,random,0.3,9,0.7836198745321143,0.003539635091469885,0.6143850740511282,0.03511563012466546,0.0581070621654865,0.005921398298806142,0.22877014810225638,0.07023126024933088,27986.0,95.8410141849511,0.22230736142692922,0.0015480396406991233,26.8,2.949576240750525,16.8,3.8987177379235853,16.8,3.8987177379235853,160.4,27.217641337926402,0.6256758056758056,0.11071860755534664,0.5759889671009807,0.03522393270873851,0.5871059355283978,0.018126783354040926
ppdai_imb77,gbdt,random,0.3,10,0.7840691102915838,0.006780643052938395,0.6476923000399923,0.05641208456002412,0.05753928094276393,0.004368679868855819,0.29538460007998457,0.11282416912004821,30539.0,96.13792175827393,0.2218719696916447,0.0007563677768540306,30.8,2.04939015319192,19.8,4.3817804600413295,19.8,4.3817804600413295,180.2,26.03267177989996,0.6411494252873563,0.13252928392585286,0.6325646649395325,0.06960111359848761,0.6101069922983088,0.010958667685899164
ppdai_imb77,gbdt,random,0.5,0,0.7802,0.016422545478700958,0.5584332838528782,0.08551997834960536,0.11419965219275068,0.02674432059124414,0.11686656770575624,0.17103995669921065,5000.0,0.0,0.2304,0.0044068129073061395,0.0,0.0,0.0,0.0,0.0,0.0,0.0,0.0,0.0,0.0,0.0,0.0,0.0,0.0
ppdai_imb77,gbdt,random,0.5,1,0.774809999380419,0.004292966119763217,0.5631552159830119,0.01977298655874879,0.08511874441836326,0.0212972009453586,0.12631043196602376,0.03954597311749752,7565.0,17.21917535772262,0.2276795747021975,0.0017059291723135308,58.8,17.426990560621764,31.6,13.011533345459329,31.6,13.011533345459329,31.6,13.011533345459329,0.523172224492334,0.08105807248711935,0.5482340164029915,0.05092973150658226,0.6234226758313409,0.007221198987854594
ppdai_imb77,gbdt,random,0.5,2,0.7846943239012555,0.010261287434922967,0.5657528177561991,0.022561177417212978,0.08851418979613798,0.017709333125615366,0.13150563551239813,0.04512235483442596,10136.6,29.18561289402716,0.2263076091545045,0.0035836994442391707,52.2,12.872451204024818,33.0,6.442049363362563,33.0,6.442049363362563,64.6,19.07354188398159,0.6395246970704288,0.04771289920544182,0.6178073387712283,0.040383314534942316,0.6026269900697664,0.021584810830413744
ppdai_imb77,gbdt,random,0.5,3,0.7812328322952256,0.007543015932139349,0.5726883369032856,0.032231978009243,0.07688642468059911,0.020286708015163323,0.1453766738065712,0.06446395601848594,12705.0,38.19031290785662,0.22459762221255425,0.004153565848997105,55.4,13.903237033151669,32.4,8.44393273303382,32.4,8.44393273303382,97.0,24.66779276708802,0.582929778352818,0.046690856645479485,0.5824763912399271,0.03115325406114021,0.5998224874527932,0.023441655049616705
ppdai_imb77,gbdt,random,0.5,4,0.7810116135653227,0.006899762716700576,0.5921714805773007,0.045281165648226276,0.07603018592462604,0.006225261340766229,0.18434296115460147,0.09056233129645254,15277.4,47.03509328150636,0.22433819455212833,0.0031711103969712675,51.0,8.860022573334675,30.2,4.919349550499538,30.2,4.919349550499538,127.2,29.320641193534634,0.5936446152970153,0.03644009037393609,0.5977896475141126,0.04643182576047615,0.6102379133540553,0.01774315314503393
ppdai_imb77,gbdt,random,0.5,5,0.7821165673486044,0.007997417715479642,0.5809463807377392,0.050681279868679145,0.08135421746275155,0.01018882699277846,0.16189276147547824,0.10136255973735829,17851.6,52.91313636517818,0.22405455228857094,0.0020509296395601925,49.2,6.685805860178711,29.4,5.128352561983235,29.4,5.128352561983235,156.6,32.97423236407483,0.5961155990442599,0.044514558582914095,0.5832859582838005,0.01491602660677972,0.6013604391001689,0.010284096114047464
ppdai_imb77,gbdt,random,0.5,6,0.7826916006609597,0.0051071742599191,0.603204745258037,0.02562402219159558,0.07296136402822989,0.007313911304128214,0.206409490516074,0.0512480443831912,20428.8,54.623255120873054,0.22359170169058476,0.002618465449248588,46.4,5.412947441089743,25.4,6.61815684310972,25.4,6.61815684310972,182.0,36.64014192112253,0.542859025032938,0.11723284325211446,0.5714706088047923,0.05907213501972511,0.5991717462553312,0.012157926036126247
ppdai_imb77,gbdt,random,0.5,7,0.7832937114359618,0.007067748427404985,0.6008452581729729,0.03977191881849066,0.06936251280478078,0.005732185140072147,0.2016905163459457,0.07954383763698139,23009.4,56.25211107149725,0.22415582425041364,0.0024543134127396784,42.6,4.560701700396551,25.6,2.302172886644268,25.6,2.302172886644268,207.6,35.061374759127744,0.6054697334261906,0.075132481759935,0.6070045630496194,0.0615494034552959,0.5942622747655919,0.007876827025329988
ppdai_imb77,gbdt,random,0.5,8,0.7858332366769692,0.005607693877263516,0.6279205247264391,0.01771245098551775,0.07390727086284725,0.008351973506188522,0.2558410494528782,0.03542490197103561,25584.6,54.75216890681134,0.224023335878916,0.0014352979782076964,48.2,1.9235384061671348,32.6,2.8809720581775875,32.6,2.8809720581775875,240.2,34.974276261275236,0.6764491689367699,0.055023879928517976,0.6389091858785294,0.030951842996331497,0.6005604865760629,0.01264913278155154
ppdai_imb77,gbdt,random,0.5,9,0.7859506847734339,0.004827681579790576,0.604473621200523,0.016271707436034615,0.06980009489744755,0.0029694256832873593,0.20894724240104595,0.03254341487206915,28164.2,54.604944831031986,0.2244963264375775,0.0014311966575472042,44.0,4.636809247747852,27.6,4.39317652729776,27.6,4.39317652729776,267.8,35.57667775383194,0.6266953330357585,0.06475296616586781,0.6263362652501077,0.05475023364912037,0.5834652026953823,0.013080073326597818
ppdai_imb77,gbdt,random,0.5,10,0.7901789596462013,0.0036915714971080546,0.6232334206588362,0.046764626772620554,0.07461833216708832,0.004057054806101196,0.24646684131767255,0.09352925354524114,30738.6,51.68945733899711,0.22416719118042802,0.0003764130167861161,48.6,3.847076812334269,31.8,5.890670590009257,31.8,5.890670590009257,299.6,31.05318019140712,0.6504580259859762,0.08033404233179779,0.6368421989788449,0.05643250703635185,0.5951765390273315,0.01910419665248
ppdai_imb77,gbdt,random,0.75,0,0.7802,0.016422545478700958,0.5584332838528782,0.08551997834960536,0.11419965219275068,0.02674432059124414,0.11686656770575624,0.17103995669921065,5000.0,0.0,0.2304,0.0044068129073061395,0.0,0.0,0.0,0.0,0.0,0.0,0.0,0.0,0.0,0.0,0.0,0.0,0.0,0.0
ppdai_imb77,gbdt,random,0.75,1,0.7817890758505937,0.008669448259940003,0.6189553079890763,0.05557311163133397,0.09942124523500226,0.023609031133032532,0.2379106159781525,0.11114622326266795,7594.2,8.584870412533858,0.22922764274347868,0.0011787751917900781,88.0,26.06722079547415,50.0,18.193405398660254,50.0,18.193405398660254,50.0,18.193405398660254,0.5605865317971617,0.07269357863102748,0.5482340164029915,0.05092973150658226,0.6166713516549913,0.007230046647126216
ppdai_imb77,gbdt,random,0.75,2,0.7794092038232099,0.013306982180472665,0.6094923371647509,0.04251684708362539,0.1010310109297701,0.018421216070783092,0.21898467432950192,0.08503369416725078,10192.0,15.588457268120042,0.22835576428910734,0.0030673790722356665,77.2,22.81885185542866,46.4,11.760102040373628,46.4,11.760102040373628,96.4,29.02240513809977,0.6078911917899259,0.038070797682985706,0.6115416657645945,0.03560038457805356,0.6137088793581637,0.01831984523327838
ppdai_imb77,gbdt,random,0.75,3,0.7769007958148334,0.010487458097311378,0.5706040617575594,0.058078279021670565,0.09376441254365384,0.02878283122144515,0.14120812351511886,0.11615655804334109,12788.6,20.622802913280317,0.22690274954988174,0.0035074150991153733,81.4,18.201648277010516,43.8,8.46758525200662,43.8,8.46758525200662,140.2,37.218275080933026,0.5438436873021051,0.0512205221672772,0.5649550615297303,0.03963343380030659,0.6055074474434802,0.012004413831786234
ppdai_imb77,gbdt,random,0.75,4,0.7786153076644302,0.009991066175151232,0.586964370999332,0.040015961301815464,0.08953662925488806,0.010633851240400435,0.17392874199866373,0.08003192260363091,15385.8,25.37124356431875,0.22680420850422625,0.0025279131315636676,79.0,18.17965896269784,47.4,8.82043082847998,47.4,8.82043082847998,187.6,44.808481340032046,0.6075062208791563,0.05792567479594991,0.6136363859925241,0.05908699784841476,0.60348807177541,0.010946880599780504
ppdai_imb77,gbdt,random,0.75,5,0.7837755765235739,0.0062106211327145585,0.6054293292302013,0.04497618486153084,0.08898712180640067,0.009275866826543314,0.21085865846040264,0.08995236972306173,17984.6,26.857028875137512,0.22659259283713684,0.0015011138801059739,74.0,9.027735042633894,42.2,5.4037024344425175,42.2,5.4037024344425175,229.8,47.48368140740564,0.5699401922931335,0.004087664669957138,0.5783809895639671,0.013177630512665454,0.6064862337301393,0.014814448683314487
ppdai_imb77,gbdt,random,0.75,6,0.7761728539827389,0.00553820971004401,0.5729855140649743,0.03701446611579645,0.08180636458371639,0.00989645790514152,0.14597102812994867,0.07402893223159286,20585.0,27.88368698719765,0.2262504371196285,0.002145343886695109,69.8,5.4954526656136355,39.6,7.127411872482185,39.6,7.127411872482185,269.4,51.51019316601327,0.5647212087429478,0.07372897636951303,0.571509746227802,0.06812835470736163,0.5922182129988917,0.010294301607209486
ppdai_imb77,gbdt,random,0.75,7,0.7774758617726958,0.0056399995970815246,0.5833026637511027,0.014457148212480677,0.08310219739591233,0.006552762298210829,0.1666053275022054,0.028914296424961457,23186.0,29.197602641313125,0.22685043595660317,0.002039354702868174,67.0,10.653637876331258,43.6,7.602631123499284,43.6,7.602631123499284,313.0,52.507142371300304,0.6508963939030764,0.0418360876633123,0.6388339658259626,0.04715189954580729,0.5915550699502932,0.014327550060302048
ppdai_imb77,gbdt,random,0.75,8,0.7839262329085065,0.006362428400495354,0.6236480934203894,0.03541424638296485,0.08693730963869972,0.008613427960547211,0.2472961868407789,0.07082849276592966,25785.4,30.33644672666884,0.2267710178484693,0.0011567269259910727,71.6,6.5038450166036395,43.2,4.266145801540308,43.2,4.266145801540308,356.2,54.39393348527022,0.6033197945845006,0.023149920132937533,0.6116081162024558,0.0485862543209336,0.6055990192985814,0.01183051475642696
ppdai_imb77,gbdt,random,0.75,9,0.7812875785577515,0.008136082431872384,0.5897287221521742,0.02085382975216487,0.08369497532413941,0.00984362239245214,0.17945744430434843,0.04170765950432968,28386.0,31.00806346742758,0.22732278546784154,0.0010734574215468182,69.4,3.3615472627943244,42.8,5.495452665613635,42.8,5.495452665613635,399.0,56.089214649520635,0.6152647133588022,0.05615467113965098,0.6083921044280132,0.055628214009770555,0.5917753195300759,0.00857525968684077
ppdai_imb77,gbdt,random,0.75,10,0.7813363133809946,0.003312853569952026,0.5939124346427341,0.034639835142622984,0.08335105115914573,0.010508110876467833,0.1878248692854683,0.069279670285246,30985.6,30.705048444840212,0.22708602958527915,0.00021252011281899146,71.6,7.162401831787993,47.0,5.70087712549569,47.0,5.70087712549569,446.0,53.042435841503355,0.6571777540447618,0.05616547722323008,0.6488255350519501,0.043401347201790855,0.5972805962941024,0.010711906305760507
ppdai_imb77,gbdt,random,1.0,0,0.7802,0.016422545478700958,0.5584332838528782,0.08551997834960536,0.11419965219275068,0.02674432059124414,0.11686656770575624,0.17103995669921065,5000.0,0.0,0.2304,0.0044068129073061395,0.0,0.0,0.0,0.0,0.0,0.0,0.0,0.0,0.0,0.0,0.0,0.0,0.0,0.0
ppdai_imb77,gbdt,random,1.0,1,0.7800655737704918,0.010143819333955266,0.5982725365134747,0.049621532423519354,0.1002637341974973,0.019153207739113626,0.19654507302694935,0.09924306484703871,7623.0,0.0,0.2303030303030303,0.0014086034050159772,116.8,34.643902782452216,64.8,22.753021777337622,64.8,22.753021777337622,64.8,22.753021777337622,0.5482340164029915,0.05092973150658226,0.5482340164029915,0.05092973150658226,0.6181371211231536,0.011080337660603831
ppdai_imb77,gbdt,random,1.0,2,0.7856585365853659,0.01029372321641482,0.5958766637438823,0.0210712126988867,0.10286830639872135,0.013488905609187828,0.19175332748776447,0.04214242539777333,10246.0,0.0,0.23009955104430996,0.003270369700341112,110.0,22.956480566497994,65.4,12.381437719424994,65.4,12.381437719424994,130.2,33.862959114643246,0.5964332718491983,0.027684715281653383,0.5964332718491983,0.027684715281653383,0.616497729497129,0.015350973478627584
ppdai_imb77,gbdt,random,1.0,3,0.7831390831390832,0.009058809438826657,0.6043088129698692,0.05047521798874483,0.09785890300059771,0.024038508744950494,0.20861762593973845,0.10095043597748968,12869.0,0.0,0.22910871085554435,0.003332133912938408,108.6,22.244100341438852,61.0,11.157956802210698,61.0,11.157956802210698,191.2,43.04880950734875,0.5648312861067084,0.028712454938756283,0.5648312861067084,0.028712454938756283,0.6129111705599539,0.009677235545126946
ppdai_imb77,gbdt,random,1.0,4,0.7824459503065505,0.006911030248730177,0.6409295690023195,0.044633311739562934,0.10577941884145729,0.011293927383697127,0.28185913800463896,0.08926662347912584,15492.0,0.0,0.22929253808417246,0.0023980792056543924,96.8,14.202112518917742,59.6,7.733045971672482,59.6,7.733045971672482,250.8,48.65387959865071,0.6180163796894808,0.042090091232854544,0.6180163796894808,0.042090091232854544,0.6026194106029947,0.009939047037779102
ppdai_imb77,gbdt,random,1.0,5,0.7805685895666574,0.008540849266776592,0.5900408140300866,0.03251592367046614,0.10086256067126664,0.015758738949054222,0.18008162806017317,0.06503184734093236,18115.0,0.0,0.22922439966878277,0.0014001302455944821,99.8,18.212632978237938,57.6,11.674759098157015,57.6,11.674759098157015,308.4,54.64704932564979,0.5754041720039805,0.01803807959668677,0.5754041720039805,0.01803807959668677,0.6051581507496665,0.015325716310646845
ppdai_imb77,gbdt,random,1.0,6,0.7765188042430087,0.00851323220010102,0.6224073885002144,0.027550102229076303,0.1004694227655403,0.006581847556149472,0.24481477700042875,0.0551002044581526,20738.0,0.0,0.22895168290095474,0.001961105160349382,97.4,7.92464510246358,57.4,7.956129712366435,57.4,7.956129712366435,365.8,60.396191932935636,0.5886141049671977,0.056413644022748906,0.5886141049671977,0.056413644022748906,0.5938648843863986,0.012683964723704661
ppdai_imb77,gbdt,random,1.0,7,0.781254012411727,0.008085794484475113,0.6204891887051226,0.03816465259691484,0.1025900068388633,0.009367013180254841,0.24097837741024528,0.07632930519382967,23361.0,0.0,0.22959633577329738,0.0018147585773149544,87.2,5.495452665613634,55.2,5.449770637375485,55.2,5.449770637375485,421.0,56.568542494923804,0.6329594747244768,0.0468389607468158,0.6329594747244768,0.0468389607468158,0.5949784622261189,0.0151532534510579
ppdai_imb77,gbdt,random,1.0,8,0.7804502597652492,0.0064753968329666275,0.6272238272495251,0.01893521625700758,0.09936530982086436,0.006285873825412692,0.25444765449905016,0.03787043251401517,25984.0,0.0,0.22961052955665023,0.001039243513304811,98.2,8.729261137118078,60.2,7.362064927722384,60.2,7.362064927722384,481.2,55.63901508833528,0.6124659502177187,0.04026700400108703,0.6124659502177187,0.04026700400108703,0.5934096337232674,0.00849953268907692
ppdai_imb77,gbdt,random,1.0,9,0.7817196784341139,0.005279205685771812,0.6075206547018503,0.037373959778975015,0.10225680905959103,0.006947802115305966,0.21504130940370061,0.07474791955795,28607.0,0.0,0.2301814241269619,0.0010891061209080829,92.6,8.1117199162693,58.2,6.016643582596529,58.2,6.016643582596529,539.4,54.87531321095125,0.6294199441220718,0.04939013664671403,0.6294199441220718,0.04939013664671403,0.5926651854190574,0.010578161507765705
ppdai_imb77,gbdt,random,1.0,10,0.7797950688440601,0.0018725829673023667,0.616180571018599,0.04690937462168909,0.10128243118730476,0.008433085037684713,0.2323611420371981,0.09381874924337814,31230.0,0.0,0.23000320204931154,0.0,100.2,8.467585252006618,65.4,6.877499545619761,65.4,6.877499545619761,604.8,49.80662606521345,0.6532093313158891,0.05353405037762371,0.6532093313158891,0.05353405037762371,0.5955330449809111,0.0035908333017807444
