dataset,model,ranking_strategy,exploration_rate,iteration,accuracy_mean,accuracy_std,precision_mean,precision_std,recall_mean,recall_std,kickout_mean,kickout_std,training_set_size_mean,training_set_size_std,training_default_rate_mean,training_default_rate_std,n_explored_mean,n_explored_std,n_explored_defaulted_mean,n_explored_defaulted_std,exploration_cost_mean,exploration_cost_std,cumulative_cost_mean,cumulative_cost_std,exploration_default_rate_mean,exploration_default_rate_std,reject_default_rate_mean,reject_default_rate_std,explored_risk_mean_mean,explored_risk_mean_std
ppdai_imb77,rf,least_risky,0.0,0,0.78,0.012845232578665154,0.5702343780645667,0.03971296122678578,0.10486765834394426,0.02978595668269455,0.1404687561291335,0.07942592245357143,5000.0,0.0,0.2304,0.0044068129073061395,0.0,0.0,0.0,0.0,0.0,0.0,0.0,0.0,0.0,0.0,0.0,0.0,0.0,0.0
ppdai_imb77,rf,least_risky,0.0,1,0.7774384341392487,0.009547713245820141,0.49503921640268667,0.08195182479814397,0.07609090870472084,0.010362855213477074,-0.009921567194626618,0.16390364959628795,7500.6,33.952908564657726,0.22541421907568476,0.0025995275584637925,0.0,0.0,0.0,0.0,0.0,0.0,0.0,0.0,0.0,0.0,0.0,0.0,0.0,0.0
ppdai_imb77,rf,least_risky,0.0,2,0.7840720773246321,0.010538957604523695,0.5009605357546636,0.03747470164906472,0.09156817708239448,0.018471516263980185,0.0019210715093271324,0.07494940329812946,9995.6,46.10097612849424,0.22226843535252475,0.004300510638648086,0.0,0.0,0.0,0.0,0.0,0.0,0.0,0.0,0.0,0.0,0.0,0.0,0.0,0.0
ppdai_imb77,rf,least_risky,0.0,3,0.7754920372023401,0.010890350832681955,0.4881452485686356,0.07535399317497835,0.06421053453306173,0.013921530380872045,-0.02370950286272867,0.1507079863499567,12493.6,74.70809862391097,0.2196428779107773,0.00525641328576701,0.0,0.0,0.0,0.0,0.0,0.0,0.0,0.0,0.0,0.0,0.0,0.0,0.0,0.0
ppdai_imb77,rf,least_risky,0.0,4,0.7821140097484481,0.01093753397764517,0.4824154240820907,0.04163771135874958,0.06449793754478628,0.005329008557634728,-0.0351691518358185,0.08327542271749917,14988.8,88.77330679883428,0.2185719296746685,0.004149570566478288,0.0,0.0,0.0,0.0,0.0,0.0,0.0,0.0,0.0,0.0,0.0,0.0,0.0,0.0
ppdai_imb77,rf,least_risky,0.0,5,0.787397515487555,0.009950863189183935,0.5068363747547675,0.021320617028235053,0.0745335424976998,0.014663392337009869,0.01367274950953493,0.0426412340564701,17491.8,100.8399722332366,0.21791761043186075,0.002933811495647701,0.0,0.0,0.0,0.0,0.0,0.0,0.0,0.0,0.0,0.0,0.0,0.0,0.0,0.0
ppdai_imb77,rf,least_risky,0.0,6,0.7850153673781801,0.006908167404907401,0.5123326437134095,0.018949671572689217,0.06845576362777062,0.00552960715975402,0.02466528742681893,0.03789934314537846,19993.8,109.36498525579394,0.21727275388620085,0.00347759412340041,0.0,0.0,0.0,0.0,0.0,0.0,0.0,0.0,0.0,0.0,0.0,0.0,0.0,0.0
ppdai_imb77,rf,least_risky,0.0,7,0.7842178149408428,0.0029377802303759137,0.4925358097784568,0.007195513515860661,0.061475707182142236,0.004324767506815667,-0.014928380443086326,0.014391027031721315,22505.8,113.86702771215214,0.2175491413710283,0.003211127103253429,0.0,0.0,0.0,0.0,0.0,0.0,0.0,0.0,0.0,0.0,0.0,0.0,0.0,0.0
ppdai_imb77,rf,least_risky,0.0,8,0.7864009949010644,0.00577051601625493,0.5120325424373284,0.04096381800243484,0.0658045366704181,0.006773140198298016,0.024065084874656903,0.08192763600486967,25000.8,125.0587861767418,0.21714543060447436,0.002102778733903751,0.0,0.0,0.0,0.0,0.0,0.0,0.0,0.0,0.0,0.0,0.0,0.0,0.0,0.0
ppdai_imb77,rf,least_risky,0.0,9,0.7853786339030202,0.004733993737160135,0.5166519902540105,0.03250642882994567,0.05714438086481164,0.008678127643578148,0.033303980508021094,0.06501285765989133,27500.6,121.14165262204385,0.21729844684526833,0.0019260660004750036,0.0,0.0,0.0,0.0,0.0,0.0,0.0,0.0,0.0,0.0,0.0,0.0,0.0,0.0
ppdai_imb77,rf,least_risky,0.0,10,0.7857914195828998,0.0028296261658258834,0.5343548254084997,0.021386979976590136,0.05727284980698202,0.008761525673135883,0.06870965081699933,0.0427739599531803,29995.8,123.96652774035405,0.21665350416652274,0.0011040080146763618,0.0,0.0,0.0,0.0,0.0,0.0,0.0,0.0,0.0,0.0,0.0,0.0,0.0,0.0
ppdai_imb77,rf,least_risky,0.01,0,0.78,0.012845232578665154,0.5702343780645667,0.03971296122678578,0.10486765834394426,0.02978595668269455,0.1404687561291335,0.07942592245357143,5000.0,0.0,0.2304,0.0044068129073061395,0.0,0.0,0.0,0.0,0.0,0.0,0.0,0.0,0.0,0.0,0.0,0.0,0.0,0.0
ppdai_imb77,rf,least_risky,0.01,1,0.7762883814658401,0.004509279658110696,0.47940278814228393,0.06407066784447832,0.07659136967790742,0.009985344038794718,-0.041194423715432124,0.1281413356889566,7502.4,33.65709434874009,0.22546699069022252,0.002558069566252678,1.8,0.4472135954999579,0.8,0.4472135954999579,0.8,0.4472135954999579,0.8,0.4472135954999579,0.4,0.22360679774997896,0.5185310478491781,0.05643896125943295,0.51,0.0
ppdai_imb77,rf,least_risky,0.01,2,0.787992382855083,0.008560121137968594,0.5325616509428724,0.04916764088862521,0.09188059759712904,0.004566951975420381,0.06512330188574482,0.09833528177725039,10001.4,59.70175876806317,0.22255446035498236,0.004602556754919308,1.8,0.4472135954999579,0.8,0.8366600265340756,0.8,0.8366600265340756,1.6,0.8944271909999159,0.5,0.5,0.5433468219117015,0.03668445661899548,0.51,0.0
ppdai_imb77,rf,least_risky,0.01,3,0.7852482821227591,0.010160710078339687,0.4996388160310472,0.06265553868446908,0.0764480774493302,0.01472741071423026,-0.0007223679379056824,0.1253110773689381,12497.8,74.99133283253458,0.2198722396435842,0.005329689405647483,2.0,0.0,0.8,0.4472135954999579,0.8,0.4472135954999579,2.4,1.140175425099138,0.4,0.22360679774997896,0.5409837050498438,0.012787053388104009,0.51,0.0
ppdai_imb77,rf,least_risky,0.01,4,0.7831482066443433,0.008337653892319627,0.5318656309614965,0.027038474278120592,0.0708317541518457,0.002867245402865067,0.06373126192299314,0.05407694855624122,14992.4,96.35507251826438,0.21860963193564556,0.004506704860462659,1.8,0.4472135954999579,0.4,0.5477225575051661,0.4,0.5477225575051661,2.8,0.8366600265340756,0.2,0.27386127875258304,0.577136649096275,0.044357636992113134,0.51,0.0
ppdai_imb77,rf,least_risky,0.01,5,0.7829709680850554,0.008338790966459746,0.5025592653008591,0.03974406043062983,0.07435837956609392,0.013009523042314454,0.0051185306017184256,0.07948812086125966,17491.0,106.53637876331278,0.21793682957554159,0.003342361204683719,2.0,0.0,0.4,0.5477225575051662,0.4,0.5477225575051662,3.2,0.8366600265340756,0.2,0.2738612787525831,0.5250249561124777,0.06852612321934283,0.51,0.0
ppdai_imb77,rf,least_risky,0.01,6,0.7827874947682805,0.011637587051420845,0.5401913975779156,0.06861625179232785,0.06657665918723292,0.014115645066642533,0.08038279515583116,0.13723250358465566,19989.2,117.5954931109183,0.21722079476394648,0.0037467850602620366,2.0,0.0,1.4,0.5477225575051661,1.4,0.5477225575051661,4.6,0.8944271909999159,0.7,0.27386127875258304,0.5255842762716253,0.04646807238571225,0.51,0.0
ppdai_imb77,rf,least_risky,0.01,7,0.7822137354941909,0.004022730845529866,0.5179051350156967,0.034308706899833626,0.06455278222056829,0.007565203203095961,0.03581027003139331,0.06861741379966727,22504.6,119.72593703955688,0.21760331416391168,0.003501116342008752,1.8,0.4472135954999579,0.8,0.8366600265340756,0.8,0.8366600265340756,5.4,1.140175425099138,0.5,0.5,0.5616404885858295,0.03609297948449623,0.51,0.0
ppdai_imb77,rf,least_risky,0.01,8,0.7871224671012367,0.0017419705104526814,0.5257399484223118,0.050845185898171344,0.06073393994857111,0.009717812617858963,0.05147989684462353,0.10169037179634262,24998.6,112.52466396306139,0.2170453108698453,0.002140181891036093,2.0,0.0,1.0,0.7071067811865476,1.0,0.7071067811865476,6.4,1.140175425099138,0.5,0.3535533905932738,0.5723102302455789,0.039876075054608315,0.51,0.0
ppdai_imb77,rf,least_risky,0.01,9,0.789282874141397,0.002736975625585879,0.5220443958551193,0.025635344866936267,0.06065276648450294,0.007945006935916507,0.04408879171023862,0.051270689733872526,27498.0,117.48191350161073,0.2171665695714678,0.0017877422875662895,2.0,0.0,0.8,0.4472135954999579,0.8,0.4472135954999579,7.2,1.4832396974191326,0.4,0.22360679774997896,0.5874156981616016,0.03631936319743572,0.51,0.0
ppdai_imb77,rf,least_risky,0.01,10,0.7883874818700676,0.004172350467955726,0.5511657054903465,0.038872534141320816,0.0585454050668481,0.008411514164880956,0.10233141098069294,0.07774506828264165,29996.0,114.03288999231735,0.2165196946908325,0.0009016804157849362,2.0,0.0,1.0,0.7071067811865476,1.0,0.7071067811865476,8.2,2.04939015319192,0.5,0.3535533905932738,0.5983592245173128,0.052661499394198875,0.51,0.0
ppdai_imb77,rf,least_risky,0.02,0,0.78,0.012845232578665154,0.5702343780645667,0.03971296122678578,0.10486765834394426,0.02978595668269455,0.1404687561291335,0.07942592245357143,5000.0,0.0,0.2304,0.0044068129073061395,0.0,0.0,0.0,0.0,0.0,0.0,0.0,0.0,0.0,0.0,0.0,0.0,0.0,0.0
ppdai_imb77,rf,least_risky,0.02,1,0.7813846481878504,0.005127867468036779,0.5161024465527572,0.06418923658873706,0.07954865339951289,0.009155061822616481,0.03220489310551423,0.12837847317747414,7503.6,33.35116189880049,0.22548420829228447,0.00259058767397811,3.0,0.7071067811865476,1.2,0.4472135954999579,1.2,0.4472135954999579,1.2,0.4472135954999579,0.4166666666666667,0.16666666666666663,0.5185310478491781,0.05643896125943295,0.51,0.0
ppdai_imb77,rf,least_risky,0.02,2,0.7857289446394361,0.011995062306155864,0.49023775035110245,0.05584344346172833,0.0810833491715783,0.018076622583531085,-0.019524499297795126,0.11168688692345666,10001.8,57.55605962885217,0.2221655291444255,0.004378256897603181,3.0,0.7071067811865476,1.2,0.8366600265340756,1.2,0.8366600265340756,2.4,0.8944271909999159,0.41666666666666663,0.28867513459481287,0.5743643754651941,0.02712866637762702,0.51,0.0
ppdai_imb77,rf,least_risky,0.02,3,0.7871982800286854,0.008175565385605217,0.5394326250923074,0.08457334881832397,0.07681748098165192,0.013787757380489048,0.07886525018461468,0.16914669763664789,12504.8,82.660147592416,0.21958706426260868,0.0051431672064148875,3.0,0.7071067811865476,1.8,0.8366600265340756,1.8,0.8366600265340756,4.2,1.4832396974191326,0.6,0.25276251480171835,0.5645706828081035,0.0417430991861909,0.51,0.0
ppdai_imb77,rf,least_risky,0.02,4,0.7847387583940629,0.012185886154591605,0.5368998958787691,0.02849512181976692,0.07060499843967909,0.014892615411721355,0.07379979175753823,0.05699024363953383,15004.2,103.74825299733966,0.2184770834855946,0.004306374489039643,2.8,0.447213595499958,2.0,0.7071067811865476,2.0,0.7071067811865476,6.2,0.8366600265340756,0.7333333333333333,0.27888667551135854,0.5900334282109616,0.04641816978481738,0.51,0.0
ppdai_imb77,rf,least_risky,0.02,5,0.787024994230885,0.0046053958018420224,0.49778345240616934,0.039051441584430815,0.06988251123161952,0.006618637087712478,-0.004433095187661329,0.07810288316886164,17501.0,115.90513362228612,0.21769675276016304,0.0032128673271421874,3.0,0.0,1.6,1.140175425099138,1.6,1.140175425099138,7.8,0.44721359549995787,0.5333333333333333,0.3800584750330461,0.5422770230368344,0.02212836280588557,0.51,0.0
ppdai_imb77,rf,least_risky,0.02,6,0.7860637677868499,0.011293389520020162,0.52775363858497,0.052335725110937266,0.06325050279065739,0.004473558343241381,0.05550727716994004,0.10467145022187456,20005.4,130.24899231855906,0.21698342805015142,0.0036506986673556017,3.0,0.0,1.4,1.140175425099138,1.4,1.140175425099138,9.2,1.3038404810405297,0.4666666666666667,0.38005847503304596,0.5441910450547567,0.06682493116117481,0.51,0.0
ppdai_imb77,rf,least_risky,0.02,7,0.7869531999620663,0.002629960805871198,0.49577281267329204,0.07209182330294686,0.058859010804727864,0.0076210077987743435,-0.008454374653415897,0.1441836466058937,22518.8,127.69181649581141,0.217333424010368,0.0033313519953403602,3.0,0.0,1.4,1.3416407864998738,1.4,1.3416407864998738,10.6,1.1401754250991378,0.4666666666666666,0.4472135954999579,0.5661814967047315,0.05699913071199801,0.51,0.0
ppdai_imb77,rf,least_risky,0.02,8,0.7862975214663713,0.006302498083304265,0.47921615548814744,0.045843704639971575,0.05812435670242451,0.004752137356889009,-0.04156768902370521,0.09168740927994314,25026.2,128.8320612270099,0.2170694720814636,0.0020451632461315453,3.0,0.0,1.6,0.8944271909999159,1.6,0.8944271909999159,12.2,1.7888543819998317,0.5333333333333333,0.29814239699997197,0.5582959840060282,0.04133854196187785,0.51,0.0
ppdai_imb77,rf,least_risky,0.02,9,0.7854513767320652,0.004361584253817897,0.5091135921768035,0.0410690876308444,0.06225030749125493,0.005819442086382737,0.018227184353607175,0.08213817526168879,27533.4,132.2130855853534,0.21741669107432443,0.0019377616977219912,3.0,0.0,2.0,0.7071067811865476,2.0,0.7071067811865476,14.2,2.2803508501982757,0.6666666666666666,0.23570226039551584,0.5619872453179562,0.035092987772321456,0.51,0.0
ppdai_imb77,rf,least_risky,0.02,10,0.7855613869866972,0.004740212296552438,0.48061611293887463,0.0467994404271391,0.056700783141363044,0.006672952681096406,-0.03876777412225072,0.09359888085427825,30031.2,133.43987410065992,0.21681838263803016,0.0008393968044766131,3.0,0.0,1.8,1.0954451150103321,1.8,1.0954451150103321,16.0,2.449489742783178,0.6,0.3651483716701107,0.5866500809460148,0.0486191944916596,0.51,0.0
ppdai_imb77,rf,least_risky,0.05,0,0.78,0.012845232578665154,0.5702343780645667,0.03971296122678578,0.10486765834394426,0.02978595668269455,0.1404687561291335,0.07942592245357143,5000.0,0.0,0.2304,0.0044068129073061395,0.0,0.0,0.0,0.0,0.0,0.0,0.0,0.0,0.0,0.0,0.0,0.0,0.0,0.0
ppdai_imb77,rf,least_risky,0.05,1,0.7800636842125008,0.014840596072284972,0.5251507637565869,0.06441424054025907,0.08604981039486201,0.02502155396579969,0.05030152751317365,0.12882848108051817,7507.4,32.33109957919767,0.22566357311425694,0.002511954860786077,6.8,1.6431676725154984,3.4,1.1401754250991378,3.4,1.1401754250991378,3.4,1.1401754250991378,0.49388888888888893,0.08444627191005044,0.5185310478491781,0.05643896125943295,0.51,5.551115123125783e-17
ppdai_imb77,rf,least_risky,0.05,2,0.7854027496542846,0.015418645208012947,0.5136117216117216,0.04330257238193818,0.08355764975683364,0.017190396275322064,0.027223443223443222,0.08660514476387635,10011.2,50.026992713933964,0.2227598509284682,0.004340292684487423,6.8,1.0954451150103324,2.0,1.0,2.0,1.0,5.4,1.6733200530681513,0.305,0.15672834941453342,0.5409649509385129,0.02999847980301242,0.51,7.850462293418876e-17
ppdai_imb77,rf,least_risky,0.05,3,0.7769253511839018,0.014872362860954032,0.5228283044679038,0.07701095446219328,0.07143463061425392,0.016404950346309514,0.04565660893580776,0.15402190892438655,12515.0,72.89718787443039,0.22018154512768445,0.004962772636047592,6.6,1.8165902124584952,3.2,0.8366600265340756,3.2,0.8366600265340756,8.6,1.51657508881031,0.5327777777777778,0.23194361277296008,0.5499233415316839,0.035591990321154544,0.51,5.551115123125783e-17
ppdai_imb77,rf,least_risky,0.05,4,0.7847761130266477,0.00785666469813032,0.495815002210578,0.023115230968585723,0.07320481492341477,0.012288386962018482,-0.008369995578843943,0.04623046193717149,15022.2,89.00112358841345,0.2190980622690077,0.004185864019561824,6.6,1.140175425099138,3.2,1.3038404810405297,3.2,1.3038404810405297,11.8,1.9235384061671346,0.508095238095238,0.24202471716504673,0.585389924951558,0.05217456775058255,0.51,7.850462293418876e-17
ppdai_imb77,rf,least_risky,0.05,5,0.7845439832727793,0.008210900100846156,0.49873848522772884,0.04147949201653159,0.06795676502307922,0.009595099407680498,-0.002523029544542299,0.08295898403306311,17525.8,98.91511512402953,0.21836385513191767,0.0027645070728210667,6.8,0.8366600265340756,3.0,1.4142135623730951,3.0,1.4142135623730951,14.8,1.7888543819998317,0.4404761904761905,0.19452541236152612,0.5378264141416933,0.041663121115351705,0.51,5.551115123125783e-17
ppdai_imb77,rf,least_risky,0.05,6,0.782456927989176,0.006246009045406049,0.5329267244530008,0.03866851183616177,0.07314664829603872,0.009475655223403564,0.06585344890600178,0.0773370236723236,20039.6,109.50251138672522,0.21783718510481814,0.0030626683759652534,6.2,0.8366600265340756,3.2,1.3038404810405297,3.2,1.3038404810405297,18.0,2.6457513110645907,0.5266666666666666,0.24266098520672133,0.5250518858357932,0.05767544068338535,0.51,1.1102230246251565e-16
ppdai_imb77,rf,least_risky,0.05,7,0.7882774015164485,0.005416037988193007,0.5265801807053696,0.01993107021775019,0.0668869235136075,0.008726177834150384,0.05316036141073913,0.03986214043550042,22551.0,112.30983928400906,0.2181264186436795,0.002798895810164004,6.4,0.5477225575051662,2.6,2.0736441353327724,2.6,2.0736441353327724,20.6,4.449719092257398,0.3952380952380953,0.31025554531927474,0.547554351673236,0.046643928000260196,0.5106666666666666,0.0014907119849998881
ppdai_imb77,rf,least_risky,0.05,8,0.7833625232626166,0.004187862676246788,0.5090342954224255,0.05093055413094536,0.06154976118232243,0.004137326355178781,0.018068590844851063,0.10186110826189072,25053.4,113.37901040316106,0.21768278559028825,0.0017057159115424025,7.0,0.7071067811865476,3.2,0.8366600265340756,3.2,0.8366600265340756,23.8,4.969909455915671,0.4607142857142857,0.12652135417084537,0.5602254497460268,0.03646606238207327,0.51,5.551115123125783e-17
ppdai_imb77,rf,least_risky,0.05,9,0.7881532919650495,0.0026476444407970683,0.5066595120276831,0.04314460629034831,0.06391243282368102,0.007590814689287396,0.01331902405536616,0.08628921258069662,27556.0,117.50957407803016,0.21790143229215642,0.00150030695125863,6.8,0.44721359549995787,3.6,1.51657508881031,3.6,1.51657508881031,27.4,6.4265076052238514,0.5238095238095238,0.20481726826291974,0.5622323819153958,0.05130653117426996,0.5099999999999999,0.0
ppdai_imb77,rf,least_risky,0.05,10,0.7870932929038263,0.008475531274266188,0.5232251767084314,0.03478291342617953,0.06328156412202858,0.004951196067263242,0.04645035341686295,0.06956582685235911,30054.0,126.63332894621361,0.21730739335274846,0.0004935750093657431,7.0,0.7071067811865476,3.8,1.0954451150103324,3.8,1.0954451150103324,31.2,6.1400325732035,0.5464285714285715,0.15951936738662356,0.5761440455762559,0.05913362851988328,0.51,5.551115123125783e-17
ppdai_imb77,rf,least_risky,0.1,0,0.78,0.012845232578665154,0.5702343780645667,0.03971296122678578,0.10486765834394426,0.02978595668269455,0.1404687561291335,0.07942592245357143,5000.0,0.0,0.2304,0.0044068129073061395,0.0,0.0,0.0,0.0,0.0,0.0,0.0,0.0,0.0,0.0,0.0,0.0,0.0,0.0
ppdai_imb77,rf,least_risky,0.1,1,0.7739575542867995,0.006557201037906525,0.5193506138476067,0.07424644677658254,0.07787523709491107,0.02052488483899471,0.03870122769521348,0.148492893553165,7513.4,30.77011537189938,0.2256702015003537,0.002469723852171375,12.8,3.1937438845342623,4.8,1.9235384061671346,4.8,1.9235384061671346,4.8,1.9235384061671346,0.365941770647653,0.09985458390949191,0.5185310478491781,0.05643896125943295,0.5105347593582887,0.0007922744593598129
ppdai_imb77,rf,least_risky,0.1,2,0.7831349548503768,0.008698816488757916,0.508578157834336,0.03752074325094585,0.08010013839218202,0.012058356130113947,0.017156315668671922,0.0750414865018917,10026.4,49.72222842954627,0.22286298492199658,0.003969009472641848,12.6,2.408318915758459,4.2,0.8366600265340757,4.2,0.8366600265340757,9.0,2.2360679774997902,0.34285714285714286,0.08268454930564446,0.5483486340179556,0.027647706819052407,0.5118571428571428,0.0026534536601437093
ppdai_imb77,rf,least_risky,0.1,3,0.7795707682733365,0.014713907805335286,0.5335250778729039,0.07642149928558173,0.07220455425532687,0.021127792632613017,0.06705015574580792,0.1528429985711635,12538.8,72.82650616362147,0.22063985264228841,0.004980126752698292,12.8,2.7748873851023212,6.2,1.9235384061671346,6.2,1.9235384061671346,15.2,2.8635642126552705,0.5080341227400051,0.2094075232350298,0.5276079902931897,0.03802428256929928,0.5105529411764704,0.0008039693912127045
ppdai_imb77,rf,least_risky,0.1,4,0.7814289179777757,0.006690518649960451,0.5163445157331182,0.053500938275247746,0.07418833607780587,0.004028625267709914,0.032689031466236376,0.10700187655049549,15062.8,91.09994511524141,0.21991320681584833,0.0043037859993244896,11.4,2.1908902300206643,6.2,1.7888543819998317,6.2,1.7888543819998317,21.4,4.159326868617084,0.5453463203463202,0.11918306934256938,0.5800666974205205,0.023742342582123245,0.5113008658008658,0.0009265232358106904
ppdai_imb77,rf,least_risky,0.1,5,0.7809566203155268,0.008696957485902119,0.494861730697815,0.03784195086526431,0.07077319996255359,0.015089725441292537,-0.0102765386043701,0.07568390173052861,17568.6,89.19248847296474,0.21902729612907898,0.0029234840455985155,13.4,0.5477225575051662,6.2,0.8366600265340755,6.2,0.8366600265340755,27.6,4.9295030175464944,0.4637362637362637,0.06758465108432948,0.5436376478281449,0.029559358444233793,0.5116263736263734,0.0017066609809509544
ppdai_imb77,rf,least_risky,0.1,6,0.7867400109042172,0.005787737073589485,0.48726827209705564,0.041923874240527244,0.07066313958675416,0.011458196896962806,-0.025463455805888668,0.08384774848105454,20086.2,96.48678666014341,0.2182665508034959,0.0034523870250966864,12.0,1.0,5.2,1.4832396974191326,5.2,1.4832396974191326,32.8,4.868264577855234,0.43741258741258743,0.13997154653816463,0.5505018624786067,0.0756639072626327,0.5128519813519812,0.0011626100505474888
ppdai_imb77,rf,least_risky,0.1,7,0.7874618647657299,0.003614964034380937,0.5233214796289436,0.030414377080251805,0.06747762527866515,0.005123086626338138,0.046642959257887126,0.06082875416050364,22605.8,94.20827989088869,0.21866792895038478,0.003227539443351791,12.0,1.224744871391589,7.4,2.6076809620810595,7.4,2.6076809620810595,40.2,3.563705936241093,0.6125541125541126,0.18849819097036574,0.5527850843845273,0.07480439960723363,0.5131774891774891,0.002333883931375178
ppdai_imb77,rf,least_risky,0.1,8,0.7861087773817379,0.004152015782499225,0.5368122172148004,0.032013857525389204,0.06378564302580439,0.008528260163177639,0.07362443442960101,0.06402771505077846,25111.0,86.02615881230518,0.21827398349886318,0.001987586993572208,13.4,1.5165750888103102,6.6,3.049590136395381,6.6,3.049590136395381,46.8,4.549725266430929,0.478941058941059,0.1886372931295748,0.5433103285722435,0.03765538403680018,0.5103151515151515,0.0004399682766759495
ppdai_imb77,rf,least_risky,0.1,9,0.7863624770914655,0.004142225533245676,0.5411847883088635,0.032526734147501186,0.0665477202962784,0.010945064919715003,0.08236957661772695,0.06505346829500236,27624.6,82.29398519940543,0.21846132594949497,0.0016619058388159093,12.6,0.8944271909999157,6.0,1.0,6.0,1.0,52.8,4.919349550499538,0.48168498168498175,0.10716046629034115,0.5805777547938262,0.048960356058585244,0.5107838827838826,0.0008035055492024867
ppdai_imb77,rf,least_risky,0.1,10,0.7861263099828002,0.003843126921619826,0.5284597402157659,0.010775518932670388,0.06478337441440216,0.011401806180539967,0.05691948043153185,0.021551037865340766,30127.6,86.21658773113187,0.21775894335669493,0.0007990212981530732,13.8,0.8366600265340756,6.4,0.5477225575051662,6.4,0.5477225575051662,59.2,5.215361924162119,0.4636630036630037,0.025346820782496688,0.5922054662605266,0.04568293780396442,0.5138249084249082,0.002367242013164142
ppdai_imb77,rf,least_risky,0.15,0,0.78,0.012845232578665154,0.5702343780645667,0.03971296122678578,0.10486765834394426,0.02978595668269455,0.1404687561291335,0.07942592245357143,5000.0,0.0,0.2304,0.0044068129073061395,0.0,0.0,0.0,0.0,0.0,0.0,0.0,0.0,0.0,0.0,0.0,0.0,0.0,0.0
ppdai_imb77,rf,least_risky,0.15,1,0.776808290881813,0.01065202262192541,0.4740513766482202,0.04008283615867403,0.08001655928674459,0.020077810035460344,-0.051897246703559476,0.08016567231734806,7519.6,29.00517195260195,0.22585716156989025,0.0024292474587775535,19.0,4.949747468305833,7.6,2.8809720581775866,7.6,2.8809720581775866,7.6,2.8809720581775866,0.39135730211817166,0.07092722868429518,0.5185310478491781,0.05643896125943295,0.5123986956521739,0.0023236047300258787
ppdai_imb77,rf,least_risky,0.15,2,0.7824379144984535,0.009134246177237196,0.532984563884396,0.06568408497620408,0.08673630334058192,0.006169196696020875,0.06596912776879196,0.13136816995240816,10039.8,47.65710859882291,0.2231812091003201,0.004097884172345625,18.6,3.2093613071762417,9.4,2.073644135332772,9.4,2.073644135332772,17.0,4.847679857416329,0.5052283114202618,0.06339629651043682,0.5707112928263045,0.04110472932598439,0.516170814737378,0.004057208487279451
ppdai_imb77,rf,least_risky,0.15,3,0.7741953184809648,0.00997239015626162,0.5134446651742054,0.06015753955820125,0.07083447358569692,0.013203296432502006,0.026889330348410706,0.12031507911640249,12559.6,63.37822970074205,0.22091300389433285,0.005002746714054012,18.8,3.1144823004794873,7.6,1.140175425099138,7.6,1.140175425099138,24.6,4.335896677735761,0.415377302436126,0.09937996772070663,0.5289620939711683,0.0410490680291651,0.5137522281639928,0.002546416156734566
ppdai_imb77,rf,least_risky,0.15,4,0.7791814869862985,0.010576942546113651,0.5149949856345206,0.03682075095726319,0.08016766554698954,0.01451125032555052,0.029989971269041037,0.07364150191452637,15080.8,74.33505229701531,0.2201473403544758,0.0038945206038654596,18.4,2.3021728866442683,8.4,1.9493588689617927,8.4,1.9493588689617927,33.0,3.8729833462074166,0.46235294117647063,0.11800313760417164,0.5582838135798999,0.05258985611654571,0.5146588235294117,0.003278890752598207
ppdai_imb77,rf,least_risky,0.15,5,0.7849195921047991,0.010467152047559602,0.5135007407779976,0.03928323654555976,0.07775914893074895,0.013454985190212732,0.027001481555995167,0.07856647309111958,17597.8,79.35174856296452,0.2194502835318603,0.002736321113458692,19.2,1.0954451150103324,7.6,3.2093613071762426,7.6,3.2093613071762426,40.6,5.813776741499454,0.3974937343358396,0.1713321776800069,0.5273127015150628,0.036129331449459866,0.5132456140350876,0.0020942695414584303
ppdai_imb77,rf,least_risky,0.15,6,0.7819705204929478,0.005012751793372021,0.4915624161743698,0.03444725365554767,0.06906959681445135,0.004811902934218985,-0.016875167651260427,0.06889450731109532,20119.2,93.25609899625906,0.21868570708470098,0.003204568878729062,18.4,2.6076809620810595,8.4,1.1401754250991376,8.4,1.1401754250991376,49.0,5.65685424949238,0.4671335200746965,0.11711304111527174,0.5525101432564119,0.05994882617100768,0.5130356676003733,0.0015737619936729418
ppdai_imb77,rf,least_risky,0.15,7,0.7850557888246186,0.0032779571187734158,0.48614954029286583,0.05271870076159686,0.06836081052930762,0.009877190027089209,-0.027700919414268433,0.1054374015231937,22644.4,97.06080568385983,0.21901959321459974,0.003123615852692916,17.6,1.3416407864998734,8.4,1.5165750888103102,8.4,1.5165750888103102,57.4,4.449719092257398,0.4804179566563468,0.10383192564143982,0.5591298104669393,0.06020591122588945,0.5137341331269349,0.002494896886221722
ppdai_imb77,rf,least_risky,0.15,8,0.781694974463424,0.0034010568883577844,0.530219549437175,0.05001820260982979,0.06439123331986256,0.0036676602081573643,0.060439098874350096,0.10003640521965958,25159.0,97.03865209286452,0.21865212711982104,0.0019048018140652508,19.8,1.30384048104053,10.8,1.4832396974191326,10.8,1.4832396974191326,68.2,3.6331804249169886,0.5495405179615707,0.09959520151436159,0.5629599187035083,0.02956226770133651,0.5140289055973265,0.0002603633562161061
ppdai_imb77,rf,least_risky,0.15,9,0.7845001018514303,0.005098068726381281,0.5102225954362358,0.033686451932992335,0.05916389559728833,0.009996201826456198,0.02044519087247155,0.06737290386598464,27682.2,99.60773062368183,0.2189302474879625,0.001759630288185465,18.0,2.23606797749979,8.4,1.6733200530681513,8.4,1.6733200530681513,76.6,4.77493455452533,0.4678333087621013,0.08277002011967996,0.5740200060354288,0.05261200447843632,0.5136849181777974,0.003681485962107206
ppdai_imb77,rf,least_risky,0.15,10,0.7850309168840786,0.004715221475203665,0.5417306509032788,0.023946668153551814,0.06669060780566748,0.009605785954665012,0.08346130180655749,0.04789333630710358,30197.6,102.13618359817394,0.21833954282630627,0.0008834589200045003,19.6,1.3416407864998738,9.2,1.0954451150103321,9.2,1.0954451150103321,85.8,4.816637831516919,0.4688387635756056,0.03965570917253487,0.5867152839984919,0.03434369217290663,0.5139498746867168,0.0026670600083017614
ppdai_imb77,rf,least_risky,0.2,0,0.78,0.012845232578665154,0.5702343780645667,0.03971296122678578,0.10486765834394426,0.02978595668269455,0.1404687561291335,0.07942592245357143,5000.0,0.0,0.2304,0.0044068129073061395,0.0,0.0,0.0,0.0,0.0,0.0,0.0,0.0,0.0,0.0,0.0,0.0,0.0,0.0
ppdai_imb77,rf,least_risky,0.2,1,0.7702064791858344,0.012026544482118968,0.5277987790861025,0.027254341621319164,0.07519430843139155,0.020187958314917334,0.05559755817220504,0.054508683242638245,7525.4,27.382476148076826,0.22602910025084905,0.002409406365124065,24.8,6.572670690061994,10.2,3.7013511046643495,10.2,3.7013511046643495,10.2,3.7013511046643495,0.40344349597546525,0.049446956440384465,0.5185310478491781,0.05643896125943295,0.5148438989825179,0.0027258489393794357
ppdai_imb77,rf,least_risky,0.2,2,0.782162371014904,0.01239975724980608,0.5077620371062994,0.07025779208296315,0.08667067626328787,0.015394745980586674,0.015524074212598804,0.14051558416592627,10053.6,47.616173722801285,0.2236128453199388,0.00404218505357239,24.4,5.9413803110051795,10.8,3.7013511046643495,10.8,3.7013511046643495,21.0,5.744562646538029,0.4487769423558897,0.14498279442169984,0.5539133067217308,0.03543045409184515,0.5170847953216373,0.001964446651875003
ppdai_imb77,rf,least_risky,0.2,3,0.7839842889538085,0.011415315092366974,0.5204960074605117,0.04997385339112017,0.08216444324339056,0.014813810389568357,0.04099201492102349,0.09994770678224028,12577.8,61.079456448137876,0.2212948725374449,0.00480251338171155,25.2,4.024922359499621,12.8,3.271085446759225,12.8,3.271085446759225,33.8,7.362064927722385,0.5182067060776738,0.1731972768414059,0.5518504543072624,0.02279083733709599,0.5164626560536237,0.0026126141730475542
ppdai_imb77,rf,least_risky,0.2,4,0.780018519218834,0.007606607896873412,0.5228111458706355,0.019072893642419642,0.07441718158175387,0.014147337987645689,0.045622291741270936,0.03814578728483935,15098.2,75.65183408219535,0.22041085672901434,0.0038342761271787365,26.0,5.196152422706632,12.4,3.9749213828703582,12.4,3.9749213828703582,46.2,9.934787365615833,0.4666291037487792,0.08368883902802303,0.5609473051578314,0.04132443558297694,0.5179706708737134,0.0031490480987384543
ppdai_imb77,rf,least_risky,0.2,5,0.7839697427194281,0.006932943445308301,0.5318198525493952,0.0881976564179406,0.08443996489005273,0.012607101762226238,0.06363970509879047,0.17639531283588114,17620.0,80.36479328661302,0.21979897000768256,0.00254538682654177,26.0,1.8708286933869707,11.2,2.7748873851023217,11.2,2.7748873851023217,57.4,12.441864811996632,0.4314761904761905,0.11117038668316061,0.524059786516859,0.04649065709222056,0.5152442857142857,0.0020455801033407474
ppdai_imb77,rf,least_risky,0.2,6,0.7842066325800211,0.008618498806807453,0.5179156988994403,0.061051379982974635,0.07148513251635003,0.009816144349013053,0.035831397798880824,0.12210275996594926,20149.2,89.82872591771529,0.2192855091508405,0.0028463491306264526,24.0,2.73861278752583,10.8,2.863564212655271,10.8,2.863564212655271,68.2,14.93987951758648,0.445008658008658,0.08296629350652625,0.5166753014744245,0.05138434733873846,0.517640303030303,0.0032919848323965726
ppdai_imb77,rf,least_risky,0.2,7,0.7845230903082006,0.004866607281740972,0.5102779521991803,0.05309636553459147,0.0663295493090869,0.006449555916052307,0.020555904398360535,0.10619273106918287,22673.2,93.82803419021452,0.21958251583127558,0.002573996280015321,25.2,1.6431676725154984,13.2,2.16794833886788,13.2,2.16794833886788,81.4,15.30686120666154,0.5250805152979066,0.08633425227660928,0.552812209336158,0.057767111210649674,0.514782484825963,0.002616972607759253
ppdai_imb77,rf,least_risky,0.2,8,0.7832058500213845,0.0069841795595104485,0.5047098735782068,0.019634054552075685,0.06818586537393848,0.00520315195379304,0.009419747156413683,0.03926810910415136,25191.0,93.68831303849987,0.21923365844227835,0.0014780290529305853,26.8,1.0954451150103324,13.4,2.073644135332772,13.4,2.073644135332772,94.8,16.67932852365466,0.5010989010989011,0.0829788580467557,0.5452184704152636,0.026105787510349622,0.5172417582417582,0.0026364037863206916
ppdai_imb77,rf,least_risky,0.2,9,0.787762357408532,0.004216284908134818,0.532540337819059,0.039791591747986355,0.06883909618212765,0.006900188718069117,0.06508067563811795,0.07958318349597272,27711.0,99.45350672550437,0.21943254205453705,0.0014758037467846432,26.4,1.673320053068151,14.0,1.0,14.0,1.0,108.8,17.31184565550421,0.5308608058608059,0.03227551078842366,0.5778750573040251,0.03163903347449136,0.5181492673992674,0.002630940587405616
ppdai_imb77,rf,least_risky,0.2,10,0.7835548524605807,0.006772408116160115,0.5332103042329176,0.0386106853605384,0.07253962653545575,0.008393341573257718,0.06642060846583515,0.07722137072107682,30227.4,104.44280731577491,0.21882694520419813,0.00038066447058997374,27.2,2.04939015319192,15.2,1.4832396974191326,15.2,1.4832396974191326,124.0,17.131841699011815,0.5611822660098522,0.07032108994972866,0.5969473588873196,0.04779676347116199,0.5176251231527094,0.001704943330451905
ppdai_imb77,rf,least_risky,0.3,0,0.78,0.012845232578665154,0.5702343780645667,0.03971296122678578,0.10486765834394426,0.02978595668269455,0.1404687561291335,0.07942592245357143,5000.0,0.0,0.2304,0.0044068129073061395,0.0,0.0,0.0,0.0,0.0,0.0,0.0,0.0,0.0,0.0,0.0,0.0,0.0,0.0
ppdai_imb77,rf,least_risky,0.3,1,0.7775764951580009,0.011170755749882934,0.5261680660888407,0.03442448368828408,0.09495658054967175,0.013306454984536939,0.052336132177681474,0.06884896737656819,7537.8,23.75289456045313,0.2264543982838882,0.0022881829071214436,37.2,10.207840124139876,16.2,5.761944116355173,16.2,5.761944116355173,16.2,5.761944116355173,0.4283932411674347,0.05801773324825982,0.5185310478491781,0.05643896125943295,0.5200137224782386,0.004728166129410432
ppdai_imb77,rf,least_risky,0.3,2,0.778249746492976,0.013380808874051001,0.518969176818014,0.05984424183213284,0.08890443889620743,0.01840244280801679,0.03793835363602806,0.11968848366426565,10080.8,35.758914972353125,0.22430209524664488,0.0038301069591348317,34.8,5.805170109479997,17.2,3.5637059362410923,17.2,3.5637059362410923,33.4,7.700649323271383,0.49893500329072016,0.10390016599100028,0.5670385893574753,0.04364103669653934,0.5253058029689608,0.004146173587390978
ppdai_imb77,rf,least_risky,0.3,3,0.7760639428873418,0.012410691240279631,0.5228514958593619,0.06961973557312734,0.07884969797885594,0.017705345870737722,0.04570299171872359,0.13923947114625465,12616.8,47.54156076529226,0.22223292748125786,0.0045807266598402105,37.6,5.683308895353129,15.0,1.5811388300841898,15.0,1.5811388300841898,48.4,8.049844718999243,0.40334654636943956,0.05246842525172106,0.5075045927277301,0.03832784811874564,0.5228339788629228,0.0059349111424632965
ppdai_imb77,rf,least_risky,0.3,4,0.7830615340852376,0.008701732678555344,0.517504235119457,0.02842848834005796,0.08042611634251971,0.012859867047990999,0.03500847023891403,0.05685697668011593,15152.8,58.49529895641192,0.22161323006116232,0.0036752341083851237,37.6,7.056911505750939,18.4,2.701851217221259,18.4,2.701851217221259,66.8,8.700574693662483,0.5023791233093559,0.11960018791537552,0.5492501529541927,0.04726322287400515,0.5214964918406779,0.0030270792082527035
ppdai_imb77,rf,least_risky,0.3,5,0.7815964971431131,0.008521629579916045,0.5503632501720135,0.03264925754298673,0.07941783921000556,0.007340580663614158,0.10072650034402708,0.06529851508597344,17688.0,61.036874100825315,0.22088946905373646,0.0024646527063413044,38.2,1.643167672515498,18.0,0.7071067811865472,18.0,0.7071067811865472,84.8,8.927485648266257,0.47148533148533145,0.016065832324016954,0.5494466399032947,0.0217608812239614,0.521290967890968,0.002651814907130924
ppdai_imb77,rf,least_risky,0.3,6,0.7822261581858745,0.006134236528957414,0.5073626993895328,0.051399990678829124,0.07336212920584076,0.00845204729411152,0.01472539877906558,0.10279998135765821,20228.0,66.9962685528085,0.22023305688445602,0.0029368674285062363,36.0,3.9370039370059056,16.4,3.209361307176242,16.4,3.209361307176242,101.2,11.054410884348384,0.45307731694828474,0.049186799097691636,0.5400543061323131,0.03302220712097968,0.5204279057859703,0.003457318858144903
ppdai_imb77,rf,least_risky,0.3,7,0.7845469817783729,0.005700776884395089,0.5033345487923573,0.052956288606514974,0.07409071635191435,0.010324321860792502,0.006669097584714398,0.1059125772130299,22767.8,65.89916539683904,0.22056914453082296,0.0027380780070383345,35.8,2.1679483388678804,18.6,2.966479394838265,18.6,2.966479394838265,119.8,10.52140675005011,0.5173515373515374,0.05758933107321867,0.567411573933313,0.06669973932009782,0.5219315351315352,0.002463398175142558
ppdai_imb77,rf,least_risky,0.3,8,0.7810079528733275,0.0014332281073276604,0.5206072870312293,0.028137043539919637,0.0727936414769675,0.008745493690540736,0.0412145740624585,0.0562740870798393,25304.8,64.87834769782617,0.2202642730206461,0.0017785922077044067,37.4,3.2093613071762426,19.8,3.492849839314596,19.8,3.492849839314596,139.6,9.126883367283705,0.5276138749822961,0.06554756562794652,0.5710414017744202,0.02515377564652585,0.523636166583535,0.0022834771785154116
ppdai_imb77,rf,least_risky,0.3,9,0.7846778155963647,0.006566121610342351,0.5045133656644448,0.03899783894124001,0.06953141590490411,0.009410229041175357,0.009026731328889601,0.07799567788248,27835.8,64.97076265521275,0.2205198549524575,0.0017237906556911407,40.0,0.7071067811865478,21.0,5.3385391260156565,21.0,5.3385391260156565,160.6,13.867227552759063,0.5246060037523452,0.1320509573600278,0.5685644659047633,0.07088816492629255,0.5214799874921827,0.002087953588660237
ppdai_imb77,rf,least_risky,0.3,10,0.7840639368059142,0.006169498841296109,0.5069992839572234,0.028490620173384305,0.07100588536524982,0.00781759957045295,0.013998567914446789,0.05698124034676863,30367.6,65.21349553581634,0.21999690492029478,0.00057587406967665,39.8,0.44721359549995815,21.4,3.1304951684997055,21.4,3.1304951684997055,182.0,14.317821063276357,0.5375641025641025,0.07702930699050335,0.5892602574654766,0.03986637457351162,0.5224307692307691,0.0030187591498385623
ppdai_imb77,rf,least_risky,0.5,0,0.78,0.012845232578665154,0.5702343780645667,0.03971296122678578,0.10486765834394426,0.02978595668269455,0.1404687561291335,0.07942592245357143,5000.0,0.0,0.2304,0.0044068129073061395,0.0,0.0,0.0,0.0,0.0,0.0,0.0,0.0,0.0,0.0,0.0,0.0,0.0,0.0
ppdai_imb77,rf,least_risky,0.5,1,0.7767388516461502,0.009451841683316616,0.5251036277468342,0.09571209601634065,0.097772675205034,0.034873247934517744,0.050207255493668335,0.1914241920326813,7561.8,16.976454282328792,0.22740373299673494,0.0020539268012874515,61.2,16.976454282328806,28.8,9.808159868191382,28.8,9.808159868191382,28.8,9.808159868191382,0.46429852248986886,0.045381822751990625,0.5185310478491781,0.05643896125943295,0.5310377145158449,0.008263723630085925
ppdai_imb77,rf,least_risky,0.5,2,0.7813448184940914,0.014809443423124109,0.5265668189488414,0.04836405997701315,0.0964160528310804,0.011412027991077954,0.05313363789768284,0.09672811995402628,10123.8,28.119388329051592,0.22574000792086454,0.00381922326718573,61.4,13.649175799292793,33.4,8.933084573650918,33.4,8.933084573650918,62.2,17.369513522260778,0.5401786412423902,0.07691474675239962,0.5687189570623504,0.05214980551441716,0.5369298489393228,0.006382081800876968
ppdai_imb77,rf,least_risky,0.5,3,0.776892098141197,0.004318764305306204,0.5133685194348232,0.0343004375110266,0.07944177679795957,0.007940892287881201,0.02673703886964649,0.06860087502205321,12683.2,41.94877828971898,0.22381312548485774,0.004547693970183053,64.0,14.781745499094482,32.2,6.870225614927067,32.2,6.870225614927067,94.4,22.678183348760545,0.5051187925998052,0.02618238211782296,0.5474436600098949,0.02421420677488519,0.5334808260305095,0.005186591816185094
ppdai_imb77,rf,least_risky,0.5,4,0.7825870492501963,0.0098763007902898,0.5333689017530153,0.035474158714319706,0.09167514031577802,0.010367899733133994,0.06673780350603056,0.07094831742863947,15244.2,47.45734927279439,0.2233295868410065,0.0035531256477933145,62.6,9.262828941527529,31.2,5.761944116355173,31.2,5.761944116355173,125.6,23.964557162609953,0.4991025641025641,0.06048035308921558,0.554735701694806,0.03236705538614804,0.534115925087984,0.009065799373984123
ppdai_imb77,rf,least_risky,0.5,5,0.778719958661154,0.01203522641539762,0.5147839445720488,0.049154616080440784,0.09070380117366365,0.015575062416145155,0.02956788914409768,0.09830923216088153,17801.4,48.78319382738329,0.22275346714503788,0.002253527941518844,66.0,4.58257569495584,31.4,3.130495168499705,31.4,3.130495168499705,157.0,26.92582403567252,0.4763308021088286,0.04555452047873404,0.538551004326681,0.030660503582800126,0.5346395221714191,0.005463693204820992
ppdai_imb77,rf,least_risky,0.5,6,0.7792778604162514,0.005083031067668584,0.5139485279625486,0.03960874691638722,0.09006155896011912,0.01008471073991935,0.02789705592509742,0.07921749383277443,20367.2,50.6724777369337,0.2223628435628266,0.002649908184272903,57.6,5.3665631459994945,28.4,5.176871642217914,28.4,5.176871642217914,185.4,25.957657829627077,0.49359921315675104,0.08126584272669334,0.52625901044538,0.06104858319897947,0.538341235618381,0.0030781946925779002
ppdai_imb77,rf,least_risky,0.5,7,0.7845217810771024,0.0033658674254140823,0.528465090025113,0.053119385441207825,0.08020650678570777,0.008154061265593595,0.056930180050226056,0.10623877088241572,22928.2,51.68849001470232,0.2226034891282697,0.002662857825143546,62.4,4.159326868617085,33.4,3.911521443121589,33.4,3.911521443121589,218.8,23.573289969794203,0.5360908453564865,0.062382589553505674,0.5942755291561835,0.04708444339499068,0.5361738586739093,0.006765242001567415
ppdai_imb77,rf,least_risky,0.5,8,0.7826664160163924,0.006768518550968575,0.5250909595523161,0.02664445205380749,0.08425278276824245,0.006967505453886981,0.05018191910463238,0.05328890410761503,25488.4,50.11287259776665,0.22231882096499733,0.0015679415970119017,63.2,7.661592523751182,27.8,1.9235384061671348,27.8,1.9235384061671348,246.6,23.818060374430157,0.44325737350622935,0.04207039317655913,0.5400425831880538,0.03484101762225927,0.5323345490083906,0.0011340976476321622
ppdai_imb77,rf,least_risky,0.5,9,0.7812357026445697,0.00509094405579542,0.5275257136363196,0.04348312678167244,0.08382817181183229,0.011489799786985694,0.05505142727263914,0.08696625356334481,28050.6,54.615016250111836,0.22267418114716872,0.0015620516677333116,61.2,5.585696017507576,32.2,2.3874672772626644,32.2,2.3874672772626644,278.8,23.81596103456671,0.52863305775048,0.05207195906894925,0.5846248528842727,0.03270795815241626,0.5379953265160893,0.0033299024810780936
ppdai_imb77,rf,least_risky,0.5,10,0.7835972628871885,0.005053240858950618,0.5346124537962489,0.03681272066510499,0.08046367799947331,0.0056121183169485275,0.0692249075924978,0.07362544133021001,30607.2,58.41831904462855,0.22216266467390028,0.0005916877973681132,67.0,5.049752469181038,36.0,4.582575694955841,36.0,4.582575694955841,314.8,27.114571728131722,0.5360431556482033,0.03809926611161677,0.6042837465031063,0.03921754229079818,0.5396202154059957,0.004418052750305125
ppdai_imb77,rf,least_risky,0.75,0,0.78,0.012845232578665154,0.5702343780645667,0.03971296122678578,0.10486765834394426,0.02978595668269455,0.1404687561291335,0.07942592245357143,5000.0,0.0,0.2304,0.0044068129073061395,0.0,0.0,0.0,0.0,0.0,0.0,0.0,0.0,0.0,0.0,0.0,0.0,0.0,0.0
ppdai_imb77,rf,least_risky,0.75,1,0.7791998540009987,0.007035159427908672,0.543693607349993,0.0737818138252997,0.09828040133892614,0.015102852052602997,0.08738721469998606,0.14756362765059938,7592.8,8.642916174532841,0.22876859229275745,0.001689145864308337,92.2,25.31205246517951,46.2,15.254507530562892,46.2,15.254507530562892,46.2,15.254507530562892,0.4944158182641071,0.03595031483517603,0.5185310478491781,0.05643896125943295,0.5508650989830691,0.012368191270126352
ppdai_imb77,rf,least_risky,0.75,2,0.779645553017881,0.009171103499523998,0.5168855966728307,0.028947055407864596,0.10022275793365516,0.014214853481546701,0.033771193345661435,0.05789411081572919,10185.4,13.12630945848839,0.2277170331836207,0.0033811392796053562,93.0,16.15549442140351,49.4,9.476286192385707,49.4,9.476286192385707,95.6,23.828554299411454,0.5311713839173794,0.05244810675792316,0.5592055442780877,0.03952425987391152,0.5566757645481901,0.008027098461273923
ppdai_imb77,rf,least_risky,0.75,3,0.7789742690440036,0.005885394386796506,0.5229448216601431,0.04707718939261256,0.098661147343809,0.012545260761795126,0.045889643320286125,0.09415437878522506,12778.2,17.852170736355973,0.2262569702062815,0.0038528524111929065,92.8,14.359665734271115,46.0,6.670832032063167,46.0,6.670832032063167,141.6,27.482721844824614,0.4989479536471717,0.05779884400579178,0.530894872570005,0.04969420564254515,0.5584779591555578,0.006093012604903327
ppdai_imb77,rf,least_risky,0.75,4,0.7788878090213569,0.006780349467554424,0.5197901263835549,0.03690235520170371,0.1004530439816779,0.011020135692985603,0.03958025276710972,0.07380471040340748,15370.8,19.49871790657006,0.22602350301285584,0.002883073120525344,93.0,12.30853362509117,47.2,9.011104260855047,47.2,9.011104260855047,188.8,30.326556019436165,0.5056604639811979,0.04911195502238313,0.5503577107046245,0.0338048886245798,0.55880607186155,0.00663991931849637
ppdai_imb77,rf,least_risky,0.75,5,0.78047752879333,0.010646317326661478,0.5499657575658792,0.05749756447225511,0.10331875712361338,0.01990555445621174,0.09993151513175838,0.11499512894451025,17959.4,21.938550544646713,0.22558492826764506,0.001924733211871489,104.6,10.014988766843427,54.6,5.683308895353129,54.6,5.683308895353129,243.4,33.04996217849576,0.5231306050939044,0.042428432179488475,0.560004624856025,0.03692401142196373,0.5581279677478407,0.003948826950153368
ppdai_imb77,rf,least_risky,0.75,6,0.7776742676809311,0.006482548325122929,0.5586571107339349,0.04158182110101967,0.09344746090977367,0.011651255246745583,0.11731422146786978,0.08316364220203931,20553.0,22.605309110914373,0.2252013311542133,0.0023512633018570295,89.6,7.829431652425352,44.6,9.071934744033381,44.6,9.071934744033381,288.0,32.64965543462901,0.4938659642479867,0.06965994725139525,0.5270375583465727,0.05374129211723862,0.5581499367548806,0.00620728323804656
ppdai_imb77,rf,least_risky,0.75,7,0.7782078653845513,0.006100626493149502,0.5528493197356055,0.025921703404166708,0.09281906586742746,0.011691328919920635,0.10569863947121087,0.05184340680833344,23146.8,23.13438998547413,0.22568828780457367,0.002273308925687562,88.8,6.610597552415364,48.4,6.268971207462992,48.4,6.268971207462992,336.4,30.212580161250713,0.5446887128345315,0.05355609162411917,0.5808211643244916,0.05957893144112495,0.5597565961324288,0.010126924564402041
ppdai_imb77,rf,least_risky,0.75,8,0.7807711946837237,0.0042497429689169015,0.5653205334575166,0.0365894238188894,0.09660725965278837,0.007499070747425686,0.13064106691503324,0.07317884763777881,25739.2,21.603240497666185,0.2256241205451935,0.0011785817624070049,93.0,6.164414002968975,52.0,2.6457513110645907,52.0,2.6457513110645907,388.4,28.892905703649816,0.560709082678987,0.040178119147892224,0.5770488628308604,0.045227750635095126,0.5584922209611334,0.004198207514818331
ppdai_imb77,rf,least_risky,0.75,9,0.7793275326815172,0.005040829921331703,0.5468635873622102,0.0227828805899221,0.09684962081402415,0.003711335525739913,0.09372717472442048,0.0455657611798442,28333.6,21.466252583997587,0.22607031485872833,0.0011262499561112752,87.2,5.21536192416212,48.2,4.764451699828638,48.2,4.764451699828638,436.6,30.45160094313597,0.5533626628191036,0.051656001546927156,0.5948902957657868,0.04366377228167353,0.5642156139054129,0.010299837058510163
ppdai_imb77,rf,least_risky,0.75,10,0.7810904947205735,0.005386570024976223,0.5513563120390693,0.0533937601174339,0.09812061632525712,0.01039184509415436,0.10271262407813875,0.10678752023486789,30924.0,21.31900560532763,0.22573401173826194,0.00014231627034412214,99.8,4.868264577855235,56.2,5.6302753041037,56.2,5.6302753041037,492.8,27.206616842231593,0.5629360066456841,0.04805690674557782,0.5977972873575459,0.05050858435484964,0.5600617400264866,0.0035390652823592827
ppdai_imb77,rf,least_risky,1.0,0,0.78,0.012845232578665154,0.5702343780645667,0.03971296122678578,0.10486765834394426,0.02978595668269455,0.1404687561291335,0.07942592245357143,5000.0,0.0,0.2304,0.0044068129073061395,0.0,0.0,0.0,0.0,0.0,0.0,0.0,0.0,0.0,0.0,0.0,0.0,0.0,0.0
ppdai_imb77,rf,least_risky,1.0,1,0.7750819672131147,0.009681851187038274,0.5437804950085652,0.02732618787640854,0.11243980206402529,0.02877462414392298,0.08756099001713037,0.054652375752817096,7623.0,0.0,0.2303030303030303,0.0014086034050159772,122.4,33.95290856465761,64.8,23.44568190520378,64.8,23.44568190520378,64.8,23.44568190520378,0.5185310478491781,0.05643896125943295,0.5185310478491781,0.05643896125943295,0.5881946663646204,0.014384582856168076
ppdai_imb77,rf,least_risky,1.0,2,0.7817560975609756,0.004836407632368955,0.5474743728731488,0.056306995058091155,0.11944287076291767,0.013578325270391647,0.09494874574629777,0.11261399011618234,10246.0,0.0,0.23009955104430996,0.003270369700341112,124.0,25.83602136552763,69.8,13.122499761859402,69.8,13.122499761859402,134.6,35.13260593807411,0.5646896466409126,0.025483123876409528,0.5646896466409126,0.025483123876409528,0.5954000002563871,0.00988157448187857
ppdai_imb77,rf,least_risky,1.0,3,0.782051282051282,0.007467903180552116,0.5310409374169912,0.023190106413801044,0.11246800181212528,0.012756945726697938,0.0620818748339824,0.04638021282760201,12869.0,0.0,0.22910871085554435,0.003332133912938408,126.0,20.579115627256677,71.2,10.894952959971878,71.2,10.894952959971878,205.8,43.332435888142726,0.5669785453733344,0.03906432185597471,0.5669785453733344,0.03906432185597471,0.5886248920568748,0.00531490314749193
ppdai_imb77,rf,least_risky,1.0,4,0.779864472410455,0.012288316091457523,0.5681400832198836,0.03862629713569411,0.1217311451248326,0.02728166286357952,0.13628016643976718,0.0772525942713882,15492.0,0.0,0.22929253808417246,0.0023980792056543924,130.2,15.880806024884256,73.8,10.686440005914037,73.8,10.686440005914037,279.6,49.727256107692085,0.5659010761842946,0.026435479088912323,0.5659010761842946,0.026435479088912323,0.5958298565632691,0.007625247329762901
ppdai_imb77,rf,least_risky,1.0,5,0.7772564173337013,0.006993574087397121,0.5550754430957181,0.02492197117499214,0.11980559519625822,0.022172625872616612,0.11015088619143634,0.04984394234998434,18115.0,0.0,0.22922439966878277,0.0014001302455944821,130.0,9.027735042633894,71.8,3.8340579025361623,71.8,3.8340579025361623,351.4,49.611490604496055,0.5538033898612497,0.03930226563004794,0.5538033898612497,0.03930226563004794,0.5977737574379246,0.005625700626328389
ppdai_imb77,rf,least_risky,1.0,6,0.7788331726133076,0.007575055529089421,0.5886419173162404,0.0463900421837314,0.11661805293456251,0.007125348459606996,0.17728383463248065,0.09278008436746275,20738.0,0.0,0.22895168290095474,0.001961105160349382,116.4,13.903237033151667,61.8,9.833615815151617,61.8,9.833615815151617,413.2,54.705575584212625,0.5309377795875582,0.05880800769774877,0.5309377795875582,0.05880800769774877,0.605658832759669,0.0095739565895259
ppdai_imb77,rf,least_risky,1.0,7,0.7791996576075326,0.005546153599842231,0.57978467447345,0.03877067339324855,0.12035901162619952,0.007938257917420824,0.1595693489468999,0.07754134678649718,23361.0,0.0,0.22959633577329738,0.0018147585773149544,118.4,3.3615472627943226,68.6,7.127411872482184,68.6,7.127411872482184,481.8,51.669139725758924,0.5799090380648371,0.06391046551422949,0.5799090380648371,0.06391046551422949,0.5925111238502518,0.00829189264806969
ppdai_imb77,rf,least_risky,1.0,8,0.7808735809120646,0.003965412887217945,0.5651632119388851,0.025245022546830337,0.12005528359939177,0.006263420787984935,0.13032642387777021,0.05049004509366066,25984.0,0.0,0.22961052955665023,0.001039243513304811,120.6,7.797435475847171,71.6,2.7018512172212596,71.6,2.7018512172212596,553.4,50.599407111151024,0.5955210933881011,0.04202135804183335,0.5955210933881011,0.04202135804183335,0.6023601881572397,0.007633349182129867
ppdai_imb77,rf,least_risky,1.0,9,0.7835372247465922,0.0030859593568543855,0.5836841885021209,0.020565344701020335,0.12603229588032477,0.008342779602560316,0.1673683770042418,0.041130689402040656,28607.0,0.0,0.2301814241269619,0.0010891061209080829,127.0,4.999999999999999,72.2,4.494441010848846,72.2,4.494441010848846,625.6,48.98775357168361,0.5683045706040477,0.022190023231994798,0.5683045706040477,0.022190023231994798,0.594619928345011,0.008196992869070266
ppdai_imb77,rf,least_risky,1.0,10,0.7837015690041627,0.0053484768134775,0.5847602715072707,0.025485719050772227,0.1227200495842258,0.006745168364804248,0.1695205430145415,0.05097143810154448,31230.0,0.0,0.23000320204931154,0.0,130.2,10.639548862616307,79.2,9.038805230781335,79.2,9.038805230781335,704.8,43.54537862965485,0.6081108805635251,0.04603546993171751,0.6081108805635251,0.04603546993171751,0.6021078629619854,0.0052267385833402085
ppdai_imb77,rf,most_risky,0.0,0,0.78,0.012845232578665154,0.5702343780645667,0.03971296122678578,0.10486765834394426,0.02978595668269455,0.1404687561291335,0.07942592245357143,5000.0,0.0,0.2304,0.0044068129073061395,0.0,0.0,0.0,0.0,0.0,0.0,0.0,0.0,0.0,0.0,0.0,0.0,0.0,0.0
ppdai_imb77,rf,most_risky,0.0,1,0.7774384341392487,0.009547713245820141,0.49503921640268667,0.08195182479814397,0.07609090870472084,0.010362855213477074,-0.009921567194626618,0.16390364959628795,7500.6,33.952908564657726,0.22541421907568476,0.0025995275584637925,0.0,0.0,0.0,0.0,0.0,0.0,0.0,0.0,0.0,0.0,0.0,0.0,0.0,0.0
ppdai_imb77,rf,most_risky,0.0,2,0.7840720773246321,0.010538957604523695,0.5009605357546636,0.03747470164906472,0.09156817708239448,0.018471516263980185,0.0019210715093271324,0.07494940329812946,9995.6,46.10097612849424,0.22226843535252475,0.004300510638648086,0.0,0.0,0.0,0.0,0.0,0.0,0.0,0.0,0.0,0.0,0.0,0.0,0.0,0.0
ppdai_imb77,rf,most_risky,0.0,3,0.7754920372023401,0.010890350832681955,0.4881452485686356,0.07535399317497835,0.06421053453306173,0.013921530380872045,-0.02370950286272867,0.1507079863499567,12493.6,74.70809862391097,0.2196428779107773,0.00525641328576701,0.0,0.0,0.0,0.0,0.0,0.0,0.0,0.0,0.0,0.0,0.0,0.0,0.0,0.0
ppdai_imb77,rf,most_risky,0.0,4,0.7821140097484481,0.01093753397764517,0.4824154240820907,0.04163771135874958,0.06449793754478628,0.005329008557634728,-0.0351691518358185,0.08327542271749917,14988.8,88.77330679883428,0.2185719296746685,0.004149570566478288,0.0,0.0,0.0,0.0,0.0,0.0,0.0,0.0,0.0,0.0,0.0,0.0,0.0,0.0
ppdai_imb77,rf,most_risky,0.0,5,0.787397515487555,0.009950863189183935,0.5068363747547675,0.021320617028235053,0.0745335424976998,0.014663392337009869,0.01367274950953493,0.0426412340564701,17491.8,100.8399722332366,0.21791761043186075,0.002933811495647701,0.0,0.0,0.0,0.0,0.0,0.0,0.0,0.0,0.0,0.0,0.0,0.0,0.0,0.0
ppdai_imb77,rf,most_risky,0.0,6,0.7850153673781801,0.006908167404907401,0.5123326437134095,0.018949671572689217,0.06845576362777062,0.00552960715975402,0.02466528742681893,0.03789934314537846,19993.8,109.36498525579394,0.21727275388620085,0.00347759412340041,0.0,0.0,0.0,0.0,0.0,0.0,0.0,0.0,0.0,0.0,0.0,0.0,0.0,0.0
ppdai_imb77,rf,most_risky,0.0,7,0.7842178149408428,0.0029377802303759137,0.4925358097784568,0.007195513515860661,0.061475707182142236,0.004324767506815667,-0.014928380443086326,0.014391027031721315,22505.8,113.86702771215214,0.2175491413710283,0.003211127103253429,0.0,0.0,0.0,0.0,0.0,0.0,0.0,0.0,0.0,0.0,0.0,0.0,0.0,0.0
ppdai_imb77,rf,most_risky,0.0,8,0.7864009949010644,0.00577051601625493,0.5120325424373284,0.04096381800243484,0.0658045366704181,0.006773140198298016,0.024065084874656903,0.08192763600486967,25000.8,125.0587861767418,0.21714543060447436,0.002102778733903751,0.0,0.0,0.0,0.0,0.0,0.0,0.0,0.0,0.0,0.0,0.0,0.0,0.0,0.0
ppdai_imb77,rf,most_risky,0.0,9,0.7853786339030202,0.004733993737160135,0.5166519902540105,0.03250642882994567,0.05714438086481164,0.008678127643578148,0.033303980508021094,0.06501285765989133,27500.6,121.14165262204385,0.21729844684526833,0.0019260660004750036,0.0,0.0,0.0,0.0,0.0,0.0,0.0,0.0,0.0,0.0,0.0,0.0,0.0,0.0
ppdai_imb77,rf,most_risky,0.0,10,0.7857914195828998,0.0028296261658258834,0.5343548254084997,0.021386979976590136,0.05727284980698202,0.008761525673135883,0.06870965081699933,0.0427739599531803,29995.8,123.96652774035405,0.21665350416652274,0.0011040080146763618,0.0,0.0,0.0,0.0,0.0,0.0,0.0,0.0,0.0,0.0,0.0,0.0,0.0,0.0
ppdai_imb77,rf,most_risky,0.01,0,0.78,0.012845232578665154,0.5702343780645667,0.03971296122678578,0.10486765834394426,0.02978595668269455,0.1404687561291335,0.07942592245357143,5000.0,0.0,0.2304,0.0044068129073061395,0.0,0.0,0.0,0.0,0.0,0.0,0.0,0.0,0.0,0.0,0.0,0.0,0.0,0.0
ppdai_imb77,rf,most_risky,0.01,1,0.7777562185684731,0.0067114147933851976,0.49925511877526585,0.03326490862517916,0.08572922433078711,0.01390130142692152,-0.001489762449468239,0.0665298172503583,7502.4,33.65709434874009,0.22557369837901192,0.002544751421964493,1.8,0.4472135954999579,1.6,0.5477225575051661,1.6,0.5477225575051661,1.6,0.5477225575051661,0.9,0.22360679774997896,0.5185310478491781,0.05643896125943295,0.913,0.0700535509449735
ppdai_imb77,rf,most_risky,0.01,2,0.7824634314245202,0.011926998982463322,0.5135575171640745,0.06908104623654299,0.07586385329063554,0.010400290706272682,0.02711503432814908,0.13816209247308595,10001.4,57.5221696391921,0.2225143621433821,0.0046797987583100204,1.8,0.4472135954999579,1.4,0.5477225575051662,1.4,0.5477225575051662,3.0,1.0,0.8,0.27386127875258304,0.5562498141974005,0.03026640445900589,0.882,0.09634573161277045
ppdai_imb77,rf,most_risky,0.01,3,0.77853727156776,0.014123707144666278,0.4925691458340259,0.05567117429442553,0.0654265719501432,0.009702291756851564,-0.01486170833194835,0.11134234858885103,12506.8,70.849841213654,0.22025922128804246,0.00523203742191736,2.0,0.0,1.8,0.4472135954999579,1.8,0.4472135954999579,4.8,1.3038404810405297,0.9,0.22360679774997896,0.5308840527486811,0.029797350160299947,0.8230000000000001,0.056855078928799346
ppdai_imb77,rf,most_risky,0.01,4,0.7831225795469475,0.003616498499110309,0.541607663844019,0.03396279001964204,0.07833816671627616,0.007403673126369456,0.08321532768803815,0.06792558003928402,15009.6,95.20661741706829,0.2193066645375125,0.004253417182992735,1.8,0.4472135954999579,1.8,0.4472135954999579,1.8,0.4472135954999579,6.6,1.5165750888103102,1.0,0.0,0.5671270839528602,0.03538722907156623,0.9390000000000001,0.05354904294196114
ppdai_imb77,rf,most_risky,0.01,5,0.7842314896676064,0.007631982846757902,0.5459077076444158,0.061917906100845695,0.0806317192752231,0.005349428754866498,0.09181541528883154,0.12383581220169143,17505.8,102.67521609424534,0.21863364448945286,0.0030892597596382763,2.0,0.0,2.0,0.0,2.0,0.0,8.6,1.5165750888103102,1.0,0.0,0.5177740873740713,0.04172113711282936,0.8880000000000001,0.04982469267341243
ppdai_imb77,rf,most_risky,0.01,6,0.7876111487332763,0.004050542633183348,0.5367892318485203,0.05727137305728012,0.07432171285781979,0.0034065563536578533,0.07357846369704077,0.1145427461145602,20007.0,108.68992593612344,0.2179198296403125,0.003398284226037621,2.0,0.0,1.4,0.5477225575051662,1.4,0.5477225575051662,10.0,1.5811388300841898,0.7,0.2738612787525831,0.519844902328234,0.04643048891722605,0.8789999999999999,0.062189227362944466
ppdai_imb77,rf,most_risky,0.01,7,0.7870616938723983,0.0037434461326257902,0.543375350140056,0.054347863800238504,0.06857079695341,0.00294026421555354,0.08675070028011204,0.10869572760047692,22510.4,108.81773752472546,0.21821647633546687,0.003121497726924913,2.0,0.0,1.8,0.4472135954999579,1.8,0.4472135954999579,11.8,1.6431676725154982,0.9,0.22360679774997896,0.5366745251618084,0.05375049810424299,0.875,0.07566372975210775
ppdai_imb77,rf,most_risky,0.01,8,0.7903556707171372,0.002805228248470615,0.5372047571151285,0.02702313936122405,0.07028522739227978,0.00504372673522727,0.07440951423025687,0.05404627872244811,25011.6,109.03118819860684,0.21775700378966292,0.0019457585864350382,2.0,0.0,1.8,0.4472135954999579,1.8,0.4472135954999579,13.6,1.8165902124584952,0.9,0.22360679774997896,0.5665152207174917,0.04167949977179835,0.9120000000000001,0.0655362495112438
ppdai_imb77,rf,most_risky,0.01,9,0.7863389304086714,0.004907111860073061,0.5454780719396509,0.03695551076657188,0.0620936447780164,0.00303643556774756,0.09095614387930183,0.0739110215331438,27512.0,114.62329606149035,0.2179572541079205,0.0019447235742115212,2.0,0.0,1.8,0.4472135954999579,1.8,0.4472135954999579,15.4,1.51657508881031,0.9,0.22360679774997896,0.5655234014437813,0.018928262979421222,0.899,0.054244815420462056
ppdai_imb77,rf,most_risky,0.01,10,0.7904923374193968,0.006863538705957009,0.5637164664451658,0.015145177455270277,0.06933569680416338,0.005135119846709004,0.12743293289033158,0.030290354910540516,30001.0,117.94702200564456,0.21721011000025697,0.0008687584996020129,2.0,0.0,2.0,0.0,2.0,0.0,17.4,1.5165750888103104,1.0,0.0,0.5905005187601293,0.04784804130497075,0.952,0.025149552679918606
ppdai_imb77,rf,most_risky,0.02,0,0.78,0.012845232578665154,0.5702343780645667,0.03971296122678578,0.10486765834394426,0.02978595668269455,0.1404687561291335,0.07942592245357143,5000.0,0.0,0.2304,0.0044068129073061395,0.0,0.0,0.0,0.0,0.0,0.0,0.0,0.0,0.0,0.0,0.0,0.0,0.0,0.0
ppdai_imb77,rf,most_risky,0.02,1,0.7804581281424186,0.006496015106837147,0.5024893482550252,0.057684054422790905,0.07964164975506942,0.00803527728935133,0.004978696510050559,0.11536810884558178,7503.6,33.35116189880049,0.2256710775125999,0.002551750760202525,3.0,0.7071067811865476,2.6,0.8944271909999159,2.6,0.8944271909999159,2.6,0.8944271909999159,0.8666666666666666,0.1825741858350554,0.5185310478491781,0.05643896125943295,0.8959999999999999,0.07341472755668459
ppdai_imb77,rf,most_risky,0.02,2,0.777384014016049,0.012396174397248027,0.5094618395303326,0.04220136463894296,0.08282020230862101,0.007323335364489509,0.018923679060665364,0.08440272927788595,10000.2,54.182100365342166,0.2224825081822881,0.004437141602482093,3.0,0.7071067811865476,1.6,1.1401754250991378,1.6,1.1401754250991378,4.2,1.9235384061671343,0.5333333333333333,0.36132472314464664,0.5581961382113821,0.03202112446441303,0.8498333333333333,0.08813736122918836
ppdai_imb77,rf,most_risky,0.02,3,0.7845841190111646,0.010574405098800706,0.5332982013976401,0.1069165549765862,0.07857760731423229,0.00961077946317824,0.06659640279528009,0.21383310995317237,12505.2,79.60339188753201,0.2201262802655223,0.005181050225839075,2.8,0.447213595499958,2.4,0.5477225575051661,2.4,0.5477225575051661,6.6,1.8165902124584952,0.8666666666666666,0.18257418583505536,0.5456283997077694,0.04119282243084869,0.8116666666666668,0.04166666666666673
ppdai_imb77,rf,most_risky,0.02,4,0.7852199723229747,0.014878478204921327,0.5473205282112845,0.0667764606422159,0.07819477887553086,0.01648314481287857,0.09464105642256902,0.1335529212844318,15008.8,100.75068237982303,0.219438689873,0.004338734574004025,3.0,0.7071067811865476,2.8,0.8366600265340756,2.8,0.8366600265340756,9.4,2.073644135332772,0.9333333333333333,0.149071198499986,0.5408387357397091,0.03057410186733824,0.8860000000000001,0.06404859266386902
ppdai_imb77,rf,most_risky,0.02,5,0.7851892708467759,0.009448522787944221,0.5642717122123996,0.058000845515641344,0.07517577703794782,0.01364902686364709,0.12854342442479916,0.11600169103128269,17505.0,109.87947943087495,0.218620909454022,0.0030755655963029247,3.2,0.4472135954999579,3.0,0.7071067811865476,3.0,0.7071067811865476,12.4,1.8165902124584952,0.9333333333333332,0.14907119849998599,0.5369501691252072,0.060953989578881755,0.8625,0.05170025789748699
ppdai_imb77,rf,most_risky,0.02,6,0.7844899400384302,0.006101936829388193,0.5055176835917582,0.06185207624261484,0.07235993654003275,0.006965654696233471,0.011035367183516321,0.12370415248522967,20010.6,118.1748704251453,0.21803988164759405,0.0035586975360746365,3.0,0.0,2.6,0.5477225575051661,2.6,0.5477225575051661,15.0,1.8708286933869707,0.8666666666666666,0.1825741858350554,0.5164085617399944,0.08800411394027838,0.8833333333333332,0.06595452979136458
ppdai_imb77,rf,most_risky,0.02,7,0.7845347137135749,0.0035959393267705575,0.5164913161265745,0.05533691355862113,0.06871951441685123,0.008183877542774217,0.03298263225314897,0.11067382711724222,22512.2,128.4024921876516,0.21830351548315313,0.003479389520100813,3.0,0.0,2.6,0.5477225575051662,2.6,0.5477225575051662,17.6,1.51657508881031,0.8666666666666666,0.18257418583505536,0.5385717118902489,0.05806267357385888,0.8606666666666667,0.08760390655926509
ppdai_imb77,rf,most_risky,0.02,8,0.7848877088165919,0.004952530343311697,0.5615351891961005,0.068418225300439,0.06691745551506366,0.008582849373815711,0.12307037839220096,0.13683645060087798,25008.2,132.21648913807962,0.21783262924530683,0.0023960046813489852,3.0,0.0,2.2,1.3038404810405297,2.2,1.3038404810405297,19.8,2.4899799195977463,0.7333333333333333,0.4346134936801766,0.5540109907177734,0.05252295850323833,0.8400000000000001,0.08269757486703522
ppdai_imb77,rf,most_risky,0.02,9,0.7874415516518756,0.008223030011356767,0.5414157316727298,0.061173643040794215,0.0663850432166303,0.00898294681836132,0.08283146334545968,0.12234728608158839,27505.2,126.2049919773379,0.2179954812565434,0.0019920652545150556,3.0,0.0,2.6,0.5477225575051661,2.6,0.5477225575051661,22.4,2.073644135332772,0.8666666666666666,0.18257418583505539,0.5656613129843151,0.03792633838569103,0.8773333333333333,0.04621207153499565
ppdai_imb77,rf,most_risky,0.02,10,0.7891574142573676,0.002329798311805722,0.5527342204058036,0.027177775800611786,0.06765829397769245,0.01274466859885286,0.10546844081160714,0.05435555160122366,29997.4,120.59353216487231,0.2173632291500034,0.0008947000298110318,3.0,0.0,2.6,0.5477225575051662,2.6,0.5477225575051662,25.0,2.0000000000000004,0.8666666666666666,0.18257418583505539,0.570621293766232,0.03958328943113206,0.9213333333333333,0.060809356005287356
ppdai_imb77,rf,most_risky,0.05,0,0.78,0.012845232578665154,0.5702343780645667,0.03971296122678578,0.10486765834394426,0.02978595668269455,0.1404687561291335,0.07942592245357143,5000.0,0.0,0.2304,0.0044068129073061395,0.0,0.0,0.0,0.0,0.0,0.0,0.0,0.0,0.0,0.0,0.0,0.0,0.0,0.0
ppdai_imb77,rf,most_risky,0.05,1,0.7817875610877325,0.011283020742450472,0.5572569835932537,0.040547330768350646,0.09154356522874549,0.015475450349649025,0.11451396718650741,0.08109466153670132,7507.4,32.33109957919767,0.22587702671855353,0.0024465059469464786,6.8,1.6431676725154984,5.0,2.0,5.0,2.0,5.0,2.0,0.72,0.1591644851508443,0.5185310478491781,0.05643896125943295,0.8219777777777779,0.0376893081737684
ppdai_imb77,rf,most_risky,0.05,2,0.7830482235610887,0.010642033142660701,0.5004998815446576,0.07457707826546305,0.08549670266987744,0.028253034197220892,0.0009997630893153254,0.14915415653092606,10013.8,59.7678843527188,0.22291867591185094,0.004503097925838836,6.6,1.6733200530681511,3.6,1.51657508881031,3.6,1.51657508881031,8.6,3.1304951684997055,0.5571428571428572,0.19659084206461266,0.5629329125449143,0.04474742863047856,0.8125,0.06756362741890048
ppdai_imb77,rf,most_risky,0.05,3,0.7848218316101109,0.008524196509542276,0.5340210394885079,0.052606873539234315,0.07592853185024685,0.0074910305827783664,0.06804207897701586,0.10521374707846864,12519.0,84.13085046521269,0.2204741661341037,0.005160443747543349,6.6,1.3416407864998738,4.2,0.8366600265340756,4.2,0.8366600265340756,12.8,3.8340579025361627,0.6433333333333333,0.10759362847719604,0.5416143970070774,0.023822428410491918,0.7659166666666667,0.021494508342571814
ppdai_imb77,rf,most_risky,0.05,4,0.7862485678619817,0.009750021510468113,0.5193692757248763,0.07647019368928186,0.0772711675209771,0.0037363897104613322,0.038738551449752814,0.15294038737856366,15032.4,96.318741686133,0.21977325640628936,0.00422870263811959,6.4,0.8944271909999159,5.4,0.8944271909999159,5.4,0.8944271909999159,18.2,4.43846820423443,0.8523809523809524,0.1432534186332507,0.5664753259198492,0.03924434570323572,0.8258666666666666,0.0580538728612916
ppdai_imb77,rf,most_risky,0.05,5,0.7845816642700485,0.007200928876838482,0.539885501797732,0.04664797816183325,0.07797959892400921,0.013771163815252131,0.0797710035954641,0.09329595632366644,17528.6,94.92523373687318,0.21896756089180675,0.0029623129665232,7.4,0.5477225575051662,5.4,0.894427190999916,5.4,0.894427190999916,23.6,4.669047011971501,0.7357142857142857,0.14638501094227993,0.5325818101634187,0.035831452648803754,0.7996428571428572,0.05568666325329361
ppdai_imb77,rf,most_risky,0.05,6,0.7858611797827482,0.004276498276145315,0.5487963192431605,0.04015496514814345,0.0766499327274719,0.0072983941559753105,0.09759263848632108,0.08030993029628683,20041.0,97.9515186201824,0.21846071246334237,0.003331315843980883,6.4,0.5477225575051663,5.2,0.8366600265340755,5.2,0.8366600265340755,28.8,4.919349550499537,0.8238095238095238,0.18565322561540887,0.5184604025513116,0.0677631903211031,0.8518571428571429,0.047938925619679475
ppdai_imb77,rf,most_risky,0.05,7,0.7874418227749802,0.003570898438820298,0.5176804633290132,0.03842170266982761,0.07061713202684901,0.008176785706139842,0.03536092665802645,0.07684340533965525,22551.2,101.20375487105251,0.21862910705576435,0.0032914696140103543,6.6,0.5477225575051662,4.6,1.816590212458495,4.6,1.816590212458495,33.4,4.61519230368573,0.7,0.27847983842311325,0.5713018685990534,0.05278562098205768,0.8068095238095238,0.04217163397377603
ppdai_imb77,rf,most_risky,0.05,8,0.7853617158369636,0.006112546040895058,0.5275301541054084,0.06343938660821107,0.07064660144539958,0.004972164830418058,0.055060308210816825,0.12687877321642213,25053.2,94.18970219721486,0.21825056210057642,0.0021876333432473034,6.6,0.5477225575051661,4.6,1.6733200530681511,4.6,1.6733200530681511,38.0,5.1478150704935,0.6904761904761905,0.23328473740792174,0.5484064093992042,0.04087215598876134,0.7828095238095238,0.041268299727009225
ppdai_imb77,rf,most_risky,0.05,9,0.786183470790195,0.0040754870930915415,0.5314564712937695,0.048336707466926476,0.06782081982539909,0.009164485186096562,0.0629129425875392,0.09667341493385287,27554.4,95.23549758362151,0.2185017360045375,0.0018479337831301048,6.6,0.547722557505166,5.6,0.547722557505166,5.6,0.547722557505166,43.6,5.504543577809153,0.8523809523809524,0.10157490003667399,0.5550841409360678,0.05460144196873175,0.8254761904761903,0.043744128209789145
ppdai_imb77,rf,most_risky,0.05,10,0.7867806230442824,0.004608067304289406,0.5425239868479924,0.038705344921794595,0.0681707314715282,0.00841032471172481,0.0850479736959848,0.07741068984358915,30047.4,89.85710878945547,0.2178476501930559,0.0006793979689423013,7.4,0.5477225575051663,6.0,1.5811388300841898,6.0,1.5811388300841898,49.6,4.159326868617084,0.8071428571428572,0.18830609037805812,0.5747224074928041,0.057207996522758445,0.855107142857143,0.04942165517260628
ppdai_imb77,rf,most_risky,0.1,0,0.78,0.012845232578665154,0.5702343780645667,0.03971296122678578,0.10486765834394426,0.02978595668269455,0.1404687561291335,0.07942592245357143,5000.0,0.0,0.2304,0.0044068129073061395,0.0,0.0,0.0,0.0,0.0,0.0,0.0,0.0,0.0,0.0,0.0,0.0,0.0,0.0
ppdai_imb77,rf,most_risky,0.1,1,0.7754254581577471,0.009428643276784452,0.5366486568489071,0.08606369556828788,0.08150280184799685,0.028703151848619417,0.07329731369781432,0.17212739113657574,7513.4,30.77011537189938,0.22620374336009985,0.0022316375530138837,12.8,3.1937438845342623,8.8,4.43846820423443,8.8,4.43846820423443,8.8,4.43846820423443,0.6542543077837195,0.19427558034970885,0.5185310478491781,0.05643896125943295,0.767501366607249,0.02470174152349418
ppdai_imb77,rf,most_risky,0.1,2,0.7852039505504084,0.007579435482939877,0.5114396961063628,0.04192291079276326,0.08845880212207272,0.019377350944047463,0.022879392212725544,0.08384582158552645,10029.6,48.81905365735796,0.2236510579731688,0.0037589083845645664,12.2,2.1679483388678804,7.8,2.16794833886788,7.8,2.16794833886788,16.6,6.2289646009589745,0.6328205128205128,0.09064383631808015,0.5531634170728659,0.04515992734921687,0.7460102564102564,0.03502494931178676
ppdai_imb77,rf,most_risky,0.1,3,0.7791575529554859,0.012476300982992,0.5641682510512801,0.05371950428021847,0.07845743558627631,0.01706928107471547,0.12833650210256026,0.1074390085604369,12542.8,69.6110623392575,0.2215287471999076,0.004585945449190113,12.4,2.792848008753788,9.0,1.4142135623730951,9.0,1.4142135623730951,25.6,7.231873892705818,0.7360683760683762,0.06434257063854892,0.5307572769659447,0.05717598591608507,0.7386495726495726,0.0151080168545648
ppdai_imb77,rf,most_risky,0.1,4,0.7814033814214595,0.010537892599462957,0.5441077140740307,0.0748788879019049,0.0839166998606504,0.011637085568426745,0.08821542814806133,0.14975777580380983,15061.0,81.66700680201286,0.22067455926631988,0.0036995756441392854,12.0,1.7320508075688774,8.6,2.6076809620810595,8.6,2.6076809620810595,34.2,8.526429498916881,0.7072649572649572,0.15158897350887135,0.5783875942959135,0.04814566388759767,0.7806111111111111,0.036692568750427645
ppdai_imb77,rf,most_risky,0.1,5,0.7862535056186546,0.007451435254177495,0.5527494704120132,0.04285588357441078,0.08384267594976692,0.01613042008513712,0.10549894082402637,0.08571176714882153,17568.0,81.63638894512685,0.2199478083081452,0.0025516260886001155,13.4,0.8944271909999159,11.0,1.5811388300841898,11.0,1.5811388300841898,45.2,8.07465169527454,0.8192307692307692,0.08649266187315335,0.548747261663286,0.041950990507363166,0.7822087912087913,0.030274485948676096
ppdai_imb77,rf,most_risky,0.1,6,0.786495132224104,0.008792912073091496,0.5393121693121693,0.051900692060274874,0.07974385451333545,0.007572545149906227,0.07862433862433862,0.10380138412054973,20079.8,93.1971029592657,0.21946347440318997,0.0031382553948884335,12.8,1.6431676725154982,10.6,1.816590212458495,10.6,1.816590212458495,55.8,7.918333157931661,0.8311688311688311,0.12699744945199964,0.5099963303898375,0.038578699541539904,0.7836103896103896,0.02549322035419737
ppdai_imb77,rf,most_risky,0.1,7,0.7865106394761477,0.00427096657111035,0.549747221911044,0.022728866134910184,0.08012211384704081,0.006898013521959112,0.09949444382208808,0.04545773226982035,22592.8,95.56777699622411,0.219697327753155,0.0029469000351720754,12.8,1.4832396974191326,9.6,2.3021728866442674,9.6,2.3021728866442674,65.4,8.17312669668102,0.7564568764568765,0.1941635673197113,0.5599544186886486,0.06255975463887234,0.7569198135198135,0.03883701408085423
ppdai_imb77,rf,most_risky,0.1,8,0.7876239919568472,0.004971334310010825,0.5861542358494223,0.04527254050739462,0.0767312880864002,0.004897927121897462,0.1723084716988445,0.0905450810147892,25097.8,94.73753216122915,0.21921775194433663,0.0017335104570942892,13.6,1.1401754250991378,9.2,2.2803508501982757,9.2,2.2803508501982757,74.6,7.797435475847172,0.6802197802197802,0.1749712216826705,0.5599895836823047,0.05649899419294907,0.7831582417582418,0.023667097027415616
ppdai_imb77,rf,most_risky,0.1,9,0.7879150073572264,0.003924785427416206,0.5607829087272689,0.04729124048771763,0.07446877978184838,0.0066256755169503065,0.12156581745453796,0.09458248097543527,27614.4,96.51321153085722,0.21941793421378802,0.0015863439578686087,12.2,1.095445115010332,9.8,1.7888543819998322,9.8,1.7888543819998322,84.4,6.985699678629194,0.8041958041958042,0.14365481527394502,0.6005693198414989,0.023690006891692872,0.77606993006993,0.038521739281619206
ppdai_imb77,rf,most_risky,0.1,10,0.7865659986050761,0.004874660873398944,0.5521990768138241,0.04016586485697013,0.06771268075417766,0.0031682059117594565,0.10439815362764823,0.08033172971394033,30119.4,91.67496932096621,0.21877485526293655,0.00047685854016515017,13.6,0.8944271909999157,10.8,2.3874672772626644,10.8,2.3874672772626644,95.2,7.19027120489902,0.7921611721611722,0.1529095860017664,0.5973527424409294,0.04265861516272284,0.794992673992674,0.029022420926273527
ppdai_imb77,rf,most_risky,0.15,0,0.78,0.012845232578665154,0.5702343780645667,0.03971296122678578,0.10486765834394426,0.02978595668269455,0.1404687561291335,0.07942592245357143,5000.0,0.0,0.2304,0.0044068129073061395,0.0,0.0,0.0,0.0,0.0,0.0,0.0,0.0,0.0,0.0,0.0,0.0,0.0,0.0
ppdai_imb77,rf,most_risky,0.15,1,0.778136092495235,0.010992505678387561,0.5009779237365445,0.0660627446088029,0.08949460248143828,0.015908112444603547,0.001955847473088851,0.1321254892176058,7519.6,29.00517195260195,0.2264165626310381,0.002112659047476148,19.0,4.949747468305833,11.8,4.969909455915671,11.8,4.969909455915671,11.8,4.969909455915671,0.598582497212932,0.13526682732738293,0.5185310478491781,0.05643896125943295,0.7358685581568191,0.02066231466451279
ppdai_imb77,rf,most_risky,0.15,2,0.781515848340568,0.010314084906319016,0.5108070586459197,0.07102505907719625,0.08515318549820924,0.011780069504856138,0.021614117291839346,0.1420501181543925,10033.2,48.54070456843411,0.22344951813115088,0.003874417622979498,19.8,3.4205262752974135,11.6,2.1908902300206643,11.6,2.1908902300206643,23.4,5.9833101206606365,0.5916425120772947,0.10787229759701307,0.5804452022379538,0.04684158412612054,0.7426270531400967,0.013377293281602882
ppdai_imb77,rf,most_risky,0.15,3,0.783776203145464,0.016862969296367793,0.5027249657779645,0.07730140733071542,0.08075367406858384,0.016198152544454017,0.005449931555929116,0.15460281466143083,12554.6,65.5309087377859,0.2214009894596884,0.004666024258480605,18.4,3.435112807463534,12.0,2.449489742783178,12.0,2.449489742783178,35.4,8.142481194328912,0.6538171355498721,0.07599649332775464,0.5441643319108757,0.03230697306961017,0.7174921172816953,0.00877310302156824
ppdai_imb77,rf,most_risky,0.15,4,0.7834011137271135,0.006189981873258925,0.5395328254174632,0.029449685172782077,0.08513401948501795,0.007004202548674164,0.07906565083492635,0.058899370345564174,15070.8,86.90627135023087,0.2206350425370359,0.003912648821428323,19.6,4.393176527297759,13.0,3.1622776601683795,13.0,3.1622776601683795,48.4,10.807404868885037,0.6621607378129116,0.036785375871347614,0.566418206204156,0.02998509514026639,0.7385430641821946,0.03149505297099619
ppdai_imb77,rf,most_risky,0.15,5,0.7869280702346122,0.008759191296678544,0.5516401822379858,0.05053299650700761,0.08343340052551619,0.013221925384482185,0.1032803644759716,0.10106599301401518,17585.0,98.03825783845791,0.22013087622349503,0.002678647498563757,20.0,2.345207879911715,14.2,3.5637059362410923,14.2,3.5637059362410923,62.6,14.223220451079285,0.7087987012987013,0.14327181183960205,0.5348471788739303,0.025461976900517738,0.7322343073593073,0.031970995282844444
ppdai_imb77,rf,most_risky,0.15,6,0.7854771498301361,0.005005971050364933,0.5671164273098197,0.03017587860978531,0.08346980128289574,0.011378010925219907,0.13423285461963946,0.06035175721957063,20107.6,107.49092984991776,0.21955573099447637,0.0031952884408215586,18.4,2.509980079602227,12.8,1.9235384061671343,12.8,1.9235384061671343,75.4,14.92648652563623,0.6960127591706539,0.05609556465556859,0.5396949180462893,0.07223490296805876,0.7554113769271664,0.043531144533427456
ppdai_imb77,rf,most_risky,0.15,7,0.7851307491410124,0.002787418548904529,0.5470927719393947,0.04288404445865321,0.0810050373394731,0.0048187055491210285,0.09418554387878933,0.08576808891730626,22630.6,110.00818151392146,0.21984210965891088,0.002863597366135511,18.2,1.3038404810405297,12.4,2.073644135332772,12.4,2.073644135332772,87.8,14.20211251891774,0.6791262469900241,0.07622577882468905,0.5723694730631057,0.08382876657963555,0.7386879256965944,0.03148513842233514
ppdai_imb77,rf,most_risky,0.15,8,0.783567342382421,0.0038583116696020692,0.5554334816263722,0.03332748942866113,0.07568590627310158,0.003627463506177905,0.11086696325274452,0.06665497885732229,25147.2,114.37525956254736,0.21962087934256078,0.0018411280998592754,19.6,1.673320053068151,12.8,3.271085446759225,12.8,3.271085446759225,100.6,15.192103211866355,0.6498127672121481,0.14083306038034393,0.5380627741749378,0.015515562213512591,0.7498696889282028,0.028591303668197284
ppdai_imb77,rf,most_risky,0.15,9,0.789660912597456,0.00814237639469021,0.544841989643532,0.046906822469440806,0.0761539934403152,0.007354719959258209,0.08968397928706404,0.0938136449388817,27665.4,122.69800324373686,0.21989455459176316,0.0016016295528342745,19.2,2.1679483388678804,13.0,1.4142135623730951,13.0,1.4142135623730951,113.6,16.516658257650064,0.6800478468899521,0.06495944428487213,0.5750327597267917,0.055663938615000456,0.7452368421052631,0.037649793162881404
ppdai_imb77,rf,most_risky,0.15,10,0.7868747960774114,0.005517795416850025,0.5448908930229155,0.027167441799070144,0.07427141797388781,0.010235746120299252,0.08978178604583098,0.054334883598140336,30174.8,134.43102320521118,0.219359742091165,0.0006953680990407155,20.6,2.5099800796022262,14.0,3.0000000000000004,14.0,3.0000000000000004,127.6,16.10279478848315,0.6806022408963586,0.12726288179013803,0.5767346205344308,0.06653709558000644,0.7547236694677871,0.01624063889667148
ppdai_imb77,rf,most_risky,0.2,0,0.78,0.012845232578665154,0.5702343780645667,0.03971296122678578,0.10486765834394426,0.02978595668269455,0.1404687561291335,0.07942592245357143,5000.0,0.0,0.2304,0.0044068129073061395,0.0,0.0,0.0,0.0,0.0,0.0,0.0,0.0,0.0,0.0,0.0,0.0,0.0,0.0
ppdai_imb77,rf,most_risky,0.2,1,0.7736693211636936,0.014760267511175588,0.5666911134291969,0.08759413231066561,0.09922392229721064,0.030132817081699324,0.13338222685839374,0.1751882646213312,7525.4,27.382476148076826,0.22669455496073235,0.002099645160868175,24.8,6.572670690061994,15.2,6.340346993658944,15.2,6.340346993658944,15.2,6.340346993658944,0.5919332159741366,0.11239146894099086,0.5185310478491781,0.05643896125943295,0.7162831412406859,0.021963338328735923
ppdai_imb77,rf,most_risky,0.2,2,0.779822785172455,0.014067092760757832,0.5201425120772947,0.04378229080432405,0.09825733912746695,0.02365690835175218,0.04028502415458937,0.08756458160864816,10051.6,46.98191141279807,0.22449529649470498,0.0037458025768511145,24.6,5.412947441089743,16.4,4.77493455452533,16.4,4.77493455452533,31.6,11.013627921806693,0.660566414181542,0.07753176020854524,0.5652923327592202,0.04433558552071851,0.7191180676942636,0.026026674698210794
ppdai_imb77,rf,most_risky,0.2,3,0.7814011439759673,0.012453372680036186,0.5283411792310971,0.07557084506467188,0.09254932668091861,0.012544112583831616,0.05668235846219425,0.15114169012934378,12571.0,73.01369734508737,0.22219365848705266,0.004511816553647959,26.6,6.877499545619759,17.2,4.54972526643093,17.2,4.54972526643093,48.8,15.188811671753653,0.6472256728778468,0.07070785256280412,0.5520514792244756,0.03514899101360099,0.6960207039337475,0.013872021857486278
ppdai_imb77,rf,most_risky,0.2,4,0.7857659541306947,0.01094815861141758,0.5414324131974836,0.05069062773515737,0.09296234870629039,0.016821833569958724,0.08286482639496723,0.10138125547031472,15091.6,89.42762436741812,0.22124893296046722,0.0034198388986806157,26.2,4.919349550499537,17.6,3.361547262794322,17.6,3.361547262794322,66.4,17.84096409950987,0.6731054131054132,0.05655740685326141,0.5952152726157186,0.05732342454129672,0.7154364672364671,0.03189963538870509
ppdai_imb77,rf,most_risky,0.2,5,0.7856744940744708,0.01255283464706225,0.5569084046948227,0.04776478915533947,0.09322453988878737,0.019456782214314235,0.1138168093896453,0.09552957831067893,17607.8,94.18970219721436,0.2208492710018787,0.002092302697231839,27.2,1.3038404810405295,18.0,2.91547594742265,18.0,2.91547594742265,84.4,20.057417580536136,0.6602751322751323,0.08917464304392336,0.5131492885028373,0.038469039072108094,0.715889947089947,0.021695619823253076
ppdai_imb77,rf,most_risky,0.2,6,0.7854415986686195,0.00741886828160269,0.5538476870820277,0.060606565493373066,0.08477314012479426,0.01158326911525325,0.10769537416405535,0.12121313098674612,20134.8,104.00336533016574,0.22024625489572766,0.002675172042433654,24.6,2.880972058177586,15.2,2.588435821108957,15.2,2.588435821108957,99.6,19.756011743264377,0.6261603464002266,0.14199698557529353,0.539575775861895,0.06785491773426276,0.7301811996099853,0.026597158737477013
ppdai_imb77,rf,most_risky,0.2,7,0.7820889014135916,0.00239151338025189,0.512926837282319,0.03252966634657152,0.07754168371618245,0.008394083323925718,0.025853674564638017,0.06505933269314301,22662.6,108.87056535170571,0.22060141883847795,0.002489278512024859,24.2,1.7888543819998313,15.8,0.8366600265340756,15.8,0.8366600265340756,115.4,19.95745474753732,0.6559845951150299,0.062437555848897694,0.5597078366321787,0.04524837620756683,0.7022980895915679,0.015109085035896369
ppdai_imb77,rf,most_risky,0.2,8,0.7866785306903095,0.001066121867670744,0.5747929431086096,0.07041599087227776,0.08471479089680452,0.004143271090135932,0.1495858862172192,0.14083198174455558,25185.8,106.56781878221953,0.22038256808319234,0.0014074246176273022,25.4,1.5165750888103098,16.0,2.5495097567963922,16.0,2.5495097567963922,131.4,19.907285098676816,0.6289988851727981,0.08482629793227821,0.5399195978280991,0.017772078242541678,0.7311103678929767,0.027483941748952304
ppdai_imb77,rf,most_risky,0.2,9,0.7830081431034903,0.003546428118776517,0.5519008855651582,0.05170333849321651,0.07830454349438053,0.0039307730031890005,0.10380177113031616,0.10340667698643306,27707.2,111.43024724014609,0.22066075850919775,0.0014271588546044933,26.0,2.0,18.8,1.7888543819998322,18.8,1.7888543819998322,150.2,18.566098136118963,0.7261085568326948,0.08691622976264136,0.5808774542228354,0.03723500295575141,0.7216072030651342,0.025880053491904795
ppdai_imb77,rf,most_risky,0.2,10,0.7857919135343007,0.005493173426103969,0.5552170220919226,0.023080565720491407,0.08519479665027084,0.009263413484742026,0.11043404418384528,0.046161131440982744,30226.0,115.79939550792108,0.22004114207458847,0.0004503377087218029,26.8,2.4899799195977463,18.6,2.7928480087537886,18.6,2.7928480087537886,168.8,20.104725812604354,0.6916182934173939,0.059807616854004805,0.6111933623503701,0.04663247138265614,0.7355292652818889,0.01918308273476867
ppdai_imb77,rf,most_risky,0.3,0,0.78,0.012845232578665154,0.5702343780645667,0.03971296122678578,0.10486765834394426,0.02978595668269455,0.1404687561291335,0.07942592245357143,5000.0,0.0,0.2304,0.0044068129073061395,0.0,0.0,0.0,0.0,0.0,0.0,0.0,0.0,0.0,0.0,0.0,0.0,0.0,0.0
ppdai_imb77,rf,most_risky,0.3,1,0.7773230148356832,0.012996738958499636,0.523611111111111,0.08574436384372433,0.09731467970232015,0.02090073234967412,0.04722222222222222,0.17148872768744863,7537.8,23.75289456045313,0.22725143119754768,0.0019100752297477024,37.2,10.207840124139876,22.2,8.72926113711808,22.2,8.72926113711808,22.2,8.72926113711808,0.5797480798771122,0.08772781687300667,0.5185310478491781,0.05643896125943295,0.6860891141833078,0.022228626630203287
ppdai_imb77,rf,most_risky,0.3,2,0.7772365809858661,0.010337213916116554,0.5108942960694245,0.0639156596372313,0.10436253587737436,0.012960873151634137,0.021788592138849018,0.12783131927446253,10075.6,38.888301582867,0.22525234856661097,0.0038808383919957715,37.0,7.071067811865476,23.2,6.099180272790763,23.2,6.099180272790763,45.4,13.77679207943562,0.6235344225666807,0.07840577022140455,0.5626912634660871,0.04023377667888179,0.6912163943583299,0.03586088912355336
ppdai_imb77,rf,most_risky,0.3,3,0.7774686555976498,0.008295659882681817,0.5247351075802165,0.07595106305477822,0.08961319674049494,0.016164674073672596,0.049470215160432894,0.15190212610955647,12611.4,50.83601085844553,0.22332694603702424,0.00439414049911433,37.8,6.610597552415364,22.4,2.4083189157584592,22.4,2.4083189157584592,67.8,15.990622251807466,0.5994832118236373,0.06190140435721723,0.5320032280797472,0.02872347889835299,0.6708014233992957,0.005956907643889865
ppdai_imb77,rf,most_risky,0.3,4,0.7834800434123245,0.007467009690750293,0.5489961014727769,0.028396968073315054,0.09277092141143344,0.010404814110497337,0.09799220294555391,0.05679393614663008,15149.8,65.20506115325698,0.22275167319402236,0.003442616922759292,37.2,6.610597552415363,24.6,3.6469165057620936,24.6,3.6469165057620936,92.4,19.449935732541636,0.6658951158951159,0.04815563186237868,0.5804552061519546,0.038880022554480996,0.693966914966915,0.024025336412896038
ppdai_imb77,rf,most_risky,0.3,5,0.7866865373959143,0.005811973858924798,0.5774531407577169,0.05590360026999752,0.10165873213001556,0.01021964073943784,0.15490628151543379,0.1118072005399951,17681.0,70.68592504876767,0.22224322657492318,0.0023387892412327213,40.0,3.5355339059327378,26.8,5.118593556827891,26.8,5.118593556827891,119.2,22.174309459372125,0.6679736231566895,0.09378404198645804,0.5477843362099096,0.055993388406516055,0.6905455324449604,0.02013054288204367
ppdai_imb77,rf,most_risky,0.3,6,0.7840296184776425,0.009183814683084822,0.5389514017916209,0.03606952266587076,0.09299259342327895,0.005299670369047712,0.07790280358324178,0.07213904533174154,20221.6,75.16182541689581,0.22181470910074128,0.0027937670031447735,36.4,2.6076809620810595,23.0,2.5495097567963922,23.0,2.5495097567963922,142.2,24.509181952892682,0.631033411033411,0.03670083203270459,0.5256583940116764,0.03627346562237636,0.7003837495837496,0.024161614459735366
ppdai_imb77,rf,most_risky,0.3,7,0.7857404518824493,0.0034142824228496206,0.5595539026403299,0.03898322414593864,0.09878847955612152,0.009860938484741346,0.11910780528065983,0.07796644829187728,22760.2,79.0866613279382,0.22207373097149058,0.002526291128884121,37.0,3.1622776601683795,23.2,3.492849839314596,23.2,3.492849839314596,165.4,25.005999280172748,0.6249485781193098,0.047471612206069776,0.5742790449763937,0.05614396009655236,0.6838554088407747,0.028741589940505366
ppdai_imb77,rf,most_risky,0.3,8,0.786954170445379,0.006139833735564935,0.566027931377503,0.03438793781101713,0.09032607052786981,0.0029094170231185176,0.13205586275500608,0.06877587562203409,25298.6,79.11257801386564,0.22185874328206542,0.0016362379241712612,37.0,3.1622776601683795,23.4,4.33589667773576,23.4,4.33589667773576,188.8,23.763417262674995,0.6296239027946344,0.08360959043940215,0.5566397567382065,0.026806380980950676,0.6968049429805527,0.027805694869846274
ppdai_imb77,rf,most_risky,0.3,9,0.7854650504637207,0.006666156858492478,0.5675427889353076,0.053179390856161864,0.08948318902933484,0.012325739313845556,0.1350855778706153,0.10635878171232375,27838.0,76.81796664843468,0.22231967446259676,0.001655073438053415,36.8,2.5884358211089564,24.8,4.3817804600413295,24.8,4.3817804600413295,213.6,20.537770083434083,0.6710959883843671,0.08769114430875193,0.5591006247494522,0.02629325724575231,0.6989080184919496,0.024866548110660767
ppdai_imb77,rf,most_risky,0.3,10,0.7844527464625282,0.005775780506228837,0.5773410113169473,0.032392284207788474,0.09055944398316106,0.008729947790787108,0.15468202263389444,0.06478456841557702,30372.0,76.74307786373947,0.22186764889319405,0.0006175236901829508,39.0,1.581138830084189,27.8,2.588435821108957,27.8,2.588435821108957,241.4,19.269146322554093,0.7137250433014233,0.07352224298407248,0.597056484124328,0.03905695204344657,0.7043800651100394,0.007591344038177293
ppdai_imb77,rf,most_risky,0.5,0,0.78,0.012845232578665154,0.5702343780645667,0.03971296122678578,0.10486765834394426,0.02978595668269455,0.1404687561291335,0.07942592245357143,5000.0,0.0,0.2304,0.0044068129073061395,0.0,0.0,0.0,0.0,0.0,0.0,0.0,0.0,0.0,0.0,0.0,0.0,0.0,0.0
ppdai_imb77,rf,most_risky,0.5,1,0.775147360045837,0.005200926112462449,0.5273715462080666,0.06542831907255572,0.10275472193047006,0.02155589118426824,0.054743092416133086,0.13085663814511142,7561.8,16.976454282328792,0.22835688727305214,0.0015711508254005748,61.2,16.976454282328806,36.0,13.838352503098047,36.0,13.838352503098047,36.0,13.838352503098047,0.5727635732084875,0.0798841184719015,0.5185310478491781,0.05643896125943295,0.6453516182133958,0.021071618542159526
ppdai_imb77,rf,most_risky,0.5,2,0.77951189739775,0.016576684355255725,0.5331319980256151,0.03544397286138995,0.10665454936916556,0.017083965474767794,0.0662639960512301,0.0708879457227799,10124.8,27.215804232100155,0.2265878708861834,0.00398033648161016,60.6,12.095453691366853,36.4,7.668115805072325,36.4,7.668115805072325,72.4,21.10213259365034,0.6011239885483688,0.04532842033465866,0.5876081548048651,0.027135805727119763,0.6511137195789122,0.01986180625473775
ppdai_imb77,rf,most_risky,0.5,3,0.773344542603563,0.010484632855155185,0.534627579481881,0.07322104544591174,0.09419603369087051,0.013059457160392985,0.06925515896376211,0.1464420908918235,12689.4,36.445850243889154,0.225172642441323,0.004334344586540765,59.2,11.031772296417289,35.4,4.39317652729776,35.4,4.39317652729776,107.8,24.37621791829077,0.6033087760346362,0.03752856055230306,0.5381234368334793,0.031617886200758755,0.6416393828678845,0.010913345852093487
ppdai_imb77,rf,most_risky,0.5,4,0.7834834694618874,0.009633126703875249,0.566354895534462,0.030370783602535787,0.10782433291467967,0.01296522986778947,0.1327097910689242,0.060741567205071664,15251.6,47.76819025251015,0.22508480179557938,0.0031288023098566624,61.8,12.497999839974396,40.2,7.726577508832744,40.2,7.726577508832744,148.0,30.553232234904378,0.6525474012730385,0.04623797832247813,0.5647098907420065,0.048464116169924826,0.6485625216524766,0.009205688060546346
ppdai_imb77,rf,most_risky,0.5,5,0.7816102018054039,0.01002673020947965,0.5643465120697087,0.04863432290405949,0.10671351886347251,0.016686128518722514,0.12869302413941716,0.09726864580811899,17808.8,52.04997598462425,0.22453654357047254,0.0022141904839053316,66.6,7.893034904268447,39.6,6.655824516917495,39.6,6.655824516917495,187.6,36.08739392086938,0.5946953532547876,0.07338820694531677,0.5580218103493033,0.03188770717918809,0.6561293019839197,0.014776955573598169
ppdai_imb77,rf,most_risky,0.5,6,0.7847977877927161,0.006587894376312274,0.5703503917057258,0.027494965516870085,0.1069693813975324,0.006469741046490792,0.14070078341145145,0.05498993103374018,20369.6,55.85069381842962,0.22399566878090935,0.002725788695050227,62.8,7.5960516059331775,37.4,4.722287581247039,37.4,4.722287581247039,225.0,38.294908277733214,0.5967133781984042,0.04751042923012708,0.5502547513332507,0.03954713929022778,0.663933041042504,0.005511090596681475
ppdai_imb77,rf,most_risky,0.5,7,0.7842700076986965,0.0079065684438905,0.5827442868014279,0.04257847946279916,0.104353745054268,0.014346602679755726,0.16548857360285563,0.08515695892559838,22932.8,53.54157263286181,0.22453026016821925,0.0022797394985322092,60.4,2.5099800796022262,38.8,5.805170109479997,38.8,5.805170109479997,263.8,34.859718874368454,0.6414499717354437,0.08435396286113285,0.5635818219298361,0.06853212890512955,0.6557000247314868,0.014678586755241526
ppdai_imb77,rf,most_risky,0.5,8,0.7818064428013475,0.002155171229141807,0.5762251273722975,0.02742165067204869,0.10068256018786843,0.010549592596887123,0.15245025474459498,0.05484330134409739,25497.8,50.499504948068434,0.22453534365667888,0.001334054416713781,58.4,5.594640292279746,33.2,3.5637059362410928,33.2,3.5637059362410928,297.0,32.30325061042619,0.5711190074184677,0.06291259068923882,0.5155600684218528,0.03386276886260701,0.6619879296524415,0.019813523376291994
ppdai_imb77,rf,most_risky,0.5,9,0.7810932319544514,0.003065228750387162,0.5593990245358326,0.013624433132408197,0.0966279003060271,0.005875598905214458,0.11879804907166522,0.027248866264816415,28060.4,51.930723083739394,0.22498460521962693,0.0013293111856785538,61.0,3.316624790355399,39.2,4.024922359499622,39.2,4.024922359499622,336.2,31.05157000861631,0.6424414277165057,0.052615669370415216,0.5740827451372883,0.029790442163774307,0.6562691979331232,0.010092450585154575
ppdai_imb77,rf,most_risky,0.5,10,0.7841677143182133,0.002827708029823066,0.5972096535339844,0.022130649680488428,0.10450944173122405,0.00890276391578022,0.1944193070679688,0.044261299360976857,30620.0,52.359335366293266,0.22459144571019296,0.00025169333932132504,64.2,3.0331501776206196,44.2,4.207136793592527,44.2,4.207136793592527,380.4,29.177045772319037,0.6907280791104321,0.08537624942706395,0.617571166008829,0.07765653656386418,0.6615628193701723,0.00712711772558897
ppdai_imb77,rf,most_risky,0.75,0,0.78,0.012845232578665154,0.5702343780645667,0.03971296122678578,0.10486765834394426,0.02978595668269455,0.1404687561291335,0.07942592245357143,5000.0,0.0,0.2304,0.0044068129073061395,0.0,0.0,0.0,0.0,0.0,0.0,0.0,0.0,0.0,0.0,0.0,0.0,0.0,0.0
ppdai_imb77,rf,most_risky,0.75,1,0.7802541312847605,0.00817875509273468,0.5477717612324561,0.05321332894578601,0.1084522634641836,0.02421268321224105,0.09554352246491209,0.106426657891572,7592.8,8.642916174532841,0.22958550934484706,0.0014116178692109257,92.2,25.31205246517951,52.4,18.21537811850196,52.4,18.21537811850196,52.4,18.21537811850196,0.5580994612056716,0.053403644132021685,0.5185310478491781,0.05643896125943295,0.6114505075948168,0.01814246258373419
ppdai_imb77,rf,most_risky,0.75,2,0.7794273473262668,0.008502191101900395,0.5492195326485364,0.025738293405595854,0.11985438740679237,0.018285330735190234,0.09843906529707283,0.05147658681119171,10185.4,15.175638372075001,0.22867881920828764,0.0033251990621814024,93.0,19.377822375076104,53.6,11.970797801316335,53.6,11.970797801316335,106.0,29.891470355270247,0.5756951154052603,0.056566992073000644,0.5648416772340048,0.031911153112525355,0.6232621480505538,0.01210412921000396
ppdai_imb77,rf,most_risky,0.75,3,0.7795602044344258,0.013355149805249999,0.5700758102034698,0.03929589669539032,0.110667771174856,0.016414842959652863,0.14015162040693957,0.07859179339078065,12776.2,21.440615662802273,0.2274500209519425,0.0036534353922428246,97.4,19.66723163030323,54.2,10.2810505299799,54.2,10.2810505299799,160.2,38.447366619834966,0.5580879532887891,0.026163495538779967,0.528420681164825,0.02961567859163461,0.613001226255278,0.007690911527323563
ppdai_imb77,rf,most_risky,0.75,4,0.7782087436265344,0.00903905813476101,0.5506665362834097,0.05238774238555234,0.10914475396982778,0.017702127760921914,0.1013330725668193,0.10477548477110475,15368.2,25.292291315735024,0.22751871806260512,0.0026774988307136966,95.0,16.015617378046965,56.4,9.289779329994873,56.4,9.289779329994873,216.6,44.36552715791845,0.5966327008492952,0.06157252696577313,0.5528784937523239,0.06057212476884687,0.6184666458848047,0.013806653420467684
ppdai_imb77,rf,most_risky,0.75,5,0.7806853423179062,0.007930225136430413,0.560953900032459,0.041156719920949256,0.12094398777368562,0.02063200052932417,0.12190780006491812,0.08231343984189853,17959.0,26.767517628648346,0.2272159126872572,0.001665519654726788,98.4,11.458621208504974,57.0,6.670832032063167,57.0,6.670832032063167,273.6,47.99270777941166,0.5798028162298412,0.025142976145646194,0.5618356795334483,0.020505009351944388,0.6231854564868577,0.007222388769659383
ppdai_imb77,rf,most_risky,0.75,6,0.7775294000834889,0.007678937100379794,0.5662727331148384,0.03291435741021867,0.11262897369334937,0.015925512324573468,0.13254546622967675,0.06582871482043734,20551.4,28.85827437668439,0.22676580651227402,0.002311150980061101,93.2,11.64903429473877,51.2,10.183319694480772,51.2,10.183319694480772,324.8,50.0569675469859,0.5473231266444302,0.06841751333264241,0.5372845839628448,0.05089083943851157,0.6265840874405242,0.011373027308414281
ppdai_imb77,rf,most_risky,0.75,7,0.7814871354483037,0.004825796190021106,0.5635297515903789,0.03594450651565935,0.11050136177290923,0.0077174518385732865,0.12705950318075776,0.07188901303131873,23145.6,30.875556675143546,0.22723772408610507,0.0020867910397270885,88.0,7.745966692414833,49.2,3.70135110466435,49.2,3.70135110466435,374.0,50.368641037852115,0.561247510873147,0.04588416684795496,0.5622587895731634,0.0321276683811932,0.6247978185271368,0.009623941075059756
ppdai_imb77,rf,most_risky,0.75,8,0.7816169124046868,0.004378564941782256,0.5775291310555384,0.024981820148175134,0.11588139550838153,0.009753560541718736,0.1550582621110767,0.049963640296350344,25737.8,30.144651266849696,0.22716699705673632,0.0012826813468918108,94.4,7.23187389270582,55.8,2.683281572999748,55.8,2.683281572999748,429.8,48.41177542705906,0.5927388407646725,0.03434123908543978,0.5712427057467405,0.050689135002839746,0.6284439374782749,0.006300919452013089
ppdai_imb77,rf,most_risky,0.75,9,0.7845530089007269,0.004823456896422898,0.5911370855546152,0.02043179704841,0.11397283014061581,0.010564735194939381,0.18227417110923044,0.04086359409681998,28329.8,29.794294755875377,0.22770992865581546,0.0013151052599354013,94.0,1.4142135623730951,55.4,2.5099800796022262,55.4,2.5099800796022262,485.2,48.27214517711017,0.5893308664816528,0.024351095808807302,0.5585309426229508,0.021470855015542016,0.6219663120567376,0.010910676048873814
ppdai_imb77,rf,most_risky,0.75,10,0.7848822813998287,0.00630481361965083,0.5814715872425626,0.027525156655821722,0.11162051739642062,0.01628209476152253,0.16294317448512524,0.0550503133116434,30921.2,29.303583398622372,0.22742308826154373,0.00022812896442167666,96.0,7.176350047203662,59.4,7.334848328356899,59.4,7.334848328356899,544.6,42.594600596789256,0.6180946033614017,0.05407367983037254,0.5978868682490092,0.04546288247789905,0.6292384753099974,0.004989793074356482
ppdai_imb77,rf,most_risky,1.0,0,0.78,0.012845232578665154,0.5702343780645667,0.03971296122678578,0.10486765834394426,0.02978595668269455,0.1404687561291335,0.07942592245357143,5000.0,0.0,0.2304,0.0044068129073061395,0.0,0.0,0.0,0.0,0.0,0.0,0.0,0.0,0.0,0.0,0.0,0.0,0.0,0.0
ppdai_imb77,rf,most_risky,1.0,1,0.7763934426229508,0.012407139625196363,0.5660309166828931,0.07875921515016729,0.10829725576488428,0.025647698957947704,0.13206183336578609,0.15751843030033455,7623.0,0.0,0.2303030303030303,0.0014086034050159772,122.4,33.95290856465761,64.8,23.44568190520378,64.8,23.44568190520378,64.8,23.44568190520378,0.5185310478491781,0.05643896125943295,0.5185310478491781,0.05643896125943295,0.5881946663646203,0.014384582856168135
ppdai_imb77,rf,most_risky,1.0,2,0.7802926829268293,0.004622578630432064,0.49971095481260236,0.010906647573450319,0.12083643985630696,0.010414524619683604,-0.0005780903747952596,0.02181329514690071,10246.0,0.0,0.23009955104430996,0.003270369700341112,123.8,19.69009903479411,69.6,11.458621208504974,69.6,11.458621208504974,134.4,34.86115316509194,0.5621829455850402,0.02509479378133834,0.5621829455850402,0.02509479378133834,0.5929316370600027,0.015018253007090655
ppdai_imb77,rf,most_risky,1.0,3,0.7778554778554778,0.0068148328085761885,0.5256026297210393,0.055779735806660645,0.10684294191087647,0.01919610409901519,0.05120525944207869,0.11155947161332125,12869.0,0.0,0.22910871085554435,0.003332133912938408,124.2,17.711578134090704,67.2,9.984988733093292,67.2,9.984988733093292,201.6,42.647391479432834,0.541697500474479,0.031038056644707657,0.541697500474479,0.031038056644707657,0.5947162730269616,0.009760983966687571
ppdai_imb77,rf,most_risky,1.0,4,0.7803162310422718,0.005747050496519736,0.5596871691616538,0.044375922914156686,0.11921455323286922,0.014074345302692465,0.1193743383233076,0.08875184582831334,15492.0,0.0,0.22929253808417246,0.0023980792056543924,130.8,13.0843417870369,77.0,10.70046727951635,77.0,10.70046727951635,278.6,47.00319138101156,0.5869238228182491,0.029229394838112807,0.5869238228182491,0.029229394838112807,0.5936863436870377,0.013331178925915732
ppdai_imb77,rf,most_risky,1.0,5,0.776980402980955,0.006458381980015204,0.5697838220616652,0.02610165214181981,0.11758114424239578,0.018720520215721487,0.13956764412333034,0.05220330428363959,18115.0,0.0,0.22922439966878277,0.0014001302455944821,139.2,8.5848704125339,79.2,7.395944834840238,79.2,7.395944834840238,357.8,51.148802527527465,0.570446436485071,0.058710624898489924,0.570446436485071,0.058710624898489924,0.5960016738889429,0.008227077656896327
ppdai_imb77,rf,most_risky,1.0,6,0.7794117647058824,0.010351012266648233,0.5506997622696128,0.041358015088007134,0.1169691637251783,0.006119572714830934,0.10139952453922566,0.08271603017601421,20738.0,0.0,0.22895168290095474,0.001961105160349382,121.8,13.663820841916804,65.4,11.588787684654507,65.4,11.588787684654507,423.2,58.21254160402207,0.5342973812044824,0.04912821292370115,0.5342973812044824,0.04912821292370115,0.5982768068441493,0.005046320110702958
ppdai_imb77,rf,most_risky,1.0,7,0.781682002995934,0.004208150902229135,0.5631077511203276,0.02484274573950595,0.11897517711297181,0.01461108983210864,0.12621550224065525,0.049685491479011884,23361.0,0.0,0.22959633577329738,0.0018147585773149544,123.4,12.817956155331474,70.0,12.103718436910205,70.0,12.103718436910205,493.2,54.39852939188705,0.5664481092436975,0.06338947229585387,0.5664481092436975,0.06338947229585387,0.5956119453781513,0.0046948803803318895
ppdai_imb77,rf,most_risky,1.0,8,0.776255532037714,0.006774942034228572,0.5625205439884973,0.03625648598398507,0.12269201238793048,0.009223512936849473,0.12504108797699443,0.07251297196797014,25984.0,0.0,0.22961052955665023,0.001039243513304811,127.6,7.765307463326871,70.6,8.142481194328912,70.6,8.142481194328912,563.8,54.17287143949451,0.5522433891132642,0.039127901594515936,0.5522433891132642,0.039127901594515936,0.602841866347407,0.007745136372321732
ppdai_imb77,rf,most_risky,1.0,9,0.7818245368752185,0.00471636384545958,0.586606160482812,0.031153903722012953,0.12369621032969555,0.009111300089681126,0.17321232096562403,0.062307807444025906,28607.0,0.0,0.2301814241269619,0.0010891061209080829,127.4,7.797435475847172,73.4,8.203657720797471,73.4,8.203657720797471,637.2,57.99741373544168,0.576074629393057,0.052517382598078956,0.576074629393057,0.052517382598078956,0.5988687408048341,0.00789422445170498
ppdai_imb77,rf,most_risky,1.0,10,0.7782580851745117,0.0035530485144367675,0.5624853121347481,0.019409201809059622,0.12056545625006913,0.006543007553405442,0.12497062426949608,0.0388184036181193,31230.0,0.0,0.23000320204931154,0.0,130.2,6.140032573203498,79.2,8.167006795638166,79.2,8.167006795638166,716.4,50.351762630517705,0.6070982486977949,0.03456649029250792,0.6070982486977949,0.03456649029250792,0.6023406242273514,0.004570286926734478
ppdai_imb77,rf,random,0.0,0,0.78,0.012845232578665154,0.5702343780645667,0.03971296122678578,0.10486765834394426,0.02978595668269455,0.1404687561291335,0.07942592245357143,5000.0,0.0,0.2304,0.0044068129073061395,0.0,0.0,0.0,0.0,0.0,0.0,0.0,0.0,0.0,0.0,0.0,0.0,0.0,0.0
ppdai_imb77,rf,random,0.0,1,0.7774384341392487,0.009547713245820141,0.49503921640268667,0.08195182479814397,0.07609090870472084,0.010362855213477074,-0.009921567194626618,0.16390364959628795,7500.6,33.952908564657726,0.22541421907568476,0.0025995275584637925,0.0,0.0,0.0,0.0,0.0,0.0,0.0,0.0,0.0,0.0,0.0,0.0,0.0,0.0
ppdai_imb77,rf,random,0.0,2,0.7840720773246321,0.010538957604523695,0.5009605357546636,0.03747470164906472,0.09156817708239448,0.018471516263980185,0.0019210715093271324,0.07494940329812946,9995.6,46.10097612849424,0.22226843535252475,0.004300510638648086,0.0,0.0,0.0,0.0,0.0,0.0,0.0,0.0,0.0,0.0,0.0,0.0,0.0,0.0
ppdai_imb77,rf,random,0.0,3,0.7754920372023401,0.010890350832681955,0.4881452485686356,0.07535399317497835,0.06421053453306173,0.013921530380872045,-0.02370950286272867,0.1507079863499567,12493.6,74.70809862391097,0.2196428779107773,0.00525641328576701,0.0,0.0,0.0,0.0,0.0,0.0,0.0,0.0,0.0,0.0,0.0,0.0,0.0,0.0
ppdai_imb77,rf,random,0.0,4,0.7821140097484481,0.01093753397764517,0.4824154240820907,0.04163771135874958,0.06449793754478628,0.005329008557634728,-0.0351691518358185,0.08327542271749917,14988.8,88.77330679883428,0.2185719296746685,0.004149570566478288,0.0,0.0,0.0,0.0,0.0,0.0,0.0,0.0,0.0,0.0,0.0,0.0,0.0,0.0
ppdai_imb77,rf,random,0.0,5,0.787397515487555,0.009950863189183935,0.5068363747547675,0.021320617028235053,0.0745335424976998,0.014663392337009869,0.01367274950953493,0.0426412340564701,17491.8,100.8399722332366,0.21791761043186075,0.002933811495647701,0.0,0.0,0.0,0.0,0.0,0.0,0.0,0.0,0.0,0.0,0.0,0.0,0.0,0.0
ppdai_imb77,rf,random,0.0,6,0.7850153673781801,0.006908167404907401,0.5123326437134095,0.018949671572689217,0.06845576362777062,0.00552960715975402,0.02466528742681893,0.03789934314537846,19993.8,109.36498525579394,0.21727275388620085,0.00347759412340041,0.0,0.0,0.0,0.0,0.0,0.0,0.0,0.0,0.0,0.0,0.0,0.0,0.0,0.0
ppdai_imb77,rf,random,0.0,7,0.7842178149408428,0.0029377802303759137,0.4925358097784568,0.007195513515860661,0.061475707182142236,0.004324767506815667,-0.014928380443086326,0.014391027031721315,22505.8,113.86702771215214,0.2175491413710283,0.003211127103253429,0.0,0.0,0.0,0.0,0.0,0.0,0.0,0.0,0.0,0.0,0.0,0.0,0.0,0.0
ppdai_imb77,rf,random,0.0,8,0.7864009949010644,0.00577051601625493,0.5120325424373284,0.04096381800243484,0.0658045366704181,0.006773140198298016,0.024065084874656903,0.08192763600486967,25000.8,125.0587861767418,0.21714543060447436,0.002102778733903751,0.0,0.0,0.0,0.0,0.0,0.0,0.0,0.0,0.0,0.0,0.0,0.0,0.0,0.0
ppdai_imb77,rf,random,0.0,9,0.7853786339030202,0.004733993737160135,0.5166519902540105,0.03250642882994567,0.05714438086481164,0.008678127643578148,0.033303980508021094,0.06501285765989133,27500.6,121.14165262204385,0.21729844684526833,0.0019260660004750036,0.0,0.0,0.0,0.0,0.0,0.0,0.0,0.0,0.0,0.0,0.0,0.0,0.0,0.0
ppdai_imb77,rf,random,0.0,10,0.7857914195828998,0.0028296261658258834,0.5343548254084997,0.021386979976590136,0.05727284980698202,0.008761525673135883,0.06870965081699933,0.0427739599531803,29995.8,123.96652774035405,0.21665350416652274,0.0011040080146763618,0.0,0.0,0.0,0.0,0.0,0.0,0.0,0.0,0.0,0.0,0.0,0.0,0.0,0.0
ppdai_imb77,rf,random,0.01,0,0.78,0.012845232578665154,0.5702343780645667,0.03971296122678578,0.10486765834394426,0.02978595668269455,0.1404687561291335,0.07942592245357143,5000.0,0.0,0.2304,0.0044068129073061395,0.0,0.0,0.0,0.0,0.0,0.0,0.0,0.0,0.0,0.0,0.0,0.0,0.0,0.0
ppdai_imb77,rf,random,0.01,1,0.7784220884077256,0.006565700048619768,0.5074940040556258,0.054503911279098524,0.08011684490746697,0.0058508423650197264,0.014988008111251786,0.10900782255819703,7502.4,33.65709434874009,0.22549383922231878,0.0025051608394971755,1.8,0.4472135954999579,1.0,1.0,1.0,1.0,1.0,1.0,0.5,0.5,0.5185310478491781,0.05643896125943295,0.616,0.05308012810836085
ppdai_imb77,rf,random,0.01,2,0.7852744135580305,0.00895806418643355,0.5255471580955774,0.06349162458462207,0.08888442715058946,0.013930063700541917,0.05109431619115484,0.1269832491692441,10000.2,59.16671361500483,0.2227620547536678,0.004429313347538111,1.8,0.4472135954999579,1.6,0.5477225575051661,1.6,0.5477225575051661,2.6,1.1401754250991378,0.9,0.22360679774997896,0.5321671078481623,0.019253119267990906,0.613,0.06210877554742161
ppdai_imb77,rf,random,0.01,3,0.7853664646130702,0.014550117526504057,0.5289346354984954,0.0731768668548508,0.07199487360619823,0.012153104534811839,0.057869270996990706,0.14635373370970162,12499.8,81.27853345133632,0.22026759095531712,0.005231215952147655,1.8,0.4472135954999579,0.6,0.5477225575051661,0.6,0.5477225575051661,3.2,1.3038404810405297,0.3,0.27386127875258304,0.5265699509790989,0.028880808733770344,0.593,0.07224956747275378
ppdai_imb77,rf,random,0.01,4,0.7859840596777554,0.009059638544863415,0.5032595197647503,0.06953673429466521,0.07082931470840408,0.011216508173233814,0.0065190395295005865,0.13907346858933045,14999.2,102.75553513071692,0.21906950460038624,0.004495794988899687,1.8,0.4472135954999579,1.2,0.4472135954999579,1.2,0.4472135954999579,4.4,1.6733200530681511,0.7,0.2738612787525831,0.5798437244689343,0.034851681164943825,0.597,0.05032395056034455
ppdai_imb77,rf,random,0.01,5,0.7850304587276348,0.005250045654391789,0.5213995679651802,0.03018095592040048,0.0745136029645884,0.006102765351829649,0.042799135930360485,0.06036191184080098,17486.8,107.77847651549,0.2182186069863382,0.0032056396155815178,2.0,0.0,1.0,1.0,1.0,1.0,5.4,2.3021728866442674,0.5,0.5,0.5187751885624226,0.029416239187029215,0.5810000000000001,0.03990613987846981
ppdai_imb77,rf,random,0.01,6,0.7831694719336381,0.005123011337886106,0.523170789358718,0.03638294850957833,0.0707429209697162,0.007791934862043076,0.046341578717435786,0.07276589701915662,19984.0,117.90886311045521,0.21755907049975454,0.0034974360786037546,2.0,0.0,1.2,0.8366600265340756,1.2,0.8366600265340756,6.6,2.6076809620810595,0.6,0.4183300132670378,0.5073331542189207,0.0546554076719107,0.642,0.07023175919767358
ppdai_imb77,rf,random,0.01,7,0.7848294052855069,0.00840587744342706,0.527513382821383,0.042761689713617664,0.06933256876581317,0.011204215201915413,0.055026765642766005,0.08552337942723529,22493.8,128.09644803818742,0.21789517306251427,0.003129590426807907,1.8,0.4472135954999579,0.8,0.8366600265340756,0.8,0.8366600265340756,7.4,2.792848008753788,0.5,0.5,0.5504688100816846,0.09428390939546688,0.601,0.03748332962798264
ppdai_imb77,rf,random,0.01,8,0.7852401589937639,0.007441011144824872,0.5396489801740123,0.0487163835408154,0.06580972004262663,0.004516750910009419,0.07929796034802453,0.09743276708163069,24987.0,134.53066564913772,0.21743351222586407,0.0018818173203761534,2.0,0.0,0.6,0.5477225575051661,0.6,0.5477225575051661,8.0,2.9154759474226504,0.3,0.27386127875258304,0.5435941334053078,0.06151515184832424,0.5890000000000001,0.03612478373637686
ppdai_imb77,rf,random,0.01,9,0.7859447396362513,0.0080549582409036,0.5242311210469761,0.047750601485829984,0.06254883392747117,0.010186469394621641,0.04846224209395221,0.09550120297165993,27488.0,137.00364958642493,0.21769550333828044,0.0018562289551812877,2.0,0.0,1.2,0.4472135954999579,1.2,0.4472135954999579,9.2,3.1144823004794877,0.6,0.22360679774997896,0.5526736689727146,0.04835821409055025,0.5850000000000001,0.027838821814150125
ppdai_imb77,rf,random,0.01,10,0.7864769019888058,0.0067996720308964795,0.5184420971539986,0.04612188940864738,0.06177258494231859,0.008302666562145337,0.03688419430799703,0.0922437788172947,29975.4,139.67211604325377,0.21702170081756722,0.000835899681085424,2.0,0.0,1.2,0.4472135954999579,1.2,0.4472135954999579,10.4,3.361547262794322,0.6,0.22360679774997896,0.5677507739387797,0.06821281733999779,0.604,0.06976747093022656
ppdai_imb77,rf,random,0.02,0,0.78,0.012845232578665154,0.5702343780645667,0.03971296122678578,0.10486765834394426,0.02978595668269455,0.1404687561291335,0.07942592245357143,5000.0,0.0,0.2304,0.0044068129073061395,0.0,0.0,0.0,0.0,0.0,0.0,0.0,0.0,0.0,0.0,0.0,0.0,0.0,0.0
ppdai_imb77,rf,random,0.02,1,0.7805945747057395,0.010197596252587867,0.4978743961352657,0.03947190362861673,0.07640511621908723,0.017485683063877166,-0.004251207729468598,0.07894380725723343,7503.6,33.35116189880049,0.22548432184897366,0.002556901796623899,3.0,0.7071067811865476,1.2,0.8366600265340756,1.2,0.8366600265340756,1.2,0.8366600265340756,0.36666666666666664,0.2472066162365221,0.5185310478491781,0.05643896125943295,0.6241666666666668,0.056334812603851876
ppdai_imb77,rf,random,0.02,2,0.7877249213826889,0.012349090140658934,0.519674355495251,0.06104809672028439,0.08557288964861111,0.013793461381567897,0.03934871099050204,0.12209619344056878,10006.4,51.47620809655669,0.2226263436882267,0.004236602719698788,3.0,0.7071067811865476,1.6,1.3416407864998738,1.6,1.3416407864998738,2.8,1.3038404810405297,0.5166666666666667,0.38369548110737794,0.5517390734105101,0.017883301174238357,0.5745,0.06029902339360249
ppdai_imb77,rf,random,0.02,3,0.7803321114974437,0.012567504928968196,0.5192268701724413,0.08028206903074635,0.07619018965358426,0.008377997325243912,0.038453740344882595,0.1605641380614927,12498.8,74.52650535212288,0.22001266216817933,0.005626670229926989,3.4,0.5477225575051661,1.8,1.0954451150103321,1.8,1.0954451150103321,4.6,1.816590212458495,0.55,0.30956959368344517,0.5182241273755179,0.04019132018873272,0.571,0.028616234708446348
ppdai_imb77,rf,random,0.02,4,0.7849573208657341,0.007748411158556498,0.525975416621836,0.06198436235458947,0.07333243426619283,0.00902941280520567,0.05195083324367199,0.1239687247091789,15006.8,85.61366713323278,0.2190688293520539,0.004434862952621919,2.8,0.447213595499958,1.6,1.140175425099138,1.6,1.140175425099138,6.2,2.3874672772626644,0.5333333333333333,0.38005847503304596,0.5760877617529782,0.020020762945592574,0.604,0.05932022327072691
ppdai_imb77,rf,random,0.02,5,0.7830386631149093,0.013585794856074288,0.5268207702107413,0.046950146671378666,0.07341096032494462,0.013967858410097707,0.053641540421482406,0.09390029334275742,17496.6,85.01940954864315,0.2182254637310666,0.0030844587385029077,3.0,0.0,2.0,1.224744871391589,2.0,1.224744871391589,8.2,3.1144823004794873,0.6666666666666666,0.408248290463863,0.5249370113289158,0.018151324376416283,0.5646666666666667,0.03834057902536159
ppdai_imb77,rf,random,0.02,6,0.7860324958187184,0.006163926123329421,0.5310792387130291,0.014746324388069427,0.06688414172685163,0.00861166673866915,0.062158477426058144,0.029492648776138775,20003.6,94.86464040937435,0.21751881245074495,0.0034694048377043665,2.8,0.447213595499958,1.4,1.51657508881031,1.4,1.51657508881031,9.6,1.816590212458495,0.4666666666666666,0.5055250296034367,0.5382836013583026,0.05142934271285263,0.561,0.03585464482539963
ppdai_imb77,rf,random,0.02,7,0.7839817425234059,0.006950589876345954,0.5265076165214096,0.029642177104686463,0.06966865333080212,0.0068550461652075335,0.05301523304281924,0.059284354209372815,22517.6,93.7965884241001,0.2179442086970683,0.0031196102914742186,3.0,0.0,1.8,1.0954451150103321,1.8,1.0954451150103321,11.4,1.6733200530681511,0.6,0.36514837167011077,0.5444001010356151,0.06835535723255357,0.5853333333333334,0.051993589348431554
ppdai_imb77,rf,random,0.02,8,0.7887265480092267,0.005648427590664845,0.577588705253802,0.06505847006035033,0.06825584938128564,0.007998444990022825,0.15517741050760409,0.13011694012070069,25012.0,89.8192629673613,0.21750679768256154,0.0019307876491860638,3.0,0.0,1.2,1.3038404810405297,1.2,1.3038404810405297,12.6,1.1401754250991378,0.4,0.4346134936801766,0.5418200979506587,0.037392291708176206,0.586,0.04251797005711548
ppdai_imb77,rf,random,0.02,9,0.7857317833842214,0.006625363733077732,0.5236360963457322,0.009235431716688029,0.06069258020207371,0.003520781638442324,0.0472721926914642,0.018470863433375995,27513.4,84.2217311624498,0.21767188877311897,0.0017281719928163985,3.0,0.0,1.2,0.8366600265340756,1.2,0.8366600265340756,13.8,1.9235384061671341,0.39999999999999997,0.27888667551135854,0.5701402648277648,0.03706443957463497,0.5913333333333333,0.035402448126271295
ppdai_imb77,rf,random,0.02,10,0.7901076861662866,0.003230332360908484,0.5319943995891592,0.04731597129742189,0.0610517169742945,0.003717707791163774,0.06398879917831832,0.09463194259484382,30008.0,86.57944328765377,0.2169606976075586,0.000655627424528638,3.0,0.0,1.6,1.3416407864998738,1.6,1.3416407864998738,15.4,2.4083189157584592,0.5333333333333333,0.4472135954999579,0.5959557265392569,0.03614057599635253,0.608,0.06934615266104448
ppdai_imb77,rf,random,0.05,0,0.78,0.012845232578665154,0.5702343780645667,0.03971296122678578,0.10486765834394426,0.02978595668269455,0.1404687561291335,0.07942592245357143,5000.0,0.0,0.2304,0.0044068129073061395,0.0,0.0,0.0,0.0,0.0,0.0,0.0,0.0,0.0,0.0,0.0,0.0,0.0,0.0
ppdai_imb77,rf,random,0.05,1,0.7821945827364287,0.013207389273912904,0.557206870134731,0.05264728130029234,0.08867105979595417,0.02142927095120699,0.11441374026946213,0.10529456260058472,7507.4,32.33109957919767,0.2256363519756702,0.0026438787214064043,6.8,1.6431676725154984,3.2,0.8366600265340756,3.2,0.8366600265340756,3.2,0.8366600265340756,0.49777777777777776,0.16949452811736546,0.5185310478491781,0.05643896125943295,0.5982555555555555,0.03165032716855457
ppdai_imb77,rf,random,0.05,2,0.7847104908165861,0.009903452862083544,0.5260369370554004,0.032608565177474624,0.0889770667681945,0.0192481900332641,0.052073874110800854,0.06521713035494928,10015.0,51.70106381884212,0.22289673938110527,0.004188711763648965,6.6,1.140175425099138,3.4,1.5165750888103102,3.4,1.5165750888103102,6.6,1.140175425099138,0.508095238095238,0.16594742767766685,0.5539270824579752,0.04968191098184064,0.5975238095238096,0.02534713641149703
ppdai_imb77,rf,random,0.05,3,0.7826946571164257,0.005681349081116113,0.5259976610325638,0.06704818837021978,0.07732221086979263,0.012961252967971551,0.051995322065127844,0.13409637674043956,12518.2,76.22138807447696,0.22049214260475045,0.004840739926054514,7.0,1.4142135623730951,4.0,1.5811388300841898,4.0,1.5811388300841898,10.6,1.8165902124584947,0.575,0.21327473153449544,0.5293673807133855,0.029488057895059764,0.5917222222222223,0.04120316270972348
ppdai_imb77,rf,random,0.05,4,0.7848767515219128,0.009042075227462561,0.5285957143215207,0.017610567886452124,0.07439290436629385,0.004168959871736281,0.05719142864304154,0.03522113577290424,15019.8,90.70391391775759,0.21952091379943214,0.003970153178023615,6.8,1.0954451150103324,3.6,1.1401754250991378,3.6,1.1401754250991378,14.2,1.3038404810405297,0.5492857142857143,0.21818476536352097,0.5524265167725932,0.04166497252687836,0.5727071428571429,0.009217344453556594
ppdai_imb77,rf,random,0.05,5,0.7878081658335481,0.005848308972468212,0.5439270282706185,0.04754435296260716,0.0831759991838257,0.005221802721174171,0.08785405654123693,0.09508870592521426,17519.2,97.42278994157415,0.21891553173118794,0.0025700396165653163,7.0,0.7071067811865476,4.6,1.51657508881031,4.6,1.51657508881031,18.8,2.0493901531919194,0.6595238095238095,0.21455010144892972,0.5111681394520893,0.03784115739424678,0.6184285714285714,0.012458093017498822
ppdai_imb77,rf,random,0.05,6,0.7855524625386847,0.002480300753701854,0.5222291286789038,0.051372070576798254,0.0728471189051429,0.00615924454436241,0.04445825735780758,0.10274414115359648,20029.8,110.95359390303666,0.21827283543153547,0.0031232170158321435,6.6,0.894427190999916,3.8,1.0954451150103324,3.8,1.0954451150103324,22.6,2.4083189157584597,0.5773809523809523,0.15960818664038007,0.5228316920022893,0.052540805974725505,0.6226071428571429,0.07461081468393474
ppdai_imb77,rf,random,0.05,7,0.7862183115120078,0.006390909178941017,0.48784126418990753,0.030182605565886783,0.06647356536558464,0.005492617675986096,-0.024317471620184987,0.06036521113177357,22537.4,119.30968108246698,0.21842455345556872,0.003142752625644445,6.8,0.44721359549995787,3.6,1.1401754250991378,3.6,1.1401754250991378,26.2,1.3038404810405297,0.5380952380952382,0.20314980007334804,0.562259238349335,0.06547950397227771,0.589952380952381,0.04020370466114688
ppdai_imb77,rf,random,0.05,8,0.7821642916854882,0.003811268310910484,0.5334258753557187,0.049201623347869816,0.06439578490998293,0.006245024337488733,0.06685175071143754,0.09840324669573966,25043.0,120.05831916198031,0.21794724062310591,0.0020126256752086647,6.6,0.5477225575051662,3.8,2.16794833886788,3.8,2.16794833886788,30.0,3.3911649915626336,0.5761904761904761,0.308790339749971,0.5740202510900237,0.012287380730044276,0.594047619047619,0.027929291997362285
ppdai_imb77,rf,random,0.05,9,0.7857607371150342,0.005726281251580086,0.524232150551937,0.021092085053956062,0.06835475563839409,0.007250774469729955,0.04846430110387391,0.04218417010791212,27554.6,136.26738421207048,0.21830205868214653,0.0018281396650463896,6.4,1.1401754250991383,3.6,0.8944271909999159,3.6,0.8944271909999159,33.6,3.5777087639996643,0.575952380952381,0.16807314707126747,0.5510896867920255,0.03992838849122515,0.5977547619047618,0.03813128837400106
ppdai_imb77,rf,random,0.05,10,0.7822358006878112,0.004280167155343215,0.5186057626574778,0.03574149103032883,0.061970187446936206,0.008823114747434566,0.03721152531495571,0.07148298206065767,30052.6,134.6896432544086,0.2176559294165076,0.0007342949216992687,7.0,0.0,4.4,1.140175425099138,4.4,1.140175425099138,38.0,3.3166247903554007,0.6285714285714286,0.1628822035855911,0.5815906047079148,0.06451690783755273,0.5831428571428571,0.021792153615089776
ppdai_imb77,rf,random,0.1,0,0.78,0.012845232578665154,0.5702343780645667,0.03971296122678578,0.10486765834394426,0.02978595668269455,0.1404687561291335,0.07942592245357143,5000.0,0.0,0.2304,0.0044068129073061395,0.0,0.0,0.0,0.0,0.0,0.0,0.0,0.0,0.0,0.0,0.0,0.0,0.0,0.0
ppdai_imb77,rf,random,0.1,1,0.7754225574993581,0.0058706355792507384,0.5427440476190476,0.07998232802439431,0.07962096372701767,0.020139599270698836,0.08548809523809522,0.15996465604878865,7513.4,30.77011537189938,0.2258827281540298,0.002723396717452751,12.8,3.1937438845342623,6.4,2.073644135332772,6.4,2.073644135332772,6.4,2.073644135332772,0.5197207367795603,0.21546146307139455,0.5185310478491781,0.05643896125943295,0.5876646464646464,0.014252296886257626
ppdai_imb77,rf,random,0.1,2,0.7823446761472546,0.011249310619325823,0.5247143777631582,0.05158341542324772,0.0925447367460708,0.012933200322496998,0.0494287555263165,0.1031668308464954,10027.0,42.11887937730552,0.2234289390176925,0.004251502372851541,12.6,2.073644135332772,8.4,2.4083189157584592,8.4,2.4083189157584592,14.8,2.4899799195977463,0.6608524808524809,0.1357517662608029,0.5518295755712792,0.03861227896839858,0.5888090576090577,0.00305662684081104
ppdai_imb77,rf,random,0.1,3,0.782206062767418,0.011765462188833994,0.522316526886755,0.07193320783340365,0.07019878981650496,0.010670833555003874,0.04463305377350999,0.1438664156668073,12535.8,59.6883573236857,0.220775638911113,0.005037518605215645,13.2,1.7888543819998317,5.2,2.588435821108957,5.2,2.588435821108957,20.0,2.7386127875258306,0.41107226107226114,0.2514509543447174,0.540926972960454,0.028419335065553303,0.5930062937062937,0.023544651736734645
ppdai_imb77,rf,random,0.1,4,0.78290283014601,0.010183427867429451,0.5033311640050513,0.03900217182342882,0.07637538254983071,0.010555894328506774,0.006662328010102711,0.07800434364685765,15055.2,75.91244957185879,0.2199228047204822,0.004000874022251557,12.0,2.0,7.6,1.140175425099138,7.6,1.140175425099138,27.6,3.209361307176242,0.6395238095238096,0.09370189619999118,0.5945440958066639,0.0623173017316673,0.5902142857142857,0.021903894910378325
ppdai_imb77,rf,random,0.1,5,0.7815587321890478,0.006836189540191947,0.4911744257147775,0.07622347818193052,0.07298127911767578,0.00662632762996458,-0.01765114857044501,0.15244695636386105,17557.8,82.38749905173728,0.2191179070550607,0.002779242471249037,14.2,0.8366600265340757,8.8,2.04939015319192,8.8,2.04939015319192,36.4,3.7815340802378077,0.6153113553113553,0.11066466952841775,0.5406389737069971,0.03920078282742291,0.5910542124542124,0.021568336411461348
ppdai_imb77,rf,random,0.1,6,0.7865092973173287,0.008081897422112235,0.5242036715720927,0.049337889376590095,0.07063349619999194,0.010574529627902235,0.04840734314418525,0.09867577875318015,20076.4,84.0464157474909,0.21854614522428523,0.0030509723586517224,12.2,1.4832396974191324,7.2,1.3038404810405297,7.2,1.3038404810405297,43.6,4.449719092257397,0.5873626373626374,0.061189705979081896,0.5329578610900818,0.057170451920416435,0.6009747252747253,0.03556275070934098
ppdai_imb77,rf,random,0.1,7,0.7830542413196807,0.005505541496593732,0.49135444241868653,0.04046313958696773,0.0658760743205868,0.005665630901444866,-0.017291115162627168,0.08092627917393541,22597.8,93.48368841675017,0.21895896363074838,0.002964398803886688,11.8,1.3038404810405295,7.8,1.3038404810405297,7.8,1.3038404810405297,51.4,5.128352561983235,0.6754545454545455,0.17549215426931095,0.5596055327868853,0.05951332607326179,0.5904037296037296,0.026352929684813165
ppdai_imb77,rf,random,0.1,8,0.785674687230701,0.004629269469428166,0.5603711119230301,0.06263796052167059,0.07031009241931899,0.00807966059245219,0.12074222384606018,0.12527592104334126,25107.0,89.71343266200469,0.21848510223629453,0.0018633210116299093,13.4,1.5165750888103102,7.6,1.51657508881031,7.6,1.51657508881031,59.0,5.830951894845301,0.5735897435897436,0.14029999791467795,0.5747659928819221,0.05186585050296689,0.5919794871794871,0.02696133210109159
ppdai_imb77,rf,random,0.1,9,0.7867093671343154,0.006582669088392581,0.5415816612610678,0.026153771046908775,0.0669913329253917,0.01168756991867729,0.08316332252213562,0.05230754209381749,27620.4,87.85385591993094,0.2186974089973221,0.0018450439628831276,12.6,0.8944271909999157,9.0,1.4142135623730951,9.0,1.4142135623730951,68.0,6.041522986797286,0.7159340659340658,0.11753833345655088,0.5918636356779791,0.08156753180945718,0.5995952380952381,0.026188528066074534
ppdai_imb77,rf,random,0.1,10,0.7853174089158645,0.004386415656944989,0.5454735091445971,0.057844651223818835,0.06552351303708942,0.005690537587321557,0.0909470182891943,0.11568930244763768,30124.8,90.84712433533564,0.21793911564916685,0.0006124170777140193,13.8,0.8366600265340753,9.0,1.7320508075688772,9.0,1.7320508075688772,77.0,5.431390245600108,0.6539194139194139,0.12806648704607232,0.624234397457186,0.06136622224039196,0.6040556776556777,0.02388134467786562
ppdai_imb77,rf,random,0.15,0,0.78,0.012845232578665154,0.5702343780645667,0.03971296122678578,0.10486765834394426,0.02978595668269455,0.1404687561291335,0.07942592245357143,5000.0,0.0,0.2304,0.0044068129073061395,0.0,0.0,0.0,0.0,0.0,0.0,0.0,0.0,0.0,0.0,0.0,0.0,0.0,0.0
ppdai_imb77,rf,random,0.15,1,0.7776166177215083,0.013313446742801627,0.49113982966924147,0.08970361085493463,0.08706225683264313,0.01917378715668413,-0.01772034066151713,0.17940722170986922,7519.6,29.00517195260195,0.22633626137356724,0.002288818139879853,19.0,4.949747468305833,11.2,4.08656334834051,11.2,4.08656334834051,11.2,4.08656334834051,0.5802448903753252,0.106744862143916,0.5185310478491781,0.05643896125943295,0.5937421200297287,0.01821154016745551
ppdai_imb77,rf,random,0.15,2,0.7847582508691555,0.005815232125451194,0.5281274513415405,0.0545880684730594,0.08749311624703107,0.014276556820252367,0.056254902683081,0.1091761369461188,10037.0,47.69171835864182,0.22366361492480666,0.003962430955826299,19.2,3.563705936241092,10.4,3.049590136395381,10.4,3.049590136395381,21.6,6.066300355241241,0.5359815546772069,0.08806050509473388,0.5576585128102802,0.030008330354448123,0.5982576086956521,0.01649259604319037
ppdai_imb77,rf,random,0.15,3,0.7769820280324305,0.017599308553560306,0.522295897622613,0.06575985544688731,0.08122518769550749,0.010289387358367336,0.044591795245226024,0.13151971089377465,12549.8,66.03559646130257,0.22129318092709607,0.00479656237269662,20.0,3.605551275463989,9.8,3.563705936241092,9.8,3.563705936241092,31.4,7.536577472566709,0.49086716791979945,0.16151227829907086,0.525441698227042,0.016980698213067646,0.5816930827067669,0.019863224382102515
ppdai_imb77,rf,random,0.15,4,0.7799552610596223,0.009666140489347991,0.5206379657707092,0.038027814721749785,0.08042746820405605,0.005296461866460156,0.041275931541418266,0.0760556294434995,15069.0,77.77853174237734,0.22056925099101835,0.004200773508147513,18.8,2.7748873851023212,11.4,1.3416407864998738,11.4,1.3416407864998738,42.8,7.694153624668539,0.612406015037594,0.07252132075419193,0.558538152429948,0.013854718610619396,0.5870526315789474,0.02786705086450486
ppdai_imb77,rf,random,0.15,5,0.7829775776201295,0.009934399054198984,0.5144627615913583,0.05321551908410587,0.07887321878275086,0.012809337656752526,0.028925523182716722,0.10643103816821181,17583.6,74.38279370929762,0.21982129730179062,0.0027229132287211713,19.8,1.30384048104053,9.0,2.7386127875258306,9.0,2.7386127875258306,51.8,8.228000972289687,0.45691729323308267,0.15151781373520487,0.5300923100016446,0.038055635312577205,0.594703007518797,0.020708239773763345
ppdai_imb77,rf,random,0.15,6,0.7820014620048965,0.005459765161844159,0.5330804488699226,0.0604855602892534,0.07573131655500129,0.009845695567910517,0.0661608977398451,0.12097112057850685,20099.4,77.59381418644196,0.21908189570250766,0.0031317526916306514,19.2,1.4832396974191326,11.2,2.1679483388678804,11.2,2.1679483388678804,63.0,9.874208829065749,0.5865693645879404,0.12339852810841191,0.5415093238122004,0.0387803526381469,0.603225239569512,0.01773678074919217
ppdai_imb77,rf,random,0.15,7,0.7850285000048967,0.006129266299294448,0.5423298847375455,0.08156232671551118,0.07340476385970054,0.011602727157755902,0.08465976947509095,0.16312465343102234,22618.4,80.44128293357885,0.21947709037371627,0.002902345324506523,18.8,1.7888543819998315,10.2,2.588435821108957,10.2,2.588435821108957,73.2,10.709808588392232,0.5499911543564794,0.15130039777208437,0.5314939834113861,0.07523423924859779,0.5855413238979803,0.021253295256848034
ppdai_imb77,rf,random,0.15,8,0.7845533073610732,0.0061082503029452045,0.5338996805316152,0.03394400368753613,0.07838822702634028,0.007952756209752332,0.0677993610632304,0.06788800737507222,25135.6,76.65702837965978,0.2190798143527181,0.00164242534322282,19.4,1.6733200530681513,10.2,2.6832815729997477,10.2,2.6832815729997477,83.4,10.163660757817528,0.5234449760765549,0.12426202620364857,0.5601547811200782,0.03630208833478282,0.5989390749601275,0.017666326770643972
ppdai_imb77,rf,random,0.15,9,0.7835507173918141,0.005315297063798138,0.5257071086635982,0.03854724187499043,0.06955796158537418,0.002626644615377521,0.05141421732719631,0.07709448374998085,27652.2,75.06130827530264,0.21936488192565157,0.0015354722895110074,19.2,2.3874672772626644,12.0,1.5811388300841898,12.0,1.5811388300841898,95.4,11.013627921806691,0.6284711565785734,0.08161990182148422,0.5691649720758909,0.03606635778326212,0.591412048877522,0.021479133319913458
ppdai_imb77,rf,random,0.15,10,0.7824003183786521,0.0047610597239583045,0.5271154394507688,0.017579917209368037,0.07081472536187437,0.006599832194138205,0.05423087890153759,0.03515983441873607,30159.0,74.54193450669258,0.21871337773660454,0.0006117230480253644,21.0,1.0,13.8,1.4832396974191326,13.8,1.4832396974191326,109.2,11.30044246921332,0.6601731601731602,0.09559849165444023,0.5968696368513886,0.06471442031338766,0.6077541125541126,0.03112404661982911
ppdai_imb77,rf,random,0.2,0,0.78,0.012845232578665154,0.5702343780645667,0.03971296122678578,0.10486765834394426,0.02978595668269455,0.1404687561291335,0.07942592245357143,5000.0,0.0,0.2304,0.0044068129073061395,0.0,0.0,0.0,0.0,0.0,0.0,0.0,0.0,0.0,0.0,0.0,0.0,0.0,0.0
ppdai_imb77,rf,random,0.2,1,0.7715379503123727,0.013893827128484047,0.5434869134449658,0.04748337929915786,0.09197124006792656,0.02582747057344146,0.08697382688993141,0.09496675859831567,7525.4,27.382476148076826,0.22640155281580326,0.002165161404215072,24.8,6.572670690061994,13.0,4.847679857416329,13.0,4.847679857416329,13.0,4.847679857416329,0.5128366603558419,0.09234165082967283,0.5185310478491781,0.05643896125943295,0.5867132981255743,0.020980533746947375
ppdai_imb77,rf,random,0.2,2,0.776382428387545,0.015160258126860776,0.5092790985978539,0.04092418781042372,0.08777094956343379,0.02217801830791178,0.018558197195707712,0.08184837562084747,10048.6,50.36169179048688,0.2240030036596671,0.003846617023289776,25.4,6.348228099241552,12.0,3.9370039370059056,12.0,3.9370039370059056,25.0,8.48528137423857,0.46745149318308554,0.049379387236334546,0.5395052547236653,0.033848231885780344,0.5873089937119013,0.009851776682965037
ppdai_imb77,rf,random,0.2,3,0.7789777375976344,0.007656760498125058,0.5205696934644303,0.056073452039676445,0.07696506377230292,0.01660827443551863,0.04113938692886061,0.11214690407935285,12569.2,72.05345238085415,0.2217135938739724,0.0048494004108880695,26.0,5.612486080160912,14.0,1.8708286933869707,14.0,1.8708286933869707,39.0,9.974968671630002,0.5505952380952381,0.09364364715804921,0.5371964185834757,0.01687001785691125,0.5823958333333333,0.01464599481239787
ppdai_imb77,rf,random,0.2,4,0.7847338717353851,0.010233474523012393,0.5629484670047654,0.05930750575829794,0.0837841722806687,0.008224215652748064,0.12589693400953095,0.11861501151659588,15092.2,85.56108928712864,0.22105172499147724,0.004027425792349242,25.4,4.39317652729776,14.0,2.345207879911715,14.0,2.345207879911715,53.0,12.206555615733702,0.5524653420992094,0.0312338985836908,0.5464592445089655,0.020541209611284906,0.5975466310704297,0.013399481643727866
ppdai_imb77,rf,random,0.2,5,0.7869330764481466,0.00739770013358079,0.5523109692038315,0.015915643746451696,0.08917683881377614,0.012390849823438969,0.10462193840766298,0.03183128749290345,17607.6,89.83484847207102,0.2202462518220473,0.002822791197919653,27.4,1.1401754250991383,15.6,3.1304951684997055,15.6,3.1304951684997055,68.6,11.104053313993049,0.5706847430985362,0.12117775140737232,0.5483143697008479,0.04370484694841199,0.5929548299720714,0.01412574916567237
ppdai_imb77,rf,random,0.2,6,0.7845373229004888,0.009293051999644867,0.5424758709453931,0.02928705214886141,0.08352379479812498,0.009000930836936864,0.08495174189078616,0.05857410429772285,20133.6,100.11643221769319,0.21972007085499445,0.00325305382170882,24.6,2.701851217221259,14.8,3.420526275297414,14.8,3.420526275297414,83.4,11.928956366757317,0.6036545580023841,0.13215290891802203,0.5310256402072263,0.06984945617961551,0.5945942551812117,0.016253419716396055
ppdai_imb77,rf,random,0.2,7,0.7899202562917512,0.0037598092622650476,0.5422626765767695,0.053041322350978436,0.0801522246831888,0.013883373543350792,0.08452535315353907,0.10608264470195686,22660.0,98.94695548626063,0.22006971243395917,0.003000565885859043,24.8,1.3038404810405297,14.0,2.6457513110645907,14.0,2.6457513110645907,97.4,11.653325705565772,0.5625925925925925,0.08876969245772896,0.5475651641707373,0.05682210801253793,0.5877277777777777,0.024679288562489295
ppdai_imb77,rf,random,0.2,8,0.7848112924346429,0.003475237422946213,0.5389310593191704,0.037643288417167686,0.07472096208602119,0.0067402700964693096,0.07786211863834082,0.07528657683433533,25180.6,93.25395433974862,0.21969659256552654,0.0017967331572539035,26.0,2.0,14.6,2.4083189157584592,14.6,2.4083189157584592,112.0,11.157956802210697,0.5596705774097078,0.063820950463476,0.5597753408084343,0.04943961924104024,0.6059598435702783,0.01674435008106353
ppdai_imb77,rf,random,0.2,9,0.7876343047083842,0.00604810428792553,0.522565654105607,0.023065091933916777,0.07375527544641383,0.008158231527758537,0.04513130821121391,0.04613018386783353,27703.0,99.73966111833371,0.21985623717861397,0.0017536070265054475,25.8,2.16794833886788,14.0,2.9154759474226504,14.0,2.9154759474226504,126.0,12.227019260637483,0.5410813055010956,0.08563606780490779,0.586495063847508,0.030041355102740207,0.5935366439856995,0.01611383162100883
ppdai_imb77,rf,random,0.2,10,0.7910620869480478,0.005024913691619085,0.5630939281947905,0.039210390989818704,0.07795933950634333,0.005908007804483862,0.12618785638958105,0.07842078197963745,30219.4,100.75862245981747,0.21935404441754852,0.0007518731321633207,27.2,0.8366600265340757,16.6,1.9493588689617927,16.6,1.9493588689617927,142.6,12.095453691366851,0.6095645095645096,0.059292570259808,0.57451587514409,0.06472185234338619,0.5929505494505495,0.01255756045035434
ppdai_imb77,rf,random,0.3,0,0.78,0.012845232578665154,0.5702343780645667,0.03971296122678578,0.10486765834394426,0.02978595668269455,0.1404687561291335,0.07942592245357143,5000.0,0.0,0.2304,0.0044068129073061395,0.0,0.0,0.0,0.0,0.0,0.0,0.0,0.0,0.0,0.0,0.0,0.0,0.0,0.0
ppdai_imb77,rf,random,0.3,1,0.7785098843534067,0.012864015254587044,0.5453736560778815,0.06575211156888873,0.09208475107457091,0.019271112758858157,0.09074731215576286,0.1315042231377774,7537.8,23.75289456045313,0.2267724865286545,0.0021082333236577774,37.2,10.207840124139876,18.6,5.5497747702046425,18.6,5.5497747702046425,18.6,5.5497747702046425,0.4991623143881208,0.08733657041967204,0.5185310478491781,0.05643896125943295,0.5863985458269331,0.013106252551328385
ppdai_imb77,rf,random,0.3,2,0.7748798380617709,0.007913174432921432,0.4960119935672628,0.05260157647030944,0.08833736230776336,0.008836409319121373,-0.007976012865474415,0.10520315294061895,10078.0,36.02776706930351,0.22471993085323855,0.003993754370408565,36.2,5.805170109479997,21.4,3.781534080237808,21.4,3.781534080237808,40.0,7.842193570679061,0.5931113195747342,0.0634494709219887,0.5702269173994244,0.03230561103790832,0.5980866646637809,0.009124755302337726
ppdai_imb77,rf,random,0.3,3,0.7794758113411749,0.012391824808798031,0.5408847356661448,0.03685887302499453,0.09099990094577615,0.01230400377969976,0.08176947133228966,0.07371774604998906,12615.6,53.817283469160905,0.22274104419350618,0.004922234826742027,37.2,8.228000972289685,19.8,3.8340579025361627,19.8,3.8340579025361627,59.8,10.686440005914037,0.5361857346520538,0.04837302151199855,0.5308346505441999,0.017959532072576584,0.5819626837743919,0.013027018083217034
ppdai_imb77,rf,random,0.3,4,0.7819159532413714,0.006456504648764349,0.5565968896712611,0.04929614477741205,0.08705273409866014,0.010481945610926266,0.11319377934252209,0.09859228955482414,15156.6,63.665532276107015,0.22207027155468917,0.003784299917433892,35.8,5.167204273105526,19.0,2.1213203435596424,19.0,2.1213203435596424,78.8,11.691877522451218,0.5354288904288904,0.05658282564452416,0.5719266791715916,0.04957320893376493,0.5891357164857165,0.01082089010971316
ppdai_imb77,rf,random,0.3,5,0.788893216991842,0.005099370444253676,0.5349957250464129,0.03849663885646249,0.09863807197650372,0.015010796827519308,0.06999145009282594,0.07699327771292494,17688.8,62.84266066932574,0.22148977416782917,0.002382447365142694,39.6,0.8944271909999161,21.0,3.6742346141747673,21.0,3.6742346141747673,99.8,14.956603892595405,0.5309005628517823,0.09723081491866044,0.5308873413504971,0.036383903523179315,0.5893392120075047,0.01352483215801883
ppdai_imb77,rf,random,0.3,6,0.7845971999712548,0.004174359346530284,0.539102824335252,0.0197530260762307,0.08087382201426489,0.010204515683794284,0.07820564867050421,0.03950605215246138,20230.2,69.49604305282406,0.2209791221881306,0.0029312454406803844,35.6,3.361547262794322,20.4,2.8809720581775866,20.4,2.8809720581775866,120.2,15.880806024884253,0.5734626338573707,0.06800644903987564,0.5403158958574352,0.0601662555705396,0.5937475051264525,0.013775912680673436
ppdai_imb77,rf,random,0.3,7,0.785030410517753,0.007703796351530853,0.4959209036883256,0.04389199696058505,0.07747198139075204,0.010156088075671739,-0.008158192623348834,0.08778399392117013,22771.4,73.14232700700782,0.2212798530256447,0.0028572615460185037,35.8,2.280350850198276,21.0,4.795831523312719,21.0,4.795831523312719,141.2,15.417522498767434,0.5855489883353661,0.12475212215019389,0.5802432115740637,0.05521301670903137,0.5929649435531789,0.015451153813958065
ppdai_imb77,rf,random,0.3,8,0.7821514013218578,0.007638927657492966,0.5537361944992519,0.040580450937698284,0.0858646751734659,0.014799513414361892,0.1074723889985039,0.08116090187539661,25308.6,71.98124755795759,0.22106786458113897,0.0018443937377563815,37.6,2.8809720581775866,21.4,2.6076809620810595,21.4,2.6076809620810595,162.6,13.95707705789432,0.5682294561419383,0.04057956551713871,0.5513322399100667,0.016439018930986093,0.6016647360416371,0.009840240795519317
ppdai_imb77,rf,random,0.3,9,0.7823841245874105,0.008135678829893706,0.5464881057925541,0.03686098437010328,0.08000900830387186,0.005413701769675581,0.09297621158510841,0.07372196874020659,27849.0,71.47027354082229,0.2213192959749966,0.0015488931191954887,36.2,2.774887385102322,20.8,1.6431676725154984,20.8,1.6431676725154984,183.4,12.481987021303937,0.5766085757533126,0.053198907898209816,0.5950658474965932,0.033293940026919565,0.5859424102746471,0.016989270487045093
ppdai_imb77,rf,random,0.3,10,0.783659693520587,0.0034580009916439147,0.5739068139749641,0.041139666762343846,0.07964538749004897,0.006092547132300044,0.1478136279499284,0.08227933352468772,30379.2,69.13175825913909,0.2207227347873509,0.0004081851097016802,40.2,1.7888543819998313,24.6,1.949358868961793,24.6,1.949358868961793,208.0,11.20267825120404,0.6133487565066512,0.06081692595037691,0.608700936967768,0.06776004222464636,0.5985844515133989,0.006660559489902793
ppdai_imb77,rf,random,0.5,0,0.78,0.012845232578665154,0.5702343780645667,0.03971296122678578,0.10486765834394426,0.02978595668269455,0.1404687561291335,0.07942592245357143,5000.0,0.0,0.2304,0.0044068129073061395,0.0,0.0,0.0,0.0,0.0,0.0,0.0,0.0,0.0,0.0,0.0,0.0,0.0,0.0
ppdai_imb77,rf,random,0.5,1,0.7744853591203971,0.01001121926612079,0.5026546840031758,0.052191398622798243,0.10057628079709527,0.02773538361143532,0.005309368006351503,0.10438279724559649,7561.8,16.976454282328792,0.227986554146153,0.0017410180648620268,61.2,16.976454282328806,33.2,13.682105101189656,33.2,13.682105101189656,33.2,13.682105101189656,0.5253828689370484,0.08783839072880516,0.5185310478491781,0.05643896125943295,0.5894424344936948,0.017235938125827407
ppdai_imb77,rf,random,0.5,2,0.7838866295205549,0.010071681305422811,0.5365173496454284,0.04323245726656881,0.10810922663897238,0.023528018181099362,0.07303469929085693,0.08646491453313766,10122.0,26.22022120425392,0.22629566722920003,0.0037593018534693534,63.2,10.917875251164944,37.8,8.78635305459552,37.8,8.78635305459552,71.0,20.591260281974,0.5935608869818261,0.051035084477164136,0.5797832123029922,0.014512867641389515,0.5981994777885655,0.005590869696422705
ppdai_imb77,rf,random,0.5,3,0.778666442982607,0.011531428118896417,0.5250474260850585,0.05497981160024854,0.09704196373108763,0.007892079420070735,0.050094852170117055,0.10995962320049711,12679.8,36.64969304100635,0.22438137212820872,0.004042676077885852,66.0,10.793516572461451,33.0,5.787918451395113,33.0,5.787918451395113,104.0,24.647515087732476,0.5025132185490075,0.06905414238953375,0.5287994450965626,0.024102546536952683,0.5936130694614811,0.015162318318770816
ppdai_imb77,rf,random,0.5,4,0.7831149425891362,0.010409534484294438,0.5404097897234857,0.024981461267119635,0.10333534467641634,0.010787176024939523,0.08081957944697146,0.049962922534239285,15240.2,45.75150270756155,0.2239142506301428,0.003267830093502655,63.4,9.6591925128346,37.2,6.723094525588644,37.2,6.723094525588644,141.2,28.314307337457507,0.5882143104123926,0.07361045240077513,0.5864304132778762,0.046512500904776356,0.6000405849993579,0.01235841385953009
ppdai_imb77,rf,random,0.5,5,0.7821096124638233,0.007649011596764927,0.5782822816263614,0.030473871050156986,0.10636676803883247,0.01921027090289884,0.15656456325272278,0.06094774210031394,17799.6,45.77444702014406,0.22356301898000205,0.002147491746311985,64.0,3.6742346141747664,34.6,3.0495901363953815,34.6,3.0495901363953815,175.8,27.68031791724943,0.5411430663466623,0.045794596379814714,0.533239065161974,0.04407092932064998,0.5922808549462172,0.009538839886835026
ppdai_imb77,rf,random,0.5,6,0.7850263810449473,0.0031892166524312374,0.5688859859238976,0.025569465299558586,0.093343940489119,0.004625133010715139,0.13777197184779522,0.051138930599117186,20362.4,48.034362700050984,0.22313219963954817,0.0027468777228938416,60.6,2.7928480087537886,33.8,3.8340579025361627,33.8,3.8340579025361627,209.6,27.673091623452553,0.557727490421456,0.05995086140752874,0.5391818403298351,0.03223503147494111,0.5958510912698414,0.016459453525775502
ppdai_imb77,rf,random,0.5,7,0.7852213374046868,0.004644822359329212,0.5371978612661534,0.028313430659048615,0.09212216784149128,0.006022301228263051,0.07439572253230683,0.056626861318097264,22927.0,48.69804924224378,0.2235660004547933,0.0027646450077216988,58.6,1.5165750888103098,32.2,3.563705936241093,32.2,3.563705936241093,241.8,24.99399927982715,0.5507258267445736,0.07122863952711943,0.5611446208356626,0.048280135885339935,0.5948113309353426,0.014231179243518572
ppdai_imb77,rf,random,0.5,8,0.7824946638145314,0.005617550580109251,0.5600664440155786,0.04788797983901322,0.09172510243893371,0.004370128956185652,0.12013288803115714,0.09577595967802643,25486.8,47.98124633645904,0.22343128896934533,0.001754696989235661,63.6,4.505552130427525,36.6,5.366563145999495,36.6,5.366563145999495,278.4,29.02240513809978,0.5753948687846993,0.06925536537076785,0.5565893444976381,0.055532833072829114,0.5941195294347837,0.011166792291547115
ppdai_imb77,rf,random,0.5,9,0.7813170023549028,0.00712663848371795,0.5215913847683032,0.015197142011037511,0.09003107650744888,0.00254232447068562,0.04318276953660658,0.03039428402207497,28045.8,49.90190377129903,0.22371820075463306,0.00119447647258348,64.8,6.797058187186572,35.4,5.319774431308153,35.4,5.319774431308153,313.8,31.562636138320254,0.5471108152229516,0.0635608895004577,0.5779368389306471,0.03584159872167761,0.5933092293629129,0.008597128303599058
ppdai_imb77,rf,random,0.5,10,0.7820157368837701,0.0038093311665844645,0.5305599703253145,0.0385021656013757,0.09251996246421533,0.009561143600562884,0.061119940650629034,0.07700433120275135,30601.4,49.353824573177675,0.22323781276680346,0.0006998117386451655,68.4,2.701851217221261,40.0,3.0000000000000004,40.0,3.0000000000000004,353.8,30.735972410190634,0.5841797349783207,0.020800135652243132,0.5973475879162972,0.036270727137156726,0.5949152537801797,0.008898820327001906
ppdai_imb77,rf,random,0.75,0,0.78,0.012845232578665154,0.5702343780645667,0.03971296122678578,0.10486765834394426,0.02978595668269455,0.1404687561291335,0.07942592245357143,5000.0,0.0,0.2304,0.0044068129073061395,0.0,0.0,0.0,0.0,0.0,0.0,0.0,0.0,0.0,0.0,0.0,0.0,0.0,0.0
ppdai_imb77,rf,random,0.75,1,0.778542477968174,0.007089141177338308,0.5251189095262718,0.03759872959330481,0.0967614001818706,0.017894837690929328,0.0502378190525438,0.07519745918660962,7592.8,8.642916174532841,0.22900604851591075,0.0015533730094370937,92.2,25.31205246517951,48.0,18.614510468986285,48.0,18.614510468986285,48.0,18.614510468986285,0.5067689476827483,0.07423236704419038,0.5185310478491781,0.05643896125943295,0.5844624479139847,0.01633393438955159
ppdai_imb77,rf,random,0.75,2,0.7823953209576234,0.015904796926797426,0.5289338731443994,0.02639898265519565,0.10928175949860634,0.013358959215879318,0.05786774628879891,0.05279796531039126,10185.4,15.208550226763942,0.22795184009471242,0.003784561996310007,92.8,19.942417105255824,51.2,8.671793355471518,51.2,8.671793355471518,99.2,26.64019519448009,0.5578485093053013,0.046504521598657075,0.5688218967477361,0.020298480325410047,0.5961163742262144,0.009883779597041814
ppdai_imb77,rf,random,0.75,3,0.7815684387280497,0.014027323648509678,0.5613669814539695,0.04471838131743383,0.10450467981440204,0.014810932339794733,0.12273396290793899,0.08943676263486766,12775.6,20.082330542046336,0.22655280896927935,0.004037409635336058,99.8,15.658863304850707,53.2,11.454256850621084,53.2,11.454256850621084,152.4,34.652561232901675,0.5325810855565086,0.06793525093515235,0.5385586952731625,0.05325173491005151,0.5904000480803646,0.014426178478959306
ppdai_imb77,rf,random,0.75,4,0.7808782001539597,0.00802696617843111,0.5576462164749959,0.04242259022521503,0.11036805813099068,0.01709786386061277,0.11529243294999185,0.08484518045043005,15368.2,22.840753052384485,0.22654259971469565,0.0030887452888155396,92.2,13.572030061858838,53.2,10.084641788382967,53.2,10.084641788382967,205.6,35.86502474556514,0.5776111111111112,0.0687512820833753,0.5685256893822059,0.03474589485204557,0.5914245238095239,0.004807656373666517
ppdai_imb77,rf,random,0.75,5,0.7845334545677979,0.010638303032801942,0.575787053720153,0.023656332364661758,0.11359378409498928,0.010268620920147013,0.15157410744030622,0.047312664729323564,17959.4,24.54180107490073,0.2263865378857277,0.0019650813892425536,97.4,7.26636084983398,52.4,4.159326868617084,52.4,4.159326868617084,258.0,36.68787265568828,0.5411728150442807,0.0663051136679632,0.5315762810476796,0.04466303651526306,0.6001389714777574,0.005717843649670696
ppdai_imb77,rf,random,0.75,6,0.7844482869600046,0.006168979053978123,0.5466424362276973,0.03511568691229937,0.10616216013621545,0.01175359180591975,0.0932848724553946,0.07023137382459879,20553.6,25.948024973010455,0.22605066894421788,0.002498953215305211,89.4,11.696153213770756,47.6,8.905054744357274,47.6,8.905054744357274,305.6,39.17014168981266,0.5290490120779495,0.03554418772713571,0.5280485329011099,0.037540965789407875,0.6025896960934911,0.010985757057857044
ppdai_imb77,rf,random,0.75,7,0.7833396609186533,0.004421698145534987,0.5696155781439699,0.019966962594747235,0.10842894835478023,0.005186895719977573,0.13923115628793972,0.0399339251894945,23146.2,26.827224977623363,0.2265836988094728,0.0023660123895955106,93.4,5.813776741499454,54.8,8.167006795638168,54.8,8.167006795638168,360.4,32.669557695199984,0.5874756494301869,0.0847555679038413,0.5818111082777266,0.07128439126644451,0.6022171557603551,0.011829685146329228
ppdai_imb77,rf,random,0.75,8,0.7821214741802353,0.0036646509254094355,0.5602710055366201,0.02778145684597337,0.10027274120984335,0.008687978986913763,0.1205420110732403,0.05556291369194672,25737.6,26.959228475607134,0.22650031732781062,0.0014988926593361082,96.4,6.6558245169174945,50.6,4.505552130427524,50.6,4.505552130427524,411.0,33.1587092631785,0.5246934019621206,0.02678181643362551,0.5321443573577656,0.025685518294233687,0.6009108997194808,0.009461262948235814
ppdai_imb77,rf,random,0.75,9,0.7820426558225501,0.00794783453308342,0.5575721137024239,0.028149992407676412,0.1020845563682851,0.006119055457142657,0.11514422740484767,0.05629998481535277,28330.0,26.258332011002,0.22691773219195066,0.0015177684032714137,93.0,4.0,53.8,4.868264577855234,53.8,4.868264577855234,464.8,32.79786578422443,0.5791008018803572,0.05535555669738125,0.5949601953601954,0.05726463325353324,0.6033085380855658,0.0046959127003894496
ppdai_imb77,rf,random,0.75,10,0.7830986650428129,0.002898308969568384,0.5531158507071128,0.021429898457310605,0.10449220842949924,0.011365389904991446,0.1062317014142256,0.04285979691462116,30920.0,25.377155080899286,0.2266944207690996,0.0004773318483462906,99.4,4.929503017546496,62.6,5.856620185738529,62.6,5.856620185738529,527.4,27.898028604186358,0.6298267340760294,0.05078878340491037,0.6039250328847785,0.043818626530470355,0.6001600878409616,0.007903013915528993
ppdai_imb77,rf,random,1.0,0,0.78,0.012845232578665154,0.5702343780645667,0.03971296122678578,0.10486765834394426,0.02978595668269455,0.1404687561291335,0.07942592245357143,5000.0,0.0,0.2304,0.0044068129073061395,0.0,0.0,0.0,0.0,0.0,0.0,0.0,0.0,0.0,0.0,0.0,0.0,0.0,0.0
ppdai_imb77,rf,random,1.0,1,0.771672131147541,0.010897879297333612,0.5041569265573298,0.06987019178497217,0.09790592309242292,0.030882089123104584,0.008313853114659684,0.13974038356994434,7623.0,0.0,0.2303030303030303,0.0014086034050159772,122.4,33.95290856465761,64.8,23.44568190520378,64.8,23.44568190520378,64.8,23.44568190520378,0.5185310478491781,0.05643896125943295,0.5185310478491781,0.05643896125943295,0.5881946663646204,0.014384582856168197
ppdai_imb77,rf,random,1.0,2,0.7810731707317073,0.0077313610755742395,0.5157329250901912,0.0275866316560564,0.11933911697973895,0.02010717875082444,0.03146585018038228,0.0551732633121128,10246.0,0.0,0.23009955104430996,0.003270369700341112,124.6,29.720363389433853,69.6,12.300406497347964,69.6,12.300406497347964,134.4,35.634253184260785,0.5652594871817361,0.044343452187456146,0.5652594871817361,0.044343452187456146,0.5982411813078676,0.00902754527087267
ppdai_imb77,rf,random,1.0,3,0.7784770784770785,0.009791443047100808,0.5470478098098639,0.019008345325731833,0.10720934462991923,0.019072064430261434,0.094095619619728,0.0380166906514637,12869.0,0.0,0.22910871085554435,0.003332133912938408,123.0,17.549928774784245,65.8,11.691877522451216,65.8,11.691877522451216,200.2,44.572412992791854,0.5346870300346875,0.05547487369121236,0.5346870300346875,0.05547487369121236,0.5931187849228596,0.009289831602460745
ppdai_imb77,rf,random,1.0,4,0.7748951274604712,0.009085738739143258,0.5584802213185577,0.04874573819909134,0.11857356598081877,0.02021403562238556,0.11696044263711532,0.09749147639818262,15492.0,0.0,0.22929253808417246,0.0023980792056543924,123.6,24.368011818775862,71.2,17.484278652549552,71.2,17.484278652549552,271.4,54.7019195275632,0.5732513998268514,0.042630221361153256,0.5732513998268514,0.042630221361153256,0.5950383655148592,0.009394246281899563
ppdai_imb77,rf,random,1.0,5,0.7740546508418438,0.010552992870619893,0.5780267831846216,0.07117734818940782,0.11906527831894045,0.022656239410420397,0.1560535663692432,0.14235469637881565,18115.0,0.0,0.22922439966878277,0.0014001302455944821,126.2,14.822280526288791,72.8,9.833615815151619,72.8,9.833615815151619,344.2,58.023271193547856,0.5765090138073912,0.027119162217866265,0.5765090138073912,0.027119162217866265,0.599457054799348,0.007833723438183435
ppdai_imb77,rf,random,1.0,6,0.7799903567984571,0.00618077691066101,0.5722866457717066,0.0268049366874864,0.1191219816301643,0.011295453025028148,0.14457329154341342,0.05360987337497274,20738.0,0.0,0.22895168290095474,0.001961105160349382,114.6,17.28583234906552,60.0,11.379806676741042,60.0,11.379806676741042,404.2,61.20212414614382,0.5213124636274541,0.0357145237865673,0.5213124636274541,0.0357145237865673,0.6000176967245279,0.006053107387658736
ppdai_imb77,rf,random,1.0,7,0.7803980312433126,0.007445990712520863,0.5648627932062926,0.04746331775366267,0.12096154995975654,0.007120629415131827,0.1297255864125852,0.09492663550732532,23361.0,0.0,0.22959633577329738,0.0018147585773149544,116.4,11.036303729057114,67.6,12.095453691366853,67.6,12.095453691366853,471.8,56.108822835628985,0.578916415795881,0.07151824713098787,0.578916415795881,0.07151824713098787,0.5968937594026804,0.007798676746321616
ppdai_imb77,rf,random,1.0,8,0.7776794304406389,0.006137221607797473,0.5815968735513581,0.030205980441812223,0.12005875708090623,0.004094034488152603,0.16319374710271634,0.06041196088362449,25984.0,0.0,0.22961052955665023,0.001039243513304811,123.6,12.401612798341995,69.2,8.136338242723197,69.2,8.136338242723197,541.0,53.907327887774215,0.5600026034503615,0.039579778105159655,0.5600026034503615,0.039579778105159655,0.6028203340321737,0.007501892995790556
ppdai_imb77,rf,random,1.0,9,0.7801817546312477,0.006626531745966048,0.5789533200036434,0.036654142342359225,0.11999158300020821,0.010405765564084438,0.15790664000728677,0.07330828468471844,28607.0,0.0,0.2301814241269619,0.0010891061209080829,118.0,8.972179222463181,69.0,8.888194417315589,69.0,8.888194417315589,610.0,49.23413450036469,0.5834027401969835,0.037046239340864,0.5834027401969835,0.037046239340864,0.6011029418068917,0.008449687348597502
ppdai_imb77,rf,random,1.0,10,0.7808517451168748,0.0036498446394209795,0.5948567576676778,0.013686900024324777,0.12008987205981674,0.006694094101798764,0.18971351533535558,0.027373800048649557,31230.0,0.0,0.23000320204931154,0.0,131.0,6.8920243760451125,79.6,8.264381404557755,79.6,8.264381404557755,689.6,41.80071769718791,0.6079280807861343,0.05700848825134544,0.6079280807861343,0.05700848825134544,0.6039724130024021,0.007706626997063606
