dataset,model,ranking_strategy,exploration_rate,iteration,accuracy_mean,accuracy_std,precision_mean,precision_std,recall_mean,recall_std,kickout_mean,kickout_std,training_set_size_mean,training_set_size_std,training_default_rate_mean,training_default_rate_std,n_explored_mean,n_explored_std,n_explored_defaulted_mean,n_explored_defaulted_std,exploration_cost_mean,exploration_cost_std,cumulative_cost_mean,cumulative_cost_std,exploration_default_rate_mean,exploration_default_rate_std,reject_default_rate_mean,reject_default_rate_std,explored_risk_mean_mean,explored_risk_mean_std
default,gbdt,least_risky,0.0,0,0.8183999999999999,0.011436782764396608,0.6341978977114602,0.0628637836776646,0.37256137121732197,0.03168603801842743,0.26839579542292036,0.12572756735532928,5000.0,0.0,0.22012,0.006388427036446456,0.0,0.0,0.0,0.0,0.0,0.0,0.0,0.0,0.0,0.0,0.0,0.0,0.0,0.0
default,gbdt,least_risky,0.0,1,0.8229750872298721,0.009691571345291458,0.6567256606041421,0.05479225739387236,0.28677914464965026,0.019968780672702403,0.3134513212082841,0.10958451478774481,7177.6,19.46278500112456,0.20231917871318322,0.004534763915284772,0.0,0.0,0.0,0.0,0.0,0.0,0.0,0.0,0.0,0.0,0.0,0.0,0.0,0.0
default,gbdt,least_risky,0.0,2,0.8253251171038565,0.006398078414370766,0.6427247436719554,0.02541051854039462,0.23958916537154923,0.015272877701874151,0.28544948734391073,0.050821037080789236,9375.2,35.315718879841675,0.19197155939372004,0.002859537618886001,0.0,0.0,0.0,0.0,0.0,0.0,0.0,0.0,0.0,0.0,0.0,0.0,0.0,0.0
default,gbdt,least_risky,0.0,3,0.82966269508784,0.0073368955544496255,0.6297927875746981,0.0527858798884364,0.2129074011565284,0.012494450174133025,0.25958557514939623,0.1055717597768729,11569.2,32.49923076012727,0.18611511125833644,0.0006710787622934605,0.0,0.0,0.0,0.0,0.0,0.0,0.0,0.0,0.0,0.0,0.0,0.0,0.0,0.0
default,gbdt,least_risky,0.0,4,0.8295242328496872,0.003735676826422635,0.6339164941338854,0.04986603790560993,0.1860960700244844,0.006620103185447555,0.2678329882677709,0.09973207581121986,13759.8,36.87411015875495,0.18165863358786893,0.0014593029655936766,0.0,0.0,0.0,0.0,0.0,0.0,0.0,0.0,0.0,0.0,0.0,0.0,0.0,0.0
default,gbdt,least_risky,0.0,5,0.8314700881853785,0.002214405553380386,0.6354803563543517,0.04288199671546526,0.17197920897494162,0.012758593114156813,0.27096071270870337,0.08576399343093054,15954.4,50.302087431835226,0.17823292091706847,0.0015399518279809643,0.0,0.0,0.0,0.0,0.0,0.0,0.0,0.0,0.0,0.0,0.0,0.0,0.0,0.0
default,gbdt,least_risky,0.0,6,0.8344388009314054,0.0044098688286365595,0.6214711641438976,0.045257237041202894,0.15536851459658696,0.01644853834962647,0.2429423282877951,0.09051447408240576,18156.0,60.89334939055346,0.1756761986225633,0.0009792576009948102,0.0,0.0,0.0,0.0,0.0,0.0,0.0,0.0,0.0,0.0,0.0,0.0,0.0,0.0
default,gbdt,least_risky,0.0,7,0.8365205107346458,0.005306544247020422,0.6111250770406695,0.02830191740941718,0.14430115156077744,0.01427879714991044,0.22225015408133902,0.05660383481883438,20335.8,66.27367501504642,0.17361372230808308,0.0006522263513853971,0.0,0.0,0.0,0.0,0.0,0.0,0.0,0.0,0.0,0.0,0.0,0.0,0.0,0.0
default,gbdt,least_risky,0.0,8,0.8339969126277852,0.006263881759421219,0.6266363091583118,0.03123832103051688,0.1234054677433076,0.013497542483014956,0.2532726183166236,0.06247664206103381,22529.0,65.30313928135449,0.17269181159422722,0.0005824249335279556,0.0,0.0,0.0,0.0,0.0,0.0,0.0,0.0,0.0,0.0,0.0,0.0,0.0,0.0
default,gbdt,least_risky,0.0,9,0.8384406345893052,0.0022990136806691794,0.6183411058133709,0.0438535960528881,0.11676165083968512,0.010199631839738056,0.2366822116267417,0.08770719210577618,24731.8,62.531592015556214,0.1719633995839117,0.0008487009231629228,0.0,0.0,0.0,0.0,0.0,0.0,0.0,0.0,0.0,0.0,0.0,0.0,0.0,0.0
default,gbdt,least_risky,0.0,10,0.8334503238968063,0.0019070229051813786,0.5950067224605113,0.03669511913219931,0.11097813073152855,0.00898587652246252,0.19001344492102284,0.07339023826439854,26934.0,61.06144446375307,0.17066035212134645,0.0008225438545679724,0.0,0.0,0.0,0.0,0.0,0.0,0.0,0.0,0.0,0.0,0.0,0.0,0.0,0.0
default,gbdt,least_risky,0.01,0,0.8183999999999999,0.011436782764396608,0.6341978977114602,0.0628637836776646,0.37256137121732197,0.03168603801842743,0.26839579542292036,0.12572756735532928,5000.0,0.0,0.22012,0.006388427036446456,0.0,0.0,0.0,0.0,0.0,0.0,0.0,0.0,0.0,0.0,0.0,0.0,0.0,0.0
default,gbdt,least_risky,0.01,1,0.8268249660884501,0.01385276096805681,0.648963593450485,0.030944927991927346,0.2806818250685684,0.026451501613581497,0.29792718690097,0.061889855983854755,7181.6,19.46278500112456,0.2024848751856112,0.004611290964974601,4.0,0.0,2.0,1.0,2.0,1.0,2.0,1.0,0.5,0.25,0.6734936144963058,0.012133251129483201,0.5028472998179745,0.0012378297351918258
default,gbdt,least_risky,0.01,2,0.826446851720253,0.006347367634938069,0.6468733722428203,0.033625985937988406,0.24202356521819732,0.02302967065942679,0.29374674448564053,0.06725197187597673,9378.0,40.920654931220184,0.19214651916262165,0.0031230116308549973,3.6,0.5477225575051661,1.6,0.5477225575051661,1.6,0.5477225575051661,3.6,1.140175425099138,0.45,0.16244657241348273,0.651042818037559,0.027498553310706313,0.5039481921837823,0.0036733668184928373
default,gbdt,least_risky,0.01,3,0.8295536089235489,0.0044118534922214965,0.6499018558088075,0.05686735166899911,0.21983452333260342,0.012285913347793085,0.2998037116176152,0.11373470333799815,11573.8,37.50599952007691,0.18647212303220714,0.000691425008406786,3.6,0.5477225575051662,1.8,1.7888543819998317,1.8,1.7888543819998317,5.4,2.073644135332772,0.4833333333333333,0.4579543888011362,0.6749747668703733,0.033893877975291156,0.5031044467516349,0.0021621156787321348
default,gbdt,least_risky,0.01,4,0.8322045941878778,0.008412600811105586,0.6293231683337697,0.054664574147784764,0.19125630605434876,0.01784531045487544,0.2586463366675392,0.10932914829556949,13770.2,42.36980056596928,0.18216004274114,0.0014330384219336824,3.8,0.447213595499958,2.8,1.6431676725154984,2.8,1.6431676725154984,8.2,3.03315017762062,0.7,0.4107919181288746,0.6569533636725319,0.03177857253987503,0.5037601798389975,0.0029320283934045743
default,gbdt,least_risky,0.01,5,0.8327884179383901,0.006912881273311275,0.6521041206667906,0.030444754495169053,0.1737624516602559,0.016622547734382757,0.30420824133358126,0.06088950899033803,15966.4,57.700086655047556,0.17883825365557784,0.0010475945207443576,3.6,0.5477225575051661,2.4,0.8944271909999159,2.4,0.8944271909999159,10.6,2.6076809620810595,0.6666666666666666,0.2568505834570407,0.6698431404346242,0.029186013051464024,0.5031775552291026,0.0017256903658571748
default,gbdt,least_risky,0.01,6,0.8371792451334267,0.005978302680034885,0.601860648233125,0.02226456158946712,0.15805393956226105,0.019213423327033668,0.20372129646624995,0.04452912317893428,18165.6,67.57440343798817,0.17613467203957692,0.0005798342748589273,3.6,0.5477225575051661,2.4,1.3416407864998738,2.4,1.3416407864998738,13.0,3.1622776601683795,0.6666666666666666,0.35843021946010944,0.656334861669847,0.029181964829620217,0.5034938213968427,0.002296462020803019
default,gbdt,least_risky,0.01,7,0.8340411854203869,0.004965840517914916,0.6229678345385895,0.02900222732349684,0.13941333636445083,0.013920077367305623,0.24593566907717895,0.05800445464699372,20339.4,76.65376703072101,0.1739175325816416,0.0005392340945941861,4.0,0.0,1.8,1.0954451150103321,1.8,1.0954451150103321,14.8,3.63318042491699,0.45,0.27386127875258304,0.6525474054738385,0.015671357728284683,0.5026044992624685,0.0012350391198102577
default,gbdt,least_risky,0.01,8,0.8365485903451118,0.00520473893774393,0.6234933965363223,0.02371144533041385,0.1289677123207067,0.014243667576082577,0.24698679307264465,0.04742289066082771,22536.2,81.41989928758184,0.17306246123977656,0.0005296549889228134,3.6,0.5477225575051661,2.0,1.4142135623730951,2.0,1.4142135623730951,16.8,3.8340579025361627,0.5333333333333333,0.32596012026013244,0.6633338984247985,0.022129668958572563,0.5030177607132694,0.0013464279340094313
default,gbdt,least_risky,0.01,9,0.8358577476371256,0.005310250036234835,0.6064307401588727,0.03472582127023132,0.11907736006069466,0.009089988097502978,0.21286148031774538,0.06945164254046256,24738.4,81.22992059580004,0.1722728857255148,0.0008766812106843696,3.4,0.5477225575051661,2.0,0.7071067811865476,2.0,0.7071067811865476,18.8,3.8340579025361627,0.6,0.25276251480171835,0.6589504575053506,0.0462028857768307,0.5046893781916557,0.0036182462336060836
default,gbdt,least_risky,0.01,10,0.8376673077756168,0.004970811283414258,0.6099198599869461,0.026406658672160622,0.11532235866977576,0.018055603924471097,0.21983971997389226,0.05281331734432124,26937.0,80.37101467568996,0.17089329364455375,0.0008598560608855407,3.6,0.5477225575051661,1.6,0.5477225575051661,1.6,0.5477225575051661,20.4,4.33589667773576,0.45,0.16244657241348273,0.6682912395595996,0.029287910701169696,0.50353324147804,0.0010208747533817664
default,gbdt,least_risky,0.02,0,0.8183999999999999,0.011436782764396608,0.6341978977114602,0.0628637836776646,0.37256137121732197,0.03168603801842743,0.26839579542292036,0.12572756735532928,5000.0,0.0,0.22012,0.006388427036446456,0.0,0.0,0.0,0.0,0.0,0.0,0.0,0.0,0.0,0.0,0.0,0.0,0.0,0.0
default,gbdt,least_risky,0.02,1,0.8232821106838498,0.012284264410889718,0.6532596245479014,0.03912754106846394,0.2957148121066783,0.0205000919693586,0.30651924909580286,0.07825508213692786,7184.8,19.084024732744368,0.202756881001885,0.004514193894834414,7.2,0.4472135954999579,4.6,1.140175425099138,4.6,1.140175425099138,4.6,1.140175425099138,0.6392857142857142,0.15991866555170078,0.6734936144963058,0.012133251129483201,0.505447598464268,0.002415321627130311
default,gbdt,least_risky,0.02,2,0.829359220116169,0.008553019450282312,0.6298999011086988,0.056785716706369206,0.24256022016748596,0.013063705387360262,0.2597998022173974,0.11357143341273845,9388.0,39.31284777270664,0.19255993118015202,0.0031488788894507595,6.6,0.5477225575051662,3.0,1.4142135623730951,3.0,1.4142135623730951,7.6,2.302172886644268,0.4666666666666666,0.24663265071578214,0.6532756546958756,0.029669134788082804,0.5047435248615596,0.0008232800342632951
default,gbdt,least_risky,0.02,3,0.8302765111259929,0.003851726834122522,0.6309394922061238,0.039123774823527496,0.2122484821463085,0.01385766479718351,0.26187898441224744,0.07824754964705502,11586.8,34.32491806253885,0.18686749841451902,0.0008614120203297471,6.6,0.547722557505166,3.2,2.04939015319192,3.2,2.04939015319192,10.8,3.492849839314596,0.4666666666666667,0.2800024295327055,0.6749734666020807,0.026229910296029585,0.5071388731336541,0.00512844834499744
default,gbdt,least_risky,0.02,4,0.8284515095517134,0.006424388684427158,0.6368864300649499,0.03131545886462407,0.18543376979300583,0.013152225890328332,0.2737728601298998,0.06263091772924806,13785.0,35.57386681259166,0.18244309078210935,0.0014194828856742526,7.0,0.0,3.6,1.6733200530681511,3.6,1.6733200530681511,14.4,4.03732584763727,0.5142857142857142,0.2390457218668787,0.6575802242843141,0.02472290902183593,0.5049771574771883,0.0022213917213069227
default,gbdt,least_risky,0.02,5,0.8288967864657681,0.005212173256054977,0.6481375838927944,0.0530274264381736,0.1697485530436677,0.014085640677453572,0.29627516778558877,0.10605485287634725,15988.6,53.13473440227231,0.17908908853089703,0.0014408114564496964,6.8,0.44721359549995787,3.2,1.6431676725154982,3.2,1.6431676725154982,17.6,4.277849927241488,0.4714285714285714,0.23473823893078546,0.6774480455694782,0.03391930906355847,0.5054121627281042,0.0023635934773525765
default,gbdt,least_risky,0.02,6,0.836469292397393,0.004866784560862876,0.6315109253565026,0.031511131899151106,0.16360328890906667,0.011230148482910863,0.26302185071300516,0.06302226379830225,18191.2,63.306397780951386,0.17644633793232378,0.0009265736487352195,6.4,0.5477225575051661,3.4,0.8944271909999159,3.4,0.8944271909999159,21.0,4.06201920231798,0.5380952380952382,0.16886307834759187,0.6532566872860477,0.025464234209433955,0.5065825766758917,0.0031720485055237928
default,gbdt,least_risky,0.02,7,0.8356753658355206,0.008461352573005456,0.6326740741825853,0.03773576656645909,0.15168612833885833,0.018731110607588048,0.2653481483651705,0.07547153313291816,20378.2,62.194855092684385,0.17450881891602224,0.0007204635071767986,7.0,0.0,4.4,0.5477225575051663,4.4,0.5477225575051663,25.4,4.219004621945797,0.6285714285714286,0.07824607964359516,0.6540453615789537,0.015518146590241958,0.5048759562560935,0.0011182155491907982
default,gbdt,least_risky,0.02,8,0.8339289373405354,0.005102254197793613,0.6386443182115995,0.0503182171528239,0.13462381797754874,0.014225283260734843,0.2772886364231989,0.1006364343056478,22576.6,68.47116181283916,0.17366561980076783,0.0004193818169415835,6.6,0.5477225575051662,4.2,1.6431676725154982,4.2,1.6431676725154982,29.6,3.2093613071762426,0.6333333333333333,0.2230991766689996,0.6614673415704477,0.02264835830426217,0.5051485223353029,0.0012422977344490693
default,gbdt,least_risky,0.02,9,0.8354735813431446,0.004996804832583659,0.6352411484404121,0.0342224872707035,0.1234582584695415,0.016140912341394156,0.27048229688082426,0.06844497454140706,24785.4,68.27371382896925,0.17291474291474823,0.0009976587309403553,6.4,0.5477225575051662,2.8,0.8366600265340756,2.8,0.8366600265340756,32.4,2.9664793948382653,0.4428571428571429,0.1502077171008334,0.6576174416945315,0.03880409757835458,0.5049164955275274,0.0015673258177016636
default,gbdt,least_risky,0.02,10,0.832859659257607,0.0033639606116638867,0.5959084882397766,0.03882762392833461,0.11533944557385689,0.01915762775296857,0.19181697647955315,0.07765524785666919,26993.0,63.2099675684144,0.1716061086019894,0.0009090846056564198,6.4,0.5477225575051663,3.8,1.0954451150103321,3.8,1.0954451150103321,36.2,3.898717737923586,0.5952380952380952,0.17086547731437293,0.6738087138573858,0.03295201350439901,0.5060969468408472,0.0013222277233108574
default,gbdt,least_risky,0.05,0,0.8183999999999999,0.011436782764396608,0.6341978977114602,0.0628637836776646,0.37256137121732197,0.03168603801842743,0.26839579542292036,0.12572756735532928,5000.0,0.0,0.22012,0.006388427036446456,0.0,0.0,0.0,0.0,0.0,0.0,0.0,0.0,0.0,0.0,0.0,0.0,0.0,0.0
default,gbdt,least_risky,0.05,1,0.8232323341355234,0.011640372268430926,0.6395202653488778,0.04364310735562476,0.2732569895595723,0.022015437915099665,0.27904053069775586,0.08728621471124944,7194.4,18.63598669241854,0.20309792864356657,0.004670415601224505,16.8,0.8366600265340757,9.0,1.8708286933869709,9.0,1.8708286933869709,9.0,1.8708286933869709,0.5352941176470589,0.10587341669806359,0.6734936144963058,0.012133251129483201,0.5128300916153242,0.004466086260868801
default,gbdt,least_risky,0.05,2,0.8273688401837639,0.003851248953041399,0.6765157220451878,0.028673025839418116,0.2487073745362339,0.015979107696374457,0.3530314440903757,0.0573460516788362,9404.6,38.89472972010478,0.19281732677467553,0.002846476489433841,15.6,1.140175425099138,7.8,1.6431676725154984,7.8,1.6431676725154984,16.8,3.1144823004794877,0.4984803921568627,0.08428564853988217,0.6610891057446147,0.026301132926810522,0.5129926799450344,0.005069584350628329
default,gbdt,least_risky,0.05,3,0.823778235070827,0.009782291031739799,0.6228335461898681,0.05170160028686452,0.21002289541948033,0.012848266630962552,0.24566709237973602,0.10340320057372908,11619.8,38.00920941035213,0.18752523807889432,0.0007426593171495123,15.2,1.095445115010332,9.0,3.0,9.0,3.0,25.8,4.969909455915671,0.5928571428571429,0.18617730741397664,0.6856598403071104,0.030830970474741395,0.5101957197642333,0.00470917843881532
default,gbdt,least_risky,0.05,4,0.8301862463429448,0.005196929579213905,0.6359868504431914,0.053989192249848175,0.19124711358356186,0.006968390210783508,0.2719737008863826,0.10797838449969634,13831.0,47.44997365647309,0.18336972027491802,0.0010542007882605288,16.0,0.7071067811865477,9.0,2.9154759474226504,9.0,2.9154759474226504,34.8,3.8340579025361627,0.567156862745098,0.19311758073875177,0.6604552886317719,0.033664285528721305,0.516252220878902,0.004397344620782613
default,gbdt,least_risky,0.05,5,0.8331083175657827,0.005923091400957834,0.6466256869146741,0.037779047699166755,0.17403793367760273,0.01521155345981105,0.2932513738293483,0.07555809539833351,16045.2,64.9014637739397,0.1801420752440232,0.0009486377194651888,15.6,1.3416407864998738,8.6,2.6076809620810595,8.6,2.6076809620810595,43.4,5.639148871948674,0.5495798319327732,0.15134347760572744,0.6797038828959391,0.027182889237366968,0.5114187487641567,0.002026691395569583
default,gbdt,least_risky,0.05,6,0.8331575803475036,0.005987479195041221,0.63549408863556,0.027749007329446736,0.1656485526705266,0.00534303695624009,0.2709881772711199,0.05549801465889347,18261.8,75.85644336508291,0.1776163195929439,0.0005803179020287971,15.4,0.8944271909999159,7.8,2.280350850198276,7.8,2.280350850198276,51.2,7.259476565152615,0.504313725490196,0.13634431841542802,0.6557312425230404,0.013215183702641872,0.512580791892788,0.005687670259222894
default,gbdt,least_risky,0.05,7,0.8347006842212814,0.006474605766732983,0.6319944919539423,0.02644870939226826,0.1530731000390632,0.019212003506172155,0.26398898390788456,0.05289741878453649,20457.4,80.32932216818466,0.17565225429136438,0.00039545001755719554,16.6,0.8944271909999162,9.2,1.0954451150103324,9.2,1.0954451150103324,60.4,7.3006848993775915,0.5558823529411765,0.07796371760617742,0.6563775248158359,0.01887135434831462,0.5115170246241632,0.0031800721622944473
default,gbdt,least_risky,0.05,8,0.8354752411419776,0.002052011326756221,0.6226302358847825,0.033809022406469005,0.14222327035201787,0.014017680763304377,0.24526047176956495,0.06761804481293796,22668.6,80.21720513705243,0.1749373389719655,0.0003568490024797097,15.4,0.8944271909999157,8.8,1.3038404810405297,8.8,1.3038404810405297,69.2,7.049822692805827,0.5727380952380953,0.08692147588784686,0.6602308177795383,0.036217061904769955,0.5114457233356161,0.0018861819736311124
default,gbdt,least_risky,0.05,9,0.8346436837074419,0.005830619966222903,0.6087953245084513,0.04254516480420927,0.12583838142615258,0.01524974907224833,0.21759064901690267,0.08509032960841846,24883.2,89.144265098771,0.1741717281271687,0.000954245876906656,15.4,1.140175425099138,9.0,2.1213203435596424,9.0,2.1213203435596424,78.2,8.5848704125339,0.579390756302521,0.09985160631843926,0.6603720819091464,0.03721643329672013,0.5150899121077653,0.004470202055025207
default,gbdt,least_risky,0.05,10,0.8356209343131595,0.0024031061160447336,0.6119034806239708,0.02794942637826793,0.12027314058849167,0.013316552041545974,0.22380696124794158,0.05589885275653589,27094.0,88.69047299456706,0.1727961874084555,0.0009544105763127011,15.8,0.44721359549995776,9.0,2.1213203435596424,9.0,2.1213203435596424,87.2,7.854934754662192,0.5691666666666666,0.12945532262350418,0.6725170783504767,0.027833453264669027,0.5103395701500733,0.002013951808135318
default,gbdt,least_risky,0.1,0,0.8183999999999999,0.011436782764396608,0.6341978977114602,0.0628637836776646,0.37256137121732197,0.03168603801842743,0.26839579542292036,0.12572756735532928,5000.0,0.0,0.22012,0.006388427036446456,0.0,0.0,0.0,0.0,0.0,0.0,0.0,0.0,0.0,0.0,0.0,0.0,0.0,0.0
default,gbdt,least_risky,0.1,1,0.8268191056344959,0.014120711718213486,0.6611237293980888,0.046167211159716795,0.2887468036384985,0.02472916499028347,0.3222474587961778,0.09233442231943363,7210.4,17.42985943718421,0.2037848479129259,0.004654051140811368,32.8,2.0493901531919194,17.2,3.1937438845342627,17.2,3.1937438845342627,17.2,3.1937438845342627,0.524633431085044,0.09601810744168267,0.6734936144963058,0.012133251129483201,0.5244059142161341,0.00702343138718212
default,gbdt,least_risky,0.1,2,0.8250120615083109,0.009706092773671548,0.6512194361243583,0.031236735101062885,0.24527937326806698,0.019160960830355105,0.3024388722487166,0.06247347020212582,9436.6,39.278492842776004,0.19402757057645154,0.003201666674858722,31.0,2.8284271247461903,15.4,3.1304951684997055,15.4,3.1304951684997055,32.6,6.1073725938409895,0.4981983702571938,0.10272973650248819,0.6561539862368161,0.022122733108106956,0.5226301905770715,0.005270946237327579
default,gbdt,least_risky,0.1,3,0.8283507666344685,0.009638913941478934,0.6176335942640062,0.03795690148473964,0.22754841848565235,0.011441311988229983,0.2352671885280123,0.07591380296947939,11667.2,32.972715993681646,0.18894004995667363,0.0009356411128656338,30.4,2.408318915758459,16.0,2.9154759474226504,16.0,2.9154759474226504,48.6,7.569676347110224,0.5279429210533215,0.09404791019053367,0.6833939745187141,0.033725792930409004,0.523868436764968,0.007856766427557327
default,gbdt,least_risky,0.1,4,0.8267398147114713,0.007151276965456767,0.6414082817635711,0.051903231980489524,0.19319658644836757,0.008557855385924034,0.28281656352714235,0.10380646396097908,13891.0,35.58791929854837,0.18480929615102162,0.00147858552987693,31.4,0.8944271909999161,17.0,2.7386127875258306,17.0,2.7386127875258306,65.6,7.19722168617863,0.5431989247311828,0.09910154829295344,0.6617190733988331,0.029572373267600302,0.529051838456909,0.00544177024698936
default,gbdt,least_risky,0.1,5,0.8335289944138153,0.007084013949131332,0.6316134995081097,0.018800339498646342,0.1855015184618069,0.008520340739988409,0.2632269990162195,0.03760067899729267,16121.2,50.316001430956284,0.1817485358012255,0.0012430795925985703,30.6,2.073644135332772,17.6,3.361547262794322,17.6,3.361547262794322,83.2,6.496152707564685,0.5731769968074195,0.09384358668425427,0.6829802623652864,0.02604826865343333,0.5208978698775019,0.006023004181867241
default,gbdt,least_risky,0.1,6,0.8316700796742531,0.004804183959189021,0.6212726243781168,0.03129522347803279,0.1605872713464382,0.007092074518702575,0.24254524875623346,0.0625904469560656,18350.4,58.845560580217196,0.17917796281694845,0.0007743324041064369,30.8,1.0954451150103321,15.2,1.0954451150103321,15.2,1.0954451150103321,98.4,6.1073725938409895,0.4950639599555061,0.05476425294208915,0.6588235604477357,0.0211444416906983,0.5211397597323214,0.005178493188443598
default,gbdt,least_risky,0.1,7,0.8320663973002451,0.0026350281205345205,0.6108163265306122,0.017138864144395333,0.15600207729458204,0.004432466746604935,0.22163265306122448,0.034277728288790714,20565.4,61.04752247225097,0.17731672445319496,0.0004820846875342338,32.0,1.5811388300841898,19.2,2.3874672772626644,19.2,2.3874672772626644,117.6,6.426507605223849,0.6033113391984359,0.09863665368571785,0.6681977306746825,0.017585631119768807,0.5257061360773809,0.006380131870260117
default,gbdt,least_risky,0.1,8,0.8296178659120457,0.0025638166792255833,0.6109251536260247,0.025782639352742793,0.14192273011621742,0.008438967712049777,0.22185030725204952,0.05156527870548554,22794.0,59.029653564966694,0.17663315113944986,0.0005146777231624594,30.6,1.9493588689617927,16.4,2.5099800796022262,16.4,2.5099800796022262,134.0,6.041522986797289,0.5367302955665025,0.0799047815140695,0.6656375983144709,0.023475360295911147,0.5266309786068728,0.004493775014387318
default,gbdt,least_risky,0.1,9,0.8343875070104932,0.005384875460011315,0.6004259742243854,0.014914424466733429,0.1363193040550902,0.011948824272255583,0.2008519484487707,0.02982884893346689,25028.2,58.89567046905922,0.17601595420061006,0.0008857881682214965,30.0,2.0,15.4,2.5099800796022262,15.4,2.5099800796022262,149.4,3.9115214431215874,0.5157621021914681,0.09707753330247673,0.6565553253850519,0.041892415382147226,0.5270518823166018,0.008136479819025206
default,gbdt,least_risky,0.1,10,0.8359233144839052,0.0035141900924360757,0.6025926953085914,0.0387303853315874,0.13500382982511797,0.012819629725225093,0.20518539061718286,0.07746077066317479,27258.2,51.775476820595316,0.17471324250101883,0.0008793477649003646,30.6,1.51657508881031,15.4,2.701851217221259,15.4,2.701851217221259,164.8,3.8987177379235844,0.5045875889034954,0.09529737496866961,0.6730024003669829,0.029600405052042165,0.5217182024326071,0.0027512301685626846
default,gbdt,least_risky,0.15,0,0.8183999999999999,0.011436782764396608,0.6341978977114602,0.0628637836776646,0.37256137121732197,0.03168603801842743,0.26839579542292036,0.12572756735532928,5000.0,0.0,0.22012,0.006388427036446456,0.0,0.0,0.0,0.0,0.0,0.0,0.0,0.0,0.0,0.0,0.0,0.0,0.0,0.0
default,gbdt,least_risky,0.15,1,0.8236293922213982,0.013409334236138538,0.6547344925028304,0.030403912837334412,0.2847328035361084,0.02449311867137724,0.30946898500566083,0.06080782567466883,7226.4,16.531787562148207,0.20449657909446212,0.004304300184120995,48.8,2.9495762407505253,25.6,3.847076812334269,25.6,3.847076812334269,25.6,3.847076812334269,0.5240256483233162,0.0687022309263695,0.6734936144963058,0.012133251129483201,0.5348869332034105,0.008883104921621464
default,gbdt,least_risky,0.15,2,0.8240838675085849,0.007210076239627364,0.6497980696395661,0.020635759726945545,0.2457659945150683,0.01602349286366531,0.2995961392791323,0.0412715194538911,9467.8,43.68867130046404,0.19526724802221512,0.0031347724138071483,46.2,5.11859355682789,26.0,3.9370039370059056,26.0,3.9370039370059056,51.6,7.700649323271382,0.5638628322032577,0.07619808503353959,0.6604033276001016,0.02734674090607076,0.5359222446966172,0.00839224509066301
default,gbdt,least_risky,0.15,3,0.8270887280797409,0.0057909440830651296,0.6299730653267694,0.05850545525797517,0.23489889922780546,0.014810802541511174,0.2599461306535388,0.11701091051595024,11709.0,41.00609710762543,0.19036577025586132,0.0005671348669686831,46.4,1.8165902124584952,26.2,3.834057902536163,26.2,3.834057902536163,77.8,6.97853852894716,0.5640215989684074,0.07391800781343003,0.6817865186088615,0.029428150513001298,0.5358802431080967,0.004435255300511737
default,gbdt,least_risky,0.15,4,0.830257971544268,0.008415110951489519,0.6555555863245403,0.03483019510779739,0.20536168623752418,0.011036431741149537,0.31111117264908034,0.06966039021559477,13948.2,45.00777710574033,0.18644477166701146,0.0016829944534399604,46.6,1.51657508881031,24.6,4.61519230368573,24.6,4.61519230368573,102.4,3.9115214431215906,0.5298436492585429,0.10950652404128071,0.6583332782303923,0.0342447267004704,0.5378596537138022,0.003221144212261971
default,gbdt,least_risky,0.15,5,0.830806708885965,0.007315272633007149,0.6445509430516576,0.023769803138104086,0.19519333841081607,0.021484060781708125,0.2891018861033151,0.04753960627620809,16192.4,52.10374266787375,0.18361761292756051,0.0012611824165576116,45.6,1.949358868961792,26.2,6.572670690061994,26.2,6.572670690061994,128.6,7.635443667528429,0.5733601352465776,0.13769942226049475,0.6766845042708383,0.029020801141242593,0.5332150545855351,0.011968562951107063
default,gbdt,least_risky,0.15,6,0.8286979461982819,0.004122006187456542,0.6080920637093121,0.01782578344103178,0.17658956168132162,0.00800859683717943,0.21618412741862425,0.03565156688206351,18438.2,60.27603172074291,0.18115626224138498,0.0006778395526266834,45.6,1.5165750888103102,24.0,3.6055512754639896,24.0,3.6055512754639896,152.6,10.502380682492898,0.525185551163812,0.06566299648268756,0.6614502558893869,0.018987503643470773,0.5343866650838767,0.0032284712319259105
default,gbdt,least_risky,0.15,7,0.8333939303038663,0.0018230334348373024,0.6117663804429261,0.022087871993307227,0.16606993128409958,0.009487817405364963,0.22353276088585233,0.044175743986614384,20665.6,64.44998060511746,0.1793312919344943,0.0004889053407917686,48.8,2.1679483388678795,25.0,2.345207879911715,25.0,2.345207879911715,177.6,11.760102040373628,0.5127765957446808,0.05013506542302081,0.6547768140400411,0.015804088183318778,0.5386511002890514,0.008703663749429984
default,gbdt,least_risky,0.15,8,0.8287757623874585,0.00314376488723185,0.6223833031300193,0.00955620131757019,0.15360789168487207,0.009286079240065562,0.2447666062600386,0.019112402635140375,22909.2,68.70007278016547,0.17873914938290364,0.0005596070755480587,45.8,3.898717737923586,25.6,4.159326868617084,25.6,4.159326868617084,203.2,11.031772296417289,0.5573807221147646,0.06104999659168834,0.665808766743181,0.03020348838071724,0.5373885049968645,0.0070036786528723345
default,gbdt,least_risky,0.15,9,0.8288580277066725,0.004719820544712332,0.6110881324943824,0.02814055207222305,0.1451226297730865,0.0179143926294929,0.222176264988765,0.05628110414444607,25157.8,69.14260625692395,0.17808990535482075,0.0010777084412551,45.0,2.345207879911715,24.8,4.08656334834051,24.8,4.08656334834051,228.0,9.137833441248533,0.5535095512272653,0.10414677133025319,0.6647926167129343,0.040480168102730724,0.5383046834181598,0.0051707529739275825
default,gbdt,least_risky,0.15,10,0.831540298048558,0.00453583994473943,0.5991122289333164,0.03576722903325563,0.14920487097615315,0.012615745512943768,0.19822445786663292,0.07153445806651124,27406.2,64.92842212775554,0.17690721788535912,0.0010032156505376583,45.2,2.5884358211089578,25.8,3.271085446759225,25.8,3.271085446759225,253.8,9.67987603226405,0.5716349541930936,0.07554364599408564,0.679961974994605,0.03124307209133797,0.5372434463549224,0.005537331881319165
default,gbdt,least_risky,0.2,0,0.8183999999999999,0.011436782764396608,0.6341978977114602,0.0628637836776646,0.37256137121732197,0.03168603801842743,0.26839579542292036,0.12572756735532928,5000.0,0.0,0.22012,0.006388427036446456,0.0,0.0,0.0,0.0,0.0,0.0,0.0,0.0,0.0,0.0,0.0,0.0,0.0,0.0
default,gbdt,least_risky,0.2,1,0.8211211116534484,0.01492166136193502,0.6253817755491566,0.05771638097890013,0.28350355849711856,0.03088392484090774,0.2507635510983134,0.11543276195780024,7242.6,15.533834040570941,0.20531001602427149,0.004211398388878299,65.0,3.937003937005906,34.8,6.180614856144977,34.8,6.180614856144977,34.8,6.180614856144977,0.533989233196747,0.0817192918953361,0.6734936144963058,0.012133251129483201,0.5457962496689841,0.010941290868575135
default,gbdt,least_risky,0.2,2,0.8257122502928642,0.007587104154865824,0.6568905421188787,0.027646497853525527,0.2636594085810072,0.011755767458421128,0.3137810842377572,0.05529299570705103,9495.0,30.95157508108432,0.19620445695874705,0.003326297086336942,62.2,4.08656334834051,31.8,6.572670690061993,31.8,6.572670690061993,66.6,9.964938534682489,0.5170818674832948,0.1334855033962736,0.6529154702339888,0.03771541929027747,0.5438796485723769,0.014619209657991242
default,gbdt,least_risky,0.2,3,0.8254204585035669,0.00753282645875218,0.6184892079251495,0.056760026148321464,0.23246910715831243,0.007630117700501345,0.23697841585029894,0.11352005229664285,11752.2,28.6653100454189,0.19169179341461712,0.0007466159215810533,61.0,3.8078865529319543,34.0,3.7416573867739404,34.0,3.7416573867739404,100.6,7.668115805072325,0.5588766788766789,0.0686504285438552,0.6798769034640498,0.03574180209704233,0.5413897441102632,0.008286860442243917
default,gbdt,least_risky,0.2,4,0.8291190416356194,0.004246266874711951,0.6407145537785193,0.054535743005226726,0.21600632749164722,0.011781917919492728,0.28142910755703837,0.10907148601045345,14009.0,29.180472922829747,0.18793541316320828,0.0014166403280094237,61.2,1.4832396974191324,33.2,5.848076606885378,33.2,5.848076606885378,133.8,4.604345773288539,0.5422299702924249,0.09246371065085968,0.6649962000745016,0.0228996769393755,0.5476056075054945,0.008027294051811231
default,gbdt,least_risky,0.2,5,0.8297099077677608,0.005023348412319295,0.6226080172525997,0.03464346147379789,0.2019721490813274,0.01704317132504604,0.2452160345051996,0.06928692294759575,16270.0,35.41892149684968,0.18533516477787998,0.0013045940878363526,60.4,3.0495901363953815,34.8,4.969909455915671,34.8,4.969909455915671,168.6,6.18869937870632,0.5758955980795997,0.07406639552836158,0.676590030897562,0.03174856666722361,0.5424588275697055,0.007998858031152745
default,gbdt,least_risky,0.2,6,0.8333697028925204,0.0037302452503817822,0.6297527282972653,0.02148607991500456,0.19218431335598518,0.011462015934407955,0.25950545659453045,0.042972159830009043,18530.6,38.68849958320917,0.1830805993138345,0.0008955304474725198,60.4,1.8165902124584954,33.8,4.32434966208793,33.8,4.32434966208793,202.4,8.203657720797475,0.5604411962636948,0.07854711873380145,0.6604803591104853,0.021708582178978825,0.5427397476234248,0.004474379128726441
default,gbdt,least_risky,0.2,7,0.8328569089861549,0.009206975796011365,0.6211647890578647,0.03882392082126894,0.18361576319584333,0.017998535888754455,0.2423295781157293,0.07764784164253793,20776.8,37.35906851087173,0.1815195373502861,0.0007763158027252247,64.2,2.1679483388678804,37.8,4.711687595755898,37.8,4.711687595755898,240.2,12.194260945215168,0.5898109243697479,0.08156378392350903,0.6615658509052333,0.01352825413695386,0.5515985820356323,0.008421125334509722
default,gbdt,least_risky,0.2,8,0.8282232391559973,0.004245888768811504,0.6205427777730126,0.023370186488597046,0.16528997983124197,0.010826227880872162,0.24108555554602523,0.04674037297719408,23034.0,41.856899072912555,0.18088872263026293,0.0003550472584724716,61.4,3.2093613071762426,33.2,6.379655163094632,33.2,6.379655163094632,273.4,10.114346246792218,0.537876515087153,0.07952436519704238,0.6647777122006798,0.0323324102063231,0.5521713361801827,0.008039726554852128
default,gbdt,least_risky,0.2,9,0.8278642521183903,0.0022458732609554086,0.6074482837677684,0.028011914902700878,0.15566478618770846,0.007426071446210085,0.2148965675355366,0.05602382980540176,25297.8,37.572596396842044,0.1802680757338751,0.0007052937795821195,59.6,3.2093613071762426,32.4,4.505552130427525,32.4,4.505552130427525,305.8,10.686440005914042,0.5473729338641375,0.09911549026779265,0.6642357861333628,0.04252643587771338,0.5530368862821742,0.006770857960857167
default,gbdt,least_risky,0.2,10,0.8333053871432442,0.0043082844777963935,0.6099606397084463,0.016507817919581006,0.1572557745860518,0.010659583541098123,0.21992127941689263,0.033015635839162026,27558.2,32.75973137863011,0.1790677864254603,0.0006335614969354143,60.4,3.2093613071762417,32.6,4.505552130427525,32.6,4.505552130427525,338.4,10.549881515922339,0.5390343896877472,0.06203600424732698,0.67369479217724,0.029005976555717825,0.5510554263593468,0.007980401156378132
default,gbdt,least_risky,0.3,0,0.8183999999999999,0.011436782764396608,0.6341978977114602,0.0628637836776646,0.37256137121732197,0.03168603801842743,0.26839579542292036,0.12572756735532928,5000.0,0.0,0.22012,0.006388427036446456,0.0,0.0,0.0,0.0,0.0,0.0,0.0,0.0,0.0,0.0,0.0,0.0,0.0,0.0
default,gbdt,least_risky,0.3,1,0.8232778692308255,0.013500178678556933,0.6663483064711462,0.0646707813169396,0.3043687802869595,0.03646265204604721,0.3326966129422925,0.12934156263387925,7274.8,13.663820841916811,0.20750801626088866,0.0044201121042780084,97.2,5.805170109479996,57.4,5.366563145999495,57.4,5.366563145999495,57.4,5.366563145999495,0.5908101079637661,0.049607194037766374,0.6734936144963058,0.012133251129483201,0.5652436062627094,0.015069230741218223
default,gbdt,least_risky,0.3,2,0.8271784085727635,0.006688548926938785,0.6591693917051072,0.022209928166369405,0.2819782226352908,0.012818555147193685,0.3183387834102146,0.0444198563327388,9563.0,29.857997253667232,0.19945344661365494,0.003231023279402073,91.6,7.092249290598859,49.6,5.813776741499454,49.6,5.813776741499454,107.0,9.027735042633894,0.5426619859956533,0.06001663523801381,0.6528414168118435,0.0254300650826144,0.5656526707484384,0.009268394307284588
default,gbdt,least_risky,0.3,3,0.8259829599461967,0.008042860600215099,0.6063161107367592,0.04456643200715434,0.24665307514497323,0.009198637808321825,0.21263222147351843,0.08913286401430871,11848.2,28.821866698740926,0.1954224784505576,0.0008606765878103687,92.6,7.635443667528428,54.6,6.308724118235001,54.6,6.308724118235001,161.6,8.44393273303382,0.5912740443662705,0.06629050345363616,0.6797615018481282,0.03500647964688267,0.5571795922511503,0.012027156144646684
default,gbdt,least_risky,0.3,4,0.8328395855866052,0.007637487930854983,0.6395089173337124,0.054458892837863725,0.24204437144998597,0.012275938601432853,0.2790178346674247,0.10891778567572748,14128.4,32.1683073847536,0.1919678413846359,0.0010889135295615315,95.0,2.915475947422651,54.0,4.301162633521313,54.0,4.301162633521313,215.6,6.949820141557619,0.5692634278520188,0.054185266085503864,0.6561341200171124,0.032003263320515736,0.5753770157559214,0.010671975877915275
default,gbdt,least_risky,0.3,5,0.8290231795849549,0.003414955879629783,0.635756118916838,0.059430705614316647,0.22844112292935498,0.012697662739513641,0.271512237833676,0.11886141122863325,16414.0,36.54449342924341,0.18932768849742349,0.0012212194415926621,92.6,4.669047011971502,53.6,9.016651263079881,53.6,9.016651263079881,269.2,13.881642554107206,0.5781861164839889,0.08801806592479347,0.6790487247802314,0.029827547108551653,0.5714352773763617,0.00628839418539956
default,gbdt,least_risky,0.3,6,0.8286394303732768,0.006658865884191533,0.6213948966634388,0.025906668548748537,0.21572569189403756,0.01575780224102624,0.24278979332687775,0.051813337097497074,18701.4,44.72471352619286,0.18712014222254275,0.0009159235206528927,91.8,4.604345773288535,49.4,3.8470768123342696,49.4,3.8470768123342696,318.6,17.213366899011945,0.5385308326229042,0.03861708358553567,0.653563446399364,0.02137705322998207,0.5642913918870331,0.0054096346764731795
default,gbdt,least_risky,0.3,7,0.8299931897364438,0.0058646324728944335,0.6092011435672153,0.031830738829586966,0.20441802021534422,0.014733067559564966,0.21840228713443058,0.06366147765917399,20973.6,49.712171547820994,0.185442589169907,0.0006296005051049789,98.4,3.2093613071762426,52.2,5.84807660688538,52.2,5.84807660688538,370.8,17.498571370257636,0.5308377566662843,0.06151709888727661,0.6546391620403157,0.027675723379972005,0.5757284540099991,0.013886014641406286
default,gbdt,least_risky,0.3,8,0.8310032248041874,0.0014576720088260772,0.6204223110950691,0.011460363298062576,0.19434438651051428,0.00661041076550228,0.24084462219013805,0.02292072659612518,23258.4,51.383849602769274,0.18498199988735156,0.0005426755245802761,92.8,5.890670590009257,54.0,3.5355339059327378,54.0,3.5355339059327378,424.8,16.284962388657828,0.5823616807169438,0.026831152999569622,0.6663285190506854,0.021857712314751015,0.5672430992629611,0.008773792016066158
default,gbdt,least_risky,0.3,9,0.8312253904537897,0.005144871462520084,0.6024394169478093,0.026470008030976915,0.19015967294320935,0.012173448680620235,0.20487883389561884,0.05294001606195381,25552.4,53.238144220098626,0.18449032184321207,0.0008869589711012181,88.8,4.868264577855234,49.2,4.324349662087931,49.2,4.324349662087931,474.0,18.801595676963164,0.5562399633367654,0.06661394132083072,0.6623824098584181,0.04177044499225053,0.5752646789175191,0.0056373205943001
default,gbdt,least_risky,0.3,10,0.8274777868998984,0.005929154346060149,0.6026797481131839,0.019366585606016524,0.17731700103713485,0.009210140423244006,0.2053594962263679,0.038733171212033034,27839.2,55.567076583171136,0.1833947252987858,0.0008682421564323833,92.0,5.612486080160913,52.4,4.669047011971501,52.4,4.669047011971501,526.4,17.3579952759528,0.5694542505294977,0.0341504444767717,0.6709920551089424,0.023741769531321188,0.5669569961061434,0.005508258096368717
default,gbdt,least_risky,0.5,0,0.8183999999999999,0.011436782764396608,0.6341978977114602,0.0628637836776646,0.37256137121732197,0.03168603801842743,0.26839579542292036,0.12572756735532928,5000.0,0.0,0.22012,0.006388427036446456,0.0,0.0,0.0,0.0,0.0,0.0,0.0,0.0,0.0,0.0,0.0,0.0,0.0,0.0
default,gbdt,least_risky,0.5,1,0.8205956940624685,0.014876467171167869,0.6527036632471406,0.027847585294091187,0.3190398642473672,0.03927748315270797,0.30540732649428126,0.05569517058818243,7338.8,9.73139250056234,0.21131369383306145,0.004435996321962116,161.2,9.73139250056229,98.6,7.829431652425353,98.6,7.829431652425353,98.6,7.829431652425353,0.6113385459568759,0.02258133524395737,0.6734936144963058,0.012133251129483201,0.5989182355381085,0.02012180324958733
default,gbdt,least_risky,0.5,2,0.8206429360655558,0.004589289211130988,0.6392442252707223,0.018021258825088256,0.2972324791408761,0.020555017923254232,0.27848845054144455,0.03604251765017657,9688.0,24.228082879171435,0.20491110320800338,0.003446771797801914,151.0,14.611639196202457,87.0,9.513148795220225,87.0,9.513148795220225,185.6,16.056151469141042,0.577960775601172,0.06254535404167633,0.6589523953731812,0.027703415509875557,0.6041966737096319,0.008031106975432047
default,gbdt,least_risky,0.5,3,0.8220781524585187,0.008030458004658863,0.6504710677074181,0.05871516642314708,0.2718449947254508,0.010521345068157752,0.30094213541483616,0.11743033284629413,12037.0,21.365860619221497,0.20257544077987508,0.0011413877816084273,151.6,7.092249290598858,97.0,7.7781745930520225,97.0,7.7781745930520225,282.6,11.036303729057117,0.6391653549552188,0.024342390834185698,0.6799556379112035,0.031854747825909455,0.5980383869533745,0.013436129085610444
default,gbdt,least_risky,0.5,4,0.8256170421594501,0.0018104710312859507,0.6589137197765325,0.025633015520743038,0.2761668481977805,0.01942800475541954,0.3178274395530651,0.05126603104148607,14385.8,21.417282740814777,0.20012702927988343,0.0014061267741586505,151.8,2.1679483388678773,92.4,6.618156843109718,92.4,6.618156843109718,375.0,6.284902544988268,0.608556637666104,0.04003862269270538,0.6634368526648841,0.022386785582955447,0.6092781402673322,0.006299585369894032
default,gbdt,least_risky,0.5,5,0.8262125092852145,0.004037481600239901,0.6367032677933567,0.025672665431036114,0.27463128518549523,0.014124941059842517,0.27340653558671335,0.051345330862072276,16731.2,29.235252692597346,0.19814485891447492,0.0012800304435454837,154.8,10.329569206893382,96.2,9.67987603226405,96.2,9.67987603226405,471.2,13.718600511714014,0.6215143831742289,0.04847239452783636,0.6803114867932722,0.032003466906063975,0.5986139522739646,0.013722044046803546
default,gbdt,least_risky,0.5,6,0.8258265507778126,0.004437517094028735,0.6236802132366066,0.011320907185395787,0.2543612186286808,0.01312483405663985,0.2473604264732132,0.022641814370791543,19081.0,31.756889016400628,0.19606926726236307,0.0008329482792960381,150.6,6.465291950097844,84.6,2.073644135332771,84.6,2.073644135332771,555.8,15.401298646542761,0.5621483006723171,0.012687722238243555,0.664994138945307,0.01507058682952572,0.606395358663997,0.007809032381812917
default,gbdt,least_risky,0.5,7,0.8269694662354421,0.005737606087273149,0.6231013736050086,0.023606929697593395,0.25130775922489984,0.013690740296187442,0.2462027472100173,0.047213859395186776,21422.4,34.121840513079285,0.19488942643332008,0.0007763273989518321,159.0,6.164414002968975,94.4,3.7815340802378072,94.4,3.7815340802378072,650.2,16.917446615846025,0.5941934517641301,0.027468428854068933,0.6674653397983995,0.014319133480791564,0.6164911789969536,0.014703565949824398
default,gbdt,least_risky,0.5,8,0.8259871192946846,0.005558999624457799,0.6220661290748966,0.017588768385551713,0.24889892211982106,0.015423507675197026,0.24413225814979328,0.0351775367711034,23771.8,37.27868023414999,0.19474311076897294,0.000218226840399989,151.0,9.219544457292887,92.2,7.496665925596524,92.2,7.496665925596524,742.4,15.436968614336173,0.6107249666765833,0.03448738804677111,0.670061621694754,0.03176309799804642,0.6063095336635556,0.006388221052315739
default,gbdt,least_risky,0.5,9,0.8260121467872258,0.0037903750687373564,0.6328693128036853,0.018257562119612616,0.23997778635833886,0.017322580699374226,0.2657386256073705,0.03651512423922525,26125.8,35.102706448363605,0.19448914980336296,0.000716505247290194,146.2,9.364827814754522,87.0,5.70087712549569,87.0,5.70087712549569,829.4,13.64917579929279,0.5965320673288249,0.04887564393781876,0.6613315229517236,0.04431177350849398,0.6167443459027842,0.009383610859314277
default,gbdt,least_risky,0.5,10,0.8249963552660798,0.004474598879220972,0.6471017905183996,0.01885196418095858,0.24304313969854144,0.01208294904574727,0.2942035810367991,0.037703928361917154,28478.2,34.67996539790669,0.19376166065905537,0.0007722314521231752,148.2,7.463243262818116,91.4,8.961026726887942,91.4,8.961026726887942,920.8,17.753872816937708,0.6156052558861521,0.03186780919945601,0.671010441892542,0.02701678702424987,0.6077271917459249,0.006537604975613962
default,gbdt,least_risky,0.75,0,0.8183999999999999,0.011436782764396608,0.6341978977114602,0.0628637836776646,0.37256137121732197,0.03168603801842743,0.26839579542292036,0.12572756735532928,5000.0,0.0,0.22012,0.006388427036446456,0.0,0.0,0.0,0.0,0.0,0.0,0.0,0.0,0.0,0.0,0.0,0.0,0.0,0.0
default,gbdt,least_risky,0.75,1,0.8214522277126127,0.012285320989634302,0.6833879350458769,0.03115428086625851,0.3547361381236552,0.029760544726783286,0.3667758700917539,0.06230856173251706,7419.6,4.979959839195557,0.21691125954564,0.004434556597693417,242.0,14.491376746189438,157.2,9.884331034521253,157.2,9.884331034521253,157.2,9.884331034521253,0.649606372881627,0.014761943523188067,0.6734936144963058,0.012133251129483201,0.6407004749256091,0.020113732275166468
default,gbdt,least_risky,0.75,2,0.8240895754063576,0.003922522375073797,0.6430291259283648,0.03329273412825639,0.35022259706207104,0.01059182919345787,0.28605825185672956,0.06658546825651271,9845.2,9.549869109050821,0.21313950887260164,0.0027792240748012636,223.4,17.21336689901194,139.6,9.659192512834602,139.6,9.659192512834602,296.8,18.86001060445089,0.6258218361918011,0.032850784843766974,0.6616294059251322,0.030858141814181627,0.6476930194253703,0.007918749649179681
default,gbdt,least_risky,0.75,3,0.8222637374146501,0.002543160343549965,0.6632551906014614,0.025982422104482695,0.3323809860446708,0.011103186337574112,0.3265103812029229,0.05196484420896542,12269.4,7.829431652425205,0.21210524068525846,0.0009552265745335991,228.4,10.990905331227271,149.4,12.300406497347963,149.4,12.300406497347963,446.2,15.056560032092325,0.6537465780667548,0.03545100241575755,0.6817690644835797,0.03270596044357921,0.6444546849715354,0.00918723543897631
default,gbdt,least_risky,0.75,4,0.8200737319732017,0.004537785431460545,0.6438823741842361,0.031624122378165226,0.3256181399627224,0.010664943166275517,0.2877647483684722,0.06324824475633044,14693.0,7.648529270389311,0.21067150048478878,0.001403809024765143,231.4,7.536577472566709,148.2,10.2810505299799,148.2,10.2810505299799,594.4,13.740451229854134,0.6402004870146791,0.03310693326514711,0.6640613111864979,0.021436255163989518,0.6427137792809852,0.006970308200941634
default,gbdt,least_risky,0.75,5,0.8192609384034839,0.008215359782610386,0.661790439761487,0.01678018510851652,0.32374026267572004,0.014274302780046731,0.3235808795229741,0.033560370217033,17116.8,13.217412757419526,0.2096888370513874,0.0015667167035388417,229.6,16.890825912311097,150.2,13.700364958642524,150.2,13.700364958642524,744.6,22.23285856564558,0.6548722627625037,0.048650652046982656,0.676448976642396,0.03340885147012085,0.644090956568813,0.00930016255854612
default,gbdt,least_risky,0.75,6,0.8235777666694798,0.0028094419711736525,0.6489528229474784,0.030037528777215855,0.3136653537529002,0.024613476469655372,0.2979056458949568,0.060075057554431724,19542.4,14.673104647619839,0.20853112035263294,0.0015443958370823321,224.0,8.154753215150045,142.0,7.10633520177595,142.0,7.10633520177595,886.6,27.915945264310874,0.6345750730298184,0.03826902652577709,0.6617652096262039,0.026211620302296793,0.646455370951666,0.010125829439097822
default,gbdt,least_risky,0.75,7,0.8244506714204272,0.0054469216796266835,0.6606079625332397,0.028994272478457966,0.3158590273275343,0.021027187140799684,0.3212159250664795,0.057988544956915994,21963.2,15.006665185843264,0.20792053561110255,0.0013572967636625592,239.4,9.633275663033839,151.6,9.787747442593725,151.6,9.787747442593725,1038.2,30.34303874037667,0.6332212568193039,0.032172925103496466,0.6639526737766506,0.021639936882160673,0.652189695439426,0.009973015132170136
default,gbdt,least_risky,0.75,8,0.8228362014537012,0.003527794676842096,0.6572397376188359,0.011897589584517147,0.30644647696452443,0.009753597452081304,0.31447947523767183,0.023795179169034324,24388.4,17.271363582531944,0.2080414756745478,0.0006215690459825736,226.8,13.682105101189654,144.0,9.327379053088814,144.0,9.327379053088814,1182.2,25.22300537208048,0.6355806182121972,0.03592658910931901,0.6668116550931796,0.028189318882207035,0.6468316937211449,0.006663711708348749
default,gbdt,least_risky,0.75,9,0.8209183595781712,0.004176103405483811,0.6455934386284568,0.008656099206804,0.30444199989033394,0.01941667564410112,0.2911868772569136,0.01731219841360796,26816.8,15.75436447464627,0.20796642599831933,0.0007218520308200758,217.2,16.02186006679624,137.8,12.153188881935476,137.8,12.153188881935476,1320.0,26.48584527629806,0.6350458407429362,0.044871977195891165,0.6669077750050949,0.045283971795105724,0.6522749898763012,0.0015045577965665576
default,gbdt,least_risky,0.75,10,0.8211932099500052,0.004908418358455478,0.6522260955786713,0.0200378667164981,0.298321493321852,0.0033176138052020123,0.3044521911573425,0.04007573343299618,29243.0,15.231546211727817,0.2073725634559293,0.00035715967934538985,222.4,7.021395872616786,143.6,12.895735729302148,143.6,12.895735729302148,1463.6,25.075884829851958,0.6452719108338215,0.04802717028977093,0.6762283504117977,0.029012492920827776,0.6490969827948081,0.008407181926088003
default,gbdt,least_risky,1.0,0,0.8183999999999999,0.011436782764396608,0.6341978977114602,0.0628637836776646,0.37256137121732197,0.03168603801842743,0.26839579542292036,0.12572756735532928,5000.0,0.0,0.22012,0.006388427036446456,0.0,0.0,0.0,0.0,0.0,0.0,0.0,0.0,0.0,0.0,0.0,0.0,0.0,0.0
default,gbdt,least_risky,1.0,1,0.8257333333333333,0.01557490859612917,0.6714484309242577,0.05237180194031789,0.3835845977486398,0.047516315567996896,0.3428968618485155,0.1047436038806358,7500.0,0.0,0.22258666666666665,0.0039548563676685975,322.4,19.46278500112458,217.2,14.92313639956427,217.2,14.92313639956427,217.2,14.92313639956427,0.6734936144963058,0.012133251129483201,0.6734936144963058,0.012133251129483201,0.6872210428807984,0.01826039535661291
default,gbdt,least_risky,1.0,2,0.8186,0.007065762520775824,0.6837793346512797,0.017104048623068357,0.3822486747745521,0.0188989943345868,0.36755866930255926,0.034208097246136736,10000.0,0.0,0.22155999999999998,0.002380756182392481,302.4,19.308029417835474,198.2,13.423859355639868,198.2,13.423859355639868,415.4,27.153268679847738,0.6557152681345416,0.025432198224081392,0.6557152681345416,0.025432198224081392,0.6844911350692853,0.013016955252244847
default,gbdt,least_risky,1.0,3,0.8185600000000001,0.004920162598939198,0.668579839272847,0.010622037991627661,0.36718365807523334,0.021190808895902455,0.3371596785456941,0.021244075983255385,12500.0,0.0,0.22220800000000002,0.0013851786888340442,300.4,16.979399282660147,205.8,16.40731544159495,205.8,16.40731544159495,621.2,26.32869157402244,0.6848097480960187,0.029106507996943712,0.6848097480960187,0.029106507996943712,0.6806411967941995,0.010732063457615836
default,gbdt,least_risky,1.0,4,0.8244,0.008104868221562214,0.6882430969749663,0.030941354159082415,0.3831991445661146,0.013516720588722908,0.3764861939499327,0.06188270831816482,15000.0,0.0,0.22178666666666666,0.0012870293098622286,309.0,8.306623862918075,204.6,9.071934744033381,204.6,9.071934744033381,825.8,23.02607217916247,0.6622255991361911,0.02631558633555099,0.6622255991361911,0.02631558633555099,0.6845356134312794,0.008952732321746776
default,gbdt,least_risky,1.0,5,0.8222857142857143,0.0033258419219493493,0.6797770943027214,0.02388514006423707,0.38357207122008197,0.03182633903073441,0.3595541886054428,0.0477702801284741,17500.0,0.0,0.22155428571428573,0.001819800392732055,302.6,21.161285405192192,206.2,19.53714411064217,206.2,19.53714411064217,1032.0,36.52396473549935,0.6810098755078263,0.033639275197020445,0.6810098755078263,0.033639275197020445,0.6780847976221575,0.005966500574273548
default,gbdt,least_risky,1.0,6,0.82355,0.005953990258641674,0.6814785447488976,0.01918413029632857,0.37098696653669216,0.022683203517551327,0.3629570894977953,0.03836826059265707,20000.0,0.0,0.22093,0.001610357103253815,297.0,14.815532390029054,198.8,11.861703081766969,198.8,11.861703081766969,1230.8,45.43346784034872,0.6694980730139293,0.026246266395693014,0.6694980730139293,0.026246266395693014,0.6811370443062608,0.012319597824064181
default,gbdt,least_risky,1.0,7,0.8213333333333332,0.003728435941236085,0.664905190519052,0.011433277301752684,0.3641187285558608,0.015648590065845732,0.3298103810381038,0.022866554603505392,22500.0,0.0,0.22088888888888886,0.0014466649598897582,317.8,17.398275776639473,212.6,13.1833227981416,212.6,13.1833227981416,1443.4,50.66853066746656,0.6688825651529402,0.014568589519741621,0.6688825651529402,0.014568589519741621,0.683699021296818,0.00667660820807154
default,gbdt,least_risky,1.0,8,0.82004,0.003182451884946589,0.6788429302133294,0.013195524904286519,0.3684776068875191,0.017440662044525868,0.35768586042665873,0.026391049808573114,25000.0,0.0,0.221368,0.0007901392282376582,296.0,21.365860619221497,201.0,14.300349646075091,201.0,14.300349646075091,1644.4,48.03956702552595,0.6799447242462486,0.03694447533139303,0.6799447242462486,0.03694447533139303,0.682629613219206,0.005726718889900273
default,gbdt,least_risky,1.0,9,0.8222909090909092,0.005593089005916029,0.6810660876356136,0.010453986131917193,0.36917923826132043,0.02263279562121009,0.3621321752712271,0.020907972263834333,27500.0,0.0,0.2215272727272727,0.0005857819524940805,287.2,19.537144110642163,189.8,15.786069808536896,189.8,15.786069808536896,1834.2,49.42367853569784,0.6614791924693146,0.046884346831298884,0.6614791924693146,0.046884346831298884,0.6846806187730466,0.0069557056557387744
default,gbdt,least_risky,1.0,10,0.8189,0.0037815340802378407,0.676900398140544,0.011483060903806715,0.3583213009358978,0.011282057813461423,0.3538007962810881,0.022966121807613437,30000.0,0.0,0.2212,0.0,294.0,11.597413504743201,200.0,15.280706789936126,200.0,15.280706789936126,2034.2,40.208208117248894,0.679747215613283,0.03308387824360319,0.679747215613283,0.03308387824360319,0.677852579763185,0.006750661689798846
default,gbdt,most_risky,0.0,0,0.8183999999999999,0.011436782764396608,0.6341978977114602,0.0628637836776646,0.37256137121732197,0.03168603801842743,0.26839579542292036,0.12572756735532928,5000.0,0.0,0.22012,0.006388427036446456,0.0,0.0,0.0,0.0,0.0,0.0,0.0,0.0,0.0,0.0,0.0,0.0,0.0,0.0
default,gbdt,most_risky,0.0,1,0.8229750872298721,0.009691571345291458,0.6567256606041421,0.05479225739387236,0.28677914464965026,0.019968780672702403,0.3134513212082841,0.10958451478774481,7177.6,19.46278500112456,0.20231917871318322,0.004534763915284772,0.0,0.0,0.0,0.0,0.0,0.0,0.0,0.0,0.0,0.0,0.0,0.0,0.0,0.0
default,gbdt,most_risky,0.0,2,0.8253251171038565,0.006398078414370766,0.6427247436719554,0.02541051854039462,0.23958916537154923,0.015272877701874151,0.28544948734391073,0.050821037080789236,9375.2,35.315718879841675,0.19197155939372004,0.002859537618886001,0.0,0.0,0.0,0.0,0.0,0.0,0.0,0.0,0.0,0.0,0.0,0.0,0.0,0.0
default,gbdt,most_risky,0.0,3,0.82966269508784,0.0073368955544496255,0.6297927875746981,0.0527858798884364,0.2129074011565284,0.012494450174133025,0.25958557514939623,0.1055717597768729,11569.2,32.49923076012727,0.18611511125833644,0.0006710787622934605,0.0,0.0,0.0,0.0,0.0,0.0,0.0,0.0,0.0,0.0,0.0,0.0,0.0,0.0
default,gbdt,most_risky,0.0,4,0.8295242328496872,0.003735676826422635,0.6339164941338854,0.04986603790560993,0.1860960700244844,0.006620103185447555,0.2678329882677709,0.09973207581121986,13759.8,36.87411015875495,0.18165863358786893,0.0014593029655936766,0.0,0.0,0.0,0.0,0.0,0.0,0.0,0.0,0.0,0.0,0.0,0.0,0.0,0.0
default,gbdt,most_risky,0.0,5,0.8314700881853785,0.002214405553380386,0.6354803563543517,0.04288199671546526,0.17197920897494162,0.012758593114156813,0.27096071270870337,0.08576399343093054,15954.4,50.302087431835226,0.17823292091706847,0.0015399518279809643,0.0,0.0,0.0,0.0,0.0,0.0,0.0,0.0,0.0,0.0,0.0,0.0,0.0,0.0
default,gbdt,most_risky,0.0,6,0.8344388009314054,0.0044098688286365595,0.6214711641438976,0.045257237041202894,0.15536851459658696,0.01644853834962647,0.2429423282877951,0.09051447408240576,18156.0,60.89334939055346,0.1756761986225633,0.0009792576009948102,0.0,0.0,0.0,0.0,0.0,0.0,0.0,0.0,0.0,0.0,0.0,0.0,0.0,0.0
default,gbdt,most_risky,0.0,7,0.8365205107346458,0.005306544247020422,0.6111250770406695,0.02830191740941718,0.14430115156077744,0.01427879714991044,0.22225015408133902,0.05660383481883438,20335.8,66.27367501504642,0.17361372230808308,0.0006522263513853971,0.0,0.0,0.0,0.0,0.0,0.0,0.0,0.0,0.0,0.0,0.0,0.0,0.0,0.0
default,gbdt,most_risky,0.0,8,0.8339969126277852,0.006263881759421219,0.6266363091583118,0.03123832103051688,0.1234054677433076,0.013497542483014956,0.2532726183166236,0.06247664206103381,22529.0,65.30313928135449,0.17269181159422722,0.0005824249335279556,0.0,0.0,0.0,0.0,0.0,0.0,0.0,0.0,0.0,0.0,0.0,0.0,0.0,0.0
default,gbdt,most_risky,0.0,9,0.8384406345893052,0.0022990136806691794,0.6183411058133709,0.0438535960528881,0.11676165083968512,0.010199631839738056,0.2366822116267417,0.08770719210577618,24731.8,62.531592015556214,0.1719633995839117,0.0008487009231629228,0.0,0.0,0.0,0.0,0.0,0.0,0.0,0.0,0.0,0.0,0.0,0.0,0.0,0.0
default,gbdt,most_risky,0.0,10,0.8334503238968063,0.0019070229051813786,0.5950067224605113,0.03669511913219931,0.11097813073152855,0.00898587652246252,0.19001344492102284,0.07339023826439854,26934.0,61.06144446375307,0.17066035212134645,0.0008225438545679724,0.0,0.0,0.0,0.0,0.0,0.0,0.0,0.0,0.0,0.0,0.0,0.0,0.0,0.0
default,gbdt,most_risky,0.01,0,0.8183999999999999,0.011436782764396608,0.6341978977114602,0.0628637836776646,0.37256137121732197,0.03168603801842743,0.26839579542292036,0.12572756735532928,5000.0,0.0,0.22012,0.006388427036446456,0.0,0.0,0.0,0.0,0.0,0.0,0.0,0.0,0.0,0.0,0.0,0.0,0.0,0.0
default,gbdt,most_risky,0.01,1,0.8278020295500672,0.01199620742058836,0.6529551648267923,0.02034486733611907,0.2897091340737129,0.021909368373576682,0.3059103296535845,0.04068973467223813,7181.6,19.46278500112456,0.2026244085426899,0.004498461082694707,4.0,0.0,3.0,0.7071067811865476,3.0,0.7071067811865476,3.0,0.7071067811865476,0.75,0.1767766952966369,0.6734936144963058,0.012133251129483201,0.9217274450797573,0.0175840880860483
default,gbdt,most_risky,0.01,2,0.8260951751068631,0.009653651279091706,0.6439146680022754,0.03450505192032751,0.2410969742163404,0.020553186082259565,0.28782933600455063,0.06901010384065503,9376.2,43.88849507558914,0.19231099548702513,0.0029452111234944756,3.6,0.5477225575051661,3.2,0.8366600265340756,3.2,0.8366600265340756,6.2,1.3038404810405297,0.9,0.22360679774997896,0.6521423089171771,0.02215758549083298,0.915805711666958,0.017515171230295626
default,gbdt,most_risky,0.01,3,0.8286759021789883,0.0026008126312147294,0.64328303468968,0.0586408610751934,0.21303539657644838,0.015988455590220427,0.2865660693793598,0.11728172215038678,11578.8,44.59484275115229,0.1868066487360481,0.0005454360008585261,3.6,0.5477225575051662,3.0,0.7071067811865476,3.0,0.7071067811865476,9.2,1.6431676725154982,0.85,0.22360679774997896,0.683566347226012,0.040785504669410735,0.9242148535652062,0.013501729496015717
default,gbdt,most_risky,0.01,4,0.8294768849817873,0.009557094311178675,0.6429653622837161,0.06287522953934949,0.19292723647579715,0.009157106323630032,0.2859307245674322,0.12575045907869897,13777.0,48.62612466565683,0.18255082869965059,0.0010204298621806233,3.8,0.447213595499958,2.8,0.447213595499958,2.8,0.447213595499958,12.0,2.0,0.75,0.1767766952966369,0.6546688240236472,0.03159790048708389,0.9180631879495611,0.016142457193401797
default,gbdt,most_risky,0.01,5,0.8318459657629678,0.004065421698811557,0.6444780068073199,0.03875126826194638,0.17691198362451482,0.006980233444382614,0.28895601361463985,0.07750253652389279,15977.8,60.04331769647639,0.1792375836394132,0.0010024356625976166,3.4,0.5477225575051662,2.4,0.8944271909999159,2.4,0.8944271909999159,14.4,1.8165902124584952,0.7,0.2400810048481322,0.6740055065911913,0.03162846758515219,0.9142344036844339,0.01591501557878155
default,gbdt,most_risky,0.01,6,0.8333381202868445,0.0024786763633278105,0.6261497826306743,0.02592259455701771,0.16044945829856144,0.011862550758337906,0.2522995652613487,0.05184518911403545,18185.0,64.45153217728807,0.17659625038572685,0.0006799973488857628,3.2,0.4472135954999579,1.6,0.5477225575051662,1.6,0.5477225575051662,16.0,1.8708286933869707,0.5,0.16666666666666669,0.6602019242317745,0.019230506965055787,0.9168027400896431,0.02005018987191943
default,gbdt,most_risky,0.01,7,0.8418193719796774,0.004362840049507918,0.6515268547975775,0.024358851939898597,0.1542903738520513,0.018844232375602524,0.30305370959515504,0.04871770387979713,20365.4,69.29141360948003,0.17447191975185908,0.00043195307055700273,4.0,0.0,3.0,0.7071067811865476,3.0,0.7071067811865476,19.0,1.5811388300841893,0.75,0.1767766952966369,0.6568431914663592,0.020217427512166947,0.9000231943761119,0.028142403566214357
default,gbdt,most_risky,0.01,8,0.8371811976810462,0.004353340511836422,0.6380594538963142,0.026657671242719224,0.13713930579274863,0.018352798629330588,0.27611890779262865,0.05331534248543848,22563.2,75.91244957185907,0.1736534751090294,0.0005361450599092948,3.8,0.447213595499958,2.2,0.447213595499958,2.2,0.447213595499958,21.2,1.6431676725154982,0.5833333333333333,0.11785113019775788,0.6585205875995349,0.031246873637194358,0.9054810883752605,0.021732680948748556
default,gbdt,most_risky,0.01,9,0.8379979340875057,0.005176912552763747,0.6399385372772584,0.04459164276106579,0.12310563972395447,0.006926606441401397,0.2798770745545165,0.0891832855221315,24769.0,83.62714870184203,0.1728912741472008,0.0010364449170644826,3.4,0.5477225575051661,2.8,1.0954451150103321,2.8,1.0954451150103321,24.0,2.0000000000000004,0.8166666666666667,0.29107081994288303,0.6604832841508073,0.04241642706618737,0.9112607306671958,0.030593517164304085
default,gbdt,most_risky,0.01,10,0.83687181506779,0.004463281597064778,0.6076121367103232,0.048865761926037136,0.11808073982315379,0.018380841523223796,0.21522427342064643,0.09773152385207426,26977.4,72.1027045262518,0.17169757293926097,0.0009885137563577459,3.2,0.447213595499958,2.4,0.5477225575051661,2.4,0.5477225575051661,26.4,2.5099800796022262,0.7666666666666666,0.22360679774997896,0.6676369808782974,0.031070282262346514,0.9069689988835092,0.03571829722387937
default,gbdt,most_risky,0.02,0,0.8183999999999999,0.011436782764396608,0.6341978977114602,0.0628637836776646,0.37256137121732197,0.03168603801842743,0.26839579542292036,0.12572756735532928,5000.0,0.0,0.22012,0.006388427036446456,0.0,0.0,0.0,0.0,0.0,0.0,0.0,0.0,0.0,0.0,0.0,0.0,0.0,0.0
default,gbdt,most_risky,0.02,1,0.8242558860796241,0.012822895183435762,0.6576161618601922,0.04647032163287257,0.30070056081546614,0.023621123387291103,0.31523232372038457,0.09294064326574515,7184.8,19.084024732744368,0.2029241104643284,0.004407314204587644,7.2,0.4472135954999579,5.8,1.3038404810405297,5.8,1.3038404810405297,5.8,1.3038404810405297,0.8,0.12777531299998798,0.6734936144963058,0.012133251129483201,0.9132682197384987,0.01734501753547292
default,gbdt,most_risky,0.02,2,0.827412955971468,0.011427232199244445,0.6594638948041481,0.024382788358167175,0.2486303754624461,0.01846391190836639,0.3189277896082964,0.048765576716334254,9389.8,37.85102376422585,0.19305653966464636,0.00289679346494829,6.6,0.5477225575051662,5.2,1.3038404810405297,5.2,1.3038404810405297,11.0,2.345207879911715,0.780952380952381,0.1452185779235896,0.6520401524278567,0.026155771563664037,0.9065187738590067,0.026467730572032593
default,gbdt,most_risky,0.02,3,0.8267160466984386,0.005507529007557296,0.6314938203163758,0.040953337875661744,0.2141974502447921,0.007274016966532846,0.2629876406327517,0.08190667575132342,11597.4,36.80081520836205,0.187404032295423,0.0008963523889878239,6.6,0.547722557505166,5.2,0.8366600265340756,5.2,0.8366600265340756,16.2,2.4899799195977463,0.7904761904761906,0.13718914562750414,0.6919243523795104,0.03885819073691154,0.9145472998518722,0.015690778137306464
default,gbdt,most_risky,0.02,4,0.825687778820606,0.0036191182417964793,0.6509988054567317,0.04699425132222056,0.18148729522075985,0.005683692672920416,0.30199761091346333,0.09398850264444106,13794.4,37.76638717166381,0.18297192608327734,0.0013482150464550803,6.8,0.44721359549995787,5.4,0.8944271909999159,5.4,0.8944271909999159,21.6,2.966479394838265,0.7952380952380953,0.12553739358537208,0.6588491100246348,0.028228116366717078,0.9076571266342353,0.01010224270439336
default,gbdt,most_risky,0.02,5,0.8304601166206236,0.007962535426151211,0.6546703558386598,0.0537790932068938,0.17803843150714987,0.014847132114403491,0.30934071167731964,0.10755818641378753,15998.0,59.312730505347666,0.1797589312768994,0.001572413487859333,6.8,0.44721359549995787,5.4,1.1401754250991378,5.4,1.1401754250991378,27.0,2.5495097567963922,0.7952380952380953,0.1611326125303679,0.6732707271871433,0.03469178574390175,0.901054690293078,0.021989905889942464
default,gbdt,most_risky,0.02,6,0.8324712053725201,0.004724828488003081,0.6293071833395377,0.030763757131326456,0.16598677197111228,0.011915862951255537,0.2586143666790754,0.06152751426265287,18209.8,70.43578635892406,0.17711221780514666,0.0010464455387721296,6.4,0.5477225575051661,4.8,0.8366600265340756,4.8,0.8366600265340756,31.8,2.7748873851023217,0.7571428571428571,0.16530052340675983,0.6686506286383226,0.024233723281519674,0.897110069465131,0.025219441005986363
default,gbdt,most_risky,0.02,7,0.8389707865117593,0.00764061944963897,0.6456573336708269,0.04614571398410353,0.15299591846948174,0.016934533962017065,0.29131466734165384,0.09229142796820705,20398.8,76.42447252026037,0.17533285152293193,0.0006310295325981468,7.0,0.0,6.6,0.5477225575051663,6.6,0.5477225575051663,38.4,3.2093613071762417,0.9428571428571428,0.07824607964359516,0.6495270486083385,0.01637553545574987,0.8909372496263088,0.017425750907414637
default,gbdt,most_risky,0.02,8,0.8326587034438055,0.006221981748908994,0.6364699543912369,0.02291953075148524,0.13026912593907083,0.008388864933468567,0.2729399087824739,0.04583906150297045,22604.0,78.02884082183999,0.17447259890557615,0.00037504312086733413,6.6,0.5477225575051662,4.8,1.0954451150103321,4.8,1.0954451150103321,43.2,3.7013511046643495,0.7238095238095237,0.12777531299998796,0.6700362120099762,0.027181199582384245,0.8905091578689731,0.01908736642650208
default,gbdt,most_risky,0.02,9,0.8383491577069456,0.003760201808688576,0.6399882551122353,0.053026436485509046,0.12738050943961218,0.010238016535064924,0.2799765102244706,0.10605287297101813,24815.4,73.22772698916751,0.17385043676219156,0.0007046478022431198,6.4,0.5477225575051662,5.6,0.547722557505166,5.6,0.547722557505166,48.8,3.8340579025361636,0.8761904761904763,0.07022800573215535,0.6547627420145415,0.040991638796490065,0.8932226118133417,0.015374691409927543
default,gbdt,most_risky,0.02,10,0.8350650851942717,0.004878117907104601,0.6149602266754436,0.04885348786078955,0.12583447231727884,0.01408734977679024,0.22992045335088712,0.09770697572157913,27026.4,65.0638148282134,0.17266698033801556,0.0007561197623979066,6.4,0.5477225575051663,5.4,0.8944271909999159,5.4,0.8944271909999159,54.2,4.086563348340509,0.8476190476190476,0.15576597365520123,0.6671046159788672,0.028770446607361725,0.8998145709404503,0.028568435069867403
default,gbdt,most_risky,0.05,0,0.8183999999999999,0.011436782764396608,0.6341978977114602,0.0628637836776646,0.37256137121732197,0.03168603801842743,0.26839579542292036,0.12572756735532928,5000.0,0.0,0.22012,0.006388427036446456,0.0,0.0,0.0,0.0,0.0,0.0,0.0,0.0,0.0,0.0,0.0,0.0,0.0,0.0
default,gbdt,most_risky,0.05,1,0.8210039207823001,0.013595781219732952,0.6268051524738324,0.047636522531999154,0.277123904061899,0.02756809283113183,0.25361030494766473,0.09527304506399842,7194.4,18.63598669241854,0.2037099721363549,0.004337551197455005,16.8,0.8366600265340757,13.4,2.8809720581775866,13.4,2.8809720581775866,13.4,2.8809720581775866,0.7948529411764705,0.1438623188399482,0.6734936144963058,0.012133251129483201,0.894663030139397,0.01524611039541198
default,gbdt,most_risky,0.05,2,0.8292832792922079,0.004090937347031077,0.668486549881174,0.01232469569637368,0.25694991555550994,0.020927771557483602,0.3369730997623479,0.024649391392747414,9404.6,34.1804037424956,0.19394494531334677,0.002580226529705832,16.0,0.9999999999999999,13.8,2.16794833886788,13.8,2.16794833886788,27.2,4.658325879540846,0.8611764705882352,0.11330551256333261,0.6594433228205375,0.02753783568411872,0.8882367056333734,0.027031412067703795
default,gbdt,most_risky,0.05,3,0.8283645044989424,0.00647465251549921,0.6273833875181508,0.04697089471482873,0.22177339375259902,0.01217005461848215,0.25476677503630174,0.09394178942965742,11621.0,33.45893004864307,0.18889903834104266,0.0010973425670878886,15.2,1.095445115010332,12.4,1.5165750888103102,12.4,1.5165750888103102,39.6,5.029910535983716,0.8160714285714287,0.08784552768749178,0.6805798423040436,0.03514299229272934,0.8785911095675626,0.013947654570683267
default,gbdt,most_risky,0.05,4,0.83043845170388,0.005743337767022144,0.661521463175417,0.05542616476948635,0.1984292594466805,0.005675324730640932,0.32304292635083415,0.11085232953897274,13829.0,38.897300677553446,0.18469881158873838,0.0008736824727386894,15.8,0.44721359549995804,13.0,1.2247448713915892,13.0,1.2247448713915892,52.6,5.029910535983717,0.825,0.10269797953221864,0.6606909091507935,0.03530037619537855,0.8943606328314495,0.014172951688083513
default,gbdt,most_risky,0.05,5,0.8340436613618973,0.00545428927733444,0.6653977598667881,0.04364465662446146,0.19155129618136185,0.01948323858505173,0.33079551973357624,0.08728931324892289,16038.4,52.46236746468857,0.18134090769543545,0.0010719815870796454,15.8,1.3038404810405297,11.8,1.7888543819998315,11.8,1.7888543819998315,64.4,5.458937625582473,0.7438375350140056,0.058422838310994124,0.6783845919112195,0.025833181104537636,0.8728626847118834,0.013659078170057083
default,gbdt,most_risky,0.05,6,0.8357253458050053,0.004653943994710538,0.6460740826858729,0.03384740100462308,0.16944790225455342,0.015823680123852196,0.2921481653717457,0.06769480200924614,18254.6,61.67090075554266,0.1787493576101152,0.0005535577125607054,15.2,0.8366600265340756,11.4,1.5165750888103102,11.4,1.5165750888103102,75.8,6.379655163094632,0.749642857142857,0.0837083398939464,0.6627708444773227,0.015245893882872289,0.8791951094936648,0.02280674106571329
default,gbdt,most_risky,0.05,7,0.8360431594361792,0.005316263417505052,0.6351995775336363,0.02362644995228099,0.1597653156018143,0.016222159695823593,0.2703991550672726,0.04725289990456199,20454.0,66.58453273846732,0.17692357559146732,0.0006346692528739031,16.6,0.547722557505166,14.4,1.140175425099138,14.4,1.140175425099138,90.2,6.760177512462229,0.8676470588235293,0.065612383446966,0.6623968623032839,0.02224403701112384,0.8750493935245911,0.02271436080885209
default,gbdt,most_risky,0.05,8,0.8379789269222467,0.004097855776608257,0.6353022542621112,0.027122197537660788,0.14991833032571647,0.009431516579617867,0.27060450852422224,0.05424439507532162,22667.2,69.16429714816726,0.17621870160934672,0.0005633609666380764,15.6,0.5477225575051662,11.6,2.0736441353327724,11.6,2.0736441353327724,101.8,7.049822692805827,0.7408333333333333,0.11017662587358938,0.6621569511525311,0.030209108546289425,0.8798911918829371,0.012589552087470259
default,gbdt,most_risky,0.05,9,0.8357485719621576,0.0034728030416938827,0.6348732549324337,0.03240780101681425,0.13886555855072538,0.012562823159955156,0.2697465098648675,0.06481560203362854,24886.6,73.50714251009869,0.17560256102500574,0.0011701103339000847,15.4,1.140175425099138,12.2,0.8366600265340758,12.2,0.8366600265340758,114.0,6.442049363362563,0.795203081232493,0.07330863380098478,0.6564805556566589,0.03615619378095299,0.8715468335849275,0.014299097382317709
default,gbdt,most_risky,0.05,10,0.8377596236975915,0.001781926519446876,0.6446013184689878,0.03371840780004856,0.13953518748090563,0.021119630315829637,0.28920263693797565,0.06743681560009711,27106.0,70.26734661277582,0.17442445117465072,0.0010912122865423535,15.2,0.8366600265340752,12.4,0.5477225575051662,12.4,0.5477225575051662,126.4,6.9498201415576215,0.8172619047619047,0.04710661786534903,0.6717483189403165,0.03225066466862887,0.8719515781812476,0.005293990974406229
default,gbdt,most_risky,0.1,0,0.8183999999999999,0.011436782764396608,0.6341978977114602,0.0628637836776646,0.37256137121732197,0.03168603801842743,0.26839579542292036,0.12572756735532928,5000.0,0.0,0.22012,0.006388427036446456,0.0,0.0,0.0,0.0,0.0,0.0,0.0,0.0,0.0,0.0,0.0,0.0,0.0,0.0
default,gbdt,most_risky,0.1,1,0.8269522182772195,0.013164684358111219,0.6649669826025615,0.044836813419904385,0.2950126307336115,0.022848144263384884,0.3299339652051228,0.08967362683980876,7210.4,17.42985943718421,0.2048116765822027,0.0042043699738896784,32.8,2.0493901531919194,24.6,3.781534080237808,24.6,3.781534080237808,24.6,3.781534080237808,0.7481753014011079,0.08200363403632348,0.6734936144963058,0.012133251129483201,0.8709130082252827,0.014930899737875097
default,gbdt,most_risky,0.1,2,0.8251158143126206,0.002711027634062453,0.6674251273790823,0.04920481598660235,0.2653327209700269,0.020310640647378864,0.3348502547581645,0.09840963197320468,9442.8,38.79046274537067,0.19591417662214644,0.002232789548857522,30.4,2.701851217221259,23.4,4.8270073544588685,23.4,4.8270073544588685,48.0,8.031189202104505,0.7639941077441078,0.09974508842632746,0.6599073839964618,0.0288611195734568,0.8577741710032484,0.023963895622390836
default,gbdt,most_risky,0.1,3,0.8307178065570909,0.0065844250893284375,0.6725950770788671,0.04590360798167147,0.2424800311367385,0.01970212652734142,0.3451901541577342,0.09180721596334306,11675.8,37.95655411124672,0.19140602024247677,0.0008674950615396704,30.2,2.04939015319192,23.8,2.489979919597747,23.8,2.489979919597747,71.8,9.833615815151617,0.7919354838709678,0.10936105799534512,0.6774175751132749,0.04092670825442366,0.8566960541648247,0.00486439449882327
default,gbdt,most_risky,0.1,4,0.8290561285197455,0.004636746510451186,0.6606021453907615,0.0424869407209542,0.21138750903351614,0.008675481669573543,0.3212042907815229,0.08497388144190841,13902.8,41.05727706509541,0.18740143373840407,0.0011262012822244565,30.8,0.44721359549995765,22.8,1.6431676725154982,22.8,1.6431676725154982,94.6,11.013627921806693,0.7406451612903225,0.05867067119684987,0.6631427397595742,0.021950617920323927,0.8644105207832696,0.018881833863132177
default,gbdt,most_risky,0.1,5,0.833053549539765,0.003434786918599261,0.664173650789964,0.025281597445902478,0.20894321045731687,0.015168697349324581,0.3283473015799281,0.05056319489180496,16133.2,60.15563149032672,0.18442876583837442,0.001242716739129496,30.6,1.949358868961793,22.6,3.911521443121589,22.6,3.911521443121589,117.2,13.754999091239519,0.7359794372294373,0.09742383501633049,0.6754956943039755,0.026633387849139035,0.8353446883285768,0.016397081116062865
default,gbdt,most_risky,0.1,6,0.8322013648393289,0.0035191426595138405,0.646210189879394,0.031179721935771412,0.1919930892839081,0.008998433301212264,0.29242037975878804,0.062359443871542866,18364.2,69.96213261472265,0.18197395009212675,0.0006162317235633518,30.6,1.1401754250991378,23.8,1.3038404810405295,23.8,1.3038404810405295,141.0,13.820274961085254,0.7780682239525398,0.03978522268096738,0.6637811725458708,0.02978133149235034,0.8467213412562373,0.011803510851556339
default,gbdt,most_risky,0.1,7,0.836805248251616,0.005447474751139538,0.6717583730693526,0.01650365146677472,0.18216956378436158,0.012384069352675985,0.3435167461387051,0.03300730293354946,20574.2,72.77843087069117,0.18013819740007012,0.0004290752737668841,32.6,0.8944271909999157,26.8,1.3038404810405297,26.8,1.3038404810405297,167.8,13.809417076763232,0.8220922459893047,0.03382560999498012,0.6625191332030813,0.024315630976819963,0.8360599513498403,0.017623262697167894
default,gbdt,most_risky,0.1,8,0.8399281057039307,0.003545436446095472,0.6571430327667441,0.01741635958928841,0.17296352141008242,0.013476703600236822,0.3142860655334882,0.03483271917857675,22806.8,76.09664907208482,0.17948095444092832,0.00035130753759009877,30.0,1.5811388300841895,21.8,1.9235384061671343,21.8,1.9235384061671343,189.6,13.29661611087573,0.7263032999629218,0.04496746443333611,0.6686436749693329,0.02851170610490442,0.8360701825520384,0.015475152663202993
default,gbdt,most_risky,0.1,9,0.8344007604342185,0.005504104158320804,0.6450171080742664,0.03939437841287824,0.15958611754098104,0.011935049550043866,0.29003421614853264,0.07878875682575656,25038.4,78.08200817089674,0.17891556387740276,0.0007980351226883674,30.4,2.073644135332772,25.0,3.9370039370059056,25.0,3.9370039370059056,214.6,12.095453691366853,0.8213044857441408,0.10296658154014945,0.6584961436762006,0.0396708798770539,0.8411102530713821,0.007152517253122095
default,gbdt,most_risky,0.1,10,0.8348127692073465,0.007783420866073943,0.6515601054191608,0.024366366574142373,0.15604410061200238,0.02237711032902647,0.3031202108383214,0.04873273314828473,27272.2,74.30814221873692,0.17775468926753105,0.0007199218517155155,30.0,0.9999999999999996,24.6,1.1401754250991383,24.6,1.1401754250991383,239.2,12.31665539016173,0.820296625880608,0.03607271727603733,0.6766359947968621,0.030535554277684084,0.8441607384555219,0.018939655801411465
default,gbdt,most_risky,0.15,0,0.8183999999999999,0.011436782764396608,0.6341978977114602,0.0628637836776646,0.37256137121732197,0.03168603801842743,0.26839579542292036,0.12572756735532928,5000.0,0.0,0.22012,0.006388427036446456,0.0,0.0,0.0,0.0,0.0,0.0,0.0,0.0,0.0,0.0,0.0,0.0,0.0,0.0
default,gbdt,most_risky,0.15,1,0.8243198147423051,0.013600349948531022,0.6638588929985365,0.03754390828517378,0.29835817931462644,0.02454608518178133,0.3277177859970731,0.0750878165703475,7226.4,16.531787562148207,0.20615766317338755,0.0040413683820064205,48.8,2.9495762407505253,37.6,5.128352561983235,37.6,5.128352561983235,37.6,5.128352561983235,0.7687082419514155,0.06968311363350535,0.6734936144963058,0.012133251129483201,0.8533051631393324,0.015260698360078522
default,gbdt,most_risky,0.15,2,0.8311964310709701,0.006994983140060034,0.6870787955346133,0.032061647604722084,0.2758591390772123,0.021221784032497807,0.3741575910692266,0.06412329520944429,9470.0,44.514042728109885,0.19792617740892357,0.0022790726221028072,45.8,5.06951674225463,35.8,6.058052492344383,35.8,6.058052492344383,73.4,10.99090533122727,0.7790498228059204,0.062425413166388576,0.6537727012740839,0.01787498855319551,0.8422667229949807,0.0230684208146816
default,gbdt,most_risky,0.15,3,0.826106441321486,0.0063625247630400205,0.6486338834318299,0.05071682281869415,0.24356949636753483,0.02434393699103295,0.29726776686365974,0.10143364563738824,11717.0,46.561786907291264,0.19363444893427278,0.0006260325922265047,45.0,4.301162633521313,35.0,2.2360679774997902,35.0,2.2360679774997902,108.4,9.736529155710466,0.7820514951374014,0.07016547169492462,0.6816263440540857,0.037110240024955665,0.8371809837896945,0.019273263704887925
default,gbdt,most_risky,0.15,4,0.8337554898639157,0.008673533333346304,0.6842456289767974,0.05488842902705571,0.23682478121634412,0.009945769397289778,0.36849125795359483,0.10977685805411136,13952.8,50.43510682054727,0.18995528255243285,0.0012881641187220889,47.0,1.2247448713915885,35.8,3.271085446759226,35.8,3.271085446759226,144.2,11.388590782006352,0.7616843971631206,0.06595626714799577,0.6541420862490602,0.029385298155793344,0.8465450931661238,0.013927521105132878
default,gbdt,most_risky,0.15,5,0.831569412742388,0.00653763617011626,0.6670592057086588,0.0373029697669286,0.21724320529460903,0.011959027404587859,0.3341184114173178,0.07460593953385726,16195.6,60.40943634896788,0.18707766536886988,0.001453183696618702,46.0,2.73861278752583,35.4,2.3021728866442674,35.4,2.3021728866442674,179.6,12.581732790041283,0.7700473232771369,0.036602827425629696,0.6807382617947755,0.029860327328420835,0.8307460194017754,0.022395045874860017
default,gbdt,most_risky,0.15,6,0.8351750238522151,0.0067846433176489765,0.6719963145055468,0.019394896243663976,0.20900794656402608,0.01759395749648104,0.3439926290110934,0.03878979248732795,18441.6,69.85198637118343,0.1849305925001005,0.0006866199104147623,45.4,2.1908902300206643,36.0,0.7071067811865481,36.0,0.7071067811865481,215.6,12.177848742696717,0.7947434477667036,0.047663249492280964,0.6572944824775488,0.016567204610080405,0.8364747586058323,0.015018285352765342
default,gbdt,most_risky,0.15,7,0.8346957799457971,0.006286470340917023,0.6859690374984493,0.00745402468550973,0.19675181483087142,0.013398356582898435,0.3719380749968985,0.014908049371019522,20667.8,74.29468352446223,0.18329026666226156,0.00047338075227686545,48.8,1.095445115010332,39.4,3.9115214431215892,39.4,3.9115214431215892,255.0,11.93733638631332,0.8071666666666667,0.07549052552767428,0.6601664695997433,0.02041661590064591,0.833274564387998,0.01411341916727292
default,gbdt,most_risky,0.15,8,0.8370051442441824,0.003333541975583057,0.67652218196528,0.0164349421872387,0.1877774252582344,0.014564560371277926,0.35304436393056016,0.03286988437447734,22911.4,72.0159704510046,0.18266016591105408,0.0003896564716402506,45.8,2.387467277262665,33.2,2.3874672772626635,33.2,2.3874672772626635,288.2,12.194260945215168,0.7252966821672431,0.04422778984449301,0.6641145980739689,0.03008020465345442,0.8271812342797235,0.017466776829535072
default,gbdt,most_risky,0.15,9,0.8354422552993593,0.0018175857555362113,0.6847423937502958,0.03065176709743443,0.18284057596575082,0.01326562798297446,0.3694847875005915,0.061303534194868774,25162.6,81.97743591989176,0.18213373242952566,0.0008981029465847336,44.6,2.8809720581775866,33.6,4.6690470119715,33.6,4.6690470119715,321.8,9.523654760647302,0.7536298101274387,0.09251680697405242,0.6606135616515318,0.04754009233577434,0.8347770492179606,0.007485009856385424
default,gbdt,most_risky,0.15,10,0.8374753547894883,0.0036344665608311184,0.6643483688625701,0.021068879817893713,0.176717802003426,0.012148238274171361,0.32869673772514024,0.04213775963578736,27409.4,81.62291344959469,0.18103085058963406,0.0009564618371289677,45.0,1.9999999999999993,36.4,2.190890230020665,36.4,2.190890230020665,358.2,8.04363102087608,0.8093990873604927,0.04491399816697598,0.6754946387851419,0.029914892529940517,0.8221126220099855,0.016158289399116628
default,gbdt,most_risky,0.2,0,0.8183999999999999,0.011436782764396608,0.6341978977114602,0.0628637836776646,0.37256137121732197,0.03168603801842743,0.26839579542292036,0.12572756735532928,5000.0,0.0,0.22012,0.006388427036446456,0.0,0.0,0.0,0.0,0.0,0.0,0.0,0.0,0.0,0.0,0.0,0.0,0.0,0.0
default,gbdt,most_risky,0.2,1,0.8247095178000908,0.012663635771908151,0.6444052421005946,0.029717947322157906,0.30416882299699677,0.023608741274721956,0.2888104842011891,0.0594358946443158,7242.6,15.533834040570941,0.20735373107113678,0.00404636839781235,65.0,3.937003937005906,49.6,5.224940191045252,49.6,5.224940191045252,49.6,5.224940191045252,0.7620025372769654,0.044743191800732725,0.6734936144963058,0.012133251129483201,0.8392999278212642,0.01648172505006755
default,gbdt,most_risky,0.2,2,0.8315299674788644,0.01001793972767659,0.6887341698708626,0.03320708532871906,0.29106039558094277,0.026412856216352223,0.377468339741725,0.06641417065743808,9494.8,32.236625133534076,0.19928621397390622,0.0020088089189720408,62.4,4.33589667773576,47.6,6.693280212272604,47.6,6.693280212272604,97.2,11.691877522451215,0.7610750512987753,0.07250548223568111,0.6562471339373539,0.03065237773644789,0.8284582721538303,0.01665242264847421
default,gbdt,most_risky,0.2,3,0.8331692308092695,0.006638252808246127,0.6587784306588896,0.05596602524495477,0.25828050161859534,0.024094273652500133,0.31755686131777944,0.1119320504899096,11752.8,38.16018867877865,0.19525690537487325,0.0006598641419439748,61.0,3.1622776601683786,47.0,4.062019202317981,47.0,4.062019202317981,144.2,14.481022063376601,0.7714095613711004,0.06801487413871292,0.6817387412265786,0.032616515155781144,0.8232409496204507,0.014119065994275965
default,gbdt,most_risky,0.2,4,0.8277549156605236,0.006990343126321158,0.6602157830188602,0.04045902729608759,0.24017286752380224,0.017839340314777217,0.3204315660377206,0.08091805459217519,14005.8,49.83673344030495,0.19192049024074048,0.0010486908290794957,62.2,3.346640106136302,46.4,4.929503017546495,46.4,4.929503017546495,190.6,15.899685531481435,0.7471353044434246,0.08262495460778017,0.6556493341945611,0.03129406293095891,0.8333652809333986,0.011505622781067195
default,gbdt,most_risky,0.2,5,0.8287433308031382,0.007960707382886264,0.6750150120505912,0.02881592932184699,0.23559816344706733,0.029874014295058152,0.35003002410118245,0.05763185864369394,16264.2,67.81371542689567,0.18935083865631958,0.0013191408315355174,60.8,4.266145801540309,45.8,6.870225614927067,45.8,6.870225614927067,236.4,22.41205033012375,0.75030487192769,0.06498770889156247,0.676071763461121,0.025775760174184207,0.8227941404710064,0.012015084032456842
default,gbdt,most_risky,0.2,6,0.8324289558690786,0.002474356039013235,0.6743706694235165,0.014936598891925234,0.2228222888045852,0.006691344870628161,0.34874133884703284,0.029873197783850478,18528.4,81.50337416328246,0.18735644978845162,0.00042097520826568484,59.8,4.08656334834051,46.4,3.361547262794323,46.4,3.361547262794323,282.8,23.424346308915432,0.7767145342760433,0.04389311711224282,0.6637014865051354,0.023545498753376543,0.8173260510901569,0.021246996657436703
default,gbdt,most_risky,0.2,7,0.8379497903865103,0.004383207918212341,0.6824329703517639,0.02413904666971499,0.213517846538344,0.017463783188076714,0.3648659407035276,0.048278093339430006,20774.8,88.39230735759726,0.18592657548997021,0.00035773371281592597,63.8,2.280350850198276,50.2,2.5884358211089578,50.2,2.5884358211089578,333.0,23.36664289109584,0.7874652961396087,0.04584662547984109,0.663059478985385,0.026211474814236913,0.8161613606782598,0.013247812782405045
default,gbdt,most_risky,0.2,8,0.8387719189932884,0.009538136066690153,0.6808141828388891,0.04127507729648377,0.20500654094526868,0.023686208635375152,0.3616283656777782,0.08255015459296755,23034.2,92.44295538330634,0.18542772056603685,0.0007241145925842592,60.6,3.361547262794322,45.4,3.9749213828703582,45.4,3.9749213828703582,378.4,26.044193210771578,0.7486818919233837,0.03779169460898777,0.667363486316199,0.021726033763675292,0.8153853618276076,0.012783755037114455
default,gbdt,most_risky,0.2,9,0.8344048637617917,0.0039884200753574515,0.6811431366366378,0.04327788535457482,0.20047944858134517,0.0177747922163401,0.3622862732732758,0.08655577070914962,25301.4,96.99639168546439,0.18503047396340616,0.001246961511085522,58.6,5.128352561983234,45.0,7.713624310270756,45.0,7.713624310270756,423.4,22.142718893577644,0.764820075103094,0.07793705834752704,0.6611274050607484,0.04323096147609008,0.8172166856589834,0.01595805189261382
default,gbdt,most_risky,0.2,10,0.8360187090730259,0.004424757272578105,0.689702033230778,0.015788486825493362,0.19053432332564274,0.0106366307760226,0.37940406646155617,0.03157697365098675,27566.6,89.52541538579946,0.18406805815090274,0.0012161728299650897,59.2,3.4928498393145966,47.8,4.816637831516917,47.8,4.816637831516917,471.2,18.430952227163957,0.8061893161848559,0.04428636001145727,0.6777032530074469,0.032501149479907857,0.8128815963807707,0.017177434696371074
default,gbdt,most_risky,0.3,0,0.8183999999999999,0.011436782764396608,0.6341978977114602,0.0628637836776646,0.37256137121732197,0.03168603801842743,0.26839579542292036,0.12572756735532928,5000.0,0.0,0.22012,0.006388427036446456,0.0,0.0,0.0,0.0,0.0,0.0,0.0,0.0,0.0,0.0,0.0,0.0,0.0,0.0
default,gbdt,most_risky,0.3,1,0.8238245753261481,0.010287277208471765,0.6758398748608341,0.049330384838383326,0.3089781170864191,0.03923598212724563,0.35167974972166816,0.09866076967676662,7274.8,13.663820841916811,0.20954305313104865,0.0038894189954871796,97.2,5.805170109479996,72.2,7.661592523751182,72.2,7.661592523751182,72.2,7.661592523751182,0.7419655311775776,0.051026345261409686,0.6734936144963058,0.012133251129483201,0.8152346893986009,0.017477310741151473
default,gbdt,most_risky,0.3,2,0.830337303676792,0.0055091514442298355,0.6869130882891632,0.02290887612883181,0.30518374676002546,0.01934425271704642,0.3738261765783264,0.045817752257663505,9563.6,34.8611531650919,0.203163556369185,0.002204415883686593,91.2,9.731392500562292,70.0,8.0,70.0,8.0,142.2,15.498387012847498,0.7674603804918307,0.025832520032045427,0.6539857875859003,0.023637048067593248,0.8100535277192533,0.023800206192079256
default,gbdt,most_risky,0.3,3,0.8273352798860956,0.007069883719512585,0.6749101103059187,0.040548482144866706,0.26841251091118623,0.019814544157019814,0.34982022061183754,0.08109696428973345,11853.2,33.086250920888766,0.19989587594749256,0.0008356643007725392,91.2,7.224956747275378,69.6,3.3615472627943217,69.6,3.3615472627943217,211.8,14.618481453283716,0.7662477661843546,0.059363632004529356,0.68073739104484,0.03194436174183356,0.8024080647796223,0.018380442038659506
default,gbdt,most_risky,0.3,4,0.8288750126591278,0.0054502024460036545,0.6837018411146698,0.03750797661401772,0.2664331784862284,0.019857386427795966,0.3674036822293396,0.07501595322803552,14138.4,36.93643187964964,0.1968683095758174,0.0012332388045932876,92.8,1.7888543819998322,68.0,3.7416573867739404,68.0,3.7416573867739404,279.8,14.855975228843109,0.7332130743139069,0.04725676483910979,0.6607828014987087,0.029695032009014886,0.8042485608434433,0.013278920355907962
default,gbdt,most_risky,0.3,5,0.8314675359383381,0.006258445833499178,0.6771439585338922,0.029150242166681363,0.2606050498287685,0.019564284532211804,0.35428791706778445,0.0583004843333627,16427.6,53.71498859722507,0.19469905638598056,0.0017535122566274773,90.8,7.791020472312981,69.6,8.734987120768984,69.6,8.734987120768984,349.4,23.233596363886505,0.7648005304113352,0.03693519806185995,0.6795303343835017,0.02484114835372915,0.7901513966303277,0.009990435917046769
default,gbdt,most_risky,0.3,6,0.832780475685998,0.004285831890152025,0.6873581632923789,0.015683077928579897,0.24848494597099294,0.010828930413652654,0.37471632658475773,0.031366155857159704,18723.4,57.496086823365516,0.19317173390489795,0.0010474808543411574,88.4,4.827007354458868,68.6,4.159326868617084,68.6,4.159326868617084,418.0,25.563646062328434,0.7761596901985275,0.024829784224342108,0.6551947083050422,0.023954594669943725,0.8047150304380027,0.01841878776096765
default,gbdt,most_risky,0.3,7,0.8334420172881452,0.006660492553517935,0.6816795581333517,0.03634648600412316,0.23680587121794744,0.01890025912151785,0.36335911626670353,0.07269297200824631,21004.0,55.18604896167146,0.19199294488696841,0.0004964049971459239,94.6,3.6469165057620923,72.6,7.924645102463579,72.6,7.924645102463579,490.6,21.755459085020476,0.7660874660009,0.05916423933254939,0.6624506138476431,0.03052122743716943,0.8022537612959452,0.00435875303256649
default,gbdt,most_risky,0.3,8,0.8360057499991468,0.003968726517710531,0.6896291144070383,0.021693150675792736,0.2386539653698069,0.006501032385452258,0.3792582288140768,0.04338630135158549,23290.4,54.16917942889654,0.19153033388321203,0.0005428501068933237,92.2,5.93295878967653,67.2,6.870225614927066,67.2,6.870225614927066,557.8,24.23220996937754,0.7294304062395354,0.06260037029194639,0.6644247335528088,0.022924826359517696,0.7937435815183905,0.006363901138409689
default,gbdt,most_risky,0.3,9,0.8322888440083549,0.0021230463413488315,0.6767142267506878,0.029812952852401747,0.2234562936051522,0.01770202134990123,0.3534284535013758,0.05962590570480356,25584.4,54.743036086793815,0.19117104223424655,0.0006157161655943179,89.0,5.5677643628300215,65.6,4.827007354458866,65.6,4.827007354458866,623.4,22.678183348760538,0.7371496641704678,0.03266405869541047,0.6552031757683263,0.04073814990359662,0.8021834011899353,0.01822467319613432
default,gbdt,most_risky,0.3,10,0.8318257676346758,0.006212171296384602,0.6848653844646765,0.022952504615546925,0.21981627726973177,0.006350266249590327,0.36973076892935286,0.04590500923109386,27875.4,49.04385792329173,0.19023912169330165,0.0005516333407128053,90.2,4.207136793592526,69.6,4.03732584763727,69.6,4.03732584763727,693.0,19.51922129594313,0.7714900060011128,0.022230421901864392,0.6736589062323192,0.03380169624106985,0.7950780195320688,0.00978503529554941
default,gbdt,most_risky,0.5,0,0.8183999999999999,0.011436782764396608,0.6341978977114602,0.0628637836776646,0.37256137121732197,0.03168603801842743,0.26839579542292036,0.12572756735532928,5000.0,0.0,0.22012,0.006388427036446456,0.0,0.0,0.0,0.0,0.0,0.0,0.0,0.0,0.0,0.0,0.0,0.0,0.0,0.0
default,gbdt,most_risky,0.5,1,0.8237275483981616,0.017304947332483136,0.6801488317003518,0.015870290554545127,0.33895595937814454,0.02945564108981024,0.36029766340070346,0.031740581109090275,7338.8,9.73139250056234,0.2140390059803498,0.003978514628664552,161.2,9.73139250056229,118.6,9.528903399657278,118.6,9.528903399657278,118.6,9.528903399657278,0.7356486830357357,0.03756975720667187,0.6734936144963058,0.012133251129483201,0.7755238502234884,0.018723168064738407
default,gbdt,most_risky,0.5,2,0.829798517356703,0.00676488808149356,0.6679676560473945,0.04509865116972641,0.3405280445807608,0.017729516258857145,0.3359353120947891,0.09019730233945278,9687.6,21.090282122342547,0.20946346163872448,0.001994353874856125,151.8,12.214745187681975,110.8,11.966620241321275,110.8,11.966620241321275,229.4,20.959484726490775,0.7287050605200397,0.021674451441972612,0.6556083166239948,0.024417593572784137,0.7708448531287311,0.013680981808166461
default,gbdt,most_risky,0.5,3,0.8232700593212245,0.007923240000781998,0.6766051747015503,0.04088476797195373,0.3142807788363804,0.02188602969062482,0.3532103494031007,0.08176953594390748,12033.2,20.029977533686775,0.20746044411390066,0.0011448413759532873,154.8,9.576011695899291,114.2,6.648308055437863,114.2,6.648308055437863,343.6,21.36117974270148,0.7384257817120559,0.03144825816727368,0.6761819496789241,0.029527312061177393,0.7664633373696439,0.00784044528231402
default,gbdt,most_risky,0.5,4,0.8293729975962559,0.006387783313431984,0.6880365241960326,0.03009160862364344,0.30553168497583305,0.01357641187252524,0.3760730483920652,0.060183217247286876,14380.4,21.686401268997997,0.20522416744278976,0.0013849604295976716,153.2,6.5345237010818185,110.4,2.880972058177589,110.4,2.880972058177589,454.0,18.920887928424502,0.7215595345317232,0.03296335276288696,0.6700162648814421,0.030696834932313802,0.7661530574780826,0.018529469670464812
default,gbdt,most_risky,0.5,5,0.8296229691571693,0.003958784683534658,0.6973359711997819,0.018400515691697074,0.30034855997570553,0.01663334356177069,0.39467194239956377,0.03680103138339413,16730.2,32.39907406084302,0.20354998974691246,0.0019374715877990068,150.8,12.070625501605125,107.8,11.86170308176697,107.8,11.86170308176697,561.8,30.29356367283321,0.7138916857235204,0.03166154053549769,0.6774242029572248,0.031112306229067944,0.7564186358264442,0.00822031928159107
default,gbdt,most_risky,0.5,6,0.8280676444789853,0.00171977382440029,0.6655209144601054,0.020448320664085588,0.28895738506595203,0.0077907157342539555,0.3310418289202108,0.040896641328171134,19081.8,37.2451339103512,0.20215203116629832,0.0014778913724371916,149.0,5.5677643628300215,108.8,8.258329128825032,108.8,8.258329128825032,670.6,34.703025804675875,0.7301947399127228,0.04842517436795139,0.6667777404576548,0.026559612852155343,0.7512380283344502,0.015511387980465339
default,gbdt,most_risky,0.5,7,0.8319873858806371,0.009493997414392158,0.6843024490019352,0.039456272165301905,0.2858126478993027,0.028211149793358082,0.3686048980038703,0.07891254433060381,21425.2,39.71397738831997,0.20145544802952725,0.0009081529841010504,157.0,4.183300132670378,115.0,6.041522986797286,115.0,6.041522986797286,785.6,35.04711115056418,0.7323093913402744,0.028216477611838146,0.6618722064829027,0.02854090614821,0.760515950848043,0.003240397734882524
default,gbdt,most_risky,0.5,8,0.8342549948036145,0.00646943567078288,0.6891711771009407,0.023380651937561274,0.28785814465906784,0.02235326289931059,0.3783423542018813,0.04676130387512253,23776.2,42.24570984135559,0.2013030794407124,0.0008304178385790882,149.2,8.92748564826626,105.6,8.561541917201598,105.6,8.561541917201598,891.2,38.12741795611131,0.7079013114437187,0.03916093483151295,0.6704002788520652,0.026073324962372153,0.7577232651710728,0.01134522009019676
default,gbdt,most_risky,0.5,9,0.8288825577715475,0.0031288551004334535,0.6797712633361769,0.031648763986087756,0.27643623418046015,0.01649464292883035,0.35954252667235387,0.06329752797217547,26131.2,43.745856946686864,0.20118492759771733,0.0003853993343221498,145.4,9.370165420097983,104.4,8.561541917201598,104.4,8.561541917201598,995.6,35.94161932912873,0.7188521261347348,0.053334294593235965,0.6594445157318998,0.03694765568977833,0.7586103152146829,0.012571165373805133
default,gbdt,most_risky,0.5,10,0.8286632958431767,0.004498426980396489,0.6882367073360834,0.010014726473077776,0.27654091006392806,0.014221891212896612,0.37647341467216694,0.020029452946155483,28485.4,38.448667077026535,0.20050974152256335,0.0005275547092226329,146.2,8.228000972289681,107.0,6.284902544988268,107.0,6.284902544988268,1102.6,32.30015479839069,0.731973115080841,0.018022342259663617,0.6729008743203527,0.028786267778522202,0.7558066761624919,0.013427961889830406
default,gbdt,most_risky,0.75,0,0.8183999999999999,0.011436782764396608,0.6341978977114602,0.0628637836776646,0.37256137121732197,0.03168603801842743,0.26839579542292036,0.12572756735532928,5000.0,0.0,0.22012,0.006388427036446456,0.0,0.0,0.0,0.0,0.0,0.0,0.0,0.0,0.0,0.0,0.0,0.0,0.0,0.0
default,gbdt,most_risky,0.75,1,0.8215869983573135,0.011672629799368521,0.6830365759035709,0.01897088763605408,0.35811146920574155,0.030180508644063287,0.36607315180714195,0.03794177527210812,7419.6,4.979959839195557,0.2188791551504392,0.0041636474128855456,242.0,14.491376746189438,171.8,13.367871932360814,171.8,13.367871932360814,171.8,13.367871932360814,0.709868969572121,0.03532985164186536,0.6734936144963058,0.012133251129483201,0.7309654473108476,0.020296176319591522
default,gbdt,most_risky,0.75,2,0.8275973784867479,0.008539077091910053,0.6925846910348782,0.029613075894645936,0.3694833524553237,0.02295031284325962,0.3851693820697565,0.05922615178929195,9846.2,10.568822072492454,0.21626643105718307,0.0017053215345197434,222.0,17.507141400011598,154.6,12.759310326189267,154.6,12.759310326189267,326.4,24.068651811017588,0.6966518002762065,0.0268790743108248,0.6621253325365354,0.03216866291628527,0.7327887841718277,0.007798115810189798
default,gbdt,most_risky,0.75,3,0.8198645243529923,0.0101922636396043,0.6804373764411553,0.03057904996788535,0.3514008740110495,0.019456595531997193,0.36087475288231075,0.0611580999357707,12271.8,10.894952959971828,0.21564974305062315,0.0015032616751565738,225.4,16.47118696390761,160.6,12.116104984688766,160.6,12.116104984688766,487.0,27.721832551258228,0.7130539455082339,0.03157187818391924,0.6860540475074466,0.026136464073617655,0.720461325601652,0.014775858468148939
default,gbdt,most_risky,0.75,4,0.8205212129622945,0.005628497093142075,0.6826716651270399,0.05528226217811698,0.34141054487433514,0.023706516250248316,0.3653433302540797,0.11056452435623397,14695.2,11.07700320483864,0.21449193601696992,0.0012606784180662705,231.4,9.964938534682487,160.8,7.496665925596526,160.8,7.496665925596526,647.8,24.99399927982716,0.695391785505905,0.03163019681017045,0.6637745115066682,0.020954953279229974,0.7262808133596196,0.009730738210739583
default,gbdt,most_risky,0.75,5,0.8222388883531482,0.005794766483582065,0.6796987591122692,0.031033440133954798,0.34435637751511444,0.013150882188874183,0.35939751822453836,0.062066880267909665,17121.8,16.053037095827303,0.2137049731840049,0.0018737736465295808,222.2,16.739175606940748,160.0,16.015617378046965,160.0,16.015617378046965,807.8,38.04865306420189,0.7195460283505033,0.03370742149029009,0.6878245902149074,0.03018181565328395,0.7213276064020929,0.01213546557969327
default,gbdt,most_risky,0.75,6,0.8253697268545617,0.00372458477688458,0.6771300718036483,0.018733451352308413,0.34260079146049943,0.011359356166644503,0.3542601436072965,0.0374669027046168,19547.8,19.76613265158328,0.21273045512176458,0.001507850921431675,223.0,13.24764129949177,156.4,8.763560920082659,156.4,8.763560920082659,964.2,42.22795282748145,0.7017729748436907,0.023355951088756422,0.6683681589083909,0.021795242405157737,0.7210741252465824,0.01370130349437258
default,gbdt,most_risky,0.75,7,0.8283140684906014,0.006850719981840166,0.6891508415292916,0.027412630430234983,0.3465999030154979,0.02183083315422926,0.3783016830585832,0.054825260860470015,21968.6,20.586403279834897,0.21235825964674562,0.001166894781239771,239.0,11.704699910719626,165.8,11.777096416349831,165.8,11.777096416349831,1130.0,44.51404272810995,0.6931878812501967,0.01859688484734206,0.6606779939951256,0.026832520690654053,0.7236354222124811,0.007173680135379085
default,gbdt,most_risky,0.75,8,0.828182558374605,0.005167768351431454,0.6862275054758371,0.013992736976000302,0.33684230523412273,0.012964196223468732,0.3724550109516742,0.02798547395200061,24395.2,21.993180761317863,0.21256694783509525,0.0009415669850473549,222.0,13.820274961085254,155.8,8.40832920383116,155.8,8.40832920383116,1285.8,44.95219683174559,0.7028863473884746,0.03665610921579686,0.6760354286298582,0.024131634651820267,0.7187458208701565,0.00554928218671215
default,gbdt,most_risky,0.75,9,0.827556588521408,0.003536379689077771,0.6835548808912528,0.024593482381445566,0.33156070881253885,0.019798108810685496,0.3671097617825057,0.04918696476289112,26823.0,20.13703056560251,0.2126610197265768,0.0006195750446110547,219.0,9.565563234854496,154.4,12.973048986263795,154.4,12.973048986263795,1440.2,42.657941816266764,0.7050561825347854,0.052771435566124104,0.6647965941964231,0.039598093194005125,0.7198397430231651,0.009872024782930928
default,gbdt,most_risky,0.75,10,0.825167834642033,0.0015178418699918527,0.6906432638936592,0.009678881723191307,0.3282463160249419,0.004632334061893205,0.3812865277873183,0.019357763446382643,29249.8,17.16682847820156,0.21214508389923226,0.00043805238857872044,220.8,10.986355173577815,157.4,11.588787684654505,157.4,11.588787684654505,1597.6,33.686792664188125,0.7124946566908023,0.030746594855407074,0.6812944778136893,0.03592890420638745,0.7182677809241051,0.008107245679349175
default,gbdt,most_risky,1.0,0,0.8183999999999999,0.011436782764396608,0.6341978977114602,0.0628637836776646,0.37256137121732197,0.03168603801842743,0.26839579542292036,0.12572756735532928,5000.0,0.0,0.22012,0.006388427036446456,0.0,0.0,0.0,0.0,0.0,0.0,0.0,0.0,0.0,0.0,0.0,0.0,0.0,0.0
default,gbdt,most_risky,1.0,1,0.8222666666666667,0.014052283325732745,0.6656029714908609,0.036079297523017355,0.3720901982350784,0.03360653377886802,0.3312059429817219,0.07215859504603471,7500.0,0.0,0.22258666666666665,0.0039548563676685975,322.4,19.46278500112458,217.2,14.92313639956427,217.2,14.92313639956427,217.2,14.92313639956427,0.6734936144963058,0.012133251129483201,0.6734936144963058,0.012133251129483201,0.6872210428807984,0.01826039535661288
default,gbdt,most_risky,1.0,2,0.8160999999999999,0.005616938667993406,0.6630473557450073,0.015778523092324404,0.3726435011355364,0.016897114488872465,0.32609471149001457,0.031557046184648746,10000.0,0.0,0.22155999999999998,0.002380756182392481,302.8,18.912958520548813,199.0,11.335784048754634,199.0,11.335784048754634,416.2,25.341665296503308,0.657911643501798,0.029543281482201155,0.657911643501798,0.029543281482201155,0.6839735625604464,0.010269375022221553
default,gbdt,most_risky,1.0,3,0.82384,0.005095880689341178,0.6765987202313168,0.03499595589381946,0.37906541434172747,0.019065785183475775,0.35319744046263357,0.06999191178763886,12500.0,0.0,0.22220800000000002,0.0013851786888340442,306.0,17.76231966833161,208.0,12.903487900563942,208.0,12.903487900563942,624.2,22.807893370497865,0.6803426591841923,0.03384697146803055,0.6803426591841923,0.03384697146803055,0.6800964636049993,0.010348821032998988
default,gbdt,most_risky,1.0,4,0.8183999999999999,0.010607649231673464,0.6743873589450409,0.024821048196375407,0.3738822101301964,0.0240777502038297,0.34877471789008163,0.04964209639275073,15000.0,0.0,0.22178666666666666,0.0012870293098622286,306.8,10.94074951728628,202.4,9.96493853468249,202.4,9.96493853468249,826.6,20.007498594277084,0.6599315484723802,0.02934766068925731,0.6599315484723802,0.02934766068925731,0.6836380656018755,0.010586426966293316
default,gbdt,most_risky,1.0,5,0.8219428571428571,0.0035822692614074073,0.6690071687206267,0.02289980001234723,0.3800113683665409,0.022264416505572197,0.3380143374412533,0.045799600024694444,17500.0,0.0,0.22155428571428573,0.001819800392732055,303.2,21.993180761317813,206.6,19.42421169571625,206.6,19.42421169571625,1033.2,34.586124385365885,0.680832613976985,0.025804035963502458,0.680832613976985,0.025804035963502458,0.6792455823900697,0.0036873628493644737
default,gbdt,most_risky,1.0,6,0.82025,0.004405252546676557,0.6756551487995537,0.016527225056799256,0.3622810653714739,0.016562395446707824,0.3513102975991075,0.033054450113598526,20000.0,0.0,0.22093,0.001610357103253815,291.2,15.336231610144655,195.8,13.33041634758645,195.8,13.33041634758645,1229.0,41.72529209005012,0.6721668543184699,0.02179263894568933,0.6721668543184699,0.02179263894568933,0.689593289110433,0.010026187256677435
default,gbdt,most_risky,1.0,7,0.8236000000000001,0.00861723796372457,0.6838601216041001,0.012478997956484179,0.3722684890836637,0.025739375758437346,0.3677202432082004,0.02495799591296841,22500.0,0.0,0.22088888888888886,0.0014466649598897582,314.0,15.491933384829672,209.8,12.833549781724463,209.8,12.833549781724463,1438.8,47.12960852797316,0.6679158723469716,0.013691582962597978,0.6679158723469716,0.013691582962597978,0.6882019311314787,0.003540357840209162
default,gbdt,most_risky,1.0,8,0.82088,0.00603092032777752,0.6636503940538601,0.02480493462636984,0.36729764142504695,0.01758640439308715,0.3273007881077203,0.04960986925273967,25000.0,0.0,0.221368,0.0007901392282376582,292.4,17.91089054179049,197.2,10.545141061171257,197.2,10.545141061171257,1636.0,43.52585438564072,0.6754031589970818,0.035769641307121784,0.6754031589970818,0.035769641307121784,0.6812714284011409,0.0023070263140407108
default,gbdt,most_risky,1.0,9,0.8236727272727272,0.0024810021968604714,0.6745808239614227,0.01565640062200515,0.3710299751919147,0.02127527930112967,0.34916164792284554,0.03131280124401022,27500.0,0.0,0.2215272727272727,0.0005857819524940805,294.4,19.359752064528095,194.8,14.411800720243118,194.8,14.411800720243118,1830.8,43.831495525478026,0.6624611145847037,0.04470310866155696,0.6624611145847037,0.04470310866155696,0.6848444233448401,0.010624698587935404
default,gbdt,most_risky,1.0,10,0.8200666666666667,0.0070204067625111105,0.6762648271302213,0.0057894975724336025,0.3600170178707767,0.01312419424185199,0.35252965426044264,0.01157899514486723,30000.0,0.0,0.2212,0.0,293.4,14.993331851193043,199.6,16.90562036720333,199.6,16.90562036720333,2030.4,36.630588310863914,0.679688615881054,0.03335478627066192,0.679688615881054,0.03335478627066192,0.6809605275408824,0.0033178623297998324
default,gbdt,random,0.0,0,0.8183999999999999,0.011436782764396608,0.6341978977114602,0.0628637836776646,0.37256137121732197,0.03168603801842743,0.26839579542292036,0.12572756735532928,5000.0,0.0,0.22012,0.006388427036446456,0.0,0.0,0.0,0.0,0.0,0.0,0.0,0.0,0.0,0.0,0.0,0.0,0.0,0.0
default,gbdt,random,0.0,1,0.8229750872298721,0.009691571345291458,0.6567256606041421,0.05479225739387236,0.28677914464965026,0.019968780672702403,0.3134513212082841,0.10958451478774481,7177.6,19.46278500112456,0.20231917871318322,0.004534763915284772,0.0,0.0,0.0,0.0,0.0,0.0,0.0,0.0,0.0,0.0,0.0,0.0,0.0,0.0
default,gbdt,random,0.0,2,0.8253251171038565,0.006398078414370766,0.6427247436719554,0.02541051854039462,0.23958916537154923,0.015272877701874151,0.28544948734391073,0.050821037080789236,9375.2,35.315718879841675,0.19197155939372004,0.002859537618886001,0.0,0.0,0.0,0.0,0.0,0.0,0.0,0.0,0.0,0.0,0.0,0.0,0.0,0.0
default,gbdt,random,0.0,3,0.82966269508784,0.0073368955544496255,0.6297927875746981,0.0527858798884364,0.2129074011565284,0.012494450174133025,0.25958557514939623,0.1055717597768729,11569.2,32.49923076012727,0.18611511125833644,0.0006710787622934605,0.0,0.0,0.0,0.0,0.0,0.0,0.0,0.0,0.0,0.0,0.0,0.0,0.0,0.0
default,gbdt,random,0.0,4,0.8295242328496872,0.003735676826422635,0.6339164941338854,0.04986603790560993,0.1860960700244844,0.006620103185447555,0.2678329882677709,0.09973207581121986,13759.8,36.87411015875495,0.18165863358786893,0.0014593029655936766,0.0,0.0,0.0,0.0,0.0,0.0,0.0,0.0,0.0,0.0,0.0,0.0,0.0,0.0
default,gbdt,random,0.0,5,0.8314700881853785,0.002214405553380386,0.6354803563543517,0.04288199671546526,0.17197920897494162,0.012758593114156813,0.27096071270870337,0.08576399343093054,15954.4,50.302087431835226,0.17823292091706847,0.0015399518279809643,0.0,0.0,0.0,0.0,0.0,0.0,0.0,0.0,0.0,0.0,0.0,0.0,0.0,0.0
default,gbdt,random,0.0,6,0.8344388009314054,0.0044098688286365595,0.6214711641438976,0.045257237041202894,0.15536851459658696,0.01644853834962647,0.2429423282877951,0.09051447408240576,18156.0,60.89334939055346,0.1756761986225633,0.0009792576009948102,0.0,0.0,0.0,0.0,0.0,0.0,0.0,0.0,0.0,0.0,0.0,0.0,0.0,0.0
default,gbdt,random,0.0,7,0.8365205107346458,0.005306544247020422,0.6111250770406695,0.02830191740941718,0.14430115156077744,0.01427879714991044,0.22225015408133902,0.05660383481883438,20335.8,66.27367501504642,0.17361372230808308,0.0006522263513853971,0.0,0.0,0.0,0.0,0.0,0.0,0.0,0.0,0.0,0.0,0.0,0.0,0.0,0.0
default,gbdt,random,0.0,8,0.8339969126277852,0.006263881759421219,0.6266363091583118,0.03123832103051688,0.1234054677433076,0.013497542483014956,0.2532726183166236,0.06247664206103381,22529.0,65.30313928135449,0.17269181159422722,0.0005824249335279556,0.0,0.0,0.0,0.0,0.0,0.0,0.0,0.0,0.0,0.0,0.0,0.0,0.0,0.0
default,gbdt,random,0.0,9,0.8384406345893052,0.0022990136806691794,0.6183411058133709,0.0438535960528881,0.11676165083968512,0.010199631839738056,0.2366822116267417,0.08770719210577618,24731.8,62.531592015556214,0.1719633995839117,0.0008487009231629228,0.0,0.0,0.0,0.0,0.0,0.0,0.0,0.0,0.0,0.0,0.0,0.0,0.0,0.0
default,gbdt,random,0.0,10,0.8334503238968063,0.0019070229051813786,0.5950067224605113,0.03669511913219931,0.11097813073152855,0.00898587652246252,0.19001344492102284,0.07339023826439854,26934.0,61.06144446375307,0.17066035212134645,0.0008225438545679724,0.0,0.0,0.0,0.0,0.0,0.0,0.0,0.0,0.0,0.0,0.0,0.0,0.0,0.0
default,gbdt,random,0.01,0,0.8183999999999999,0.011436782764396608,0.6341978977114602,0.0628637836776646,0.37256137121732197,0.03168603801842743,0.26839579542292036,0.12572756735532928,5000.0,0.0,0.22012,0.006388427036446456,0.0,0.0,0.0,0.0,0.0,0.0,0.0,0.0,0.0,0.0,0.0,0.0,0.0,0.0
default,gbdt,random,0.01,1,0.8275228952666127,0.013087184544756022,0.6528040986790987,0.025478922121947044,0.2836660449201936,0.0273866607497092,0.30560819735819733,0.05095784424389399,7181.6,19.46278500112456,0.20254106749116324,0.004500485741915327,4.0,0.0,2.4,1.3416407864998738,2.4,1.3416407864998738,2.4,1.3416407864998738,0.6,0.33541019662496846,0.6734936144963058,0.012133251129483201,0.6665219917112475,0.051578523394359185
default,gbdt,random,0.01,2,0.8272862079619039,0.01335438024842053,0.6399396431128856,0.024374250293131543,0.24910740475167575,0.029923890406240796,0.27987928622577135,0.04874850058626317,9377.2,42.65208084021224,0.19227075261078738,0.002703912781557795,3.6,0.5477225575051661,2.8,1.0954451150103321,2.8,1.0954451150103321,5.2,2.280350850198276,0.7666666666666666,0.27259045389660214,0.6515966218275507,0.02487823651852773,0.6344539108212703,0.04446721773581434
default,gbdt,random,0.01,3,0.829399899220344,0.006297029958332847,0.6313173297408541,0.06724728685177025,0.2164333677536155,0.0034889193166671075,0.26263465948170805,0.1344945737035405,11570.6,41.13149644736986,0.18636970171896494,0.0006931106024486536,3.6,0.5477225575051662,2.6,1.140175425099138,2.6,1.140175425099138,7.8,2.588435821108957,0.7,0.24008100484813227,0.6811972422093098,0.03655624826707209,0.6994780781685865,0.05643767766146977
default,gbdt,random,0.01,4,0.8312346019666872,0.0044981630374782994,0.6156596714543735,0.043286043041381075,0.19246379376462303,0.01242940544777318,0.23131934290874687,0.0865720860827621,13767.2,47.2937628022979,0.18204024847155115,0.0015085376080480031,3.6,0.5477225575051661,2.4,0.5477225575051661,2.4,0.5477225575051661,10.2,2.280350850198276,0.6833333333333333,0.20749832663314552,0.6579852994959078,0.030823830605051655,0.7262690670225831,0.03668965108803911
default,gbdt,random,0.01,5,0.8362851117142718,0.004963928253322924,0.6505096168482576,0.04642105958720377,0.18320988540719335,0.016514089871128304,0.301019233696515,0.09284211917440759,15965.6,67.51518347749625,0.17883454134703178,0.0016232964063008662,3.6,0.5477225575051661,2.4,0.8944271909999159,2.4,0.8944271909999159,12.6,2.6076809620810595,0.65,0.18066236157232332,0.6680790459784859,0.027549630928985658,0.6506849477003509,0.05696365735510914
default,gbdt,random,0.01,6,0.8357624107170105,0.0042422260368056765,0.6291883428004489,0.04662043362358704,0.16073093469754346,0.015703022152956877,0.2583766856008978,0.09324086724717408,18167.4,72.0367961530773,0.17623807412207096,0.0009909079389023854,3.8,0.4472135954999579,2.6,0.8944271909999159,2.6,0.8944271909999159,15.2,2.280350850198276,0.7,0.27386127875258304,0.6538268678432637,0.023558124475056966,0.6799995956286998,0.05490158799365783
default,gbdt,random,0.01,7,0.8335316459470731,0.009180461451079125,0.6023298330506124,0.05047236723030677,0.1373014379625018,0.014228836646151344,0.2046596661012247,0.10094473446061349,20351.2,75.69808452001918,0.1741709602511629,0.0004701198591629913,4.0,0.0,2.4,0.8944271909999159,2.4,0.8944271909999159,17.6,2.0736441353327724,0.6,0.22360679774997896,0.6585694608415531,0.021127361470703196,0.6864635622146873,0.04916430164666474
default,gbdt,random,0.01,8,0.8363537966708652,0.006662457638069266,0.6359705196946771,0.026131740131040287,0.13304653584450477,0.011626813423633298,0.27194103938935416,0.0522634802620806,22547.8,77.33498561453253,0.17344420036149097,0.0002669057427370268,3.6,0.5477225575051661,2.8,1.0954451150103321,2.8,1.0954451150103321,20.4,2.6076809620810595,0.7666666666666666,0.27259045389660214,0.6544245350537928,0.026675851064476123,0.6810135956949983,0.08253859630781692
default,gbdt,random,0.01,9,0.8367788114036113,0.003096131341905326,0.636622823860727,0.04920871501889349,0.12106690130213427,0.0108004648143476,0.27324564772145415,0.09841743003778698,24754.4,73.58192712888139,0.17273565317109643,0.0008047993384765256,3.4,0.5477225575051661,2.0,0.7071067811865476,2.0,0.7071067811865476,22.4,2.7018512172212596,0.6,0.25276251480171835,0.6560823113921759,0.04043528913329249,0.6858632441316501,0.04359697969704696
default,gbdt,random,0.01,10,0.8376037313704116,0.004341622432524459,0.5948654247067348,0.03810071706776232,0.11665693322154638,0.019164806730590834,0.18973084941346952,0.07620143413552459,26962.2,66.4921047944792,0.1714832915896763,0.0008072132038092128,3.4,0.5477225575051661,2.6,0.5477225575051661,2.6,0.5477225575051661,25.0,2.23606797749979,0.7666666666666666,0.13693063937629157,0.6733473884064443,0.028027934002949374,0.7110773502565555,0.03214660055898379
default,gbdt,random,0.02,0,0.8183999999999999,0.011436782764396608,0.6341978977114602,0.0628637836776646,0.37256137121732197,0.03168603801842743,0.26839579542292036,0.12572756735532928,5000.0,0.0,0.22012,0.006388427036446456,0.0,0.0,0.0,0.0,0.0,0.0,0.0,0.0,0.0,0.0,0.0,0.0,0.0,0.0
default,gbdt,random,0.02,1,0.8239732651685193,0.01388897066104849,0.6578017024670169,0.037598745036359106,0.29876061596014125,0.022346301988405842,0.31560340493403377,0.07519749007271828,7184.8,19.084024732744368,0.20281249853193611,0.00453885047445203,7.2,0.4472135954999579,5.0,0.0,5.0,0.0,5.0,0.0,0.6964285714285714,0.039929785312496247,0.6734936144963058,0.012133251129483201,0.6797701305925368,0.03986284228397654
default,gbdt,random,0.02,2,0.8248000806243541,0.006456790124463588,0.6665254190903745,0.03678225594255167,0.23956569847537262,0.012741660550922025,0.33305083818074893,0.07356451188510334,9387.8,38.764674640708655,0.1927779904191877,0.0031359285160641333,6.6,0.5477225575051662,4.6,2.1908902300206647,4.6,2.1908902300206647,9.6,2.1908902300206643,0.6857142857142857,0.31289374287618116,0.6526322034774334,0.027500855816684693,0.71123130640591,0.0590043696367904
default,gbdt,random,0.02,3,0.8265046235546645,0.004477468250283396,0.6390281557049613,0.05511529752950691,0.21082603752405,0.010667241377623888,0.2780563114099227,0.11023059505901367,11595.0,40.08116764766216,0.18749410248121906,0.0008505480352288141,6.6,0.547722557505166,5.2,1.6431676725154984,5.2,1.6431676725154984,14.8,1.6431676725154984,0.780952380952381,0.20370713939245177,0.6792700914010401,0.03182032087016763,0.6513715225380031,0.03342836774272251
default,gbdt,random,0.02,4,0.8278422445810876,0.005493278779262428,0.649145856031758,0.04848962750638997,0.19220996764888534,0.005879658825444079,0.29829171206351607,0.0969792550127799,13792.8,41.31827682757355,0.18290581069875061,0.0011531930359374519,6.6,0.5477225575051663,4.2,1.3038404810405297,4.2,1.3038404810405297,19.0,2.7386127875258306,0.6428571428571429,0.20892772350933625,0.6632185864749119,0.027161608983394012,0.7082789495169284,0.06137376897155379
default,gbdt,random,0.02,5,0.8326779333046623,0.008702024580001872,0.6451723347873768,0.03625789143134491,0.18053808643707384,0.01681491385154818,0.2903446695747537,0.07251578286268982,15991.2,56.89200295296334,0.1794736999559429,0.00115087696793158,6.8,0.44721359549995787,4.6,1.1401754250991378,4.6,1.1401754250991378,23.6,2.966479394838265,0.6714285714285715,0.1392399192115566,0.6739565747779375,0.025607837067650435,0.6566812836169277,0.030278062606788465
default,gbdt,random,0.02,6,0.8352565044903949,0.005136694701315735,0.6358989733493339,0.04542116362417061,0.16169165813023567,0.01759421222398218,0.2717979466986676,0.09084232724834115,18196.6,65.82020966238272,0.17666950364816061,0.0007265763326139694,6.6,0.5477225575051662,4.0,1.224744871391589,4.0,1.224744871391589,27.6,3.7815340802378072,0.6047619047619047,0.18717375244793855,0.6662557527045635,0.020327275210701358,0.7049120501505366,0.05680715046270358
default,gbdt,random,0.02,7,0.8386669505250512,0.003894245572896518,0.6466184100041074,0.032031026183269605,0.1482051900878258,0.014909859979661896,0.29323682000821466,0.06406205236653922,20384.2,73.14506135071572,0.17464420060730873,0.0004223635754282773,7.0,0.0,3.8,1.3038404810405297,3.8,1.3038404810405297,31.4,4.8270073544588685,0.5428571428571428,0.1862629258629328,0.6573339600693094,0.02782699174744082,0.7035109376575666,0.051463259620459556
default,gbdt,random,0.02,8,0.8356810953118641,0.00674770716538957,0.6337020255411971,0.023850218793517817,0.1331672652549228,0.015667881134535218,0.2674040510823943,0.047700437587035585,22586.2,78.110178594086,0.17389277411175214,0.0004565408225299173,6.6,0.5477225575051662,4.6,1.5165750888103102,4.6,1.5165750888103102,36.0,4.47213595499958,0.6904761904761905,0.19195851781663212,0.6609363880678693,0.025919001186131687,0.6511444190360263,0.0312022131107425
default,gbdt,random,0.02,9,0.8341414105106587,0.00279769577894594,0.625086162225083,0.03489586622658721,0.12874264731673596,0.006919994085578221,0.2501723244501659,0.0697917324531744,24795.8,75.58571293571318,0.173237700453375,0.0008431883050157015,6.4,0.5477225575051662,4.2,0.44721359549995804,4.2,0.44721359549995804,40.2,4.147288270665544,0.6619047619047619,0.10701050025830589,0.6540747470665009,0.04526647759855371,0.7067739657024952,0.06526850274866268
default,gbdt,random,0.02,10,0.8392134345758595,0.003396676699462708,0.6208036831708206,0.025706316075498035,0.12552277735339987,0.012470812061736692,0.24160736634164107,0.051412632150996035,27003.0,70.9189678435892,0.17190551065559098,0.0008640115968453732,6.4,0.547722557505166,4.6,1.6733200530681511,4.6,1.6733200530681511,44.8,5.215361924162119,0.7095238095238094,0.22487083720223988,0.6752710595648835,0.03611629979605864,0.6746208951493762,0.009409795889380308
default,gbdt,random,0.05,0,0.8183999999999999,0.011436782764396608,0.6341978977114602,0.0628637836776646,0.37256137121732197,0.03168603801842743,0.26839579542292036,0.12572756735532928,5000.0,0.0,0.22012,0.006388427036446456,0.0,0.0,0.0,0.0,0.0,0.0,0.0,0.0,0.0,0.0,0.0,0.0,0.0,0.0
default,gbdt,random,0.05,1,0.820867538544851,0.012184224290582331,0.6227232130701157,0.035731782182778095,0.2761138220111429,0.02581245491063223,0.24544642614023146,0.07146356436555622,7194.4,18.63598669241854,0.2034868265980724,0.0047839673647097946,16.8,0.8366600265340757,11.8,1.9235384061671343,11.8,1.9235384061671343,11.8,1.9235384061671343,0.7044934640522876,0.12193733509134672,0.6734936144963058,0.012133251129483201,0.7194376970297085,0.04092460595148931
default,gbdt,random,0.05,2,0.8301377626279779,0.005057217236079956,0.6576426194096172,0.02767934829666782,0.25741101528445587,0.01945219563312722,0.3152852388192346,0.0553586965933357,9404.4,37.62711788059248,0.19343755777669008,0.002980631421438019,16.0,0.9999999999999999,10.4,1.5165750888103104,10.4,1.5165750888103104,22.2,1.9235384061671343,0.648921568627451,0.07136049510364895,0.6584300895531736,0.025740110977332312,0.6977926824885186,0.04064073743063624
default,gbdt,random,0.05,3,0.8240065753762973,0.011082219156878119,0.61659837506734,0.05233886886600864,0.2116226993621091,0.0099489478389648,0.23319675013468005,0.10467773773201729,11617.8,34.354039063842144,0.18817658256405997,0.0008091504918240264,15.6,1.1401754250991378,10.2,2.16794833886788,10.2,2.16794833886788,32.4,2.6076809620810595,0.6539145658263306,0.12766942967563397,0.6796752250669897,0.03702523128529039,0.6623682910782904,0.030157054085943786
default,gbdt,random,0.05,4,0.8300503461020241,0.0048707602220312935,0.6542537592239264,0.06935174001929395,0.19524370140318084,0.01220479725158271,0.30850751844785285,0.13870348003858782,13826.8,37.758442764499684,0.1840473547589633,0.001181982611093003,15.8,0.44721359549995776,10.0,2.9154759474226504,10.0,2.9154759474226504,42.4,4.722287581247038,0.635,0.19190655278025295,0.6546401124193479,0.035389556627126485,0.6768308675255484,0.03551807417030116
default,gbdt,random,0.05,5,0.8308859922977258,0.005046399834843478,0.6347687890407486,0.03006955235848137,0.1890818040134038,0.013169182390785348,0.26953757808149714,0.06013910471696272,16042.0,56.96928997275649,0.18082540662884278,0.0011775440145963534,15.4,1.140175425099138,8.8,2.6832815729997477,8.8,2.6832815729997477,51.2,5.403702434442518,0.5690126050420168,0.15047418312133162,0.6771411246049986,0.028821115574152845,0.6775251735679266,0.02852423690701001
default,gbdt,random,0.05,6,0.8336518130708417,0.001386349339096758,0.6351227204051166,0.02490894039245305,0.17335361114094228,0.009858856328713863,0.2702454408102332,0.04981788078490609,18254.6,63.55155387557396,0.17820066349146277,0.0008320316981599476,15.6,0.5477225575051662,11.2,0.8366600265340752,11.2,0.8366600265340752,62.4,5.366563145999496,0.7191666666666666,0.06624868971450595,0.6616999160406446,0.019152460903891888,0.6741313541163804,0.02779026765777621
default,gbdt,random,0.05,7,0.8379810844297353,0.0027786350252908413,0.6157021325319701,0.014425747941305214,0.15914853995326694,0.01459192621992942,0.23140426506394024,0.028851495882610448,20447.0,66.95147496508217,0.1761910258939546,0.00044785159991342144,16.4,0.547722557505166,10.0,1.4142135623730951,10.0,1.4142135623730951,72.4,5.8991524815010505,0.6102941176470589,0.08941460666923019,0.6534004668347423,0.017331520037936074,0.667936280793737,0.031674576600867865
default,gbdt,random,0.05,8,0.8307197911418015,0.0052219543936874325,0.6249831330757167,0.03930435655833742,0.1396118175577495,0.014464660543681847,0.2499662661514336,0.07860871311667489,22657.6,63.583016600347015,0.1754457134650685,0.0005043293012203509,15.6,0.5477225575051662,10.6,2.0736441353327724,10.6,2.0736441353327724,83.0,7.245688373094719,0.6791666666666666,0.12658714609136096,0.6628403062454786,0.028032044910203103,0.6715596882533835,0.021090801515452094
default,gbdt,random,0.05,9,0.8342105958885819,0.005039095497683558,0.6383523098189083,0.036761998070323446,0.13434770030340276,0.00923485172053443,0.2767046196378167,0.07352399614064697,24873.8,66.71356683613888,0.17471988278968295,0.00110936359940798,15.6,1.3416407864998738,9.4,2.4083189157584592,9.4,2.4083189157584592,92.4,7.733045971672482,0.6010084033613445,0.14103489855902482,0.6568342791534021,0.03702848973225358,0.6898852452451624,0.02275150883654938
default,gbdt,random,0.05,10,0.8347091081692396,0.00229058664391862,0.6154126702683979,0.03734281134587539,0.13595170420535946,0.011597940455925462,0.23082534053679576,0.07468562269175076,27089.6,62.4443752470947,0.1734744256203423,0.0010796697590232563,15.4,0.547722557505166,10.0,0.9999999999999999,10.0,0.9999999999999999,102.4,7.829431652425354,0.65,0.06852868418082718,0.6690915139707889,0.03236989529481551,0.7050866856342937,0.029019303782956776
default,gbdt,random,0.1,0,0.8183999999999999,0.011436782764396608,0.6341978977114602,0.0628637836776646,0.37256137121732197,0.03168603801842743,0.26839579542292036,0.12572756735532928,5000.0,0.0,0.22012,0.006388427036446456,0.0,0.0,0.0,0.0,0.0,0.0,0.0,0.0,0.0,0.0,0.0,0.0,0.0,0.0
default,gbdt,random,0.1,1,0.8273690809199007,0.013665056195688143,0.6624111942467792,0.04866972114629947,0.29862505160040487,0.02099659612781721,0.3248223884935585,0.09733944229259908,7210.4,17.42985943718421,0.20464501503456828,0.00474604635126863,32.8,2.0493901531919194,23.4,3.7815340802378072,23.4,3.7815340802378072,23.4,3.7815340802378072,0.712495927012056,0.10301944244480847,0.6734936144963058,0.012133251129483201,0.6933507745737593,0.034815399974115445
default,gbdt,random,0.1,2,0.8253132387298135,0.009927431034062375,0.6601239733020393,0.04924814863183849,0.2539159644372622,0.025100209809219676,0.3202479466040787,0.09849629726367694,9437.4,39.28485713350619,0.19498707103063456,0.002813258906299216,31.0,2.345207879911715,20.0,3.082207001484488,20.0,3.082207001484488,43.4,6.268971207462992,0.6422115241080759,0.05423690806296492,0.6634878823210297,0.023491169398229882,0.6810128209168245,0.025298333117576087
default,gbdt,random,0.1,3,0.8265886663601594,0.00519274263234763,0.6376921009292016,0.019915851748023714,0.23573806565575106,0.010781192961514877,0.2753842018584033,0.03983170349604746,11669.0,38.21648858804273,0.19031693340074013,0.0007266615105648018,30.4,1.3416407864998738,21.0,2.9154759474226504,21.0,2.9154759474226504,64.4,8.384509526501832,0.6949457730812013,0.1258459372789292,0.6779170881347503,0.034259041087985595,0.6836135694870806,0.02586969838785835
default,gbdt,random,0.1,4,0.8298228805434906,0.00244872488895966,0.6483923964105646,0.046712207089388204,0.2096630475262562,0.005617639977662367,0.29678479282112924,0.09342441417877642,13889.4,39.828381840089726,0.18624120904956523,0.0013897394771438434,31.4,0.5477225575051665,21.2,2.16794833886788,21.2,2.16794833886788,85.6,7.635443667528431,0.6747983870967742,0.06392114760658128,0.6573126711217598,0.029412712398412443,0.6804801164394799,0.017138521273263856
default,gbdt,random,0.1,5,0.8311607881173767,0.005571008037515221,0.6466619184322224,0.03492063519624766,0.20555375957791,0.021557447166599002,0.29332383686444485,0.06984127039249532,16119.0,60.76183012385314,0.18341088759120763,0.0013973124686688329,30.4,2.701851217221259,21.0,3.5355339059327378,21.0,3.5355339059327378,106.6,9.316651759081694,0.6914625122079483,0.10270125151371208,0.6715987755378534,0.03448418641628921,0.6863405060297735,0.015079874700321029
default,gbdt,random,0.1,6,0.8309509025395725,0.005781833143685477,0.6515012239075257,0.023514920976256314,0.18444980373104175,0.009480364952625048,0.30300244781505137,0.04702984195251271,18348.4,66.13471100715587,0.1810178071960916,0.000701422422150496,30.6,1.1401754250991378,21.2,2.6832815729997472,21.2,2.6832815729997472,127.8,9.909591313469996,0.6921472932888395,0.07907847444397487,0.6559870365351651,0.026702178220532034,0.6815300435749849,0.024214012542093037
default,gbdt,random,0.1,7,0.8385566233050978,0.004628568578290378,0.6372760795772294,0.026839833823855075,0.1795461774960617,0.014619597240454734,0.27455215915445874,0.05367966764771013,20555.0,67.31641701695077,0.17906052017165128,0.0005050995238999379,33.2,1.0954451150103328,22.0,3.1622776601683795,22.0,3.1622776601683795,149.8,9.23038460737146,0.6623322510822511,0.09016229885276136,0.6556886594864421,0.022158325548110196,0.6749046952470168,0.016389090291172435
default,gbdt,random,0.1,8,0.8337456572708433,0.0039087522072709475,0.6501486076140176,0.031614586370192384,0.16685758382976262,0.019095055265733466,0.30029721522803526,0.06322917274038473,22775.6,76.277781824067,0.17827789559448065,0.00032664506199097754,31.8,2.6832815729997477,20.6,3.7815340802378072,20.6,3.7815340802378072,170.4,9.396807968666804,0.6454087089381206,0.08566559574097725,0.659614313596668,0.023962718510211724,0.678149666709518,0.0063510558172356684
default,gbdt,random,0.1,9,0.8310025996844755,0.002015656159496511,0.6285506671878409,0.03780645477828303,0.15647214747163296,0.01680219650263636,0.25710133437568183,0.07561290955656602,25009.6,68.68260332864482,0.17761896490130905,0.0008122361696774723,30.0,2.6457513110645907,18.2,1.7888543819998315,18.2,1.7888543819998315,188.6,9.813256340277675,0.6105171323256778,0.08214238797068246,0.6573362802198736,0.04829899123658863,0.6691172619210357,0.012148972082159476
default,gbdt,random,0.1,10,0.8349568627686355,0.0023757412056248394,0.6339200095956481,0.03810727682991546,0.1490681608970506,0.016183302383531745,0.26784001919129613,0.07621455365983094,27233.0,68.47627326307996,0.17624127284198093,0.0008023684312696127,31.0,1.8708286933869702,20.4,4.037325847637271,20.4,4.037325847637271,209.0,12.12435565298214,0.655505485893417,0.10978322127197351,0.6725796335485126,0.026272277485229274,0.6728579026641875,0.012862377027417563
default,gbdt,random,0.15,0,0.8183999999999999,0.011436782764396608,0.6341978977114602,0.0628637836776646,0.37256137121732197,0.03168603801842743,0.26839579542292036,0.12572756735532928,5000.0,0.0,0.22012,0.006388427036446456,0.0,0.0,0.0,0.0,0.0,0.0,0.0,0.0,0.0,0.0,0.0,0.0,0.0,0.0
default,gbdt,random,0.15,1,0.8243190476704818,0.014228575645181398,0.6577281555734424,0.03358288290155832,0.29742543594788534,0.02624058174449363,0.31545631114688494,0.06716576580311669,7226.4,16.531787562148207,0.2056586239419067,0.0043862721836535785,48.8,2.9495762407505253,34.0,2.3452078799117158,34.0,2.3452078799117158,34.0,2.3452078799117158,0.6979686929734978,0.05274917658055319,0.6734936144963058,0.012133251129483201,0.6939454827982569,0.028491206571318074
default,gbdt,random,0.15,2,0.8276202073617291,0.005064135462212444,0.6857668455963135,0.02878834119092732,0.27088661974158157,0.010139090487557527,0.3715336911926269,0.0575766823818546,9466.8,41.918969452981415,0.19666184192368924,0.0023831180088311785,46.2,4.54972526643093,30.2,5.674504383644443,30.2,5.674504383644443,64.2,7.049822692805827,0.6501615753722351,0.06916192750184197,0.6567899719251145,0.014195030067799189,0.6869505565848336,0.026478992571215783
default,gbdt,random,0.15,3,0.831519380003812,0.005035783785599196,0.6708639117674291,0.06128020991134361,0.24976932071754562,0.009205751049741133,0.3417278235348583,0.12256041982268719,11714.6,35.18948706645219,0.1922730599306161,0.0005765785687354898,45.2,4.147288270665546,30.2,4.08656334834051,30.2,4.08656334834051,94.4,5.224940191045253,0.6707929411249903,0.09496821328858666,0.6794549677186337,0.03766971787814333,0.6788206772554238,0.012277693638701286
default,gbdt,random,0.15,4,0.825946234923878,0.007252363125556381,0.6573009507876486,0.05259430298684559,0.22274353605548236,0.019562213387627005,0.3146019015752974,0.1051886059736912,13952.2,38.19293128315773,0.18845791511028814,0.001323361304312298,47.0,1.5811388300841898,32.4,3.7815340802378072,32.4,3.7815340802378072,126.8,7.854934754662192,0.6898561737368397,0.08036945856431486,0.6617054552208594,0.03010701298736798,0.6885406879815522,0.010279554540436638
default,gbdt,random,0.15,5,0.8308775905429732,0.0033671220928456914,0.661605475234692,0.039615829233798826,0.21424520675470005,0.01581878613796332,0.3232109504693842,0.0792316584675977,16193.4,50.914634438440046,0.1856576607759597,0.0014771961685722255,46.2,2.949576240750524,32.4,2.8809720581775866,32.4,2.8809720581775866,159.2,10.449880382090504,0.7013013901212659,0.041378332729720066,0.6748423950938275,0.024198993509337637,0.6823428738084981,0.011831432270780113
default,gbdt,random,0.15,6,0.8302554093483726,0.005620270606782076,0.6331953615340038,0.02677660896762965,0.1950786559786299,0.014624068523936508,0.26639072306800765,0.053553217935259315,18437.2,62.27921001425739,0.18317372690347172,0.0008135875677513823,45.8,2.3874672772626644,27.8,3.8340579025361627,27.8,3.8340579025361627,187.0,12.144957801491117,0.6066923882280342,0.0752456410047828,0.6572384671159034,0.027815149466589757,0.6887083592238802,0.009870552980705662
default,gbdt,random,0.15,7,0.8323478384289256,0.005713626327606613,0.6551363662159695,0.027249608905446764,0.1868335388974414,0.010733859140129018,0.31027273243193887,0.05449921781089348,20665.6,65.44310506080852,0.18145174470361716,0.00044505830181601567,48.6,1.8165902124584952,32.2,5.167204273105526,32.2,5.167204273105526,219.2,15.089731607951151,0.6601062163996033,0.08230232978067659,0.658919904086015,0.02221361725346162,0.6847823586772217,0.02064296860036799
default,gbdt,random,0.15,8,0.8316896044548543,0.0047897184633436665,0.636481123027205,0.019371201138794692,0.17081295520906464,0.005137084172472559,0.2729622460544102,0.03874240227758935,22909.4,70.2374543957855,0.18079886877423107,0.0002264683263170438,45.8,3.2710854467592254,29.8,2.280350850198276,29.8,2.280350850198276,249.0,16.155494421403514,0.6544823600053787,0.07994541781939282,0.6687717188801793,0.02263681074199699,0.6738736005182959,0.02312913369744117
default,gbdt,random,0.15,9,0.8321402036113661,0.0033389919455998987,0.6436757044633138,0.022167568027232975,0.1684546397227947,0.009765821600864377,0.2873514089266276,0.044335136054466,25156.0,69.76030389842089,0.18023416023895988,0.0006758889277599982,45.4,3.049590136395381,30.2,1.6431676725154982,30.2,1.6431676725154982,279.2,16.238842323269235,0.6657737436059695,0.017095825365082758,0.6558806437444279,0.040410029411068304,0.6822053066176578,0.016106608806196656
default,gbdt,random,0.15,10,0.8302123962589493,0.0032229649185671863,0.6443831483707091,0.024163113916565535,0.16115804344438422,0.005307682917678469,0.28876629674141824,0.04832622783313109,27403.0,64.11318117204897,0.17914699137963072,0.000731646187363904,45.2,2.280350850198276,32.0,5.1478150704934995,32.0,5.1478150704934995,311.2,13.0843417870369,0.7051459673428996,0.07930330218001443,0.6728288061939636,0.03250242789536954,0.6795877784064214,0.01842287077077818
default,gbdt,random,0.2,0,0.8183999999999999,0.011436782764396608,0.6341978977114602,0.0628637836776646,0.37256137121732197,0.03168603801842743,0.26839579542292036,0.12572756735532928,5000.0,0.0,0.22012,0.006388427036446456,0.0,0.0,0.0,0.0,0.0,0.0,0.0,0.0,0.0,0.0,0.0,0.0,0.0,0.0
default,gbdt,random,0.2,1,0.8233299183327245,0.014168594801547387,0.6391459404947513,0.04759876620568384,0.29644352659513706,0.02718520427280199,0.27829188098950264,0.09519753241136766,7242.6,15.533834040570941,0.20674611513347654,0.004339674091321571,65.0,3.937003937005906,45.2,4.438468204234429,45.2,4.438468204234429,45.2,4.438468204234429,0.6943152318443728,0.03207651149156046,0.6734936144963058,0.012133251129483201,0.6891958460419962,0.02407299465868424
default,gbdt,random,0.2,2,0.8255917982040893,0.005442060416586168,0.6787701778907527,0.03058060507715715,0.2777424037357578,0.012288802820044823,0.35754035578150556,0.0611612101543143,9493.0,33.56337289367673,0.19822708897591185,0.002606897904684161,62.8,4.8166378315169185,42.8,4.207136793592526,42.8,4.207136793592526,88.0,8.276472678623424,0.6818056746355903,0.04401838757052432,0.6551381519803907,0.02867880208665215,0.6861906900946078,0.008394295772665115
default,gbdt,random,0.2,3,0.8267217862425496,0.003667229237837224,0.6442717243633725,0.03412085616194411,0.25452712754874673,0.017478355920866277,0.28854344872674503,0.06824171232388815,11749.2,29.8613462523043,0.1940222376523451,0.0007713217622968272,61.6,2.9664793948382653,42.4,3.209361307176242,42.4,3.209361307176242,130.4,6.84105255059483,0.6880593787665675,0.03473963824223683,0.676810169856879,0.03394894759041361,0.674407200778264,0.018636764830976846
default,gbdt,random,0.2,4,0.8282562638766869,0.005501996038362035,0.6733808999729379,0.03449993732227242,0.23658377650160878,0.017023363279699073,0.34676179994587575,0.06899987464454478,14001.8,34.23010371003857,0.19051771070527931,0.0013441593071297447,62.4,1.816590212458495,41.6,2.0736441353327724,41.6,2.0736441353327724,172.0,7.314369419163894,0.6670554177005791,0.03701156125025811,0.6550396249952725,0.021719772706270363,0.6929765406442083,0.015604665240450477
default,gbdt,random,0.2,5,0.8317629224325668,0.0065612264625387745,0.6472896340275162,0.03292167408649563,0.22286764161148528,0.016736853472413094,0.29457926805503226,0.06584334817299119,16259.8,47.56784628296705,0.18780155990177178,0.0011928148176585,61.2,3.8987177379235853,41.4,5.683308895353129,41.4,5.683308895353129,213.4,11.928956366757317,0.6741415808420532,0.0557625115968162,0.6783985966475845,0.02796756191116965,0.683170045976823,0.008945845233768235
default,gbdt,random,0.2,6,0.8303921942348994,0.0038652943189049936,0.6530261623311118,0.03378860595210984,0.21009447017973062,0.004940013106694209,0.30605232466222365,0.06757721190421968,18522.6,50.012998310439365,0.18553578497025155,0.0008297990331915663,59.6,1.816590212458495,39.4,2.966479394838265,39.4,2.966479394838265,252.8,13.935566009315874,0.6606703567700952,0.03723801960179011,0.6663223745699302,0.019427360530308573,0.6867708365999732,0.018921941435035596
default,gbdt,random,0.2,7,0.8329859171269296,0.008297648257256212,0.6474382615225707,0.043306955506776434,0.1982516135196287,0.01566045751208325,0.29487652304514134,0.0866139110135528,20766.4,58.414895360686714,0.18389296795757018,0.0005141099357991849,64.6,3.5777087639996634,43.2,5.310367218940701,43.2,5.310367218940701,296.0,15.98436736314578,0.6684688366661801,0.07209397364234492,0.6619216566226547,0.021504864488504475,0.6888774583960174,0.012845477023387036
default,gbdt,random,0.2,8,0.8346584021640021,0.004488526833171798,0.6427916633594194,0.021966005858593405,0.19232244746163654,0.015537825058282231,0.2855833267188388,0.04393201171718682,23026.8,58.576445778145526,0.18331640064326882,0.0002414472088161989,60.6,3.361547262794322,41.6,4.33589667773576,41.6,4.33589667773576,337.6,14.758048651498614,0.685148102110114,0.03701643859757028,0.6774877043571672,0.021543620552916944,0.6754464018263336,0.014196153721232995
default,gbdt,random,0.2,9,0.8306907168811211,0.004971260877685686,0.642449741011357,0.018589111358535405,0.17762613153810933,0.008790885517822972,0.28489948202271415,0.03717822271707085,25288.6,58.05859109554779,0.182776990016704,0.0006973918961169811,60.2,4.086563348340511,38.8,3.768288736283354,38.8,3.768288736283354,376.4,15.533834040570921,0.643826558328677,0.03207742681985188,0.6555950061094974,0.047383544765755056,0.6898675432280734,0.015536728449574586
default,gbdt,random,0.2,10,0.8330103112773418,0.0027242022686425563,0.6226798312973802,0.013381435941454552,0.1762417491743942,0.007166254201030802,0.24535966259476055,0.026762871882909163,27549.6,55.554477767323085,0.18178008558710407,0.000812453488474823,60.4,1.8165902124584943,42.2,2.5884358211089564,42.2,2.5884358211089564,418.6,13.352902306240395,0.6985959206935803,0.03548071643920482,0.6688875678818226,0.03034180114242774,0.6834412310649339,0.010626120387707766
default,gbdt,random,0.3,0,0.8183999999999999,0.011436782764396608,0.6341978977114602,0.0628637836776646,0.37256137121732197,0.03168603801842743,0.26839579542292036,0.12572756735532928,5000.0,0.0,0.22012,0.006388427036446456,0.0,0.0,0.0,0.0,0.0,0.0,0.0,0.0,0.0,0.0,0.0,0.0,0.0,0.0
default,gbdt,random,0.3,1,0.8224527371165744,0.010839760656526165,0.6615262717274296,0.06354219581809048,0.30497096982340943,0.04064288633404545,0.3230525434548593,0.127084391636181,7274.8,13.663820841916811,0.20849819074651205,0.004346281006544744,97.2,5.805170109479996,64.6,5.594640292279745,64.6,5.594640292279745,64.6,5.594640292279745,0.663918862687923,0.02502681255204208,0.6734936144963058,0.012133251129483201,0.6872720421477215,0.025206423418303363
default,gbdt,random,0.3,2,0.8319956387836802,0.005490482493948659,0.6763511648248036,0.041830509947865815,0.29219539576682435,0.022228634037767214,0.3527023296496071,0.08366101989573171,9563.8,29.98666370238603,0.2015702746273201,0.002637798231215424,91.0,7.516648189186455,62.6,5.319774431308155,62.6,5.319774431308155,127.2,10.2810505299799,0.6890513485357456,0.04611200581069461,0.6555105981916373,0.023964572987859686,0.683861672105261,0.01811671137540505
default,gbdt,random,0.3,3,0.8265960817548329,0.007421227196055643,0.6574496871321425,0.053331639966329454,0.2702052124452533,0.019313973310140575,0.31489937426428505,0.10666327993265891,11853.8,29.448259710889644,0.19802998968760926,0.0007930691329939305,90.4,4.979959839195493,62.0,3.9370039370059056,62.0,3.9370039370059056,189.2,9.833615815151617,0.6868217054263566,0.04771097285252537,0.6808126097117195,0.03066652002843365,0.6784125577515682,0.009431445976382177
default,gbdt,random,0.3,4,0.8239110594332656,0.005294498347432595,0.6645255484557555,0.04704200803550881,0.24561609644263577,0.02282158995046657,0.32905109691151113,0.09408401607101756,14137.2,33.21445468467027,0.1951022954639512,0.0011958867292872785,93.6,3.91152144312159,65.4,5.029910535983716,65.4,5.029910535983716,254.6,14.38054240979804,0.6985231902239452,0.04236647014496659,0.6576626570111658,0.028782925110439596,0.6852550825119026,0.014221173488742626
default,gbdt,random,0.3,5,0.8289323626950795,0.004817892376137075,0.6661865230002776,0.0337860556839434,0.2512254358094494,0.021269286055675782,0.33237304600055506,0.06757211136788682,16428.4,49.074433262138115,0.19280177210107102,0.0016683903807551631,90.2,7.758865896508328,63.8,8.700574693662482,63.8,8.700574693662482,318.4,21.547621678505497,0.7067228752335135,0.06703844710644263,0.686199463873022,0.032724858145547875,0.6876089005010636,0.010606224646025572
default,gbdt,random,0.3,6,0.829997929062953,0.002720202122419524,0.6457632200459573,0.02745538500262495,0.23960903059650035,0.010879224024124674,0.2915264400919145,0.05491077000524996,18721.0,59.26634795564849,0.19072777558995485,0.0013232999132442734,89.8,5.932958789676531,59.0,5.244044240850758,59.0,5.244044240850758,377.4,24.5010203869145,0.656712212932608,0.03350612387905014,0.6643955264819459,0.025042092403200305,0.6828340614456371,0.006265070736929904
default,gbdt,random,0.3,7,0.8329112083561487,0.006874426899010556,0.6628891535060181,0.03504076267155651,0.22419461549531333,0.018258763871765255,0.3257783070120361,0.07008152534311309,20995.8,62.43957078648115,0.1891530256477935,0.0010199112703113153,97.2,4.324349662087932,62.6,7.797435475847172,62.6,7.797435475847172,440.0,28.67926079939997,0.6425914542095953,0.05658245217181787,0.6609232347164611,0.017677583477997465,0.6913531039010334,0.02117874879928148
default,gbdt,random,0.3,8,0.829881307969792,0.0046976877943870655,0.6483946420163893,0.027500653428775456,0.212771646517162,0.012818625681533656,0.2967892840327785,0.05500130685755105,23282.6,69.06011873722743,0.18872476083265693,0.0005511290637216212,92.0,6.2048368229954285,62.2,4.764451699828639,62.2,4.764451699828639,502.2,28.437651098499675,0.6774955869603818,0.05379622609434445,0.667902071801507,0.025104870367751615,0.6851033434975962,0.0035002563189170176
default,gbdt,random,0.3,9,0.8311095250343833,0.0047694238092448205,0.6409462493847183,0.018129191975403428,0.21295917948184434,0.011865443913031376,0.2818924987694367,0.036258383950806786,25576.4,70.14841409468929,0.18828242884902816,0.0005590126123580194,88.8,5.357238094391549,59.8,4.816637831516918,59.8,4.816637831516918,562.0,28.757607689096805,0.676141456623465,0.07844339304583418,0.6659500713158819,0.04932527815386946,0.6890691311891761,0.008721104838114436
default,gbdt,random,0.3,10,0.8295573156942748,0.004575282529722344,0.6440807139668339,0.02379547157928956,0.21115877594173876,0.015615541952626216,0.2881614279336677,0.04759094315857913,27866.6,70.40099431115983,0.18711899340229565,0.0005751080559942848,90.4,3.2093613071762426,58.4,7.021395872616784,58.4,7.021395872616784,620.4,23.60720229082642,0.6454963728979102,0.06697163455409787,0.6779729182114376,0.031636012104199175,0.6814133363253687,0.00459721163654431
default,gbdt,random,0.5,0,0.8183999999999999,0.011436782764396608,0.6341978977114602,0.0628637836776646,0.37256137121732197,0.03168603801842743,0.26839579542292036,0.12572756735532928,5000.0,0.0,0.22012,0.006388427036446456,0.0,0.0,0.0,0.0,0.0,0.0,0.0,0.0,0.0,0.0,0.0,0.0,0.0,0.0
default,gbdt,random,0.5,1,0.8201848440225147,0.017704966987860848,0.6477054387096592,0.010643341478467584,0.32739082857005225,0.030687811237240726,0.2954108774193183,0.021286682956935234,7338.8,9.73139250056234,0.21232198825328602,0.004261179912109422,161.2,9.73139250056229,106.0,7.713624310270755,106.0,7.713624310270755,106.0,7.713624310270755,0.6574545138362282,0.02369341902340712,0.6734936144963058,0.012133251129483201,0.6841435851824584,0.017387221861394672
default,gbdt,random,0.5,2,0.8248269864819242,0.00853662026290867,0.6651598163099386,0.028682642780436755,0.3088943681398923,0.0206579962010831,0.3303196326198773,0.057365285560873516,9686.8,23.069460331789138,0.20683615093866142,0.002749287036759318,152.6,13.831124321616088,100.6,6.188699378706321,100.6,6.188699378706321,206.6,12.177848742696717,0.6612274859806242,0.03753577333493866,0.661523540999665,0.02624268206862685,0.6819210616557375,0.011906118493428453
default,gbdt,random,0.5,3,0.8224267119919423,0.007324106168646682,0.6798248051755043,0.029889079205026658,0.29741221099987963,0.019821527728457106,0.35964961035100856,0.0597781584100533,12037.2,22.949945533704362,0.20456613221501563,0.0008586779554264112,149.8,7.049822692805826,100.2,6.760177512462228,100.2,6.760177512462228,306.8,12.6964561984831,0.6696330166619957,0.04735501473765089,0.6795302616727946,0.03089602558553385,0.6790904362614467,0.009425492774609938
default,gbdt,random,0.5,4,0.8260811514737204,0.00542255830450915,0.6804566116088604,0.03803516858873281,0.2932097057682347,0.01893258594427532,0.36091322321772074,0.07607033717746563,14384.8,24.590648629102684,0.20261664235715698,0.001216137127328051,153.0,3.9370039370059056,105.8,7.463243262818116,105.8,7.463243262818116,412.6,13.72224471433154,0.6911569597023162,0.03834147383993233,0.6641664043312903,0.02853215820099492,0.6832504952222661,0.007623297575197702
default,gbdt,random,0.5,5,0.8254667566738583,0.007478441003577922,0.6697916348265727,0.028827537107210196,0.28218060692551966,0.01935336463780195,0.3395832696531453,0.05765507421442041,16735.0,33.74166563760572,0.20080204070349156,0.0013638567834721258,149.8,11.278297743897344,98.2,10.03493896344168,98.2,10.03493896344168,510.8,17.612495564229395,0.6554264568747978,0.04343059966652206,0.6769578709626927,0.02812973274555459,0.6767975752513984,0.0045700787789502515
default,gbdt,random,0.5,6,0.8263632009677089,0.006361774004025686,0.6635667091682832,0.020390159447719,0.2749102803348438,0.010181416695798353,0.3271334183365663,0.040780318895437935,19088.8,39.36622918187609,0.1992276181383164,0.0008162912843293317,146.6,6.9498201415576215,97.8,9.628083921528727,97.8,9.628083921528727,608.6,23.25510696599781,0.6659524950065467,0.0366038677198112,0.6711700006342863,0.01703927900496118,0.6743787373787482,0.007115277430875573
default,gbdt,random,0.5,7,0.8291822037356102,0.005552879075285308,0.6663167499202036,0.01648837361081418,0.27224012191641384,0.011888072860572783,0.3326334998404071,0.032976747221628314,21429.4,40.90598978144926,0.198400780805919,0.0005614231885509336,159.8,4.658325879540843,108.6,3.6469165057620936,108.6,3.6469165057620936,717.2,24.447903795622228,0.6796901576786369,0.016586542282112173,0.6623852381278852,0.019671035325662712,0.679860837230034,0.003298757690107997
default,gbdt,random,0.5,8,0.8305427682515611,0.004316726553924285,0.6769692488951191,0.013531208920690825,0.2704073983776805,0.01568838759995225,0.35393849779023834,0.02706241784138162,23779.4,44.719123426114244,0.19829810484031601,0.0003284786713243592,150.4,10.382677881933926,98.0,8.573214099741124,98.0,8.573214099741124,815.2,29.295050776539018,0.651410359671977,0.02766971441574966,0.6607021008168791,0.023171763119206053,0.6755387024500747,0.008751927379112697
default,gbdt,random,0.5,9,0.8287333581687081,0.00638152629848251,0.6546058901612248,0.009427724180934611,0.26396458576192694,0.018763901965956006,0.30921178032244967,0.01885544836186927,26133.4,48.11756436063677,0.19819806283479888,0.0005120023591315241,146.4,11.610340218959994,98.2,6.760177512462229,98.2,6.760177512462229,913.4,25.64761197460692,0.6728871824092805,0.053996419757049254,0.6578947243840914,0.04734070289783023,0.6816427408169636,0.006677469575192089
default,gbdt,random,0.5,10,0.8292658804566265,0.0037845048838688043,0.671140515116545,0.022106571217307996,0.2645179764597049,0.013136529808001082,0.3422810302330899,0.04421314243461593,28482.2,48.56644932461104,0.19740015678730283,0.0005532607178509517,151.8,7.596051605933173,100.8,9.148770409186143,100.8,9.148770409186143,1014.2,26.92025259911206,0.6633731186354874,0.03666732795777026,0.6657769457829924,0.02818796047499221,0.678638564038084,0.007359170387325253
default,gbdt,random,0.75,0,0.8183999999999999,0.011436782764396608,0.6341978977114602,0.0628637836776646,0.37256137121732197,0.03168603801842743,0.26839579542292036,0.12572756735532928,5000.0,0.0,0.22012,0.006388427036446456,0.0,0.0,0.0,0.0,0.0,0.0,0.0,0.0,0.0,0.0,0.0,0.0,0.0,0.0
default,gbdt,random,0.75,1,0.8207803708500918,0.011953212466897628,0.6841957269157962,0.03336937728080058,0.35112324233688597,0.034501380098387116,0.3683914538315925,0.06673875456160118,7419.6,4.979959839195557,0.21796285089737077,0.003735749934838247,242.0,14.491376746189438,165.0,13.80217374184226,165.0,13.80217374184226,165.0,13.80217374184226,0.6811301577168428,0.0187561773962223,0.6734936144963058,0.012133251129483201,0.6885262489645956,0.01736334201809458
default,gbdt,random,0.75,2,0.826566114553598,0.0048187006162675105,0.6787303169527961,0.02475207343004018,0.35058572971187074,0.02729964874963052,0.35746063390559213,0.049504146860080374,9846.2,11.713240371477074,0.21470269498303485,0.0023730652597482565,221.6,20.34207462379391,146.0,15.636495771111889,146.0,15.636495771111889,311.0,28.63564212655271,0.6589451910571623,0.03834235211347507,0.6627362178416745,0.02726429274278005,0.6886422683389716,0.013956987381301045
default,gbdt,random,0.75,3,0.8220994947788458,0.006182150022941477,0.6721376179210133,0.030068923154435784,0.34147378038872456,0.020334409249621124,0.3442752358420266,0.060137846308871555,12269.8,11.009087155618351,0.21387554286507857,0.0012896599067048818,231.4,10.526157893552615,156.8,11.322543883774529,156.8,11.322543883774529,467.8,26.817904466978774,0.6771550923022562,0.02571445218029166,0.6774000033924524,0.02723737279155904,0.679346832461359,0.009177413831490703
default,gbdt,random,0.75,4,0.8216418458050786,0.007684961247128522,0.6680597431467941,0.02755136972066293,0.3376674011231901,0.007218376198391842,0.3361194862935882,0.05510273944132585,14693.0,10.908712114635835,0.21265901773418167,0.0015756008695369205,232.6,4.9295030175464944,157.6,5.412947441089743,157.6,5.412947441089743,625.4,22.12012658191629,0.6776908332029614,0.023862592159181666,0.6671268853381331,0.019763236350490637,0.6840292436491636,0.00865799839117946
default,gbdt,random,0.75,5,0.8242774786094064,0.002184459890314584,0.6665195224484198,0.01795177027372201,0.341836270981926,0.012950958642726558,0.33303904489683966,0.03590354054744403,17116.8,15.221695043588468,0.21165256378967873,0.0020244552127033954,229.8,13.255187663703596,155.0,16.015617378046965,155.0,16.015617378046965,780.4,34.911316216951775,0.6736426009846912,0.04223510244473989,0.6766788525504419,0.026828390281217907,0.6778883629151298,0.0035716225225889903
default,gbdt,random,0.75,6,0.8227013565292168,0.006913076065034221,0.6589769819314364,0.010501450965525527,0.3244939855912402,0.027080631422861018,0.31795396386287295,0.02100290193105105,19541.0,17.77638883463098,0.21063475794317651,0.0016397797935156881,228.0,9.82344135219425,153.2,8.467585252006616,153.2,8.467585252006616,933.6,43.11380289420082,0.6720732528952256,0.026809795314214315,0.6631585365005336,0.023929842272670396,0.681846924456515,0.009942385512255705
default,gbdt,random,0.75,7,0.8234777973306869,0.006065214744883781,0.6646532258780095,0.016547704600351237,0.3279231634825823,0.02544507516546917,0.329306451756019,0.03309540920070246,21960.0,19.0525588832575,0.21015528075902715,0.0013567892994791999,244.0,9.66953980290686,161.8,10.059821071967434,161.8,10.059821071967434,1095.4,44.573534748772175,0.663185174843418,0.0336494313855733,0.6589867511237142,0.01990148355511555,0.684610676757608,0.009463561718074446
default,gbdt,random,0.75,8,0.8261834894169144,0.0028144445016696266,0.6722256242099396,0.01816578067030138,0.32148382878600906,0.010288617192186166,0.34445124841987906,0.036331561340602815,24385.2,20.94516650685792,0.21029187280198763,0.0007701478822559542,225.0,12.429802894656053,149.0,11.113055385446435,149.0,11.113055385446435,1244.4,45.81811868682521,0.662214499412301,0.03174508076697171,0.6682470306884976,0.03334889463283816,0.6871188183303729,0.00477145709409154
default,gbdt,random,0.75,9,0.8221509017396569,0.005592825678576387,0.6668451994735898,0.016723803940437765,0.31229331101933655,0.025616119029918605,0.3336903989471798,0.03344760788087542,26812.4,22.534418119845235,0.21020879690586214,0.0004241978707750012,220.8,18.212632978237938,143.6,10.922453936730516,143.6,10.922453936730516,1388.0,48.86205071423016,0.6524206547574214,0.055235573635265815,0.6598620970711357,0.05024348253829818,0.6836729026460906,0.0035570585883013496
default,gbdt,random,0.75,10,0.8259285150237021,0.002377249990075845,0.6503208226298078,0.016323083876243538,0.3121621350611702,0.006952107842799481,0.30064164525961584,0.032646167752487076,29238.4,22.063544592834706,0.20966948933054774,0.00012784290893874475,223.2,10.183319694480778,150.2,13.845576911057194,150.2,13.845576911057194,1538.2,47.44154297659384,0.6721469719951549,0.03966628282866704,0.6721022032321098,0.03145250879498628,0.6801605640922386,0.012220857317722305
default,gbdt,random,1.0,0,0.8183999999999999,0.011436782764396608,0.6341978977114602,0.0628637836776646,0.37256137121732197,0.03168603801842743,0.26839579542292036,0.12572756735532928,5000.0,0.0,0.22012,0.006388427036446456,0.0,0.0,0.0,0.0,0.0,0.0,0.0,0.0,0.0,0.0,0.0,0.0,0.0,0.0
default,gbdt,random,1.0,1,0.8285333333333333,0.014540365271279188,0.6922096312195468,0.034808281706709604,0.3933312652200841,0.04507458595656318,0.3844192624390937,0.06961656341341922,7500.0,0.0,0.22258666666666665,0.0039548563676685975,322.4,19.46278500112458,217.2,14.92313639956427,217.2,14.92313639956427,217.2,14.92313639956427,0.6734936144963058,0.012133251129483201,0.6734936144963058,0.012133251129483201,0.6872210428807984,0.01826039535661289
default,gbdt,random,1.0,2,0.8151999999999999,0.005880051020186755,0.6744608366498548,0.008578599343366453,0.37375503863532644,0.01573322596235619,0.34892167329970963,0.01715719868673291,10000.0,0.0,0.22155999999999998,0.002380756182392481,307.0,18.275666882497067,202.8,12.93058390019569,202.8,12.93058390019569,420.0,26.832815729997474,0.6608288098499797,0.02497494111575158,0.6608288098499797,0.02497494111575158,0.6784537185488285,0.011055159642484144
default,gbdt,random,1.0,3,0.81928,0.005007194823451571,0.6685434871590944,0.02138118791287041,0.3663308915605054,0.01846695018354377,0.33708697431818885,0.042762375825740905,12500.0,0.0,0.22220800000000002,0.0013851786888340442,295.8,14.254823744964371,203.2,13.498148021117562,203.2,13.498148021117562,623.2,22.840753052384247,0.6869359520390489,0.029205692716566797,0.6869359520390489,0.029205692716566797,0.6830545815756215,0.008846808037079188
default,gbdt,random,1.0,4,0.8200666666666667,0.008923751079749655,0.6793269602050817,0.012528781764114,0.3744511999217378,0.015058514522415533,0.3586539204101634,0.02505756352822797,15000.0,0.0,0.22178666666666666,0.0012870293098622286,305.6,6.655824516917488,201.8,6.09918027279076,201.8,6.09918027279076,825.0,17.219175357722552,0.6606233188434071,0.025781159879343204,0.6606233188434071,0.025781159879343204,0.6861840680069465,0.010361139684069908
default,gbdt,random,1.0,5,0.8211999999999999,0.003376992986763983,0.6691100898674899,0.027424174063181154,0.3842298810118555,0.026086123683823858,0.3382201797349798,0.054848348126362315,17500.0,0.0,0.22155428571428573,0.001819800392732055,302.8,21.052315787105222,206.6,21.51278689523977,206.6,21.51278689523977,1031.6,36.37031756803892,0.6814190862713814,0.035297829960174595,0.6814190862713814,0.035297829960174595,0.6775137140908288,0.009443861013985198
default,gbdt,random,1.0,6,0.8230999999999999,0.005284411036246114,0.6826838481279582,0.014230611267105859,0.3699429064091535,0.018708417296588845,0.36536769625591636,0.028461222534211798,20000.0,0.0,0.22093,0.001610357103253815,294.8,16.084153692376855,196.8,12.255610959882826,196.8,12.255610959882826,1228.4,46.55426940679019,0.6677539705844293,0.026012492005481357,0.6677539705844293,0.026012492005481357,0.6843498458883124,0.009696577955557754
default,gbdt,random,1.0,7,0.8231111111111111,0.007335016641821768,0.6721586731703646,0.014287812516596126,0.3685924913348378,0.02382040150498002,0.3443173463407293,0.028575625033192224,22500.0,0.0,0.22088888888888886,0.0014466649598897582,316.6,14.0107101889947,211.4,11.260550608207398,211.4,11.260550608207398,1439.8,52.789203441612955,0.6677479590822568,0.02010089078155225,0.6677479590822568,0.02010089078155225,0.683705948289736,0.008968727814350642
default,gbdt,random,1.0,8,0.82,0.001428285685708547,0.6749059255067233,0.013155325095659406,0.3684484724978163,0.010759638744024774,0.349811851013447,0.026310650191318747,25000.0,0.0,0.221368,0.0007901392282376582,296.2,22.106560112328648,199.8,9.705668446840741,199.8,9.705668446840741,1639.6,52.80435588093087,0.6761932153330334,0.03617142431035922,0.6761932153330334,0.03617142431035922,0.683439021353314,0.0040947481406156784
default,gbdt,random,1.0,9,0.8224727272727274,0.0024004131875730015,0.6774818779139637,0.010124362782679886,0.37031360969698646,0.01789564022235191,0.3549637558279276,0.02024872556535982,27500.0,0.0,0.2215272727272727,0.0005857819524940805,291.0,19.748417658131498,191.8,15.352524222420238,191.8,15.352524222420238,1831.4,51.930723083739174,0.660060124965247,0.049768097836386846,0.660060124965247,0.049768097836386846,0.6845094440564141,0.006803401967402069
default,gbdt,random,1.0,10,0.8185,0.006920179830675605,0.6721346015527377,0.00719191505465297,0.3566717764178734,0.014526626235492224,0.3442692031054754,0.014383830109305891,30000.0,0.0,0.2212,0.0,297.2,12.275992831539131,200.4,14.152738250953414,200.4,14.152738250953414,2031.8,45.284655237729254,0.6739988692880696,0.0315093002821318,0.6739988692880696,0.0315093002821318,0.6785835267926091,0.005874601446207325
