dataset,model,ranking_strategy,exploration_rate,iteration,accuracy_mean,accuracy_std,precision_mean,precision_std,recall_mean,recall_std,kickout_mean,kickout_std,training_set_size_mean,training_set_size_std,training_default_rate_mean,training_default_rate_std,n_explored_mean,n_explored_std,n_explored_defaulted_mean,n_explored_defaulted_std,exploration_cost_mean,exploration_cost_std,cumulative_cost_mean,cumulative_cost_std,exploration_default_rate_mean,exploration_default_rate_std,reject_default_rate_mean,reject_default_rate_std,explored_risk_mean_mean,explored_risk_mean_std
default,rf,least_risky,0.0,0,0.8114000000000001,0.012218837915284702,0.6061410212238073,0.06200847331467185,0.360820905800386,0.02523743340572855,0.21228204244761453,0.1240169466293438,5000.0,0.0,0.22012,0.006388427036446456,0.0,0.0,0.0,0.0,0.0,0.0,0.0,0.0,0.0,0.0,0.0,0.0,0.0,0.0
default,rf,least_risky,0.0,1,0.8173997864374872,0.009619191710150913,0.5904450621878249,0.06681004199348341,0.2934306887349455,0.020207599490501823,0.18089012437564975,0.13362008398696684,7171.8,9.01110426085495,0.20343271296873205,0.005110998571800952,0.0,0.0,0.0,0.0,0.0,0.0,0.0,0.0,0.0,0.0,0.0,0.0,0.0,0.0
default,rf,least_risky,0.0,2,0.8227461741952551,0.005554030565101673,0.6268890936170368,0.026555181692044173,0.26443443027961205,0.008183169698596336,0.2537781872340736,0.05311036338408837,9339.4,34.61647006845152,0.19318299000908684,0.0030318082640481015,0.0,0.0,0.0,0.0,0.0,0.0,0.0,0.0,0.0,0.0,0.0,0.0,0.0,0.0
default,rf,least_risky,0.0,3,0.8309950047922949,0.006217511704631776,0.6060626925638047,0.03994209898707169,0.25336735353823686,0.014590073007125292,0.21212538512760948,0.07988419797414341,11512.8,25.791471458604423,0.18732390107246483,0.0013515063083634725,0.0,0.0,0.0,0.0,0.0,0.0,0.0,0.0,0.0,0.0,0.0,0.0,0.0,0.0
default,rf,least_risky,0.0,4,0.8276960761453834,0.004723412413138207,0.6048702850789811,0.04522867228147153,0.21383742294447985,0.007577308700580331,0.20974057015796216,0.09045734456294313,13676.6,22.733235581412604,0.18275059142603642,0.0010036157183745099,0.0,0.0,0.0,0.0,0.0,0.0,0.0,0.0,0.0,0.0,0.0,0.0,0.0,0.0
default,rf,least_risky,0.0,5,0.8283305332121629,0.004503109542836574,0.593940589557214,0.03554536081018031,0.1998801815997259,0.007098872717096336,0.18788117911442803,0.07109072162036068,15854.4,29.871390995398897,0.17948395131460845,0.0013393641126732258,0.0,0.0,0.0,0.0,0.0,0.0,0.0,0.0,0.0,0.0,0.0,0.0,0.0,0.0
default,rf,least_risky,0.0,6,0.8316706977688385,0.006007107504805741,0.595483069955644,0.05556520956460765,0.18419125566934663,0.01438353999620709,0.19096613991128816,0.11113041912921526,18021.4,37.48733119335134,0.17640133645187797,0.0013513151196086583,0.0,0.0,0.0,0.0,0.0,0.0,0.0,0.0,0.0,0.0,0.0,0.0,0.0,0.0
default,rf,least_risky,0.0,7,0.8345130414915121,0.003094146928382434,0.5701539799913006,0.03641680661843022,0.17821109281315126,0.022386309304367757,0.14030795998260112,0.07283361323686048,20168.4,56.8489225931327,0.1741639601125239,0.0008077073649414139,0.0,0.0,0.0,0.0,0.0,0.0,0.0,0.0,0.0,0.0,0.0,0.0,0.0,0.0
default,rf,least_risky,0.0,8,0.8357593908607133,0.006192328032722079,0.5867117635104271,0.030074865488703494,0.16886960803990103,0.018738077479909472,0.17342352702085412,0.06014973097740686,22326.8,82.10785589698476,0.17295656078701885,0.000705035787848299,0.0,0.0,0.0,0.0,0.0,0.0,0.0,0.0,0.0,0.0,0.0,0.0,0.0,0.0
default,rf,least_risky,0.0,9,0.83372604627026,0.005339416370469009,0.5686794956300325,0.03807722153537554,0.15610688563698302,0.01847457464642367,0.137358991260065,0.0761544430707511,24487.2,98.28631644333798,0.17185830495246693,0.001213302421742736,0.0,0.0,0.0,0.0,0.0,0.0,0.0,0.0,0.0,0.0,0.0,0.0,0.0,0.0
default,rf,least_risky,0.0,10,0.8334925031017051,0.005019420000198266,0.5429966578810387,0.0264162711037197,0.1500430926936636,0.017533214322008394,0.08599331576207733,0.052832542207439534,26638.6,105.27250353249917,0.1703127399848727,0.001460161834602127,0.0,0.0,0.0,0.0,0.0,0.0,0.0,0.0,0.0,0.0,0.0,0.0,0.0,0.0
default,rf,least_risky,0.01,0,0.8114000000000001,0.012218837915284702,0.6061410212238073,0.06200847331467185,0.360820905800386,0.02523743340572855,0.21228204244761453,0.1240169466293438,5000.0,0.0,0.22012,0.006388427036446456,0.0,0.0,0.0,0.0,0.0,0.0,0.0,0.0,0.0,0.0,0.0,0.0,0.0,0.0
default,rf,least_risky,0.01,1,0.8179178067781503,0.00809311001033922,0.6073014566762653,0.04500507503535009,0.2801070327641061,0.0179697732197828,0.2146029133525306,0.09001015007070015,7175.8,9.01110426085495,0.20359800663183641,0.005199227494804884,4.0,0.0,2.0,1.0,2.0,1.0,2.0,1.0,0.5,0.25,0.640464688819345,0.04124696115703171,0.51,0.0
default,rf,least_risky,0.01,2,0.8194531543194365,0.010484569655317667,0.5939673396915769,0.03347873159294368,0.25569925493212003,0.024181452949014054,0.18793467938315372,0.06695746318588726,9347.4,35.3666509582121,0.1929957692400673,0.00345280759725551,3.8,0.447213595499958,1.8,1.3038404810405297,1.8,1.3038404810405297,3.8,1.7888543819998317,0.5,0.39528470752104744,0.6191301356838528,0.049803036721288586,0.51,0.0
default,rf,least_risky,0.01,3,0.8237497820296241,0.004871518709837944,0.5877255318900098,0.03258297733406549,0.23367707636376284,0.026084478788194174,0.17545106378001948,0.06516595466813109,11522.0,38.45126785946079,0.18748709837618222,0.0017715682308982281,3.8,0.44721359549995787,2.0,1.224744871391589,2.0,1.224744871391589,5.8,1.3038404810405297,0.5333333333333333,0.31512784001981725,0.6322807098697882,0.03956260219282042,0.51,0.0
default,rf,least_risky,0.01,4,0.824351168658364,0.004334749683120676,0.6086582356348457,0.04149623950219586,0.20786658944727807,0.011584191409542473,0.21731647126969128,0.08299247900439172,13691.0,42.40283009422845,0.18276272199449922,0.000822435949962889,4.0,0.0,1.8,1.4832396974191326,1.8,1.4832396974191326,7.6,1.51657508881031,0.45,0.37080992435478316,0.6246964105185908,0.028715843752623878,0.51,0.0
default,rf,least_risky,0.01,5,0.8355455959822138,0.005937292567088265,0.6036302696133828,0.02960628976703047,0.21353364995098095,0.010523571275813728,0.2072605392267656,0.05921257953406099,15864.4,61.56541236765988,0.17923289568276282,0.0010682251383880197,4.0,0.0,1.4,0.894427190999916,1.4,0.894427190999916,9.0,2.1213203435596424,0.35,0.223606797749979,0.6360884573702631,0.016916516378146874,0.51,0.0
default,rf,least_risky,0.01,6,0.8341004224280913,0.0040390628831164805,0.5831481604389284,0.039870554337328,0.19349631710505005,0.02355470111764071,0.16629632087785667,0.07974110867465596,18044.2,73.38392194479663,0.1764117425380382,0.0013595942848772175,4.0,0.0,1.0,0.7071067811865476,1.0,0.7071067811865476,10.0,2.1213203435596424,0.25,0.1767766952966369,0.625044028606123,0.008874512947035337,0.51,0.0
default,rf,least_risky,0.01,7,0.8345832865937322,0.005281848486330624,0.5716841853131491,0.02149212410040105,0.18408358334369163,0.02240450147860942,0.14336837062629815,0.04298424820080205,20200.0,87.34987120768986,0.17413974226383072,0.0009318018412795254,4.0,0.0,1.2,1.7888543819998317,1.2,1.7888543819998317,11.2,1.3038404810405297,0.3,0.4472135954999579,0.6267015354257517,0.02248951814134571,0.5096999999999999,0.0006708203932499747
default,rf,least_risky,0.01,8,0.8352669919717783,0.0027252748667286344,0.5715403038752405,0.033798681036074155,0.1537422636334472,0.022585703932283804,0.14308060775048098,0.06759736207214827,22374.0,104.63030153832118,0.17321816664382955,0.0006918814336154997,4.0,0.0,1.8,1.3038404810405297,1.8,1.3038404810405297,13.0,2.23606797749979,0.45,0.32596012026013244,0.6312849676193399,0.031148290761175448,0.509875,0.00027950849718745536
default,rf,least_risky,0.01,9,0.8346973571535186,0.003600098997617516,0.5853091370327396,0.029462023415128078,0.16081707905971918,0.0060399587294950804,0.17061827406547903,0.058924046830256135,24548.4,125.24695605083559,0.172407173942759,0.0010996038551511391,3.6,0.5477225575051661,1.4,1.140175425099138,1.4,1.140175425099138,14.4,1.8165902124584952,0.3833333333333333,0.31512784001981725,0.6139422697560596,0.03832088464511125,0.51,0.0
default,rf,least_risky,0.01,10,0.8390490435915602,0.002821360713209668,0.566601065019848,0.025875215969883222,0.1572207268399099,0.010341593861810217,0.13320213003969608,0.051750431939766486,26719.2,133.39677657274913,0.17105601131868925,0.0012782028151631626,4.0,0.0,1.2,0.8366600265340756,1.2,0.8366600265340756,15.6,1.8165902124584945,0.3,0.2091650066335189,0.6205782786754868,0.028282557229929766,0.5098583333333334,0.00031677629681246323
default,rf,least_risky,0.02,0,0.8114000000000001,0.012218837915284702,0.6061410212238073,0.06200847331467185,0.360820905800386,0.02523743340572855,0.21228204244761453,0.1240169466293438,5000.0,0.0,0.22012,0.006388427036446456,0.0,0.0,0.0,0.0,0.0,0.0,0.0,0.0,0.0,0.0,0.0,0.0,0.0,0.0
default,rf,least_risky,0.02,1,0.8214671338316457,0.01157606807577145,0.6079358833163531,0.05190732929411243,0.30460248522552774,0.024586114760380317,0.21587176663270613,0.10381465858822489,7178.8,9.01110426085495,0.2037359136411007,0.005145679976012342,7.0,0.0,3.6,1.816590212458495,3.6,1.816590212458495,3.6,1.816590212458495,0.5142857142857142,0.2595128874940707,0.640464688819345,0.04124696115703171,0.5099999999999999,0.0
default,rf,least_risky,0.02,2,0.8192417824517569,0.001333584670003556,0.6215505544937306,0.021054083048457965,0.2623013333740803,0.021986147627841297,0.2431011089874613,0.04210816609691598,9353.0,41.87481343242021,0.19313596898279967,0.0035174776490225846,7.2,0.8366600265340756,3.2,0.8366600265340756,3.2,0.8366600265340756,6.8,2.280350850198276,0.44642857142857145,0.1143415042398723,0.6189305013291799,0.034996258443458064,0.51,7.850462293418876e-17
default,rf,least_risky,0.02,3,0.8231931650062757,0.00477730817968353,0.609777139221386,0.04233005293332359,0.24000705954393817,0.014896366780800899,0.21955427844277212,0.08466010586664721,11536.4,42.46527993549558,0.18772125577026777,0.0013402689764460817,7.0,0.7071067811865475,4.6,2.0736441353327724,4.6,2.0736441353327724,11.4,3.209361307176242,0.6607142857142858,0.29934026096857524,0.6416650264508151,0.03789786453173024,0.509711111111111,0.0006459751934999509
default,rf,least_risky,0.02,4,0.8243548937993272,0.0036699508935407964,0.6074771548723115,0.03532588441122691,0.21350128515153086,0.01799377604740281,0.2149543097446228,0.07065176882245384,13708.0,41.249242417285714,0.18308974595216787,0.0009316263109231926,7.0,0.0,3.4,1.3416407864998738,3.4,1.3416407864998738,14.8,2.8635642126552705,0.48571428571428565,0.191662969499982,0.6221791309665107,0.031627335888752675,0.5102857142857141,0.0006388765649999362
default,rf,least_risky,0.02,5,0.8305142365497504,0.01134834445637065,0.6042648751494382,0.046197149083386894,0.20630542310163666,0.021254131901135787,0.2085297502988764,0.09239429816677372,15884.0,58.489315263559035,0.17965229598032945,0.0012398050198913382,7.0,0.7071067811865476,4.0,0.7071067811865475,4.0,0.7071067811865475,18.8,3.271085446759225,0.5809523809523809,0.1530120858386632,0.636250411130775,0.03285849611232357,0.5103571428571427,0.0012371791482635158
default,rf,least_risky,0.02,6,0.8342397389766798,0.006058129974944433,0.6081775143350991,0.021449045941566745,0.19991740135375524,0.014628761147752207,0.21635502867019812,0.04289809188313348,18060.8,68.07863100856244,0.17672513015578512,0.0010327914783974316,7.0,0.0,2.8,1.4832396974191326,2.8,1.4832396974191326,21.6,3.8470768123342687,0.4,0.2118913853455904,0.6240783237596768,0.01523041297622298,0.5099999999999999,0.0
default,rf,least_risky,0.02,7,0.8322625134929984,0.00760265907187923,0.5868514693265061,0.03551376968937678,0.17495740991703596,0.012617826691611569,0.1737029386530121,0.07102753937875358,20218.8,89.55277773469682,0.1745202125890506,0.0006928703542438514,7.2,0.44721359549995787,3.8,0.8366600265340756,3.8,0.8366600265340756,25.4,4.277849927241488,0.5321428571428571,0.13386903438565226,0.6255832043230277,0.02357885921946841,0.51,9.614813431917819e-17
default,rf,least_risky,0.02,8,0.8361904527753609,0.002855324224239538,0.5756925325317115,0.0333663683767008,0.17203644687271286,0.01352204576962718,0.15138506506342314,0.06673273675340166,22395.0,102.19833658137495,0.17347470309520446,0.000468085196174102,7.2,0.44721359549995787,4.0,1.5811388300841898,4.0,1.5811388300841898,29.4,5.813776741499455,0.5571428571428572,0.22812456318101879,0.6404875673548318,0.02925948591263184,0.5107499999999999,0.0016770509831249135
default,rf,least_risky,0.02,9,0.8335397080892258,0.0030890625131691626,0.5598406751128968,0.021516315966382378,0.15622231558210078,0.014814983231199634,0.11968135022579354,0.04303263193276475,24567.6,105.55946191602165,0.1724931623874711,0.000919672515897731,7.2,0.44721359549995787,4.4,1.6733200530681511,4.4,1.6733200530681511,33.8,6.300793600809346,0.6178571428571429,0.2511453355964166,0.6249764262268283,0.030404814115723204,0.5099047619047619,0.00021295885499998665
default,rf,least_risky,0.02,10,0.8361329475357013,0.0032041483886004573,0.5728792377521288,0.03785570289822904,0.1581246585432902,0.011647892457621966,0.1457584755042574,0.07571140579645808,26738.0,110.70230349906917,0.17122139613498052,0.0011319467614221215,7.2,0.44721359549995787,3.4,0.8944271909999159,3.4,0.8944271909999159,37.2,6.058052492344383,0.4714285714285714,0.11952286093343933,0.614518951513648,0.02316603958613947,0.51,1.1102230246251565e-16
default,rf,least_risky,0.05,0,0.8114000000000001,0.012218837915284702,0.6061410212238073,0.06200847331467185,0.360820905800386,0.02523743340572855,0.21228204244761453,0.1240169466293438,5000.0,0.0,0.22012,0.006388427036446456,0.0,0.0,0.0,0.0,0.0,0.0,0.0,0.0,0.0,0.0,0.0,0.0,0.0,0.0
default,rf,least_risky,0.05,1,0.8194890366352157,0.016736708940244434,0.6219786090258476,0.04545521742503513,0.30643639501431236,0.02933799640667654,0.24395721805169518,0.09091043485007011,7188.8,8.348652585896723,0.20412028156455345,0.005087741382405111,17.0,0.7071067811865472,8.4,3.0495901363953815,8.4,3.0495901363953815,8.4,3.0495901363953815,0.4946078431372548,0.1795115173240425,0.640464688819345,0.04124696115703171,0.5130743464052288,0.0019068258155157337
default,rf,least_risky,0.05,2,0.8194525344609349,0.005770784412267913,0.5957817024151634,0.03970715732616401,0.25693721198853486,0.01677983243452639,0.1915634048303267,0.07941431465232815,9380.0,26.400757564888092,0.19436965328139605,0.0033657554879544522,16.6,1.1401754250991378,8.0,1.0,8.0,1.0,16.4,3.435112807463534,0.484624183006536,0.07820023983842023,0.6107661615471909,0.03431804727987682,0.5129256535947712,0.0018975726294675483
default,rf,least_risky,0.05,3,0.825183517477685,0.0033320614039354,0.6032053265290602,0.034809769434560496,0.2444109920603939,0.021669045950807236,0.20641065305812045,0.06961953886912096,11559.0,23.547823678633254,0.18823557216232012,0.0013567182598525308,17.4,1.5165750888103096,8.8,2.588435821108957,8.8,2.588435821108957,25.2,5.06951674225463,0.5140694874441005,0.1692715700084796,0.6465007349723824,0.0463834105596309,0.5119597523219814,0.0024429186846702347
default,rf,least_risky,0.05,4,0.8281173710033265,0.005163001043579255,0.5984674455957729,0.03025650189347954,0.21700970641193856,0.01960472258242686,0.1969348911915459,0.06051300378695912,13739.8,19.408760908414635,0.18358318989060965,0.0013074142286375427,17.2,0.8366600265340757,7.2,2.588435821108957,7.2,2.588435821108957,32.4,4.560701700396552,0.41797385620915034,0.14998184349082497,0.6241448284830134,0.024649765087957198,0.5147034313725489,0.0023267028614585286
default,rf,least_risky,0.05,5,0.8322424255114352,0.004537223246809254,0.6046788107835469,0.04029127961809445,0.2169702551952885,0.010513117736310655,0.20935762156709373,0.08058255923618893,15932.6,28.465768916366752,0.18037169466802244,0.0016440584750669553,16.6,1.1401754250991378,8.6,1.8165902124584952,8.6,1.8165902124584952,41.0,5.916079783099615,0.5181699346405229,0.10151086420321566,0.640659709073271,0.03315418591627116,0.5117385620915031,0.0019419575462539939
default,rf,least_risky,0.05,6,0.8320234643432759,0.0097617632349266,0.5906263096433639,0.02501754708946687,0.19701534609923205,0.017942309680451556,0.1812526192867279,0.050035094178933766,18125.6,37.16584453500281,0.1776489118086049,0.00105957405156538,16.6,0.8944271909999162,6.6,0.8944271909999159,6.6,0.8944271909999159,47.6,6.58027355054484,0.39975490196078434,0.06835555381820235,0.6236003602693887,0.013174163858711011,0.5132320261437908,0.002780171258329224
default,rf,least_risky,0.05,7,0.8318322103891507,0.0048284742174704185,0.5796613036284279,0.02396756701638468,0.18405675740350683,0.014744705243207177,0.15932260725685599,0.04793513403276935,20297.8,49.92193906490425,0.17558541099199715,0.0007694844102278185,17.6,0.8944271909999161,9.2,2.1679483388678804,9.2,2.1679483388678804,56.8,8.228000972289687,0.5241486068111455,0.13188636460937148,0.6271227400408375,0.01775546849274639,0.5126068111455109,0.002598259286034969
default,rf,least_risky,0.05,8,0.8357635504110015,0.0061345727512257565,0.5632368571336798,0.028009382335068667,0.17695009052343774,0.017401305829498045,0.12647371426735968,0.05601876467013729,22488.4,63.547619939695494,0.17467579922595627,0.0005134929902613038,16.8,0.8366600265340756,9.2,1.4832396974191324,9.2,1.4832396974191324,66.0,7.516648189186453,0.5507352941176471,0.10789047535014512,0.6417846359324988,0.024537142084653983,0.5136848447712418,0.0013950194050865688
default,rf,least_risky,0.05,9,0.8335636266734578,0.00687535486318413,0.5610113719537418,0.021641262989977685,0.1604179742675253,0.01925420996706901,0.12202274390748366,0.043282525979955404,24668.2,65.59115794068578,0.17357429945419267,0.0008112693791967113,17.6,1.1401754250991383,7.8,1.6431676725154982,7.8,1.6431676725154982,73.8,6.1400325732035,0.44178276573787406,0.07618363317631367,0.627107437505542,0.04115112969997261,0.5130031819745442,0.002531969458397995
default,rf,least_risky,0.05,10,0.8335322054969229,0.0022420973579075614,0.5642753163493307,0.029828236224939797,0.1572734341484759,0.008252022552753398,0.12855063269866124,0.05965647244987964,26850.2,64.55772610617548,0.17223550671910556,0.000967049757797727,17.2,0.44721359549995815,9.4,1.9493588689617924,9.4,1.9493588689617924,83.2,5.3103672189407,0.54640522875817,0.11307378441128686,0.6277869852844005,0.03048905182962898,0.5135947712418301,0.0022275023775100767
default,rf,least_risky,0.1,0,0.8114000000000001,0.012218837915284702,0.6061410212238073,0.06200847331467185,0.360820905800386,0.02523743340572855,0.21228204244761453,0.1240169466293438,5000.0,0.0,0.22012,0.006388427036446456,0.0,0.0,0.0,0.0,0.0,0.0,0.0,0.0,0.0,0.0,0.0,0.0,0.0,0.0
default,rf,least_risky,0.1,1,0.8255531777655957,0.012946376817586277,0.6227860254039248,0.054932353038834536,0.31168014149247714,0.019324382302089164,0.2455720508078496,0.10986470607766895,7205.2,7.918333157931556,0.20468287942680696,0.005014802017856415,33.4,1.1401754250991378,15.8,3.420526275297414,15.8,3.420526275297414,15.8,3.420526275297414,0.47355042016806725,0.10355780125950427,0.640464688819345,0.04124696115703171,0.520420441813089,0.002308749494338548
default,rf,least_risky,0.1,2,0.8268947302998237,0.004731342138824003,0.6164757010090703,0.030327661751762255,0.26368024458281203,0.019933177631203645,0.23295140201814069,0.06065532350352449,9407.4,32.6925067867241,0.1947614384905708,0.0032689973089033166,33.6,3.2093613071762426,16.6,4.669047011971501,16.6,4.669047011971501,32.4,3.286335345030997,0.489527027027027,0.10630087833523744,0.6213230778567496,0.037908379473714844,0.5185704954954955,0.0024450240999534484
default,rf,least_risky,0.1,3,0.8244200908190358,0.0037271573386176205,0.6031186466116366,0.04846285837996777,0.24719178947504675,0.01578180986493294,0.20623729322327314,0.09692571675993548,11611.0,39.15992849840245,0.1893897885180871,0.0017842149579087553,33.4,2.190890230020664,17.2,3.8987177379235853,17.2,3.8987177379235853,49.6,4.03732584763727,0.5139691027926322,0.10881485567061328,0.6434148891395185,0.02980473624785017,0.5184932857991683,0.0008670025197944603
default,rf,least_risky,0.1,4,0.8259361677511438,0.003953220797416321,0.602137703146677,0.0397220729198665,0.21502969824771748,0.023993533254882352,0.20427540629335383,0.07944414583973304,13815.0,41.72529209005002,0.18520388706028337,0.001091753911433053,33.2,1.303840481040529,16.0,2.6457513110645903,16.0,2.6457513110645903,65.6,4.277849927241488,0.4839448051948052,0.09207258555918467,0.625566536351214,0.03579117714234276,0.5221036605551311,0.0025908723471694465
default,rf,least_risky,0.1,5,0.8283276218619335,0.008579600409197658,0.6034161582845423,0.02315104889157925,0.20775915719813637,0.014837726685611206,0.20683231656908455,0.04630209778315842,16029.8,55.782613778846866,0.18213635737973483,0.0013920954081473127,32.2,3.03315017762062,14.2,3.834057902536163,14.2,3.834057902536163,79.8,6.942621983083914,0.4407523510971787,0.10665814153263395,0.6414846715656005,0.018781602543237012,0.5205348310693139,0.0020976034005580685
default,rf,least_risky,0.1,6,0.8301553708099381,0.004066511403783559,0.5809475671388131,0.022218479948741744,0.20583737295120477,0.017875867091876566,0.16189513427762642,0.04443695989748343,18243.0,56.87266478722443,0.17963057012552797,0.0011621194655391058,32.4,1.3416407864998732,17.0,2.23606797749979,17.0,2.23606797749979,96.8,6.610597552415364,0.526341210971192,0.07848494106194905,0.6300455424281877,0.015342813658958149,0.5215468633201081,0.0056494708532073366
default,rf,least_risky,0.1,7,0.8336823180079396,0.00316004625684728,0.5957082103359923,0.01740463267391055,0.19475571029195496,0.01092738618278245,0.19141642067198467,0.03480926534782103,20433.6,78.54489162256199,0.17770723428094254,0.0008077773943322779,34.8,2.6832815729997472,20.0,2.345207879911715,20.0,2.345207879911715,116.8,4.604345773288536,0.5781662781662782,0.0864255767305209,0.6310416294209311,0.01775335050205017,0.520430846930847,0.004108624518334574
default,rf,least_risky,0.1,8,0.8310880064281403,0.003586430446449121,0.572987114793665,0.03676789370968472,0.17498172299732634,0.01502115416989971,0.14597422958733003,0.07353578741936942,22643.8,95.34516243627677,0.17691241733907778,0.0005063233935551986,32.6,2.7018512172212596,16.6,1.140175425099138,16.6,1.140175425099138,133.4,5.079370039680119,0.5104351272093208,0.033809444632820825,0.6403600562926637,0.04050528969668042,0.5224967149976222,0.00236359249520052
default,rf,least_risky,0.1,9,0.8288112827967854,0.006112084940831715,0.5643126003924832,0.018561473521629693,0.1671338661678724,0.01284012003766065,0.1286252007849666,0.03712294704325942,24848.8,109.41297912039518,0.17611016559873516,0.0009276589246926487,33.4,2.302172886644267,16.4,1.6733200530681507,16.4,1.6733200530681507,149.8,4.2661458015403095,0.49117677178398245,0.039899133210857106,0.6205269135860222,0.034487359684096185,0.5202776628214009,0.002321796842019251
default,rf,least_risky,0.1,10,0.8342561245151867,0.002828725127507635,0.5784553752950313,0.02101156989272275,0.1721704193488114,0.018961277986602174,0.15691075059006265,0.04202313978544543,27050.6,118.72784003762554,0.17479425261315734,0.0012610950579488853,33.4,1.6733200530681505,17.6,3.3615472627943217,17.6,3.3615472627943217,167.4,6.655824516917497,0.5262106357694594,0.09529947668600226,0.6317219072400729,0.025282319329087605,0.5192889705882353,0.0027802913524170073
default,rf,least_risky,0.15,0,0.8114000000000001,0.012218837915284702,0.6061410212238073,0.06200847331467185,0.360820905800386,0.02523743340572855,0.21228204244761453,0.1240169466293438,5000.0,0.0,0.22012,0.006388427036446456,0.0,0.0,0.0,0.0,0.0,0.0,0.0,0.0,0.0,0.0,0.0,0.0,0.0,0.0
default,rf,least_risky,0.15,1,0.8195154061446843,0.011385916751198186,0.6170653170432733,0.07384774786179384,0.3110218495251276,0.02138132535059695,0.23413063408654655,0.1476954957235877,7221.6,7.536577472566612,0.2055200160609484,0.004963044106572716,49.8,1.4832396974191326,25.2,2.863564212655271,25.2,2.863564212655271,25.2,2.863564212655271,0.505698063840921,0.05215530528224041,0.640464688819345,0.04124696115703171,0.5273884301412873,0.002543237207457531
default,rf,least_risky,0.15,2,0.8131073068831925,0.008708448294048722,0.6058547513047349,0.03305251001211205,0.26704504915672383,0.016476227338598683,0.21170950260946975,0.06610502002422414,9445.8,20.06738647656953,0.1961058967689955,0.003258401239933525,49.2,2.588435821108957,25.8,6.180614856144977,25.8,6.180614856144977,51.0,6.819090848492928,0.5237761603410848,0.11960711825790138,0.6269363172207575,0.032873235503959895,0.5234049105154777,0.0011678482622468364
default,rf,least_risky,0.15,3,0.8182768591047622,0.007096724141150738,0.5871142475164224,0.03143318288482768,0.25120434979463124,0.011310484844581005,0.17422849503284493,0.06286636576965533,11669.6,28.79756934187312,0.19155736185266076,0.0014330518975634973,49.2,4.207136793592527,29.4,2.1908902300206647,29.4,2.1908902300206647,80.4,6.42650760522385,0.6030744675228582,0.08844031182809879,0.6420092387117331,0.0383349408805812,0.5269224036784526,0.0036776189872695085
default,rf,least_risky,0.15,4,0.8237824938732331,0.0061837084650190515,0.5914021542371799,0.04147031052499263,0.2258049463965519,0.011164364167341815,0.1828043084743598,0.08294062104998526,13883.6,27.880100430235228,0.18727152977711128,0.0010133724378566917,50.8,1.6431676725154982,23.6,2.073644135332772,23.6,2.073644135332772,104.0,7.348469228349534,0.4645927601809955,0.038243362796638446,0.6182977565900878,0.023717656988690897,0.5279641402714932,0.004445516359527308
default,rf,least_risky,0.15,5,0.8287145920309635,0.005391513777931211,0.6148273037991001,0.04259607382742545,0.22219548309776008,0.008892528078357654,0.22965460759820022,0.08519214765485085,16105.6,25.957657829627188,0.18413507496628345,0.0018200682537695288,49.6,4.449719092257397,25.6,6.5038450166036395,25.6,6.5038450166036395,129.6,11.588787684654509,0.5131271166179694,0.10942428353400617,0.6419249285887794,0.030272525611887625,0.5270302215247619,0.002744334581247634
default,rf,least_risky,0.15,6,0.8330990170664349,0.006559202557761153,0.5892817033624468,0.022313807363656797,0.2129006778208838,0.01775907600081094,0.1785634067248935,0.044627614727313636,18325.0,29.605742686174782,0.18128301135020577,0.0013189438686905413,50.2,1.7888543819998324,24.0,2.23606797749979,24.0,2.23606797749979,153.6,11.216059914247962,0.4777201257861635,0.03478887554541439,0.6319781340860535,0.01496959067695642,0.5278877924528302,0.0029360185671585656
default,rf,least_risky,0.15,7,0.8290811812882154,0.00483526425038852,0.590429486893416,0.019792785543373357,0.1991885227260612,0.016445217086377795,0.1808589737868321,0.039585571086746665,20538.6,47.84662997537044,0.1794579721269159,0.000923630703644933,51.0,4.415880433163924,24.8,3.271085446759225,24.8,3.271085446759225,178.4,11.802542099056456,0.4871190555003862,0.0593854603402423,0.6287948398368008,0.019884158585923024,0.5287260112545515,0.004225299994386384
default,rf,least_risky,0.15,8,0.831754141703388,0.005004019584634926,0.5758977764157047,0.023384376180335842,0.1854847284198235,0.011983397634805347,0.15179555283140939,0.04676875236067166,22762.8,66.62732172314901,0.17880892210765348,0.00039016114908693386,49.2,4.54972526643093,27.8,2.489979919597747,27.8,2.489979919597747,206.2,10.401922899156675,0.570640857890545,0.08944942791755482,0.640638750290514,0.03328277783934421,0.5290336346772752,0.004559960723977351
default,rf,least_risky,0.15,9,0.8308608747557878,0.0027025821847037096,0.5691250433390419,0.031219561055611713,0.17918473462003023,0.012797020289341708,0.1382500866780838,0.06243912211122338,24983.0,63.28111882702454,0.1779125215341329,0.0002615184959812118,50.0,2.345207879911715,26.2,3.3466401061363027,26.2,3.3466401061363027,232.4,12.817956155331473,0.5246296296296296,0.06937224768129767,0.6346673841609302,0.03708196825968002,0.528649233276644,0.004962212454071188
default,rf,least_risky,0.15,10,0.8306141218791849,0.005314752059402707,0.5753997825424779,0.01994203494613539,0.17706805116858598,0.015060940347740371,0.15079956508495576,0.03988406989227074,27201.6,66.0174219429996,0.17660660487510454,0.00036813700985323063,50.0,3.807886552931955,22.2,1.6431676725154984,22.2,1.6431676725154984,254.6,12.817956155331473,0.44642722919318667,0.0505324540682768,0.6245024195205799,0.02081487020454247,0.5308096640947706,0.002677151083577558
default,rf,least_risky,0.2,0,0.8114000000000001,0.012218837915284702,0.6061410212238073,0.06200847331467185,0.360820905800386,0.02523743340572855,0.21228204244761453,0.1240169466293438,5000.0,0.0,0.22012,0.006388427036446456,0.0,0.0,0.0,0.0,0.0,0.0,0.0,0.0,0.0,0.0,0.0,0.0,0.0,0.0
default,rf,least_risky,0.2,1,0.8167334417123907,0.011904972738149344,0.6141024189467802,0.034106273176201685,0.300121232424698,0.02590852488270612,0.22820483789356044,0.06821254635240334,7238.0,7.106335201776048,0.2062428648048285,0.004870699826686923,66.2,1.9235384061671361,33.8,5.540758070878028,33.8,5.540758070878028,33.8,5.540758070878028,0.5099236023818275,0.07836484750749187,0.640464688819345,0.04124696115703171,0.5344710653085288,0.003446812060162738
default,rf,least_risky,0.2,2,0.816188973506074,0.012097024967983707,0.617625448043215,0.048689046825899245,0.26905418583682905,0.016704796273573626,0.23525089608642982,0.09737809365179852,9474.6,25.30414985728621,0.19741258420017513,0.0031012455838486655,66.6,5.272570530585627,32.8,5.761944116355173,32.8,5.761944116355173,66.6,7.436396977031284,0.49253089057436883,0.07855568753458513,0.6113565653573181,0.028914141139799038,0.5341833108553218,0.0030981823465514517
default,rf,least_risky,0.2,3,0.8177827824308903,0.011293830202235398,0.5925462891136984,0.0401753921757464,0.24702866834741863,0.023481121007711672,0.18509257822739691,0.0803507843514928,11713.6,31.5245935739066,0.19276743383536235,0.0009973389502053844,65.8,6.300793600809345,34.4,7.021395872616783,34.4,7.021395872616783,101.0,9.354143466934856,0.5247550465935971,0.10280305381810763,0.6395115440062316,0.02314900810330313,0.5349708043385478,0.002421373805667982
default,rf,least_risky,0.2,4,0.8229804876867304,0.006993962770349684,0.6035084072384562,0.027677287923561836,0.2316415960399954,0.0220775789160126,0.2070168144769125,0.055354575847123666,13947.0,29.00861940872046,0.18902910379700114,0.0007754583206106835,67.0,3.391164991562636,34.4,3.646916505762094,34.4,3.646916505762094,135.4,9.939818911831344,0.5150253019537733,0.06693471346352779,0.6158311440144046,0.02729768339532035,0.5368183310300421,0.0031989302432138965
default,rf,least_risky,0.2,5,0.826768910830693,0.005157788784915424,0.6080492526482872,0.04913744569577737,0.23027982898710872,0.014278947015953891,0.21609850529657443,0.0982748913915547,16191.8,34.38313540094902,0.18619230644803247,0.0012723038511360915,64.2,3.9623225512317894,32.0,5.196152422706632,32.0,5.196152422706632,167.4,11.970797801316333,0.49880553802475636,0.07565894953757313,0.6390326128930723,0.04106761061953527,0.5350976921655916,0.007567895179727228
default,rf,least_risky,0.2,6,0.8294348463935683,0.006656532507678299,0.5924671238241143,0.008404750658737163,0.21372033869215684,0.02082629290092956,0.18493424764822844,0.016809501317474326,18430.8,37.238421019157364,0.18357339952581012,0.0006613268845059826,65.8,2.1679483388678795,30.8,4.207136793592526,30.8,4.207136793592526,198.2,13.479614237803693,0.4697227608992315,0.07693711611651138,0.6231592659822136,0.00995344617157939,0.5348550779286073,0.0037857606039647046
default,rf,least_risky,0.2,7,0.8300713117017076,0.0029860599517871136,0.5720406589328281,0.01883282670272958,0.19900268299297325,0.020634872124908943,0.1440813178656562,0.03766565340545923,20658.4,55.12531179050137,0.1817467117792247,0.0006093290013572418,68.6,5.079370039680118,32.8,4.969909455915671,32.8,4.969909455915671,231.0,12.389511693363866,0.4778141060544533,0.058855038337279855,0.6244548056360799,0.022288419582910935,0.5394971238818108,0.005684279431790829
default,rf,least_risky,0.2,8,0.8287443904236481,0.0037917439186605636,0.582797679688991,0.03526455930964189,0.19500955555357496,0.014341795519482501,0.16559535937798214,0.07052911861928376,22893.6,68.35422444882252,0.18091431972297717,0.0004151793816892347,66.8,4.8166378315169185,36.6,3.5071355833500357,36.6,3.5071355833500357,267.6,11.238327277669034,0.5498559336120497,0.06529629288536046,0.6451108173788442,0.030733665279738493,0.5363394581724958,0.004643091994088665
default,rf,least_risky,0.2,9,0.830482715984429,0.0043810239190864575,0.5869482588029032,0.03480918824844588,0.19722361063413646,0.01652559206811021,0.17389651760580643,0.06961837649689176,25132.0,67.67939125021738,0.1801677403539072,0.0007435041651334302,66.0,4.582575694955838,33.6,5.549774770204644,33.6,5.549774770204644,301.2,11.03177229641729,0.5068662873297131,0.054826085962852114,0.6255471669253032,0.04162179352201562,0.5375665452692259,0.006184535420893396
default,rf,least_risky,0.2,10,0.8318896305566241,0.005466320410875721,0.57603956660768,0.010569618529751095,0.19013631360331157,0.01933063204102029,0.1520791332153601,0.021139237059502165,27367.0,64.37779120162477,0.17895171657957484,0.0009000463977397198,67.0,1.5811388300841898,34.4,4.722287581247038,34.4,4.722287581247038,335.6,9.93981891183134,0.512712628441147,0.06409979244948837,0.628912249202279,0.03447060597917114,0.5368813878839369,0.005276581030368272
default,rf,least_risky,0.3,0,0.8114000000000001,0.012218837915284702,0.6061410212238073,0.06200847331467185,0.360820905800386,0.02523743340572855,0.21228204244761453,0.1240169466293438,5000.0,0.0,0.22012,0.006388427036446456,0.0,0.0,0.0,0.0,0.0,0.0,0.0,0.0,0.0,0.0,0.0,0.0,0.0,0.0
default,rf,least_risky,0.3,1,0.818343642360707,0.005864662998329388,0.6296558890743442,0.03833096930271577,0.32290344986223857,0.005956744119141956,0.25931177814868844,0.07666193860543158,7270.8,6.3007936008093495,0.20781614362076706,0.0047137851155476035,99.0,2.738612787525829,52.0,7.745966692414834,52.0,7.745966692414834,52.0,7.745966692414834,0.5244118509689023,0.07040736802386117,0.640464688819345,0.04124696115703171,0.5478656813859748,0.005213219463810312
default,rf,least_risky,0.3,2,0.8177949934037541,0.002200320531106612,0.6042547572956638,0.018540415178874826,0.27662103735105614,0.014945772376546262,0.20850951459132777,0.037080830357749686,9541.0,26.514147167125767,0.19993641682514618,0.0031976333539637213,99.0,9.669539802906858,49.2,6.1400325732035,49.2,6.1400325732035,101.2,9.934787365615836,0.49671069607908125,0.033135978499351466,0.6052435858565862,0.02430860074458278,0.5447442798656523,0.004470724319374772
default,rf,least_risky,0.3,3,0.8200242562907721,0.004637595397701388,0.6058070147328898,0.04094721852498119,0.2652765524908913,0.0151483131866898,0.21161402946577942,0.08189443704996235,11811.2,25.64566240127148,0.19577968869970233,0.0009885554049730027,99.0,9.192388155425117,53.2,9.093954035511725,53.2,9.093954035511725,154.4,10.691117808723279,0.5403628118464352,0.0977554526368741,0.6414707232521224,0.03842536334498778,0.548540941399628,0.008331639657714095
default,rf,least_risky,0.3,4,0.8192744369602767,0.00738335641276617,0.5978961678241604,0.036679762341762324,0.2440836912550155,0.016172495268672506,0.19579233564832083,0.07335952468352473,14080.2,23.552069972721913,0.19232596791252493,0.0011280143534816132,99.6,3.2863353450309964,53.2,3.70135110466435,53.2,3.70135110466435,207.6,12.381437719424992,0.534622176372877,0.04110483882401941,0.6260046563898082,0.03136144548569272,0.5534098861776525,0.007059351058307922
default,rf,least_risky,0.3,5,0.8248969296846591,0.006556626127899431,0.597660448525551,0.02709103426385832,0.2463217334255973,0.0165886511589928,0.195320897051102,0.05418206852771662,16350.0,27.40437921208944,0.18972466416362727,0.0009357532906848622,99.4,7.300684899377591,51.0,7.681145747868608,51.0,7.681145747868608,258.6,12.09545369136685,0.5115506365819147,0.051615138243768045,0.6291383203419973,0.031234684451241078,0.5478455951223568,0.006335715673738306
default,rf,least_risky,0.3,6,0.8286834527505524,0.004006417445449989,0.5917408774063505,0.01953442201858471,0.2248554923252844,0.012726008755767368,0.18348175481270107,0.039068844037169384,18623.8,28.47279403219849,0.18730861617398525,0.0007569027558258272,97.6,1.3416407864998745,48.8,4.32434966208793,48.8,4.32434966208793,307.4,14.415269681833921,0.4997500781005936,0.03985345738728007,0.6293849966131047,0.01820875114932161,0.554382897271686,0.0080477919287377
default,rf,least_risky,0.3,7,0.831390977110517,0.005022068925440251,0.5989038797584969,0.01730806378101208,0.22706004148572614,0.013866946899733872,0.19780775951699375,0.034616127562024195,20885.4,32.22266283223671,0.18577574057973875,0.0005861628379614524,103.0,7.314369419163897,54.6,7.402702209328699,54.6,7.402702209328699,362.0,18.533752992850637,0.5283875437238901,0.03821249158576613,0.6283837214692717,0.01652041346747895,0.5523680948293415,0.004567187721805802
default,rf,least_risky,0.3,8,0.8305572023439304,0.005421065522273997,0.5923816004992483,0.0304313624009716,0.21016610996808435,0.017576847833197528,0.1847632009984965,0.060862724801943234,23155.4,44.500561794206696,0.18518365731855366,0.00024194241172963415,99.4,6.348228099241551,56.6,2.8809720581775866,56.6,2.8809720581775866,418.6,20.513410247932935,0.570224016449264,0.026574480576892066,0.6471694731236768,0.03237531655390573,0.5546449378652762,0.005902391619066922
default,rf,least_risky,0.3,9,0.8262858407253446,0.0040239453510633955,0.5701715609925347,0.03476018299450646,0.20976017771999164,0.012923235165517228,0.14034312198506943,0.06952036598901291,25429.2,42.37570058417912,0.1845831292844727,0.0007746352183023398,97.8,4.086563348340508,52.4,4.335896677735761,52.4,4.335896677735761,471.0,21.0,0.536122733759309,0.04438502138382473,0.6305394338479686,0.02360993744912019,0.5527445113417188,0.0052544956481770395
default,rf,least_risky,0.3,10,0.8257151561108751,0.006262758740948034,0.5679060534372237,0.02309222530371863,0.20090168900943722,0.02189686007403711,0.13581210687444745,0.046184450607437345,27699.0,36.32492257390222,0.18349382206070444,0.0008453110357422639,99.4,5.941380311005179,50.2,6.260990336999411,50.2,6.260990336999411,521.2,16.48332490731163,0.5046273028013254,0.047328597831135265,0.6223623175764387,0.022342862574747043,0.5518998540753242,0.0061151448167328535
default,rf,least_risky,0.5,0,0.8114000000000001,0.012218837915284702,0.6061410212238073,0.06200847331467185,0.360820905800386,0.02523743340572855,0.21228204244761453,0.1240169466293438,5000.0,0.0,0.22012,0.006388427036446456,0.0,0.0,0.0,0.0,0.0,0.0,0.0,0.0,0.0,0.0,0.0,0.0,0.0,0.0
default,rf,least_risky,0.5,1,0.8145244695414515,0.012690912555503413,0.6204602367744059,0.051070981151364034,0.3276031159941606,0.024774731006885653,0.24092047354881174,0.10214196230272803,7336.4,4.50555213042762,0.2115195798625511,0.004546757307505313,164.6,4.505552130427521,92.8,10.329569206893385,92.8,10.329569206893385,92.8,10.329569206893385,0.5632856824937162,0.05517703718358623,0.640464688819345,0.04124696115703171,0.5760297262797591,0.00527120221493431
default,rf,least_risky,0.5,2,0.8141407661053532,0.003228407914852655,0.5905041327268246,0.02416562487285254,0.29329758128659755,0.019798442297675287,0.18100826545364918,0.04833124974570507,9671.6,11.674759098157038,0.20546685328842768,0.0035078312060314487,165.6,8.203657720797475,94.8,9.121403400793103,94.8,9.121403400793103,187.6,14.825653442597398,0.5729089514664457,0.05381423891966004,0.6228449995532636,0.029797982980849794,0.5765511440160174,0.0034120805454340526
default,rf,least_risky,0.5,3,0.8215456465736397,0.006618139599699944,0.6213210796016113,0.017211275973952084,0.2937105201454084,0.014898287878406243,0.2426421592032228,0.034422551947904195,12006.8,11.388590782006432,0.20266854316095548,0.001452599818504058,165.0,7.14142842854285,96.6,7.569676347110224,96.6,7.569676347110224,284.2,17.108477430794366,0.5865426658468265,0.05625814859975018,0.6444932195189151,0.02658941918961743,0.580932552207875,0.004378745746114815
default,rf,least_risky,0.5,4,0.8205482221528533,0.008725994389270566,0.6235705888938189,0.04549143534157859,0.28275853046438043,0.024164039369564298,0.24714117778763778,0.0909828706831572,14342.8,11.541230437002632,0.20001636491075203,0.0012186979539347484,164.4,4.277849927241488,91.6,6.9498201415576215,91.6,6.9498201415576215,375.8,18.25376673456741,0.5573505834049073,0.04245355367837499,0.6259275331695173,0.02855196761838203,0.582184862908624,0.009125142180564387
default,rf,least_risky,0.5,5,0.8215727096148834,0.007309881492697619,0.6275026235971694,0.03542971953427664,0.27613615852621765,0.0228456341567047,0.25500524719433865,0.07085943906855327,16683.4,17.242389625570873,0.19810116900592561,0.001609364701292232,159.8,8.526429498916881,91.8,11.432410069622241,91.8,11.432410069622241,467.6,26.216407076485513,0.573253819098222,0.0495011186994732,0.6447228271583415,0.03315264045809932,0.5814536734482701,0.008283044804323948
default,rf,least_risky,0.5,6,0.8227244488087588,0.004313426079362094,0.6126612850950771,0.01891830197069885,0.2734585868778485,0.018416304114388896,0.22532257019015428,0.03783660394139765,19025.6,18.447222013083696,0.19628301294312964,0.000930448155874369,158.0,6.041522986797286,89.2,5.263078946776306,89.2,5.263078946776306,556.8,30.244007670942036,0.564497216194681,0.024082918501570252,0.6372306791856032,0.019645042648313876,0.5849158804859673,0.002605444713057816
default,rf,least_risky,0.5,7,0.8236440240089602,0.0019962766875508166,0.5928543083976383,0.01719272598835232,0.2649331800520038,0.012823833544247138,0.18570861679527675,0.03438545197670467,21357.8,23.826455884163632,0.19512310059694873,0.0008431269309735236,168.2,11.755849607748477,93.6,11.781341180018511,93.6,11.781341180018511,650.4,27.428087793355193,0.5554004167706758,0.03924173009809306,0.6307137189584593,0.020165318180888573,0.5894000765471159,0.00884408337546321
default,rf,least_risky,0.5,8,0.8254774317712237,0.0062752703377078655,0.600300672629825,0.029199266100653754,0.2658382813257577,0.011290881728008722,0.20060134525965,0.05839853220130749,23697.6,33.75351833513047,0.19497342350824326,0.0003066660866976586,160.4,10.691117808723277,94.6,8.203657720797475,94.6,8.203657720797475,745.0,33.34666400106613,0.5893050620240585,0.018741909962624433,0.6421956447584611,0.025879721121068105,0.5869516235274663,0.00636516277998929
default,rf,least_risky,0.5,9,0.8221430396910115,0.0031164589463992657,0.6011959910368335,0.022913785758976284,0.2565965126805529,0.013734026791513476,0.202391982073667,0.04582757151795253,26036.2,33.677885919398165,0.19455999618316555,0.00038611753492107684,161.8,7.463243262818114,91.4,7.021395872616782,91.4,7.021395872616782,836.4,35.18238195460904,0.5646852446465639,0.03058166748610837,0.63129704404123,0.03643744034159841,0.5883663725041588,0.0061894920238825
default,rf,least_risky,0.5,10,0.8224381151343859,0.004331285167957112,0.6051420616679858,0.02417105625607296,0.24983502179656192,0.01687127041876053,0.21028412333597166,0.048342112512145895,28370.8,38.088055870574195,0.19355104273254073,0.0006605792545426968,166.4,6.465291950097845,90.8,8.814760348415604,90.8,8.814760348415604,927.2,39.91490949507464,0.545769839168581,0.04989070994385611,0.63062459414466,0.02882754857118481,0.5842226693980104,0.008487842403447165
default,rf,least_risky,0.75,0,0.8114000000000001,0.012218837915284702,0.6061410212238073,0.06200847331467185,0.360820905800386,0.02523743340572855,0.21228204244761453,0.1240169466293438,5000.0,0.0,0.22012,0.006388427036446456,0.0,0.0,0.0,0.0,0.0,0.0,0.0,0.0,0.0,0.0,0.0,0.0,0.0,0.0
default,rf,least_risky,0.75,1,0.8041762289830331,0.012587074376109175,0.594411084715819,0.0551168963797779,0.32533066968695784,0.017814287802393143,0.18882216943163815,0.11023379275955582,7418.4,2.3021728866443567,0.21659609512546968,0.004063484110493186,246.6,6.7305274681855325,147.8,13.292855223765882,147.8,13.292855223765882,147.8,13.292855223765882,0.5987681733120759,0.04257093553231783,0.640464688819345,0.04124696115703171,0.6141747174101155,0.004943738414053658
default,rf,least_risky,0.75,2,0.8122956377227611,0.0025275662236786765,0.6218315660096987,0.015144465385394037,0.3283890261305972,0.023110589414255492,0.2436631320193973,0.030288930770788175,9837.4,8.142481194329077,0.21267759236142592,0.0027496690515801275,244.8,18.15764301885022,141.4,10.945318634009702,141.4,10.945318634009702,289.2,20.571825392998072,0.5781264267936872,0.028210952177708297,0.6214011121436552,0.026489330121783016,0.6167392704043883,0.008214175441816945
default,rf,least_risky,0.75,3,0.8133927670732184,0.005611582610208782,0.6209047188134889,0.019291420206769026,0.33389967226223405,0.020080045829268683,0.24180943762697762,0.038582840413538065,12259.8,9.20326029187476,0.21196119429744603,0.0015143834438737537,233.4,21.40794245134268,147.8,14.113823011501884,147.8,14.113823011501884,437.0,26.65520587052368,0.6354463149724243,0.05768962162110357,0.655420425538011,0.041966263685642984,0.6181655859479406,0.006565934014777892
default,rf,least_risky,0.75,4,0.8132135277348664,0.004564013855548464,0.6245543170465122,0.022365730361493794,0.3261764953393802,0.015833092135837543,0.24910863409302433,0.044731460722987566,14678.0,9.61769203083588,0.21042416988798668,0.0010892278667308912,247.4,10.922453936730516,147.2,11.322543883774529,147.2,11.322543883774529,584.2,26.47073856166465,0.5951024126648304,0.03942115659632026,0.6274337279753257,0.0289277520042805,0.6246277463160796,0.008933328480284478
default,rf,least_risky,0.75,5,0.8186554880934453,0.004786889541369968,0.630783725948185,0.02377343956540657,0.33434674469988124,0.019152952815862382,0.26156745189637015,0.04754687913081313,17099.0,13.076696830622463,0.20931071892253478,0.0016589883361514074,237.8,20.729206448873047,145.4,16.68232597691341,145.4,16.68232597691341,729.6,31.957784654133956,0.6117397892411442,0.04794550353507512,0.6487647039626512,0.03551439581639579,0.6195692260810113,0.004113306323454
default,rf,least_risky,0.75,6,0.816619104260932,0.005915023626381771,0.6147075153401225,0.0184863533971603,0.32610472287328995,0.03212178926067116,0.22941503068024494,0.036972706794320555,19520.2,12.27599283153909,0.2078978069876385,0.0013296403344524687,238.8,8.5848704125339,138.2,2.387467277262664,138.2,2.387467277262664,867.8,32.79024245107073,0.5791664547856652,0.017382597722332173,0.6314764606804026,0.019544633405298852,0.6224711202890889,0.007495469917932246
default,rf,least_risky,0.75,7,0.8156888775931902,0.005874117849500533,0.6274381533353648,0.011510003313627936,0.3187735863244474,0.018151629096974032,0.2548763066707296,0.02302000662725579,21937.6,12.421755109484408,0.2073884965014113,0.0012346302703444944,249.0,12.08304597359457,153.8,9.28439551074813,153.8,9.28439551074813,1021.6,32.569924777315634,0.6178326074585849,0.02762697849947048,0.6449951927455178,0.025837982486516486,0.6270855343428632,0.009859702505450181
default,rf,least_risky,0.75,8,0.8178210446555815,0.005295758736937187,0.6294529978692219,0.021293832765786835,0.3173836151461672,0.0031653337323393742,0.2589059957384438,0.04258766553157367,24358.8,14.498275759551564,0.20759656229567275,0.0005312223325082429,238.2,14.411800720243116,150.4,9.07193474403338,150.4,9.07193474403338,1172.0,31.796226191169314,0.631922295229181,0.028933420825866415,0.6548808437533319,0.026110607080959504,0.6232677458374932,0.008893019029921723
default,rf,least_risky,0.75,9,0.8196861677197393,0.0034769238322206433,0.6364499989913803,0.024866290707806812,0.31358344603588834,0.018461468649554783,0.27289999798276054,0.049732581415613555,26780.4,12.915107432770457,0.2074577902527893,0.00034169225362306395,237.2,11.56287161564981,142.8,12.070625501605129,142.8,12.070625501605129,1314.8,25.19325306505694,0.6016739777374764,0.034713316664665955,0.6384535005814602,0.03265358517193386,0.624354276185538,0.007130343811759321
default,rf,least_risky,0.75,10,0.8193747300455054,0.0025211889979780714,0.6278468215168221,0.00777361434769722,0.31180215495486474,0.006010659657094857,0.25569364303364417,0.015547228695394513,29202.4,11.058933040759298,0.20678433129959947,0.00026477839944170217,235.8,12.597618822618822,139.2,11.649034294738774,139.2,11.649034294738774,1454.0,20.33469940766274,0.5898776848175583,0.027748456745075586,0.6383680695811854,0.020639210884637788,0.6284884185961114,0.005091979610046931
default,rf,least_risky,1.0,0,0.8114000000000001,0.012218837915284702,0.6061410212238073,0.06200847331467185,0.360820905800386,0.02523743340572855,0.21228204244761453,0.1240169466293438,5000.0,0.0,0.22012,0.006388427036446456,0.0,0.0,0.0,0.0,0.0,0.0,0.0,0.0,0.0,0.0,0.0,0.0,0.0,0.0
default,rf,least_risky,1.0,1,0.8129333333333333,0.01320437637889632,0.6241589345897243,0.04390528385782048,0.3747510764201796,0.03211309149157599,0.2483178691794484,0.08781056771564102,7500.0,0.0,0.22258666666666665,0.0039548563676685975,328.2,9.011104260855042,210.4,17.784824992110547,210.4,17.784824992110547,210.4,17.784824992110547,0.640464688819345,0.04124696115703171,0.640464688819345,0.04124696115703171,0.6631561593509482,0.006405224131860181
default,rf,least_risky,1.0,2,0.8184999999999999,0.005678908345800282,0.6505732651966969,0.03295186525559599,0.3875958741326383,0.010899553197585642,0.3011465303933939,0.06590373051119199,10000.0,0.0,0.22155999999999998,0.002380756182392481,325.4,29.228410836034175,200.0,16.0,200.0,16.0,410.4,26.273560854973578,0.6152189174582453,0.01570736719125141,0.6152189174582453,0.01570736719125141,0.6669322483059688,0.008990248556083689
default,rf,least_risky,1.0,3,0.8164,0.006887670143089022,0.6497057285518875,0.02221330684219063,0.37749805538684694,0.014639095532957037,0.29941145710377476,0.044426613684381173,12500.0,0.0,0.22220800000000002,0.0013851786888340442,317.6,24.501020386914504,206.0,14.983324063771697,206.0,14.983324063771697,616.4,23.891421054428736,0.649886878394903,0.04099287664718369,0.649886878394903,0.04099287664718369,0.6646779927380557,0.009139913031363363
default,rf,least_risky,1.0,4,0.8120666666666667,0.00576097985492819,0.646061186621041,0.02357135338860483,0.37246061563369565,0.009725730914254988,0.29212237324208196,0.04714270677720957,15000.0,0.0,0.22178666666666666,0.0012870293098622286,325.0,11.979148550710937,204.6,4.39317652729776,204.6,4.39317652729776,821.0,23.569047498785352,0.6302474949165116,0.02790505683748833,0.6302474949165116,0.02790505683748833,0.67172174930806,0.006088331923976469
default,rf,least_risky,1.0,5,0.8176,0.0036734013599142856,0.6329268489957381,0.015435569381438714,0.3870313168336753,0.026474676586238467,0.26585369799147623,0.030871138762877427,17500.0,0.0,0.22155428571428573,0.001819800392732055,316.0,23.44141633946209,202.8,20.29039181484675,202.8,20.29039181484675,1023.8,39.77059215048226,0.6413064286404537,0.03327804545892619,0.6413064286404537,0.03327804545892619,0.6671328851233186,0.006669442903047805
default,rf,least_risky,1.0,6,0.8140499999999999,0.002922969380612808,0.6391547011290367,0.017364060621752987,0.3675719190987034,0.017099323208458736,0.2783094022580733,0.03472812124350595,20000.0,0.0,0.22093,0.001610357103253815,311.8,10.183319694480776,195.6,8.018728078691781,195.6,8.018728078691781,1219.4,44.997777722905354,0.6272438827730207,0.01011305304695323,0.6272438827730207,0.01011305304695323,0.6723991809227056,0.005155472982459136
default,rf,least_risky,1.0,7,0.8161777777777777,0.003765994695878198,0.6411916690410522,0.013725987354868099,0.3645442280550123,0.01793922901648712,0.2823833380821042,0.027451974709736253,22500.0,0.0,0.22088888888888886,0.0014466649598897582,331.8,16.17714437099453,210.6,11.886967653695368,210.6,11.886967653695368,1430.0,47.23346271447817,0.6347911014588553,0.021506456367029435,0.6347911014588553,0.021506456367029435,0.676010991742452,0.0031633320639755727
default,rf,least_risky,1.0,8,0.8161999999999999,0.006528399497579821,0.6501737492803832,0.002062127155646651,0.37205950371117835,0.02037651417157306,0.3003474985607663,0.0041242543112933044,25000.0,0.0,0.221368,0.0007901392282376582,313.6,21.755459085020473,203.8,12.61744823647,203.8,12.61744823647,1633.8,45.94779646511896,0.6504318656618552,0.023246436801319572,0.6504318656618552,0.023246436801319572,0.6747242062028602,0.0033514889927334693
default,rf,least_risky,1.0,9,0.8150545454545455,0.004965001477282902,0.6574703084325805,0.009990148643859696,0.36725036147984114,0.013377562961265507,0.314940616865161,0.019980297287719464,27500.0,0.0,0.2215272727272727,0.0005857819524940805,316.2,11.256109452204171,203.0,13.546217184144066,203.0,13.546217184144066,1836.8,42.5640693543275,0.6423485157229867,0.04353519988483291,0.6423485157229867,0.04353519988483291,0.6739076255522279,0.010218679683753222
default,rf,least_risky,1.0,10,0.8110666666666667,0.005614465444031361,0.6382075538768442,0.03180772224673078,0.35632185216289614,0.010262474878170322,0.27641510775368855,0.06361544449346157,30000.0,0.0,0.2212,0.0,307.8,19.690099034794112,195.4,19.047309521294604,195.4,19.047309521294604,2032.2,31.697003012903274,0.6344257322376474,0.04010826833178742,0.6344257322376474,0.04010826833178742,0.6734126842010676,0.006730632475174298
default,rf,most_risky,0.0,0,0.8114000000000001,0.012218837915284702,0.6061410212238073,0.06200847331467185,0.360820905800386,0.02523743340572855,0.21228204244761453,0.1240169466293438,5000.0,0.0,0.22012,0.006388427036446456,0.0,0.0,0.0,0.0,0.0,0.0,0.0,0.0,0.0,0.0,0.0,0.0,0.0,0.0
default,rf,most_risky,0.0,1,0.8173997864374872,0.009619191710150913,0.5904450621878249,0.06681004199348341,0.2934306887349455,0.020207599490501823,0.18089012437564975,0.13362008398696684,7171.8,9.01110426085495,0.20343271296873205,0.005110998571800952,0.0,0.0,0.0,0.0,0.0,0.0,0.0,0.0,0.0,0.0,0.0,0.0,0.0,0.0
default,rf,most_risky,0.0,2,0.8227461741952551,0.005554030565101673,0.6268890936170368,0.026555181692044173,0.26443443027961205,0.008183169698596336,0.2537781872340736,0.05311036338408837,9339.4,34.61647006845152,0.19318299000908684,0.0030318082640481015,0.0,0.0,0.0,0.0,0.0,0.0,0.0,0.0,0.0,0.0,0.0,0.0,0.0,0.0
default,rf,most_risky,0.0,3,0.8309950047922949,0.006217511704631776,0.6060626925638047,0.03994209898707169,0.25336735353823686,0.014590073007125292,0.21212538512760948,0.07988419797414341,11512.8,25.791471458604423,0.18732390107246483,0.0013515063083634725,0.0,0.0,0.0,0.0,0.0,0.0,0.0,0.0,0.0,0.0,0.0,0.0,0.0,0.0
default,rf,most_risky,0.0,4,0.8276960761453834,0.004723412413138207,0.6048702850789811,0.04522867228147153,0.21383742294447985,0.007577308700580331,0.20974057015796216,0.09045734456294313,13676.6,22.733235581412604,0.18275059142603642,0.0010036157183745099,0.0,0.0,0.0,0.0,0.0,0.0,0.0,0.0,0.0,0.0,0.0,0.0,0.0,0.0
default,rf,most_risky,0.0,5,0.8283305332121629,0.004503109542836574,0.593940589557214,0.03554536081018031,0.1998801815997259,0.007098872717096336,0.18788117911442803,0.07109072162036068,15854.4,29.871390995398897,0.17948395131460845,0.0013393641126732258,0.0,0.0,0.0,0.0,0.0,0.0,0.0,0.0,0.0,0.0,0.0,0.0,0.0,0.0
default,rf,most_risky,0.0,6,0.8316706977688385,0.006007107504805741,0.595483069955644,0.05556520956460765,0.18419125566934663,0.01438353999620709,0.19096613991128816,0.11113041912921526,18021.4,37.48733119335134,0.17640133645187797,0.0013513151196086583,0.0,0.0,0.0,0.0,0.0,0.0,0.0,0.0,0.0,0.0,0.0,0.0,0.0,0.0
default,rf,most_risky,0.0,7,0.8345130414915121,0.003094146928382434,0.5701539799913006,0.03641680661843022,0.17821109281315126,0.022386309304367757,0.14030795998260112,0.07283361323686048,20168.4,56.8489225931327,0.1741639601125239,0.0008077073649414139,0.0,0.0,0.0,0.0,0.0,0.0,0.0,0.0,0.0,0.0,0.0,0.0,0.0,0.0
default,rf,most_risky,0.0,8,0.8357593908607133,0.006192328032722079,0.5867117635104271,0.030074865488703494,0.16886960803990103,0.018738077479909472,0.17342352702085412,0.06014973097740686,22326.8,82.10785589698476,0.17295656078701885,0.000705035787848299,0.0,0.0,0.0,0.0,0.0,0.0,0.0,0.0,0.0,0.0,0.0,0.0,0.0,0.0
default,rf,most_risky,0.0,9,0.83372604627026,0.005339416370469009,0.5686794956300325,0.03807722153537554,0.15610688563698302,0.01847457464642367,0.137358991260065,0.0761544430707511,24487.2,98.28631644333798,0.17185830495246693,0.001213302421742736,0.0,0.0,0.0,0.0,0.0,0.0,0.0,0.0,0.0,0.0,0.0,0.0,0.0,0.0
default,rf,most_risky,0.0,10,0.8334925031017051,0.005019420000198266,0.5429966578810387,0.0264162711037197,0.1500430926936636,0.017533214322008394,0.08599331576207733,0.052832542207439534,26638.6,105.27250353249917,0.1703127399848727,0.001460161834602127,0.0,0.0,0.0,0.0,0.0,0.0,0.0,0.0,0.0,0.0,0.0,0.0,0.0,0.0
default,rf,most_risky,0.01,0,0.8114000000000001,0.012218837915284702,0.6061410212238073,0.06200847331467185,0.360820905800386,0.02523743340572855,0.21228204244761453,0.1240169466293438,5000.0,0.0,0.22012,0.006388427036446456,0.0,0.0,0.0,0.0,0.0,0.0,0.0,0.0,0.0,0.0,0.0,0.0,0.0,0.0
default,rf,most_risky,0.01,1,0.820423804054953,0.008191869361668965,0.6234060547272838,0.0435769813628448,0.28386649719996326,0.01772199902013184,0.2468121094545676,0.08715396272568965,7175.8,9.01110426085495,0.2038209957132918,0.005150752533822727,4.0,0.0,3.6,0.5477225575051661,3.6,0.5477225575051661,3.6,0.5477225575051661,0.9,0.13693063937629152,0.640464688819345,0.04124696115703171,0.9480000000000001,0.01690044378115558
default,rf,most_risky,0.01,2,0.8191707510243396,0.010298094775571013,0.6050939171506765,0.028787948053876904,0.26120505907977554,0.03847027917015583,0.21018783430135293,0.05757589610775379,9349.2,33.40957946457862,0.193663898051013,0.0035395061819854727,4.0,0.0,3.6,0.5477225575051662,3.6,0.5477225575051662,7.2,0.8366600265340756,0.9,0.13693063937629155,0.611891559939991,0.03781610059372425,0.9654999999999999,0.0287988715056684
default,rf,most_risky,0.01,3,0.8294395570864002,0.012070510670519176,0.6267999489177438,0.040748310716369314,0.24045794819818006,0.02686835037951626,0.25359989783548753,0.08149662143273857,11519.4,43.74699989713588,0.18786040776503948,0.0017160418260756798,3.8,0.44721359549995787,3.6,0.5477225575051662,3.6,0.5477225575051662,10.8,1.0954451150103324,0.95,0.11180339887498948,0.6380754601820168,0.04814319872647349,0.9535833333333332,0.03295830699535401
default,rf,most_risky,0.01,4,0.829501024213104,0.005040449510019202,0.6157105474011518,0.02672474139184851,0.2161510853267124,0.01805873126607193,0.23142109480230372,0.05344948278369699,13692.6,41.23469413006475,0.18325311434763666,0.0011665829359848313,4.0,0.0,4.0,0.0,4.0,0.0,14.8,1.0954451150103324,1.0,0.0,0.6297975421794126,0.03471634815701656,0.978,0.013851895177195058
default,rf,most_risky,0.01,5,0.8281110733954347,0.009300530878041257,0.6189162448176452,0.04032757197350671,0.20465696802658168,0.02044518091707735,0.2378324896352904,0.08065514394701342,15871.0,59.820565025750135,0.17977600253295198,0.0015699348021731632,3.8,0.447213595499958,2.8,0.447213595499958,2.8,0.447213595499958,17.6,0.8944271909999161,0.75,0.1767766952966369,0.6425160365183779,0.02250750863051904,0.9658333333333333,0.019373879895937737
default,rf,most_risky,0.01,6,0.8326784568971881,0.00441418318888848,0.5965056479026594,0.033720156384372854,0.18898115524818013,0.01689153812659124,0.19301129580531887,0.06744031276874564,18054.4,74.11342658385176,0.1770213295659424,0.0011734805136188417,4.0,0.0,3.4,0.5477225575051661,3.4,0.5477225575051661,21.0,1.2247448713915894,0.85,0.13693063937629152,0.6300622904566446,0.009476124922503232,0.9522499999999999,0.008856494791959163
default,rf,most_risky,0.01,7,0.8323224775104329,0.004091798166487455,0.5914644407912122,0.029015161579135442,0.1842576932456273,0.014613567693120364,0.18292888158242443,0.05803032315827089,20214.0,99.30508546897276,0.17506722260325616,0.0007206324873697662,4.0,0.0,3.8,0.447213595499958,3.8,0.447213595499958,24.8,1.3038404810405297,0.95,0.1118033988749895,0.6165518800622742,0.015283705394041941,0.9564999999999999,0.02066095351139439
default,rf,most_risky,0.01,8,0.8380701816010967,0.009048624848130883,0.6009165335627548,0.015304394157835972,0.17873983201297708,0.023475683090026987,0.20183306712550944,0.030608788315671986,22385.4,120.10953334352773,0.17402232328207934,0.0005333418133598913,4.0,0.0,3.4,0.5477225575051662,3.4,0.5477225575051662,28.2,1.3038404810405297,0.85,0.13693063937629155,0.6350193871709612,0.028587270461464472,0.9724999999999999,0.017410485346480174
default,rf,most_risky,0.01,9,0.8360841278616832,0.0033999888846572993,0.5967187425086383,0.04204309129860144,0.15537169694463948,0.010455412766607183,0.1934374850172765,0.08408618259720278,24554.2,135.34843922262283,0.17300079858483777,0.0011094804319247494,4.0,0.0,3.8,0.447213595499958,3.8,0.447213595499958,32.0,1.5811388300841893,0.95,0.1118033988749895,0.6235447461826145,0.03520000774032732,0.9641666666666666,0.012219065248845987
default,rf,most_risky,0.01,10,0.8356692429994709,0.006982517482814441,0.5670594153962012,0.025193323550303248,0.1557386571495611,0.008876529102553658,0.13411883079240255,0.05038664710060648,26725.4,144.80435076336624,0.1715919382484375,0.0012234894441065058,4.0,0.0,4.0,0.0,4.0,0.0,36.0,1.5811388300841904,1.0,0.0,0.6312848879221191,0.028524669044289436,0.9654999999999999,0.02825110617303328
default,rf,most_risky,0.02,0,0.8114000000000001,0.012218837915284702,0.6061410212238073,0.06200847331467185,0.360820905800386,0.02523743340572855,0.21228204244761453,0.1240169466293438,5000.0,0.0,0.22012,0.006388427036446456,0.0,0.0,0.0,0.0,0.0,0.0,0.0,0.0,0.0,0.0,0.0,0.0,0.0,0.0
default,rf,most_risky,0.02,1,0.8238355011133939,0.010958585132441178,0.6244224626490804,0.040231678732173516,0.30649484877073646,0.02909396746149112,0.24884492529816082,0.08046335746434703,7178.8,9.01110426085495,0.20412580873103453,0.005185451572478957,7.0,0.0,6.4,0.8944271909999159,6.4,0.8944271909999159,6.4,0.8944271909999159,0.9142857142857143,0.12777531299998798,0.640464688819345,0.04124696115703171,0.9342857142857142,0.016598500055174544
default,rf,most_risky,0.02,2,0.8211419292339635,0.002913032128554603,0.6223763716330393,0.046530372146130684,0.26900664795444357,0.023555745409398015,0.24475274326607863,0.09306074429226134,9357.8,35.88453705985353,0.19427730240305405,0.0036292280981921133,7.0,0.7071067811865476,6.2,1.9235384061671346,6.2,1.9235384061671346,12.6,2.5099800796022267,0.8714285714285713,0.21665358411575858,0.6107764817372672,0.031315102620143594,0.9588316326530613,0.036453967381035186
default,rf,most_risky,0.02,3,0.826123148205934,0.004124026123553842,0.6019451357328838,0.040377093166654235,0.24226621682478297,0.02017333609761999,0.2038902714657676,0.08075418633330857,11534.4,32.05932001774221,0.18856791346460994,0.0016045924379193726,7.2,0.8366600265340756,6.2,0.8366600265340756,6.2,0.8366600265340756,18.8,3.271085446759225,0.8714285714285713,0.1533012573666768,0.6387208168474865,0.02800011171940775,0.9293238095238096,0.029245256607073996
default,rf,most_risky,0.02,4,0.8307264793721048,0.0036138189929595995,0.622055142539663,0.0287412103311534,0.2212950816545559,0.0133604428079737,0.24411028507932603,0.057482420662306834,13703.0,26.823497162003434,0.1841933402766716,0.00106252615497445,7.4,0.5477225575051661,6.8,1.6431676725154984,6.8,1.6431676725154984,25.6,4.505552130427524,0.9142857142857143,0.191662969499982,0.6115827550245054,0.020790864034911857,0.9583904761904762,0.026596894532122235
default,rf,most_risky,0.02,5,0.833779304628186,0.01117690175270352,0.6211161020701219,0.023086997305669623,0.22131678334383958,0.023730279179956675,0.24223220414024377,0.046173994611339204,15881.0,38.026306683663144,0.18055605777146605,0.0013435688628483675,7.2,0.44721359549995787,6.2,0.44721359549995787,6.2,0.44721359549995787,31.8,4.08656334834051,0.8642857142857142,0.0889278542713481,0.6470440284904682,0.028517408666020188,0.9512976190476191,0.014495508139966161
default,rf,most_risky,0.02,6,0.8304793975500656,0.00553948076316285,0.6098447511793476,0.04873362960797915,0.19675458089560852,0.021025586754866658,0.21968950235869503,0.09746725921595827,18061.2,43.86570414344205,0.17780729330507752,0.0008812246592107837,7.0,0.0,5.8,0.8366600265340756,5.8,0.8366600265340756,37.6,3.8470768123342687,0.8285714285714285,0.11952286093343935,0.6218420170474752,0.01713980949949217,0.9480000000000001,0.024673376546473818
default,rf,most_risky,0.02,7,0.8314914655235125,0.003893169383309749,0.5890138915907006,0.017399508533776007,0.18408844061817758,0.01339124572882833,0.17802778318140125,0.03479901706755202,20221.6,67.02089226502439,0.1755562213872876,0.000734306528971028,7.4,0.894427190999916,6.8,1.0954451150103321,6.8,1.0954451150103321,44.4,4.03732584763727,0.9206349206349206,0.12498425196844144,0.6340083192506634,0.024529086995107422,0.9466666666666667,0.021359677611434032
default,rf,most_risky,0.02,8,0.8372948198733482,0.005148766504929845,0.5872743076729057,0.03558136301090953,0.1715158736607365,0.014382959871843758,0.17454861534581148,0.07116272602181906,22392.8,81.04751692680033,0.17441364881975222,0.0002818173125895554,7.2,0.44721359549995787,5.8,1.3038404810405297,5.8,1.3038404810405297,50.2,5.06951674225463,0.8035714285714285,0.1646347224516587,0.6386429089781193,0.024726478678002307,0.9686428571428571,0.027664627824228242
default,rf,most_risky,0.02,9,0.8336014213890757,0.002622484279505888,0.5713788673389999,0.028021539745775807,0.15788783242967516,0.017048981468844954,0.14275773467799974,0.05604307949155162,24554.4,99.66845037422834,0.17331221009986164,0.0008530508071994597,7.4,0.5477225575051663,6.2,0.44721359549995787,6.2,0.44721359549995787,56.4,4.669047011971501,0.8392857142857142,0.05050762722761054,0.6188625351480118,0.027629108645270663,0.9479166666666666,0.023131414964862103
default,rf,most_risky,0.02,10,0.836058410175309,0.006196176041437898,0.589780766105585,0.04396865404903585,0.15606532553165015,0.015345677978654262,0.17956153221117005,0.08793730809807168,26720.4,114.29916885087101,0.17185154197001082,0.0009642170829493126,7.4,0.5477225575051663,6.6,0.8944271909999159,6.6,0.8944271909999159,63.0,4.69041575982343,0.8928571428571429,0.1177759460560082,0.6272646772274366,0.028696179067088375,0.9469607142857143,0.02035722274420409
default,rf,most_risky,0.05,0,0.8114000000000001,0.012218837915284702,0.6061410212238073,0.06200847331467185,0.360820905800386,0.02523743340572855,0.21228204244761453,0.1240169466293438,5000.0,0.0,0.22012,0.006388427036446456,0.0,0.0,0.0,0.0,0.0,0.0,0.0,0.0,0.0,0.0,0.0,0.0,0.0,0.0
default,rf,most_risky,0.05,1,0.8164274887882315,0.018958769375179648,0.6081705655883456,0.052863781576338954,0.30061018323673583,0.0377062302249168,0.21634113117669132,0.10572756315267803,7188.8,8.348652585896723,0.20484359430295482,0.00518321375252749,17.0,0.7071067811865472,13.6,1.6733200530681511,13.6,1.6733200530681511,13.6,1.6733200530681511,0.8009803921568628,0.10162558021680446,0.640464688819345,0.04124696115703171,0.903392156862745,0.017125685959090694
default,rf,most_risky,0.05,2,0.8189690810209486,0.005047652721731721,0.6449214025491067,0.021992771307087086,0.2567084556753344,0.019241751001912593,0.2898428050982132,0.04398554261417427,9383.0,28.398943642325786,0.19545885437885052,0.0035264058114275725,16.8,1.3038404810405297,13.6,1.816590212458495,13.6,1.816590212458495,27.2,2.588435821108957,0.8079411764705882,0.06963273205655299,0.6156101901781095,0.022964651591334085,0.909989705882353,0.037176467875337176
default,rf,most_risky,0.05,3,0.8236905848918198,0.006442203670981139,0.5935544275768401,0.02812135377954993,0.2509450412110538,0.013458182549376453,0.18710885515367998,0.056242707559099915,11579.8,28.420063335608713,0.1902982985544222,0.0016681723343117082,16.4,1.5165750888103096,13.4,1.6733200530681511,13.4,1.6733200530681511,40.6,3.7148351242013415,0.8188141923436041,0.08736310539428481,0.6451977947857612,0.04436724172427359,0.8962334267040148,0.024646643573936464
default,rf,most_risky,0.05,4,0.8299492543587947,0.004020842434666733,0.6129368346988131,0.040607843994107294,0.2355258821116178,0.016123493937349135,0.22587366939762613,0.08121568798821449,13759.4,21.384573879317873,0.18583765935376584,0.00131980173091877,17.4,0.8944271909999162,14.6,1.51657508881031,14.6,1.51657508881031,55.2,4.764451699828638,0.8424019607843137,0.111632672699325,0.6228829051455476,0.027344690478264367,0.9335358309990663,0.01411511774142501
default,rf,most_risky,0.05,5,0.8306970602291095,0.003953353729938,0.6191419237262455,0.02555042151926425,0.21892072284482617,0.014718337783223281,0.23828384745249123,0.05110084303852857,15951.6,23.373061416938896,0.18276668191198736,0.0015558206140113484,16.6,1.1401754250991376,14.2,0.8366600265340753,14.2,0.8366600265340753,69.4,5.272570530585627,0.8597875816993463,0.08971660382135986,0.6354144548375087,0.032700232119350366,0.9114910130718954,0.01722987160136198
default,rf,most_risky,0.05,6,0.8317967363665218,0.004962757589886091,0.6008262556299904,0.016590234456113864,0.20888639497468925,0.008089940763441293,0.20165251125998082,0.033180468912227756,18142.4,32.15276037916473,0.1799885984782013,0.0012381941369151881,16.6,0.5477225575051665,13.2,1.4832396974191324,13.2,1.4832396974191324,82.6,6.024948132556828,0.7948529411764705,0.08279816623681911,0.6279974073791529,0.010617682736136799,0.9032622549019609,0.015175617748178508
default,rf,most_risky,0.05,7,0.8369814476544128,0.006303551132899926,0.6045143530536647,0.020840254285652532,0.2049333471716781,0.01938655343799882,0.20902870610732965,0.041680508571305064,20314.6,46.6240281400054,0.17792287947135224,0.0009317184949165113,17.6,0.8944271909999162,15.6,1.3416407864998738,15.6,1.3416407864998738,98.2,6.833739825307954,0.8854833161334709,0.043069499520805465,0.6312380110121135,0.020245591716363358,0.9182377020983832,0.03844327058108477
default,rf,most_risky,0.05,8,0.8353900882446311,0.005176930759183491,0.6118334233471768,0.02986216045265013,0.19411039972680325,0.010891144537238781,0.22366684669435372,0.05972432090530026,22499.2,57.720880104170185,0.17685171664361082,0.000492028496044368,17.0,0.7071067811865476,13.6,2.5099800796022267,13.6,2.5099800796022267,111.8,6.723094525588643,0.7991013071895424,0.13608288611149652,0.6425592829564062,0.038578248404585604,0.9217540849673203,0.023499546238176305
default,rf,most_risky,0.05,9,0.8406045489352891,0.003600267157262221,0.6133558176165642,0.029312864698208065,0.17916001757189592,0.019131293487091687,0.22671163523312837,0.05862572939641612,24683.6,73.38119650155639,0.17592998846703972,0.0006193282390406787,17.2,1.095445115010332,13.4,1.6733200530681513,13.4,1.6733200530681513,125.2,6.1400325732035,0.7791666666666666,0.08163784449825326,0.6226938627161738,0.0356826256027945,0.9160648148148148,0.007447212926118189
default,rf,most_risky,0.05,10,0.8378949255756185,0.00543595174678959,0.5917298476828806,0.03311276169260665,0.17969518636400927,0.017761029477693483,0.1834596953657613,0.06622552338521324,26868.4,79.55061281976394,0.17460520930111964,0.0007625583364314998,17.0,0.7071067811865476,14.2,1.095445115010332,14.2,1.095445115010332,139.4,5.68330889535313,0.8351307189542483,0.04926545106146879,0.6301908989762208,0.019978823346043152,0.9191976579520696,0.028138902406079414
default,rf,most_risky,0.1,0,0.8114000000000001,0.012218837915284702,0.6061410212238073,0.06200847331467185,0.360820905800386,0.02523743340572855,0.21228204244761453,0.1240169466293438,5000.0,0.0,0.22012,0.006388427036446456,0.0,0.0,0.0,0.0,0.0,0.0,0.0,0.0,0.0,0.0,0.0,0.0,0.0,0.0
default,rf,most_risky,0.1,1,0.8244421625009413,0.0160414681922275,0.618621389998488,0.05577360355087102,0.3200560010057876,0.018944037572104867,0.2372427799969759,0.11154720710174204,7205.2,7.918333157931556,0.20609874168259573,0.005082953953752523,33.4,1.1401754250991378,26.0,3.0000000000000004,26.0,3.0000000000000004,26.0,3.0000000000000004,0.7773360707919531,0.07448555406360603,0.640464688819345,0.04124696115703171,0.8710919595110772,0.015504916014451113
default,rf,most_risky,0.1,2,0.8205688819094485,0.004684296742509849,0.609740569945677,0.015072148375113807,0.26906831664205383,0.009328454609118733,0.21948113989135395,0.03014429675022756,9405.6,26.25452341978423,0.19675572247159553,0.0032880752454759635,33.6,2.701851217221259,25.0,1.8708286933869707,25.0,1.8708286933869707,51.0,3.082207001484489,0.7466270706190061,0.06748970530952755,0.6177290749709289,0.028463144490425186,0.877696284994672,0.024780472973252487
default,rf,most_risky,0.1,3,0.8223200676485385,0.00865674268441908,0.6221828985165073,0.04085427128832765,0.24717997611362055,0.02084745635638658,0.2443657970330146,0.0817085425766553,11615.8,33.752036975566554,0.19222174524136285,0.0017446435147560047,32.6,3.130495168499706,25.2,1.3038404810405295,25.2,1.3038404810405295,76.2,3.563705936241092,0.7760515873015873,0.04305244667292519,0.6368280305675448,0.0378409272461514,0.8730348710317459,0.016724421853353023
default,rf,most_risky,0.1,4,0.8296333498122482,0.003842203999158414,0.6157068436030679,0.039724380539716615,0.24281632634059824,0.018676647748790735,0.2314136872061357,0.07944876107943326,13815.4,36.246379129507666,0.188066134297153,0.0008095847543916062,34.0,0.7071067811865472,26.2,1.7888543819998317,26.2,1.7888543819998317,102.4,4.560701700396554,0.771021135727018,0.05757687819323289,0.6278666203557719,0.026178779099489305,0.8714425642984466,0.016059924756360578
default,rf,most_risky,0.1,5,0.8296654887336417,0.008152405435925303,0.6221657799076425,0.029396817091587753,0.23465568496792547,0.022205215086928336,0.24433155981528518,0.058793634183175486,16020.2,39.33446326060634,0.1850172601039643,0.00137002345120883,33.2,2.7748873851023212,24.8,2.5884358211089573,24.8,2.5884358211089573,127.2,6.833739825307957,0.7514918381145561,0.1013749087966356,0.6372718598997509,0.027608585967601167,0.8647197331691296,0.009050966146084007
default,rf,most_risky,0.1,6,0.8374242462691047,0.0049885741878459315,0.636870629567466,0.017975102038130363,0.22736848283048988,0.011320504381330181,0.27374125913493197,0.03595020407626074,18236.8,48.75141023601279,0.18262078516750452,0.0010331215404187515,32.0,1.224744871391589,24.0,2.23606797749979,24.0,2.23606797749979,151.2,6.26099033699941,0.7500474383301707,0.06527818740294426,0.6311639677732401,0.012057946692444019,0.864073600286889,0.016730682792360594
default,rf,most_risky,0.1,7,0.8341005188228156,0.00254293574490486,0.6201168467246101,0.01813885556295055,0.21847626881558413,0.013463069590592795,0.24023369344922024,0.03627771112590109,20431.6,64.66683848774439,0.18078969271543527,0.0008302100034827047,34.4,2.1908902300206643,27.6,3.646916505762094,27.6,3.646916505762094,178.8,7.596051605933179,0.8022445820433436,0.09165292704719145,0.6348730310710599,0.01774702253535479,0.8705907249742001,0.025397665262221855
default,rf,most_risky,0.1,8,0.8334460292377252,0.0018973508742014008,0.6205513349339572,0.032258581945048166,0.2039565896954664,0.015037704045942107,0.24110266986791434,0.06451716389009633,22640.0,89.11228871485689,0.18014966869334142,0.0004014498946663066,32.8,3.0331501776206204,25.2,1.3038404810405297,25.2,1.3038404810405297,204.0,8.276472678623426,0.7714254385964912,0.05267790815456499,0.6325680841680842,0.031456925398625595,0.8761162254594819,0.010919215713400574
default,rf,most_risky,0.1,9,0.8321914486617199,0.0024125610244019823,0.6125972087359374,0.011988191388258022,0.19447444010784123,0.013817217119881474,0.22519441747187469,0.02397638277651601,24848.8,96.23512872127317,0.17928297943957458,0.0008561135938892725,33.0,1.870828693386971,24.4,3.646916505762094,24.4,3.646916505762094,228.4,8.264381404557755,0.7370832203849281,0.0772402050159438,0.6343116975506214,0.033670300016078014,0.8774038131381584,0.01262490270551955
default,rf,most_risky,0.1,10,0.8361832968409463,0.002829890536545141,0.6138055794880766,0.017150864624837905,0.19593817144432343,0.018200712854108264,0.22761115897615297,0.03430172924967577,27051.4,93.07953588195392,0.17819965756276648,0.0009277425689125134,33.6,1.1401754250991372,27.6,2.0736441353327715,27.6,2.0736441353327715,256.0,7.176350047203662,0.8207378405907818,0.04008579452237265,0.6220137676784809,0.019773751023780838,0.8739787868177574,0.03115947009918598
default,rf,most_risky,0.15,0,0.8114000000000001,0.012218837915284702,0.6061410212238073,0.06200847331467185,0.360820905800386,0.02523743340572855,0.21228204244761453,0.1240169466293438,5000.0,0.0,0.22012,0.006388427036446456,0.0,0.0,0.0,0.0,0.0,0.0,0.0,0.0,0.0,0.0,0.0,0.0,0.0,0.0
default,rf,most_risky,0.15,1,0.8225599125060329,0.011236049553068086,0.6345834558748809,0.0635878743926579,0.3295774784024964,0.021687943932604054,0.2691669117497618,0.1271757487853158,7221.6,7.536577472566612,0.20737585057684055,0.004987169849097906,49.8,1.4832396974191326,38.6,4.560701700396552,38.6,4.560701700396552,38.6,4.560701700396552,0.7738071690214547,0.07515976456774315,0.640464688819345,0.04124696115703171,0.8464724672946102,0.01346893123221662
default,rf,most_risky,0.15,2,0.8217111779148661,0.006554439963567688,0.6366368367115017,0.034356644246262426,0.27922008915507945,0.01642302102035589,0.2732736734230033,0.06871328849252478,9442.6,24.08941676338395,0.1989064454358364,0.0030406973760232774,50.0,3.3166247903554,37.4,4.03732584763727,37.4,4.03732584763727,76.0,5.787918451395113,0.7488866495346967,0.07644987493775494,0.6172411548777436,0.03201484204018064,0.8431419359884549,0.0293751488284155
default,rf,most_risky,0.15,3,0.8226859172155836,0.011816453906182226,0.6210534551382583,0.050474210151108936,0.26789008671678777,0.024472520851970322,0.2421069102765167,0.10094842030221787,11667.8,35.84271195096732,0.19481125563702323,0.0013999929636554,49.2,4.711687595755899,38.0,2.9154759474226495,38.0,2.9154759474226495,114.0,6.708203932499368,0.7747489600534185,0.04730687032354667,0.6350095779168522,0.042565623106374906,0.8427590236683722,0.019779449566464397
default,rf,most_risky,0.15,4,0.827062726541784,0.0067578204951360046,0.6286195186767224,0.053141376018893335,0.26218312190915244,0.017513813933140054,0.2572390373534449,0.1062827520377867,13887.0,35.97221149720982,0.19094137657742147,0.0011126356637218768,50.2,1.7888543819998313,37.4,2.4083189157584592,37.4,2.4083189157584592,151.4,7.300684899377592,0.7453935112506541,0.04862515667852091,0.6290093464420481,0.026422367246038393,0.8610931647915574,0.011651445619774436
default,rf,most_risky,0.15,5,0.8302433957004778,0.004344249384232573,0.6220518505867417,0.03351939282788203,0.2590415045385557,0.010838467636080937,0.24410370117348346,0.06703878565576407,16115.8,43.64286883329298,0.18833762780195187,0.001414214343669403,48.4,2.8809720581775866,37.2,2.9495762407505257,37.2,2.9495762407505257,188.6,9.208691546577072,0.7684864413850646,0.03749095818278122,0.6373718491031044,0.026832710297435586,0.8352400743353435,0.016853268249495092
default,rf,most_risky,0.15,6,0.8311045591606249,0.005892007277314705,0.6401464846148823,0.03100888812363666,0.24341055119390895,0.018679942219988623,0.2802929692297646,0.06201777624727329,18338.8,49.77650047964409,0.18600014644377955,0.0013050293279488626,49.6,1.6733200530681513,39.4,3.361547262794322,39.4,3.361547262794322,228.0,8.972179222463177,0.7938846153846153,0.053521026977544996,0.6277273277917217,0.006860449233023917,0.8487325824175823,0.007577721569979132
default,rf,most_risky,0.15,7,0.8337823885881562,0.006090024676090978,0.6308205641710513,0.03884794487635512,0.2342325190849303,0.016213621271861975,0.2616411283421024,0.07769588975271027,20553.4,69.90207436120885,0.18444726032462677,0.0009644273554778524,51.0,5.0,39.2,5.263078946776307,39.2,5.263078946776307,267.2,13.084341787036902,0.767196776448803,0.05485591200194806,0.6262105636406876,0.01657209213936913,0.8431911058440249,0.021080129869096853
default,rf,most_risky,0.15,8,0.8374332665077793,0.0035853016150066363,0.6540705017026381,0.019655727164764276,0.2330299249018589,0.01192897949945011,0.30814100340527617,0.03931145432952856,22776.4,82.7181963052868,0.18376823151321667,0.0005456289835686182,49.4,3.2093613071762426,36.6,2.7018512172212588,36.6,2.7018512172212588,303.8,11.344602240713428,0.7433656692851222,0.07337000110606208,0.6330928252979416,0.03444698053577336,0.8617970580753257,0.010667059298053208
default,rf,most_risky,0.15,9,0.8369844159669679,0.0017476633801945328,0.6506364838144816,0.00776210555680951,0.2262435112453137,0.011958566218098281,0.301272967628963,0.015524211113618984,25002.8,86.88900966175197,0.1830580041029744,0.0009438453580227782,49.2,2.863564212655271,36.6,5.029910535983718,36.6,5.029910535983718,340.4,11.458621208504969,0.7417386419423859,0.06535131553685578,0.6285279834528532,0.026307141812226792,0.8536747356137674,0.009516606548059213
default,rf,most_risky,0.15,10,0.8346858837168487,0.003826380706521978,0.6111869471442468,0.01030366263505414,0.21822534385633557,0.019291156335967986,0.22237389428849355,0.020607325270108324,27219.0,88.67919710958145,0.18182709183844034,0.0010553639758140011,50.8,1.923538406167134,38.8,1.4832396974191324,38.8,1.4832396974191324,379.2,12.357184145265455,0.7645951506872706,0.03923676113119863,0.6299128440943991,0.035839904347230916,0.8493855333159873,0.029243440508399034
default,rf,most_risky,0.2,0,0.8114000000000001,0.012218837915284702,0.6061410212238073,0.06200847331467185,0.360820905800386,0.02523743340572855,0.21228204244761453,0.1240169466293438,5000.0,0.0,0.22012,0.006388427036446456,0.0,0.0,0.0,0.0,0.0,0.0,0.0,0.0,0.0,0.0,0.0,0.0,0.0,0.0
default,rf,most_risky,0.2,1,0.8161828648642839,0.013804363691361161,0.6141355394053242,0.03303903051310686,0.31587295043357333,0.028994201829774097,0.22827107881064834,0.06607806102621376,7238.0,7.106335201776048,0.20864693368160755,0.004790870302275018,66.2,1.9235384061671361,51.2,4.438468204234429,51.2,4.438468204234429,51.2,4.438468204234429,0.7725679910344901,0.04945653416110311,0.640464688819345,0.04124696115703171,0.8267013873604764,0.012917000432243267
default,rf,most_risky,0.2,2,0.8206980377634349,0.010082645124443216,0.6453252511469995,0.0219854608008273,0.29230461450948253,0.015941067549656636,0.2906505022939988,0.04397092160165463,9471.8,23.731835158706147,0.20063962268202484,0.0031584980304111706,66.6,5.319774431308154,49.0,3.5355339059327378,49.0,3.5355339059327378,100.2,5.761944116355172,0.7370644036217806,0.04245741937848453,0.6168036305177372,0.038783459717926815,0.8353033062246176,0.016522585534176265
default,rf,most_risky,0.2,3,0.823006304913446,0.006133958916920963,0.6495736961451246,0.028547435305924757,0.2747504317194359,0.009606157836637229,0.29914739229024945,0.0570948706118494,11710.2,26.489620608834553,0.19658250017363632,0.001525698519405028,65.8,5.357238094391549,48.6,4.722287581247039,48.6,4.722287581247039,148.8,7.190271204899024,0.7378206135315326,0.014001432311857414,0.6380402960157574,0.03276463326127602,0.822204692845777,0.015429372209039768
default,rf,most_risky,0.2,4,0.8268726837307531,0.0023320413234854185,0.6416870167182558,0.02603807708493951,0.2707337993183659,0.018393707607589238,0.2833740334365117,0.05207615416987908,13947.2,30.89822001345698,0.1931579550472102,0.0010688910194829877,66.4,2.0736441353327746,48.2,3.1144823004794877,48.2,3.1144823004794877,197.0,9.192388155425117,0.7259499058060439,0.04101677600373584,0.6238543323140024,0.029883760078200823,0.8359644195465128,0.011968892991304846
default,rf,most_risky,0.2,5,0.8331106666173396,0.0062074404632147875,0.6373632128752805,0.025689812509788017,0.2580787698490377,0.007355371273944076,0.27472642575056117,0.05137962501957601,16194.0,38.813657390150645,0.19056628400960954,0.0015799883583657304,63.8,3.9623225512317903,46.8,4.764451699828638,46.8,4.764451699828638,243.8,12.657013865837394,0.7328771397251033,0.04583368174383826,0.6465866296411764,0.024630956553678824,0.8175587786359857,0.007738169878478979
default,rf,most_risky,0.2,6,0.8306976382515376,0.00606417267783662,0.6343663158620909,0.03307795957018191,0.25342876731918434,0.014567062769728877,0.268732631724182,0.0661559191403639,18444.2,44.0136342512179,0.1885276164963376,0.001357663552722448,63.0,1.5811388300841895,47.6,1.949358868961793,47.6,1.949358868961793,291.4,14.09964538561165,0.7553313898848669,0.013264586501445016,0.632454936627562,0.011917169664790008,0.8131056133308883,0.012572485174018945
default,rf,most_risky,0.2,7,0.8305841138142546,0.004526529334170353,0.6234519168330216,0.020840623488731058,0.24298779166979828,0.014138318312310735,0.24690383366604318,0.04168124697746212,20674.8,55.62103918482659,0.18698341629928356,0.0010941997285536889,67.8,4.919349550499536,50.0,4.415880433163923,50.0,4.415880433163923,341.4,16.226521500309296,0.7369375548726953,0.01983881397639018,0.630982077342205,0.01463269960433564,0.8265592109113873,0.016416143484590653
default,rf,most_risky,0.2,8,0.8330298068043394,0.004982928483231958,0.6176397772197244,0.020831548187389765,0.24074965389300598,0.020408345099861596,0.2352795544394489,0.04166309637477955,22919.2,65.44234103392081,0.18647353591535398,0.0005605234648547574,64.4,3.286335345030998,47.2,3.563705936241092,47.2,3.563705936241092,388.6,15.159155649309762,0.7337154377880184,0.056565109407933536,0.6364320860857445,0.03738556875567405,0.8275234375,0.011636535725152454
default,rf,most_risky,0.2,9,0.8292618040290926,0.007364019659901619,0.6177901585857992,0.03697427062190905,0.22883370650876186,0.023391340331713917,0.23558031717159822,0.0739485412438181,25158.4,74.04255533137662,0.18574352588810022,0.0005516510456603442,65.8,3.1144823004794877,46.0,5.0990195135927845,46.0,5.0990195135927845,434.6,19.152023391798583,0.697620923007233,0.05084897631207284,0.6256781257805468,0.03355445637736847,0.8298126104522039,0.011487572678861972
default,rf,most_risky,0.2,10,0.8320820118475833,0.004069663479812457,0.6227789433929599,0.019736623951052582,0.2315352123728792,0.021646242181595332,0.24555788678591992,0.039473247902105116,27401.6,79.10941789698659,0.1847919315253009,0.0002948003521573598,64.8,3.0331501776206182,49.0,5.338539126015656,49.0,5.338539126015656,483.6,20.875823337056676,0.7553513737663117,0.06305552695538108,0.6296078864899837,0.03482115775190998,0.8295444312413375,0.018688800632247596
default,rf,most_risky,0.3,0,0.8114000000000001,0.012218837915284702,0.6061410212238073,0.06200847331467185,0.360820905800386,0.02523743340572855,0.21228204244761453,0.1240169466293438,5000.0,0.0,0.22012,0.006388427036446456,0.0,0.0,0.0,0.0,0.0,0.0,0.0,0.0,0.0,0.0,0.0,0.0,0.0,0.0
default,rf,most_risky,0.3,1,0.8223319788141106,0.008147412684983962,0.651110865007366,0.03542835570202227,0.34637260591353336,0.011189496711363803,0.3022217300147322,0.07085671140404454,7270.8,6.3007936008093495,0.21086929895224288,0.0047102368647293485,99.0,2.738612787525829,74.2,4.549725266430931,74.2,4.549725266430931,74.2,4.549725266430931,0.7491321671827877,0.03213888062825022,0.640464688819345,0.04124696115703171,0.7962403615551977,0.013027788146361798
default,rf,most_risky,0.3,2,0.8212095668506114,0.004559336171051364,0.6401542881351949,0.00986322991662424,0.3122909628603967,0.018602580607137834,0.28030857627038996,0.019726459833248573,9539.6,21.892921230388538,0.20430614487570214,0.00301906360339484,99.6,7.3006848993775915,72.2,2.2803508501982774,72.2,2.2803508501982774,146.4,5.941380311005181,0.7279704817599555,0.056558751022939203,0.6137427380784177,0.03151097837862365,0.7941181765524925,0.018689789236185275
default,rf,most_risky,0.3,3,0.821864199078238,0.006688606686797958,0.6338412957918244,0.016063511418163673,0.2873097213718858,0.01832679575299344,0.26768259158364865,0.032127022836327374,11815.0,18.30300521772316,0.20106756161202632,0.0012946756803643934,96.8,7.5960516059331775,71.4,4.615192303685732,71.4,4.615192303685732,217.8,6.723094525588646,0.7385702629777307,0.028425482814909718,0.6437369704960156,0.028646017132337363,0.7924514295096549,0.009785452762418552
default,rf,most_risky,0.3,4,0.8250382700499035,0.006050756102297306,0.6337290362749791,0.03188252939682297,0.28256081465213295,0.018070618688958717,0.2674580725499583,0.063765058793646,14087.4,19.138965489283848,0.19814882209313753,0.0011218180345353406,98.4,3.9115214431215874,71.2,4.919349550499538,71.2,4.919349550499538,289.0,6.633249580710797,0.7243593480586428,0.05585408898565612,0.62853951535713,0.0355673920464916,0.8102172154958709,0.010084419947379816
default,rf,most_risky,0.3,5,0.8327564060822967,0.0052810862000397625,0.6371704486062689,0.02870894508998175,0.294842359928497,0.017647545805847813,0.2743408972125379,0.05741789017996349,16364.6,29.44995755514773,0.19613141587658642,0.001196597977627692,96.0,6.855654600401044,68.8,4.147288270665545,68.8,4.147288270665545,357.8,9.391485505499112,0.7184446779274365,0.04836050156713394,0.6298713090428617,0.03301930612924343,0.7920822244486038,0.014998563878739433
default,rf,most_risky,0.3,6,0.8266243756714331,0.00446148544696851,0.63048211907366,0.03680302168689039,0.26843979628241865,0.012153071974662047,0.26096423814732006,0.07360604337378077,18638.8,40.30756752769879,0.19415394543623535,0.0012928300366044896,97.2,5.4037024344425175,69.8,4.764451699828639,69.8,4.764451699828639,427.6,12.81795615533147,0.7181982247444433,0.030752875299196254,0.6253114744625273,0.00790551083644427,0.7918977414602204,0.01507061721344455
default,rf,most_risky,0.3,7,0.8285565768035623,0.003281696823838232,0.6426976966173262,0.009590091329987357,0.27595787466867006,0.006998476641337446,0.28539539323465246,0.019180182659974756,20903.8,43.42464737910951,0.19275951809554195,0.0010163245113001247,101.0,4.301162633521314,73.0,4.949747468305833,73.0,4.949747468305833,500.6,11.717508267545618,0.7222704442893002,0.02354497519611016,0.6364370633177694,0.016092515993564878,0.809839537977955,0.012188896265635778
default,rf,most_risky,0.3,8,0.8296330679594222,0.0044131534962866615,0.6420981139926484,0.023249778269328128,0.26153541054605267,0.00940013516557202,0.28419622798529676,0.04649955653865626,23177.0,50.2244960153907,0.19226812617607453,0.0006402582217609092,97.6,4.393176527297759,70.6,4.669047011971501,70.6,4.669047011971501,571.2,9.338094023943006,0.7231471004218651,0.028240653733432784,0.6417953988654651,0.02785371708036621,0.7992904031392435,0.012771712502500641
default,rf,most_risky,0.3,9,0.8315536888279089,0.002645763520769477,0.6348412522638947,0.010965369727202572,0.2708465938887346,0.010091528851932768,0.26968250452778925,0.021930739454405053,25454.4,52.728550141266005,0.19189507838892023,0.0010919081053831952,96.2,7.694153624668538,71.2,8.34865258589672,71.2,8.34865258589672,642.4,10.382677881933922,0.7391675123817981,0.05016768878311165,0.6281394889271816,0.03945960043816112,0.8072623183631688,0.0044964670016787
default,rf,most_risky,0.3,10,0.8318994548939509,0.005082859805906704,0.6402194384459106,0.017928131577428005,0.2617887108727489,0.016761915693465156,0.28043887689182123,0.03585626315485607,27731.2,49.15485733882267,0.19098254103354012,0.0008622068002170618,96.4,2.302172886644269,70.6,4.722287581247036,70.6,4.722287581247036,713.0,12.747548783981962,0.7322521212786189,0.042832733895806406,0.6351352953353677,0.028646287631314726,0.8064199935774244,0.02129015038651178
default,rf,most_risky,0.5,0,0.8114000000000001,0.012218837915284702,0.6061410212238073,0.06200847331467185,0.360820905800386,0.02523743340572855,0.21228204244761453,0.1240169466293438,5000.0,0.0,0.22012,0.006388427036446456,0.0,0.0,0.0,0.0,0.0,0.0,0.0,0.0,0.0,0.0,0.0,0.0,0.0,0.0
default,rf,most_risky,0.5,1,0.8141172343394534,0.00910506109580974,0.621790522070572,0.049448514294257104,0.34310604118602067,0.02226142673170247,0.24358104414114384,0.09889702858851414,7336.4,4.50555213042762,0.21498195089524885,0.004287251306326044,164.6,4.505552130427521,118.2,9.67987603226405,118.2,9.67987603226405,118.2,9.67987603226405,0.7173405941246319,0.04158697739629174,0.640464688819345,0.04124696115703171,0.7501908737661299,0.01083739701747219
default,rf,most_risky,0.5,2,0.8231338086497324,0.007973573250284211,0.656298679012171,0.024408639089521747,0.33210697654255755,0.030630329199709313,0.31259735802434196,0.04881727817904349,9672.0,12.629330940315137,0.210360576753315,0.0023135150730730102,165.2,10.756393447619885,112.8,7.190271204899019,112.8,7.190271204899019,231.0,11.180339887498945,0.684127649574069,0.04718384372620835,0.6123832339993511,0.03303968748064095,0.7489371200181208,0.015624902167265071
default,rf,most_risky,0.5,3,0.8212197041466419,0.005105999569513781,0.6511654303111405,0.025187268904862104,0.33499966982997964,0.021300293840776238,0.30233086062228104,0.05037453780972421,12012.0,11.68332144554798,0.20847612184219785,0.0019334401659599166,160.6,11.588787684654505,113.0,6.442049363362562,113.0,6.442049363362562,344.0,15.346009253222807,0.7045486644910874,0.027114808108146957,0.6413797011371736,0.03204369827440427,0.7494755288476153,0.012395558983821884
default,rf,most_risky,0.5,4,0.8200755030410146,0.002760553625488044,0.6482100562072771,0.029434542974231166,0.3235771634654686,0.00986926894484605,0.2964201124145543,0.05886908594846234,14354.8,18.75366630821821,0.20662203280270547,0.0018956347467048121,157.6,9.762171889492626,109.2,8.105553651663778,109.2,8.105553651663778,453.2,21.182539979898532,0.6939581264978134,0.05171896068550363,0.6259544397688648,0.030726636702860407,0.7623825212893888,0.011180896651681973
default,rf,most_risky,0.5,5,0.8268912236487832,0.006787040859234569,0.6521807956393947,0.02714258891760343,0.3275727332371495,0.007567424255918699,0.3043615912787894,0.05428517783520683,16698.8,27.815463325280227,0.20527426328785178,0.0019891108008249555,156.4,11.260550608207398,113.2,9.338094023943002,113.2,9.338094023943002,566.4,27.71822505139895,0.7237090908957724,0.024508838556139292,0.644924074055244,0.029934763531660736,0.7520657778380044,0.011402180931733126
default,rf,most_risky,0.5,6,0.8280794658763589,0.002678607579301728,0.6436541845388476,0.02197714111556708,0.32110236735186604,0.01788874115420866,0.2873083690776952,0.043954282231134116,19041.6,35.31713465161068,0.2040076136036431,0.002040008795628456,157.8,8.555699854482976,111.4,9.864076236526156,111.4,9.864076236526156,677.8,35.68192819901974,0.7054408486271567,0.04043202739099399,0.6219984426274495,0.00827163102810015,0.7518948483989281,0.0143030568410787
default,rf,most_risky,0.5,7,0.8293017126742509,0.006396842112156815,0.6454611656993207,0.02076220588453608,0.31968025559083874,0.01646959766881532,0.2909223313986412,0.04152441176907225,21375.2,38.46036921299631,0.20315321595703084,0.0019152534662414456,167.0,8.215838362577491,118.8,8.5848704125339,118.8,8.5848704125339,796.6,41.37994683418528,0.7109621341658572,0.027451438302622155,0.6371281871451735,0.00960157145545205,0.7678780131100378,0.01636425287301451
default,rf,most_risky,0.5,8,0.8297725122795825,0.0043537803582989155,0.6523961082679971,0.024786647149576874,0.31469160341016905,0.016472475961486124,0.3047922165359943,0.04957329429915371,23713.0,41.89868733027325,0.20299520469308474,0.0011196349573641068,162.6,7.893034904268445,116.4,2.7928480087537895,116.4,2.7928480087537895,913.0,41.067018396762144,0.7168025412108905,0.027465829400223803,0.6453947143938471,0.025221171897346482,0.7566268031967118,0.0044409059091293345
default,rf,most_risky,0.5,9,0.8284748161764242,0.0033968488078735736,0.6367816952079343,0.006510963573811197,0.31461345488417913,0.020930691022172442,0.2735633904158687,0.013021927147622504,26052.4,45.13645976369853,0.2026922880175485,0.0011297299372672945,161.2,11.099549540409285,114.0,10.222524150130436,114.0,10.222524150130436,1027.0,46.17899955607526,0.707070499385902,0.04015658945648063,0.6358914233431857,0.026764299463917642,0.7593088302748593,0.011413440629357412
default,rf,most_risky,0.5,10,0.8271388657219629,0.0030734166938798427,0.6537350364905684,0.011706904653087529,0.31272684093487074,0.01699500967228656,0.3074700729811368,0.023413809306174954,28385.4,45.18074811244251,0.20181520233319833,0.0006853858706243852,167.4,6.580273550544839,116.4,7.700649323271383,116.4,7.700649323271383,1143.4,44.67997314233752,0.695436092909859,0.03952805418355883,0.6350978372689868,0.029221218362441296,0.7598805443849747,0.014736857399680057
default,rf,most_risky,0.75,0,0.8114000000000001,0.012218837915284702,0.6061410212238073,0.06200847331467185,0.360820905800386,0.02523743340572855,0.21228204244761453,0.1240169466293438,5000.0,0.0,0.22012,0.006388427036446456,0.0,0.0,0.0,0.0,0.0,0.0,0.0,0.0,0.0,0.0,0.0,0.0,0.0,0.0
default,rf,most_risky,0.75,1,0.8118592610670119,0.012529289660558643,0.6376866488314847,0.05845938122679962,0.3635427601471637,0.028021639870340172,0.27537329766296936,0.11691876245359924,7418.4,2.3021728866443567,0.21931907775554987,0.004053940189645389,246.6,6.7305274681855325,168.0,12.227019260637482,168.0,12.227019260637482,168.0,12.227019260637482,0.6806833944974031,0.03367760890016538,0.640464688819345,0.04124696115703171,0.7036637229716011,0.008238788261191687
default,rf,most_risky,0.75,2,0.817765620212447,0.0048743983348538255,0.6486449601803526,0.02430926674998806,0.36294721467009683,0.015858956394666123,0.2972899203607051,0.04861853349997608,9836.2,7.014271166700133,0.21675068907532272,0.0024313948235164112,249.2,17.369513522260778,162.4,8.61974477580398,162.4,8.61974477580398,330.4,17.05285899783376,0.6530891428663868,0.037557496857812546,0.6155022114893536,0.033319729061030645,0.7029029997854517,0.009872030322403387
default,rf,most_risky,0.75,3,0.8162005405776871,0.008247176043937404,0.6344300459674482,0.01510345398727972,0.3493523498786897,0.028401221465646852,0.2688600919348965,0.03020690797455942,12256.0,6.204836822995501,0.21612325388334064,0.0015019846601066937,241.8,15.738487856207788,161.2,10.802777420645116,161.2,10.802777420645116,491.6,17.529974329701684,0.6678979296781999,0.047044127663347465,0.6421762622504454,0.04051445991956999,0.7025323246918177,0.009350561741078373
default,rf,most_risky,0.75,4,0.8163250434466992,0.004532918518173658,0.6516832787596043,0.03731441929858395,0.34817385343301754,0.016945881677864386,0.3033665575192087,0.07462883859716793,14676.2,6.833739825307726,0.21516510360372476,0.0016927122695468855,239.8,5.310367218940697,158.2,4.266145801540305,158.2,4.266145801540305,649.8,17.03525755602186,0.6601429364606222,0.02834832694128174,0.6211032356984297,0.02317495575021408,0.7163171763624974,0.01267034853925832
default,rf,most_risky,0.75,5,0.8218589361898271,0.007372502967180055,0.6605321123851878,0.0077231933391806225,0.3677399410547905,0.010424525351062034,0.3210642247703757,0.01544638667836119,17097.4,9.12688336728383,0.21446601194381917,0.002225994833129956,238.0,11.597413504743201,160.4,12.054044964243332,160.4,12.054044964243332,810.2,25.87856255668001,0.6737315178308799,0.03214855225184589,0.636409974472884,0.026717115022959766,0.7037594921823975,0.005436880317025017
default,rf,most_risky,0.75,6,0.8204587582812589,0.0008798750486802991,0.643514966828511,0.0209231142701458,0.3573805025896846,0.01592034647577681,0.2870299336570219,0.0418462285402916,19520.4,11.036303729056918,0.213551804794545,0.00220898005653051,232.8,9.549869109050661,159.2,9.093954035511725,159.2,9.093954035511725,969.4,33.55294323900661,0.6836649069090158,0.01936477936173218,0.6420118561843621,0.019589621925972085,0.7086061661446241,0.007963249075840867
default,rf,most_risky,0.75,7,0.8214692172860939,0.004397682296577477,0.6435004870663448,0.015049655785264014,0.3493996368726916,0.008101859231819025,0.28700097413268955,0.030099311570528118,21939.6,14.32829368766592,0.2131224840735014,0.0020660715384836037,243.2,13.572030061858834,164.6,11.545561917897281,164.6,11.545561917897281,1134.0,41.436698710201306,0.676726649949681,0.02750346684194278,0.6443145673519585,0.014126151185864824,0.7194846892585814,0.010829640444815348
default,rf,most_risky,0.75,8,0.8221730959754264,0.004126388455339901,0.6584346404917312,0.016702674508250644,0.3501605258713164,0.010423474204752325,0.3168692809834622,0.03340534901650118,24359.4,17.067512999848418,0.21333914361101236,0.0012542065218159788,242.2,13.700364958642524,164.0,10.1734949746879,164.0,10.1734949746879,1298.0,38.25571852677716,0.6774111323605136,0.02881835382341806,0.6431778409174691,0.02462885494317219,0.7098310010284292,0.0046769766290321
default,rf,most_risky,0.75,9,0.8228737456011126,0.004904145401553218,0.6573800928518588,0.02346527534548986,0.34769655853734294,0.022998441859799906,0.31476018570371767,0.0469305506909797,26780.6,18.00833140521376,0.21325188430494713,0.0011643119605589847,238.0,7.6485292703891785,157.4,12.700393694685218,157.4,12.700393694685218,1455.4,43.13699108653734,0.661619769016694,0.05305480106530133,0.6349987300847569,0.04140729735243081,0.7135303857997021,0.014112602797836386
default,rf,most_risky,0.75,10,0.8211887111028192,0.004184051916570678,0.6615190400594655,0.017130768726130424,0.3457511283636749,0.010066038309564207,0.32303808011893087,0.034261537452260855,29202.0,16.324827717314495,0.2128212659966214,0.0006317334922462589,236.4,9.09945053286186,159.8,12.19426094521517,159.8,12.19426094521517,1615.2,39.283584357845974,0.675355534950927,0.030424734155855372,0.6344328376058168,0.025940449193885783,0.7144625270019315,0.01538461810429377
default,rf,most_risky,1.0,0,0.8114000000000001,0.012218837915284702,0.6061410212238073,0.06200847331467185,0.360820905800386,0.02523743340572855,0.21228204244761453,0.1240169466293438,5000.0,0.0,0.22012,0.006388427036446456,0.0,0.0,0.0,0.0,0.0,0.0,0.0,0.0,0.0,0.0,0.0,0.0,0.0,0.0
default,rf,most_risky,1.0,1,0.8141333333333334,0.010702024730551372,0.6293903947362456,0.04730172722366872,0.37724992744572955,0.025286874184494695,0.25878078947249117,0.09460345444733743,7500.0,0.0,0.22258666666666665,0.0039548563676685975,328.2,9.011104260855042,210.4,17.784824992110547,210.4,17.784824992110547,210.4,17.784824992110547,0.640464688819345,0.04124696115703171,0.640464688819345,0.04124696115703171,0.6631561593509482,0.0064052241318600725
default,rf,most_risky,1.0,2,0.8180999999999999,0.006004165220911247,0.6427481673522937,0.014511071495518939,0.3963383312308971,0.014677141915498456,0.2854963347045873,0.02902214299103788,10000.0,0.0,0.22155999999999998,0.002380756182392481,326.6,24.521419208520538,202.6,17.1697408250678,202.6,17.1697408250678,413.0,25.495097567963924,0.6204721102141177,0.027680735075346696,0.6204721102141177,0.027680735075346696,0.6634927409796173,0.008170647838085876
default,rf,most_risky,1.0,3,0.8114399999999999,0.011515554697885807,0.6269825619192112,0.03332449495937631,0.3664395115635711,0.02753235860256996,0.2539651238384223,0.0666489899187526,12500.0,0.0,0.22220800000000002,0.0013851786888340442,317.2,26.621419947102744,203.4,13.685759021698434,203.4,13.685759021698434,616.4,23.95412281842106,0.6425932950370434,0.03131578501889352,0.6425932950370434,0.03131578501889352,0.6664254157394988,0.007052334862530006
default,rf,most_risky,1.0,4,0.8126,0.002165384235854911,0.6441097578449926,0.01804884625057959,0.37269629138823446,0.0062476087082460234,0.288219515689985,0.03609769250115921,15000.0,0.0,0.22178666666666666,0.0012870293098622286,325.0,17.748239349298846,202.4,6.913754406977441,202.4,6.913754406977441,818.8,20.94516650685784,0.6237221296490687,0.028559303516477938,0.6237221296490687,0.028559303516477938,0.6761697669484279,0.005375266103006037
default,rf,most_risky,1.0,5,0.8161142857142856,0.006079742207209317,0.6368159850356525,0.018905057411861655,0.3835962441791826,0.021564250932803657,0.273631970071305,0.037810114823723304,17500.0,0.0,0.22155428571428573,0.001819800392732055,318.0,16.777961735562517,205.4,14.570518178843194,205.4,14.570518178843194,1024.2,33.70014836762591,0.6464012776546001,0.04251057100525805,0.6464012776546001,0.04251057100525805,0.6637742605355833,0.004983508087457433
default,rf,most_risky,1.0,6,0.82,0.0035133673306388287,0.662539601037448,0.0251843248089058,0.37424564340320515,0.01909102103688082,0.325079202074896,0.05036864961781157,20000.0,0.0,0.22093,0.001610357103253815,317.6,12.300406497347963,201.0,8.124038404635963,201.0,8.124038404635963,1225.2,39.996249824202266,0.6329134146520528,0.011218945429987448,0.6329134146520528,0.011218945429987448,0.6686870362399301,0.005173177992328979
default,rf,most_risky,1.0,7,0.8164888888888889,0.006169218691151983,0.6470863391333564,0.016531255138743664,0.36719400323827295,0.013809329902139726,0.29417267826671284,0.0330625102774874,22500.0,0.0,0.22088888888888886,0.0014466649598897582,325.8,23.763417262675,206.2,20.22869249358445,206.2,20.22869249358445,1431.4,51.61685771141051,0.632121440570478,0.023307001692634385,0.632121440570478,0.023307001692634385,0.6745365118537878,0.007061894630101961
default,rf,most_risky,1.0,8,0.81532,0.003198749755763939,0.6506771513461519,0.008207847240994815,0.37136984093710596,0.009209056951180804,0.30135430269230384,0.016415694481989623,25000.0,0.0,0.221368,0.0007901392282376582,314.0,25.816661286851172,204.2,12.377398757412642,204.2,12.377398757412642,1635.6,58.78179990439217,0.6514547897879253,0.0235898461633522,0.6514547897879253,0.0235898461633522,0.6738474940259731,0.0044246223642704805
default,rf,most_risky,1.0,9,0.8141818181818182,0.00328784387636822,0.6502864481953207,0.017146877390567253,0.36571124516844955,0.004581632510618312,0.3005728963906413,0.0342937547811345,27500.0,0.0,0.2215272727272727,0.0005857819524940805,312.8,15.122830422906949,199.8,14.44645285182491,199.8,14.44645285182491,1835.4,55.04816073221703,0.6385436006296217,0.030861929233247258,0.6385436006296217,0.030861929233247258,0.6741101290237875,0.01179834984417003
default,rf,most_risky,1.0,10,0.8157333333333334,0.005272570530585613,0.6462001337843367,0.009163208036722189,0.36994412567440316,0.014831757831659383,0.2924002675686735,0.01832641607344429,30000.0,0.0,0.2212,0.0,314.8,14.669696656713798,201.4,14.397916515940773,201.4,14.397916515940773,2036.8,43.88279845224095,0.6393396042451548,0.02267564383268494,0.6393396042451548,0.02267564383268494,0.6755732806177678,0.008520448123537442
default,rf,random,0.0,0,0.8114000000000001,0.012218837915284702,0.6061410212238073,0.06200847331467185,0.360820905800386,0.02523743340572855,0.21228204244761453,0.1240169466293438,5000.0,0.0,0.22012,0.006388427036446456,0.0,0.0,0.0,0.0,0.0,0.0,0.0,0.0,0.0,0.0,0.0,0.0,0.0,0.0
default,rf,random,0.0,1,0.8173997864374872,0.009619191710150913,0.5904450621878249,0.06681004199348341,0.2934306887349455,0.020207599490501823,0.18089012437564975,0.13362008398696684,7171.8,9.01110426085495,0.20343271296873205,0.005110998571800952,0.0,0.0,0.0,0.0,0.0,0.0,0.0,0.0,0.0,0.0,0.0,0.0,0.0,0.0
default,rf,random,0.0,2,0.8227461741952551,0.005554030565101673,0.6268890936170368,0.026555181692044173,0.26443443027961205,0.008183169698596336,0.2537781872340736,0.05311036338408837,9339.4,34.61647006845152,0.19318299000908684,0.0030318082640481015,0.0,0.0,0.0,0.0,0.0,0.0,0.0,0.0,0.0,0.0,0.0,0.0,0.0,0.0
default,rf,random,0.0,3,0.8309950047922949,0.006217511704631776,0.6060626925638047,0.03994209898707169,0.25336735353823686,0.014590073007125292,0.21212538512760948,0.07988419797414341,11512.8,25.791471458604423,0.18732390107246483,0.0013515063083634725,0.0,0.0,0.0,0.0,0.0,0.0,0.0,0.0,0.0,0.0,0.0,0.0,0.0,0.0
default,rf,random,0.0,4,0.8276960761453834,0.004723412413138207,0.6048702850789811,0.04522867228147153,0.21383742294447985,0.007577308700580331,0.20974057015796216,0.09045734456294313,13676.6,22.733235581412604,0.18275059142603642,0.0010036157183745099,0.0,0.0,0.0,0.0,0.0,0.0,0.0,0.0,0.0,0.0,0.0,0.0,0.0,0.0
default,rf,random,0.0,5,0.8283305332121629,0.004503109542836574,0.593940589557214,0.03554536081018031,0.1998801815997259,0.007098872717096336,0.18788117911442803,0.07109072162036068,15854.4,29.871390995398897,0.17948395131460845,0.0013393641126732258,0.0,0.0,0.0,0.0,0.0,0.0,0.0,0.0,0.0,0.0,0.0,0.0,0.0,0.0
default,rf,random,0.0,6,0.8316706977688385,0.006007107504805741,0.595483069955644,0.05556520956460765,0.18419125566934663,0.01438353999620709,0.19096613991128816,0.11113041912921526,18021.4,37.48733119335134,0.17640133645187797,0.0013513151196086583,0.0,0.0,0.0,0.0,0.0,0.0,0.0,0.0,0.0,0.0,0.0,0.0,0.0,0.0
default,rf,random,0.0,7,0.8345130414915121,0.003094146928382434,0.5701539799913006,0.03641680661843022,0.17821109281315126,0.022386309304367757,0.14030795998260112,0.07283361323686048,20168.4,56.8489225931327,0.1741639601125239,0.0008077073649414139,0.0,0.0,0.0,0.0,0.0,0.0,0.0,0.0,0.0,0.0,0.0,0.0,0.0,0.0
default,rf,random,0.0,8,0.8357593908607133,0.006192328032722079,0.5867117635104271,0.030074865488703494,0.16886960803990103,0.018738077479909472,0.17342352702085412,0.06014973097740686,22326.8,82.10785589698476,0.17295656078701885,0.000705035787848299,0.0,0.0,0.0,0.0,0.0,0.0,0.0,0.0,0.0,0.0,0.0,0.0,0.0,0.0
default,rf,random,0.0,9,0.83372604627026,0.005339416370469009,0.5686794956300325,0.03807722153537554,0.15610688563698302,0.01847457464642367,0.137358991260065,0.0761544430707511,24487.2,98.28631644333798,0.17185830495246693,0.001213302421742736,0.0,0.0,0.0,0.0,0.0,0.0,0.0,0.0,0.0,0.0,0.0,0.0,0.0,0.0
default,rf,random,0.0,10,0.8334925031017051,0.005019420000198266,0.5429966578810387,0.0264162711037197,0.1500430926936636,0.017533214322008394,0.08599331576207733,0.052832542207439534,26638.6,105.27250353249917,0.1703127399848727,0.001460161834602127,0.0,0.0,0.0,0.0,0.0,0.0,0.0,0.0,0.0,0.0,0.0,0.0,0.0,0.0
default,rf,random,0.01,0,0.8114000000000001,0.012218837915284702,0.6061410212238073,0.06200847331467185,0.360820905800386,0.02523743340572855,0.21228204244761453,0.1240169466293438,5000.0,0.0,0.22012,0.006388427036446456,0.0,0.0,0.0,0.0,0.0,0.0,0.0,0.0,0.0,0.0,0.0,0.0,0.0,0.0
default,rf,random,0.01,1,0.8225115856737736,0.009027804891039909,0.6315900175763055,0.051348384101061975,0.29299111165713787,0.02411177322349825,0.26318003515261096,0.10269676820212388,7175.8,9.01110426085495,0.20368161504074672,0.004957845536905445,4.0,0.0,2.6,1.6733200530681511,2.6,1.6733200530681511,2.6,1.6733200530681511,0.65,0.4183300132670378,0.640464688819345,0.04124696115703171,0.634,0.028863904794743205
default,rf,random,0.01,2,0.8222744063001993,0.0066623415108939725,0.6170527034855999,0.038210697155743066,0.25953661080471785,0.020739742748261705,0.2341054069711998,0.07642139431148605,9350.4,36.03193028412448,0.19353123670627587,0.0034415220904819815,3.8,0.447213595499958,2.4,0.5477225575051661,2.4,0.5477225575051661,5.0,1.224744871391589,0.6333333333333333,0.12638125740085915,0.6108883841087078,0.04326203811840668,0.6266666666666667,0.02276083380624616
default,rf,random,0.01,3,0.8234927757232653,0.006913397815601832,0.607649303650726,0.055292568039387625,0.23739761329411904,0.015211797406045493,0.21529860730145184,0.11058513607877532,11521.8,33.92196928245781,0.18743783927252858,0.0017892017358739833,4.0,0.0,2.6,1.140175425099138,2.6,1.140175425099138,7.6,1.5165750888103102,0.65,0.2850438562747845,0.6455738989325902,0.0381868908590218,0.6935,0.0629632829512566
default,rf,random,0.01,4,0.8264606672291661,0.006062556173126409,0.5867651440996029,0.0355654672636205,0.2077058545975885,0.01040585785327375,0.17353028819920588,0.07113093452724102,13694.2,31.43564855383111,0.18282190111919316,0.0013069859261295664,4.0,0.0,2.6,0.8944271909999159,2.6,0.8944271909999159,10.2,1.3038404810405297,0.65,0.22360679774997896,0.6274995837463453,0.028819960383853694,0.6915,0.07347618661852291
default,rf,random,0.01,5,0.8332348923766743,0.0048396545068904095,0.6030932933492521,0.03119387829165711,0.21023671826931337,0.01770537449834061,0.20618658669850426,0.062387756583314205,15870.4,47.045722441046586,0.17955423528223807,0.0013483096947677715,3.8,0.447213595499958,1.8,0.8366600265340756,1.8,0.8366600265340756,12.0,1.224744871391589,0.4666666666666666,0.191847740553689,0.6294350637939775,0.02979828273140576,0.634,0.030852471537949788
default,rf,random,0.01,6,0.8326755945897233,0.004353029409974453,0.5927654319984513,0.04577193388697151,0.19159783231997762,0.020195471764393267,0.1855308639969026,0.09154386777394315,18052.6,54.85708705354308,0.1769277841565897,0.0010425507307540102,4.0,0.0,2.6,0.8944271909999159,2.6,0.8944271909999159,14.6,1.1401754250991378,0.65,0.22360679774997896,0.6206189146161977,0.013250303257982331,0.667,0.04865053956535314
default,rf,random,0.01,7,0.8340267927623619,0.003321228528984172,0.576572114500378,0.019299223458761817,0.17909542364358133,0.01484587226865314,0.15314422900075614,0.038598446917523684,20212.4,81.29760144063279,0.17461553340603242,0.00045307272867545017,4.0,0.0,2.6,0.5477225575051661,2.6,0.5477225575051661,17.2,1.3038404810405297,0.65,0.13693063937629152,0.6347630732938481,0.0254508193927508,0.6581666666666667,0.06159455242867583
default,rf,random,0.01,8,0.8356017864151862,0.004108473583454504,0.5734969669090956,0.033089058333209874,0.16977983057949494,0.023505034447577827,0.14699393381819115,0.06617811666641975,22387.2,94.26133884048103,0.17353557342310771,0.00037553716506218295,4.0,0.0,2.4,1.51657508881031,2.4,1.51657508881031,19.6,2.1908902300206643,0.6,0.3791437722025775,0.6414819345545623,0.04077216753030222,0.6738333333333333,0.06175837774927564
default,rf,random,0.01,9,0.8325138216362425,0.0026981807504459156,0.5768627640279252,0.009029898923618907,0.15147428424473489,0.009054911686586996,0.15372552805585046,0.018059797847237824,24549.4,104.86086019101677,0.17242533710766006,0.0009049622727552283,4.0,0.0,1.4,1.140175425099138,1.4,1.140175425099138,21.0,2.1213203435596424,0.35,0.2850438562747845,0.6172130811326656,0.028210983857740173,0.647,0.073917183387897
default,rf,random,0.01,10,0.8348048520533627,0.002719732191452613,0.555381226276376,0.028980519133390278,0.155875041125688,0.011536288833034002,0.1107624525527521,0.057961038266780535,26723.6,109.23506762940215,0.17116370746866733,0.0011198065022776675,4.0,0.0,2.0,0.7071067811865476,2.0,0.7071067811865476,23.0,2.0,0.5,0.1767766952966369,0.6207557129685454,0.028461127445561864,0.661,0.05569447908006682
default,rf,random,0.02,0,0.8114000000000001,0.012218837915284702,0.6061410212238073,0.06200847331467185,0.360820905800386,0.02523743340572855,0.21228204244761453,0.1240169466293438,5000.0,0.0,0.22012,0.006388427036446456,0.0,0.0,0.0,0.0,0.0,0.0,0.0,0.0,0.0,0.0,0.0,0.0,0.0,0.0
default,rf,random,0.02,1,0.8225834756063565,0.010826614148030461,0.6131420811884287,0.053112859809839444,0.3053698932280937,0.027552970255260857,0.2262841623768575,0.1062257196196788,7178.8,9.01110426085495,0.20390295193102137,0.005048029657035068,7.0,0.0,4.8,0.8366600265340756,4.8,0.8366600265340756,4.8,0.8366600265340756,0.6857142857142857,0.11952286093343933,0.640464688819345,0.04124696115703171,0.6487142857142858,0.03270305484076937
default,rf,random,0.02,2,0.8223852238047314,0.008657535415144229,0.6063555037519197,0.038008427851867845,0.266660371920801,0.03725206637331609,0.21271100750383934,0.07601685570373566,9356.8,32.24437935516825,0.19357147823130713,0.003313408952511436,7.0,0.7071067811865476,3.6,0.8944271909999159,3.6,0.8944271909999159,8.4,1.51657508881031,0.5095238095238095,0.10323563518418474,0.6156023621866374,0.03442646134650582,0.6688571428571428,0.033936465247125944
default,rf,random,0.02,3,0.8265899861324486,0.006734395712494121,0.6029570356731258,0.03473338467661873,0.23533710399713087,0.010734860531982133,0.20591407134625142,0.06946676935323755,11537.6,36.11509379746908,0.18787408299916478,0.0011809755741623916,7.0,0.7071067811865475,3.8,1.6431676725154984,3.8,1.6431676725154984,12.2,0.8366600265340753,0.5464285714285715,0.23676712919953172,0.6426142449272108,0.03556389566625276,0.6223690476190475,0.038844391654890766
default,rf,random,0.02,4,0.8254933351147106,0.00788640619485229,0.6211044779433272,0.03777545517235338,0.2158812048912126,0.021141317837536377,0.24220895588665434,0.07555091034470676,13710.6,32.99696955782443,0.18358091204050941,0.0008682831053132452,7.0,0.0,5.2,0.8366600265340756,5.2,0.8366600265340756,17.4,1.1401754250991383,0.7428571428571429,0.11952286093343935,0.6140835948186688,0.02545785420272641,0.7040000000000001,0.021815553335795504
default,rf,random,0.02,5,0.8328358481820499,0.0041282742703522375,0.6123176388098898,0.04654085098553342,0.2190816294226375,0.015519199394351268,0.22463527761977958,0.09308170197106684,15892.8,40.41286923741007,0.18016917419005946,0.0016056212310256576,7.0,0.7071067811865476,3.6,1.3416407864998738,3.6,1.3416407864998738,21.0,1.414213562373095,0.5130952380952382,0.1867378690732861,0.6401816120858108,0.027915962088526047,0.6555357142857143,0.05575748096599655
default,rf,random,0.02,6,0.833060917080817,0.0037789506857389336,0.5842315527156613,0.026022421317258602,0.1960670744694662,0.01315933965719286,0.16846310543132245,0.05204484263451721,18069.4,44.15087768096991,0.17714996216960205,0.00106855907551286,7.0,0.0,4.8,1.3038404810405297,4.8,1.3038404810405297,25.8,1.3038404810405297,0.6857142857142857,0.18626292586293283,0.6313339219472441,0.01696922937221685,0.6705714285714286,0.040274567860208416
default,rf,random,0.02,7,0.8354727105407859,0.004652876211465666,0.5795777381953774,0.02989965843571035,0.17955775262750617,0.016943143758289834,0.15915547639075484,0.05979931687142072,20227.2,58.58924816039194,0.17488321828255823,0.00047826904961766374,7.6,0.5477225575051662,4.0,1.4142135623730951,4.0,1.4142135623730951,29.8,2.588435821108957,0.5214285714285715,0.1667516789989822,0.6259764137737299,0.022918083109017714,0.6814285714285714,0.02473842751506989
default,rf,random,0.02,8,0.8349881903163784,0.005662518613873419,0.574687498193271,0.021132075521441748,0.1712112490186222,0.020541781585714212,0.14937499638654209,0.042264151042883405,22406.4,75.46721142323985,0.17391327039873353,0.0005212985696186114,7.0,0.7071067811865476,3.8,0.8366600265340756,3.8,0.8366600265340756,33.6,2.4083189157584592,0.5511904761904762,0.14698886224331,0.6371787712312942,0.03158550759445118,0.6431071428571429,0.05185826199107227
default,rf,random,0.02,9,0.8347495420895878,0.002623901550425231,0.5769614996568697,0.023889815212625756,0.15737747194990875,0.01073067470678161,0.15392299931373948,0.04777963042525159,24573.2,86.20730827487878,0.1728690692392995,0.0010151286502572323,7.4,0.5477225575051663,4.0,1.0,4.0,1.0,37.6,2.6076809620810595,0.5357142857142857,0.10022296571715916,0.6169971302258751,0.041999068933255994,0.6615,0.042315325057169055
default,rf,random,0.02,10,0.8380394829237752,0.004447019120733808,0.5808708400829998,0.015596241683913674,0.15963246357194202,0.012199810716223225,0.16174168016599952,0.031192483367827366,26745.0,90.73863565207515,0.1714991152520784,0.0010800215502151538,7.2,0.44721359549995787,5.6,1.51657508881031,5.6,1.51657508881031,43.2,3.4205262752974135,0.775,0.19381376501735909,0.6284158211741718,0.029840486944432393,0.7264642857142857,0.03457061687358798
default,rf,random,0.05,0,0.8114000000000001,0.012218837915284702,0.6061410212238073,0.06200847331467185,0.360820905800386,0.02523743340572855,0.21228204244761453,0.1240169466293438,5000.0,0.0,0.22012,0.006388427036446456,0.0,0.0,0.0,0.0,0.0,0.0,0.0,0.0,0.0,0.0,0.0,0.0,0.0,0.0
default,rf,random,0.05,1,0.8185154622263144,0.016249812573617226,0.6133879559341188,0.044032561024180836,0.3118612668620334,0.031226485937908388,0.22677591186823753,0.08806512204836157,7188.8,8.348652585896723,0.20459318068176371,0.005079277472311734,17.0,0.7071067811865472,11.8,0.8366600265340756,11.8,0.8366600265340756,11.8,0.8366600265340756,0.6957516339869281,0.06583162794638169,0.640464688819345,0.04124696115703171,0.6605531045751634,0.010124159304995104
default,rf,random,0.05,2,0.8218287730196805,0.004901445999144153,0.6267037508325881,0.019367652734506396,0.26430446899243165,0.018009207623127896,0.25340750166517634,0.03873530546901278,9382.2,29.286515668477833,0.19485769092827804,0.0035476810090497362,16.6,1.51657508881031,10.2,1.7888543819998315,10.2,1.7888543819998315,22.0,1.58113883008419,0.613202614379085,0.07916648960906154,0.6166145463942209,0.03497861411080187,0.6788562091503267,0.025061382203560176
default,rf,random,0.05,3,0.8252279828618748,0.009038586407600942,0.5968949292253518,0.040752189405050425,0.24696598310819814,0.02550015638836067,0.1937898584507037,0.08150437881010085,11574.6,27.190071717448564,0.18957183734408165,0.0013474593399075002,16.6,1.8165902124584954,10.4,1.341640786499874,10.4,1.341640786499874,32.4,2.408318915758459,0.6289197257850508,0.07407465308585885,0.637291439351721,0.028030090965274982,0.6610256523662097,0.03156217538707008
default,rf,random,0.05,4,0.8255851191971655,0.007831191281095882,0.6022790064459234,0.054743764362737535,0.21199511197810655,0.010593388252300946,0.20455801289184689,0.10948752872547518,13758.2,27.398905087612434,0.18501009138892904,0.0007127881466994229,17.2,0.44721359549995787,11.6,1.140175425099138,11.6,1.140175425099138,44.0,2.1213203435596433,0.6758169934640523,0.07905525288475064,0.6288535182766252,0.031700686130393764,0.6760980392156862,0.025226235100224415
default,rf,random,0.05,5,0.830488033295904,0.010847384409198997,0.6116750294609067,0.03438288538799698,0.21836217903329444,0.020911959992116695,0.2233500589218133,0.06876577077599397,15950.2,39.50569579187286,0.18171626302146876,0.0012608179017409744,16.8,1.3038404810405295,11.0,1.224744871391589,11.0,1.224744871391589,55.0,1.8708286933869713,0.658578431372549,0.09586035368985102,0.6413594634057498,0.02665880530041585,0.6736795751633987,0.03295955422594733
default,rf,random,0.05,6,0.8306307130348067,0.004171955066723692,0.5916631028741448,0.02336367190506545,0.2038351847496651,0.010539689433215326,0.18332620574828956,0.046727343810130835,18142.0,49.618544920221055,0.17902101011541766,0.0011334620451583554,16.8,0.8366600265340757,10.2,3.033150177620621,10.2,3.033150177620621,65.2,1.923538406167134,0.6047385620915032,0.16691993244118655,0.6222908423080009,0.01184730410026903,0.6487516048085901,0.017869344305067914
default,rf,random,0.05,7,0.835851746668182,0.0031648380670775862,0.5911468168187379,0.026624018432124762,0.19476584197257082,0.014318334893554673,0.182293633637476,0.05324803686424955,20321.6,61.92576200580819,0.1771223178332591,0.0007774140769199235,17.4,0.8944271909999161,11.0,1.414213562373095,11.0,1.414213562373095,76.2,2.280350850198275,0.6359133126934985,0.10401739617106481,0.6241737891409691,0.02145394053875576,0.6697309597523221,0.01882465295500147
default,rf,random,0.05,8,0.8328474251756681,0.006283136749052741,0.5830250764629064,0.02142758368225176,0.17549164156201283,0.016892107119042734,0.16605015292581266,0.042855167364503385,22510.0,79.42291860665905,0.1761523293398452,0.0003795462395051298,17.0,1.0,11.8,1.9235384061671346,11.8,1.9235384061671346,88.0,3.1622776601683795,0.6918300653594771,0.08671232017147434,0.6403110458537201,0.032194213839779204,0.6731642156862745,0.0350704964326554
default,rf,random,0.05,9,0.830480988187967,0.0028727610846407646,0.567489758131502,0.026951360133420123,0.16471872421412403,0.007485557748826451,0.13497951626300417,0.05390272026684019,24690.6,92.02064985643189,0.17517413850670036,0.0007698921140256797,17.4,0.8944271909999155,9.8,2.5884358211089573,9.8,2.5884358211089573,97.8,4.207136793592527,0.5599673202614379,0.13392165236028353,0.6166574143627754,0.036994242770707786,0.6766549019607843,0.023497076842579786
default,rf,random,0.05,10,0.8327390644995987,0.003747113254122226,0.5817263736890105,0.019256719170599033,0.16002158656735474,0.01108883846231682,0.16345274737802098,0.038513438341198115,26871.2,100.05348569640157,0.17375997228610612,0.0008398169586308284,17.2,0.8366600265340751,11.0,1.7320508075688772,11.0,1.7320508075688772,108.8,5.118593556827892,0.6413398692810458,0.10978458921785035,0.6268397106397086,0.024386586962927264,0.6756707516339869,0.03551699783497682
default,rf,random,0.1,0,0.8114000000000001,0.012218837915284702,0.6061410212238073,0.06200847331467185,0.360820905800386,0.02523743340572855,0.21228204244761453,0.1240169466293438,5000.0,0.0,0.22012,0.006388427036446456,0.0,0.0,0.0,0.0,0.0,0.0,0.0,0.0,0.0,0.0,0.0,0.0,0.0,0.0
default,rf,random,0.1,1,0.8237483914065914,0.014264656888329584,0.6119330374305385,0.04788103829754424,0.3151862230814151,0.023174633584274865,0.2238660748610771,0.09576207659508848,7205.2,7.918333157931556,0.20554347511440368,0.005152670771544293,33.4,1.1401754250991378,22.0,2.345207879911715,22.0,2.345207879911715,22.0,2.345207879911715,0.6580532212885155,0.057839948820668494,0.640464688819345,0.04124696115703171,0.6564483129615483,0.012527824452245416
default,rf,random,0.1,2,0.8191110447173576,0.0057384733736083274,0.5903134659889233,0.020544292175128688,0.26459975689750176,0.016835727446340362,0.18062693197784677,0.04108858435025735,9406.0,28.39013913315678,0.19587630159492617,0.0030100360803911297,33.8,3.03315017762062,20.6,3.9115214431215897,20.6,3.9115214431215897,42.6,5.128352561983234,0.6137356159215243,0.12280494165774881,0.6182316273485039,0.03758403939451279,0.6511535559328429,0.016351477608883887
default,rf,random,0.1,3,0.8240579437869087,0.005437971651451157,0.6146018443239911,0.027331635457635402,0.2586115427717027,0.011731604743943917,0.2292036886479823,0.05466327091527085,11611.4,35.30297437893876,0.1909001943186343,0.0011798473219476846,33.2,2.5884358211089578,21.2,2.7748873851023212,21.2,2.7748873851023212,63.8,6.648308055437865,0.6411692994857295,0.08979938827065923,0.6386230063142507,0.02755199279157414,0.6569201548958141,0.027259282447624884
default,rf,random,0.1,4,0.8227088550119314,0.008310512228015998,0.6118547867857089,0.025096643591440666,0.21883744676872915,0.0113600565691169,0.2237095735714179,0.05019328718288132,13811.2,32.399074060843155,0.18682009982522563,0.000918440583053111,33.8,1.7888543819998322,22.0,4.415880433163924,22.0,4.415880433163924,85.8,9.5236547606473,0.6469487501745567,0.10084981569320674,0.6229919161646543,0.03131394021354908,0.6719643625192011,0.026069331345205893
default,rf,random,0.1,5,0.8262119412642976,0.009045229562183933,0.6065581951967202,0.020779341883064045,0.22659440127142175,0.019072355300347617,0.21311639039344038,0.04155868376612811,16024.6,48.510823534547384,0.18385615242840822,0.0012007932673481698,32.4,2.5099800796022262,21.2,5.019960159204453,21.2,5.019960159204453,107.0,11.247221879201991,0.6513750954927426,0.1254102018694313,0.6456394150747776,0.035775748467393904,0.6512252100840337,0.02549130946489625
default,rf,random,0.1,6,0.8290612931336426,0.0020520998989943737,0.587428558459113,0.018435767789012018,0.21733822256600382,0.016949565407676528,0.174857116918226,0.036871535578024014,18238.0,57.10954386089971,0.18131545470854352,0.0010563170035716562,32.4,1.51657508881031,19.2,2.7748873851023212,19.2,2.7748873851023212,126.2,12.911235417263525,0.5910815939278937,0.06492642167334206,0.6267817933909128,0.007005296368514593,0.668677972802024,0.02337189358583745
default,rf,random,0.1,7,0.8355764016045587,0.006023718370084277,0.6028070121587396,0.028007201905814603,0.21063841631519448,0.017726059997390676,0.2056140243174791,0.05601440381162921,20425.2,71.45068229205343,0.1792995783722515,0.0006339406097360582,35.4,2.073644135332772,20.4,1.9493588689617927,20.4,1.9493588689617927,146.6,13.867227552759056,0.575459200103163,0.025466487421909975,0.6212019020333559,0.01817502048138148,0.6585308227209156,0.006405368718176812
default,rf,random,0.1,8,0.831790530319919,0.007116940919812035,0.5815540300383926,0.022530514228927885,0.19417986049134764,0.019826830517127046,0.16310806007678502,0.045061028457855826,22633.6,81.69026869829753,0.1784697584821639,0.0004026372928814675,32.8,2.16794833886788,21.4,3.5071355833500366,21.4,3.5071355833500366,168.0,13.820274961085254,0.6575757575757576,0.13714004558423717,0.6438285450311777,0.039638731381573214,0.6652601851851851,0.023400388691858592
default,rf,random,0.1,9,0.8357915219776674,0.003732216987461822,0.5937279878262343,0.021584172426507165,0.1924906944039559,0.005042809408024377,0.18745597565246858,0.043168344853014295,24839.4,90.58311100861984,0.17765214467079501,0.0008557136008385303,33.2,2.1679483388678804,21.6,4.098780306383839,21.6,4.098780306383839,189.6,12.856904759700132,0.6494187675070028,0.10525502329277925,0.6282968901554649,0.031338362498403015,0.6664378851540617,0.011778159458789997
default,rf,random,0.1,10,0.8353166942904936,0.003313184758489615,0.5816943332292169,0.03285040017287062,0.18600053707537278,0.010762767930746715,0.16338866645843392,0.06570080034574119,27039.4,86.02790245030954,0.17624497183971105,0.0007945915888353706,34.0,0.7071067811865481,19.4,3.781534080237808,19.4,3.781534080237808,209.0,13.2664991614216,0.5702877514642221,0.10806018890780719,0.6304156872008312,0.02174927907581543,0.6689343009931246,0.030945769521233703
default,rf,random,0.15,0,0.8114000000000001,0.012218837915284702,0.6061410212238073,0.06200847331467185,0.360820905800386,0.02523743340572855,0.21228204244761453,0.1240169466293438,5000.0,0.0,0.22012,0.006388427036446456,0.0,0.0,0.0,0.0,0.0,0.0,0.0,0.0,0.0,0.0,0.0,0.0,0.0,0.0
default,rf,random,0.15,1,0.8214548486486037,0.012262491694050357,0.6286075174958486,0.0615637240483353,0.32558472300992675,0.017904205499231916,0.25721503499169734,0.1231274480966706,7221.6,7.536577472566612,0.20643380676928008,0.005018068714889702,49.8,1.4832396974191326,31.8,5.357238094391549,31.8,5.357238094391549,31.8,5.357238094391549,0.638679748822606,0.1064296899137403,0.640464688819345,0.04124696115703171,0.6631459183673469,0.010383780112322985
default,rf,random,0.15,2,0.8197764957419237,0.005390660970140306,0.6193401177207061,0.012752549608784244,0.2716956887259587,0.021612757257682406,0.23868023544141198,0.025505099217568543,9442.0,19.235384061671343,0.19724595705984832,0.003220264938527552,50.2,2.7748873851023217,30.0,5.522680508593631,30.0,5.522680508593631,61.8,8.700574693662483,0.5955252241402381,0.0926277668030887,0.6196364709783575,0.034252954561876,0.6729436283955572,0.007157230407482787
default,rf,random,0.15,3,0.8210364914626677,0.005465500209244727,0.580952009086179,0.04193835729214314,0.2571060126666343,0.017718289052901393,0.1619040181723582,0.08387671458428632,11670.2,25.252722625491113,0.192918524584972,0.0014853523035488593,48.4,4.219004621945797,33.8,5.93295878967653,33.8,5.93295878967653,95.6,5.128352561983234,0.6945355099084998,0.07853774947087143,0.6458629361208963,0.027547921480291393,0.651705362353693,0.0219290581687747
default,rf,random,0.15,4,0.8295506717357124,0.003363350362397918,0.6338994368964025,0.04344441021127131,0.25448110206332847,0.022309087184855064,0.2677988737928051,0.08688882042254263,13880.0,22.203603311174586,0.18894837464069208,0.0010634345010362362,51.8,2.1679483388678804,32.6,5.029910535983717,32.6,5.029910535983717,128.2,5.310367218940698,0.632861803383446,0.11821103613874087,0.6167653021323735,0.03252218661102629,0.6653226758147512,0.0026869390893624104
default,rf,random,0.15,5,0.8295639817756164,0.0030109393791067224,0.6170205675575312,0.0203490870464542,0.24640750850221033,0.015110061181999212,0.2340411351150625,0.04069817409290842,16103.4,22.853883696212325,0.18598646344634961,0.0012804738239611448,49.4,2.0736441353327724,30.0,8.12403840463596,30.0,8.12403840463596,158.2,8.843076387773658,0.6046736043026049,0.15177235569001657,0.6379319230387857,0.03219095923889883,0.6592808854310956,0.018403326419511173
default,rf,random,0.15,6,0.8323386134645704,0.004223577206257664,0.6203287394395856,0.019215870891801205,0.23480646237577268,0.010067168264762245,0.24065747887917094,0.038431741783602466,18326.4,29.30528962491236,0.1833865451923593,0.0008597006502914342,49.4,2.073644135332772,29.4,1.9493588689617924,29.4,1.9493588689617924,187.6,7.893034904268446,0.596307729311037,0.05281207839453492,0.6286231503129851,0.015987333948075052,0.6585647145382976,0.010793290027048097
default,rf,random,0.15,7,0.8339798217461712,0.006114990076993969,0.6111838959178133,0.020291625079893776,0.22487414714636111,0.014616112977315023,0.22236779183562666,0.040583250159787636,20531.6,38.5006493451735,0.18173083610572632,0.0008532873861611109,52.6,2.701851217221259,35.6,5.504543577809154,35.6,5.504543577809154,223.2,11.476062042355817,0.67579988646593,0.08998986107812634,0.6234418859732889,0.010328375032991513,0.6696941736901519,0.029824894361807887
default,rf,random,0.15,8,0.8303479952233769,0.0035475228313389963,0.599654632187794,0.01843650328213967,0.20412085372412872,0.013405712974530318,0.19930926437558816,0.036873006564279394,22751.2,45.00777710574024,0.1809489074424365,0.000296897930433694,50.4,3.049590136395382,33.0,3.2403703492039297,33.0,3.2403703492039297,256.2,11.77709641634983,0.6554901125533401,0.06067047681985294,0.6393668871882683,0.023794741574797707,0.6708788724098111,0.018973894188473638
default,rf,random,0.15,9,0.8350449917905312,0.005020852995684644,0.5965434654153068,0.020122177148236973,0.20482879713017796,0.019582830045182527,0.19308693083061365,0.04024435429647397,24967.6,53.16765934287514,0.18018508339837175,0.0005084295477514812,51.0,2.7386127875258306,33.2,3.271085446759226,33.2,3.271085446759226,289.4,12.157302332343303,0.6516038863097686,0.06387248325705541,0.6239863610348373,0.03521324290685849,0.6654113854632763,0.002529294333445807
default,rf,random,0.15,10,0.8354279625237144,0.003232138054150096,0.6171246846775043,0.01271809825434105,0.20367026977689662,0.013774750418613792,0.23424936935500842,0.025436196508682053,27183.6,62.17957864122259,0.17898218583806633,0.0005120884295561092,50.8,2.167948338867879,33.8,5.805170109479996,33.8,5.805170109479996,323.2,14.703741020570241,0.6628428396999826,0.08791150612107762,0.6305996391458575,0.030035231518343548,0.6710332386572863,0.012875923064876466
default,rf,random,0.2,0,0.8114000000000001,0.012218837915284702,0.6061410212238073,0.06200847331467185,0.360820905800386,0.02523743340572855,0.21228204244761453,0.1240169466293438,5000.0,0.0,0.22012,0.006388427036446456,0.0,0.0,0.0,0.0,0.0,0.0,0.0,0.0,0.0,0.0,0.0,0.0,0.0,0.0
default,rf,random,0.2,1,0.8154942567851877,0.015049786370545734,0.6134047565261497,0.025126772387081955,0.3058842653067561,0.028803009998049942,0.2268095130522993,0.05025354477416385,7238.0,7.106335201776048,0.20751409568823545,0.004542710377299039,66.2,1.9235384061671361,43.0,6.041522986797287,43.0,6.041522986797287,43.0,6.041522986797287,0.6484243961478712,0.07945041326871724,0.640464688819345,0.04124696115703171,0.670761325545804,0.01477436285649153
default,rf,random,0.2,2,0.8201227605328711,0.007288325278060109,0.6115491634122879,0.015763427663336493,0.2793889263743905,0.008386970810616751,0.22309832682457592,0.03152685532667297,9476.8,21.39392437118541,0.1988863153167385,0.002746782849211791,65.8,4.764451699828639,37.8,4.32434966208793,37.8,4.32434966208793,80.8,6.723094525588644,0.5784824474179222,0.09199562557369942,0.6163247307918572,0.037895804850286804,0.6559758961766458,0.006518765233001556
default,rf,random,0.2,3,0.8221645867145094,0.00844348432653032,0.6328103640858542,0.05479953980883569,0.2767837299902206,0.016105145249117978,0.26562072817170845,0.10959907961767139,11716.8,20.92128103152404,0.19467872111017762,0.0008947066936445979,65.6,4.505552130427523,42.2,5.674504383644443,42.2,5.674504383644443,123.0,9.273618495495704,0.6446489410343447,0.08408601158812556,0.6397084979469632,0.030163246720224843,0.6653106137307242,0.020860476833141565
default,rf,random,0.2,4,0.825877699210676,0.004421984464767517,0.6079798023890385,0.05096588596317028,0.2580258236956944,0.020792505574588317,0.21595960477807702,0.1019317719263406,13955.2,21.649480363278773,0.19116912228821886,0.001210862390192898,65.6,2.3021728866442692,43.6,1.9493588689617931,43.6,1.9493588689617931,166.6,10.784247771634329,0.6648223304473304,0.025287129149195037,0.629747132537726,0.029326840618646252,0.6625420152613086,0.0033905177987282884
default,rf,random,0.2,5,0.8273424686134867,0.00470424139078935,0.6092776402804145,0.033973398299919494,0.24885291311381313,0.02362853617082128,0.21855528056082907,0.06794679659983906,16197.6,25.343638254993945,0.18850895092916237,0.001444964847239903,64.8,3.1144823004794877,40.2,3.7013511046643486,40.2,3.7013511046643486,206.8,8.318653737234172,0.6220983999652095,0.06988197017713024,0.6369504793882552,0.050557173185074265,0.6496459149270432,0.012748500216995636
default,rf,random,0.2,6,0.8308051001737157,0.005728603594453436,0.609510737393715,0.01346857881108532,0.24291777126556457,0.017032949992961992,0.21902147478742995,0.0269371576221707,18438.2,32.72155253040397,0.18615725528906812,0.0012088213124514906,65.4,2.701851217221259,42.2,2.7748873851023217,42.2,2.7748873851023217,249.0,9.082951062292478,0.6451724664224664,0.03145304259215211,0.6302314615674554,0.011770996582246515,0.66899201007326,0.010688416283086727
default,rf,random,0.2,7,0.8293208426720934,0.005024660214762194,0.5899987999878635,0.012538183680162606,0.2305657487695953,0.013564014908547598,0.17999759997572712,0.0250763673603252,20667.8,46.359465052996576,0.1846064699071964,0.0007657508463188718,68.0,4.0,44.6,2.073644135332773,44.6,2.073644135332773,293.6,10.620734437881412,0.6569450047061987,0.03459837082448697,0.6293667370666607,0.019097230656848426,0.6801714377026512,0.018166955014984422
default,rf,random,0.2,8,0.830477697163642,0.004148336937583937,0.6151550836537427,0.027381955935080853,0.2182895774755063,0.013284720534169963,0.23031016730748535,0.05476391187016167,22903.0,58.18075283115539,0.18382722825173894,0.00038596898430061106,66.6,3.1304951684997047,44.4,4.979959839195494,44.4,4.979959839195494,338.0,10.954451150103315,0.6679812548562548,0.08416214051437657,0.6461339347524073,0.033282731574629694,0.6652117574786324,0.01646333838134822
default,rf,random,0.2,9,0.8336927703452822,0.004697597781866267,0.622654685535238,0.02168616253701106,0.2246094162311043,0.019833449270626753,0.24530937107047573,0.04337232507402218,25142.6,65.040756453166,0.1832740026359971,0.0007071855210471317,65.6,4.56070170039655,43.2,5.403702434442518,43.2,5.403702434442518,381.2,7.429670248402677,0.6573638161503199,0.05503523905646563,0.6229175971473014,0.030450687727689236,0.6735007172302264,0.010827588483476164
default,rf,random,0.2,10,0.830711643516981,0.0028896793016035443,0.5916726446676231,0.011287570795352102,0.21548985461504486,0.01382314446489061,0.1833452893352463,0.022575141590704246,27377.4,64.39953415980574,0.18202527341353544,0.0007358223205948059,66.8,2.683281572999749,40.4,5.504543577809154,40.4,5.504543577809154,421.6,2.8809720581775826,0.6031845984055886,0.059544872317594255,0.6292150274232318,0.02870418587805512,0.6649030316860982,0.019028595809410465
default,rf,random,0.3,0,0.8114000000000001,0.012218837915284702,0.6061410212238073,0.06200847331467185,0.360820905800386,0.02523743340572855,0.21228204244761453,0.1240169466293438,5000.0,0.0,0.22012,0.006388427036446456,0.0,0.0,0.0,0.0,0.0,0.0,0.0,0.0,0.0,0.0,0.0,0.0,0.0,0.0
default,rf,random,0.3,1,0.8190322518844066,0.009506155695644152,0.6374736797418917,0.028432601231299034,0.3275882945774809,0.014344334052835575,0.27494735948378335,0.05686520246259804,7270.8,6.3007936008093495,0.20946669950748675,0.004707995436580516,99.0,2.738612787525829,64.0,6.892024376045111,64.0,6.892024376045111,64.0,6.892024376045111,0.6454527584927445,0.054227910455706935,0.640464688819345,0.04124696115703171,0.6605827701345353,0.012989414081533888
default,rf,random,0.3,2,0.8229596694882199,0.003212960402705347,0.637768432355627,0.024142778502955077,0.3115702145126757,0.010106711199815184,0.2755368647112538,0.04828555700591021,9544.0,28.1336097932704,0.2025574440733263,0.0031277022858690966,98.0,10.559356040971437,64.2,8.318653737234168,64.2,8.318653737234168,128.2,13.255187663703598,0.6541111816391003,0.02242905351429565,0.61710142640055,0.024399120528644257,0.6608191879351915,0.007868568269479775
default,rf,random,0.3,3,0.8221224919965329,0.004666772174149966,0.6203705718464938,0.03315915824721406,0.278560469994612,0.024274095147883385,0.2407411436929876,0.06631831649442806,11814.0,29.46183972531243,0.1986134973055513,0.0013575626090831267,99.2,8.87130204648675,61.4,6.6558245169174945,61.4,6.6558245169174945,189.6,9.73652915571047,0.6196494530304636,0.046822292729907934,0.6390354288507718,0.03768710046421796,0.6648624349237018,0.012397077052825
default,rf,random,0.3,4,0.8219181372690609,0.004284336652124502,0.6265700072579333,0.03675513961478513,0.2692568423292453,0.011766232412579182,0.2531400145158666,0.07351027922957029,14087.4,27.051802158081774,0.19576364307538893,0.0009662781920024638,97.6,3.9749213828703573,62.2,2.949576240750524,62.2,2.949576240750524,251.8,10.183319694480774,0.6372717259490761,0.013971670574615224,0.6170892126770776,0.01492187778212415,0.6788478570238353,0.010990074604859346
default,rf,random,0.3,5,0.8276332634581939,0.00469933858775115,0.6252277079803047,0.02975157134682085,0.27263299752565573,0.014044728551176971,0.2504554159606095,0.05950314269364163,16362.8,34.039682724725814,0.19343932174023415,0.0011464650664354547,97.0,7.314369419163897,62.0,5.0990195135927845,62.0,5.0990195135927845,313.8,14.024977718342367,0.6396298792577595,0.03364726230250019,0.6373095567754852,0.0364038544007955,0.6603013171987456,0.007652796151391297
default,rf,random,0.3,6,0.8268339090677024,0.00422418007031828,0.6213925556008298,0.018746160330772785,0.2598739977753501,0.01597020907978432,0.24278511120165963,0.03749232066154566,18638.8,34.33220062856451,0.19137516239869984,0.0011244086851709845,96.8,3.7682887362833557,63.4,3.7815340802378055,63.4,3.7815340802378055,377.2,11.691877522451216,0.654900868188099,0.028059184654504323,0.6329835934298405,0.01755262427199738,0.68064264301331,0.008686049723892272
default,rf,random,0.3,7,0.8293600191240424,0.006787398718414222,0.6252225892300396,0.0232053922350961,0.25811804504994607,0.014659710959901892,0.2504451784600791,0.046410784470192215,20895.2,42.085627000200446,0.18967104105187912,0.0009787319783457222,104.8,6.140032573203501,66.0,3.9370039370059056,66.0,3.9370039370059056,443.2,14.324803663575986,0.6300635451505017,0.023009815906648454,0.6347291407197584,0.020794402796369738,0.6677177539417105,0.007707824554491153
default,rf,random,0.3,8,0.8293219627440077,0.003025691362772661,0.6049169212451092,0.026729156326536104,0.24430905614701665,0.015878428414157885,0.20983384249021855,0.053458312653072146,23169.6,45.058850406995575,0.1892656970432412,0.0005555756285974806,97.2,5.11859355682789,65.2,6.760177512462227,65.2,6.760177512462227,508.4,14.432601983010548,0.6702831225565897,0.05380587239152043,0.6426014306867736,0.03694095412177693,0.6707031814875734,0.006322656801201837
default,rf,random,0.3,9,0.8267530462034189,0.003955448263356251,0.6126309419612298,0.033429588166479014,0.24201366778372818,0.014839039782597116,0.2252618839224596,0.066859176332958,25435.8,51.702997978840514,0.18861626989076447,0.0006861312171032417,100.8,6.833739825307956,63.2,6.760177512462229,63.2,6.760177512462229,571.6,16.410362579784763,0.6262441302870777,0.04071207777888659,0.6225522245148414,0.027029213799513493,0.6772634154345327,0.011098919721165007
default,rf,random,0.3,10,0.829011905136918,0.004748253973650394,0.6162078169460579,0.01698124324931737,0.2442053648494579,0.016077788018088932,0.23241563389211578,0.0339624864986347,27706.8,55.58506993788897,0.1876796039766152,0.00058482667095914,98.8,4.147288270665542,67.0,3.1622776601683795,67.0,3.1622776601683795,638.6,17.03819239238717,0.6780301497827764,0.0053136997055517774,0.6365907948371614,0.02707671023077567,0.6714074544758079,0.00928012998657433
default,rf,random,0.5,0,0.8114000000000001,0.012218837915284702,0.6061410212238073,0.06200847331467185,0.360820905800386,0.02523743340572855,0.21228204244761453,0.1240169466293438,5000.0,0.0,0.22012,0.006388427036446456,0.0,0.0,0.0,0.0,0.0,0.0,0.0,0.0,0.0,0.0,0.0,0.0,0.0,0.0
default,rf,random,0.5,1,0.8128890345597565,0.014479729939534407,0.6171072402413659,0.04564269679109696,0.32859808227492365,0.028884173240187886,0.23421448048273175,0.0912853935821939,7336.4,4.50555213042762,0.21318267161298018,0.004014599968434683,164.6,4.505552130427521,105.0,9.66953980290686,105.0,9.66953980290686,105.0,9.66953980290686,0.6371658445242154,0.04432118110632072,0.640464688819345,0.04124696115703171,0.6589292746273228,0.005674085872926044
default,rf,random,0.5,2,0.8156625432364493,0.002559935286579758,0.6335969972118276,0.0462241140546901,0.3182403425646843,0.01836430921294077,0.2671939944236553,0.0924482281093801,9676.2,15.270887335056727,0.20766471649933388,0.0027205360438718163,160.4,12.77888884058391,100.2,11.30044246921332,100.2,11.30044246921332,205.2,15.738487856207787,0.6239732978887416,0.03839510059026677,0.6272823333107767,0.02799447740318527,0.6647926232710345,0.008855646950490445
default,rf,random,0.5,3,0.8203829607704115,0.003364646388142946,0.6206003754819154,0.014733486333048681,0.3217500126036598,0.006985171981834161,0.24120075096383076,0.029466972666097255,12018.0,19.544820285692065,0.20545953929689031,0.0014971395331376282,158.8,12.517987058628878,100.8,7.1203932475671605,100.8,7.1203932475671605,306.0,16.294170736800318,0.6363260401360564,0.042774155689321317,0.6413415521581703,0.036612922433357994,0.6626903491532917,0.007570208863516995
default,rf,random,0.5,4,0.8183846858619473,0.008034886660569701,0.6355698671152361,0.016324362948450154,0.29995732822557075,0.033965385839355454,0.2711397342304721,0.03264872589690038,14353.0,18.77498335551848,0.20321978319777395,0.0012997544730903113,165.6,3.781534080237811,103.8,5.761944116355173,103.8,5.761944116355173,409.8,11.734564329364774,0.6273727115353225,0.0433329235871655,0.6215905985592353,0.02935221659988664,0.6769837295280314,0.005756373929704973
default,rf,random,0.5,5,0.8209634053892401,0.0020185164480573566,0.630224375196941,0.00856165170314379,0.30268303019509607,0.005755179488316338,0.26044875039388204,0.01712330340628758,16691.8,20.437710243567246,0.2014295984805145,0.0018415438696158144,161.6,8.264381404557755,101.0,8.660254037844387,101.0,8.660254037844387,510.8,17.711578134090708,0.624988295409455,0.04241870792840217,0.6377599514818463,0.035592149848915816,0.6574013088606334,0.011352643559496245
default,rf,random,0.5,6,0.822869469809528,0.002232581285436769,0.6145505906083941,0.012464495863182152,0.29072987110612014,0.0217237339902985,0.22910118121678816,0.02492899172636431,19035.2,22.185580902919714,0.19984136782799417,0.0014872757762482553,156.8,5.540758070878029,98.8,2.7748873851023217,98.8,2.7748873851023217,609.6,18.17415747703316,0.630838621796306,0.030858291606869977,0.633288151402032,0.016462458251007075,0.6669690962685534,0.010028237002354575
default,rf,random,0.5,7,0.8268612141407525,0.0038936695488232444,0.630665992437785,0.017579793748988062,0.2860181357064754,0.013122446564472305,0.2613319848755699,0.03515958749797611,21367.6,24.663738564946303,0.19874086889625145,0.001073595519658923,168.2,8.757853618324525,103.8,8.438009243891596,103.8,8.438009243891596,713.4,15.404544783926587,0.617591861195937,0.046170275569109825,0.6328033661992525,0.012986838670459789,0.6723476451283383,0.006114792769010146
default,rf,random,0.5,8,0.8260748886053353,0.005314740015365346,0.632673758714651,0.039590410907216475,0.28797468580691943,0.015156931678733587,0.2653475174293021,0.07918082181443296,23705.4,25.3436382549938,0.19848635953154653,0.000655958507147242,162.6,9.581231653602785,102.2,9.984988733093292,102.2,9.984988733093292,815.6,15.709869509324387,0.6298052724746008,0.06666154587837196,0.6408688398723104,0.03696479664666562,0.671426117221364,0.007067368820061128
default,rf,random,0.5,9,0.8239769793098379,0.0024762409087495264,0.6278372091223906,0.015090795713010457,0.28676970282944303,0.011499848567171506,0.2556744182447812,0.03018159142602085,26046.4,27.13484844254681,0.19826922399624253,0.00034208923110678736,159.8,10.940749517286285,101.6,7.987490219086341,101.6,7.987490219086341,917.2,17.3118456555042,0.6363244289757968,0.0375195216867809,0.6291266815788391,0.034686142659900186,0.672137392524321,0.01118161490601592
default,rf,random,0.5,10,0.8237565503797049,0.004589888470538647,0.6125020558927515,0.02353129918595187,0.28211481292940477,0.01447126884176565,0.22500411178550297,0.04706259837190377,28384.6,30.468016016800554,0.19758572249716744,0.0006843849442928429,162.4,9.071934744033378,104.0,9.354143466934852,104.0,9.354143466934852,1021.2,22.62078690054791,0.6404242039354813,0.04465595388843221,0.6286204058674958,0.01727488055649126,0.6760475052587613,0.016618075519343637
default,rf,random,0.75,0,0.8114000000000001,0.012218837915284702,0.6061410212238073,0.06200847331467185,0.360820905800386,0.02523743340572855,0.21228204244761453,0.1240169466293438,5000.0,0.0,0.22012,0.006388427036446456,0.0,0.0,0.0,0.0,0.0,0.0,0.0,0.0,0.0,0.0,0.0,0.0,0.0,0.0
default,rf,random,0.75,1,0.810106784872876,0.012364092271423077,0.6420306950551516,0.049015107710250375,0.3385304407638522,0.020523156268862853,0.2840613901103033,0.0980302154205008,7418.4,2.3021728866443567,0.2177824242451624,0.004324620652640862,246.6,6.7305274681855325,156.6,15.009996668887043,156.6,15.009996668887043,156.6,15.009996668887043,0.6341951121675475,0.046333549738826946,0.640464688819345,0.04124696115703171,0.6630900065924166,0.007174601865418751
default,rf,random,0.75,2,0.819611003837387,0.0072599233711607754,0.6362748292196205,0.025532727791404308,0.35820742843560077,0.016542299027097442,0.27254965843924084,0.05106545558280871,9838.0,8.33666600026667,0.21512498359512114,0.0023304641075858053,242.4,20.767763480933617,155.0,8.689073598491387,155.0,8.689073598491387,311.6,22.244100341438855,0.6412930231981567,0.03320801814504481,0.6221996585015849,0.03460479785240741,0.6616793298403449,0.010303901524578189
default,rf,random,0.75,3,0.8164608673675989,0.005075228792773721,0.6251003704453336,0.023038962514246072,0.3432794123084515,0.024140435905043313,0.25020074089066724,0.04607792502849213,12257.0,6.892024376045259,0.21434338207975484,0.0017873304009869645,243.4,13.42758355028931,156.6,8.080841540334768,156.6,8.080841540334768,468.2,27.77048793233566,0.645163269428674,0.05104873599899416,0.6413950647409439,0.04257209762633603,0.6630815860471051,0.010600631459096089
default,rf,random,0.75,4,0.8253751322070455,0.003939329876980517,0.6574387445371673,0.029268557229897463,0.3574819239308211,0.015011862939510345,0.31487748907433477,0.058537114459794926,14675.6,9.864076236526314,0.21307509058115057,0.000852878644355956,246.2,11.256109452204164,153.2,5.630275304103697,153.2,5.630275304103697,621.4,25.579288496750635,0.6237773235983688,0.045339819473165247,0.6194748513006527,0.03421230942564188,0.6761665740438365,0.010516483944270232
default,rf,random,0.75,5,0.8166508770889562,0.008547345980180752,0.6354669083651827,0.020606105300923137,0.3391441187135086,0.0206956941702027,0.27093381673036543,0.041212210601846225,17096.2,15.912259424733191,0.21216481024506179,0.0014570228370434247,239.6,23.212065827926647,153.0,13.874436925511606,153.0,13.874436925511606,774.4,35.51478565330221,0.6395707710036602,0.029483541243593755,0.6364155778831615,0.023645413763601932,0.6668621032018615,0.0045583798576916456
default,rf,random,0.75,6,0.821098074441419,0.005615596838144978,0.6369613296288349,0.01690669163708287,0.33648643586001975,0.029827289320407926,0.27392265925766973,0.03381338327416573,19517.4,15.946786510140244,0.21101226931159373,0.0013343378157199318,237.8,3.420526275297414,148.8,3.19374388453426,148.8,3.19374388453426,923.2,34.1130473572796,0.6258175987713573,0.015003199729606927,0.6286142033833559,0.008918287616296828,0.6646041070485017,0.008188868897537928
default,rf,random,0.75,7,0.8219282876663729,0.0014422226062020425,0.6347724962615986,0.017592767854125453,0.341811179291018,0.015955153812051065,0.2695449925231973,0.03518553570825091,21933.8,17.079227148790782,0.21043375446287377,0.0012951394023729562,252.4,16.28803241647069,157.6,12.157302332343304,157.6,12.157302332343304,1080.8,38.27139924277655,0.6244858410017711,0.03052273152096981,0.6303251596756301,0.020433410483898063,0.67037476139221,0.005481158057520833
default,rf,random,0.75,8,0.8218223416035084,0.005310138477110729,0.622861055043183,0.006424142052477265,0.339601109968535,0.00438183577485795,0.24572211008636588,0.01284828410495447,24354.8,20.11715685677301,0.21055435819359164,0.0006420816262726105,238.4,15.30686120666154,156.8,5.974947698515861,156.8,5.974947698515861,1237.6,39.53226530316723,0.659031291249469,0.03257502082064623,0.6585830200881061,0.03463287257218045,0.6703779585572842,0.005745822713396368
default,rf,random,0.75,9,0.8214148342623542,0.003537747425231213,0.6285568740913334,0.02097623676212827,0.3344888496141799,0.028059633930398502,0.25711374818266675,0.04195247352425646,26774.4,20.181674856166005,0.21045495897974006,0.0005157692969484836,243.0,5.0990195135927845,155.4,10.38267788193393,155.4,10.38267788193393,1393.0,34.92849839314596,0.6390933441976622,0.03145258722250194,0.6379697338547953,0.03298122439778593,0.6724381511115689,0.008719748580474479
default,rf,random,0.75,10,0.82008500023708,0.004605773182975593,0.6257760809982189,0.02774717906293395,0.33369642784816056,0.009317470920527786,0.2515521619964379,0.055494358125867935,29195.6,19.034179782696327,0.20999048756916178,0.00018233754837109267,238.2,11.388590782006348,153.2,8.642916174532758,153.2,8.642916174532758,1546.2,27.362382937163922,0.6434598684433734,0.029146496611784665,0.6347064077115262,0.027922025530962978,0.6745537797895016,0.013460173807090308
default,rf,random,1.0,0,0.8114000000000001,0.012218837915284702,0.6061410212238073,0.06200847331467185,0.360820905800386,0.02523743340572855,0.21228204244761453,0.1240169466293438,5000.0,0.0,0.22012,0.006388427036446456,0.0,0.0,0.0,0.0,0.0,0.0,0.0,0.0,0.0,0.0,0.0,0.0,0.0,0.0
default,rf,random,1.0,1,0.8146666666666667,0.01318247995552345,0.6318792293934127,0.03810133741970992,0.3843924222036847,0.0383604691427367,0.26375845878682547,0.0762026748394198,7500.0,0.0,0.22258666666666665,0.0039548563676685975,328.2,9.011104260855042,210.4,17.784824992110547,210.4,17.784824992110547,210.4,17.784824992110547,0.640464688819345,0.04124696115703171,0.640464688819345,0.04124696115703171,0.6631561593509482,0.006405224131860144
default,rf,random,1.0,2,0.8173,0.011856432853097083,0.6477010917440708,0.029296956031236873,0.3827828577549301,0.022723967371541295,0.2954021834881415,0.05859391206247382,10000.0,0.0,0.22155999999999998,0.002380756182392481,325.4,34.12916641232247,202.6,20.181674856165927,202.6,20.181674856165927,413.0,29.223278392404914,0.6231013269451914,0.01765311728789422,0.6231013269451914,0.01765311728789422,0.6656932912456005,0.010041422062495402
default,rf,random,1.0,3,0.8142400000000001,0.008057791260637126,0.6433754479338016,0.024952979203835265,0.375566710786566,0.014646112149567818,0.2867508958676033,0.049905958407670495,12500.0,0.0,0.22220800000000002,0.0013851786888340442,316.2,22.92814863873662,203.8,9.808159868191384,203.8,9.808159868191384,616.8,22.47665455533807,0.6460693904698317,0.03563079046507114,0.6460693904698317,0.03563079046507114,0.6662440790955763,0.007995005926731307
default,rf,random,1.0,4,0.8121333333333333,0.0032197308376114954,0.6309356148793599,0.018753529449428655,0.3786545754589105,0.0075516825939789985,0.2618712297587199,0.0375070588988573,15000.0,0.0,0.22178666666666666,0.0012870293098622286,324.4,10.163660757817533,202.6,9.289779329994873,202.6,9.289779329994873,819.4,17.938784797192938,0.6248450604150932,0.030063983973002077,0.6248450604150932,0.030063983973002077,0.6722581629074547,0.009663612385790245
default,rf,random,1.0,5,0.8166285714285714,0.009782116126808528,0.6322017649238916,0.007098222445594018,0.38720898063542664,0.033371308086664046,0.26440352984778304,0.01419644489118793,17500.0,0.0,0.22155428571428573,0.001819800392732055,312.2,18.593009439033803,201.8,21.718655575334306,201.8,21.718655575334306,1021.2,34.64390278245221,0.6452228384024687,0.038969962028895536,0.6452228384024687,0.038969962028895536,0.6681872440458798,0.00605356867929277
default,rf,random,1.0,6,0.81875,0.004264680527308024,0.6566645143762736,0.021201964829373778,0.3761752750884891,0.013807811272332295,0.3133290287525473,0.04240392965874764,20000.0,0.0,0.22093,0.001610357103253815,317.8,6.05805249234439,202.6,3.974921382870358,202.6,3.974921382870358,1223.8,36.94861296449435,0.6375832754476829,0.0113166732609954,0.6375832754476829,0.0113166732609954,0.6706115549001689,0.007623643715222832
default,rf,random,1.0,7,0.8151111111111111,0.0015791856003946306,0.6437337142795628,0.017248946988389545,0.3673183546705724,0.007998026225397192,0.2874674285591256,0.034497893976779076,22500.0,0.0,0.22088888888888886,0.0014466649598897582,325.6,18.52835664596297,209.6,8.905054744357273,209.6,8.905054744357273,1433.4,34.092521174005306,0.6442759578837107,0.01605082798280609,0.6442759578837107,0.01605082798280609,0.678749869830018,0.005642455348027931
default,rf,random,1.0,8,0.8115600000000001,0.006187729793712708,0.631520093804447,0.020734982552969013,0.3604517262668855,0.012048166985785631,0.2630401876088939,0.04146996510593802,25000.0,0.0,0.221368,0.0007901392282376582,314.6,21.80137610335641,205.2,8.700574693662485,205.2,8.700574693662485,1638.6,34.44270604932197,0.6535584710585037,0.028688788862867378,0.6535584710585037,0.028688788862867378,0.6716101777090766,0.004564676317026041
default,rf,random,1.0,9,0.8167272727272727,0.0072408391824508025,0.6513935047245133,0.018217937679796656,0.37151191742743706,0.018301887762970318,0.3027870094490266,0.036435875359593264,27500.0,0.0,0.2215272727272727,0.0005857819524940805,310.8,17.541379649275026,195.2,12.194260945215168,195.2,12.194260945215168,1833.8,34.62224718298915,0.6288599844990899,0.03931074757256452,0.6288599844990899,0.03931074757256452,0.6801862916234851,0.007568641825738934
default,rf,random,1.0,10,0.8144333333333333,0.005779032983313259,0.6562359454830822,0.009975568257636874,0.3679426896368491,0.011809002118862119,0.3124718909661643,0.01995113651527375,30000.0,0.0,0.2212,0.0,314.2,15.610893632332521,198.8,13.953494186045296,198.8,13.953494186045296,2032.6,27.15326867984773,0.6323742418079653,0.02104643813692842,0.6323742418079653,0.02104643813692842,0.6754470555062209,0.014909195838051812
