dataset,model,ranking_strategy,exploration_rate,iteration,accuracy_mean,accuracy_std,precision_mean,precision_std,recall_mean,recall_std,kickout_mean,kickout_std,training_set_size_mean,training_set_size_std,training_default_rate_mean,training_default_rate_std,n_explored_mean,n_explored_std,n_explored_defaulted_mean,n_explored_defaulted_std,exploration_cost_mean,exploration_cost_std,cumulative_cost_mean,cumulative_cost_std,exploration_default_rate_mean,exploration_default_rate_std,reject_default_rate_mean,reject_default_rate_std,explored_risk_mean_mean,explored_risk_mean_std
lendingclub_imb77,rf,least_risky,0.0,0,0.7775666666666667,0.005286710277247573,0.5420361171326816,0.026564139283849538,0.057694965182330984,0.008786632759709732,0.08407223426536337,0.05312827856769912,60000.0,0.0,0.22374666666666668,0.001889789817825133,0.0,0.0,0.0,0.0,0.0,0.0,0.0,0.0,0.0,0.0,0.0,0.0,0.0,0.0
lendingclub_imb77,rf,least_risky,0.0,1,0.7786502048736639,0.0027646286161959765,0.5264319470521424,0.025627900733867948,0.048403696615911394,0.0017698622389963137,0.052863894104284624,0.05125580146773585,81447.2,51.24158467495101,0.22159897731655276,0.0014519144549746934,0.0,0.0,0.0,0.0,0.0,0.0,0.0,0.0,0.0,0.0,0.0,0.0,0.0,0.0
lendingclub_imb77,rf,least_risky,0.0,2,0.7813762799754269,0.0014637876844861577,0.5273733536750529,0.02355127304433921,0.04147581830417066,0.004139667381759558,0.05474670735010562,0.04710254608867846,102903.6,103.00631048629953,0.22032285204210286,0.0005755600367010145,0.0,0.0,0.0,0.0,0.0,0.0,0.0,0.0,0.0,0.0,0.0,0.0,0.0,0.0
lendingclub_imb77,rf,least_risky,0.0,3,0.7808949385443313,0.0015921236673127075,0.5343475038505111,0.02003508908318234,0.04082073996503509,0.002182286384512017,0.06869500770102213,0.04007017816636467,124358.2,105.84044595521914,0.21983128203263239,0.0007317713334444356,0.0,0.0,0.0,0.0,0.0,0.0,0.0,0.0,0.0,0.0,0.0,0.0,0.0,0.0
lendingclub_imb77,rf,least_risky,0.0,4,0.781689047238108,0.002678040541104454,0.5141669159578784,0.021440289195641518,0.0381151032508177,0.002526650053089974,0.028333831915756745,0.04288057839128298,145821.0,125.72986916401705,0.21922362513884536,0.0005045952766533457,0.0,0.0,0.0,0.0,0.0,0.0,0.0,0.0,0.0,0.0,0.0,0.0,0.0,0.0
lendingclub_imb77,rf,least_risky,0.0,5,0.7833964895177437,0.001310228497221173,0.5315114868999085,0.008975090664094137,0.037264686793137866,0.001403416499211335,0.0630229737998169,0.017950181328188288,167279.8,143.6948154945046,0.21877479542981168,0.0005004802144009118,0.0,0.0,0.0,0.0,0.0,0.0,0.0,0.0,0.0,0.0,0.0,0.0,0.0,0.0
lendingclub_imb77,rf,least_risky,0.0,6,0.7822020308519025,0.0018580703033015604,0.5163033061853175,0.02048690780835928,0.035034880604319266,0.002425243282550884,0.03260661237063509,0.04097381561671855,188742.6,159.10153990455422,0.2185230493081105,0.00044444364184361476,0.0,0.0,0.0,0.0,0.0,0.0,0.0,0.0,0.0,0.0,0.0,0.0,0.0,0.0
lendingclub_imb77,rf,least_risky,0.0,7,0.7829329302480352,0.0009262170431515137,0.5286745774326166,0.01180291134282613,0.03492717622320531,0.0018683259299015211,0.05734915486523319,0.023605822685652207,210236.8,140.19165453050528,0.218570670312271,0.00030186213473682745,0.0,0.0,0.0,0.0,0.0,0.0,0.0,0.0,0.0,0.0,0.0,0.0,0.0,0.0
lendingclub_imb77,rf,least_risky,0.0,8,0.7825906167644983,0.0005807821568238382,0.5211794587784927,0.014201185820865199,0.034581359683536886,0.0018687718528395407,0.04235891755698536,0.02840237164173037,231699.0,119.18892566006114,0.21856711316997718,0.000383530314135412,0.0,0.0,0.0,0.0,0.0,0.0,0.0,0.0,0.0,0.0,0.0,0.0,0.0,0.0
lendingclub_imb77,rf,least_risky,0.0,9,0.7804116388645179,0.0010230212136694596,0.5187240251138582,0.010268432958812584,0.03426498412581501,0.0022665507572123315,0.03744805022771643,0.020536865917625227,253185.6,123.80751188841411,0.21864423540216285,0.0003587719453966604,0.0,0.0,0.0,0.0,0.0,0.0,0.0,0.0,0.0,0.0,0.0,0.0,0.0,0.0
lendingclub_imb77,rf,least_risky,0.0,10,0.7822157219545339,0.0007333749946338715,0.5377959587301129,0.015495658424646527,0.03539922012236845,0.0026541965782063866,0.07559191746022569,0.030991316849293012,274646.0,126.83256679575636,0.2184768368475647,0.00012777882794448597,0.0,0.0,0.0,0.0,0.0,0.0,0.0,0.0,0.0,0.0,0.0,0.0,0.0,0.0
lendingclub_imb77,rf,least_risky,0.01,0,0.7775666666666667,0.005286710277247573,0.5420361171326816,0.026564139283849538,0.057694965182330984,0.008786632759709732,0.08407223426536337,0.05312827856769912,60000.0,0.0,0.22374666666666668,0.001889789817825133,0.0,0.0,0.0,0.0,0.0,0.0,0.0,0.0,0.0,0.0,0.0,0.0,0.0,0.0
lendingclub_imb77,rf,least_risky,0.01,1,0.7772766411209717,0.0031658259893033685,0.5341934322880174,0.021328049780697033,0.04873296879761835,0.0038444400732904,0.06838686457603498,0.042656099561394094,81452.6,50.77696328060544,0.2216162063614206,0.0014558847887335001,5.4,0.5477225575051663,2.6,1.140175425099138,2.6,1.140175425099138,2.6,1.140175425099138,0.47333333333333333,0.18318175552045443,0.5178563983590835,0.011875919136699702,0.51,9.614813431917819e-17
lendingclub_imb77,rf,least_risky,0.01,2,0.7785501692141686,0.0011682018616526895,0.539008517469267,0.022383189128130615,0.042423479514482804,0.005054571158687142,0.07801703493853408,0.04476637825626118,102904.8,85.12755135677274,0.2202892699809252,0.000636040473351943,5.6,0.5477225575051663,3.6,1.51657508881031,3.6,1.51657508881031,6.2,2.588435821108957,0.6266666666666667,0.2178174567027272,0.5303089167533726,0.03085022168302591,0.51,7.850462293418876e-17
lendingclub_imb77,rf,least_risky,0.01,3,0.7795357507291796,0.002120486665764826,0.5336095064534166,0.029543377566913623,0.040186585339805556,0.0037734281985625806,0.06721901290683328,0.059086755133827294,124385.4,88.748521114439,0.21979765222070538,0.0008128819196055334,5.2,0.44721359549995804,3.0,1.0,3.0,1.0,9.2,1.6431676725154982,0.5733333333333334,0.17384539747207065,0.5573464823271135,0.009650222277503648,0.51,5.551115123125783e-17
lendingclub_imb77,rf,least_risky,0.01,4,0.7821464105027301,0.0007948540287541474,0.5265147520644463,0.03462764925932286,0.03821071862241587,0.002260183272102338,0.053029504128892624,0.06925529851864573,145852.2,127.09523987939397,0.21921510955645251,0.0005947285930154581,5.4,0.5477225575051663,2.2,1.7888543819998317,2.2,1.7888543819998317,11.4,2.3021728866442674,0.4066666666666666,0.2947692129257886,0.5390017876970206,0.02957214025221725,0.51,9.614813431917819e-17
lendingclub_imb77,rf,least_risky,0.01,5,0.7809879064077772,0.002674219980332162,0.5064568278598742,0.012951973527859189,0.03685174825959444,0.002475366519748458,0.012913655719748443,0.025903947055718326,167302.4,126.865282879127,0.21877164867527443,0.0005217723108914349,5.6,0.5477225575051662,3.4,1.140175425099138,3.4,1.140175425099138,14.8,2.5884358211089564,0.6,0.16499158227686112,0.5435987311538949,0.010319860190928652,0.51,7.850462293418876e-17
lendingclub_imb77,rf,least_risky,0.01,6,0.7812822494268384,0.0019249803750641143,0.5363877206378439,0.03232816180387199,0.03455091640883426,0.0006102922161400215,0.07277544127568783,0.06465632360774397,188760.4,136.95181634428985,0.2185182991404214,0.0005585379674310356,5.6,0.5477225575051661,3.4,0.5477225575051661,3.4,0.5477225575051661,18.2,2.8635642126552705,0.6066666666666667,0.06831300510639729,0.5436818836943176,0.024216682231126684,0.51,7.850462293418876e-17
lendingclub_imb77,rf,least_risky,0.01,7,0.7816847090284722,0.0020338971726475592,0.53930791386105,0.027453721618112187,0.03442357744881001,0.0035288669111231694,0.07861582772210007,0.05490744323622435,210261.0,147.20903504880707,0.2185816497565614,0.00035891693733151745,5.0,0.0,2.8,1.3038404810405297,2.8,1.3038404810405297,21.0,2.9154759474226504,0.56,0.260768096208106,0.5562096930860856,0.015217981858323872,0.51,0.0
lendingclub_imb77,rf,least_risky,0.01,8,0.7809746142013979,0.001343576004649609,0.5330303028666389,0.02259646838198782,0.034502030039379086,0.002639179161941303,0.0660606057332778,0.04519293676397565,231752.8,148.63613288833915,0.21860695252652035,0.0004419223437769852,5.2,0.44721359549995787,1.8,0.8366600265340756,1.8,0.8366600265340756,22.8,3.7013511046643495,0.3466666666666667,0.16599866130651642,0.5598340503710934,0.028647165045423077,0.51,5.551115123125783e-17
lendingclub_imb77,rf,least_risky,0.01,9,0.7820273564172918,0.0023326024614190675,0.5360640309383947,0.013767973321577543,0.035148370269907685,0.001561318685489634,0.07212806187678934,0.027535946643155045,253239.8,174.15137093919537,0.21868580321424033,0.0003949397095029994,5.2,0.44721359549995787,2.2,0.8366600265340756,2.2,0.8366600265340756,25.0,3.807886552931954,0.42666666666666664,0.17384539747207065,0.5661956070289967,0.01926162836526372,0.51,5.551115123125783e-17
lendingclub_imb77,rf,least_risky,0.01,10,0.781458284588157,0.001423384247792325,0.5348922465603613,0.015152991373223257,0.03467822134846704,0.001784571540263046,0.06978449312072244,0.030305982746446563,274722.4,191.54190142106572,0.2185492588172983,0.00017039215853688187,5.0,0.0,1.6,1.51657508881031,1.6,1.51657508881031,26.6,3.8470768123342682,0.32,0.30331501776206204,0.5251570953523863,0.024703195346262474,0.51,0.0
lendingclub_imb77,rf,least_risky,0.02,0,0.7775666666666667,0.005286710277247573,0.5420361171326816,0.026564139283849538,0.057694965182330984,0.008786632759709732,0.08407223426536337,0.05312827856769912,60000.0,0.0,0.22374666666666668,0.001889789817825133,0.0,0.0,0.0,0.0,0.0,0.0,0.0,0.0,0.0,0.0,0.0,0.0,0.0,0.0
lendingclub_imb77,rf,least_risky,0.02,1,0.7784430287657935,0.0015489093330012156,0.5447321392574669,0.01788400857827869,0.049626192922657665,0.003792456731389619,0.08946427851493378,0.03576801715655737,81457.8,50.36566290639015,0.22163643153666115,0.001459704785742456,10.6,0.8944271909999159,5.4,1.140175425099138,5.4,1.140175425099138,5.4,1.140175425099138,0.5072727272727272,0.08415844953478628,0.5178563983590835,0.011875919136699702,0.51,9.614813431917819e-17
lendingclub_imb77,rf,least_risky,0.02,2,0.7804901362995105,0.002434772967473993,0.5351689433281152,0.015088342983606135,0.0414488739714835,0.0037359745287248005,0.07033788665623036,0.030176685967212298,102927.4,65.18665507602063,0.22039623101879294,0.0007177468611812408,10.4,0.547722557505166,5.6,2.4083189157584592,5.6,2.4083189157584592,11.0,3.0,0.5363636363636364,0.21978577097702878,0.5209494472327616,0.0226816799509116,0.51,9.614813431917819e-17
lendingclub_imb77,rf,least_risky,0.02,3,0.7797140726837297,0.001519223745764712,0.5440827187930856,0.032398395116062295,0.039443757956675145,0.0030111057106237374,0.088165437586171,0.06479679023212465,124399.4,65.30160794345018,0.21990794482842446,0.0008164805443231693,10.2,0.44721359549995804,5.6,1.1401754250991378,5.6,1.1401754250991378,16.6,3.5777087639996634,0.5490909090909091,0.11182187724861781,0.5458274426231802,0.02043240516894512,0.51,5.551115123125783e-17
lendingclub_imb77,rf,least_risky,0.02,4,0.7803396839906112,0.0018119284476063799,0.5192411327620723,0.028003635412498985,0.03776461522194738,0.0027677504577049016,0.038482265524144466,0.05600727082499802,145873.2,90.14266470434791,0.2192837151033014,0.000534114467323141,10.2,0.8366600265340753,5.0,2.0,5.0,2.0,21.6,5.079370039680118,0.48121212121212126,0.16062607079461425,0.5514311460776808,0.014014203200813705,0.51,9.614813431917819e-17
lendingclub_imb77,rf,least_risky,0.02,5,0.7825703885567799,0.0023506220897684966,0.5205426983604601,0.01341095184073022,0.03757946123583847,0.00208190316268823,0.0410853967209202,0.02682190368146033,167343.4,118.63094031491494,0.21885302934105008,0.000552778638595761,10.4,0.894427190999916,6.0,1.8708286933869709,6.0,1.8708286933869709,27.6,4.277849927241487,0.5743434343434343,0.1614734218144083,0.5489223316823073,0.01087865627731606,0.51,7.850462293418876e-17
lendingclub_imb77,rf,least_risky,0.02,6,0.7816070454663124,0.0020204091747135534,0.5352870973877045,0.015943543834988787,0.03689485583728431,0.0018723099883181105,0.07057419477540897,0.031887087669977617,188831.4,133.86298965733437,0.21861294839259418,0.00047526739946574155,10.0,0.7071067811865475,6.0,1.8708286933869707,6.0,1.8708286933869707,33.6,4.449719092257397,0.5969696969696969,0.15968863183339874,0.5567760800457702,0.03272948916992914,0.51,5.551115123125783e-17
lendingclub_imb77,rf,least_risky,0.02,7,0.7808561603020322,0.0023106262070765687,0.5234776339700669,0.010881752377268161,0.033698300422772186,0.0012619813506572152,0.0469552679401337,0.021763504754536284,210329.2,112.61749420049951,0.21867526560069436,0.0002497190210201594,9.8,0.44721359549995804,5.8,1.3038404810405297,5.8,1.3038404810405297,39.4,4.39317652729776,0.5911111111111111,0.12407683800127672,0.5516213786151255,0.013730678004465023,0.51,0.0
lendingclub_imb77,rf,least_risky,0.02,8,0.7811838572414611,0.0010622396883640728,0.5293291642403045,0.019948780762178202,0.03358347962802001,0.0024610302605987,0.05865832848060909,0.039897561524356376,231831.2,109.4472475670314,0.2187072939908879,0.0003720190765489699,9.8,0.8366600265340753,5.2,1.7888543819998317,5.2,1.7888543819998317,44.6,5.224940191045253,0.5305050505050505,0.176639780571648,0.5622804491856922,0.0403416262784206,0.51,5.551115123125783e-17
lendingclub_imb77,rf,least_risky,0.02,9,0.7816095995031999,0.001334179576415539,0.5407912259085303,0.01183527324678694,0.03567105584876261,0.0017955630026710303,0.0815824518170608,0.023670546493573873,253332.4,145.45549147419965,0.21878433031023725,0.00037969255373006586,9.6,0.8944271909999159,4.6,1.5165750888103102,4.6,1.5165750888103102,49.2,5.718391382198319,0.47393939393939394,0.12160374445821373,0.5731754486460685,0.022750893136504812,0.51,5.551115123125783e-17
lendingclub_imb77,rf,least_risky,0.02,10,0.7822826422749838,0.001208985856557659,0.5082621983997878,0.021131880035868335,0.03369099157979777,0.0019512842080076657,0.016524396799575666,0.04226376007173674,274818.4,154.60692093175868,0.218617759200524,0.0001421537879532356,10.2,0.44721359549995804,4.8,0.8366600265340756,4.8,0.8366600265340756,54.0,6.164414002968976,0.4709090909090909,0.08341868906875972,0.5409452682876539,0.022987783621563056,0.51,5.551115123125783e-17
lendingclub_imb77,rf,least_risky,0.05,0,0.7775666666666667,0.005286710277247573,0.5420361171326816,0.026564139283849538,0.057694965182330984,0.008786632759709732,0.08407223426536337,0.05312827856769912,60000.0,0.0,0.22374666666666668,0.001889789817825133,0.0,0.0,0.0,0.0,0.0,0.0,0.0,0.0,0.0,0.0,0.0,0.0,0.0,0.0
lendingclub_imb77,rf,least_risky,0.05,1,0.7794295014652556,0.0016786927902862786,0.5356028156034969,0.024699384757330623,0.04904325738173551,0.004718082760199398,0.07120563120699379,0.04939876951466117,81472.6,48.44894219691297,0.221674721520637,0.001452667270907142,25.4,2.7928480087537877,11.8,2.7748873851023217,11.8,2.7748873851023217,11.8,2.7748873851023217,0.46304347826086956,0.08964737566640273,0.5178563983590835,0.011875919136699702,0.51,5.551115123125783e-17
lendingclub_imb77,rf,least_risky,0.05,2,0.7783255311353661,0.0021132528901244454,0.5378901516492358,0.02648239978556897,0.041828429101968226,0.001925132403696156,0.07578030329847162,0.05296479957113796,102954.4,73.08077722629959,0.2204394849662219,0.0005477212346378462,25.2,1.4832396974191326,14.8,3.3466401061363023,14.8,3.3466401061363023,26.6,3.7815340802378072,0.5889290226681532,0.1370186521266456,0.528387265795511,0.038894343324234165,0.51,5.551115123125783e-17
lendingclub_imb77,rf,least_risky,0.05,3,0.7805916238725535,0.0005251133847933725,0.536436013000001,0.018402256813681146,0.04196630010125517,0.005496855922016124,0.07287202600000205,0.03680451362736228,124450.6,83.6139940440606,0.22003601088570296,0.0007327464856292181,24.4,1.5165750888103102,12.0,3.5355339059327378,12.0,3.5355339059327378,38.6,4.9295030175464944,0.4864055944055944,0.11895634806053629,0.5355666596603352,0.006185582837115665,0.51,5.551115123125783e-17
lendingclub_imb77,rf,least_risky,0.05,4,0.7815733450814502,0.002181198411040292,0.5203172073996389,0.020873490695441543,0.04093828074631012,0.002108509335106397,0.04063441479927812,0.0417469813908831,145923.4,114.55697272536524,0.21940559101266577,0.0004701616521041246,25.8,2.1679483388678804,12.4,3.2093613071762426,12.4,3.2093613071762426,51.0,7.348469228349535,0.4762784163473818,0.08874886102185199,0.5444629595677604,0.02495731077734268,0.51,0.0
lendingclub_imb77,rf,least_risky,0.05,5,0.7814470527077629,0.0015988063020664575,0.526950401143578,0.013141814848224326,0.03662901989633403,0.0007092247236731846,0.05390080228715616,0.026283629696448617,167389.6,104.02067102263794,0.21893604707516778,0.0005049606339142376,26.0,1.8708286933869709,11.2,2.3874672772626644,11.2,2.3874672772626644,62.2,8.408329203831164,0.42976190476190473,0.0805310081537816,0.5475088093041465,0.02482344616700615,0.51,0.0
lendingclub_imb77,rf,least_risky,0.05,6,0.7818806308550897,0.0016192238837374484,0.5387006609727132,0.019722512927894086,0.03670503127865215,0.0032187275646288756,0.07740132194542651,0.039445025855788164,188898.8,103.35472896776328,0.21876591596275627,0.0004726959933657044,23.8,0.8366600265340757,12.2,1.6431676725154984,12.2,1.6431676725154984,74.4,7.231873892705821,0.5116666666666667,0.054773933443921424,0.5362748998673661,0.025752302259899617,0.51,7.850462293418876e-17
lendingclub_imb77,rf,least_risky,0.05,7,0.7819272141117196,0.002984724860930199,0.5283676465586441,0.023993526403083155,0.03427119855721364,0.003324575658207203,0.05673529311728833,0.047987052806166386,210404.0,102.03920815059278,0.21879057978577743,0.0003082347368160409,24.0,0.7071067811865477,12.4,3.0495901363953815,12.4,3.0495901363953815,86.8,8.348652585896719,0.5187101449275362,0.13356767371432982,0.5639539303876513,0.026975084444487558,0.51,5.551115123125783e-17
lendingclub_imb77,rf,least_risky,0.05,8,0.7807141486569196,0.001370683566832471,0.5334389079424179,0.011649436957080619,0.03534232680346096,0.0017867973246594884,0.06687781588483585,0.023298873914161165,231909.6,121.00123966306809,0.2188093765068985,0.0003402286894836349,24.0,2.345207879911715,11.4,4.39317652729776,11.4,4.39317652729776,98.2,6.610597552415363,0.4695325608369087,0.14971840539272602,0.5624587329096927,0.0184644409725321,0.51,9.614813431917819e-17
lendingclub_imb77,rf,least_risky,0.05,9,0.780809093410525,0.0008650208886680813,0.5349376235688954,0.015560910957351971,0.03473321993602101,0.0006556739541687368,0.0698752471377907,0.031121821914704,253415.4,129.49633199438836,0.21889976508634082,0.0003071255755561497,24.4,0.5477225575051664,12.2,1.3038404810405297,12.2,1.3038404810405297,110.4,7.402702209328698,0.5,0.052954382884390874,0.5619991925698018,0.016110150835808034,0.51,0.0
lendingclub_imb77,rf,least_risky,0.05,10,0.7812417758401142,0.0018742383006565598,0.5314657439761985,0.019950400964769292,0.03537040495512138,0.0014631253124550952,0.06293148795239699,0.03990080192953848,274917.2,152.23403036115093,0.2187458154236425,0.00011756583471981697,24.2,1.4832396974191324,11.4,2.5099800796022267,11.4,2.5099800796022267,121.8,8.92748564826626,0.4712820512820513,0.09946272498813025,0.5367531705585687,0.028789479860334304,0.51,5.551115123125783e-17
lendingclub_imb77,rf,least_risky,0.1,0,0.7775666666666667,0.005286710277247573,0.5420361171326816,0.026564139283849538,0.057694965182330984,0.008786632759709732,0.08407223426536337,0.05312827856769912,60000.0,0.0,0.22374666666666668,0.001889789817825133,0.0,0.0,0.0,0.0,0.0,0.0,0.0,0.0,0.0,0.0,0.0,0.0,0.0,0.0
lendingclub_imb77,rf,least_risky,0.1,1,0.7795466080711367,0.003991235010236467,0.5331268741877191,0.025080466349543664,0.0487163370853175,0.0031633274743055125,0.06625374837543822,0.050160932699087335,81497.8,46.06734201144933,0.2217534123464681,0.0014711724660168212,50.6,5.176871642217915,23.8,3.3466401061363023,23.8,3.3466401061363023,23.8,3.3466401061363023,0.46937177597641855,0.03207601744737172,0.5178563983590835,0.011875919136699702,0.51,9.614813431917819e-17
lendingclub_imb77,rf,least_risky,0.1,2,0.7784475090148641,0.0007157877626302355,0.5394037755330017,0.0309896457414162,0.04253270027645593,0.0031865689649485398,0.07880755106600344,0.06197929148283245,102993.6,90.88894322193238,0.22056920613814407,0.0006406368106982165,51.4,5.128352561983235,25.2,1.9235384061671346,25.2,1.9235384061671346,49.0,4.999999999999999,0.49164022949271746,0.025582672445818383,0.5168017873057729,0.011551038752785807,0.5100000000000001,1.1102230246251565e-16
lendingclub_imb77,rf,least_risky,0.1,3,0.779699217966231,0.001416252619480249,0.5343138086045428,0.03263415692628106,0.04065084751765446,0.002193290908070218,0.06862761720908571,0.06526831385256218,124504.2,97.7532608151755,0.22011794476280286,0.0007952459803950939,49.4,1.8165902124584945,24.4,1.5165750888103096,24.4,1.5165750888103096,73.4,4.722287581247037,0.49378368794326233,0.021515164946366648,0.5494725045835309,0.01634832010692916,0.51,1.2412670766236366e-16
lendingclub_imb77,rf,least_risky,0.1,4,0.7823146789127648,0.0018253594841717781,0.5326088000302253,0.016379645377469696,0.041222158892602626,0.0018322073126042426,0.0652176000604505,0.03275929075493935,145999.4,130.779585562889,0.21954470806401502,0.000610732793523457,51.2,4.024922359499623,27.6,4.505552130427524,27.6,4.505552130427524,101.0,9.110433579144297,0.5369885130067501,0.054897784219968326,0.5413153951869799,0.028697264796816505,0.51,1.3597399555105182e-16
lendingclub_imb77,rf,least_risky,0.1,5,0.7818046594170385,0.001773378865824875,0.5130441133787322,0.028868568336905872,0.03761045101987244,0.001602719707595771,0.026088226757464566,0.05773713667381175,167485.4,148.58768455023238,0.21910325206193945,0.0005376494664327807,52.4,4.33589667773576,26.8,3.492849839314596,26.8,3.492849839314596,127.8,10.986355173577817,0.5099064771706281,0.03161127017932141,0.5474752117780459,0.016124096415698935,0.51,1.2412670766236366e-16
lendingclub_imb77,rf,least_risky,0.1,6,0.7812944233442376,0.0019380217543403626,0.5303097991780359,0.016036295107374813,0.03530141828930702,0.001415756944332601,0.06061959835607165,0.03207259021474951,188989.8,141.21862483398084,0.21888902626046777,0.0004795711191971021,50.2,3.8987177379235862,24.0,1.8708286933869707,24.0,1.8708286933869707,151.8,11.966620241321275,0.47959468902865127,0.04056015368508865,0.5397874468492444,0.03192950720334353,0.5100000000000001,9.614813431917819e-17
lendingclub_imb77,rf,least_risky,0.1,7,0.7815188896248515,0.001404388303123296,0.5249534506135506,0.02259967125070913,0.034976613166258365,0.0011704910541027952,0.049906901227101216,0.04519934250141817,210509.8,142.52438387869154,0.2189446238661922,0.0002829084652196618,48.6,1.816590212458495,26.2,4.43846820423443,26.2,4.43846820423443,178.0,11.379806676741044,0.5371716077735442,0.07488680222586976,0.5549710533139639,0.009723954553425403,0.51,7.850462293418876e-17
lendingclub_imb77,rf,least_risky,0.1,8,0.7816948844906637,0.0011094861182652136,0.5329992510996708,0.02401771699205714,0.037255329730167215,0.002409085465721295,0.06599850219934157,0.04803543398411429,232026.0,140.6360551210132,0.21896837831865734,0.00045888283033289947,49.0,1.8708286933869702,24.2,5.357238094391549,24.2,5.357238094391549,202.2,15.849290204927156,0.4962914871349522,0.11991209562881035,0.5573224318047357,0.02663013498275058,0.51,1.2412670766236366e-16
lendingclub_imb77,rf,least_risky,0.1,9,0.7818615690730875,0.0010490777227956064,0.5162278551028505,0.019987401265107032,0.036198846660464926,0.0029508376449708315,0.03245571020570111,0.0399748025302141,253547.8,138.46913013375922,0.2190551489653611,0.000463078251057359,48.4,3.2093613071762426,26.8,3.7682887362833544,26.8,3.7682887362833544,229.0,13.038404810405298,0.5530969373803665,0.06443541249233345,0.570475865722053,0.0166740019141278,0.51,1.2412670766236366e-16
lendingclub_imb77,rf,least_risky,0.1,10,0.7816637823800321,0.0014237518067450466,0.5236400727452237,0.01895196361557271,0.03581725129298312,0.0031745758280867713,0.04728014549044758,0.03790392723114547,275054.4,146.69798907960066,0.21887807205880883,0.00021464541391671326,50.0,1.8708286933869707,25.2,2.8635642126552705,25.2,2.8635642126552705,254.2,14.923136399564262,0.5029696493982209,0.0400982377888943,0.5465009441496564,0.012338519079450976,0.51,5.551115123125783e-17
lendingclub_imb77,rf,least_risky,0.15,0,0.7775666666666667,0.005286710277247573,0.5420361171326816,0.026564139283849538,0.057694965182330984,0.008786632759709732,0.08407223426536337,0.05312827856769912,60000.0,0.0,0.22374666666666668,0.001889789817825133,0.0,0.0,0.0,0.0,0.0,0.0,0.0,0.0,0.0,0.0,0.0,0.0,0.0,0.0
lendingclub_imb77,rf,least_risky,0.15,1,0.779662237318474,0.00430087892814344,0.544733027997538,0.017913714271109347,0.048070295710407954,0.0019426058828962407,0.08946605599507593,0.035827428542218674,81523.2,43.27470392735252,0.2218266027793377,0.0014621104666454401,76.0,7.968688725254616,35.4,4.505552130427525,35.4,4.505552130427525,35.4,4.505552130427525,0.46546154681230406,0.02780249859120718,0.5178563983590835,0.011875919136699702,0.5101838327091135,0.00030157065346671686
lendingclub_imb77,rf,least_risky,0.15,2,0.7803024600474535,0.0005740000638491254,0.5354932384737358,0.04071075328485323,0.04508997148530169,0.005983185601618996,0.0709864769474715,0.08142150656970651,103066.2,71.49615374270323,0.22074173546654235,0.0006912583387039109,72.6,5.176871642217914,34.6,3.2863353450309973,34.6,3.2863353450309973,70.0,7.4498322128756715,0.47646917806024014,0.0262482464679881,0.5178900232346704,0.009437818793229219,0.5099999999999998,0.0
lendingclub_imb77,rf,least_risky,0.15,3,0.7818713051753872,0.001801187839052204,0.5462696660564843,0.020549769333760723,0.042241787580475275,0.0042208510327066216,0.09253933211296858,0.04109953866752151,124599.6,78.94491750581697,0.22030258347824572,0.0008495321144375814,74.4,4.277849927241485,38.8,4.38178046004133,38.8,4.38178046004133,108.8,5.674504383644442,0.5214316375198729,0.04795721211509805,0.5552859222677657,0.017711810825804437,0.5099999999999998,5.551115123125783e-17
lendingclub_imb77,rf,least_risky,0.15,4,0.7809744908748384,0.000871108649846268,0.5314890936461604,0.017655020322335353,0.03943000667910983,0.0025888436298891196,0.06297818729232059,0.03531004064467069,146126.2,83.88206006053623,0.21971978721739002,0.0006112814066849134,75.6,2.5099800796022254,39.2,3.633180424916989,39.2,3.633180424916989,148.0,8.54400374531753,0.5193333333333333,0.0550169344774453,0.5545000358997776,0.020285338897869428,0.5100270270270268,6.0434269662230335e-05
lendingclub_imb77,rf,least_risky,0.15,5,0.7820073875834612,0.0011692919969026562,0.5150591583806385,0.020709659982139954,0.03958898539171222,0.002715428766775485,0.03011831676127692,0.04141931996427988,167663.6,91.69678293157297,0.21934294045273695,0.0004955437462944925,73.8,2.774887385102322,34.0,2.8284271247461894,34.0,2.8284271247461894,182.0,9.721111047611787,0.4613524285503529,0.04372140725987049,0.5434115553827746,0.010917410182904898,0.5099999999999998,7.850462293418876e-17
lendingclub_imb77,rf,least_risky,0.15,6,0.7810392660978047,0.0017656809504782152,0.5278873944748895,0.027330114225942104,0.03616190788157353,0.0020143973333037885,0.055774788949779094,0.05466022845188423,189195.2,102.0720333881878,0.21913355602770374,0.0004195715399771805,74.8,3.9623225512317894,38.4,3.209361307176242,38.4,3.209361307176242,220.4,11.886967653695372,0.5148751852915431,0.05541256429440155,0.5452101463357746,0.020678961222928397,0.5105078236130867,0.0007120834230380486
lendingclub_imb77,rf,least_risky,0.15,7,0.7812029087760657,0.0014751327146759606,0.5352537715713996,0.012094798720909095,0.037698657014751835,0.0014849631611244963,0.07050754314279938,0.02418959744181815,210741.0,93.96541917109414,0.21921984445526133,0.00021643870358568286,72.0,1.5811388300841882,35.6,1.8165902124584945,35.6,1.8165902124584945,256.0,12.549900398011133,0.49459401271672154,0.02667756431728971,0.5413637652323509,0.019288788916486624,0.5099999999999998,9.614813431917819e-17
lendingclub_imb77,rf,least_risky,0.15,8,0.7828565007699374,0.001114383794864018,0.5399555334778341,0.027127405511382974,0.03885231606990937,0.0018344265106656917,0.07991106695566808,0.05425481102276597,232274.0,86.4175908018732,0.21925139259461363,0.00030612808157835363,74.4,4.979959839195491,40.6,3.507135583350037,40.6,3.507135583350037,296.6,9.736529155710473,0.5483289485608326,0.06803070586133313,0.5580175961269334,0.03454682938125682,0.5103116883116882,0.0006969562527273278
lendingclub_imb77,rf,least_risky,0.15,9,0.7799062834412936,0.001734035637992004,0.5342164679308763,0.020926539556168633,0.03777129409703308,0.0012923377540605884,0.06843293586175267,0.04185307911233723,253802.6,96.39657670270627,0.21931839894343708,0.0003113229454469149,75.4,5.128352561983233,41.0,5.612486080160912,41.0,5.612486080160912,337.6,14.188023118109166,0.5421547070385552,0.04187266898833809,0.5712804511741272,0.013602742726881896,0.5099999999999998,0.0
lendingclub_imb77,rf,least_risky,0.15,10,0.7810059633999247,0.001418758045378245,0.5162339338076294,0.014565310968172334,0.03681448224441254,0.0015488768598248708,0.03246786761525862,0.02913062193634468,275338.6,95.2092432487584,0.21915196269489895,9.158458484096871e-05,74.2,2.9495762407505257,38.6,2.792848008753789,38.6,2.792848008753789,376.2,15.943650773897426,0.5206220081288574,0.0385859184509833,0.5486333445556908,0.026458307357370408,0.5099999999999998,0.0
lendingclub_imb77,rf,least_risky,0.2,0,0.7775666666666667,0.005286710277247573,0.5420361171326816,0.026564139283849538,0.057694965182330984,0.008786632759709732,0.08407223426536337,0.05312827856769912,60000.0,0.0,0.22374666666666668,0.001889789817825133,0.0,0.0,0.0,0.0,0.0,0.0,0.0,0.0,0.0,0.0,0.0,0.0,0.0,0.0
lendingclub_imb77,rf,least_risky,0.2,1,0.7802938280972608,0.0017681742682949205,0.5494785663913844,0.0412761437891515,0.048409533967308724,0.002068472411558482,0.09895713278276888,0.08255228757830299,81548.4,40.89376480589721,0.2219101056602427,0.0014595962690161454,101.2,10.35374328443583,47.8,6.610597552415363,47.8,6.610597552415363,47.8,6.610597552415363,0.47161194093305364,0.03180254857575874,0.5178563983590835,0.011875919136699702,0.5124641082327154,0.00037552699184840993
lendingclub_imb77,rf,least_risky,0.2,2,0.778558882073151,0.0011536054720093446,0.5216313743738347,0.03564618427415999,0.04132380732893095,0.00332846956274962,0.04326274874766937,0.07129236854831998,103108.8,76.18201887584593,0.2208135724475066,0.0005975841066881149,98.2,10.56882207249228,49.6,2.0736441353327715,49.6,2.0736441353327715,97.4,7.924645102463579,0.5100340192809144,0.06300835741393403,0.5312293429833812,0.01810182025132035,0.5115248551566574,0.0012341493314164235
lendingclub_imb77,rf,least_risky,0.2,3,0.7812390411206244,0.0008765855059457668,0.5382629798416139,0.01721063525286497,0.04107634433151984,0.002160468751439551,0.07652595968322778,0.034421270505729934,124673.8,93.64400674896386,0.22046032747358368,0.0007265003961051458,97.4,5.856620185738529,50.8,5.761944116355173,50.8,5.761944116355173,148.2,7.155417527999327,0.5221089333867479,0.05569853716774969,0.5499211506361971,0.012803162760299264,0.5116134431376544,0.0003786277182419911
lendingclub_imb77,rf,least_risky,0.2,4,0.7809283607593281,0.001381619830401014,0.5317823357059744,0.026710329777855372,0.04065567611957964,0.0025673089360524993,0.06356467141194891,0.05342065955571075,146246.4,94.53729422826062,0.2199631556130317,0.0005682902849755137,95.2,3.1144823004794877,46.6,4.277849927241487,46.6,4.277849927241487,194.8,8.228000972289683,0.4897412606567694,0.04494779082930966,0.5458713267794487,0.035842453028340326,0.5115061753233816,0.0008937102837670037
lendingclub_imb77,rf,least_risky,0.2,5,0.7817692517801443,0.002160641826089332,0.5410158117606892,0.032092214306219835,0.03944332634315501,0.002079615474290948,0.0820316235213785,0.06418442861243968,167797.6,113.70927842529235,0.219586109816256,0.0005415754457149257,101.0,7.4833147735478835,49.0,3.082207001484488,49.0,3.082207001484488,243.8,10.848963084092413,0.4866853048911873,0.03927574511705008,0.5427424560552561,0.010674397318218067,0.512414706959707,0.000517888628833244
lendingclub_imb77,rf,least_risky,0.2,6,0.7803473812817276,0.0021595537904733216,0.5263325074292651,0.014765322527539163,0.03732682053881967,0.003350950686275565,0.05266501485853024,0.02953064505507827,189360.8,110.50656089120226,0.21940662160171476,0.0004781770982543307,97.4,2.8809720581775875,48.0,5.612486080160911,48.0,5.612486080160911,291.8,14.32480366357598,0.4931417524594062,0.05956340876543921,0.5388589522120775,0.02282720901597885,0.5111478008358004,0.0011663091926255329
lendingclub_imb77,rf,least_risky,0.2,7,0.780491861977753,0.0019357057134554599,0.5385471902681127,0.010018207534351719,0.03816335196939088,0.0015268254623220132,0.07709438053622553,0.02003641506870348,210942.0,114.71486390176605,0.21950207979208916,0.0002970710298428515,93.4,4.33589667773576,45.0,2.5495097567963922,45.0,2.5495097567963922,336.8,13.40522286275018,0.48325765706949475,0.04531500433452532,0.5441323606370416,0.008090056795880662,0.511272221542159,0.0005333248553232824
lendingclub_imb77,rf,least_risky,0.2,8,0.7806085440193685,0.0009387359160314929,0.5379146194836224,0.01296551227899685,0.0375881228433955,0.002624346378288965,0.07582923896724472,0.025931024557993725,232504.2,111.26859395174836,0.21952285130309362,0.00039576657142717904,98.0,3.9370039370059056,52.2,4.43846820423443,52.2,4.43846820423443,389.0,15.280706789936131,0.5321425599081648,0.02995688571357453,0.5670847505398021,0.034918797567512795,0.5110940687329603,0.00089534995491874
lendingclub_imb77,rf,least_risky,0.2,9,0.7811683166733235,0.0012947279415773806,0.5294275695769115,0.018788311565496457,0.03773789821235061,0.002016249540491129,0.058855139153823,0.0375766231309929,254069.8,121.76288432852203,0.21958362704987605,0.00034050716163774587,97.2,6.97853852894716,50.4,3.646916505762094,50.4,3.646916505762094,439.4,17.92484309554759,0.51861415924792,0.01096727659301415,0.5824221100431279,0.010621130364320983,0.5120433165309407,0.0008491763609131452
lendingclub_imb77,rf,least_risky,0.2,10,0.7820506045875282,0.001072390267951832,0.525910425617725,0.016242531239418996,0.03783203930021906,0.0021643978076648167,0.05182085123545018,0.03248506247883803,275630.4,140.41830365019896,0.21945324476779318,0.0001413998504116984,98.4,5.07937003968012,46.2,8.07465169527454,46.2,8.07465169527454,485.6,25.185313180502643,0.46813420995581084,0.07010976443675057,0.5216452812528367,0.01766218268081161,0.5114005187115638,0.0008371430955035326
lendingclub_imb77,rf,least_risky,0.3,0,0.7775666666666667,0.005286710277247573,0.5420361171326816,0.026564139283849538,0.057694965182330984,0.008786632759709732,0.08407223426536337,0.05312827856769912,60000.0,0.0,0.22374666666666668,0.001889789817825133,0.0,0.0,0.0,0.0,0.0,0.0,0.0,0.0,0.0,0.0,0.0,0.0,0.0,0.0
lendingclub_imb77,rf,least_risky,0.3,1,0.7779931591117035,0.0018275107378404225,0.5247833281823243,0.013704886934345217,0.05017620143881102,0.004907277276275241,0.04956665636464852,0.027409773868690455,81598.8,35.77289476684803,0.2220769649974826,0.0014838832951467836,151.6,15.469324484281785,72.6,10.853570840972107,72.6,10.853570840972107,72.6,10.853570840972107,0.4771748903204676,0.022128137893623282,0.5178563983590835,0.011875919136699702,0.5153587032458802,0.0006138742403231745
lendingclub_imb77,rf,least_risky,0.3,2,0.7782739938526303,0.0014687792358789495,0.5399616581123673,0.04367288768367259,0.0449309268085913,0.003216222983360425,0.07992331622473452,0.08734577536734518,103203.0,73.91887445030531,0.22105969096578,0.0006387985423805738,149.8,18.157643018850212,73.8,7.66159252375118,73.8,7.66159252375118,146.4,15.820872289478855,0.49520880700424275,0.0493867751726562,0.529308649636844,0.021807696199197785,0.5154568187619731,0.0014688271412212463
lendingclub_imb77,rf,least_risky,0.3,3,0.7797096934312442,0.0023403695833382164,0.5430661373312031,0.022873611008793055,0.044326428134733996,0.004596422956954663,0.08613227466240621,0.045747222017586124,124814.4,92.0097820886473,0.22079840590638247,0.0008183264762428165,146.6,7.829431652425352,79.6,4.929503017546496,79.6,4.929503017546496,226.0,19.248376554920164,0.5433099323584963,0.026532272050211338,0.5503986701573889,0.02294608168355128,0.5144868734158523,0.00043526632488942034
lendingclub_imb77,rf,least_risky,0.3,4,0.780921449146928,0.0032150111005000647,0.5390677223582566,0.023349430287748975,0.042386542824777426,0.0020967546074159844,0.07813544471651308,0.04669886057549788,146426.6,109.40886618551852,0.22030429607809285,0.0006097489058298365,146.0,8.124038404635957,71.6,10.620734437881403,71.6,10.620734437881403,297.6,22.277791632026727,0.48966478615527065,0.061288709962867206,0.5504042294635151,0.026277774479238483,0.514274595584838,0.0003681424309493093
lendingclub_imb77,rf,least_risky,0.3,5,0.7818012859241308,0.001726109781886587,0.5107803185534798,0.024501862290545292,0.04081620086597288,0.0030026056876003167,0.021560637106959803,0.04900372458109056,168013.6,120.09079898143372,0.21995251786578537,0.00055465310237757,157.2,11.366617790706256,76.6,5.319774431308153,76.6,5.319774431308153,374.2,21.064187617850347,0.48930443288024766,0.04875000295148973,0.537342297964634,0.011900827259182808,0.5145983527221127,0.0008755749518848064
lendingclub_imb77,rf,least_risky,0.3,6,0.7816349343157696,0.002206653238696912,0.5337981788180296,0.005700939449360604,0.03940439050505502,0.0031153798234788694,0.06759635763605927,0.011401878898721234,189611.0,134.42098050527974,0.21977310547313192,0.0005334606289868229,153.0,9.486832980505138,75.4,3.6469165057620936,75.4,3.6469165057620936,449.6,21.419617176784463,0.49371539753424437,0.02804418470259339,0.5396153877600224,0.01100929814129229,0.514676951647369,0.0009442131078137464
lendingclub_imb77,rf,least_risky,0.3,7,0.7821628443675206,0.0019883632787643397,0.5378702568562926,0.013825400909917393,0.039292544687198075,0.0021297805923780632,0.0757405137125852,0.027650801819834776,211233.0,145.1103028733689,0.21990027694708222,0.00032132827011843555,142.2,14.131525041551603,70.4,7.893034904268446,70.4,7.893034904268446,520.0,23.119256043393797,0.494704690386793,0.015117403363044568,0.5387536657944745,0.010295041099173122,0.5141957113599791,0.0009747495724010113
lendingclub_imb77,rf,least_risky,0.3,8,0.7805566640887187,0.0017635783902463296,0.5335334546034434,0.026131180671094028,0.03828153904684314,0.0012113992532023369,0.06706690920688671,0.05226236134218801,232831.6,151.11022467060266,0.21995628980866852,0.00040895794038799176,152.0,15.313392831113555,80.6,11.148990985734988,80.6,11.148990985734988,600.6,27.817260828485598,0.5290978501333414,0.02791120868053976,0.5546763647918567,0.026255759894249362,0.5138839186647488,0.0006781116260725127
lendingclub_imb77,rf,least_risky,0.3,9,0.7812128218132199,0.0018568372338650593,0.5404294738750914,0.02343435062696763,0.04049474926105218,0.00260660675930276,0.08085894775018279,0.04686870125393524,254442.2,171.1992990639889,0.2200709920124298,0.0004098790614364204,147.2,11.122050170719428,80.0,5.244044240850758,80.0,5.244044240850758,680.6,29.83789536813883,0.5458941359388556,0.05171598187376698,0.5701411475965046,0.017297105388027225,0.5145608005292595,0.0006062885602550221
lendingclub_imb77,rf,least_risky,0.3,10,0.7804946984372585,0.000560149238350424,0.5297535361012378,0.018642282825472218,0.039082636681238556,0.0015968371529772472,0.059507072202475586,0.037284565650944415,276055.8,181.49022012219388,0.21994746529787018,0.00018721585952952973,145.8,8.729261137118078,71.6,7.127411872482185,71.6,7.127411872482185,752.2,26.929537686339888,0.49258019894332444,0.05865904411115398,0.5309044358282865,0.021280553059968534,0.5143839769496796,0.0006381279993924003
lendingclub_imb77,rf,least_risky,0.5,0,0.7775666666666667,0.005286710277247573,0.5420361171326816,0.026564139283849538,0.057694965182330984,0.008786632759709732,0.08407223426536337,0.05312827856769912,60000.0,0.0,0.22374666666666668,0.001889789817825133,0.0,0.0,0.0,0.0,0.0,0.0,0.0,0.0,0.0,0.0,0.0,0.0,0.0,0.0
lendingclub_imb77,rf,least_risky,0.5,1,0.778084088527956,0.00349361206083361,0.5478301187284722,0.029478070079956935,0.0526219195851995,0.00423421683038056,0.09566023745694441,0.05895614015991382,81699.8,25.47940344670696,0.22242172199280624,0.001472283467556324,252.6,25.76431640855235,123.2,14.237275020171522,123.2,14.237275020171522,123.2,14.237275020171522,0.48727055520328133,0.009164960245775672,0.5178563983590835,0.011875919136699702,0.5229187368968254,0.0013190180775608919
lendingclub_imb77,rf,least_risky,0.5,2,0.7772288962827567,0.0029906134183789916,0.5447429166087154,0.017529056305106396,0.04587907023269716,0.001362816432149934,0.08948583321743082,0.035058112610212765,103408.6,43.62109581383558,0.22165480982637087,0.0006915553863632374,243.6,22.75521918154163,122.4,16.071714283174646,122.4,16.071714283174646,245.6,25.559733957926873,0.5013814446770354,0.026241473730660988,0.523114140412691,0.015912131189417554,0.5219786540904359,0.0016087972392443515
lendingclub_imb77,rf,least_risky,0.5,3,0.7790289183726589,0.0015901835359280537,0.5450125303194164,0.02204120807048752,0.046439367171823835,0.0035809211720210935,0.09002506063883285,0.044082416140975106,125113.8,39.309032040996854,0.22149124923982214,0.0008662433153941504,247.4,7.63544366752843,130.4,12.361229712289955,130.4,12.361229712289955,376.0,31.50396800404673,0.5269469854320507,0.045164735624020395,0.55334599237518,0.022947157783572213,0.5213879305899559,0.0005647452460554498
lendingclub_imb77,rf,least_risky,0.5,4,0.7797159646822642,0.003253121721485683,0.5266283133259163,0.026451432387626827,0.04406278838214166,0.0014163701156956743,0.05325662665183274,0.052902864775253716,146816.8,54.001851820096455,0.22109877115946178,0.00059954028263182,249.4,21.524404753674368,130.4,7.893034904268449,130.4,7.893034904268449,506.4,37.99736832992518,0.5243953267610453,0.030020393745666334,0.5563925830731813,0.025415817413661224,0.5219823504175896,0.0012017269644382733
lendingclub_imb77,rf,least_risky,0.5,5,0.7812907700050377,0.0013945325108290496,0.5405126178793331,0.028844947502303583,0.04361149208079913,0.0016993391804051277,0.08102523575866623,0.05768989500460707,168505.4,68.22975890328604,0.22080013284669087,0.0005650995577833084,263.6,21.337759957408846,133.6,15.043270920913441,133.6,15.043270920913441,640.0,46.16275555033518,0.5060926146410323,0.023903963461816804,0.5485878011133126,0.004107531661445502,0.5215138001416768,0.0015267827741968516
lendingclub_imb77,rf,least_risky,0.5,6,0.7798956068517915,0.0020879846301905167,0.5415496814065227,0.030188794386263363,0.042825478870933575,0.0016430326611681606,0.08309936281304531,0.06037758877252672,190208.2,69.42045807972862,0.22070345858882376,0.0005079199033888525,249.8,9.959919678390989,129.6,4.277849927241485,129.6,4.277849927241485,769.6,49.5913298873906,0.519385977751695,0.02453431850211981,0.5429332598472116,0.01690088291572848,0.5215797046189916,0.0011240078297645789
lendingclub_imb77,rf,least_risky,0.5,7,0.7794403377356629,0.0022937987091643628,0.5468732228947688,0.011552764045754994,0.043742044907219765,0.0024629112025087905,0.09374644578953764,0.02310552809150993,211919.2,67.36616361349567,0.22085778441818693,0.00034344587772391124,241.4,13.68575902169843,123.2,8.318653737234168,123.2,8.318653737234168,892.8,46.633678816923734,0.5105691976355262,0.024040865014312636,0.5420077217923052,0.011890275071177066,0.521613317271361,0.0004989764399755814
lendingclub_imb77,rf,least_risky,0.5,8,0.7794510799375753,0.001401431486024357,0.5404385366429517,0.011171039209206552,0.04309244106257728,0.0015162031759242312,0.08087707328590357,0.02234207841841298,233623.0,71.49475505238436,0.22096192996013264,0.00040472216166315356,248.6,15.630099167951558,129.0,5.700877125495689,129.0,5.700877125495689,1021.8,41.22741806128538,0.520914490360034,0.045568725330002426,0.5516847060046136,0.030148324776024377,0.5209901510856103,0.0014917926809711443
lendingclub_imb77,rf,least_risky,0.5,9,0.7790979041436796,0.0016173937200010511,0.5395231745270567,0.013199496608006532,0.04401475006320404,0.001542787118469467,0.07904634905411341,0.02639899321601311,255328.6,80.96171934933467,0.22111341898328138,0.00032507975076211066,246.8,16.513630733427465,131.0,9.38083151964686,131.0,9.38083151964686,1152.8,47.44154297659384,0.5310237845984593,0.023167438733219938,0.5621274658854934,0.017903577838599735,0.5221373368365292,0.0010625208601909325
lendingclub_imb77,rf,least_risky,0.5,10,0.7792971201192346,0.002095835712652147,0.535905676126853,0.015192718874474452,0.04351720488443035,0.0029486624582091285,0.0718113522537062,0.030385437748948814,277030.6,81.68108716220192,0.22100083888826183,8.861479752896702e-05,250.4,7.266360849833978,131.6,5.94138031100518,131.6,5.94138031100518,1284.4,49.777504959569846,0.5255016041697106,0.016013721233526665,0.5435084215404581,0.012593843130798917,0.5206453108515552,0.0005247543489382419
lendingclub_imb77,rf,least_risky,0.75,0,0.7775666666666667,0.005286710277247573,0.5420361171326816,0.026564139283849538,0.057694965182330984,0.008786632759709732,0.08407223426536337,0.05312827856769912,60000.0,0.0,0.22374666666666668,0.001889789817825133,0.0,0.0,0.0,0.0,0.0,0.0,0.0,0.0,0.0,0.0,0.0,0.0,0.0,0.0
lendingclub_imb77,rf,least_risky,0.75,1,0.7763358569326316,0.002597113586103591,0.5539807568313322,0.02760645861838329,0.053066594473124964,0.003456980055716482,0.10796151366266438,0.055212917236766565,81826.0,12.806248474864242,0.22286810695109374,0.0015047821861681623,378.8,38.44086367396029,187.8,22.19684662288768,187.8,22.19684662288768,187.8,22.19684662288768,0.4951811937343966,0.010156753854727068,0.5178563983590835,0.011875919136699702,0.5346946754673454,0.002117070036415453
lendingclub_imb77,rf,least_risky,0.75,2,0.7797199843703708,0.00181180966667466,0.5621838166554497,0.02370439824781061,0.05124083639422222,0.003442837620711136,0.12436763331089931,0.047408796495621235,103656.8,27.878306978722833,0.22234919385805818,0.0007547133861238628,365.6,46.398275830034905,182.8,19.979989989987484,182.8,19.979989989987484,370.6,41.53673073317157,0.5013894514297594,0.02914542732133513,0.5208348095672235,0.024690743221493065,0.5323370769630896,0.0017880890984004012
lendingclub_imb77,rf,least_risky,0.75,3,0.778670119704274,0.0020134302160160684,0.548901818778271,0.03808559313907526,0.05124448205114387,0.004905370561228646,0.09780363755654206,0.07617118627815049,125484.8,24.221890925358874,0.2224030623058117,0.0009415274810720543,374.0,25.02998202156765,194.0,16.867127793433,194.0,16.867127793433,564.6,35.43021309560527,0.5183783233745513,0.019162233218614943,0.5364330527867229,0.01612074914215109,0.5323033486310917,0.0007755237932239569
lendingclub_imb77,rf,least_risky,0.75,4,0.7811498154327176,0.0018646755141150692,0.5384854836700059,0.03713296944964756,0.05174028959203799,0.004601650408370354,0.07697096734001195,0.0742659388992951,147310.0,30.306764921386897,0.22215331737434224,0.0006520666664200636,382.2,30.458168034207183,198.6,11.238327277669036,198.6,11.238327277669036,763.2,43.41313165391321,0.5209358574133742,0.02881590275301976,0.545160687235426,0.030027007961671168,0.5337010436025922,0.0020443252195082935
lendingclub_imb77,rf,least_risky,0.75,5,0.7785753249300283,0.0024139706936538684,0.522264245780596,0.021893444272415952,0.04881736432787169,0.0016971497025975544,0.0445284915611922,0.04378688854483203,169129.0,30.356218473317995,0.22198207244167847,0.0006027439469696191,401.2,25.23291501194422,216.6,12.401612798341995,216.6,12.401612798341995,979.8,39.78944583680452,0.5401556084177395,0.012572459296469754,0.5594848525100787,0.009060751425409203,0.5341955517905399,0.0018318332517210892
lendingclub_imb77,rf,least_risky,0.75,6,0.7785984434432315,0.002208858399877085,0.5300531019589313,0.018996321209667,0.04987836447416711,0.0038318839747207237,0.0601062039178625,0.037992642419334005,190953.8,33.506715744762204,0.22194690066026737,0.0005103628655414166,383.0,13.304134695650072,194.0,12.629330940315086,194.0,12.629330940315086,1173.8,51.45094751314109,0.5062411859968743,0.02003821839280437,0.5307806933030081,0.02144538419108475,0.5340226817912704,0.001375319840526094
lendingclub_imb77,rf,least_risky,0.75,7,0.7788443138071554,0.0027165645035152207,0.5415415482351909,0.012484183445753652,0.04906763481534108,0.0027848778843741107,0.08308309647038171,0.02496836689150732,212780.4,33.148152286367875,0.22213983501581575,0.00034140780767631115,377.8,8.700574693662483,196.0,10.319883720275149,196.0,10.319883720275149,1369.8,42.381599781037075,0.5190149228204693,0.02993769513822934,0.543522995054933,0.03199111514255029,0.5338777606748671,0.0018281670767727534
lendingclub_imb77,rf,least_risky,0.75,8,0.7787654069459007,0.0016964505379752758,0.5347379604981655,0.02003260536147937,0.048493894741927134,0.00272838254378505,0.06947592099633108,0.0400652107229589,234603.8,33.50671574475569,0.22230073312652157,0.00034768609934734165,388.0,24.93992782667985,212.8,4.86826457785523,212.8,4.86826457785523,1582.6,42.288296253218775,0.5500941920346052,0.0346317926225987,0.5618043279238187,0.03218547117047026,0.5325886183107166,0.001096814542431996
lendingclub_imb77,rf,least_risky,0.75,9,0.7777786931391605,0.0014436954697072775,0.5418442243994995,0.015092308580874384,0.05065077566240028,0.001435860218409661,0.08368844879899917,0.030184617161748813,256427.6,34.15845429758159,0.2225087820900237,0.0002753271919887377,385.6,9.710818709048167,218.2,10.616025621672174,218.2,10.616025621672174,1800.8,38.0617918653339,0.5663549177775561,0.034794490742729785,0.5730343520775385,0.02806018963004426,0.5324687371786813,0.0023825831263725402
lendingclub_imb77,rf,least_risky,0.75,10,0.7785839257948004,0.001118301950595204,0.5281638007442142,0.004375778698090373,0.05111184621990611,0.0014491513925146185,0.05632760148842837,0.008751557396180797,278247.0,34.343849522148794,0.22242323970636474,4.8071097598756545e-05,399.0,5.049752469181041,207.6,13.011533345459329,207.6,13.011533345459329,2008.4,28.71062521088665,0.5204096725066378,0.034109797633910865,0.5346460765379026,0.031367101970379535,0.5334244401195771,0.002568196494276901
lendingclub_imb77,rf,least_risky,1.0,0,0.7775666666666667,0.005286710277247573,0.5420361171326816,0.026564139283849538,0.057694965182330984,0.008786632759709732,0.08407223426536337,0.05312827856769912,60000.0,0.0,0.22374666666666668,0.001889789817825133,0.0,0.0,0.0,0.0,0.0,0.0,0.0,0.0,0.0,0.0,0.0,0.0,0.0,0.0
lendingclub_imb77,rf,least_risky,1.0,1,0.7764016838508938,0.0015197265215156064,0.5504308806192026,0.0382798772417172,0.05415739135731603,0.002839708870440831,0.10086176123840529,0.07655975448343441,81952.0,0.0,0.22342590784849667,0.001555905987421446,504.8,51.2415846749493,261.6,29.36494508763808,261.6,29.36494508763808,261.6,29.36494508763808,0.5178563983590835,0.011875919136699702,0.5178563983590835,0.011875919136699702,0.553356193668923,0.0027227085572350575
lendingclub_imb77,rf,least_risky,1.0,2,0.7776141667869688,0.0017839157131897844,0.5401387513196168,0.03755003849915091,0.05433291287916775,0.007268089651761225,0.08027750263923364,0.07510007699830182,103904.0,0.0,0.22320411148752695,0.0008017483619773971,506.8,54.983633928651884,261.8,27.50818060141383,261.8,27.50818060141383,523.4,48.15911128748121,0.5168117449486606,0.014787343524150818,0.5168117449486606,0.014787343524150818,0.5517495770013203,0.004115923831116725
lendingclub_imb77,rf,least_risky,1.0,3,0.776958525345622,0.002428304512372747,0.5477091077158704,0.020812829680922528,0.055059597138174786,0.004048551958227799,0.09541821543174085,0.04162565936184508,125856.0,0.0,0.22347285786931095,0.0009423749464664156,501.6,27.871132018631748,262.2,18.566098136118956,262.2,18.566098136118956,785.6,62.50039999872003,0.5224441611413219,0.010864131871044454,0.5224441611413219,0.010864131871044454,0.5517913930481615,0.002607364783005352
lendingclub_imb77,rf,least_risky,1.0,4,0.7789594750016914,0.00209354636060501,0.5318616843420443,0.01588264904879035,0.05864894962654016,0.0022188966805125024,0.0637233686840886,0.03176529809758071,147808.0,0.0,0.22340468716172332,0.0006586412945180192,506.8,43.79155169664577,280.2,28.78714991102801,280.2,28.78714991102801,1065.8,85.6399439514062,0.5524170449548784,0.017513384859666706,0.5524170449548784,0.017513384859666706,0.5522340712026076,0.0018449583527020857
lendingclub_imb77,rf,least_risky,1.0,5,0.7779040999057493,0.001491340147411404,0.5311684122756178,0.01159471710745179,0.05805423646931653,0.0013169475814950305,0.06233682455123566,0.023189434214903562,169760.0,0.0,0.2233824222431668,0.0006220529919221759,549.4,54.20608821894455,301.0,38.561638969317684,301.0,38.561638969317684,1366.8,82.39356771010705,0.5466770815970019,0.02015106330145503,0.5466770815970019,0.02015106330145503,0.5548254350245333,0.0022440735648613973
lendingclub_imb77,rf,least_risky,1.0,6,0.7780142398873326,0.0022376449058534665,0.5597600115297316,0.017896709925636273,0.05787136746852828,0.004491249887506857,0.11952002305946322,0.03579341985127259,191712.0,0.0,0.22344141211817728,0.0005404276570043805,522.0,19.429359227725442,283.0,17.334935823359714,283.0,17.334935823359714,1649.8,87.23359444617655,0.5422469206930733,0.028850723068150504,0.5422469206930733,0.028850723068150504,0.5528720343865035,0.001657523103986417
lendingclub_imb77,rf,least_risky,1.0,7,0.7782275992792456,0.002299390624486427,0.553898087020315,0.015098434813945762,0.06008033238116848,0.0027155125613706308,0.10779617404063,0.030196869627891584,213664.0,0.0,0.22371199640557138,0.0003610226313242271,502.6,8.876936408468858,269.6,11.502173707608486,269.6,11.502173707608486,1919.4,89.76246431554782,0.5364306878109746,0.021306129613001018,0.5364306878109746,0.021306129613001018,0.5533460469508237,0.0011491323035911234
lendingclub_imb77,rf,least_risky,1.0,8,0.7777183600713012,0.0020539861880928315,0.5459870633388156,0.024911092314569103,0.059739463729603925,0.0016033116048331084,0.09197412667763132,0.04982218462913817,235616.0,0.0,0.22392961428765448,0.0003005836312822317,550.0,40.749233121618374,301.4,8.763560920082652,301.4,8.763560920082652,2220.8,96.33638980156975,0.5499337851662659,0.035207822678348336,0.5499337851662659,0.035207822678348336,0.5536552207227382,0.002824097009167461
lendingclub_imb77,rf,least_risky,1.0,9,0.7777380906161432,0.0019154538816148852,0.555713133101152,0.01173980196580721,0.06286199120006816,0.002711409900896514,0.11142626620230393,0.023479603931614405,257568.0,0.0,0.22418235184494967,0.00021194872066155102,521.8,41.069453368653434,299.0,19.811612756158954,299.0,19.811612756158954,2519.8,111.43473426180913,0.5736839496009685,0.018628113253354735,0.5736839496009685,0.018628113253354735,0.5552758131489987,0.0014963750295997696
lendingclub_imb77,rf,least_risky,1.0,10,0.7781124785346308,0.0008590432233316401,0.553344256154738,0.011421469171140893,0.06277616812791684,0.001456103687042067,0.10668851230947596,0.02284293834228176,279520.0,0.0,0.22413423010875788,0.0,541.2,13.89964028311526,296.2,6.058052492344385,296.2,6.058052492344385,2816.0,113.55615351005868,0.5475395920637252,0.016072846951414945,0.5475395920637252,0.016072846951414945,0.5551383447700327,0.000493137362637155
lendingclub_imb77,rf,most_risky,0.0,0,0.7775666666666667,0.005286710277247573,0.5420361171326816,0.026564139283849538,0.057694965182330984,0.008786632759709732,0.08407223426536337,0.05312827856769912,60000.0,0.0,0.22374666666666668,0.001889789817825133,0.0,0.0,0.0,0.0,0.0,0.0,0.0,0.0,0.0,0.0,0.0,0.0,0.0,0.0
lendingclub_imb77,rf,most_risky,0.0,1,0.7786502048736639,0.0027646286161959765,0.5264319470521424,0.025627900733867948,0.048403696615911394,0.0017698622389963137,0.052863894104284624,0.05125580146773585,81447.2,51.24158467495101,0.22159897731655276,0.0014519144549746934,0.0,0.0,0.0,0.0,0.0,0.0,0.0,0.0,0.0,0.0,0.0,0.0,0.0,0.0
lendingclub_imb77,rf,most_risky,0.0,2,0.7813762799754269,0.0014637876844861577,0.5273733536750529,0.02355127304433921,0.04147581830417066,0.004139667381759558,0.05474670735010562,0.04710254608867846,102903.6,103.00631048629953,0.22032285204210286,0.0005755600367010145,0.0,0.0,0.0,0.0,0.0,0.0,0.0,0.0,0.0,0.0,0.0,0.0,0.0,0.0
lendingclub_imb77,rf,most_risky,0.0,3,0.7808949385443313,0.0015921236673127075,0.5343475038505111,0.02003508908318234,0.04082073996503509,0.002182286384512017,0.06869500770102213,0.04007017816636467,124358.2,105.84044595521914,0.21983128203263239,0.0007317713334444356,0.0,0.0,0.0,0.0,0.0,0.0,0.0,0.0,0.0,0.0,0.0,0.0,0.0,0.0
lendingclub_imb77,rf,most_risky,0.0,4,0.781689047238108,0.002678040541104454,0.5141669159578784,0.021440289195641518,0.0381151032508177,0.002526650053089974,0.028333831915756745,0.04288057839128298,145821.0,125.72986916401705,0.21922362513884536,0.0005045952766533457,0.0,0.0,0.0,0.0,0.0,0.0,0.0,0.0,0.0,0.0,0.0,0.0,0.0,0.0
lendingclub_imb77,rf,most_risky,0.0,5,0.7833964895177437,0.001310228497221173,0.5315114868999085,0.008975090664094137,0.037264686793137866,0.001403416499211335,0.0630229737998169,0.017950181328188288,167279.8,143.6948154945046,0.21877479542981168,0.0005004802144009118,0.0,0.0,0.0,0.0,0.0,0.0,0.0,0.0,0.0,0.0,0.0,0.0,0.0,0.0
lendingclub_imb77,rf,most_risky,0.0,6,0.7822020308519025,0.0018580703033015604,0.5163033061853175,0.02048690780835928,0.035034880604319266,0.002425243282550884,0.03260661237063509,0.04097381561671855,188742.6,159.10153990455422,0.2185230493081105,0.00044444364184361476,0.0,0.0,0.0,0.0,0.0,0.0,0.0,0.0,0.0,0.0,0.0,0.0,0.0,0.0
lendingclub_imb77,rf,most_risky,0.0,7,0.7829329302480352,0.0009262170431515137,0.5286745774326166,0.01180291134282613,0.03492717622320531,0.0018683259299015211,0.05734915486523319,0.023605822685652207,210236.8,140.19165453050528,0.218570670312271,0.00030186213473682745,0.0,0.0,0.0,0.0,0.0,0.0,0.0,0.0,0.0,0.0,0.0,0.0,0.0,0.0
lendingclub_imb77,rf,most_risky,0.0,8,0.7825906167644983,0.0005807821568238382,0.5211794587784927,0.014201185820865199,0.034581359683536886,0.0018687718528395407,0.04235891755698536,0.02840237164173037,231699.0,119.18892566006114,0.21856711316997718,0.000383530314135412,0.0,0.0,0.0,0.0,0.0,0.0,0.0,0.0,0.0,0.0,0.0,0.0,0.0,0.0
lendingclub_imb77,rf,most_risky,0.0,9,0.7804116388645179,0.0010230212136694596,0.5187240251138582,0.010268432958812584,0.03426498412581501,0.0022665507572123315,0.03744805022771643,0.020536865917625227,253185.6,123.80751188841411,0.21864423540216285,0.0003587719453966604,0.0,0.0,0.0,0.0,0.0,0.0,0.0,0.0,0.0,0.0,0.0,0.0,0.0,0.0
lendingclub_imb77,rf,most_risky,0.0,10,0.7822157219545339,0.0007333749946338715,0.5377959587301129,0.015495658424646527,0.03539922012236845,0.0026541965782063866,0.07559191746022569,0.030991316849293012,274646.0,126.83256679575636,0.2184768368475647,0.00012777882794448597,0.0,0.0,0.0,0.0,0.0,0.0,0.0,0.0,0.0,0.0,0.0,0.0,0.0,0.0
lendingclub_imb77,rf,most_risky,0.01,0,0.7775666666666667,0.005286710277247573,0.5420361171326816,0.026564139283849538,0.057694965182330984,0.008786632759709732,0.08407223426536337,0.05312827856769912,60000.0,0.0,0.22374666666666668,0.001889789817825133,0.0,0.0,0.0,0.0,0.0,0.0,0.0,0.0,0.0,0.0,0.0,0.0,0.0,0.0
lendingclub_imb77,rf,most_risky,0.01,1,0.7772519165118585,0.0033902621894077753,0.5347540635812098,0.017179435979250965,0.04869235590274249,0.0030668501218585205,0.0695081271624195,0.0343588719585019,81452.6,50.77696328060544,0.2216260261080496,0.0014589494149815805,5.4,0.5477225575051663,3.4,0.894427190999916,3.4,0.894427190999916,3.4,0.894427190999916,0.6266666666666667,0.14605934866804432,0.5178563983590835,0.011875919136699702,0.6876666666666666,0.013731553282697201
lendingclub_imb77,rf,most_risky,0.01,2,0.7791327328699615,0.0016656211201060446,0.5502929136081309,0.018701996739047363,0.04460070787286015,0.0018256501317831558,0.100585827216262,0.037403993478094616,102915.2,88.91400339653889,0.2203389042809686,0.0006508822137544334,5.4,0.5477225575051663,4.2,0.8366600265340757,4.2,0.8366600265340757,7.6,1.3416407864998738,0.7733333333333333,0.09831920802501756,0.5299850732189413,0.02191418213318892,0.6926666666666667,0.005201495511442354
lendingclub_imb77,rf,most_risky,0.01,3,0.7796844414744839,0.0015685030624111157,0.5326319455123804,0.023984918591071,0.040371275182769485,0.003024101505158005,0.06526389102476059,0.047969837182142025,124387.0,90.94778721881978,0.21988315047677184,0.0008532022136285853,5.2,0.44721359549995804,3.2,0.8366600265340756,3.2,0.8366600265340756,10.8,1.6431676725154982,0.6133333333333333,0.14452988925785867,0.5408248695836593,0.01956298620241653,0.692,0.019999999999999976
lendingclub_imb77,rf,most_risky,0.01,4,0.7812270724361706,0.0015039488017283456,0.5143308233243836,0.01670602689215512,0.039363545103122614,0.002073073726201365,0.02866164664876707,0.033412053784310225,145860.6,116.26607415750787,0.21929021588269154,0.0006251855870186674,5.4,0.5477225575051663,3.8,0.447213595499958,3.8,0.447213595499958,14.6,1.3416407864998738,0.7133333333333334,0.13249737942901196,0.5467203810116944,0.03004765559129312,0.6943333333333334,0.016100379567644457
lendingclub_imb77,rf,most_risky,0.01,5,0.7823042945915508,0.0019144132929116602,0.5192780919380977,0.016881767235001385,0.037371389039051475,0.002308624244241069,0.038556183876195436,0.03376353447000285,167295.4,123.702465618115,0.21879266144122855,0.000638569878673848,5.8,0.44721359549995787,4.4,1.140175425099138,4.4,1.140175425099138,19.0,2.0,0.7533333333333333,0.16261747890200626,0.549069718309597,0.019771185328848678,0.7016666666666668,0.009999999999999927
lendingclub_imb77,rf,most_risky,0.01,6,0.7809617714124182,0.0022249615997901088,0.5363681543705825,0.023553528319968164,0.036188698293267776,0.0018887732822523348,0.07273630874116496,0.047107056639936355,188758.6,127.33734723167332,0.21853410120262823,0.0006297344747535581,5.6,0.547722557505166,3.8,0.8366600265340756,3.8,0.8366600265340756,22.8,1.7888543819998315,0.6866666666666668,0.17094508539944117,0.5491327941053397,0.02291103146531124,0.6854,0.01637138424881117
lendingclub_imb77,rf,most_risky,0.01,7,0.782214695402374,0.0014036165876394335,0.5251971673777902,0.01943486442383804,0.03378281730992298,0.0006650202796499316,0.050394334755580486,0.038869728847676074,210246.0,115.47510554227456,0.21859911693071524,0.0004532088303748391,5.0,0.0,2.6,1.6733200530681511,2.6,1.6733200530681511,25.4,2.073644135332772,0.52,0.33466401061363027,0.5450056087114337,0.009361297587922354,0.6900000000000001,0.008366600265340713
lendingclub_imb77,rf,most_risky,0.01,8,0.7819356212585223,0.0013322847115891947,0.5225167129844097,0.026174041171519818,0.0348850287179011,0.0013136382325809647,0.045033425968819416,0.05234808234303962,231717.8,115.19418388095795,0.21859766428152366,0.0005128846382583084,5.0,0.0,3.2,0.8366600265340756,3.2,0.8366600265340756,28.6,2.302172886644268,0.64,0.16733200530681513,0.5606771256800723,0.030093164680119463,0.6876,0.015899685531481394
lendingclub_imb77,rf,most_risky,0.01,9,0.7818251994801042,0.0027802023738347837,0.5197129702313267,0.011140048923302157,0.034896643961860783,0.0018213630072972291,0.03942594046265326,0.022280097846604337,253201.8,123.36004215304294,0.2186910392623321,0.00036644553252882997,5.2,0.44721359549995787,3.2,0.8366600265340756,3.2,0.8366600265340756,31.8,2.7748873851023217,0.62,0.17888543819998318,0.558073900115515,0.009037156000044063,0.6890666666666666,0.019689816883071483
lendingclub_imb77,rf,most_risky,0.01,10,0.7815599749698907,0.0007115264081357736,0.5256086475601921,0.025569327533951924,0.03494970143251008,0.0009947420071550834,0.051217295120384254,0.05113865506790393,274669.2,156.5269944769945,0.21851806168102844,0.00018980993425279653,5.4,0.5477225575051663,3.4,0.8944271909999159,3.4,0.8944271909999159,35.2,3.271085446759226,0.6266666666666667,0.14605934866804432,0.5389882411842614,0.015392154940952488,0.6920666666666667,0.023416992880289974
lendingclub_imb77,rf,most_risky,0.02,0,0.7775666666666667,0.005286710277247573,0.5420361171326816,0.026564139283849538,0.057694965182330984,0.008786632759709732,0.08407223426536337,0.05312827856769912,60000.0,0.0,0.22374666666666668,0.001889789817825133,0.0,0.0,0.0,0.0,0.0,0.0,0.0,0.0,0.0,0.0,0.0,0.0,0.0,0.0
lendingclub_imb77,rf,most_risky,0.02,1,0.7777553957829675,0.0013135771467779763,0.5288199637450107,0.012139468199320026,0.04648943701249143,0.004450378097359274,0.05763992749002138,0.024278936398640066,81457.8,50.36566290639015,0.22164625559459594,0.0014762860461117124,10.6,0.8944271909999159,6.2,2.7748873851023212,6.2,2.7748873851023212,6.2,2.7748873851023212,0.5821212121212122,0.2621439821954446,0.5178563983590835,0.011875919136699702,0.6767121212121212,0.01141725732923391
lendingclub_imb77,rf,most_risky,0.02,2,0.7812628492778628,0.0015102632015780882,0.5488316806406727,0.0212638648153249,0.04245083492697042,0.00203312357770062,0.0976633612813453,0.042527729630649824,102935.4,76.20236216811334,0.22038888301944204,0.0006532901999990696,10.2,0.8366600265340757,6.6,1.1401754250991383,6.6,1.1401754250991383,12.8,3.7682887362833544,0.6438383838383839,0.07051054940785945,0.5310310326306708,0.017883509099083515,0.6780525252525254,0.020043181625696134
lendingclub_imb77,rf,most_risky,0.02,3,0.7809505565088543,0.00200639069389612,0.5401977788418474,0.015061231913771034,0.04152251996060849,0.0028022329486391447,0.08039555768369469,0.030122463827542065,124412.0,61.40846847137616,0.21992430181411976,0.0008279302071828433,10.0,0.7071067811865476,6.6,1.816590212458495,6.6,1.816590212458495,19.4,4.277849927241488,0.6686868686868687,0.21273480278671467,0.5451909756059126,0.01210781507307556,0.680680808080808,0.012025827560608719
lendingclub_imb77,rf,most_risky,0.02,4,0.7824568645659047,0.0018079637702128686,0.5253625925428957,0.02757201176514946,0.03986094634286581,0.0029281162645504915,0.050725185085791616,0.05514402353029897,145881.8,86.75655594824009,0.21929545356030783,0.0005778752762966268,10.4,0.547722557505166,4.6,1.140175425099138,4.6,1.140175425099138,24.0,5.099019513592785,0.44363636363636366,0.11702228367295289,0.5487404933911615,0.014663768565902959,0.6795272727272728,0.013316149395029404
lendingclub_imb77,rf,most_risky,0.02,5,0.7816489497676181,0.0024121880490114217,0.5249657646064876,0.016114043023500207,0.03849537382324514,0.0015010554899180422,0.04993152921297503,0.03222808604700034,167334.4,104.78215496925432,0.21887799212232734,0.0005446251688890343,10.8,0.8366600265340757,7.6,0.8944271909999159,7.6,0.8944271909999159,31.6,5.549774770204643,0.7027272727272728,0.04259166100044536,0.5357499562259103,0.006411718834647586,0.6923,0.012156503547994172
lendingclub_imb77,rf,most_risky,0.02,6,0.781658041753122,0.0035132349206483996,0.531717531003455,0.02849283369948765,0.03574042664586707,0.0026251209364616815,0.06343506200691004,0.05698566739897532,188806.8,87.9812480020574,0.21863520662534333,0.0005685904208654436,10.2,0.8366600265340757,6.2,2.16794833886788,6.2,2.16794833886788,37.8,6.685805860178712,0.6092929292929293,0.20833244566691825,0.5452462439360839,0.025495748679961915,0.6766444444444445,0.0076426354448717185
lendingclub_imb77,rf,most_risky,0.02,7,0.7824937987747527,0.002767106401407773,0.5349900559471126,0.014062182302742237,0.03642041259332886,0.0023845323772454263,0.06998011189422508,0.028124364605484516,210309.6,80.35732698391564,0.2187042757014074,0.0003773801305079555,9.8,0.44721359549995804,5.8,1.0954451150103321,5.8,1.0954451150103321,43.6,6.2289646009589745,0.5888888888888888,0.09162456945817027,0.5511132329773412,0.023061180756157748,0.6843777777777778,0.009383331688704559
lendingclub_imb77,rf,most_risky,0.02,8,0.7826746503354457,0.0020919336785643755,0.5313471784088126,0.01937325086357989,0.03655688514267269,0.001392403168437782,0.06269435681762509,0.03874650172715974,231783.0,87.44140895480024,0.2186907230145218,0.00041385666696830664,10.2,0.44721359549995815,5.6,1.51657508881031,5.6,1.51657508881031,49.2,7.155417527999327,0.5509090909090909,0.15740666918568674,0.5622730901694848,0.020771368959518432,0.6749818181818182,0.011925976925176166
lendingclub_imb77,rf,most_risky,0.02,9,0.7821186704498745,0.001772631052009036,0.5262996013860881,0.013886113547506632,0.03582966578792786,0.001202916879282133,0.05259920277217607,0.0277722270950134,253264.4,97.61813356133842,0.21876101371547083,0.0003312814011610615,10.0,0.0,6.2,0.8366600265340756,6.2,0.8366600265340756,55.4,6.841052550594828,0.6199999999999999,0.0836660026534075,0.5648310262187919,0.013748525159892784,0.6648000000000001,0.011454256850621096
lendingclub_imb77,rf,most_risky,0.02,10,0.7820689337145806,0.0007981551690071202,0.5202295200108732,0.019852823338607228,0.034759337251197064,0.0025372798074371574,0.04045904002174624,0.03970564667721458,274740.0,118.70341191390294,0.21859790577822777,0.00015386595503036267,10.0,0.7071067811865476,5.8,2.7748873851023217,5.8,2.7748873851023217,61.2,9.311283477587823,0.5698989898989899,0.2570914440644848,0.5348937469432157,0.011848578735441833,0.6784121212121212,0.009344459130259926
lendingclub_imb77,rf,most_risky,0.05,0,0.7775666666666667,0.005286710277247573,0.5420361171326816,0.026564139283849538,0.057694965182330984,0.008786632759709732,0.08407223426536337,0.05312827856769912,60000.0,0.0,0.22374666666666668,0.001889789817825133,0.0,0.0,0.0,0.0,0.0,0.0,0.0,0.0,0.0,0.0,0.0,0.0,0.0,0.0
lendingclub_imb77,rf,most_risky,0.05,1,0.7792210774733488,0.001811042717927188,0.5325260326000564,0.02416659086568677,0.04807017596941686,0.004554803501709781,0.06505206520011282,0.04833318173137359,81472.6,48.44894219691297,0.22172381748605755,0.00148774572337928,25.4,2.7928480087537877,15.8,3.8340579025361627,15.8,3.8340579025361627,15.8,3.8340579025361627,0.6214437012263099,0.1416185161745932,0.5178563983590835,0.011875919136699702,0.6578996098104795,0.008162899890040475
lendingclub_imb77,rf,most_risky,0.05,2,0.7807618212905674,0.002742474762706569,0.5581565754843858,0.024534698848741075,0.045384838296205085,0.004281150432060947,0.11631315096877168,0.04906939769748211,102953.4,62.504399845129036,0.22047280439052366,0.000630812159327088,25.2,1.7888543819998317,14.6,2.60768096208106,14.6,2.60768096208106,30.4,6.268971207462992,0.5770225442834139,0.07879815970998422,0.5280184868712159,0.022604119426718125,0.6587517552334944,0.008789461946347603
lendingclub_imb77,rf,most_risky,0.05,3,0.7807295792867178,0.0020715122017361913,0.5556507929994923,0.010156679954953559,0.042563906462520694,0.0024153029195681168,0.11130158599898447,0.020313359909907118,124443.0,77.5080640965813,0.22007537776458497,0.0007407338332675577,24.8,1.9235384061671343,15.4,2.5099800796022267,15.4,2.5099800796022267,45.8,8.526429498916883,0.6180621118012423,0.05813138928164415,0.5343743007072626,0.019328151587633433,0.6528718840579709,0.0080829824139914
lendingclub_imb77,rf,most_risky,0.05,4,0.7816146273999618,0.002319619713226055,0.5328158987148501,0.013144746140018738,0.0403527140612374,0.0034039503857387315,0.06563179742970036,0.026289492280037487,145927.6,86.99022933639996,0.21949261335004736,0.0005227234296868158,25.0,1.4142135623730951,18.4,2.8809720581775866,18.4,2.8809720581775866,64.2,9.20326029187483,0.7373745819397993,0.11922722182285823,0.5501374564424483,0.01847900608306512,0.6541767001114828,0.013990968067070264
lendingclub_imb77,rf,most_risky,0.05,5,0.7823085900642537,0.0019652297042414943,0.5266031854386608,0.020671667547145826,0.03866993971753403,0.004217022953153153,0.05320637087732148,0.04134333509429164,167395.2,82.45726165717988,0.21902917016156992,0.0005308799105996885,26.0,1.5811388300841898,15.4,2.6076809620810595,15.4,2.6076809620810595,79.6,8.734987120768983,0.5964932844932844,0.12337889681421255,0.5519304137979436,0.019813946417453224,0.6585141025641025,0.008039727132203403
lendingclub_imb77,rf,most_risky,0.05,6,0.7814205716383691,0.0019513118843972664,0.5333950294693962,0.01060274603401059,0.037800690245990795,0.0014972402372565039,0.06679005893879246,0.02120549206802121,188895.6,95.24862203727994,0.21880032720784354,0.000421501381277229,24.0,1.5811388300841898,15.8,3.420526275297414,15.8,3.420526275297414,95.4,9.91463564635635,0.6556176142697882,0.121572453824935,0.5565135489779583,0.023232284748277404,0.655728318637884,0.008686776417119827
lendingclub_imb77,rf,most_risky,0.05,7,0.7816747137969315,0.0013665079226390976,0.5314816205233143,0.02296046134515764,0.03642415546809976,0.0011714757460970667,0.06296324104662851,0.04592092269031536,210403.8,104.72440021313305,0.21887065720065624,0.0002500939365932333,24.0,1.0,15.0,2.23606797749979,15.0,2.23606797749979,110.4,11.991663771137013,0.6234492753623189,0.07479190482609213,0.5499477331577953,0.022617672109229763,0.6520046376811595,0.00708967186652277
lendingclub_imb77,rf,most_risky,0.05,8,0.7817170145441598,0.0018546306803861599,0.5381351617001561,0.0089318762978005,0.037257234752752326,0.0009642824718922917,0.07627032340031208,0.017863752595601017,231903.2,147.3556921194465,0.21889386522394177,0.0003378248983224237,24.4,2.4083189157584592,15.8,1.6431676725154982,15.8,1.6431676725154982,126.2,12.814054783713077,0.6496484578223709,0.059406295440830904,0.5593633859471735,0.028480268772253806,0.6494559430907257,0.007217484521870146
lendingclub_imb77,rf,most_risky,0.05,9,0.7814653920874232,0.0027267530400548814,0.5317684913089679,0.01425865394896176,0.03660285861635557,0.001532173854679287,0.06353698261793558,0.028517307897923467,253399.6,152.38864787115605,0.2189662379737709,0.00041360123921264875,24.4,1.1401754250991378,14.6,1.9493588689617927,14.6,1.9493588689617927,140.8,10.986355173577811,0.5983734671125975,0.07666877916783431,0.5651947232825514,0.019842941617416895,0.6516292307692308,0.010468884950360285
lendingclub_imb77,rf,most_risky,0.05,10,0.7826673489711384,0.0021136596659201627,0.5344731688849527,0.021305194851585454,0.03782396120402352,0.003491051924780056,0.06894633776990522,0.042610389703170826,274879.4,145.2215548739305,0.21880278744823478,0.00020021424915010698,25.6,1.1401754250991376,17.8,2.8635642126552705,17.8,2.8635642126552705,158.6,11.260550608207401,0.6935527065527065,0.09050192177060844,0.5370636783550924,0.012714295530706736,0.6534050142450142,0.0047115665126120955
lendingclub_imb77,rf,most_risky,0.1,0,0.7775666666666667,0.005286710277247573,0.5420361171326816,0.026564139283849538,0.057694965182330984,0.008786632759709732,0.08407223426536337,0.05312827856769912,60000.0,0.0,0.22374666666666668,0.001889789817825133,0.0,0.0,0.0,0.0,0.0,0.0,0.0,0.0,0.0,0.0,0.0,0.0,0.0,0.0
lendingclub_imb77,rf,most_risky,0.1,1,0.7794118359262254,0.0037712931085413133,0.5270448226372887,0.020791470683124195,0.05055967226303536,0.005980968757864502,0.054089645274577436,0.041582941366248495,81497.8,46.06734201144933,0.22184421349493721,0.0014978918341605049,50.6,5.176871642217915,31.2,4.764451699828637,31.2,4.764451699828637,31.2,4.764451699828637,0.6161182283695179,0.06634985676312122,0.5178563983590835,0.011875919136699702,0.6390229224533756,0.005654577485185424
lendingclub_imb77,rf,most_risky,0.1,2,0.7785284718476373,0.002400155410715017,0.5281195171199285,0.012869217495959559,0.04268356675362607,0.001129608128648997,0.056239034239857086,0.02573843499191909,102995.2,85.48216188188218,0.2206531767656041,0.0006132479605778539,51.0,5.049752469181039,29.8,4.08656334834051,29.8,4.08656334834051,61.0,8.366600265340756,0.5863584560098223,0.07667816269917677,0.5245409601403901,0.025838888219932073,0.6385485619419391,0.006057364174427205
lendingclub_imb77,rf,most_risky,0.1,3,0.7801683331366063,0.0008745901354628889,0.5370631677523572,0.02274256466092321,0.0434047472543234,0.0011875419433282572,0.07412633550471434,0.04548512932184638,124507.0,110.10903686800478,0.22027208843165186,0.0007992586298107072,49.6,4.722287581247038,31.2,4.764451699828638,31.2,4.764451699828638,92.2,10.134100848126586,0.6260634805446126,0.044140140535689966,0.5424568115891497,0.014436278946491847,0.6355371051904071,0.004273288473991988
lendingclub_imb77,rf,most_risky,0.1,4,0.7824665462022804,0.0019736134561503054,0.5336292309968991,0.019646146974366358,0.04341143309120592,0.004082677545567042,0.0672584619937981,0.03929229394873268,146007.0,153.25468997717826,0.21969497991613585,0.0005164065237634723,50.6,4.979959839195493,32.0,3.2403703492039297,32.0,3.2403703492039297,124.2,11.840608092492547,0.6332554112554113,0.0402874549674505,0.5499976904081985,0.016013445690998517,0.6371825974025975,0.011481032691120533
lendingclub_imb77,rf,most_risky,0.1,5,0.7819586156224317,0.0012090399698444008,0.5197442984370699,0.020768167047884836,0.040656169483693064,0.0017361485649457795,0.039488596874139824,0.04153633409576962,167497.4,178.72688661754353,0.21925358766247105,0.0004718993236790693,51.8,5.3572380943915485,30.4,6.18869937870632,30.4,6.18869937870632,154.6,16.45600194457937,0.5823780076426055,0.07150617790391262,0.5508077853768183,0.020606744728047265,0.6352459100327197,0.0059234006709114875
lendingclub_imb77,rf,most_risky,0.1,6,0.7821106306566998,0.002915793640592378,0.5287658548152432,0.02409344839794042,0.03889289339418967,0.0017967809618263083,0.05753170963048624,0.04818689679588085,188993.2,171.95551750379937,0.21902372054929384,0.0004523910937999861,51.2,1.7888543819998322,33.0,1.5811388300841898,33.0,1.5811388300841898,187.6,15.899685531481431,0.6454670924973762,0.04406216335271811,0.548691262999216,0.023860769444290615,0.638078624053395,0.004054089753828694
lendingclub_imb77,rf,most_risky,0.1,7,0.7810790744312023,0.0019885028845371016,0.548372276776633,0.019049089808900185,0.03939515175731087,0.002343471291142517,0.096744553553266,0.038098179617800404,210507.0,162.22977531883598,0.21906920501608954,0.0002720169677867054,49.2,1.9235384061671341,27.8,3.63318042491699,27.8,3.63318042491699,215.4,14.909728367747011,0.5660380885578454,0.08125635335039799,0.5517501905698144,0.023663236946619846,0.6368963942238106,0.010765637454236905
lendingclub_imb77,rf,most_risky,0.1,8,0.7819487775690742,0.00130898685291817,0.5360475621478394,0.015969343061714707,0.04026851823441639,0.002783396082118963,0.07209512429567891,0.031938686123429386,232007.4,159.399811794118,0.21909806416948596,0.0003435872070236809,50.8,1.923538406167135,34.0,4.898979485566357,34.0,4.898979485566357,249.4,16.60722734233502,0.6687117305557927,0.08685327512350711,0.5564726718830134,0.033312129229421804,0.636411012265574,0.009336941436271898
lendingclub_imb77,rf,most_risky,0.1,9,0.7821921152956526,0.0015119157236798877,0.5407864758516967,0.009120931188687488,0.038087509206699253,0.0009848109870280951,0.08157295170339343,0.018241862377374945,253518.0,180.1402231596264,0.2191787274407154,0.0003386567696586065,49.6,3.361547262794323,31.0,2.82842712474619,31.0,2.82842712474619,280.4,18.51485889765299,0.6252876367938479,0.04419545545336063,0.5672099543046383,0.012242573271752369,0.6337740746417144,0.009598635857588514
lendingclub_imb77,rf,most_risky,0.1,10,0.7815481950095435,0.001667936255272686,0.5276089622763793,0.009364369792456325,0.03876022046448209,0.0025024195853239656,0.05521792455275869,0.0187287395849127,275032.6,188.96243012832855,0.21903943291181358,0.00010831993649099217,49.0,1.8708286933869707,29.6,3.5777087639996634,29.6,3.5777087639996634,310.0,19.634153916071867,0.6047445064982515,0.07520114646447164,0.5351545887040239,0.02268140184512849,0.6343704758425109,0.0028584744747584476
lendingclub_imb77,rf,most_risky,0.15,0,0.7775666666666667,0.005286710277247573,0.5420361171326816,0.026564139283849538,0.057694965182330984,0.008786632759709732,0.08407223426536337,0.05312827856769912,60000.0,0.0,0.22374666666666668,0.001889789817825133,0.0,0.0,0.0,0.0,0.0,0.0,0.0,0.0,0.0,0.0,0.0,0.0,0.0,0.0
lendingclub_imb77,rf,most_risky,0.15,1,0.7792701738881163,0.0023554421910147254,0.5356385816178065,0.04319009106711668,0.05089960600531225,0.005320996738363365,0.07127716323561305,0.08638018213423342,81523.2,43.27470392735252,0.22195418807319553,0.0014991438212663848,76.0,7.968688725254616,45.8,7.293833011524188,45.8,7.293833011524188,45.8,7.293833011524188,0.600407099820876,0.044018246774931075,0.5178563983590835,0.011875919136699702,0.6264874383609118,0.005231639944298388
lendingclub_imb77,rf,most_risky,0.15,2,0.7789036860786069,0.00263471066409258,0.5383568346516604,0.03133468443834101,0.044871987557040735,0.004143588602231771,0.07671366930332083,0.06266936887668208,103056.8,65.64449710371758,0.22088031905810643,0.0007217100339939331,74.2,4.5497252664309284,42.0,4.847679857416329,42.0,4.847679857416329,87.8,10.848963084092413,0.5648392180299766,0.0402280488626722,0.517752158198131,0.010718687390310745,0.6284518243345969,0.012269981782328137
lendingclub_imb77,rf,most_risky,0.15,3,0.7803603082430979,0.0015125394050147995,0.5451172086888268,0.028204537619209845,0.045577157383914005,0.00351428335679472,0.09023441737765381,0.05640907523841974,124602.0,69.33974329343715,0.220569669769491,0.0008769081177465467,72.6,2.7018512172212588,43.4,4.9295030175464944,43.4,4.9295030175464944,131.2,11.9874934827928,0.5975698845069866,0.06268516740733568,0.5360994729583167,0.022551611506148934,0.6288270976210104,0.006336783073470771
lendingclub_imb77,rf,most_risky,0.15,4,0.7826224427442634,0.0020965423335294942,0.5396514126288929,0.034699572554832664,0.04438432421250292,0.002202632988361356,0.0793028252577858,0.0693991451096654,146131.0,91.14000219442266,0.22003561502712704,0.000654482047011097,75.0,4.47213595499958,45.0,4.47213595499958,45.0,4.47213595499958,176.2,16.14620698492373,0.5992459437581388,0.033994304174381644,0.5430597205776893,0.027596912139725212,0.621124062928941,0.004607085026133077
lendingclub_imb77,rf,most_risky,0.15,5,0.780407600261619,0.0012031515732617054,0.5313937080190791,0.009583511803774286,0.04077458479136202,0.0021536437108398577,0.0627874160381583,0.019167023607548534,167645.0,111.8995084886435,0.21957605604086053,0.0005732173641230985,78.0,4.743416490252569,48.2,7.395944834840239,48.2,7.395944834840239,224.4,21.184900282984575,0.6158831283585369,0.06948832572467875,0.5654735824063634,0.008678481223305641,0.6277409401441439,0.0038068856958706015
lendingclub_imb77,rf,most_risky,0.15,6,0.7809193386368268,0.003307877446041099,0.5418453339838379,0.030501771102858857,0.04091489855206665,0.002560030206487514,0.08369066796767587,0.061003542205717805,189179.0,140.97517511959015,0.21939759568075584,0.0005022153872656316,74.2,6.058052492344384,46.6,5.68330889535313,46.6,5.68330889535313,271.0,26.485845276298054,0.6270004516691389,0.03671841447039693,0.5424993383027602,0.025538415226599272,0.6231381044464186,0.0061947033263078845
lendingclub_imb77,rf,most_risky,0.15,7,0.7820702149003604,0.002090430405628649,0.5352250434519716,0.012384668491792152,0.04023564030646115,0.0023069903903121234,0.07045008690394337,0.02476933698358432,210722.0,145.07067243244194,0.21947307505302413,0.0003016253828673996,72.4,2.40831891575846,44.0,3.5355339059327378,44.0,3.5355339059327378,315.0,26.419689627245813,0.6075001858723558,0.039589082918478014,0.5491647216834072,0.01031695756432955,0.6263463133557772,0.009425934430782983
lendingclub_imb77,rf,most_risky,0.15,8,0.7815166082292098,0.0024016532567764834,0.5384375282326441,0.024180336460899437,0.04106862175486366,0.0013596037762836771,0.07687505646528811,0.048360672921798895,232249.2,153.78621524701006,0.21947879193022074,0.000394249396774715,75.4,9.04433524367601,42.0,5.1478150704935,42.0,5.1478150704935,357.0,28.062430400804555,0.5590278450493504,0.05110608669220645,0.555995079045244,0.02905193334437719,0.6275090514370335,0.006091545462469044
lendingclub_imb77,rf,most_risky,0.15,9,0.7819457058669401,0.0012830314398484136,0.5343830403919474,0.009585751195373065,0.041486141682237944,0.0014319738021637703,0.06876608078389487,0.019171502390746248,253773.8,176.70229200550662,0.21953623956435378,0.0004052072974753713,76.0,6.284902544988267,49.6,2.6076809620810586,49.6,2.6076809620810586,406.6,26.368541863364392,0.657597441679121,0.07982030540518693,0.5807026946951624,0.034006659653726866,0.6218354581804367,0.0028068646735712904
lendingclub_imb77,rf,most_risky,0.15,10,0.7826593392716767,0.0018015422615606231,0.5375127968835722,0.01824876698568891,0.040315345568694656,0.0017638958669060213,0.07502559376714443,0.0364975339713778,275290.6,204.34358321219935,0.21936298204969043,0.00021625785200635316,77.2,4.919349550499536,42.6,2.5099800796022267,42.6,2.5099800796022267,449.2,25.7040852784144,0.5533776831348112,0.04520794309372326,0.5354832543921187,0.018393058058893488,0.6240633034241879,0.0036021939769912935
lendingclub_imb77,rf,most_risky,0.2,0,0.7775666666666667,0.005286710277247573,0.5420361171326816,0.026564139283849538,0.057694965182330984,0.008786632759709732,0.08407223426536337,0.05312827856769912,60000.0,0.0,0.22374666666666668,0.001889789817825133,0.0,0.0,0.0,0.0,0.0,0.0,0.0,0.0,0.0,0.0,0.0,0.0,0.0,0.0
lendingclub_imb77,rf,most_risky,0.2,1,0.7800487520024455,0.002140747862070312,0.5425421845739443,0.024600833025508632,0.05016996171103102,0.0015955803032824713,0.08508436914788862,0.04920166605101726,81548.4,40.89376480589721,0.2220670701110882,0.0015050727990105375,101.2,10.35374328443583,60.6,7.5696763471102235,60.6,7.5696763471102235,60.6,7.5696763471102235,0.5984221179827296,0.03888130749196464,0.5178563983590835,0.011875919136699702,0.617152456162727,0.0051548409270528025
lendingclub_imb77,rf,most_risky,0.2,2,0.7788609778953849,0.0017665670613384343,0.5453453852696336,0.02647808687984271,0.047907881960763246,0.002985723116631199,0.09069077053926713,0.052956173759685414,103114.0,79.14859442845295,0.22105069874437286,0.0006467495784433079,97.0,11.247221879201993,55.0,5.431390245600108,55.0,5.431390245600108,115.6,10.66770828247567,0.5705264234147729,0.058155998527783345,0.5226735832634686,0.015214001725373974,0.6166030242762061,0.0071460144888179705
lendingclub_imb77,rf,most_risky,0.2,3,0.7799443357682139,0.002765815406357826,0.5523094001917601,0.017548866051570373,0.04698830387413769,0.0020682827464095725,0.10461880038352026,0.035097732103140766,124676.0,84.09518416651456,0.2207468876281752,0.0008318985806149081,98.0,7.713624310270757,61.0,8.0,61.0,8.0,176.6,17.096783323186852,0.6214713600982671,0.05591085597714214,0.5459483218263671,0.01185574072174431,0.6155488713218256,0.00641294698472646
lendingclub_imb77,rf,most_risky,0.2,4,0.7810963824653349,0.0012706623888074752,0.5321909453918335,0.01874216023321592,0.045116589682014555,0.004070099924992996,0.06438189078366717,0.03748432046643181,146220.8,98.99848483688626,0.22024387323969935,0.0005938014245284943,102.4,4.159326868617084,64.8,5.11859355682789,64.8,5.11859355682789,241.4,19.112822920751398,0.6326525419886445,0.0393435537836297,0.5463123780756403,0.026431122048030567,0.6163381300292771,0.010110790277082116
lendingclub_imb77,rf,most_risky,0.2,5,0.7814504433429668,0.0026124776730598724,0.5319274670618827,0.021424178547189938,0.04411717115693595,0.004308841131883269,0.06385493412376536,0.042848357094379896,167757.2,115.5170983015068,0.21985725520442126,0.0005863077704156201,104.2,10.59245014149229,65.6,8.414273587185052,65.6,8.414273587185052,307.0,22.327113561766108,0.6288128441385514,0.036222467615156156,0.5538847133481017,0.021930169883560644,0.6256747078651678,0.011567401037695052
lendingclub_imb77,rf,most_risky,0.2,6,0.7811575745594812,0.003070709495379491,0.5366084002048266,0.014027663069469844,0.04424531332437918,0.002949380259957046,0.07321680040965314,0.02805532613893973,189304.4,132.2508979175599,0.21964109657285902,0.0005243713745955622,101.6,6.877499545619761,61.6,7.635443667528429,61.6,7.635443667528429,368.6,29.23696290656743,0.6046634266719542,0.03990766309727726,0.5529082316175926,0.018585123328608785,0.6186345473450705,0.005383240923800913
lendingclub_imb77,rf,most_risky,0.2,7,0.780421144887989,0.0027568428299995663,0.5493986116321887,0.019784258459855708,0.04263877405401629,0.003810998758576539,0.09879722326437737,0.03956851691971141,210855.2,152.50639330861267,0.2197300535625668,0.00027091192558306303,100.8,6.610597552415363,64.4,3.2093613071762412,64.4,3.2093613071762412,433.0,29.639500670557858,0.6400109787504745,0.031639314119432146,0.5478078312808601,0.008147481444770645,0.6187911355995389,0.00877435215284476
lendingclub_imb77,rf,most_risky,0.2,8,0.7807802993337274,0.0013491877738456943,0.5431774796948561,0.01810403247371479,0.043654215468112635,0.0018247801145916715,0.08635495938971205,0.03620806494742957,232399.6,182.96256447700267,0.2197697139134363,0.00036865395852417294,102.4,11.081516141756055,61.2,3.4928498393145957,61.2,3.4928498393145957,494.2,31.115912327939228,0.6015823037679022,0.054132692152232875,0.5513043676041345,0.023645725808905373,0.6198633597639682,0.0039553924986793
lendingclub_imb77,rf,most_risky,0.2,9,0.780876301887863,0.002221266496891658,0.5502398536394992,0.004665460001543217,0.04306116742570788,0.0007864794221109863,0.10047970727899842,0.009330920003086508,253951.0,201.72010311320315,0.21986741301138232,0.0003820078385090516,100.6,6.228964600958975,66.6,3.646916505762094,66.6,3.646916505762094,560.8,32.576064832941384,0.6628430390903868,0.03082133071588102,0.5715320963891575,0.024811075769581064,0.6193740858928335,0.006603189707404503
lendingclub_imb77,rf,most_risky,0.2,10,0.7817521044356944,0.0017661860410260839,0.5411685730104598,0.012573183395909895,0.043849930120282196,0.0017117795963130394,0.08233714602091965,0.025146366791819804,275491.4,217.22177607229852,0.21968443355944003,0.00017968877429313894,103.6,4.505552130427523,59.0,2.91547594742265,59.0,2.91547594742265,619.8,34.2081861547788,0.5698205551218237,0.025034734726939224,0.5462843448798209,0.021578650716048833,0.6184442036741994,0.004006816704823058
lendingclub_imb77,rf,most_risky,0.3,0,0.7775666666666667,0.005286710277247573,0.5420361171326816,0.026564139283849538,0.057694965182330984,0.008786632759709732,0.08407223426536337,0.05312827856769912,60000.0,0.0,0.22374666666666668,0.001889789817825133,0.0,0.0,0.0,0.0,0.0,0.0,0.0,0.0,0.0,0.0,0.0,0.0,0.0,0.0
lendingclub_imb77,rf,most_risky,0.3,1,0.7789000100100338,0.0019930589954966437,0.549403507242868,0.030281947558746643,0.05249391488570655,0.004567272906128233,0.09880701448573591,0.06056389511749337,81598.8,35.77289476684803,0.22226567717083195,0.00150518676098314,151.6,15.469324484281785,88.0,8.746427842267952,88.0,8.746427842267952,88.0,8.746427842267952,0.5813459877497008,0.03504790687665251,0.5178563983590835,0.011875919136699702,0.6029687254195027,0.004638201294753617
lendingclub_imb77,rf,most_risky,0.3,2,0.779494260926141,0.0009391845948111626,0.5168390717601412,0.030651170268621724,0.04571123073503118,0.004399283485328643,0.03367814352028225,0.06130234053724348,103197.0,57.857583772568674,0.22124697440718694,0.0007083812539387892,152.4,14.432601983010544,80.6,12.116104984688768,80.6,12.116104984688768,168.6,18.501351301999534,0.527030254916234,0.03354902862997084,0.5274322711546187,0.028241222563337477,0.6029227462665239,0.008391590723998883
lendingclub_imb77,rf,most_risky,0.3,3,0.7783253598047185,0.0008720929613308345,0.5357672825936871,0.021646761357115407,0.047343616928716116,0.0038229970398807214,0.0715345651873742,0.04329352271423077,124807.0,63.17831906595985,0.22101828722316333,0.0008245498076614742,147.2,4.969909455915668,89.2,6.058052492344383,89.2,6.058052492344383,257.8,22.196846622887676,0.6056694913837771,0.027650761444113887,0.5519600212677748,0.01772268060323467,0.6051964448678735,0.001718408686211674
lendingclub_imb77,rf,most_risky,0.3,4,0.7788951047262592,0.003124475951960434,0.5328446394472178,0.02808584788062506,0.04461992550195058,0.0019922434895633537,0.06568927889443563,0.056171695761250154,146413.6,88.36458566643438,0.22061355316338832,0.0005730385612591612,148.8,11.691877522451222,90.2,7.190271204899021,90.2,7.190271204899021,348.0,26.048032555262218,0.6069292751188311,0.03288724976665556,0.5454423108426799,0.03018490586938243,0.6024789501960106,0.005505041100249038
lendingclub_imb77,rf,most_risky,0.3,5,0.7812597780284781,0.0024441344528005017,0.5533123849618565,0.02727955360139962,0.04612694865275957,0.002545105431867798,0.10662476992371299,0.05455910720279922,168010.4,90.27070399637233,0.22029130426075771,0.0005473895914007135,152.8,9.364827814754525,91.0,9.273618495495704,91.0,9.273618495495704,439.0,30.975797003467086,0.5955269926025224,0.048167575979439346,0.5534794953950123,0.019728369975821336,0.6036888684312536,0.003762499318937947
lendingclub_imb77,rf,most_risky,0.3,6,0.7815959793853483,0.0027975919025069775,0.5549764392437643,0.01844962750638512,0.04515767958826886,0.0011090391163314658,0.10995287848752866,0.03689925501277026,189610.6,89.31573209686702,0.2201629152286814,0.000527526367399809,151.4,4.827007354458869,94.4,4.722287581247039,94.4,4.722287581247039,533.4,35.018566504070364,0.623730877263027,0.029821793605344673,0.5474526253573754,0.017935246380788184,0.6017127894242584,0.002759137760913437
lendingclub_imb77,rf,most_risky,0.3,7,0.7811715385615512,0.0022267827856489266,0.5418685647007531,0.013781253669162576,0.046008502537621225,0.002777322472317641,0.08373712940150618,0.027562507338325166,211217.2,91.06426302342675,0.22026906343673353,0.0003173817867120279,148.4,3.2093613071762426,88.0,5.3385391260156565,88.0,5.3385391260156565,621.4,30.664311503766065,0.5933374353429623,0.04018016406186621,0.5498198799783802,0.018118212464325066,0.5997832084947166,0.004833457395287973
lendingclub_imb77,rf,most_risky,0.3,8,0.780639521235108,0.002630187643470353,0.5468010343024737,0.0066574945439969125,0.0448451054798133,0.002346911648946057,0.0936020686049475,0.013314989087993825,232810.6,102.04802790843114,0.22034303809018957,0.0003573370304801526,154.2,6.418722614352486,92.0,4.636809247747852,92.0,4.636809247747852,713.4,33.33616654626023,0.5977792084970173,0.044671824914370634,0.5477033339572894,0.021602862896518603,0.604807643678161,0.0067643422532552705
lendingclub_imb77,rf,most_risky,0.3,9,0.7815779989770489,0.0011127377102149285,0.539873969362925,0.026425155246380894,0.04704179547259845,0.0006429108407432279,0.07974793872584995,0.05285031049276178,254409.2,115.79162318579266,0.22046126631004753,0.0003105959691889041,152.0,12.449899597988734,96.4,6.949820141557622,96.4,6.949820141557622,809.8,37.09043003255692,0.6348740361614593,0.021094962379887085,0.5706978737947453,0.0249684331036054,0.6061049550439508,0.002693536137586642
lendingclub_imb77,rf,most_risky,0.3,10,0.780869640587726,0.0022116508337390157,0.5307290012437651,0.009948748763789449,0.04621058149736938,0.0018927423166342336,0.061458002487530305,0.01989749752757889,275993.2,136.9277181581503,0.22032423988257804,0.00012727488668943601,158.4,13.52035502492446,91.4,5.549774770204644,91.4,5.549774770204644,901.2,38.505843712351,0.5790346760651509,0.03947596376443158,0.5302635963155256,0.02038879917185587,0.6041938920341827,0.008621907591510216
lendingclub_imb77,rf,most_risky,0.5,0,0.7775666666666667,0.005286710277247573,0.5420361171326816,0.026564139283849538,0.057694965182330984,0.008786632759709732,0.08407223426536337,0.05312827856769912,60000.0,0.0,0.22374666666666668,0.001889789817825133,0.0,0.0,0.0,0.0,0.0,0.0,0.0,0.0,0.0,0.0,0.0,0.0,0.0,0.0
lendingclub_imb77,rf,most_risky,0.5,1,0.7772764076953969,0.0030940701234011313,0.5274502980231862,0.024167731231361348,0.05430405142031071,0.005304607283680045,0.05490059604637247,0.04833546246272267,81699.8,25.47940344670696,0.22261022030362887,0.0015300153121719357,252.6,25.76431640855235,138.6,16.1802348561447,138.6,16.1802348561447,138.6,16.1802348561447,0.5483301628649608,0.022942960620297236,0.5178563983590835,0.011875919136699702,0.5837766887742569,0.00420410901087455
lendingclub_imb77,rf,most_risky,0.5,2,0.7773538392145637,0.0038105494739774474,0.5539093428081416,0.041725561563753004,0.04959729623392346,0.003893874821396967,0.10781868561628319,0.08345112312750592,103400.8,44.38693501470716,0.22185524894719114,0.0007581381535957341,251.2,19.77877650412179,136.4,5.458937625582469,136.4,5.458937625582469,275.0,19.442222095223574,0.5451023266014061,0.03920092661596548,0.5292228947113331,0.020496198294058975,0.5843639992133568,0.004458094526411533
lendingclub_imb77,rf,most_risky,0.5,3,0.7778463718066763,0.0012965862727064405,0.5300109283233563,0.02907055785801258,0.04908788117796384,0.002080689170388768,0.06002185664671249,0.058141115716025205,125105.8,36.35519220139112,0.22178194624569492,0.0008996678774939363,247.4,15.693947878083451,146.2,11.840608092492545,146.2,11.840608092492545,421.2,15.626899884494039,0.5905769480117605,0.0182133277637792,0.5536536255784933,0.009806465897457147,0.5800034683122796,0.0022563739694489494
lendingclub_imb77,rf,most_risky,0.5,4,0.7798817676715517,0.002012299953014127,0.5302108252664305,0.01893771007965026,0.048094032793445575,0.001377266562723902,0.0604216505328611,0.037875420159300635,146810.6,41.812677503359446,0.2214390839491529,0.000628440882978495,247.4,6.949820141557619,141.8,6.496152707564688,141.8,6.496152707564688,563.0,14.508618128546917,0.5735455218770659,0.03175956715047794,0.5539942670268596,0.017456021096080437,0.5828992563604707,0.0029159606928073492
lendingclub_imb77,rf,most_risky,0.5,5,0.7802663065497345,0.0020060524814340527,0.5492972625948469,0.01507929124326573,0.05097859323353693,0.0024895488005832636,0.09859452518969378,0.03015858248653143,168501.8,51.45580628073211,0.22124750402534285,0.0005745676455242749,261.0,18.801595676963167,148.8,8.012490249604054,148.8,8.012490249604054,711.8,20.801442257689718,0.5708762581270511,0.016481945359769386,0.5334762341759461,0.011746713734579861,0.5839307196190442,0.0052706025061373465
lendingclub_imb77,rf,most_risky,0.5,6,0.7806697429721325,0.0021549383793260973,0.5446081536391993,0.014099128784500651,0.050358834897498095,0.004408274037863731,0.0892163072783987,0.028198257569001225,190195.8,51.95382565317475,0.22116157709996634,0.00048743071480514315,258.2,7.190271204899013,146.0,9.246621004453464,146.0,9.246621004453464,857.8,22.928148638736605,0.566038131826376,0.043426575123944954,0.537968606764184,0.016592887392116753,0.5856369674774753,0.0035150461916228634
lendingclub_imb77,rf,most_risky,0.5,7,0.7800890050411559,0.0024610891057485337,0.5453311785441686,0.017493940852310035,0.04894329209917249,0.003708591144604133,0.09066235708833717,0.0349878817046201,211888.8,43.7915516966504,0.22129248154971762,0.0003472577483974762,259.8,10.709808588392232,150.0,11.467344941179718,150.0,11.467344941179718,1007.8,13.572030061858829,0.5768880046956875,0.02796720205455821,0.5536866862923843,0.02356324347292161,0.5838173405677444,0.00348175939081276
lendingclub_imb77,rf,most_risky,0.5,8,0.7797868187645499,0.0020779628434390803,0.544318589861612,0.010623370605352947,0.05037956870975855,0.0026943720153238897,0.08863717972322387,0.021246741210705963,233575.2,37.54597182121743,0.22140275504795354,0.00035017074513927013,266.2,14.272350892547452,158.6,6.841052550594826,158.6,6.841052550594826,1166.4,18.24280680158623,0.5970928197142331,0.03873511570261187,0.5578613647053022,0.03758454470969838,0.583086547526372,0.0027349216057980024
lendingclub_imb77,rf,most_risky,0.5,9,0.7802779280014138,0.001092239669341342,0.549700082364623,0.011324908434412518,0.0518734305227017,0.000865442294301165,0.09940016472924582,0.022649816868825084,255265.8,46.98084716137387,0.22156039758368093,0.0002699814382501901,261.6,17.472836060582722,157.6,16.546903033498445,157.6,16.546903033498445,1324.0,25.622255950637914,0.6017506895354996,0.037056178859649215,0.5658629546785272,0.030130983851113166,0.583147187425795,0.0027038560404057752
lendingclub_imb77,rf,most_risky,0.5,10,0.7810042353607047,0.0019425521178740672,0.5465233124597899,0.0230855960398068,0.05169919766884494,0.0012034886406284947,0.09304662491957996,0.04617119207961354,276952.4,52.785414652151466,0.221453215767079,9.045719173861963e-05,265.8,13.516656391282574,150.6,6.024948132556824,150.6,6.024948132556824,1474.6,27.50090907588329,0.5672825442850814,0.025954179572988102,0.5337620285917912,0.01730567424718451,0.584416774538739,0.002047850264336078
lendingclub_imb77,rf,most_risky,0.75,0,0.7775666666666667,0.005286710277247573,0.5420361171326816,0.026564139283849538,0.057694965182330984,0.008786632759709732,0.08407223426536337,0.05312827856769912,60000.0,0.0,0.22374666666666668,0.001889789817825133,0.0,0.0,0.0,0.0,0.0,0.0,0.0,0.0,0.0,0.0,0.0,0.0,0.0,0.0
lendingclub_imb77,rf,most_risky,0.75,1,0.7758959921737775,0.0023279226645575605,0.5408575957435898,0.028387930178648626,0.05365955800966464,0.005761991416954311,0.08171519148717965,0.056775860357297286,81826.0,12.806248474864242,0.22303186472138198,0.001539387418323973,378.8,38.44086367396029,201.2,20.0174923504419,201.2,20.0174923504419,201.2,20.0174923504419,0.531338435713919,0.01503363018083129,0.5178563983590835,0.011875919136699702,0.5664632878201189,0.0035538261782259613
lendingclub_imb77,rf,most_risky,0.75,2,0.7767209470471412,0.0015924626161237876,0.5457872983126132,0.03098574725400445,0.052062075419736155,0.006995894933713986,0.09157459662522631,0.06197149450800888,103653.6,22.311432047268994,0.22254899717246285,0.000813347490262334,374.6,30.65615761963656,189.8,12.794530081249565,189.8,12.794530081249565,391.0,29.690065678607052,0.5075938210439769,0.024101743530039778,0.50812201898302,0.012521226905835516,0.5644372509912292,0.004321695538012074
lendingclub_imb77,rf,most_risky,0.75,3,0.7781081602652038,0.0031193578239062224,0.5290047659160162,0.01814015561661227,0.05395992064465458,0.0034151289371184565,0.05800953183203238,0.03628031123322449,125478.0,23.323807579381203,0.22264146771516563,0.0009789194234621624,384.8,19.979989989987484,213.4,12.77888884058391,213.4,12.77888884058391,604.4,36.916121139686375,0.5545199223478281,0.013423264092467245,0.5434664422720727,0.010266268470023083,0.565129254538294,0.0027428632768980443
lendingclub_imb77,rf,most_risky,0.75,4,0.780737523592455,0.0016744296507263023,0.5379330483144695,0.01638124544413438,0.05566899723091103,0.0031461545310727487,0.07586609662893902,0.03276249088826876,147302.0,31.953090617340916,0.22247768201164336,0.0007002751376590112,385.6,34.50072463007118,222.0,12.767145334803702,222.0,12.767145334803702,826.4,48.82417434017703,0.5773063588495921,0.024243202634918238,0.5523529555853794,0.02617878134367246,0.565925638645824,0.0032143690979968757
lendingclub_imb77,rf,most_risky,0.75,5,0.7808343151073381,0.0021569080658179075,0.5359631750634074,0.015850786492871544,0.05562625000275949,0.003713363124503287,0.07192635012681481,0.03170157298574312,169121.0,30.94349689352834,0.2223591833953741,0.0006275259908962931,400.8,18.32211778152297,222.4,14.959946523968595,222.4,14.959946523968595,1048.8,49.06831971853124,0.5544876089579807,0.01452443735160071,0.5400983215916941,0.018192608229241604,0.5656607115376155,0.0006797138569607078
lendingclub_imb77,rf,most_risky,0.75,6,0.7786615767513303,0.0020819332633952897,0.5385648296624052,0.005398790583361849,0.05366680599546786,0.0021431793272167076,0.07712965932481033,0.010797581166723752,190940.4,33.81271950021551,0.22235212430576673,0.000520675552813897,399.0,16.15549442140351,225.6,17.98054504179448,225.6,17.98054504179448,1274.4,61.26010120788243,0.5652351103537813,0.03405350404220794,0.5458652120423879,0.021719451785805206,0.5681716214297307,0.004625572830203583
lendingclub_imb77,rf,most_risky,0.75,7,0.7790886679069787,0.0012910883883416344,0.5618183730258881,0.020187390577926744,0.05619015645168568,0.0009311489522246323,0.12363674605177628,0.040374781155853516,212762.4,33.590177135589116,0.22256942112915565,0.00032806105997146886,392.2,14.25482374496437,225.4,12.177848742696717,225.4,12.177848742696717,1499.8,65.08225564622053,0.5745982123395977,0.01922580964637353,0.5547752333794824,0.01652112353974676,0.567309089899884,0.0032800559856516432
lendingclub_imb77,rf,most_risky,0.75,8,0.7792336488832758,0.0018277334610705448,0.5459552201750364,0.01869110896694852,0.055685667993017676,0.0013879187431560984,0.09191044035007281,0.03738221793389705,234581.0,35.88175023602155,0.2227264704011842,0.0002959154203401747,401.6,23.62837277511932,226.4,15.274161188098024,226.4,15.274161188098024,1726.2,66.99776115662374,0.5646817613386451,0.04005431960460701,0.5537877518193274,0.03179406997849981,0.568244860455375,0.004301987040034957
lendingclub_imb77,rf,most_risky,0.75,9,0.7804199524784117,0.0009329759375800785,0.556586473834043,0.008572096925477196,0.057611988948841134,0.001550077166560549,0.11317294766808597,0.01714419385095444,256401.6,45.335416618800956,0.22291824064721144,0.0002721529323863376,396.4,33.84228124698452,234.8,17.922053453775884,234.8,17.922053453775884,1961.0,79.39773296511683,0.5930016241073905,0.02079529482062575,0.5814976971022762,0.015613024723393761,0.5683468497983628,0.003239101988130155
lendingclub_imb77,rf,most_risky,0.75,10,0.7787059502688162,0.0019412622229860203,0.5509244874269337,0.014251196084114818,0.05688947549087146,0.0019271519717840933,0.10184897485386728,0.028502392168229675,278216.2,48.22032766376133,0.22282599007003023,9.322689806139477e-05,413.8,13.809417076763237,221.4,6.54217089351845,221.4,6.54217089351845,2182.4,80.68952844080819,0.5351745892612986,0.010370809975640237,0.5299596262721269,0.017552151429974655,0.5667565889293134,0.0022959540986553016
lendingclub_imb77,rf,most_risky,1.0,0,0.7775666666666667,0.005286710277247573,0.5420361171326816,0.026564139283849538,0.057694965182330984,0.008786632759709732,0.08407223426536337,0.05312827856769912,60000.0,0.0,0.22374666666666668,0.001889789817825133,0.0,0.0,0.0,0.0,0.0,0.0,0.0,0.0,0.0,0.0,0.0,0.0,0.0,0.0
lendingclub_imb77,rf,most_risky,1.0,1,0.775925812946129,0.0018451593966775717,0.5311803725334714,0.016438075385484023,0.05262858427615621,0.005979505408166635,0.06236074506694299,0.03287615077096798,81952.0,0.0,0.22342590784849667,0.001555905987421446,504.8,51.2415846749493,261.6,29.36494508763808,261.6,29.36494508763808,261.6,29.36494508763808,0.5178563983590835,0.011875919136699702,0.5178563983590835,0.011875919136699702,0.553356193668923,0.0027227085572350818
lendingclub_imb77,rf,most_risky,1.0,2,0.7778355228333573,0.0027083549418137473,0.5398754770488796,0.018731679945285757,0.05330731544823689,0.0032552243230316888,0.07975095409775905,0.03746335989057153,103904.0,0.0,0.22320411148752695,0.0008017483619773971,513.2,58.49529895641189,269.2,32.66802718255268,269.2,32.66802718255268,530.8,56.06424885789517,0.5243457346485056,0.014645112256486417,0.5243457346485056,0.014645112256486417,0.5528748757698003,0.00416697977127132
lendingclub_imb77,rf,most_risky,1.0,3,0.777888129667885,0.003281120790131412,0.5521001898595082,0.01358310679127285,0.055475196014597085,0.004477358062402619,0.10420037971901616,0.027166213582545708,125856.0,0.0,0.22347285786931095,0.0009423749464664156,501.2,33.98087697514588,270.6,23.136551169091728,270.6,23.136551169091728,801.4,65.58429690101131,0.5395168655000705,0.016567472342293776,0.5395168655000705,0.016567472342293776,0.5527081376389518,0.0024035130332690463
lendingclub_imb77,rf,most_risky,1.0,4,0.7784588322846898,0.001561630530681634,0.533478335063678,0.013742155955654659,0.05826363211411499,0.0008406195338311066,0.06695667012735604,0.027484311911309303,147808.0,0.0,0.22340468716172332,0.0006586412945180192,487.0,37.03376837428241,265.6,15.94678651014053,265.6,15.94678651014053,1067.0,78.44424771772623,0.5464858446465772,0.028887741926706068,0.5464858446465772,0.028887741926706068,0.5529895947874353,0.0034121586685954067
lendingclub_imb77,rf,most_risky,1.0,5,0.7786050895381715,0.0016489139451165789,0.5424735343954987,0.01967228338588856,0.056632478024557745,0.0019091196732591415,0.08494706879099741,0.03934456677177716,169760.0,0.0,0.2233824222431668,0.0006220529919221759,541.4,41.21650154974339,297.2,17.598295371995547,297.2,17.598295371995547,1364.2,76.97856844602919,0.5495372831976281,0.010685840840889471,0.5495372831976281,0.010685840840889471,0.5533707997546868,0.0016104713531485111
lendingclub_imb77,rf,most_risky,1.0,6,0.7779464309000339,0.0013481815834745473,0.5506116220213031,0.01322316624975865,0.05674315477491267,0.0030235142047381064,0.10122324404260619,0.026446332499517302,191712.0,0.0,0.22344141211817728,0.0005404276570043805,528.4,24.31666095499133,291.8,17.51285242329187,291.8,17.51285242329187,1656.0,80.16233529532433,0.5519646711829354,0.009246139226802612,0.5519646711829354,0.009246139226802612,0.5552211649450578,0.0014637017896190607
lendingclub_imb77,rf,most_risky,1.0,7,0.7773243161023097,0.001201756236491363,0.5549360196546897,0.014989734143723817,0.06038221371214778,0.0035660785052286734,0.10987203930937958,0.029979468287447686,213664.0,0.0,0.22371199640557138,0.0003610226313242271,531.2,12.676750372236569,288.2,15.352524222420236,288.2,15.352524222420236,1944.2,87.21639754082948,0.5424965923856645,0.024729019995693713,0.5424965923856645,0.024729019995693713,0.5528051177395157,0.002399581036059988
lendingclub_imb77,rf,most_risky,1.0,8,0.7783761989644342,0.001984121310159101,0.5462487355360386,0.00618915242445309,0.06043690471486078,0.0016901746039778135,0.09249747107207722,0.012378304848906209,235616.0,0.0,0.22392961428765448,0.0003005836312822317,542.6,23.964557162609946,302.8,12.091319200153471,302.8,12.091319200153471,2247.0,79.97812200845924,0.558549535143289,0.024544603489848407,0.558549535143289,0.024544603489848407,0.554633036431561,0.0023306137694346562
lendingclub_imb77,rf,most_risky,1.0,9,0.7774624373956593,0.0013870148365891573,0.543533654340376,0.01346118041894297,0.0613239582649588,0.0023495231986222238,0.08706730868075212,0.02692236083788593,257568.0,0.0,0.22418235184494967,0.00021194872066155102,544.6,21.605554841290235,313.6,18.146625030566984,313.6,18.146625030566984,2560.6,85.68430428030557,0.575714778624787,0.02107505994657907,0.575714778624787,0.02107505994657907,0.5547091919523319,0.0011686235694894536
lendingclub_imb77,rf,most_risky,1.0,10,0.7787313966800229,0.0015434078951438984,0.5538433532008388,0.014771177894677308,0.06180120525421051,0.00185603616268862,0.10768670640167763,0.029542355789354657,279520.0,0.0,0.22413423010875788,0.0,549.6,18.676188047886004,295.0,16.01561737804696,295.0,16.01561737804696,2855.6,71.06898057521303,0.5366893974896598,0.019927184957456632,0.5366893974896598,0.019927184957456632,0.5539802918420564,0.001839219742662783
lendingclub_imb77,rf,random,0.0,0,0.7775666666666667,0.005286710277247573,0.5420361171326816,0.026564139283849538,0.057694965182330984,0.008786632759709732,0.08407223426536337,0.05312827856769912,60000.0,0.0,0.22374666666666668,0.001889789817825133,0.0,0.0,0.0,0.0,0.0,0.0,0.0,0.0,0.0,0.0,0.0,0.0,0.0,0.0
lendingclub_imb77,rf,random,0.0,1,0.7786502048736639,0.0027646286161959765,0.5264319470521424,0.025627900733867948,0.048403696615911394,0.0017698622389963137,0.052863894104284624,0.05125580146773585,81447.2,51.24158467495101,0.22159897731655276,0.0014519144549746934,0.0,0.0,0.0,0.0,0.0,0.0,0.0,0.0,0.0,0.0,0.0,0.0,0.0,0.0
lendingclub_imb77,rf,random,0.0,2,0.7813762799754269,0.0014637876844861577,0.5273733536750529,0.02355127304433921,0.04147581830417066,0.004139667381759558,0.05474670735010562,0.04710254608867846,102903.6,103.00631048629953,0.22032285204210286,0.0005755600367010145,0.0,0.0,0.0,0.0,0.0,0.0,0.0,0.0,0.0,0.0,0.0,0.0,0.0,0.0
lendingclub_imb77,rf,random,0.0,3,0.7808949385443313,0.0015921236673127075,0.5343475038505111,0.02003508908318234,0.04082073996503509,0.002182286384512017,0.06869500770102213,0.04007017816636467,124358.2,105.84044595521914,0.21983128203263239,0.0007317713334444356,0.0,0.0,0.0,0.0,0.0,0.0,0.0,0.0,0.0,0.0,0.0,0.0,0.0,0.0
lendingclub_imb77,rf,random,0.0,4,0.781689047238108,0.002678040541104454,0.5141669159578784,0.021440289195641518,0.0381151032508177,0.002526650053089974,0.028333831915756745,0.04288057839128298,145821.0,125.72986916401705,0.21922362513884536,0.0005045952766533457,0.0,0.0,0.0,0.0,0.0,0.0,0.0,0.0,0.0,0.0,0.0,0.0,0.0,0.0
lendingclub_imb77,rf,random,0.0,5,0.7833964895177437,0.001310228497221173,0.5315114868999085,0.008975090664094137,0.037264686793137866,0.001403416499211335,0.0630229737998169,0.017950181328188288,167279.8,143.6948154945046,0.21877479542981168,0.0005004802144009118,0.0,0.0,0.0,0.0,0.0,0.0,0.0,0.0,0.0,0.0,0.0,0.0,0.0,0.0
lendingclub_imb77,rf,random,0.0,6,0.7822020308519025,0.0018580703033015604,0.5163033061853175,0.02048690780835928,0.035034880604319266,0.002425243282550884,0.03260661237063509,0.04097381561671855,188742.6,159.10153990455422,0.2185230493081105,0.00044444364184361476,0.0,0.0,0.0,0.0,0.0,0.0,0.0,0.0,0.0,0.0,0.0,0.0,0.0,0.0
lendingclub_imb77,rf,random,0.0,7,0.7829329302480352,0.0009262170431515137,0.5286745774326166,0.01180291134282613,0.03492717622320531,0.0018683259299015211,0.05734915486523319,0.023605822685652207,210236.8,140.19165453050528,0.218570670312271,0.00030186213473682745,0.0,0.0,0.0,0.0,0.0,0.0,0.0,0.0,0.0,0.0,0.0,0.0,0.0,0.0
lendingclub_imb77,rf,random,0.0,8,0.7825906167644983,0.0005807821568238382,0.5211794587784927,0.014201185820865199,0.034581359683536886,0.0018687718528395407,0.04235891755698536,0.02840237164173037,231699.0,119.18892566006114,0.21856711316997718,0.000383530314135412,0.0,0.0,0.0,0.0,0.0,0.0,0.0,0.0,0.0,0.0,0.0,0.0,0.0,0.0
lendingclub_imb77,rf,random,0.0,9,0.7804116388645179,0.0010230212136694596,0.5187240251138582,0.010268432958812584,0.03426498412581501,0.0022665507572123315,0.03744805022771643,0.020536865917625227,253185.6,123.80751188841411,0.21864423540216285,0.0003587719453966604,0.0,0.0,0.0,0.0,0.0,0.0,0.0,0.0,0.0,0.0,0.0,0.0,0.0,0.0
lendingclub_imb77,rf,random,0.0,10,0.7822157219545339,0.0007333749946338715,0.5377959587301129,0.015495658424646527,0.03539922012236845,0.0026541965782063866,0.07559191746022569,0.030991316849293012,274646.0,126.83256679575636,0.2184768368475647,0.00012777882794448597,0.0,0.0,0.0,0.0,0.0,0.0,0.0,0.0,0.0,0.0,0.0,0.0,0.0,0.0
lendingclub_imb77,rf,random,0.01,0,0.7775666666666667,0.005286710277247573,0.5420361171326816,0.026564139283849538,0.057694965182330984,0.008786632759709732,0.08407223426536337,0.05312827856769912,60000.0,0.0,0.22374666666666668,0.001889789817825133,0.0,0.0,0.0,0.0,0.0,0.0,0.0,0.0,0.0,0.0,0.0,0.0,0.0,0.0
lendingclub_imb77,rf,random,0.01,1,0.7772030320516097,0.0036014595818674197,0.5333968584573443,0.01657718003236968,0.04783314631175594,0.004096812998307958,0.06679371691468847,0.033154360064739326,81452.6,50.77696328060544,0.22161620090019865,0.0014610022380421076,5.4,0.5477225575051663,2.6,0.8944271909999159,2.6,0.8944271909999159,2.6,0.8944271909999159,0.48,0.14452988925785865,0.5178563983590835,0.011875919136699702,0.5508,0.007963807018142898
lendingclub_imb77,rf,random,0.01,2,0.7804243596789877,0.0016761486935762526,0.5334946683354678,0.018043431721111634,0.04266100495422108,0.0032562815017360093,0.06698933667093562,0.03608686344222325,102911.0,93.0080641664995,0.22031874670585044,0.0006034117206077155,5.4,0.5477225575051663,3.0,0.7071067811865476,3.0,0.7071067811865476,5.6,1.140175425099138,0.5599999999999999,0.15165750888103102,0.5273804843727522,0.02381408402976661,0.5587333333333333,0.024585903820414364
lendingclub_imb77,rf,random,0.01,3,0.7792620629400011,0.0024024368040354367,0.5389271677906703,0.017303703674031348,0.03947846386625823,0.0038011002210775477,0.07785433558134065,0.03460740734806269,124367.6,84.06426113396974,0.21975999434665822,0.0008064975162842449,5.6,0.5477225575051662,2.8,1.6431676725154982,2.8,1.6431676725154982,8.4,2.701851217221259,0.48666666666666664,0.2804757862395017,0.5561506486776482,0.009088081029941672,0.5534666666666667,0.013041813098219498
lendingclub_imb77,rf,random,0.01,4,0.7821377793241687,0.0017299618411521789,0.5394083992832921,0.03309724416532698,0.03843812747905032,0.0034336724049516226,0.07881679856658412,0.06619448833065396,145847.0,104.27128080157425,0.2191914903387012,0.000534244927620642,5.2,0.44721359549995787,2.2,1.3038404810405297,2.2,1.3038404810405297,10.6,3.646916505762094,0.4133333333333333,0.21807236311728165,0.5454985264721868,0.015085547876102076,0.5462666666666667,0.011875277774528951
lendingclub_imb77,rf,random,0.01,5,0.7818913085651229,0.0018800772155492238,0.5262229357519649,0.021208175913309722,0.037277887374651694,0.001267180862228156,0.05244587150392986,0.042416351826619396,167318.6,129.69309927671515,0.2187648160493966,0.00049267921342869,5.2,0.44721359549995787,2.2,1.9235384061671346,2.2,1.9235384061671346,12.8,2.588435821108957,0.42000000000000004,0.37682887362833545,0.5509856327078339,0.024369643347397083,0.5602,0.015172343260024116
lendingclub_imb77,rf,random,0.01,6,0.7824690485071082,0.002233557484142332,0.5330527976860259,0.018299319783116344,0.035613314430360685,0.0017106246841056356,0.06610559537205171,0.03659863956623266,188798.0,114.73665499743315,0.21855105034532074,0.000514259538175045,5.2,0.44721359549995804,2.6,0.8944271909999159,2.6,0.8944271909999159,15.4,3.2093613071762426,0.5,0.1732050807568877,0.5417313632110883,0.026441280032708236,0.5471333333333334,0.01684504543049838
lendingclub_imb77,rf,random,0.01,7,0.7816872027981625,0.002222539085731218,0.536075593678188,0.01714185761958703,0.03569602654680006,0.002740460776820704,0.07215118735637618,0.03428371523917409,210291.2,104.26984223638422,0.21863588376972415,0.0003098962691979501,5.0,0.0,2.8,1.0954451150103321,2.8,1.0954451150103321,18.2,2.949576240750525,0.5599999999999999,0.21908902300206642,0.5400733624400595,0.010522203485584278,0.5376,0.016087262041752152
lendingclub_imb77,rf,random,0.01,8,0.782014113594499,0.0011370642137285129,0.5328277779536872,0.010554156107294752,0.034746453431280536,0.0013732438962752247,0.06565555590737454,0.02110831221458945,231755.2,119.32183371034527,0.2186116412192325,0.00036401214755838146,5.4,0.547722557505166,3.6,1.140175425099138,3.6,1.140175425099138,21.8,2.280350850198276,0.6733333333333333,0.23851391759997756,0.5659415998007091,0.022566433494248837,0.5509333333333334,0.016325508329673017
lendingclub_imb77,rf,random,0.01,9,0.781991059638428,0.0009761922048835027,0.5438500228741061,0.01657928783480914,0.03542012057256265,0.0017176032787170556,0.08770004574821211,0.03315857566961829,253235.4,136.84041800579257,0.2186904502195433,0.0003579436250864246,5.2,0.44721359549995804,3.2,1.0954451150103321,3.2,1.0954451150103321,25.0,1.7320508075688776,0.6266666666666667,0.23851391759997756,0.5625162250749834,0.013085207702695266,0.5488666666666667,0.013726697425900472
lendingclub_imb77,rf,random,0.01,10,0.7812303770576093,0.001191608291145709,0.5158531824528109,0.008880965950240578,0.03332875465476569,0.0021219975197048174,0.03170636490562172,0.01776193190048123,274716.0,128.9282746336117,0.2185281784748887,0.00013227563428902604,5.0,0.0,2.0,0.7071067811865476,2.0,0.7071067811865476,27.0,1.4142135623730951,0.4,0.14142135623730948,0.5389612178774495,0.023646011226061883,0.5376000000000001,0.01614930339054911
lendingclub_imb77,rf,random,0.02,0,0.7775666666666667,0.005286710277247573,0.5420361171326816,0.026564139283849538,0.057694965182330984,0.008786632759709732,0.08407223426536337,0.05312827856769912,60000.0,0.0,0.22374666666666668,0.001889789817825133,0.0,0.0,0.0,0.0,0.0,0.0,0.0,0.0,0.0,0.0,0.0,0.0,0.0,0.0
lendingclub_imb77,rf,random,0.02,1,0.7777676258594253,0.0013864824176182768,0.5302925904496184,0.014088600894829014,0.046376712546206886,0.0014294176254653248,0.06058518089923677,0.028177201789657984,81457.8,50.36566290639015,0.2216364374222636,0.0014422294259394315,10.6,0.8944271909999159,5.4,2.3021728866442674,5.4,2.3021728866442674,5.4,2.3021728866442674,0.5027272727272727,0.18100956552049222,0.5178563983590835,0.011875919136699702,0.5483030303030303,0.009331685214578613
lendingclub_imb77,rf,random,0.02,2,0.7803734024803416,0.002620380214731779,0.5425133679258682,0.017785057602952598,0.044676741808453026,0.005701677801922789,0.08502673585173647,0.03557011520590521,102922.2,99.29853976771429,0.2203567686577194,0.0006804264449139219,10.4,1.1401754250991378,6.0,1.224744871391589,6.0,1.224744871391589,11.4,2.9664793948382653,0.5828282828282829,0.1426997836088623,0.5275723196344285,0.029064090388167037,0.5509565656565656,0.01434419972349737
lendingclub_imb77,rf,random,0.02,3,0.7810637783634764,0.002783929836110053,0.5349645562341652,0.020315029060877354,0.041227187614236493,0.0034945640229250697,0.06992911246833022,0.0406300581217547,124378.0,85.20856764433807,0.21981545632332683,0.0008401676211520997,10.6,0.5477225575051662,6.6,1.5165750888103102,6.6,1.5165750888103102,18.0,3.5355339059327378,0.6181818181818182,0.11409000361828305,0.5521244653747401,0.022609949237317913,0.5518727272727273,0.01792703300595761
lendingclub_imb77,rf,random,0.02,4,0.7823943977091389,0.002641823021024487,0.5122158561881988,0.009857943961682053,0.037912977516716725,0.0024891155859142343,0.024431712376397522,0.01971588792336407,145869.2,109.66175267612536,0.2192581420814023,0.000606072804542817,9.8,0.8366600265340758,5.8,1.3038404810405297,5.8,1.3038404810405297,23.8,3.271085446759226,0.5935353535353535,0.14015055964730253,0.5509634407989987,0.02982057158213108,0.5394,0.011483106217181025
lendingclub_imb77,rf,random,0.02,5,0.7839089523668917,0.001447585222580365,0.5259309192975039,0.00875452517069335,0.036476565893804595,0.00159650159761944,0.051861838595007724,0.017509050341386667,167320.4,108.10550402268922,0.21880299853946483,0.00053167307733737,10.8,0.8366600265340758,5.6,3.0495901363953815,5.6,3.0495901363953815,29.4,4.277849927241487,0.5060606060606061,0.2587672974570811,0.5450434723638106,0.01785289278867579,0.5537484848484849,0.015164712434265237
lendingclub_imb77,rf,random,0.02,6,0.7826925927000075,0.0015930184486478744,0.540486528554694,0.01920242094514543,0.03616668842694867,0.0019026073574813982,0.08097305710938808,0.038404841890290795,188803.0,107.10042016724086,0.21856534302353578,0.0004852281617233654,10.2,0.44721359549995776,6.2,1.0954451150103324,6.2,1.0954451150103324,35.6,4.878524367060187,0.6054545454545455,0.08069942189517143,0.5542466395560538,0.021465970291080234,0.5541272727272727,0.010837187278033593
lendingclub_imb77,rf,random,0.02,7,0.781339110085628,0.0010853534747809284,0.5288095301215415,0.010555112664829067,0.034103412871928404,0.001256025104626767,0.05761906024308307,0.021110225329658134,210291.8,109.78251226858042,0.21862759662530268,0.0003110156380685793,10.0,0.0,5.8,1.3038404810405297,5.8,1.3038404810405297,41.4,4.979959839195493,0.58,0.13038404810405294,0.5468869055691109,0.01236615127136431,0.5424,0.010737783756436917
lendingclub_imb77,rf,random,0.02,8,0.7818813924068309,0.001302000722044568,0.5329907545014431,0.01040232555571143,0.03488123306929799,0.0009141554676980095,0.0659815090028862,0.020804651111422923,231776.0,97.64732459212334,0.21865154654106136,0.00036991242184633214,10.2,0.44721359549995815,4.6,1.1401754250991378,4.6,1.1401754250991378,46.0,4.47213595499958,0.45272727272727276,0.11981390528993889,0.5537094039407582,0.04136973187278773,0.5631454545454545,0.0020596477272414137
lendingclub_imb77,rf,random,0.02,9,0.7815658814602278,0.0013451575177671603,0.5267062359597083,0.022748916779939864,0.03565760694748472,0.0021286538921519303,0.053412471919416726,0.045497833559879707,253254.4,121.52489456897132,0.21873489276345576,0.0003027559215093106,10.0,0.7071067811865477,3.8,1.9235384061671346,3.8,1.9235384061671346,49.8,4.54972526643093,0.38707070707070707,0.197912016844836,0.553590884669388,0.026722193695885143,0.5451757575757575,0.007803645165536696
lendingclub_imb77,rf,random,0.02,10,0.7826324411003392,0.0007498225610193971,0.5248123393139928,0.018369803926051417,0.03512272923912614,0.0019471003927774059,0.049624678627985655,0.03673960785210287,274725.6,145.2542598342635,0.21856278668075751,7.749328587722007e-05,10.2,0.44721359549995804,4.6,2.3021728866442674,4.6,2.3021728866442674,54.4,4.560701700396551,0.44727272727272727,0.214880324178386,0.536277650454412,0.01709505245737942,0.5580545454545455,0.015119715113849373
lendingclub_imb77,rf,random,0.05,0,0.7775666666666667,0.005286710277247573,0.5420361171326816,0.026564139283849538,0.057694965182330984,0.008786632759709732,0.08407223426536337,0.05312827856769912,60000.0,0.0,0.22374666666666668,0.001889789817825133,0.0,0.0,0.0,0.0,0.0,0.0,0.0,0.0,0.0,0.0,0.0,0.0,0.0,0.0
lendingclub_imb77,rf,random,0.05,1,0.779319693006717,0.0022995326174787586,0.5352070016413804,0.024834082316249194,0.049234539838200565,0.004101443213178928,0.07041400328276079,0.04966816463249841,81472.6,48.44894219691297,0.22169924529220725,0.0014726398907991833,25.4,2.7928480087537877,13.8,3.63318042491699,13.8,3.63318042491699,13.8,3.63318042491699,0.555200668896321,0.16626433244844255,0.5178563983590835,0.011875919136699702,0.5521142140468227,0.00754087445869538
lendingclub_imb77,rf,random,0.05,2,0.7812593608599019,0.002263220279445176,0.5516764813912285,0.016416205471023605,0.04535124538131646,0.0010751746140803603,0.10335296278245683,0.03283241094204716,102944.6,73.47652686402458,0.22041969107895848,0.0006407694225394065,26.0,1.58113883008419,13.8,2.949576240750525,13.8,2.949576240750525,27.6,4.393176527297759,0.5294729344729345,0.10641111930755368,0.5278424816484093,0.023884226429877954,0.5579568742368742,0.011246254711065886
lendingclub_imb77,rf,random,0.05,3,0.7794111331859905,0.002612035879109764,0.5297279142497375,0.029874527960115894,0.03998672379577093,0.0032511715093861424,0.05945582849947499,0.05974905592023179,124430.4,74.68132296632274,0.2199271226879668,0.0007336014826439448,25.0,2.1213203435596424,14.0,1.8708286933869707,14.0,1.8708286933869707,41.6,3.714835124201342,0.5678047138047138,0.12466612304893825,0.555640489784192,0.01687116538571008,0.5473028619528619,0.004620792622002663
lendingclub_imb77,rf,random,0.05,4,0.7817553056087686,0.0010218531051555011,0.5122580786594233,0.03234085810427086,0.03951717392673843,0.004023520963229879,0.02451615731884649,0.0646817162085418,145926.2,99.2154221882831,0.21936572395602805,0.0005624081219000596,24.6,2.302172886644268,13.6,2.3021728866442674,13.6,2.3021728866442674,55.2,5.403702434442518,0.5555979672501412,0.10023797555243825,0.5489702324992318,0.030511979065553394,0.5507913721061547,0.007783055737841395
lendingclub_imb77,rf,random,0.05,5,0.7818727591513223,0.0008395990779869548,0.5205066850308582,0.01905801721486887,0.037692561627526364,0.0036055159143415206,0.041013370061716306,0.038116034429737704,167382.6,103.73668589269599,0.21892358906545994,0.000539100401281715,26.6,1.8165902124584954,14.2,3.3466401061363023,14.2,3.3466401061363023,69.4,4.159326868617084,0.5318302387267904,0.10557834067088775,0.539799754168065,0.018614168842932145,0.5550063120149327,0.00958134398587735
lendingclub_imb77,rf,random,0.05,6,0.7821465299661815,0.0022818089337946585,0.5161201155065778,0.01223439442505242,0.03529438093714711,0.0032563251104846236,0.032240231013155395,0.024468788850104867,188864.4,106.52605315133289,0.21870915910672273,0.0005478158710685779,25.4,1.5165750888103098,15.6,1.140175425099138,15.6,1.140175425099138,85.0,4.0,0.614952380952381,0.04465488726798109,0.5413219510500797,0.03282613427628777,0.5429238095238095,0.008724266987381784
lendingclub_imb77,rf,random,0.05,7,0.7837023707714532,0.0019475898988351985,0.5272145692660849,0.019582474893587967,0.03720936750931929,0.001736674017784668,0.054429138532169755,0.03916494978717585,210379.4,97.10200821816241,0.21881606415436267,0.0002964682906196184,23.4,1.1401754250991383,12.4,1.9493588689617927,12.4,1.9493588689617927,97.4,5.72712842531054,0.5320303030303031,0.09819734854720387,0.536642638777163,0.017382070728212382,0.5522129117259552,0.008051060242759605
lendingclub_imb77,rf,random,0.05,8,0.7819980559775785,0.0010766452626284678,0.5227533580592306,0.03209401965632236,0.03519547718097653,0.002501079401599593,0.04550671611846134,0.0641880393126447,231857.4,112.50688867798074,0.2188128100785006,0.00041002938714664267,25.4,0.8944271909999162,13.6,1.140175425099138,13.6,1.140175425099138,111.0,5.70087712549569,0.5351025641025641,0.03482420395073091,0.554386044024129,0.02590993659747709,0.5489900000000001,0.007567686482553659
lendingclub_imb77,rf,random,0.05,9,0.7814550765686373,0.0015010366956953118,0.5383956093280922,0.01641197099189728,0.035663512761453436,0.001584186967439104,0.07679121865618435,0.03282394198379445,253342.2,137.74505435767816,0.218883238553692,0.0003707961076241195,25.2,1.7888543819998313,14.2,3.701351104664349,14.2,3.701351104664349,125.2,4.604345773288536,0.55785346215781,0.11234358860213359,0.5614900860408277,0.02527650502221591,0.5564231723027375,0.005504223591643674
lendingclub_imb77,rf,random,0.05,10,0.7817799183703448,0.0027540183245860946,0.5290538936039045,0.015374015458749063,0.03685976195606895,0.0017678876226842803,0.05810778720780892,0.030748030917498052,274831.6,136.49835163840618,0.2187273359813387,0.00016186606217849414,24.8,0.44721359549995815,12.6,2.701851217221259,12.6,2.701851217221259,137.8,5.1672042731055265,0.5083333333333333,0.10930334954713065,0.5327548903560888,0.015477336754960085,0.54338,0.008823944696109554
lendingclub_imb77,rf,random,0.1,0,0.7775666666666667,0.005286710277247573,0.5420361171326816,0.026564139283849538,0.057694965182330984,0.008786632759709732,0.08407223426536337,0.05312827856769912,60000.0,0.0,0.22374666666666668,0.001889789817825133,0.0,0.0,0.0,0.0,0.0,0.0,0.0,0.0,0.0,0.0,0.0,0.0,0.0,0.0
lendingclub_imb77,rf,random,0.1,1,0.779350040292351,0.00345533749910494,0.5250566822552515,0.03901048361965867,0.0473894224676399,0.0037214234674975625,0.050113364510503,0.07802096723931734,81497.8,46.06734201144933,0.22177550004841606,0.0014746925140564607,50.6,5.176871642217915,25.6,3.6469165057620936,25.6,3.6469165057620936,25.6,3.6469165057620936,0.5048582374392986,0.03705939181183493,0.5178563983590835,0.011875919136699702,0.5503014426619807,0.005578386723056643
lendingclub_imb77,rf,random,0.1,2,0.7795845932310624,0.002626535017780956,0.5344369006993929,0.012333951921489802,0.04232067238044822,0.0035517649043704975,0.06887380139878571,0.02466790384297953,102993.4,81.83703318180433,0.22051530131020605,0.0006379246561498682,51.2,4.549725266430931,25.8,4.764451699828638,25.8,4.764451699828638,51.4,7.668115805072325,0.5018787872626911,0.06559305290824566,0.5321495089772315,0.01894148519274932,0.5503343442404035,0.005795832351599878
lendingclub_imb77,rf,random,0.1,3,0.7792484798684207,0.0021195643656080542,0.5361571413710559,0.03321994946439314,0.04106708838069731,0.003767874271423426,0.0723142827421118,0.0664398989287863,124500.4,82.57299800782134,0.2200751135965992,0.0007613771254574618,50.0,3.9370039370059056,25.2,4.08656334834051,25.2,4.08656334834051,76.6,8.619744775803982,0.5043253968253969,0.07442359549998492,0.547045381983659,0.01617117763438185,0.54849268707483,0.008221342343942077
lendingclub_imb77,rf,random,0.1,4,0.7818113371137765,0.001812614723615418,0.5421470030878744,0.024082033833167888,0.04117215770404982,0.0029473383006961775,0.08429400617574885,0.04816406766633574,146022.2,102.46316411276484,0.21955310196505734,0.0005014154859579799,48.2,2.774887385102322,27.0,3.4641016151377544,27.0,3.4641016151377544,103.6,7.162401831787992,0.5620194275002071,0.07976788049261065,0.5485134816874617,0.01807816585009338,0.558669599630955,0.005039693383519254
lendingclub_imb77,rf,random,0.1,5,0.7827165288677094,0.0017277475801574249,0.5282231727706881,0.013318568622236559,0.038898559029127075,0.0020165689089789284,0.056446345541376064,0.026637137244473044,167526.4,103.64506741760913,0.219152510719438,0.00048093275022801317,50.4,2.966479394838265,27.8,3.3466401061363027,27.8,3.3466401061363027,131.4,8.561541917201597,0.551308641570728,0.05640517413713203,0.5498714894580435,0.0062764446402165525,0.5572587321917482,0.006638683157051965
lendingclub_imb77,rf,random,0.1,6,0.7827147390363797,0.0029249369228838717,0.5450024866891771,0.01716002980247669,0.037731324769849986,0.0023245654950492384,0.09000497337835418,0.0343200596049534,189044.2,103.91198198475129,0.2189626586080166,0.00042222441203046787,48.8,0.44721359549995765,27.2,3.1144823004794873,27.2,3.1144823004794873,158.6,10.16366075781753,0.5577380952380953,0.0677185279705381,0.5432199923197704,0.026147038939696318,0.553595238095238,0.004418424952361497
lendingclub_imb77,rf,random,0.1,7,0.7819884700829046,0.0028623308682598487,0.5330540931658325,0.010388932661928954,0.03737634225947421,0.0018809687899155507,0.06610818633166503,0.02077786532385786,210578.6,99.54295555186253,0.21905461730936643,0.00020955768485386752,46.8,3.1937438845342627,23.4,2.966479394838265,23.4,2.966479394838265,182.0,10.8397416943394,0.5042076405030097,0.09276685800283524,0.541678164860216,0.02008899861651457,0.5526017045115919,0.0030719609380807865
lendingclub_imb77,rf,random,0.1,8,0.7811399646732118,0.0010371826434487602,0.5228918417057813,0.018487330039669153,0.03637903466057848,0.003125577211603969,0.04578368341156264,0.03697466007933824,232082.0,113.0862502694293,0.21903981494252417,0.0002999093516449345,50.2,2.683281572999747,28.0,3.391164991562634,28.0,3.391164991562634,210.0,13.546217184144064,0.557626932542437,0.05781714695583874,0.5682314334174257,0.02374890851648988,0.5503364094150311,0.005265176794174001
lendingclub_imb77,rf,random,0.1,9,0.781783317790891,0.0020442697879918376,0.5253386209033092,0.009982236589159728,0.03796507318441352,0.0024101909653959043,0.05067724180661848,0.019964473178319446,253598.2,119.13102030957033,0.21911657489677938,0.0003638894797605119,48.6,3.361547262794323,25.4,1.8165902124584952,25.4,1.8165902124584952,235.4,13.84918770181125,0.5247279715668773,0.05367844783407418,0.5660614193951764,0.029797890200404208,0.5442054534343288,0.005015288478680093
lendingclub_imb77,rf,random,0.1,10,0.7800983179302186,0.0008367910880456953,0.5283645000175791,0.019267185124949186,0.0368477459912535,0.0012652521574956154,0.05672900003515822,0.03853437024989835,275106.4,116.54741524374687,0.21896324468189107,0.00013952121599252243,50.0,2.0,27.2,2.4899799195977463,27.2,2.4899799195977463,262.6,15.469324484281783,0.5457685856666725,0.06633013881728486,0.5356469521331517,0.026590580906792362,0.5532506416641944,0.003170331534160674
lendingclub_imb77,rf,random,0.15,0,0.7775666666666667,0.005286710277247573,0.5420361171326816,0.026564139283849538,0.057694965182330984,0.008786632759709732,0.08407223426536337,0.05312827856769912,60000.0,0.0,0.22374666666666668,0.001889789817825133,0.0,0.0,0.0,0.0,0.0,0.0,0.0,0.0,0.0,0.0,0.0,0.0,0.0,0.0
lendingclub_imb77,rf,random,0.15,1,0.779772988102484,0.0038390666901836007,0.5467655910501463,0.019921991168759284,0.04921475595109733,0.003302857294419505,0.09353118210029258,0.03984398233751861,81523.2,43.27470392735252,0.2218854868750916,0.001484880925157267,76.0,7.968688725254616,40.2,5.9329587896765315,40.2,5.9329587896765315,40.2,5.9329587896765315,0.5279516824704904,0.04648666112414916,0.5178563983590835,0.011875919136699702,0.5521203209616742,0.005359701051249218
lendingclub_imb77,rf,random,0.15,2,0.7787131659451548,0.0016770651445800278,0.5426411502172309,0.030385352481349548,0.04339491900585598,0.0034130426407526747,0.08528230043446183,0.06077070496269906,103062.6,73.80582632827831,0.2207805801408056,0.000616349871290996,73.2,6.833739825307957,34.8,7.190271204899019,34.8,7.190271204899019,75.0,12.267844146385297,0.4716678876678877,0.06055057059042308,0.5161363065092519,0.01392339799583844,0.5529004945054945,0.005590954396518298
lendingclub_imb77,rf,random,0.15,3,0.7792715117843126,0.002825801260710857,0.5344774519796596,0.016361434700811642,0.04209930171713212,0.002538124417343659,0.06895490395931912,0.03272286940162328,124604.8,79.02974123708293,0.22041712304438077,0.0007919768479314846,73.0,3.464101615137754,41.4,4.33589667773576,41.4,4.33589667773576,116.4,14.467204291085407,0.5672075702075702,0.0547753925780871,0.5476421105721055,0.014963353405061795,0.5506048351648352,0.0038803419856138915
lendingclub_imb77,rf,random,0.15,4,0.781767151332319,0.002110157808989299,0.5108944763257511,0.025432570868211837,0.04163248107324258,0.0025185171055823394,0.021788952651502404,0.05086514173642366,146140.4,87.01321738678925,0.21986952788593875,0.0005503729114550532,74.2,4.324349662087932,41.8,5.540758070878026,41.8,5.540758070878026,158.2,14.669696656713803,0.5624315949420178,0.057655902568640435,0.5512826175806259,0.01653396240001159,0.5512084139918715,0.00576707930810191
lendingclub_imb77,rf,random,0.15,5,0.7806920327636245,0.002308856619603003,0.5145648335068538,0.009987551120104144,0.03929424341995569,0.0039701335609725955,0.029129667013707512,0.019975102240208306,167652.8,90.05664883838071,0.21944414429539302,0.0005237844084506512,78.2,4.604345773288536,45.0,2.0,45.0,2.0,203.2,13.217412757419664,0.5775162872723849,0.0489897266705276,0.5542249820704817,0.013900420327308594,0.5517867144940316,0.0029365877079433594
lendingclub_imb77,rf,random,0.15,6,0.7808017250876025,0.002267368151773212,0.5190037135316914,0.02429153390312037,0.038442051003785824,0.0017438186189530555,0.038007427063382664,0.04858306780624075,189188.4,125.84434830376443,0.2192513689694647,0.00042921764229010334,74.0,6.442049363362565,40.4,3.646916505762094,40.4,3.646916505762094,243.6,15.372052563011877,0.5488194243579658,0.06398515991390075,0.5416476160371199,0.026675611777821243,0.5490132347721662,0.003593980672505624
lendingclub_imb77,rf,random,0.15,7,0.7817391037270659,0.0021159276195935575,0.5188071306354958,0.01789843491265698,0.03835985014609541,0.0019352314598968486,0.03761426127099168,0.035796869825313986,210725.8,113.83189359753638,0.21931064035714315,0.0002691551753757895,73.4,2.9664793948382657,38.8,4.381780460041328,38.8,4.381780460041328,282.4,12.421755109484325,0.5280737831653164,0.04849798745836118,0.5471235947819215,0.021677730544277535,0.5514244713821373,0.007970258044692842
lendingclub_imb77,rf,random,0.15,8,0.7807903125929581,0.0011782707277497016,0.5341510881744123,0.020896279510527634,0.038579341291854516,0.0008888684057744593,0.06830217634882449,0.04179255902105535,232241.2,135.31888264392396,0.21933139072203164,0.0003991449413784313,77.4,5.813776741499454,45.8,6.099180272790761,45.8,6.099180272790761,328.2,16.873055443517043,0.5919221157074117,0.06517355071744424,0.554019442562139,0.025476578588248512,0.5491835447051363,0.003951333630567777
lendingclub_imb77,rf,random,0.15,9,0.7808489717026714,0.0015636622733537424,0.5329165748217776,0.012908031335785905,0.04009894396686305,0.0017167423042100752,0.06583314964355516,0.02581606267157186,253781.0,162.82352409894227,0.21945198807602617,0.0004481893051976496,73.4,6.348228099241551,42.8,5.019960159204453,42.8,5.019960159204453,371.0,21.106870919205434,0.5826959456872994,0.0424060845375775,0.5533743448794347,0.015337329389735027,0.5504537173554198,0.0031837956770074402
lendingclub_imb77,rf,random,0.15,10,0.7815421239956963,0.0022147930255016885,0.5343172412473141,0.010188446605028285,0.038983331738294116,0.0009198764618380998,0.06863448249462825,0.02037689321005656,275305.0,159.60106515935286,0.2192977808276589,0.00019344089427078025,76.4,1.67332005306815,38.4,3.714835124201342,38.4,3.714835124201342,409.4,23.373061416938942,0.5021857116900421,0.041680165784504744,0.525790618880649,0.017220454498380184,0.5503362164905935,0.009617015965468328
lendingclub_imb77,rf,random,0.2,0,0.7775666666666667,0.005286710277247573,0.5420361171326816,0.026564139283849538,0.057694965182330984,0.008786632759709732,0.08407223426536337,0.05312827856769912,60000.0,0.0,0.22374666666666668,0.001889789817825133,0.0,0.0,0.0,0.0,0.0,0.0,0.0,0.0,0.0,0.0,0.0,0.0,0.0,0.0
lendingclub_imb77,rf,random,0.2,1,0.7804655071806279,0.0018000997600794765,0.550640317940384,0.03379330986001849,0.050839081124797944,0.004161128802393819,0.10128063588076808,0.067586619720037,81548.4,40.89376480589721,0.2220131218315622,0.0014293190718588104,101.2,10.35374328443583,56.2,9.230384607371462,56.2,9.230384607371462,56.2,9.230384607371462,0.5540085359862441,0.05106609446792683,0.5178563983590835,0.011875919136699702,0.5531200742115905,0.0018257270410366286
lendingclub_imb77,rf,random,0.2,2,0.7813774408002085,0.0017341334424727944,0.5460004862503421,0.03774749551152704,0.04687093131721644,0.0037624383320425466,0.09200097250068437,0.07549499102305401,103108.0,69.94283380018113,0.22097621708397144,0.0005898020158384062,98.6,8.561541917201598,52.8,5.357238094391549,52.8,5.357238094391549,109.0,12.509996003196804,0.535267849936391,0.023538260778390982,0.5183704208241271,0.01843636430306058,0.555435992203656,0.0044415791904327895
lendingclub_imb77,rf,random,0.2,3,0.7791446676514416,0.003066153745495185,0.538836850799378,0.01575174538610478,0.043667099442347805,0.00285717015662436,0.07767370159875608,0.03150349077220961,124667.4,73.27550750421518,0.220577454221573,0.0007279622624734791,98.4,8.905054744357274,51.2,7.259476565152615,51.2,7.259476565152615,160.2,13.553597308463905,0.5189052810025714,0.03485804910581472,0.5510943427184761,0.01148340595652691,0.5504626890559245,0.0029357067545555796
lendingclub_imb77,rf,random,0.2,4,0.782463430889325,0.0028656015849771984,0.5303354555276383,0.024697883488157765,0.04309108600664978,0.002895410602246096,0.060670911055276576,0.049395766976315585,146231.0,94.8762351698287,0.22009157457246475,0.0004879922836404008,97.4,6.348228099241551,53.0,2.0000000000000004,53.0,2.0000000000000004,213.2,15.254507530562895,0.5452816535283652,0.025768964527760473,0.5424210110552258,0.017027033717436232,0.5507113982229802,0.0029146455939514366
lendingclub_imb77,rf,random,0.2,5,0.7815888557813487,0.0021548409815391753,0.5238669180696915,0.021118655317535547,0.04166840871153045,0.0017694345314464455,0.04773383613938303,0.042237310635071065,167759.2,82.97409234212469,0.2196398738056904,0.000472392283936975,106.6,8.384509526501832,54.8,8.671793355471522,54.8,8.671793355471522,268.0,14.19506956657839,0.5116200740915271,0.048207431229462944,0.5514205295059396,0.02396208703339957,0.5496897577155571,0.0019868415453420498
lendingclub_imb77,rf,random,0.2,6,0.781834089303777,0.0013044106366049716,0.5378833463997659,0.01554280272482842,0.04068751821872901,0.0012778524134857239,0.07576669279953177,0.031085605449656783,189316.4,109.08162081671074,0.21948015880788369,0.0004813711999132124,99.2,7.694153624668538,55.2,6.534523701081817,55.2,6.534523701081817,323.2,20.620378270051205,0.5553772097770745,0.03094031598678903,0.5375701272247219,0.02021977612118424,0.5536832281882635,0.004679795635360264
lendingclub_imb77,rf,random,0.2,7,0.7808186210289765,0.001999414525887983,0.5418016418171915,0.014868086426104364,0.03988703641286468,0.0023235044110163435,0.08360328363438278,0.02973617285220872,210890.2,119.13102030957275,0.21958442042003626,0.0003122611946590591,95.2,4.08656334834051,53.0,4.69041575982343,53.0,4.69041575982343,376.2,19.715476154534034,0.5567898105821523,0.042939863426601645,0.5471969984197139,0.033525383833337384,0.551193067058126,0.0028504253042967685
lendingclub_imb77,rf,random,0.2,8,0.7822940324365376,0.0013365968349427946,0.5389825378538744,0.016765481103740563,0.04175906831419967,0.0012707412724742401,0.07796507570774877,0.03353096220748113,232448.8,137.3397247703643,0.21962846876276365,0.0003877172199044749,98.8,5.630275304103699,54.0,4.58257569495584,54.0,4.58257569495584,430.2,20.825465180878915,0.5478666449377089,0.05376770941072561,0.5535819373790389,0.02727220120175928,0.5525283971728402,0.00400590174328372
lendingclub_imb77,rf,random,0.2,9,0.780959226664421,0.0019761758227715867,0.5431755184895015,0.020602760330545842,0.041278140838390376,0.001878131704308163,0.086351036979003,0.04120552066109176,254000.8,161.389900551429,0.2197141046155183,0.00037804104046263776,100.6,6.913754406977442,56.6,5.813776741499454,56.6,5.813776741499454,486.8,26.262140049889307,0.5624981301125545,0.04045916617264314,0.5640263072895608,0.0091117703530355,0.5507148659862252,0.003636868804744531
lendingclub_imb77,rf,random,0.2,10,0.7802001331504075,0.001520980156360141,0.5199887093363849,0.012491804412016595,0.03941269271785693,0.001916517762093546,0.03997741867276967,0.024983608824033172,275553.2,160.61351126228388,0.21955102153848854,0.0001239299674682154,100.2,3.63318042491699,50.6,6.348228099241552,50.6,6.348228099241552,537.4,30.899838187278586,0.5042204493133287,0.05270524709822078,0.5356268399970076,0.02358045788780064,0.550652579736348,0.004111434101158148
lendingclub_imb77,rf,random,0.3,0,0.7775666666666667,0.005286710277247573,0.5420361171326816,0.026564139283849538,0.057694965182330984,0.008786632759709732,0.08407223426536337,0.05312827856769912,60000.0,0.0,0.22374666666666668,0.001889789817825133,0.0,0.0,0.0,0.0,0.0,0.0,0.0,0.0,0.0,0.0,0.0,0.0,0.0,0.0
lendingclub_imb77,rf,random,0.3,1,0.7784343290000526,0.002362182311085587,0.5340467857048289,0.022401122131005913,0.05282087572363954,0.00413483701809721,0.0680935714096578,0.0448022442620118,81598.8,35.77289476684803,0.2221259724366103,0.0015245385093972687,151.6,15.469324484281785,76.6,9.864076236526156,76.6,9.864076236526156,76.6,9.864076236526156,0.5050791462296919,0.04132006433156661,0.5178563983590835,0.011875919136699702,0.5522772745461604,0.0028997410891722776
lendingclub_imb77,rf,random,0.3,2,0.778558659182844,0.002945179787363341,0.5316255215277542,0.029281721970193263,0.046110228512411824,0.005558871147539312,0.06325104305550848,0.05856344394038649,103194.2,78.35942827764899,0.2211250307898438,0.0005949891680472679,153.6,21.384573879317774,81.4,7.536577472566708,81.4,7.536577472566708,158.0,16.792855623746668,0.5338686536763275,0.046297539518379505,0.5289915702680804,0.01501313754120935,0.5532531820278151,0.005504548601594126
lendingclub_imb77,rf,random,0.3,3,0.7791456044195212,0.0014334512201452853,0.5480432353031752,0.017238978017876275,0.04507125849170446,0.004299929162740032,0.09608647060635025,0.03447795603575254,124803.2,62.64742612430482,0.22089194640448923,0.0008428895105473547,147.6,7.46993975879324,83.2,7.049822692805827,83.2,7.049822692805827,241.2,12.497999839974398,0.5632239574830857,0.03072552920184825,0.54512393561321,0.011691673950891414,0.5513369550101879,0.0024401292272047395
lendingclub_imb77,rf,random,0.3,4,0.7798480394270555,0.0012770350694611926,0.5334185921081572,0.010487218447108477,0.04479802280931415,0.0012632640805609863,0.0668371842163145,0.020974436894216898,146415.2,100.47736063412849,0.22039938174116855,0.000563728263784052,146.2,16.146206984923737,76.6,2.8809720581775875,76.6,2.8809720581775875,317.8,14.411800720243109,0.5275489791010877,0.04146068402314053,0.5578007531932465,0.026116443310193208,0.5475372356859737,0.0016529381927310014
lendingclub_imb77,rf,random,0.3,5,0.7814817683290383,0.0019350550176881925,0.51793619935267,0.01790473341876089,0.04126681724089916,0.0014257753980210133,0.03587239870534007,0.035809466837521856,168002.0,95.23654760646947,0.22006655543153958,0.000492288453830071,157.0,5.19615242270663,84.8,3.4205262752974153,84.8,3.4205262752974153,402.6,12.856904759700141,0.5403042846768337,0.020375438392294293,0.542911722981968,0.012732299727442156,0.5524412999273783,0.0025337872608831953
lendingclub_imb77,rf,random,0.3,6,0.7783298220366218,0.0026434488055296908,0.5227919401168416,0.02742214484415075,0.041230607042902725,0.00103145004191898,0.04558388023368325,0.054844289688301504,189608.6,102.74628947071498,0.21993940623367317,0.00045084238528761883,148.6,6.985699678629192,83.0,5.522680508593631,83.0,5.522680508593631,485.6,12.62141038077757,0.5583033770454335,0.01990883161833552,0.5404005870624946,0.03333015728773065,0.5518852092983936,0.003466861228586087
lendingclub_imb77,rf,random,0.3,7,0.781043159356865,0.003689174492205258,0.5335302742527174,0.02053796037100612,0.04085581362558053,0.0020353636857777767,0.0670605485054347,0.04107592074201223,211216.4,94.70374860585305,0.22004258622095393,0.0002479350952614995,148.2,10.497618777608567,83.6,10.876580344942981,83.6,10.876580344942981,569.2,14.359665734271125,0.5636350236469374,0.0565433013609124,0.552400574243251,0.008357957492274668,0.5547985998455232,0.004414417983648221
lendingclub_imb77,rf,random,0.3,8,0.7818674138247836,0.0021446735706073914,0.5406960369434375,0.009906171411033024,0.04271374480228642,0.0025170482252360625,0.0813920738868751,0.019812342822066044,232823.6,96.54946918548775,0.2201279571346631,0.0003684818555890069,148.2,8.1363382427232,81.2,3.0331501776206213,81.2,3.0331501776206213,650.4,12.621410380777567,0.5494579568761881,0.04100166506194073,0.545949442835435,0.01337551827409083,0.5499522457238625,0.005092780546117709
lendingclub_imb77,rf,random,0.3,9,0.7811263214273675,0.0012191632490173815,0.535704195493098,0.014965075613503796,0.04411549950219264,0.001938940324896002,0.07140839098619607,0.02993015122700755,254424.2,108.56426668107977,0.22022185195515803,0.00039112949892544744,151.4,9.289779329994875,85.0,6.855654600401044,85.0,6.855654600401044,735.4,16.087262041752172,0.561429936720715,0.030454364904370788,0.5708507214444888,0.01642628068650928,0.5510827510990639,0.004642544452000251
lendingclub_imb77,rf,random,0.3,10,0.7809749255810913,0.0007242492845553288,0.5279683395390088,0.020301060822234672,0.041771391582435514,0.002206036305247806,0.05593667907801768,0.040602121644469316,276013.4,113.50903047775978,0.22006825024260207,0.0001714996304239066,156.2,7.259476565152611,86.6,4.827007354458867,86.6,4.827007354458867,822.0,16.10900369358702,0.5544739093388085,0.019266217123876068,0.5448494755948428,0.02473719505670128,0.5495108564986968,0.0028129360814939
lendingclub_imb77,rf,random,0.5,0,0.7775666666666667,0.005286710277247573,0.5420361171326816,0.026564139283849538,0.057694965182330984,0.008786632759709732,0.08407223426536337,0.05312827856769912,60000.0,0.0,0.22374666666666668,0.001889789817825133,0.0,0.0,0.0,0.0,0.0,0.0,0.0,0.0,0.0,0.0,0.0,0.0,0.0,0.0
lendingclub_imb77,rf,random,0.5,1,0.7774721030735474,0.003192390928456148,0.5315962543277967,0.02343706240497199,0.05214500453280342,0.0037798328825828465,0.06319250865559331,0.046874124809944025,81699.8,25.47940344670696,0.22255147662276492,0.001511476397773825,252.6,25.76431640855235,133.8,19.04468429772465,133.8,19.04468429772465,133.8,19.04468429772465,0.5283842750481282,0.0317963254566858,0.5178563983590835,0.011875919136699702,0.5518391688517191,0.0038207410805699954
lendingclub_imb77,rf,random,0.5,2,0.7782968880816943,0.0017226875263878303,0.5355667417197569,0.03886118250035638,0.04879561643593777,0.0035413234118053865,0.07113348343951388,0.07772236500071278,103401.4,43.21226677692384,0.2217901615656241,0.000744860633732075,251.0,19.30025906561878,134.0,9.565563234854494,134.0,9.565563234854494,267.8,26.583829671437478,0.5343364597106735,0.02143586032006287,0.528400245444388,0.014184465738748132,0.5522557649066416,0.0050157290937936395
lendingclub_imb77,rf,random,0.5,3,0.7783928995632423,0.0028312546768492815,0.5375644838054376,0.02209417108065486,0.04860139644725765,0.00478302558746908,0.0751289676108753,0.04418834216130973,125099.2,50.20159360020546,0.2216386079430676,0.000869653848383405,254.4,11.717508267545622,138.0,6.670832032063164,138.0,6.670832032063164,405.8,29.303583398622088,0.5428554139608668,0.024182498033372527,0.5468915407617099,0.012844960231570364,0.5507482692201076,0.0023453797267162643
lendingclub_imb77,rf,random,0.5,4,0.7799136467947484,0.0014818290479126379,0.5344377087746196,0.026363539185221826,0.047048185406395264,0.001850571205822828,0.06887541754923908,0.05272707837044367,146796.0,62.505999712027645,0.22129086429093253,0.0006062641086409167,255.6,14.467204291085414,140.4,8.08084154033477,140.4,8.08084154033477,546.2,34.97427626127524,0.5505395863739743,0.040827748525402906,0.5454678262272413,0.035278633534466274,0.5549535081038981,0.0024923217231489873
lendingclub_imb77,rf,random,0.5,5,0.7806078721971798,0.0017718710381193846,0.5402691351171331,0.00450551729328031,0.049360316153402306,0.0021246135975523254,0.08053827023426632,0.009011034586560697,168493.4,67.70376651265134,0.22106513589942497,0.0005488656188929076,255.2,12.735776379946373,140.4,11.717508267545622,140.4,11.717508267545622,686.6,43.575222317275674,0.5501309327304844,0.037336142250423136,0.5440071923179024,0.020536700939736564,0.5537360702427,0.0018836276769463116
lendingclub_imb77,rf,random,0.5,6,0.7805236985220052,0.003026080996738456,0.5445062606520803,0.017978306940924782,0.04664361190579408,0.0033633988728597633,0.08901252130416056,0.03595661388184948,190196.0,74.78636239315294,0.22097209737544166,0.0005006955076053526,249.8,17.59829537199555,139.6,11.631852818876276,139.6,11.631852818876276,826.2,47.6885730547686,0.5587275285798456,0.02190432222275202,0.5493558224075422,0.018999686453531228,0.5537204776499296,0.003032996152489739
lendingclub_imb77,rf,random,0.5,7,0.7809530067834314,0.0030533331286403957,0.5466683013992822,0.018294693046406886,0.047553253380400354,0.0010955223552347856,0.09333660279856455,0.036589386092813724,211896.2,79.02974123708319,0.22111772554434944,0.000262381788071559,252.2,11.25610945220417,136.4,6.426507605223853,136.4,6.426507605223853,962.6,47.621423750240815,0.5412298584243109,0.02506629769888077,0.5419838909639029,0.0108424754368574,0.5520461014751213,0.0012047196009865003
lendingclub_imb77,rf,random,0.5,8,0.7810507926430981,0.0008573990015993355,0.5439225093473403,0.021075938792814605,0.049255462501031896,0.0015557810616512794,0.08784501869468073,0.04215187758562921,233590.8,91.27540742171482,0.22118846422079877,0.0003274454647635177,258.0,23.569047498785356,135.6,8.5615419172016,135.6,8.5615419172016,1098.2,48.6024690730831,0.5269494492872402,0.025255986601931946,0.5530853126720146,0.028836868639341352,0.5524096428101621,0.0030484342874665237
lendingclub_imb77,rf,random,0.5,9,0.7801927034099894,0.0014726006594010432,0.5358221706437848,0.019411264035926905,0.046350279563122876,0.0017609422722750586,0.07164434128756954,0.038822528071853775,255276.0,104.79026672358796,0.22131015057789455,0.0003645889893694479,267.4,26.801119379608007,152.4,12.461942063739505,152.4,12.461942063739505,1250.6,48.21617985697331,0.5717963384699623,0.03935689147475237,0.5736914854927815,0.025137401341687945,0.5505415920151858,0.003438034689233913
lendingclub_imb77,rf,random,0.5,10,0.7803461522627317,0.0021770609484445705,0.5361986224508195,0.011036103780429622,0.047350440956872124,0.0009359065279805494,0.07239724490163899,0.02207220756085923,276969.6,108.2418588162648,0.2211787460319091,0.00013437267603985727,259.0,5.099019513592788,137.4,6.268971207462991,137.4,6.268971207462991,1388.0,48.692915295759384,0.530605550022825,0.025054568511450114,0.5424519234146163,0.01708228363547916,0.5511205539799138,0.0013046910294046458
lendingclub_imb77,rf,random,0.75,0,0.7775666666666667,0.005286710277247573,0.5420361171326816,0.026564139283849538,0.057694965182330984,0.008786632759709732,0.08407223426536337,0.05312827856769912,60000.0,0.0,0.22374666666666668,0.001889789817825133,0.0,0.0,0.0,0.0,0.0,0.0,0.0,0.0,0.0,0.0,0.0,0.0,0.0,0.0
lendingclub_imb77,rf,random,0.75,1,0.776067040470236,0.001836248341712714,0.5484808144814057,0.03880142647455157,0.05432012977762245,0.00650959394717605,0.09696162896281131,0.07760285294910316,81826.0,12.806248474864242,0.22298298459591265,0.0015148255855835491,378.8,38.44086367396029,197.2,21.87921387984495,197.2,21.87921387984495,197.2,21.87921387984495,0.5202200449286039,0.006763124860118359,0.5178563983590835,0.011875919136699702,0.5545390587564263,0.002615108965880068
lendingclub_imb77,rf,random,0.75,2,0.7771958499880375,0.0019093902209581554,0.542960562453338,0.016611897219424323,0.05174199282377244,0.0036042715543711415,0.085921124906676,0.03322379443884856,103655.2,21.684095554117135,0.22249153407882263,0.0007644777056709105,370.6,30.940265027953473,193.0,16.01561737804696,193.0,16.01561737804696,390.2,36.765472933174685,0.5210857854900697,0.018775612659142755,0.5236302880858181,0.01822485087497049,0.5529420621317327,0.003799263728083796
lendingclub_imb77,rf,random,0.75,3,0.7780594226783236,0.002622265676707498,0.5514965759566999,0.035362131294012375,0.05149250724511913,0.003804082893639726,0.10299315191339982,0.07072426258802475,125481.8,18.30846798615299,0.2225741495775698,0.0009269279867358116,377.4,17.68615277554732,203.2,13.590437814875576,203.2,13.590437814875576,593.4,40.905989781448866,0.5386536455252232,0.03123138249715862,0.5376982018211786,0.01831017052681723,0.5526476074335862,0.0021687959052451365
lendingclub_imb77,rf,random,0.75,4,0.7797989032439407,0.0025408757192617805,0.5474162638766487,0.021787302956459375,0.05299364162580189,0.002078942239381242,0.0948325277532973,0.043574605912918764,147308.6,27.573538039217027,0.22238895483499693,0.0006532330311152354,377.4,32.33109957919774,207.0,13.564659966250538,207.0,13.564659966250538,800.4,51.713634565750645,0.549789115714818,0.028855195220418905,0.5424346427909204,0.027468212682379138,0.5514971375346281,0.002651156523797114
lendingclub_imb77,rf,random,0.75,5,0.7787560670058417,0.0011965709361295997,0.5306122780007352,0.021049247564324275,0.05202901053308699,0.002891522760186978,0.061224556001470344,0.04209849512864854,169129.0,31.36080356113344,0.22225404365767115,0.000610841588413743,396.2,35.47111500925788,218.6,22.545509530724736,218.6,22.545509530724736,1019.0,64.20280367709809,0.5515426849062928,0.025837142007841332,0.5476210902408544,0.021501319260356085,0.5521385937156917,0.0026172456356504006
lendingclub_imb77,rf,random,0.75,6,0.7788116288631246,0.0021859218942807397,0.531984090805367,0.01671316462155875,0.05234300067846283,0.0018014830352664289,0.06396818161073423,0.0334263292431176,190952.4,34.93279261668392,0.22221874783506693,0.0005220597141605883,386.6,11.458621208504976,211.4,9.60728889958036,211.4,9.60728889958036,1230.4,71.22008143775183,0.5466585056346044,0.011568573504127258,0.5487820876889483,0.010153197832480242,0.5546617813037509,0.000764814477568333
lendingclub_imb77,rf,random,0.75,7,0.7787297967031617,0.0016265424132109467,0.5466523806246825,0.01376222279830224,0.052902495812143804,0.0024462943871742812,0.09330476124936485,0.027524445596604517,212774.2,37.69880634714674,0.2224132597217674,0.0003377367446474428,392.2,14.923136399564267,214.8,13.02689525558565,214.8,13.02689525558565,1445.2,63.56650061156425,0.548204453606969,0.03792540518446263,0.5497309147055074,0.019885564899686424,0.5544008268212364,0.003230765022587805
lendingclub_imb77,rf,random,0.75,8,0.7797531281722323,0.0013464659811891397,0.5439565779837212,0.019396050617251494,0.055373768207070795,0.002013092070698968,0.08791315596744256,0.03879210123450295,234594.2,39.625749204275415,0.2225553527791055,0.00031762316713879895,397.0,32.4037034920393,222.0,8.48528137423857,222.0,8.48528137423857,1667.2,63.46416311588772,0.5609093732237616,0.026646946661674237,0.5644075346841337,0.023140565801698293,0.5542348878690601,0.0034148904362368295
lendingclub_imb77,rf,random,0.75,9,0.7798702445946848,0.00046793700811706234,0.5454902434782753,0.009942706206526621,0.05507294852138019,0.002531729634646603,0.09098048695655073,0.019885412413053232,256414.2,42.42876382832623,0.22273177944686676,0.0002677019808291828,397.6,13.37161172035743,219.4,8.961026726887942,219.4,8.961026726887942,1886.6,55.96695453569004,0.5528310835262003,0.03987924523579228,0.564790969697336,0.02679444304005093,0.553082134111943,0.003588705869691572
lendingclub_imb77,rf,random,0.75,10,0.779290585382101,0.0021209085126557862,0.5402602765078386,0.01804315208418012,0.05489212095493873,0.0018796560458078117,0.08052055301567719,0.03608630416836027,278228.8,47.77760981883305,0.22266565591778303,5.862063204648483e-05,413.2,21.38223561744655,222.2,8.671793355471518,222.2,8.671793355471518,2108.8,64.26274192718522,0.5382616242249277,0.019346697269235574,0.5264851853281931,0.01553277389820691,0.5534265692133671,0.003016520117382734
lendingclub_imb77,rf,random,1.0,0,0.7775666666666667,0.005286710277247573,0.5420361171326816,0.026564139283849538,0.057694965182330984,0.008786632759709732,0.08407223426536337,0.05312827856769912,60000.0,0.0,0.22374666666666668,0.001889789817825133,0.0,0.0,0.0,0.0,0.0,0.0,0.0,0.0,0.0,0.0,0.0,0.0,0.0,0.0
lendingclub_imb77,rf,random,1.0,1,0.7758526020377037,0.0015506393785783233,0.5361386540392112,0.02274789306348107,0.05343300414979725,0.004747856954032284,0.07227730807842266,0.04549578612696212,81952.0,0.0,0.22342590784849667,0.001555905987421446,504.8,51.2415846749493,261.6,29.36494508763808,261.6,29.36494508763808,261.6,29.36494508763808,0.5178563983590835,0.011875919136699702,0.5178563983590835,0.011875919136699702,0.553356193668923,0.0027227085572350657
lendingclub_imb77,rf,random,1.0,2,0.7775564217313893,0.001098168659879334,0.5465129876030274,0.018282565629123,0.0535697919283704,0.003088461353231519,0.0930259752060546,0.036565131258245995,103904.0,0.0,0.22320411148752695,0.0008017483619773971,506.6,48.788318273947496,265.2,14.532721699667954,265.2,14.532721699667954,526.8,36.94184619100674,0.5252754656830373,0.02605790670368164,0.5252754656830373,0.02605790670368164,0.5514025620125148,0.004504039979843842
lendingclub_imb77,rf,random,1.0,3,0.7781582710948673,0.001754822404510344,0.5593384187883144,0.015888651680426958,0.056083659633068036,0.0026507528557697547,0.11867683757662872,0.03177730336085398,125856.0,0.0,0.22347285786931095,0.0009423749464664156,504.0,29.765752132274432,275.2,17.59829537199555,275.2,17.59829537199555,802.0,30.618621784789717,0.5459190112244716,0.005830040747536195,0.5459190112244716,0.005830040747536195,0.551920154217237,0.001898608203991252
lendingclub_imb77,rf,random,1.0,4,0.7800351802990326,0.0016715571595069,0.5416528178941089,0.02706898001379802,0.059982717808588014,0.0022739985408054774,0.08330563578821791,0.05413796002759604,147808.0,0.0,0.22340468716172332,0.0006586412945180192,500.2,34.18625454769795,275.8,27.949955277245074,275.8,27.949955277245074,1077.8,52.94997639281815,0.5508395168891506,0.028620381494460573,0.5508395168891506,0.028620381494460573,0.5521087510613049,0.0024966509339340876
lendingclub_imb77,rf,random,1.0,5,0.7780690386427899,0.0019710649127125763,0.5484014088999903,0.02588209700036548,0.0574272081346918,0.003768908600673694,0.09680281779998075,0.05176419400073091,169760.0,0.0,0.2233824222431668,0.0006220529919221759,551.8,46.622955719259146,298.0,31.614869919074472,298.0,31.614869919074472,1375.8,64.18099407145388,0.5393055669292238,0.0158636206230048,0.5393055669292238,0.0158636206230048,0.5539535724569629,0.0027392363926217254
lendingclub_imb77,rf,random,1.0,6,0.7775813055838092,0.002024751418346435,0.545747344377249,0.01630831900017241,0.05852537790634542,0.00377716962773995,0.091494688754498,0.03261663800034469,191712.0,0.0,0.22344141211817728,0.0005404276570043805,516.4,35.260459441136035,284.2,29.727092020579477,284.2,29.727092020579477,1660.0,88.09370011527498,0.5494506972193864,0.02586761697738534,0.5494506972193864,0.02586761697738534,0.5526762545346247,0.002272639436225495
lendingclub_imb77,rf,random,1.0,7,0.7783960873329745,0.0013784232196583882,0.555743070072741,0.015228331768168731,0.05993689843906456,0.003604967451238976,0.111486140145482,0.03045666353633745,213664.0,0.0,0.22371199640557138,0.0003610226313242271,521.8,29.777508290654534,284.0,11.18033988749895,284.0,11.18033988749895,1944.0,95.24967191544545,0.5448553875334732,0.0174030581056006,0.5448553875334732,0.0174030581056006,0.5534872597689917,0.0014902421147189432
lendingclub_imb77,rf,random,1.0,8,0.7778966131907309,0.0019181247730232062,0.5525369471151252,0.01786181900189267,0.06200524919752948,0.0011580409523957915,0.10507389423025046,0.03572363800378535,235616.0,0.0,0.22392961428765448,0.0003005836312822317,556.6,45.11429928525987,314.4,24.337214302380627,314.4,24.337214302380627,2258.4,103.17121691634739,0.5654501560345933,0.024922983721479268,0.5654501560345933,0.024922983721479268,0.5542199859233349,0.002430485877804846
lendingclub_imb77,rf,random,1.0,9,0.7779283301626743,0.0014334433308289109,0.5490496065544154,0.008132876420993676,0.06189030266806315,0.00213949403205239,0.09809921310883067,0.016265752841987457,257568.0,0.0,0.22418235184494967,0.00021194872066155102,548.0,26.739483914241877,307.0,11.979148550710939,307.0,11.979148550710939,2565.4,113.86527126389332,0.5606715257601685,0.019335549544467225,0.5606715257601685,0.019335549544467225,0.5543851458419841,0.002092222711479946
lendingclub_imb77,rf,random,1.0,10,0.7787492844876931,0.001089571606360856,0.5404059028649436,0.014609135793298247,0.0639024210602213,0.0020571742280415754,0.08081180572988718,0.029218271586596435,279520.0,0.0,0.22413423010875788,0.0,557.0,35.54574517435244,302.4,14.117365193264638,302.4,14.117365193264638,2867.8,114.73098971071421,0.5435416332939109,0.01802006633713488,0.5435416332939109,0.01802006633713488,0.5541912098433441,0.0012292227913047403
