dataset,model,ranking_strategy,exploration_rate,iteration,accuracy_mean,accuracy_std,precision_mean,precision_std,recall_mean,recall_std,kickout_mean,kickout_std,training_set_size_mean,training_set_size_std,training_default_rate_mean,training_default_rate_std,n_explored_mean,n_explored_std,n_explored_defaulted_mean,n_explored_defaulted_std,exploration_cost_mean,exploration_cost_std,cumulative_cost_mean,cumulative_cost_std,exploration_default_rate_mean,exploration_default_rate_std,reject_default_rate_mean,reject_default_rate_std,explored_risk_mean_mean,explored_risk_mean_std
lendingclub_imb77,gbdt,least_risky,0.0,0,0.7783333333333333,0.0042508169149523285,0.5498069203927795,0.018272480294000127,0.06958523796776397,0.009085847766276408,0.09961384078555902,0.0365449605880003,60000.0,0.0,0.22374666666666668,0.001889789817825133,0.0,0.0,0.0,0.0,0.0,0.0,0.0,0.0,0.0,0.0,0.0,0.0,0.0,0.0
lendingclub_imb77,gbdt,least_risky,0.0,1,0.7804205606822959,0.0026336003199069094,0.5598235800213477,0.03746524848472393,0.05102480437805033,0.0048418626130693355,0.11964716004269531,0.07493049696944798,81341.0,68.69861716221077,0.2209715329491016,0.0013868711278497941,0.0,0.0,0.0,0.0,0.0,0.0,0.0,0.0,0.0,0.0,0.0,0.0,0.0,0.0
lendingclub_imb77,gbdt,least_risky,0.0,2,0.7807579408321149,0.0012740951252633974,0.5800459179564581,0.01311753505658006,0.042333463712951186,0.0023360872590905525,0.16009183591291623,0.026235070113160074,102738.2,131.49410633180315,0.21950193382606714,0.0005214386395364012,0.0,0.0,0.0,0.0,0.0,0.0,0.0,0.0,0.0,0.0,0.0,0.0,0.0,0.0
lendingclub_imb77,gbdt,least_risky,0.0,3,0.7825640231025535,0.002675492401756691,0.5770357859642699,0.023175400873213303,0.034619945046936614,0.0027344654801400776,0.15407157192853965,0.04635080174642659,124158.4,122.13025833101506,0.2188901175998294,0.0006824030076660264,0.0,0.0,0.0,0.0,0.0,0.0,0.0,0.0,0.0,0.0,0.0,0.0,0.0,0.0
lendingclub_imb77,gbdt,least_risky,0.0,4,0.7844838385007898,0.0023347851410558617,0.5635509452661626,0.025499544495007024,0.03223736205232854,0.002698079614175112,0.12710189053232512,0.05099908899001405,145615.8,146.16155445260307,0.2182786837847555,0.0005098537423697983,0.0,0.0,0.0,0.0,0.0,0.0,0.0,0.0,0.0,0.0,0.0,0.0,0.0,0.0
lendingclub_imb77,gbdt,least_risky,0.0,5,0.7842937087282272,0.0019761302917131445,0.5922326502825617,0.008593541701622805,0.02839448573968497,0.0021159576268613175,0.1844653005651233,0.017187083403245627,167055.2,165.99307214459134,0.21781316913337329,0.0005343817762088125,0.0,0.0,0.0,0.0,0.0,0.0,0.0,0.0,0.0,0.0,0.0,0.0,0.0,0.0
lendingclub_imb77,gbdt,least_risky,0.0,6,0.7831903245700764,0.0023592580275751205,0.6042764570477253,0.04466160358128213,0.025584127500729498,0.002976993132485345,0.20855291409545046,0.08932320716256421,188531.6,176.55395775795745,0.2176028680559198,0.0004991235149211693,0.0,0.0,0.0,0.0,0.0,0.0,0.0,0.0,0.0,0.0,0.0,0.0,0.0,0.0
lendingclub_imb77,gbdt,least_risky,0.0,7,0.7831769507779037,0.0014281701800184846,0.6010864015357644,0.02200155119162043,0.023125713323646928,0.002702932817392337,0.202172803071529,0.04400310238324076,210044.0,186.4269293852184,0.2177049179552586,0.00028363101258140045,0.0,0.0,0.0,0.0,0.0,0.0,0.0,0.0,0.0,0.0,0.0,0.0,0.0,0.0
lendingclub_imb77,gbdt,least_risky,0.0,8,0.7835201323382688,0.0016188303912245666,0.6037435329369331,0.03713762756958545,0.0212220096355271,0.0014726728463953164,0.20748706587386612,0.07427525513917094,231552.6,207.16370338454192,0.21776803528983493,0.00039482170546744,0.0,0.0,0.0,0.0,0.0,0.0,0.0,0.0,0.0,0.0,0.0,0.0,0.0,0.0
lendingclub_imb77,gbdt,least_risky,0.0,9,0.7823834005308794,0.0018496803070291426,0.6070238074931857,0.030787006804186244,0.020158317339194896,0.0004197626410838968,0.21404761498637156,0.061574013608372495,253067.6,235.42153682278345,0.21786797338232627,0.00039768422789813904,0.0,0.0,0.0,0.0,0.0,0.0,0.0,0.0,0.0,0.0,0.0,0.0,0.0,0.0
lendingclub_imb77,gbdt,least_risky,0.0,10,0.7827494714420433,0.0017706724965913649,0.5820187366968754,0.01815725114505215,0.018746186611653955,0.0014652978323132467,0.164037473393751,0.0363145022901043,274599.2,254.06140989925902,0.21777618468885854,0.00017044231956660406,0.0,0.0,0.0,0.0,0.0,0.0,0.0,0.0,0.0,0.0,0.0,0.0,0.0,0.0
lendingclub_imb77,gbdt,least_risky,0.01,0,0.7783333333333333,0.0042508169149523285,0.5498069203927795,0.018272480294000127,0.06958523796776397,0.009085847766276408,0.09961384078555902,0.0365449605880003,60000.0,0.0,0.22374666666666668,0.001889789817825133,0.0,0.0,0.0,0.0,0.0,0.0,0.0,0.0,0.0,0.0,0.0,0.0,0.0,0.0
lendingclub_imb77,gbdt,least_risky,0.01,1,0.7807372497990499,0.0015225002484726042,0.5487554008199004,0.02181862213460458,0.050223740694225014,0.0053620967918490865,0.09751080163980083,0.04363724426920913,81347.6,67.83288288138678,0.22099539178897717,0.001384692000840456,6.6,0.8944271909999159,3.4,0.5477225575051662,3.4,0.5477225575051662,3.4,0.5477225575051662,0.5273809523809524,0.1346606973149944,0.5513573667728234,0.01996126811173891,0.5006582484934434,0.00035419596250042454
lendingclub_imb77,gbdt,least_risky,0.01,2,0.7817012540644415,0.001257921670557633,0.5946534398879579,0.041104674804734384,0.04010357040996914,0.0024231215184690046,0.18930687977591573,0.08220934960946873,102742.0,123.94353553130554,0.2195191258238102,0.0004944228292812846,6.2,0.8366600265340753,2.0,0.7071067811865476,2.0,0.7071067811865476,5.4,0.8944271909999159,0.3276190476190476,0.1113919353692453,0.5454735430379672,0.020129824157285474,0.5004089432841153,0.00011598924160956703
lendingclub_imb77,gbdt,least_risky,0.01,3,0.7826512683930871,0.0021681170213246614,0.5945274396589095,0.025373601438038768,0.03547459884128643,0.0024118347243504085,0.18905487931781917,0.0507472028760775,124194.0,133.31354019753402,0.21896909830814182,0.0006885087081868961,5.6,0.5477225575051663,3.0,1.224744871391589,3.0,1.224744871391589,8.4,1.3416407864998738,0.5333333333333334,0.22484562605386735,0.5852392302462384,0.025258899891110652,0.5003585982573991,0.00014744848737556425
lendingclub_imb77,gbdt,least_risky,0.01,4,0.7848435249493256,0.0014392661818114067,0.5736853753540506,0.022997241382124143,0.03266410959084962,0.0011349376561524314,0.14737075070810127,0.045994482764248334,145645.6,142.82786842909877,0.2183383970635442,0.0005232504606047455,5.6,0.5477225575051661,3.4,1.1401754250991378,3.4,1.1401754250991378,11.8,1.4832396974191326,0.6066666666666667,0.1801234144814173,0.5800403181285245,0.02566463377722439,0.5005106397236877,0.00014140966934670266
lendingclub_imb77,gbdt,least_risky,0.01,5,0.7833824446425852,0.0022318202142509705,0.5830404264876446,0.012786121670022858,0.027627903008928284,0.0004016421286568408,0.16608085297528935,0.025572243340045677,167094.6,171.96016980684752,0.2178970887981045,0.0005132011808887774,5.6,0.5477225575051661,3.2,1.0954451150103321,3.2,1.0954451150103321,15.0,1.224744871391589,0.5733333333333334,0.1816590212458495,0.5788830413442548,0.01050851825295721,0.5004371077432159,0.00020419936418411848
lendingclub_imb77,gbdt,least_risky,0.01,6,0.7826516516409499,0.0017143252536404648,0.6053157680310919,0.024706943289337886,0.024535280121051058,0.0011308750970871213,0.21063153606218393,0.04941388657867582,188583.2,180.82505357389127,0.2176991566179261,0.0005210356205116156,5.2,0.44721359549995787,3.6,0.5477225575051662,3.6,0.5477225575051662,18.6,1.140175425099138,0.7,0.14142135623730953,0.5831678890854601,0.02318058884952135,0.5003917868623177,0.00016615576951834916
lendingclub_imb77,gbdt,least_risky,0.01,7,0.7833457647402924,0.0019083141237677583,0.5889213598728906,0.024422539940265567,0.0228598403822663,0.0024238213787999745,0.1778427197457812,0.04884507988053116,210101.2,170.44412574212845,0.21779505708839272,0.00031430830743639954,5.0,0.0,2.0,1.224744871391589,2.0,1.224744871391589,20.6,1.1401754250991383,0.4,0.24494897427831783,0.5922529535667038,0.0258047936478437,0.5004331383987521,0.00011286702124192605
lendingclub_imb77,gbdt,least_risky,0.01,8,0.784253158852477,0.0021291984152083418,0.5887278325893492,0.020521877097905233,0.022449056082745555,0.0020109217353487608,0.1774556651786985,0.04104375419581044,231608.2,167.91575268568715,0.21785225054675914,0.00038357733831971867,5.0,0.7071067811865476,2.4,1.140175425099138,2.4,1.140175425099138,23.0,0.7071067811865472,0.4833333333333333,0.2229848026709942,0.5946761819103565,0.020130553204939842,0.5003913781500147,8.899811357403339e-05
lendingclub_imb77,gbdt,least_risky,0.01,9,0.7833932454213703,0.0016941261558841812,0.5971859273427963,0.022884068257932728,0.01984997537169931,0.001273792279117707,0.19437185468559265,0.04576813651586544,253112.0,195.41878108308535,0.21792543146781984,0.00037491687376147755,4.8,0.44721359549995787,2.8,1.3038404810405297,2.8,1.3038404810405297,25.8,1.7888543819998315,0.58,0.24899799195977468,0.6197453649271851,0.0302732516047002,0.5003715807885022,0.00020630354331924216
lendingclub_imb77,gbdt,least_risky,0.01,10,0.7822523413794341,0.00034055252329995365,0.5831049583758487,0.013450887645037189,0.01905724892640964,0.0009740131516039944,0.1662099167516974,0.026901775290074256,274651.6,193.05905832154923,0.21784245810051583,0.00014470405897906748,4.6,0.5477225575051661,2.4,1.140175425099138,2.4,1.140175425099138,28.2,2.7748873851023212,0.52,0.21679483388678802,0.5727381439934013,0.022786433288295712,0.5004548163429803,0.00028188343650376767
lendingclub_imb77,gbdt,least_risky,0.02,0,0.7783333333333333,0.0042508169149523285,0.5498069203927795,0.018272480294000127,0.06958523796776397,0.009085847766276408,0.09961384078555902,0.0365449605880003,60000.0,0.0,0.22374666666666668,0.001889789817825133,0.0,0.0,0.0,0.0,0.0,0.0,0.0,0.0,0.0,0.0,0.0,0.0,0.0,0.0
lendingclub_imb77,gbdt,least_risky,0.02,1,0.7812058560221864,0.0016134672586279675,0.5691047784785127,0.028417667258695923,0.05021996901767387,0.007051659098018204,0.13820955695702525,0.056835334517391804,81354.0,67.29784543356325,0.2210124080725358,0.0013763384564741475,13.0,1.414213562373095,6.2,1.6431676725154984,6.2,1.6431676725154984,6.2,1.6431676725154984,0.49142857142857144,0.17040534574775063,0.5513573667728234,0.01996126811173891,0.5010830398893219,0.00032510969194293494
lendingclub_imb77,gbdt,least_risky,0.02,2,0.7806957594768285,0.003782844988790796,0.5715939989103637,0.02132213252566399,0.03992647254861571,0.0010899659479016515,0.14318799782072747,0.04264426505132803,102771.6,116.98846096944912,0.21957453806570165,0.0005601544750557755,11.4,1.1401754250991378,4.8,1.9235384061671346,4.8,1.9235384061671346,11.0,3.1622776601683795,0.4279020979020979,0.18520982651480689,0.5518696031289613,0.020843172492118738,0.5007634403058849,0.00018104470714878592
lendingclub_imb77,gbdt,least_risky,0.02,3,0.7814037165220277,0.0030466580189837766,0.5752813604767593,0.010173177817375792,0.03536703822083096,0.004230700204413925,0.15056272095351844,0.020346355634751526,124230.8,105.36935038235885,0.2190360724320247,0.0008101558740713804,10.2,0.44721359549995776,5.0,2.0,5.0,2.0,16.0,4.242640687119285,0.4872727272727272,0.18559709316617953,0.5835692223060283,0.01396590598147922,0.5007140084897057,0.0003519412665418474
lendingclub_imb77,gbdt,least_risky,0.02,4,0.7836996434005874,0.0012482845431482997,0.5697285677579539,0.02064468253685885,0.03124150317423447,0.0025460858635879594,0.13945713551590785,0.0412893650737177,145694.8,145.88248695439572,0.21841414904311035,0.0006035421153251409,10.6,0.8944271909999159,6.4,0.8944271909999159,6.4,0.8944271909999159,22.4,4.449719092257398,0.6075757575757575,0.1014246543707852,0.5839306926067727,0.02083837407906017,0.5006378179906003,0.00014819683186195016
lendingclub_imb77,gbdt,least_risky,0.02,5,0.7836215461038689,0.0020380760164131055,0.5866220792063175,0.028949620628952767,0.027765708947478394,0.0025084411280212114,0.17324415841263482,0.05789924125790558,167158.8,154.8989993511888,0.217983199388198,0.0005423484061691534,10.6,0.5477225575051662,5.2,2.4899799195977463,5.2,2.4899799195977463,27.6,4.929503017546495,0.48545454545454547,0.2281437853128143,0.5812660647345869,0.016893406156239084,0.5008260948345724,0.0001793570422783159
lendingclub_imb77,gbdt,least_risky,0.02,6,0.7830449648764419,0.0010814923415093855,0.5773815061840807,0.037450225807591775,0.023701925397447126,0.0010690566629819344,0.1547630123681613,0.0749004516151836,188650.4,164.05121151640176,0.2177848553235949,0.0004802270227451194,10.0,0.7071067811865477,5.0,1.0,5.0,1.0,32.6,4.277849927241488,0.5016161616161616,0.10206419693451847,0.5788552744414427,0.016115836351798172,0.5008302410485538,0.00042439227320889805
lendingclub_imb77,gbdt,least_risky,0.02,7,0.7825970193305091,0.0010873736060271239,0.5859920470515216,0.04032954904129005,0.023090007434181013,0.0014974336843208977,0.17198409410304322,0.08065909808258011,210173.2,162.207274806029,0.21789265435730912,0.00028936688777619776,9.4,0.5477225575051662,4.8,1.0954451150103321,4.8,1.0954451150103321,37.4,5.319774431308154,0.5111111111111111,0.11547005383792514,0.5876398112727929,0.011157557548581252,0.5007197223744372,0.00026027674799615307
lendingclub_imb77,gbdt,least_risky,0.02,8,0.7826527840597002,0.0009833498937158534,0.5979586357733824,0.02211794014710173,0.02180954731739357,0.0015110168099504427,0.19591727154676475,0.04423588029420342,231678.2,180.20183128925106,0.21792623432341557,0.0003975373025365277,9.4,0.5477225575051662,5.2,1.3038404810405297,5.2,1.3038404810405297,42.6,4.722287581247039,0.5533333333333333,0.1320306735778929,0.6012967846066273,0.021232144197803938,0.5006418308879785,0.00015599421635391217
lendingclub_imb77,gbdt,least_risky,0.02,9,0.7828630001410091,0.0021287355654522966,0.5822353861927974,0.02150749771119026,0.020145924916990087,0.00179540818138683,0.16447077238559482,0.04301499542238042,253200.4,205.3151236514286,0.21802467405255102,0.0004056126321517556,9.2,0.8366600265340753,4.6,1.140175425099138,4.6,1.140175425099138,47.2,5.718391382198319,0.51,0.16444819815535594,0.6166970097583049,0.028109298357401547,0.500657450229635,0.0002564522083323841
lendingclub_imb77,gbdt,least_risky,0.02,10,0.7823997326594501,0.001042399605303962,0.5766937788480396,0.007320723885594056,0.018457430175536742,0.0014777056190935557,0.15338755769607929,0.01464144777118808,274739.8,196.9611636846216,0.2179268388305104,0.00015488200029155886,9.0,0.0,4.8,1.9235384061671346,4.8,1.9235384061671346,52.0,7.035623639735144,0.5333333333333333,0.21372648957412604,0.5772884420364879,0.02353946238258452,0.5006399029123324,0.0003449006283482744
lendingclub_imb77,gbdt,least_risky,0.05,0,0.7783333333333333,0.0042508169149523285,0.5498069203927795,0.018272480294000127,0.06958523796776397,0.009085847766276408,0.09961384078555902,0.0365449605880003,60000.0,0.0,0.22374666666666668,0.001889789817825133,0.0,0.0,0.0,0.0,0.0,0.0,0.0,0.0,0.0,0.0,0.0,0.0,0.0,0.0
lendingclub_imb77,gbdt,least_risky,0.05,1,0.7798092310681466,0.0021766755226809015,0.5670451245256627,0.013703202429648217,0.05036504566934317,0.005540756628938655,0.13409024905132538,0.027406404859296393,81372.0,64.95767852994577,0.22107901573353822,0.0013899405915048853,31.0,3.7416573867739404,15.6,2.701851217221259,15.6,2.701851217221259,15.6,2.701851217221259,0.5127257799671593,0.12402740820647723,0.5513573667728234,0.01996126811173891,0.5022318664835569,0.00044573461717730973
lendingclub_imb77,gbdt,least_risky,0.05,2,0.7809212817889144,0.0018341176765195057,0.5607649409184434,0.0300517241992211,0.040698527554247015,0.001427136557687431,0.12152988183688693,0.06010344839844212,102800.4,113.80817193857388,0.21967066362198792,0.0004734889334147027,28.0,3.2403703492039297,14.2,2.1679483388678804,14.2,2.1679483388678804,29.8,2.280350850198276,0.511752688172043,0.09017476704378094,0.5497668486522814,0.017898346886487528,0.5019079872877545,0.0002620755245863306
lendingclub_imb77,gbdt,least_risky,0.05,3,0.7813996910352013,0.0015041768098217692,0.5552635703438542,0.024389446774129908,0.03480970181418411,0.003792246311426275,0.11052714068770837,0.04877889354825985,124260.4,105.65888509727718,0.21911920154650213,0.0006918774148924683,26.4,1.1401754250991376,14.8,1.4832396974191326,14.8,1.4832396974191326,44.6,2.7928480087537872,0.5596166056166056,0.033881274207641816,0.5840665066237577,0.00225063596580497,0.5013770499705184,0.00039410165556361674
lendingclub_imb77,gbdt,least_risky,0.05,4,0.7828180670115764,0.0026778660693247713,0.5672942712073425,0.044163133662247854,0.03274527564324751,0.002144812549209963,0.13458854241468515,0.08832626732449568,145738.6,125.90393163042619,0.2185050389806275,0.000490822665258729,25.4,1.816590212458495,13.8,1.9235384061671346,13.8,1.9235384061671346,58.4,2.792848008753789,0.5467391304347826,0.09173847289789308,0.5860955458689887,0.017016330187160266,0.50149385355658,0.00022235359009856252
lendingclub_imb77,gbdt,least_risky,0.05,5,0.7836255253258241,0.0017763509801252523,0.571500946477081,0.011644598620931985,0.027082926720555178,0.0029184049394856263,0.14300189295416216,0.023289197241864002,167193.8,146.34616496512757,0.21805481768103982,0.0004898758196832582,26.4,2.5099800796022262,14.0,0.7071067811865476,14.0,0.7071067811865476,72.4,2.4083189157584584,0.5323333333333333,0.030450323844291433,0.5767200760546085,0.011072457943662356,0.501572958403886,0.00039674967169913355
lendingclub_imb77,gbdt,least_risky,0.05,6,0.7841615172877557,0.0035590376394363118,0.5916802475869802,0.02513448305976698,0.02429446465896706,0.0020207586869034097,0.18336049517396044,0.05026896611953394,188698.4,159.07011032875153,0.21785346048147486,0.00047136554640823296,24.2,1.7888543819998315,13.6,2.0736441353327724,13.6,2.0736441353327724,86.0,3.674234614174768,0.563632850241546,0.09193452745601616,0.5878948888215079,0.02766879862877261,0.5016961162502431,0.0003179430835299677
lendingclub_imb77,gbdt,least_risky,0.05,7,0.7826833235352687,0.0017156240077882436,0.5880767251587471,0.018393236220135268,0.0229511195495622,0.0013550415651683214,0.17615345031749435,0.036786472440270494,210235.4,152.4919670015448,0.2179613796757208,0.0002367500476994413,22.4,0.5477225575051664,12.6,2.6076809620810595,12.6,2.6076809620810595,98.6,2.8809720581775866,0.5616600790513834,0.11188633553126111,0.5965420867485507,0.017346821479203505,0.5018913626578648,0.00046716654537286973
lendingclub_imb77,gbdt,least_risky,0.05,8,0.7829666953561342,0.0020720156952106408,0.6009878032825391,0.01453181932448642,0.022320568580290943,0.0012615482555810098,0.20197560656507813,0.029063638648972878,231767.4,146.96530202738703,0.2180218886456103,0.00038240364430793585,22.6,1.1401754250991378,12.2,4.324349662087931,12.2,4.324349662087931,110.8,3.3466401061363014,0.5392951251646904,0.19038847829017763,0.604197180050221,0.02646130295898536,0.5014464541100413,0.0003629314688509418
lendingclub_imb77,gbdt,least_risky,0.05,9,0.7821537927213423,0.0022978051910615164,0.5915345431782361,0.025839849856946515,0.02048898251296905,0.0007479270582497822,0.18306908635647204,0.051679699713893024,253291.0,185.04188714991292,0.21812594811416308,0.00040949319221616104,23.0,1.9999999999999996,13.2,2.588435821108957,13.2,2.588435821108957,124.0,5.338539126015656,0.5716060606060606,0.0823012953358437,0.6103707202186031,0.029040599682204692,0.5013745984896194,8.542987174243667e-05
lendingclub_imb77,gbdt,least_risky,0.05,10,0.7829609648744793,0.0013270911926942896,0.5792933640692558,0.017598108271984537,0.020438362059428263,0.0013217182658037817,0.15858672813851163,0.035196216543969136,274851.4,194.7993839826029,0.21803916957487424,0.00018665234111955016,21.2,1.095445115010332,11.0,3.3166247903554,11.0,3.3166247903554,135.0,6.4420493633625595,0.5143685300207039,0.12950749951584875,0.580336371368292,0.020729720482010276,0.5015068605967457,0.00034304899743445034
lendingclub_imb77,gbdt,least_risky,0.1,0,0.7783333333333333,0.0042508169149523285,0.5498069203927795,0.018272480294000127,0.06958523796776397,0.009085847766276408,0.09961384078555902,0.0365449605880003,60000.0,0.0,0.22374666666666668,0.001889789817825133,0.0,0.0,0.0,0.0,0.0,0.0,0.0,0.0,0.0,0.0,0.0,0.0,0.0,0.0
lendingclub_imb77,gbdt,least_risky,0.1,1,0.7810090070862351,0.0019970222298466168,0.5555590594397282,0.0189517669425546,0.050015245459569244,0.004419031479089828,0.11111811887945626,0.03790353388510921,81402.6,61.751923046976685,0.2211752609461069,0.0014173811529412505,61.6,6.949820141557623,30.2,3.898717737923586,30.2,3.898717737923586,30.2,3.898717737923586,0.49213790203910024,0.05347629985874062,0.5513573667728234,0.01996126811173891,0.5041546574483861,0.0004332261576454397
lendingclub_imb77,gbdt,least_risky,0.1,2,0.7821011377109958,0.00338439732500339,0.5716101751170016,0.0381019123737064,0.04370739404785036,0.003343600096438874,0.14322035023400326,0.07620382474741288,102860.2,116.17960234051259,0.21979177814095213,0.0005660617539851508,55.6,6.580273550544841,26.8,4.969909455915671,26.8,4.969909455915671,57.0,6.74536878161602,0.48521017432034375,0.0953436694304047,0.555420985985836,0.02805402301227758,0.5034850580296168,0.000690149609958919
lendingclub_imb77,gbdt,least_risky,0.1,3,0.7819961639594648,0.0014893070228641438,0.5774532544280735,0.019240418798205632,0.035461326542607564,0.003362131583307831,0.15490650885614712,0.03848083759641122,124344.0,105.91978096654263,0.21928876783542894,0.00075128861000207,52.4,2.7018512172212596,25.4,2.701851217221259,25.4,2.701851217221259,82.4,4.277849927241488,0.48717196280221486,0.07222739740349926,0.575462527544316,0.014523529237945275,0.5036459542248243,0.0006547952307128105
lendingclub_imb77,gbdt,least_risky,0.1,4,0.7828607467221018,0.003039448000003111,0.5725801281015256,0.02240642072823339,0.0338960113731863,0.002835764109027324,0.14516025620305115,0.0448128414564668,145843.4,139.04243956433237,0.21871426356717666,0.0004834954949096332,50.8,3.7682887362833544,27.8,1.0954451150103324,27.8,1.0954451150103324,110.2,4.816637831516918,0.550137840650982,0.05220244170801256,0.581858220791443,0.022550679943367218,0.5026565153162003,0.0006682941888202566
lendingclub_imb77,gbdt,least_risky,0.1,5,0.7832285086400953,0.001350286646407897,0.5852464655139336,0.01968937761686097,0.02995134764208459,0.002431416277295956,0.17049293102786725,0.039378755233721974,167335.0,160.709365004031,0.21829163154843806,0.0004268856849286957,51.6,4.722287581247038,25.2,3.271085446759225,25.2,3.271085446759225,135.4,3.577708763999663,0.48839955022488757,0.04597073791481474,0.5781975632915016,0.01507920995841065,0.5030122518250397,0.00038409664682095964
lendingclub_imb77,gbdt,least_risky,0.1,6,0.782587286117051,0.0020821335046555824,0.5872763642481953,0.025994732138228508,0.025075950843640404,0.001995044378485765,0.17455272849639047,0.05198946427645699,188854.6,166.7612065199813,0.21809061425155735,0.0003752287216641923,48.8,2.7748873851023212,25.2,1.9235384061671343,25.2,1.9235384061671343,160.6,3.130495168499703,0.5177169694959827,0.05013596399407457,0.5829453856652433,0.010868557736552951,0.5031970294618835,0.00014646047781293487
lendingclub_imb77,gbdt,least_risky,0.1,7,0.7841073491094919,0.0027230580359706353,0.5988458974748683,0.022572246706614455,0.023812094737351013,0.0016549510601355359,0.19769179494973652,0.045144493413228876,210416.4,149.41485869885616,0.21821495952158876,0.0002245646287335182,43.6,2.701851217221259,23.6,4.39317652729776,23.6,4.39317652729776,184.2,5.848076606885378,0.5396175411844725,0.08688092348841953,0.594388106715475,0.014036625561450642,0.5030587580296841,0.00014364692956812447
lendingclub_imb77,gbdt,least_risky,0.1,8,0.7827187995274018,0.001626473519879806,0.5849981027362342,0.032683582429395217,0.02331784442672833,0.002823478650969949,0.16999620547246846,0.06536716485879039,231964.6,159.6098367895876,0.21827972795014333,0.0003423445340323922,45.4,3.5071355833500366,27.4,3.507135583350036,27.4,3.507135583350036,211.6,7.436396977031283,0.6060148817747602,0.08299156930694894,0.6074529780945231,0.024294323942561574,0.5028935627934464,0.0005010015485072954
lendingclub_imb77,gbdt,least_risky,0.1,9,0.7822628647323346,0.0008560803071893824,0.5805032135139996,0.01885014215347254,0.0204326062512404,0.0009285504867999173,0.16100642702799922,0.0377002843069451,253505.0,183.88855320547066,0.21837179871362705,0.0003988821927698172,46.4,4.159326868617084,25.6,5.941380311005179,25.6,5.941380311005179,237.2,11.840608092492547,0.5491620806368748,0.1070214974640578,0.6154565092635199,0.022481662738226757,0.502627257644874,0.000522888024606442
lendingclub_imb77,gbdt,least_risky,0.1,10,0.7821375984789719,0.0018365221410550534,0.57305038564068,0.019336874512130675,0.021066438728943943,0.0007654189630325406,0.1461007712813599,0.03867374902426139,275087.6,209.0019138668309,0.21828889675897142,0.00019753508826205406,41.4,2.966479394838265,22.2,1.9235384061671341,22.2,1.9235384061671341,259.4,12.401612798341997,0.5371637426900585,0.04440167032160597,0.5840371963446456,0.023496783228650335,0.503055406106469,0.0004967738987299331
lendingclub_imb77,gbdt,least_risky,0.15,0,0.7783333333333333,0.0042508169149523285,0.5498069203927795,0.018272480294000127,0.06958523796776397,0.009085847766276408,0.09961384078555902,0.0365449605880003,60000.0,0.0,0.22374666666666668,0.001889789817825133,0.0,0.0,0.0,0.0,0.0,0.0,0.0,0.0,0.0,0.0,0.0,0.0,0.0,0.0
lendingclub_imb77,gbdt,least_risky,0.15,1,0.7802201124412671,0.0010706677447911287,0.547656682174574,0.026231365836927093,0.052343623556488986,0.006820938329772479,0.0953133643491479,0.052462731673853985,81433.4,58.34209458015761,0.22128069209616266,0.001424572887611137,92.4,10.358571330062848,45.6,5.813776741499453,45.6,5.813776741499453,45.6,5.813776741499453,0.4950059616985028,0.05562783730673857,0.5513573667728234,0.01996126811173891,0.5060238427355757,0.0004057989572031671
lendingclub_imb77,gbdt,least_risky,0.15,2,0.7815758341475245,0.0027945202179284995,0.5681005023382448,0.028145597383536756,0.041381409576142295,0.003462227195591286,0.1362010046764898,0.05629119476707352,102903.4,104.89661577000454,0.21991143246295394,0.0005541878549914444,85.6,9.813256340277675,39.0,3.937003937005906,39.0,3.937003937005906,84.6,8.988882021697691,0.45675650118203304,0.02521483789376133,0.547495381950371,0.009612710366623803,0.5051014011950679,0.0005253674336021192
lendingclub_imb77,gbdt,least_risky,0.15,3,0.7824072089750056,0.002994874661713604,0.5847469157844571,0.01437890391219495,0.0374434587110491,0.005054855646173166,0.16949383156891437,0.028757807824389883,124414.6,100.25118453165756,0.21945534290612773,0.0007579388930404321,78.2,5.019960159204452,40.2,4.32434966208793,40.2,4.32434966208793,124.8,10.232301793829187,0.5131899753992777,0.029052873887945987,0.5780129017646446,0.012315301371064966,0.5049973895580198,0.0009912726022824547
lendingclub_imb77,gbdt,least_risky,0.15,4,0.7845782404914136,0.0019231727724763903,0.573989655069496,0.029512830996774774,0.03308523236049802,0.0035390008812976,0.14797931013899188,0.05902566199354958,145943.0,127.49313707019684,0.2189171894667878,0.0004966308644376336,75.2,6.942621983083913,39.6,2.6076809620810595,39.6,2.6076809620810595,164.4,8.792041856133306,0.5307815953385574,0.0660146864204309,0.5808222795005674,0.01839414612753424,0.5049841919710321,0.0004958645330361503
lendingclub_imb77,gbdt,least_risky,0.15,5,0.7830282374525362,0.0013737937139475683,0.5608809557776684,0.029937095189603035,0.03176539896695019,0.0012634211091632694,0.12176191155533671,0.05987419037920611,167470.0,134.87401528834232,0.21854680829593023,0.0004720968169829364,75.6,7.7006493232713815,42.8,1.6431676725154973,42.8,1.6431676725154973,207.2,7.259476565152616,0.5696103468422788,0.04483155275895548,0.585650695565007,0.0192002863496984,0.5049567192817316,0.0005296397717956237
lendingclub_imb77,gbdt,least_risky,0.15,6,0.7833777541480691,0.0022662805280215786,0.5714801561462651,0.003368865608519079,0.028175402882701754,0.0021820010575288405,0.14296031229253026,0.0067377312170381065,188989.4,166.42505820939675,0.21831494487594916,0.00046171993286149484,76.8,5.805170109479997,39.2,6.260990336999411,39.2,6.260990336999411,246.4,8.961026726887937,0.5085565817291643,0.04716559459573469,0.5782914814829316,0.017038081360699665,0.5044307530584851,0.00023533205501724132
lendingclub_imb77,gbdt,least_risky,0.15,7,0.7832507050713311,0.001899331244349199,0.5886445900826142,0.0350062804183572,0.024137948354772544,0.002746223339858071,0.17728918016522843,0.07001256083671437,210549.8,152.83062520320001,0.2184063357059313,0.00022238229807409443,70.0,2.9154759474226513,36.4,4.33589667773576,36.4,4.33589667773576,282.8,7.0498226928058285,0.5190302498753203,0.0475013105529768,0.5913623629169916,0.005253457767196794,0.5043063736176732,0.00045346379328737907
lendingclub_imb77,gbdt,least_risky,0.15,8,0.7819266367555249,0.0012201016956485129,0.5890420942356513,0.030566827208852718,0.023560703492170636,0.000956240120527852,0.17808418847130275,0.06113365441770544,232121.0,179.9833325616537,0.21849019624826096,0.0004174185661115242,67.8,6.870225614927067,36.2,5.761944116355172,36.2,5.761944116355172,319.0,11.89537725337032,0.5348605195502859,0.07128636636392569,0.5961776729505404,0.016799870215920103,0.5045147931146559,0.0005297583947705758
lendingclub_imb77,gbdt,least_risky,0.15,9,0.7825270479272052,0.0010269659946091935,0.5821668061563341,0.01857580405348929,0.022909643690957805,0.001199870483399173,0.16433361231266824,0.037151608106978526,253694.6,207.57239700885418,0.21862478629000437,0.0004506274077552958,67.4,5.549774770204643,40.2,6.26099033699941,40.2,6.26099033699941,359.2,13.627178724886527,0.5964581865027159,0.07344173821285019,0.6137026965413561,0.027961525201372548,0.5043504059632479,0.0005097261100595551
lendingclub_imb77,gbdt,least_risky,0.15,10,0.7818241674421152,0.0016981209275612743,0.5806044349531311,0.023728205338578976,0.021503750941509157,0.001775980247263339,0.16120886990626215,0.047456410677157945,275281.4,218.5207084008217,0.21854494673424224,0.0002368917542442648,65.2,5.06951674225463,37.0,3.3166247903554,37.0,3.3166247903554,396.2,13.718600511714012,0.5684459277255083,0.04358644972288609,0.5748361614462003,0.012613773879006786,0.5041686924783413,0.0010382588601526987
lendingclub_imb77,gbdt,least_risky,0.2,0,0.7783333333333333,0.0042508169149523285,0.5498069203927795,0.018272480294000127,0.06958523796776397,0.009085847766276408,0.09961384078555902,0.0365449605880003,60000.0,0.0,0.22374666666666668,0.001889789817825133,0.0,0.0,0.0,0.0,0.0,0.0,0.0,0.0,0.0,0.0,0.0,0.0,0.0,0.0
lendingclub_imb77,gbdt,least_risky,0.2,1,0.7805720064763844,0.004010987069459481,0.5652401182362643,0.019374986084241683,0.053177514097954,0.00521096050110413,0.13048023647252868,0.038749972168483304,81463.6,54.797810175222885,0.22135821665929498,0.0014300812619627058,122.6,13.903237033151663,58.6,6.066300355241239,58.6,6.066300355241239,58.6,6.066300355241239,0.47911901450533456,0.03140358147209617,0.5513573667728234,0.01996126811173891,0.5080380119199253,0.00035163165572414873
lendingclub_imb77,gbdt,least_risky,0.2,2,0.7805827542061892,0.001954276521170275,0.5401666656321567,0.02671919582503383,0.04192268639246577,0.0034025623268540096,0.08033333126431316,0.053438391650067724,102966.0,88.76091482178226,0.2200864892372581,0.0006142263505248784,112.8,9.364827814754523,56.0,2.4494897427831783,56.0,2.4494897427831783,114.6,8.018728078691783,0.49826199249960396,0.03134750266495544,0.5498647944966548,0.0188024303508962,0.5073574753724565,0.000625269503169305
lendingclub_imb77,gbdt,least_risky,0.2,3,0.7812726929381949,0.003210251944096144,0.5828481672076549,0.02666760147371437,0.03905543350298056,0.001171350575171785,0.1656963344153098,0.053335202947428675,124487.4,97.95304997803993,0.21963697242821087,0.0007528227401490731,108.2,6.760177512462227,56.2,2.280350850198275,56.2,2.280350850198275,170.8,9.418067742376882,0.5201732962509661,0.019462659660590527,0.5739177446503267,0.01103040892083567,0.5065917911018796,0.0008950005838928611
lendingclub_imb77,gbdt,least_risky,0.2,4,0.7830644267752493,0.0006930061254004759,0.5682500056394401,0.01624778163463056,0.03477846180232217,0.0028579269888642064,0.1365000112788801,0.03249556326926108,146033.0,105.52724766618675,0.21909717759983974,0.0005524897927269008,102.2,5.263078946776308,57.0,8.366600265340756,57.0,8.366600265340756,227.8,11.861703081766967,0.5555557678578089,0.05412507592037272,0.58799508237431,0.015348337680014328,0.5069612308825727,0.00056443120405412
lendingclub_imb77,gbdt,least_risky,0.2,5,0.7821203845300487,0.0014529077166101486,0.5767320911626586,0.01679348929560475,0.030809495566152506,0.0013500974481713563,0.1534641823253171,0.03358697859120947,167568.4,129.22964056283746,0.2187310632252845,0.0005149000327185721,104.6,10.358571330062848,56.8,7.3280283842245035,56.8,7.3280283842245035,284.6,17.4441967427566,0.5434766419388415,0.05618520400857219,0.5762825264181304,0.014868867678282308,0.5061375206733778,0.0006255933093391574
lendingclub_imb77,gbdt,least_risky,0.2,6,0.7825262373534546,0.002353817537830676,0.5839210916775752,0.03329217721995038,0.028720440356927605,0.0008600291490337812,0.1678421833551504,0.06658435443990071,189138.6,128.45349352975919,0.21855720197877976,0.0005017326847037608,95.8,7.563068160475615,48.8,1.9235384061671346,48.8,1.9235384061671346,333.4,17.3579952759528,0.5109831781790468,0.027839499838673756,0.5827910130824707,0.017479547194979125,0.5065301207085439,0.0009739894733173825
lendingclub_imb77,gbdt,least_risky,0.2,7,0.7837604705630296,0.0016525955734055463,0.5947322670104459,0.015194726115303266,0.027552423941042913,0.00222780857638916,0.18946453402089175,0.03038945223060648,210727.2,130.8327176206308,0.21868654361694645,0.0002774918327383821,91.2,2.683281572999748,50.6,4.560701700396551,50.6,4.560701700396551,384.0,16.98528775146303,0.5561290322580644,0.0650444319264815,0.5893526465911749,0.013500190750080701,0.5059966474574727,0.0007724951062059852
lendingclub_imb77,gbdt,least_risky,0.2,8,0.7827825813533441,0.0011313546158637265,0.5809303363259131,0.016505612732579892,0.0246704283692104,0.0022598144147942434,0.1618606726518261,0.03301122546515979,232309.6,138.20926162888222,0.21873815028230922,0.00037598801643373,92.8,5.540758070878029,49.8,2.588435821108957,49.8,2.588435821108957,433.8,18.833480825381166,0.5375713554501518,0.03112028312465735,0.6062840934359774,0.014533705313776442,0.5054929625359175,0.0008659983145309433
lendingclub_imb77,gbdt,least_risky,0.2,9,0.7821146201755615,0.002339626030257836,0.5755283353641423,0.010615007247177122,0.02471637595415881,0.0023123799987540623,0.15105667072828463,0.021230014494354226,253910.0,151.3951782587574,0.21888367415982096,0.00038521112691203274,88.4,9.343446901438462,50.4,2.9664793948382653,50.4,2.9664793948382653,484.2,21.393924371185385,0.5726962852556753,0.032223095634520714,0.613516637998325,0.022206894822757207,0.5058957021195741,0.00029499494301007777
lendingclub_imb77,gbdt,least_risky,0.2,10,0.7817916203335405,0.0007875601658613193,0.5704173202000271,0.01289523426733225,0.022777908118298693,0.0006662081260902689,0.1408346404000544,0.025790468534664483,275510.6,154.92352952344666,0.21878206953461227,0.0001780752600518922,88.2,3.03315017762062,50.0,2.9154759474226504,50.0,2.9154759474226504,534.2,20.228692493584443,0.5670538732296858,0.03137364874630051,0.5869318767230022,0.020336355922475933,0.5057702529132291,0.0006157296623746535
lendingclub_imb77,gbdt,least_risky,0.3,0,0.7783333333333333,0.0042508169149523285,0.5498069203927795,0.018272480294000127,0.06958523796776397,0.009085847766276408,0.09961384078555902,0.0365449605880003,60000.0,0.0,0.22374666666666668,0.001889789817825133,0.0,0.0,0.0,0.0,0.0,0.0,0.0,0.0,0.0,0.0,0.0,0.0,0.0,0.0
lendingclub_imb77,gbdt,least_risky,0.3,1,0.7795816080238017,0.002038578806439417,0.55553333593482,0.026187628121168628,0.05245820628293503,0.007169477514426523,0.11106667186964003,0.05237525624233728,81525.0,48.181946826586405,0.22160604733331227,0.0014479912794863876,184.0,20.518284528683193,92.4,9.04433524367601,92.4,9.04433524367601,92.4,9.04433524367601,0.5035249813648937,0.03352172992311903,0.5513573667728234,0.01996126811173891,0.5123523371945942,0.00042545149081866715
lendingclub_imb77,gbdt,least_risky,0.3,2,0.7786466729767961,0.0019194886300873675,0.5661172661152248,0.027031008062795556,0.0426770339600742,0.004073805958430978,0.13223453223044954,0.054062016125591084,103100.6,80.12053419692103,0.2204567775063734,0.000526254796443215,162.0,18.041618552668712,79.6,4.335896677735761,79.6,4.335896677735761,172.0,10.653637876331262,0.49514510354638847,0.04974170249883884,0.5548107955453689,0.013844378970200865,0.5108420473356784,0.0015928565511439858
lendingclub_imb77,gbdt,least_risky,0.3,3,0.7825881695808755,0.00202769812903096,0.5728773434705265,0.005034554557188066,0.04055713718919137,0.0021855736382945224,0.14575468694105323,0.010069109114376206,124706.4,67.40029673525349,0.22013972431431653,0.0007566045899067221,149.2,8.700574693662485,80.0,4.062019202317979,80.0,4.062019202317979,252.0,7.0,0.5364900885643138,0.013197958788210543,0.5854549916901631,0.014409998270492257,0.5112795457830289,0.0015254367521190485
lendingclub_imb77,gbdt,least_risky,0.3,4,0.7831753348789617,0.0031659064813221553,0.5576150638155235,0.029594526987939886,0.03663302710532546,0.001786305269260176,0.11523012763104719,0.05918905397587973,146301.0,86.4378389364319,0.21965959465081206,0.0005344040575439183,153.8,13.535139452550904,85.4,9.154233993076646,85.4,9.154233993076646,337.4,11.970797801316333,0.5564803128691266,0.055894380510248205,0.5822342532626779,0.025856870092536073,0.5106081509517209,0.0009792539407134531
lendingclub_imb77,gbdt,least_risky,0.3,5,0.7837189200522656,0.0021535708555316495,0.5842501367177886,0.020075473560343286,0.03683334706644251,0.0031553361411506375,0.1685002734355771,0.0401509471206865,167895.2,77.26059797853205,0.21932617777135732,0.0005418194606707337,154.0,9.669539802906858,82.6,6.503845016603639,82.6,6.503845016603639,420.0,11.510864433221338,0.5359340054308608,0.0097239285848858,0.5777239073322188,0.009547809350767548,0.5101371712919605,0.000995916970603848
lendingclub_imb77,gbdt,least_risky,0.3,6,0.7827773161093035,0.0018814712667019166,0.5660238959038478,0.014750935530927234,0.031938874479948566,0.0024507542306875627,0.1320477918076956,0.029501871061854465,189494.8,79.10878585846605,0.2191490134633685,0.0005409002419115227,151.6,9.235799911215056,81.0,8.888194417315589,81.0,8.888194417315589,501.0,13.19090595827292,0.5337473767198351,0.03778314806987109,0.5792436914986973,0.013241035198821728,0.5102353582495518,0.001603980713964465
lendingclub_imb77,gbdt,least_risky,0.3,7,0.7819017628499376,0.001145651373908834,0.5825512947061637,0.026260464733356387,0.028717920958990385,0.0009741905158325681,0.16510258941232733,0.052520929466712746,211122.8,85.42657666090015,0.21928184768255674,0.00032857690791032366,139.4,6.6932802122726045,76.6,6.767569726275454,76.6,6.767569726275454,577.6,10.691117808723286,0.5494152670089532,0.03893927929738244,0.5856950887149761,0.02176228546754436,0.5098928934054903,0.000978252275179803
lendingclub_imb77,gbdt,least_risky,0.3,8,0.7817527078191043,0.002461989530709561,0.5762178339508325,0.031080690298606963,0.028669976723498053,0.001518689319837273,0.15243566790166507,0.06216138059721396,232743.2,87.85044109166382,0.21934897451673346,0.0003654931764279125,143.0,6.284902544988267,79.6,4.61519230368573,79.6,4.61519230368573,657.2,14.463747785411647,0.5578183287439186,0.0448468404728438,0.601614022819182,0.02192041591501048,0.5091595188688411,0.000260367986280113
lendingclub_imb77,gbdt,least_risky,0.3,9,0.7817424442176544,0.0019180319894909273,0.5751249560840795,0.017023889599654868,0.02752556176002107,0.0007606282158244874,0.15024991216815903,0.034047779199309694,254368.2,104.54281419590438,0.2194715200478313,0.0003167339092091004,140.8,8.40832920383116,77.6,7.021395872616784,77.6,7.021395872616784,734.8,14.09609875107293,0.5507762079190651,0.030716869334824565,0.6067217484056833,0.022818340646083648,0.5086084616734969,0.0002875592092071142
lendingclub_imb77,gbdt,least_risky,0.3,10,0.7817450867874675,0.001547941008365748,0.5698373687165109,0.01509434591098949,0.026871662926077435,0.0015878341047518587,0.13967473743302172,0.030188691821978902,276005.6,112.09950936556449,0.21936145257957845,0.0001230901122207067,135.6,5.5946402922797445,73.8,4.086563348340509,73.8,4.086563348340509,808.6,16.72722332008514,0.5442252525768072,0.02007385577308656,0.5847434919746888,0.019275259167426815,0.5091435286429871,0.0015535296366717018
lendingclub_imb77,gbdt,least_risky,0.5,0,0.7783333333333333,0.0042508169149523285,0.5498069203927795,0.018272480294000127,0.06958523796776397,0.009085847766276408,0.09961384078555902,0.0365449605880003,60000.0,0.0,0.22374666666666668,0.001889789817825133,0.0,0.0,0.0,0.0,0.0,0.0,0.0,0.0,0.0,0.0,0.0,0.0,0.0,0.0
lendingclub_imb77,gbdt,least_risky,0.5,1,0.7807911177872765,0.00198795105318071,0.5670072042403883,0.006470422728564938,0.0568376539732923,0.006863568201840651,0.13401440848077667,0.012940845457129884,81646.8,34.412207136419866,0.22210086800651468,0.0014953206680424938,305.8,34.28848203114277,159.8,17.711578134090704,159.8,17.711578134090704,159.8,17.711578134090704,0.5231621515757114,0.030269748674170885,0.5513573667728234,0.01996126811173891,0.5214529936344838,0.0007200052256514876
lendingclub_imb77,gbdt,least_risky,0.5,2,0.778087131984426,0.0027836405087934696,0.5702615740741405,0.026491565084387582,0.04643964748797404,0.004406560989636926,0.14052314814828099,0.052983130168775094,103321.8,52.751303301435044,0.2211539091823969,0.0006988464273617836,277.0,26.673957336698283,140.8,10.329569206893385,140.8,10.329569206893385,300.6,26.40643860879387,0.5096703658802297,0.02468234852378785,0.5530187662105344,0.014420674813590747,0.5198291782315989,0.0022394701294874172
lendingclub_imb77,gbdt,least_risky,0.5,3,0.7806431710522281,0.002264498601548657,0.5766809401592841,0.019052843457877184,0.04560891226565571,0.0031198315509028056,0.15336188031856818,0.038105686915754305,125009.6,51.61685771141048,0.2209240395719995,0.0008308602193199412,264.6,13.12630945848832,144.8,14.567086187704115,144.8,14.567086187704115,445.4,25.71575392633862,0.5468339969397379,0.04269403684942619,0.5876354946414738,0.01704677608757363,0.5192381872572543,0.000697045044628461
lendingclub_imb77,gbdt,least_risky,0.5,4,0.7809343308497739,0.002448380871522014,0.5541480769186639,0.01965954519998435,0.04320114221878638,0.003399379929931195,0.10829615383732775,0.03931909039996864,146703.2,65.54921814942121,0.2205256622613499,0.0005850691502559302,258.6,16.21110730332755,141.8,7.854934754662192,141.8,7.854934754662192,587.2,31.665438572677303,0.5487506704813889,0.017074484744374972,0.5866897269781363,0.018216521996848714,0.5180430916276657,0.0015889404294368579
lendingclub_imb77,gbdt,least_risky,0.5,5,0.7804374496485048,0.0016378866676532635,0.5856350045842165,0.018413236232051718,0.04053965589827677,0.0026997397685931098,0.17127000916843285,0.03682647246410336,168384.0,62.745517768207435,0.2202716315995971,0.0005683378094626681,271.6,19.00789309734249,149.4,13.831124321616086,149.4,13.831124321616086,736.6,25.32390175308693,0.5495500839685539,0.021459080708081304,0.5740736052842733,0.012539547961598016,0.5174900678582925,0.00038011762471499487
lendingclub_imb77,gbdt,least_risky,0.5,6,0.781807400072314,0.0024778512506195903,0.5879700399123349,0.013667912610167568,0.038171270667197055,0.002343117291582415,0.1759400798246698,0.02733582522033506,190087.8,55.33714846285536,0.2201741072285554,0.0004942432410052829,248.8,10.32956920689338,134.4,9.91463564635635,134.4,9.91463564635635,871.0,20.952326839756978,0.5397853141337328,0.023851372776691238,0.5776049627143973,0.015268196078910357,0.5179568566451455,0.002463046145423756
lendingclub_imb77,gbdt,least_risky,0.5,7,0.7812026612871444,0.002008415965359973,0.5677537477057323,0.028488877620995876,0.038046593315857934,0.0037246415502178907,0.13550749541146465,0.056977755241991696,211801.0,54.244815420462075,0.22033894101534407,0.00032501558670376706,239.4,4.56070170039655,136.2,6.534523701081819,136.2,6.534523701081819,1007.2,22.78596058980178,0.5691904226813432,0.03156564245094724,0.5928442313162517,0.017376897686511888,0.517629556288475,0.000626989664195154
lendingclub_imb77,gbdt,least_risky,0.5,8,0.781484991916785,0.0018692119911564726,0.5837846222217371,0.0202759142890749,0.0378327122274585,0.0022854507230433804,0.1675692444434743,0.04055182857814983,233501.4,64.55462802928666,0.2204397716110395,0.0003195914171492971,252.2,28.865203966021095,139.8,10.109401564880088,139.8,10.109401564880088,1147.0,26.296387584609434,0.5568952761334015,0.03141390711075625,0.591662574477371,0.026748051855276702,0.5168767257318597,0.0010394110633418676
lendingclub_imb77,gbdt,least_risky,0.5,9,0.7810161851697689,0.001110800651826506,0.5730862649757241,0.020902439864900948,0.036425406252471274,0.0019332420058524864,0.1461725299514482,0.04180487972980192,255204.0,87.25537232743896,0.22058973176870822,0.0002823015423442685,249.8,24.39672109116306,142.6,15.27416118809802,142.6,15.27416118809802,1289.6,38.98461234897685,0.5711357694533818,0.03113853099123497,0.6045589701727369,0.02493053823460174,0.5173402371105871,0.0007650611013429883
lendingclub_imb77,gbdt,least_risky,0.5,10,0.7800129022973702,0.0013385802105503955,0.5707377205775742,0.019092099023338607,0.03452402018622132,0.0014419360105633644,0.14147544115514843,0.03818419804667731,276919.8,95.25859541269088,0.22050136684579327,7.80078906645784e-05,236.6,12.876334882255897,128.6,7.162401831787993,128.6,7.162401831787993,1418.2,42.880065298457716,0.5437305818191962,0.018672602585420427,0.5723343942418034,0.016961308429727935,0.5173691890157137,0.0015478983067645556
lendingclub_imb77,gbdt,least_risky,0.75,0,0.7783333333333333,0.0042508169149523285,0.5498069203927795,0.018272480294000127,0.06958523796776397,0.009085847766276408,0.09961384078555902,0.0365449605880003,60000.0,0.0,0.22374666666666668,0.001889789817825133,0.0,0.0,0.0,0.0,0.0,0.0,0.0,0.0,0.0,0.0,0.0,0.0,0.0,0.0
lendingclub_imb77,gbdt,least_risky,0.75,1,0.7802252316319321,0.0017308149831648293,0.5557561179395513,0.022065406303352957,0.05879481673123745,0.004261608756254782,0.11151223587910253,0.04413081260670601,81799.8,17.108477430795816,0.22269506841006978,0.0014640591775593047,458.8,51.591665993646686,242.4,18.338484124921557,242.4,18.338484124921557,242.4,18.338484124921557,0.530287471653034,0.027566537193788824,0.5513573667728234,0.01996126811173891,0.5362840768524262,0.0010868096027718043
lendingclub_imb77,gbdt,least_risky,0.75,2,0.7808212603462801,0.0023392433872995444,0.5653346059891938,0.018022687744766185,0.05583302684033835,0.005132631886858308,0.1306692119783877,0.03604537548953242,103612.6,25.67683781153883,0.22210047712493827,0.0006883938394474918,418.6,27.64597619907823,222.6,10.35857133006285,222.6,10.35857133006285,465.0,26.561249970586857,0.5327379580343559,0.025631176254404274,0.5530456159611419,0.01952582576557614,0.5342087677716856,0.0038082878358015153
lendingclub_imb77,gbdt,least_risky,0.75,3,0.7797931085868902,0.0021686954256914712,0.5744479487943565,0.01454432116570165,0.05404592404504814,0.0023319939850261623,0.14889589758871283,0.029088642331403288,125430.2,22.038602496530466,0.22210448253425064,0.0008533798221328171,404.2,24.560130292814,227.0,21.389249636207442,227.0,21.389249636207442,692.0,28.363709207365677,0.560860673761853,0.0235728487745653,0.5836365063020501,0.00631527119090419,0.5324703392214565,0.0023485404562193085
lendingclub_imb77,gbdt,least_risky,0.75,4,0.7825058165605251,0.0016844800690357946,0.5796191238063568,0.015003023406392393,0.05498960349648652,0.001984945734606442,0.1592382476127137,0.030006046812784827,147248.2,26.357162214475714,0.22186897002171255,0.0006109544230915394,402.8,15.706686474237658,229.8,5.718391382198318,229.8,5.718391382198318,921.8,28.717590428167895,0.5710940023482113,0.023609815887341006,0.5853639159210027,0.018188085268978225,0.5316776077730725,0.0016150232384475036
lendingclub_imb77,gbdt,least_risky,0.75,5,0.7805342684074857,0.0017678858327526616,0.5683170104241102,0.021977909466360673,0.051524474868194545,0.00261208700977458,0.13663402084822035,0.04395581893272134,169063.0,27.61340254297128,0.2217138324823505,0.0005528261079632752,412.4,31.516662259826937,234.2,20.96902477465273,234.2,20.96902477465273,1156.0,19.532024984624606,0.5677675209619456,0.024046866965304642,0.5839033403218695,0.018154190486022133,0.5317235549593693,0.002208932530161307
lendingclub_imb77,gbdt,least_risky,0.75,6,0.7798581883806175,0.001729931173790866,0.5817311068468655,0.0156769378957441,0.049197660555868765,0.0011091449577842155,0.16346221369373087,0.03135387579148822,190884.4,26.6045108957141,0.2216734548253482,0.0004813677978342671,393.2,17.455658108475888,215.0,8.031189202104505,215.0,8.031189202104505,1371.0,22.056745000112777,0.5470750010915922,0.013766476934268523,0.57199512813009,0.012487159795281115,0.5327716893802955,0.0023819103898034205
lendingclub_imb77,gbdt,least_risky,0.75,7,0.7812049552483235,0.0019400926418627412,0.5888556166290915,0.02138484623157329,0.050912363831371724,0.0021176536509821178,0.17771123325818294,0.04276969246314661,212712.8,24.139179770653215,0.22188228865185827,0.00031008475628536313,371.8,9.14877040918615,207.0,10.559356040971437,207.0,10.559356040971437,1578.0,26.466960535732092,0.55686477955828,0.027764538647818984,0.5785757241684548,0.021097273040863847,0.5301953824078958,0.0024587455134836866
lendingclub_imb77,gbdt,least_risky,0.75,8,0.7820325335826521,0.001174860113088642,0.5848022354614829,0.0092818586687182,0.05111625140996775,0.002734529063116947,0.16960447092296588,0.018563717337436423,234533.4,23.733941939759514,0.22202977718347813,0.0003380366415895718,395.8,20.535335400231475,227.6,10.784247771634332,227.6,10.784247771634332,1805.6,25.402755756019886,0.5755349633190623,0.024473116675463424,0.5952319387465587,0.01910383232859813,0.529984512021012,0.0018812237896251684
lendingclub_imb77,gbdt,least_risky,0.75,9,0.7806271756717705,0.001754106209067952,0.5707408741132556,0.017954003478622197,0.049086165483576416,0.00235196925732366,0.14148174822651113,0.0359080069572444,256356.6,25.676837811537343,0.2222216827203948,0.0002875505484226444,387.6,17.515707236649057,224.8,9.497368056467014,224.8,9.497368056467014,2030.4,25.1753848034146,0.5802943628546727,0.018849221629234605,0.6024727693075008,0.017414727537295657,0.5302410919240259,0.001946792095820779
lendingclub_imb77,gbdt,least_risky,0.75,10,0.7799745354581606,0.0021058787614530033,0.5631062947984947,0.014786068655857602,0.04914219171400738,0.0037482710531147566,0.12621258959698942,0.029572137311715162,278184.8,29.81107176871873,0.22215160095630013,6.006685797014837e-05,373.0,15.411035007422443,206.0,8.455767262643882,206.0,8.455767262643882,2236.4,29.099828178186876,0.5524601632991404,0.016193974678501196,0.5691610849336897,0.017872152163654006,0.5296474750857105,0.0011864744478641191
lendingclub_imb77,gbdt,least_risky,1.0,0,0.7783333333333333,0.0042508169149523285,0.5498069203927795,0.018272480294000127,0.06958523796776397,0.009085847766276408,0.09961384078555902,0.0365449605880003,60000.0,0.0,0.22374666666666668,0.001889789817825133,0.0,0.0,0.0,0.0,0.0,0.0,0.0,0.0,0.0,0.0,0.0,0.0,0.0,0.0
lendingclub_imb77,gbdt,least_risky,1.0,1,0.7790982856445611,0.002154147957383474,0.5767912931644098,0.026787270981347738,0.06707678499852499,0.00406662897188935,0.15358258632881966,0.05357454196269545,81952.0,0.0,0.22342590784849667,0.001555905987421446,611.0,68.69861716221077,336.2,31.115912327939228,336.2,31.115912327939228,336.2,31.115912327939228,0.5513573667728234,0.01996126811173891,0.5513573667728234,0.01996126811173891,0.5593967917026672,0.0031733947359318154
lendingclub_imb77,gbdt,least_risky,1.0,2,0.7773158173331408,0.002412915456078096,0.562799827529499,0.017270262529643567,0.062241524804219184,0.005299739197143211,0.1255996550589981,0.034540525059287217,103904.0,0.0,0.22320411148752695,0.0008017483619773971,578.6,59.12529069695977,316.4,33.463412856431724,316.4,33.463412856431724,652.6,60.977864836348594,0.5468718791098407,0.017178051318333776,0.5468718791098407,0.017178051318333776,0.5543985093357806,0.0035354631146294305
lendingclub_imb77,gbdt,least_risky,1.0,3,0.7814953122517083,0.0024706354416690304,0.5833255846784408,0.022526697217673277,0.06891624918307018,0.004205647908360096,0.16665116935688143,0.04505339443534657,125856.0,0.0,0.22347285786931095,0.0009423749464664156,544.0,26.589471600616662,317.4,18.32484652050325,317.4,18.32484652050325,970.0,58.40804739074915,0.5833065681898277,0.010487389344342016,0.5833065681898277,0.010487389344342016,0.5542823285195568,0.0018909665704553687
lendingclub_imb77,gbdt,least_risky,1.0,4,0.7815371084500372,0.0014186069040527825,0.5777913399597532,0.013051592904179992,0.06825587192855856,0.0047186710086084644,0.15558267991950633,0.02610318580836008,147808.0,0.0,0.22340468716172332,0.0006586412945180192,583.2,35.63285001231309,335.8,18.525657883055064,335.8,18.525657883055064,1305.8,65.63307093226703,0.5761309055871608,0.01677411269541502,0.5761309055871608,0.01677411269541502,0.5534453067396825,0.0026226809745406674
lendingclub_imb77,gbdt,least_risky,1.0,5,0.7811793119698398,0.0009932810668141184,0.5718387910551178,0.015346830298335138,0.06641733343675454,0.0022682911842422716,0.14367758211023574,0.030693660596670298,169760.0,0.0,0.2233824222431668,0.0006220529919221759,592.4,40.141001482274945,335.8,17.340703561274555,335.8,17.340703561274555,1641.6,66.08555061433626,0.5674805773976991,0.016786594064125526,0.5674805773976991,0.016786594064125526,0.5544998583441613,0.0024634056542922264
lendingclub_imb77,gbdt,least_risky,1.0,6,0.7792817463422267,0.0011080325371643767,0.5814062596207163,0.020462290294034235,0.06468248665044776,0.002406971570761793,0.1628125192414327,0.04092458058806851,191712.0,0.0,0.22344141211817728,0.0005404276570043805,576.4,31.60379724020517,329.2,25.674890457409937,329.2,25.674890457409937,1970.8,75.17446374933444,0.5705538448866082,0.013804432089069963,0.5705538448866082,0.013804432089069963,0.5552267417351697,0.003410466873697697
lendingclub_imb77,gbdt,least_risky,1.0,7,0.7806706760583155,0.0011178290841389977,0.5823041616632961,0.00817730794682583,0.06732182389909483,0.004190755321764239,0.16460832332659228,0.01635461589365165,213664.0,0.0,0.22371199640557138,0.0003610226313242271,551.2,20.33961651555901,318.6,14.808781178746624,318.6,14.808781178746624,2289.4,83.90947503113102,0.5779515230850728,0.012856936579400752,0.5779515230850728,0.012856936579400752,0.5534036120964021,0.001102388978829562
lendingclub_imb77,gbdt,least_risky,1.0,8,0.7805194805194805,0.000925763528360348,0.5812607336410667,0.016026932179654885,0.06634008368730361,0.002487930333244299,0.16252146728213313,0.03205386435930975,235616.0,0.0,0.22392961428765448,0.0003005836312822317,581.4,43.34512660034574,340.0,11.726039399558573,340.0,11.726039399558573,2629.4,84.8280613948002,0.586195758491282,0.023656498142450393,0.586195758491282,0.023656498142450393,0.5525576856952144,0.001115226559969814
lendingclub_imb77,gbdt,least_risky,1.0,9,0.7800908490895678,0.0019215919607349149,0.5878316846829249,0.01085323329281639,0.06892309404513505,0.0022770673019525244,0.17566336936584986,0.021706466585632744,257568.0,0.0,0.22418235184494967,0.00021194872066155102,570.0,33.80088756231115,344.6,15.05988047761336,344.6,15.05988047761336,2974.0,95.69482744641944,0.6052325270732881,0.020774724517644023,0.6052325270732881,0.020774724517644023,0.5533164501121631,0.0026871635114435605
lendingclub_imb77,gbdt,least_risky,1.0,10,0.7788494562106468,0.001279972324141951,0.5762456892770291,0.014910579449731573,0.06804470009753694,0.0037658031093608137,0.1524913785540582,0.029821158899463122,279520.0,0.0,0.22413423010875788,0.0,554.8,20.364184245876384,315.2,13.827508813954884,315.2,13.827508813954884,3289.2,100.71841936805794,0.5682387512241673,0.018098457294781514,0.5682387512241673,0.018098457294781514,0.553812688579724,0.001383931249632447
lendingclub_imb77,gbdt,most_risky,0.0,0,0.7783333333333333,0.0042508169149523285,0.5498069203927795,0.018272480294000127,0.06958523796776397,0.009085847766276408,0.09961384078555902,0.0365449605880003,60000.0,0.0,0.22374666666666668,0.001889789817825133,0.0,0.0,0.0,0.0,0.0,0.0,0.0,0.0,0.0,0.0,0.0,0.0,0.0,0.0
lendingclub_imb77,gbdt,most_risky,0.0,1,0.7804205606822959,0.0026336003199069094,0.5598235800213477,0.03746524848472393,0.05102480437805033,0.0048418626130693355,0.11964716004269531,0.07493049696944798,81341.0,68.69861716221077,0.2209715329491016,0.0013868711278497941,0.0,0.0,0.0,0.0,0.0,0.0,0.0,0.0,0.0,0.0,0.0,0.0,0.0,0.0
lendingclub_imb77,gbdt,most_risky,0.0,2,0.7807579408321149,0.0012740951252633974,0.5800459179564581,0.01311753505658006,0.042333463712951186,0.0023360872590905525,0.16009183591291623,0.026235070113160074,102738.2,131.49410633180315,0.21950193382606714,0.0005214386395364012,0.0,0.0,0.0,0.0,0.0,0.0,0.0,0.0,0.0,0.0,0.0,0.0,0.0,0.0
lendingclub_imb77,gbdt,most_risky,0.0,3,0.7825640231025535,0.002675492401756691,0.5770357859642699,0.023175400873213303,0.034619945046936614,0.0027344654801400776,0.15407157192853965,0.04635080174642659,124158.4,122.13025833101506,0.2188901175998294,0.0006824030076660264,0.0,0.0,0.0,0.0,0.0,0.0,0.0,0.0,0.0,0.0,0.0,0.0,0.0,0.0
lendingclub_imb77,gbdt,most_risky,0.0,4,0.7844838385007898,0.0023347851410558617,0.5635509452661626,0.025499544495007024,0.03223736205232854,0.002698079614175112,0.12710189053232512,0.05099908899001405,145615.8,146.16155445260307,0.2182786837847555,0.0005098537423697983,0.0,0.0,0.0,0.0,0.0,0.0,0.0,0.0,0.0,0.0,0.0,0.0,0.0,0.0
lendingclub_imb77,gbdt,most_risky,0.0,5,0.7842937087282272,0.0019761302917131445,0.5922326502825617,0.008593541701622805,0.02839448573968497,0.0021159576268613175,0.1844653005651233,0.017187083403245627,167055.2,165.99307214459134,0.21781316913337329,0.0005343817762088125,0.0,0.0,0.0,0.0,0.0,0.0,0.0,0.0,0.0,0.0,0.0,0.0,0.0,0.0
lendingclub_imb77,gbdt,most_risky,0.0,6,0.7831903245700764,0.0023592580275751205,0.6042764570477253,0.04466160358128213,0.025584127500729498,0.002976993132485345,0.20855291409545046,0.08932320716256421,188531.6,176.55395775795745,0.2176028680559198,0.0004991235149211693,0.0,0.0,0.0,0.0,0.0,0.0,0.0,0.0,0.0,0.0,0.0,0.0,0.0,0.0
lendingclub_imb77,gbdt,most_risky,0.0,7,0.7831769507779037,0.0014281701800184846,0.6010864015357644,0.02200155119162043,0.023125713323646928,0.002702932817392337,0.202172803071529,0.04400310238324076,210044.0,186.4269293852184,0.2177049179552586,0.00028363101258140045,0.0,0.0,0.0,0.0,0.0,0.0,0.0,0.0,0.0,0.0,0.0,0.0,0.0,0.0
lendingclub_imb77,gbdt,most_risky,0.0,8,0.7835201323382688,0.0016188303912245666,0.6037435329369331,0.03713762756958545,0.0212220096355271,0.0014726728463953164,0.20748706587386612,0.07427525513917094,231552.6,207.16370338454192,0.21776803528983493,0.00039482170546744,0.0,0.0,0.0,0.0,0.0,0.0,0.0,0.0,0.0,0.0,0.0,0.0,0.0,0.0
lendingclub_imb77,gbdt,most_risky,0.0,9,0.7823834005308794,0.0018496803070291426,0.6070238074931857,0.030787006804186244,0.020158317339194896,0.0004197626410838968,0.21404761498637156,0.061574013608372495,253067.6,235.42153682278345,0.21786797338232627,0.00039768422789813904,0.0,0.0,0.0,0.0,0.0,0.0,0.0,0.0,0.0,0.0,0.0,0.0,0.0,0.0
lendingclub_imb77,gbdt,most_risky,0.0,10,0.7827494714420433,0.0017706724965913649,0.5820187366968754,0.01815725114505215,0.018746186611653955,0.0014652978323132467,0.164037473393751,0.0363145022901043,274599.2,254.06140989925902,0.21777618468885854,0.00017044231956660406,0.0,0.0,0.0,0.0,0.0,0.0,0.0,0.0,0.0,0.0,0.0,0.0,0.0,0.0
lendingclub_imb77,gbdt,most_risky,0.01,0,0.7783333333333333,0.0042508169149523285,0.5498069203927795,0.018272480294000127,0.06958523796776397,0.009085847766276408,0.09961384078555902,0.0365449605880003,60000.0,0.0,0.22374666666666668,0.001889789817825133,0.0,0.0,0.0,0.0,0.0,0.0,0.0,0.0,0.0,0.0,0.0,0.0,0.0,0.0
lendingclub_imb77,gbdt,most_risky,0.01,1,0.7809460874173982,0.0018120020211652291,0.5549561786375186,0.026722399330151348,0.05089119266486604,0.003615529400197527,0.1099123572750372,0.053444798660302585,81347.6,67.83288288138678,0.22101014601760333,0.001384335961921159,6.6,0.8944271909999159,4.6,0.5477225575051662,4.6,0.5477225575051662,4.6,0.5477225575051662,0.7059523809523809,0.12108377752258277,0.5513573667728234,0.01996126811173891,0.7380950327883932,0.025714848115806415
lendingclub_imb77,gbdt,most_risky,0.01,2,0.7805802056084269,0.0017582545337609897,0.548260903660399,0.031470530667097686,0.03986923822396177,0.003845438127959902,0.09652180732079807,0.06294106133419539,102740.0,124.32015122256104,0.21951757130285818,0.0005008015366058931,6.0,0.7071067811865476,4.2,0.8366600265340756,4.2,0.8366600265340756,8.8,1.095445115010332,0.7190476190476189,0.21322488740226775,0.5510313053242151,0.023960558690417775,0.7251060128052573,0.014648623006720636
lendingclub_imb77,gbdt,most_risky,0.01,3,0.7833850051206243,0.00330797620724741,0.5849364203911581,0.012255683851890653,0.035768894027688174,0.0038153038453925974,0.16987284078231624,0.024511367703781362,124172.0,119.50523001107706,0.2189080843787352,0.0007141502789517631,6.0,0.0,4.0,0.7071067811865476,4.0,0.7071067811865476,12.8,1.095445115010332,0.6666666666666666,0.11785113019775793,0.5864275962751383,0.019455865816879903,0.7178001123054117,0.01564934132926758
lendingclub_imb77,gbdt,most_risky,0.01,4,0.784016132254212,0.0016023357213973254,0.5778441385828682,0.036695329675726245,0.03188311793751504,0.0022008422273593112,0.15568827716573633,0.07339065935145249,145628.4,168.3710188838959,0.2182777222995249,0.0004322661858295584,5.4,0.5477225575051663,3.6,1.140175425099138,3.6,1.140175425099138,16.4,1.673320053068151,0.6666666666666666,0.21602468994692867,0.5873387133126181,0.023005750784542287,0.7010623998946857,0.011301304951676788
lendingclub_imb77,gbdt,most_risky,0.01,5,0.7850899604082593,0.0018496077244421739,0.5839285025770301,0.023748320121593534,0.027307218403810812,0.0016902432621695468,0.1678570051540602,0.04749664024318702,167086.4,183.5055857460477,0.2178575929913035,0.0004069858777380084,5.2,0.44721359549995787,4.0,0.7071067811865476,4.0,0.7071067811865476,20.4,1.9493588689617927,0.7733333333333333,0.1534781924429512,0.5830600183583331,0.008817708377205241,0.6945295050081329,0.025561987034967662
lendingclub_imb77,gbdt,most_risky,0.01,6,0.784407504993436,0.0023669516569725644,0.6043045126920005,0.015181049812988488,0.025529618844901347,0.0011148605318031727,0.2086090253840008,0.03036209962597699,188579.4,209.41537670380993,0.21766222344828412,0.0003918698680076198,5.2,0.44721359549995787,3.6,1.51657508881031,3.6,1.51657508881031,24.0,3.082207001484488,0.6866666666666668,0.27243755655603397,0.5866488446237147,0.025821400048794678,0.6908237361891783,0.022428588798785735
lendingclub_imb77,gbdt,most_risky,0.01,7,0.7835886224307058,0.00272741181863161,0.5989141818946618,0.02128320148905717,0.023013794991564744,0.0009242809738050904,0.19782836378932372,0.04256640297811433,210096.2,213.37689659379328,0.21777167550799498,0.00017002810839880503,5.0,0.0,4.0,0.7071067811865476,4.0,0.7071067811865476,28.0,3.3166247903553994,0.8,0.14142135623730956,0.591616669007189,0.014359050058567914,0.6882875709331995,0.019982816021711945
lendingclub_imb77,gbdt,most_risky,0.01,8,0.7838476251627509,0.0015095974299471505,0.5937150073682392,0.02281254405043427,0.02295168233992747,0.0017462837918253917,0.18743001473647852,0.045625088100868544,231602.6,226.49679909438356,0.2178306916613783,0.0003907548650164935,5.0,0.0,4.6,0.5477225575051662,4.6,0.5477225575051662,32.6,2.880972058177587,0.9199999999999999,0.1095445115010332,0.5994233414705243,0.029253644647843996,0.6959714335553309,0.023424047507721642
lendingclub_imb77,gbdt,most_risky,0.01,9,0.7828905638699102,0.0016245661485968827,0.5928144205435896,0.016865973082027277,0.020127640920999425,0.0008003584286836685,0.1856288410871792,0.033731946164054526,253104.0,235.52494560024846,0.2179148339164601,0.0004512599765581957,5.0,0.0,2.8,1.0954451150103321,2.8,1.0954451150103321,35.4,3.130495168499706,0.5599999999999999,0.21908902300206642,0.6121677428361038,0.019198529272149385,0.6813107324531764,0.02270526133537046
lendingclub_imb77,gbdt,most_risky,0.01,10,0.7835076095681857,0.0010843368333912013,0.5722157678652715,0.033158547562542315,0.019914401583791663,0.0006155553239316624,0.14443153573054296,0.06631709512508467,274649.4,233.695956319316,0.217835390345761,0.0002188413639252021,5.0,0.0,3.0,1.224744871391589,3.0,1.224744871391589,38.4,3.6469165057620945,0.6,0.2449489742783178,0.5769197235903296,0.016943825251309236,0.6788340871419922,0.009857519549013991
lendingclub_imb77,gbdt,most_risky,0.02,0,0.7783333333333333,0.0042508169149523285,0.5498069203927795,0.018272480294000127,0.06958523796776397,0.009085847766276408,0.09961384078555902,0.0365449605880003,60000.0,0.0,0.22374666666666668,0.001889789817825133,0.0,0.0,0.0,0.0,0.0,0.0,0.0,0.0,0.0,0.0,0.0,0.0,0.0,0.0
lendingclub_imb77,gbdt,most_risky,0.02,1,0.7811686080440353,0.0018427407623828802,0.5680391499321583,0.03311576771647445,0.05062125600118707,0.004316619658004578,0.13607829986431663,0.06623153543294884,81354.0,67.29784543356325,0.2210443817254309,0.001379265294933917,13.0,1.414213562373095,8.8,0.8366600265340757,8.8,0.8366600265340757,8.8,0.8366600265340757,0.680952380952381,0.07405871911902759,0.5513573667728234,0.01996126811173891,0.7173919611534084,0.02247608163676821
lendingclub_imb77,gbdt,most_risky,0.02,2,0.7804178423661405,0.0029096246126058952,0.5844191494106206,0.029188392888372293,0.040238097073071855,0.002818288216542997,0.16883829882124102,0.05837678577674461,102754.8,112.89242667247409,0.21953057737680118,0.0005708901796483709,11.8,1.0954451150103326,7.0,1.0,7.0,1.0,15.8,1.3038404810405297,0.5944055944055944,0.08064729087182378,0.5576306574729983,0.01913871943122163,0.7074992258776108,0.01154455757423683
lendingclub_imb77,gbdt,most_risky,0.02,3,0.7817858879866855,0.0035068822282527485,0.5920767094708491,0.02547654755407515,0.036988000275563246,0.00408782792317552,0.18415341894169837,0.050953095108150305,124215.6,96.9963916854622,0.2190355315788016,0.0007702488627529473,10.4,0.547722557505166,7.4,1.140175425099138,7.4,1.140175425099138,23.2,1.7888543819998317,0.7163636363636364,0.13837904585080255,0.58044664615974,0.007903548336048664,0.7054795973790512,0.015086368624438691
lendingclub_imb77,gbdt,most_risky,0.02,4,0.7838467613199461,0.0020677853078013794,0.5794320498478316,0.03410727753157339,0.03342328297256847,0.0026536047557064435,0.1588640996956631,0.0682145550631467,145667.0,108.8600018372221,0.2183886696777269,0.0005585817512411223,10.6,0.5477225575051661,7.4,0.8944271909999157,7.4,0.8944271909999157,30.6,2.408318915758459,0.7,0.09403709484353277,0.5844679004819682,0.018605854745359255,0.6888652516453166,0.021185540684081502
lendingclub_imb77,gbdt,most_risky,0.02,5,0.7848236411959427,0.0017095331601826005,0.5772726428562149,0.02436509710129882,0.028568189576132257,0.002094990903506627,0.15454528571243,0.048730194202597645,167131.6,121.01363559533559,0.21796968149103324,0.0005261330666574685,10.6,0.8944271909999159,6.4,1.816590212458495,6.4,1.816590212458495,37.0,2.345207879911715,0.6072727272727272,0.1877883457776796,0.5813821724934621,0.01639661196756904,0.6850514199131028,0.005972487050527802
lendingclub_imb77,gbdt,most_risky,0.02,6,0.7850816627814678,0.0021991972800060365,0.5924363841127359,0.022102804699334167,0.025286701311273568,0.0011696434070085293,0.18487276822547188,0.04420560939866834,188612.4,132.32649016731673,0.21774712861343198,0.0005261628480731118,10.2,0.44721359549995804,6.8,2.280350850198276,6.8,2.280350850198276,43.8,4.266145801540309,0.6654545454545454,0.2206676570683458,0.5847262142300509,0.024974228946674087,0.6801622172611629,0.00818555781761549
lendingclub_imb77,gbdt,most_risky,0.02,7,0.783663790363133,0.0021369391432848775,0.599146870759975,0.019092515745866984,0.024979806937502937,0.003095449356909943,0.19829374151994988,0.038185031491733884,210137.8,131.65940908268269,0.21785516042382627,0.0003407776104874055,9.4,0.5477225575051662,6.8,0.8366600265340756,6.8,0.8366600265340756,50.6,4.393176527297759,0.7244444444444444,0.08692269873603536,0.5958023764702574,0.008301606012603054,0.6745502792093905,0.0043710743739090365
lendingclub_imb77,gbdt,most_risky,0.02,8,0.7833635489479904,0.0014574759277793837,0.6003823868214112,0.013743014853990786,0.021700290531905427,0.0019043186042819967,0.20076477364282241,0.027486029707981544,231646.8,151.46187639139183,0.21791439156995582,0.00040220080776719457,9.4,0.8944271909999156,7.2,1.4832396974191324,7.2,1.4832396974191324,57.8,4.147288270665545,0.7727777777777778,0.17307584150764727,0.5974303357521571,0.021858979855903175,0.6724347232128279,0.01961477009656122
lendingclub_imb77,gbdt,most_risky,0.02,9,0.7828659142938722,0.0010820132890471772,0.5736179588117019,0.02216390465454942,0.020721492793544412,0.0008382393659494962,0.14723591762340363,0.04432780930909877,253172.6,180.31306109097758,0.21801627428259943,0.000372615517591354,9.2,0.44721359549995804,5.0,2.449489742783178,5.0,2.449489742783178,62.8,2.280350850198277,0.5444444444444445,0.27329719724997426,0.6204795784888064,0.032693975765704625,0.6692728811645392,0.009796384890087953
lendingclub_imb77,gbdt,most_risky,0.02,10,0.782357803713583,0.0014451446589064888,0.5866112562168853,0.01821166566881518,0.02065507307070367,0.0013812751748381524,0.1732225124337706,0.03642333133763034,274710.8,214.54533320489054,0.21793598302970202,0.00019278829529779796,8.8,0.8366600265340756,5.2,0.8366600265340755,5.2,0.8366600265340755,68.0,2.345207879911715,0.5972222222222222,0.1242259987499883,0.5660992150455331,0.023463267094998214,0.6638332904262155,0.006433075502256657
lendingclub_imb77,gbdt,most_risky,0.05,0,0.7783333333333333,0.0042508169149523285,0.5498069203927795,0.018272480294000127,0.06958523796776397,0.009085847766276408,0.09961384078555902,0.0365449605880003,60000.0,0.0,0.22374666666666668,0.001889789817825133,0.0,0.0,0.0,0.0,0.0,0.0,0.0,0.0,0.0,0.0,0.0,0.0,0.0,0.0
lendingclub_imb77,gbdt,most_risky,0.05,1,0.7797474033608932,0.002419962035522165,0.5664324237223977,0.024210955387440142,0.050795007074531315,0.005141989073638505,0.13286484744479526,0.04842191077488031,81372.0,64.95767852994577,0.22113066202629844,0.0013861351875773492,31.0,3.7416573867739404,19.8,3.1144823004794873,19.8,3.1144823004794873,19.8,3.1144823004794873,0.6378167358897582,0.04626063513185681,0.5513573667728234,0.01996126811173891,0.6873668951458336,0.018430085565962852
lendingclub_imb77,gbdt,most_risky,0.05,2,0.7836178361759969,0.0015563691993517414,0.5735758259540156,0.026640656952065248,0.04353508684593568,0.002492708860052516,0.1471516519080313,0.053281313904130524,102801.8,107.31821839743705,0.21975134702817317,0.000545393461480449,28.2,2.5884358211089564,18.6,3.4351128074635335,18.6,3.4351128074635335,38.4,4.615192303685731,0.655509312341348,0.06951252661615273,0.5509943885683594,0.00926351965186631,0.6694010713555858,0.012459088978951092
lendingclub_imb77,gbdt,most_risky,0.05,3,0.7822957934892882,0.0017311339358721614,0.5795429372776779,0.008875600163003417,0.03809529587669265,0.0033204928668726973,0.1590858745553559,0.017751200326006883,124243.4,111.38357149957243,0.21920717974443144,0.0007522869732538592,27.4,1.1401754250991383,20.0,2.345207879911715,20.0,2.345207879911715,58.4,6.188699378706322,0.7290156203949307,0.07224112670561306,0.5751815784250035,0.010297874498215663,0.668942076357757,0.00786815860709881
lendingclub_imb77,gbdt,most_risky,0.05,4,0.783731908828877,0.0025488186193464006,0.5923638485917377,0.028814620047332793,0.03433358528195128,0.0027806122063390314,0.18472769718347554,0.05762924009466565,145705.2,127.66048723077598,0.21855931916922552,0.0005468186799757654,26.4,1.5165750888103098,17.6,2.0736441353327715,17.6,2.0736441353327715,76.0,8.246211251235323,0.6658424908424909,0.05810730856346935,0.5869719647716919,0.022200066692174853,0.6720411244630358,0.010623531379115462
lendingclub_imb77,gbdt,most_risky,0.05,5,0.7836094468384253,0.0016848700060615538,0.6080104257849505,0.022397633394165232,0.03197183980877798,0.0028540934762849974,0.21602085156990097,0.04479526678833048,167176.8,123.83941214330423,0.21815485066646007,0.0005370107094073256,25.8,1.3038404810405297,17.2,1.9235384061671343,17.2,1.9235384061671343,93.2,8.318653737234166,0.6657948717948718,0.05741523138132835,0.5781596043958006,0.021667499226178073,0.6596498847273744,0.006915175450714274
lendingclub_imb77,gbdt,most_risky,0.05,6,0.7828641352049506,0.002788519714268764,0.5925430254557366,0.02828426718858327,0.028248613320900996,0.0023284593962358225,0.1850860509114732,0.056568534377166496,188663.6,134.13351557310006,0.21795624015968906,0.0005189637773750637,24.8,1.4832396974191326,16.6,1.51657508881031,16.6,1.51657508881031,109.8,8.729261137118076,0.6694347826086957,0.04794978513570179,0.5739752392008041,0.024772491530549504,0.6616910566454008,0.012905027012579867
lendingclub_imb77,gbdt,most_risky,0.05,7,0.7826395371173668,0.00160096131640252,0.6115106482514434,0.01848374229498455,0.02572408207425056,0.0015469962899493433,0.22302129650288682,0.036967484589969055,210183.2,128.14327918389213,0.21804222131257173,0.00026623863839755045,23.2,1.0954451150103324,16.8,2.3874672772626644,16.8,2.3874672772626644,126.6,8.384509526501835,0.7238418972332015,0.09553590424702553,0.5951658610571536,0.010902278210241674,0.6585773057252192,0.011754524287190002
lendingclub_imb77,gbdt,most_risky,0.05,8,0.7830531121720703,0.002669640805638984,0.6069351590658407,0.025233933977431334,0.024475479541766855,0.0008609841220465719,0.21387031813168159,0.05046786795486263,231703.6,136.63564688615944,0.21810617566927099,0.0003488724976683144,23.2,1.30384048104053,16.4,2.6076809620810595,16.4,2.6076809620810595,143.0,8.154753215150048,0.7057918313570488,0.09771760468493887,0.5978250312472466,0.02512348378537153,0.6551007724455082,0.008357040405321797
lendingclub_imb77,gbdt,most_risky,0.05,9,0.7822097959046456,0.0016683566442068517,0.6121867037905424,0.02799112331047948,0.02275045290871961,0.0014028131781793666,0.2243734075810849,0.05598224662095893,253223.6,161.4227369362789,0.21818249131423206,0.0003621440852225071,23.2,1.3038404810405302,14.8,2.16794833886788,14.8,2.16794833886788,157.8,8.105553651663774,0.6384084321475626,0.09315380456707022,0.6212648218666693,0.025797500286216583,0.6528549413363542,0.006979302377905394
lendingclub_imb77,gbdt,most_risky,0.05,10,0.7828685644083514,0.0013004915287148752,0.5880850614767704,0.009461978093956325,0.02204984403002192,0.0017295662888714893,0.1761701229535407,0.018923956187912663,274775.8,166.55239415871455,0.21808899571577173,0.00016710992570861664,21.4,0.5477225575051664,13.8,3.271085446759225,13.8,3.271085446759225,171.6,7.056911505750941,0.648051948051948,0.166621683927973,0.5818412387169094,0.021906327307998172,0.6466281860491006,0.009325059129531493
lendingclub_imb77,gbdt,most_risky,0.1,0,0.7783333333333333,0.0042508169149523285,0.5498069203927795,0.018272480294000127,0.06958523796776397,0.009085847766276408,0.09961384078555902,0.0365449605880003,60000.0,0.0,0.22374666666666668,0.001889789817825133,0.0,0.0,0.0,0.0,0.0,0.0,0.0,0.0,0.0,0.0,0.0,0.0,0.0,0.0
lendingclub_imb77,gbdt,most_risky,0.1,1,0.7813528638066819,0.001699679941194382,0.5664514954418263,0.01919020055370568,0.052196731175952596,0.004282991237707356,0.13290299088365237,0.03838040110741148,81402.6,61.751923046976685,0.22129077152282178,0.0014155553836590932,61.6,6.949820141557623,39.6,6.87749954561976,39.6,6.87749954561976,39.6,6.87749954561976,0.6396466291314536,0.03965773453033631,0.5513573667728234,0.01996126811173891,0.6636778984357866,0.014651621098445452
lendingclub_imb77,gbdt,most_risky,0.1,2,0.781095339049444,0.000847970174455265,0.57515395039087,0.03804250229538,0.04278911926844221,0.003978506693805354,0.15030790078174,0.07608500459076,102851.0,105.98348928017218,0.21990872040658874,0.0005812625444919043,56.4,5.128352561983234,34.6,6.024948132556826,34.6,6.024948132556826,74.2,11.388590782006348,0.6113256373256373,0.06648878205474015,0.5577193807708787,0.025238212523931002,0.6547505992954233,0.014063314765797403
lendingclub_imb77,gbdt,most_risky,0.1,3,0.7818597304414878,0.0018553982587284973,0.59380615597853,0.017934356887984268,0.04084052641068761,0.002352861401307012,0.18761231195706013,0.03586871377596861,124334.6,115.5802751337783,0.21943401508775393,0.0007526448600779799,52.6,2.7018512172212596,33.4,3.507135583350036,33.4,3.507135583350036,107.6,12.340988615179905,0.6339035259967558,0.04070095086017854,0.579441231101191,0.018020144626410536,0.6538452633273953,0.006924446069800994
lendingclub_imb77,gbdt,most_risky,0.1,4,0.7851209502690649,0.0016890650904425087,0.5860310710315761,0.02890221282024523,0.039819134642548736,0.002317266375805121,0.17206214206315215,0.05780442564049042,145820.2,140.75759304563488,0.2188806685124244,0.0005501049035436776,52.6,3.646916505762094,37.8,4.969909455915671,37.8,4.969909455915671,145.4,15.290519938837921,0.7174462850952424,0.06752529427809624,0.57673390044752,0.018373665584151745,0.6427504598370108,0.008166446406133454
lendingclub_imb77,gbdt,most_risky,0.1,5,0.784048947295969,0.0010592426903920764,0.5919627919581673,0.014092541998454142,0.03399324202349577,0.0024699211826972045,0.18392558391633454,0.028185083996908323,167281.4,158.09901960480423,0.21844164065049573,0.0005665467648916739,55.2,4.8166378315169185,35.0,4.47213595499958,35.0,4.47213595499958,180.4,15.517731793016655,0.6336049551733646,0.05353083124816572,0.5706571813804954,0.009422522884947675,0.6429281720742355,0.008317159807427914
lendingclub_imb77,gbdt,most_risky,0.1,6,0.7831699812747537,0.002413338270864217,0.6000531566513139,0.03876838591050063,0.030080660315867536,0.003162475332653078,0.2001063133026276,0.07753677182100124,188794.2,172.2852286181278,0.21825677641904115,0.0005074696807409694,49.2,2.167948338867879,33.8,5.310367218940702,33.8,5.310367218940702,214.2,17.92205345377588,0.6852176759410802,0.09035281151413715,0.58195154703731,0.011336998674692914,0.6433077390847888,0.007336808350861942
lendingclub_imb77,gbdt,most_risky,0.1,7,0.7835456371519436,0.002796205685552518,0.6121042250827406,0.005850736835281555,0.028867648229397014,0.00338209092635642,0.22420845016548135,0.011701473670563144,210327.4,166.596218444478,0.21835579897289453,0.0002998087984014999,47.0,1.4142135623730951,31.8,2.489979919597747,31.8,2.489979919597747,246.0,17.23368793961409,0.6776328502415458,0.06482151949199144,0.5881269493901072,0.0077779655844980025,0.6425953497017239,0.007084742833997824
lendingclub_imb77,gbdt,most_risky,0.1,8,0.7832886841570137,0.0012641590347669677,0.6014621489701473,0.020360877471644584,0.026828076603123297,0.0020082679626553164,0.20292429794029454,0.04072175494328919,231850.4,179.9063645344438,0.21839672097359436,0.00038414705903548613,48.2,3.563705936241091,31.6,2.3021728866442674,31.6,2.3021728866442674,277.6,17.096783323186845,0.6560841835687573,0.027722602791859365,0.5973213165615775,0.023822834803404556,0.6377587480353394,0.007535301533280618
lendingclub_imb77,gbdt,most_risky,0.1,9,0.7837952125674004,0.001590966386858118,0.5957968999264927,0.008248917357484462,0.027430288403439244,0.0007128466467422983,0.1915937998529854,0.016497834714968903,253391.8,213.03919827111727,0.21850799541752225,0.0003923120171570927,46.0,4.527692569068708,30.6,4.722287581247039,30.6,4.722287581247039,308.2,19.21457779916071,0.6645353586007381,0.06911284777458356,0.6118866556002411,0.027324952353946115,0.6323337712460853,0.0058509224181273215
lendingclub_imb77,gbdt,most_risky,0.1,10,0.7828870602868455,0.001343059559253518,0.5938317310169491,0.018651840262854776,0.02562594526925574,0.0010199063332983374,0.18766346203389814,0.03730368052570955,274933.0,223.7442736697411,0.2183919945230707,0.00019419349584400762,46.4,1.9493588689617924,30.8,3.3466401061363023,30.8,3.3466401061363023,339.0,17.87456293171947,0.6644136984258565,0.07317686318138729,0.5761253187891139,0.018499418558634753,0.6384489805684272,0.010823939620664524
lendingclub_imb77,gbdt,most_risky,0.15,0,0.7783333333333333,0.0042508169149523285,0.5498069203927795,0.018272480294000127,0.06958523796776397,0.009085847766276408,0.09961384078555902,0.0365449605880003,60000.0,0.0,0.22374666666666668,0.001889789817825133,0.0,0.0,0.0,0.0,0.0,0.0,0.0,0.0,0.0,0.0,0.0,0.0,0.0,0.0
lendingclub_imb77,gbdt,most_risky,0.15,1,0.7807233456441637,0.0011041810209041665,0.5639790977010002,0.03627066851301373,0.05422702119833014,0.0038135388733430897,0.12795819540200049,0.07254133702602739,81433.4,58.34209458015761,0.22142071432338453,0.0014335592627023718,92.4,10.358571330062848,57.0,7.842193570679062,57.0,7.842193570679062,57.0,7.842193570679062,0.6157206477223612,0.024216588340250894,0.5513573667728234,0.01996126811173891,0.6486547555194709,0.012417351423327434
lendingclub_imb77,gbdt,most_risky,0.15,2,0.7819575563514687,0.0028511736356870232,0.5811359576644239,0.023941713730052817,0.04800051247018819,0.0024045822937928778,0.16227191532884797,0.04788342746010571,102904.4,104.44520094288684,0.22018336263219762,0.0006166126661588498,85.6,8.988882021697695,55.0,8.246211251235321,55.0,8.246211251235321,112.0,13.87443692551161,0.6414748993696362,0.055396972307211245,0.5472716477957782,0.017566198411828538,0.6381429793107136,0.007554480684940574
lendingclub_imb77,gbdt,most_risky,0.15,3,0.7814193853672913,0.0016182337642234132,0.5838157960475555,0.01638442930785733,0.0420022927319539,0.0016651210583773755,0.16763159209511094,0.03276885861571465,124398.2,111.74390363684108,0.21969643912026404,0.0008370525719788806,81.4,3.1304951684997073,54.2,6.418722614352485,54.2,6.418722614352485,166.2,17.282939564784694,0.6643585330332318,0.05696438113980198,0.5854351891835708,0.02163343461242088,0.6388300407762472,0.003456735564103718
lendingclub_imb77,gbdt,most_risky,0.15,4,0.7844390709350827,0.0020635270671542443,0.5881333109318083,0.013608216713568674,0.04010038402482633,0.00304766445934078,0.17626662186361658,0.027216433427137338,145910.4,140.84850016950872,0.21913604671923115,0.0005637008249345266,78.2,6.685805860178711,51.4,4.159326868617084,51.4,4.159326868617084,217.6,19.71801207018598,0.6596202698163222,0.06132234917491959,0.5847745045663684,0.016534973996692258,0.6332846267785571,0.005145200426360689
lendingclub_imb77,gbdt,most_risky,0.15,5,0.7833051155586974,0.001575557888168129,0.5865985870368539,0.012174552747111062,0.03665390277575876,0.0015710540980719192,0.17319717407370772,0.024349105494222166,167408.2,173.2936813620147,0.21872894325545106,0.0005488301764039267,80.6,10.714476188783097,52.6,4.03732584763727,52.6,4.03732584763727,270.2,21.475567512873784,0.6581013116356355,0.06119201560862378,0.5805904499132561,0.011347878601680971,0.6336679424833147,0.009075816749089825
lendingclub_imb77,gbdt,most_risky,0.15,6,0.783711706281484,0.0013735757224681842,0.6081102402277455,0.01605652288372561,0.03305781914858769,0.0010564084041662762,0.21622048045549108,0.0321130457674512,188940.0,192.3057461439985,0.21853923513316315,0.0005257762054493915,74.6,5.319774431308153,51.6,4.722287581247038,51.6,4.722287581247038,321.8,24.20123963767146,0.6911681699578687,0.02573076299587459,0.5915931822713654,0.0129914800809445,0.63540783663868,0.0069522732755560104
lendingclub_imb77,gbdt,most_risky,0.15,7,0.7841555863075594,0.002019420692600357,0.6051646995081233,0.00598826371022244,0.032652926424336995,0.0025411289562541823,0.21032939901624664,0.011976527420444898,210486.6,196.19199779807738,0.2186324217610772,0.0002799134237436401,72.0,1.8708286933869709,46.2,2.863564212655271,46.2,2.863564212655271,368.0,24.474476501040833,0.6418062195608354,0.03905302829281328,0.5878455794787383,0.02095378895069491,0.6270691238736732,0.0024103316049866406
lendingclub_imb77,gbdt,most_risky,0.15,8,0.7823137835527884,0.0015813783274091255,0.6100521046640663,0.022173265190541837,0.030389872992916966,0.0012359242970031434,0.22010420932813274,0.04434653038108366,232020.4,202.52975090094864,0.2186813973594365,0.0004389285899002825,74.2,4.816637831516918,48.8,5.674504383644443,48.8,5.674504383644443,416.8,22.027255843613382,0.6565912221347003,0.04978400321236746,0.5929865913951653,0.024646158651589006,0.6297981178041593,0.0030574469474090506
lendingclub_imb77,gbdt,most_risky,0.15,9,0.7815309419228347,0.000908110770277901,0.6012836655085707,0.019127560790210465,0.028762008183024955,0.0012142311868564217,0.2025673310171415,0.03825512158042087,253572.0,223.33383084521387,0.21878013869172755,0.0004679311303093031,71.2,5.0695167422546294,48.0,3.5355339059327378,48.0,3.5355339059327378,464.8,21.040437257813817,0.6757593075535935,0.05292430558139341,0.6175883278097862,0.017226443115879352,0.6250644292712213,0.007412840077919591
lendingclub_imb77,gbdt,most_risky,0.15,10,0.782163942064155,0.001314285208541141,0.593282017240377,0.020460873904440117,0.027882755544684328,0.0011634731192339133,0.18656403448075395,0.040921747808880214,275137.4,233.84888282819657,0.21868838899546444,0.0002507814349216492,68.8,5.0695167422546294,43.6,6.50384501660364,43.6,6.50384501660364,508.4,18.36572895367891,0.6343106602355439,0.08348868944177273,0.5673771399073505,0.02450484593002034,0.6259945682441146,0.004509427236544247
lendingclub_imb77,gbdt,most_risky,0.2,0,0.7783333333333333,0.0042508169149523285,0.5498069203927795,0.018272480294000127,0.06958523796776397,0.009085847766276408,0.09961384078555902,0.0365449605880003,60000.0,0.0,0.22374666666666668,0.001889789817825133,0.0,0.0,0.0,0.0,0.0,0.0,0.0,0.0,0.0,0.0,0.0,0.0,0.0,0.0
lendingclub_imb77,gbdt,most_risky,0.2,1,0.7801423400180287,0.0035180041204816263,0.5573110237885914,0.02140056693636189,0.05420117908046003,0.004809377757843446,0.11462204757718286,0.04280113387272388,81463.6,54.797810175222885,0.22156202558867893,0.0014638585379386836,122.6,13.903237033151663,75.2,10.848963084092414,75.2,10.848963084092414,75.2,10.848963084092414,0.6118908752467025,0.025694266204973126,0.5513573667728234,0.01996126811173891,0.6377881795721463,0.010785254961323657
lendingclub_imb77,gbdt,most_risky,0.2,2,0.781667261132925,0.004141893468550833,0.5876132286896798,0.03414166189510992,0.047543308565999885,0.006451599323923231,0.17522645737935952,0.06828332379021981,102964.2,97.2455654515928,0.22036822893112448,0.0006899320098894396,113.6,11.436782764396638,72.8,10.56882207249228,72.8,10.56882207249228,148.0,19.987496091306685,0.6390354472067425,0.03953646363142934,0.5561453707614312,0.017604886279335822,0.6281174411558337,0.007776442192335677
lendingclub_imb77,gbdt,most_risky,0.2,3,0.7810255923102845,0.002074380985941785,0.5875789792629856,0.02928465639289748,0.043703197223180126,0.003445598835903358,0.17515795852597119,0.058569312785794955,124491.6,103.91968052299038,0.2200040510118629,0.0008042653251270645,106.4,7.79743547584717,70.0,6.670832032063167,70.0,6.670832032063167,218.0,22.847319317591722,0.65812364766734,0.04450950158907525,0.574504500623188,0.01533745438008565,0.6304129910994845,0.00648331763752657
lendingclub_imb77,gbdt,most_risky,0.2,4,0.782736026014107,0.0018232192891670283,0.5750911504836117,0.02800447784452778,0.04164916407015056,0.003995774971711617,0.15018230096722346,0.05600895568905546,146022.4,138.49657035464804,0.2194324102966771,0.0005108518364856686,106.0,9.565563234854494,66.0,5.70087712549569,66.0,5.70087712549569,284.0,27.57716446627536,0.6240363041826928,0.04563534134731684,0.5857014326017858,0.023736080057137232,0.6238667212309343,0.010289937339913614
lendingclub_imb77,gbdt,most_risky,0.2,5,0.7828241705014707,0.0009705056002788885,0.5842061980081221,0.005927484808424706,0.03845713058765282,0.0015042208692842356,0.1684123960162442,0.011854969616849408,167543.2,164.71247675874443,0.21905900488328411,0.00045978341449268265,108.2,11.099549540409285,69.6,6.877499545619759,69.6,6.877499545619759,353.6,31.30974289258857,0.6437675070028012,0.022825801857143592,0.5761302372535221,0.01854904885486491,0.6232951595696018,0.001922609235984
lendingclub_imb77,gbdt,most_risky,0.2,6,0.7841707670588739,0.0027196560182148888,0.6097376655282408,0.02521732266927313,0.035946457839719725,0.002752585705248766,0.2194753310564818,0.05043464533854625,189088.2,176.1354592352144,0.21888318243459262,0.00042758842997846344,102.0,6.74536878161602,67.6,6.8044103344816,67.6,6.8044103344816,421.2,33.581244765493736,0.6619780620382124,0.03323811576883647,0.5818836968083996,0.016336284078575784,0.6265230636917576,0.007749712981771778
lendingclub_imb77,gbdt,most_risky,0.2,7,0.7830451879794108,0.002482178363451091,0.6071380892487814,0.022363010840343128,0.0347363109374962,0.0021210752467884196,0.21427617849756272,0.04472602168068631,210657.6,170.38867333247578,0.21898290927516856,0.000223369173517188,96.0,3.1622776601683795,61.6,2.60768096208106,61.6,2.60768096208106,482.8,34.881227042637136,0.6417896071132378,0.02235308121107136,0.5901654960695972,0.024929480040785067,0.6166022371300367,0.002132128001041493
lendingclub_imb77,gbdt,most_risky,0.2,8,0.7840424610408252,0.0014311788102140872,0.5985546475900849,0.012540799304559262,0.0344307638578858,0.0020436913186954817,0.19710929518016976,0.025081598609118502,232210.6,184.41610558733382,0.21902174838981558,0.0003255484844126644,100.2,7.661592523751182,65.2,4.7116875957558975,65.2,4.7116875957558975,548.0,33.294143629173,0.6520677762783026,0.042500779586560906,0.5992021926464794,0.025978396610231835,0.6191438384918555,0.005677749681949317
lendingclub_imb77,gbdt,most_risky,0.2,9,0.7834758319014148,0.0010528380631186405,0.6002560255793294,0.010701383411813878,0.03167285226170719,0.002055687298344008,0.20051205115865883,0.021402766823627777,253766.2,202.8243082078638,0.21912192252890997,0.0003884870408556493,99.6,7.231873892705818,66.6,7.3006848993775915,66.6,7.3006848993775915,614.6,32.56224807963972,0.6688269889753704,0.05341161502682099,0.6067817618618374,0.033787410310707484,0.6159208393506491,0.003872767739435282
lendingclub_imb77,gbdt,most_risky,0.2,10,0.7815663052654823,0.0016826111900524485,0.5869619817462064,0.014459217888607791,0.03100537309475602,0.0009625903191300556,0.17392396349241268,0.028918435777215586,275344.4,219.47733368164162,0.21900052035263956,0.00019152929230613428,94.0,6.819090848492928,58.4,4.159326868617084,58.4,4.159326868617084,673.0,31.208973068654455,0.6239177760078887,0.0637566788827504,0.5801872837493213,0.018042682859788158,0.6207776938144549,0.005357723444231988
lendingclub_imb77,gbdt,most_risky,0.3,0,0.7783333333333333,0.0042508169149523285,0.5498069203927795,0.018272480294000127,0.06958523796776397,0.009085847766276408,0.09961384078555902,0.0365449605880003,60000.0,0.0,0.22374666666666668,0.001889789817825133,0.0,0.0,0.0,0.0,0.0,0.0,0.0,0.0,0.0,0.0,0.0,0.0,0.0,0.0
lendingclub_imb77,gbdt,most_risky,0.3,1,0.7799126978131273,0.0021549832683337563,0.5595436219890086,0.026420414868421154,0.05861100526502736,0.005786881884497574,0.11908724397801733,0.05284082973684232,81525.0,48.181946826586405,0.22185385594392995,0.0014787696823388766,184.0,20.518284528683193,112.6,13.296616110875727,112.6,13.296616110875727,112.6,13.296616110875727,0.6118060359658759,0.018368636299098188,0.5513573667728234,0.01996126811173891,0.6209777151806193,0.008605616718408362
lendingclub_imb77,gbdt,most_risky,0.3,2,0.7810387754771477,0.002428184154037069,0.5725795970198956,0.03973345902843959,0.04949254457788414,0.002718676337663178,0.14515919403979105,0.0794669180568793,103080.0,87.62134443159205,0.22079771299241852,0.0006076093861679441,170.6,18.447222013083703,104.8,10.756393447619885,104.8,10.756393447619885,217.4,22.34502181695064,0.6151984457237033,0.03236681009325162,0.551987716455725,0.01915036275863151,0.615789844363132,0.011071449716990795
lendingclub_imb77,gbdt,most_risky,0.3,3,0.7822783955138581,0.0034597460373139402,0.5863676539190757,0.020522534095279283,0.048992844369430175,0.0018236112436548688,0.17273530783815147,0.041045068190558545,124659.4,79.14101338749731,0.22043932097899202,0.0008026137513319716,160.4,7.231873892705817,101.4,5.458937625582473,101.4,5.458937625582473,318.8,19.80403999188044,0.6322042988412325,0.018877130172796956,0.5906441443641238,0.014985908548812927,0.6131875074072909,0.006159833797846611
lendingclub_imb77,gbdt,most_risky,0.3,4,0.784311593365909,0.0019436825466480699,0.5758048767568336,0.018861753273805584,0.04718312615530518,0.0029652856621686925,0.15160975351366718,0.03772350654761117,146242.2,109.62070972220825,0.21998730074985376,0.000515766326813414,159.2,13.255187663703596,103.2,16.90266251216062,103.2,16.90266251216062,422.0,31.63858403911275,0.6475869000274147,0.08586599766772826,0.5818722957966962,0.015719697245410485,0.606986445360361,0.004901481415519872
lendingclub_imb77,gbdt,most_risky,0.3,5,0.7841490370514377,0.00165996973312519,0.592892933747851,0.016843894901013904,0.044681202256671146,0.0029512972291278806,0.18578586749570203,0.03368778980202774,167807.8,119.68166108473064,0.21966457358963018,0.0005117511663880492,166.2,17.880156598866797,104.6,8.677557259966653,104.6,8.677557259966653,526.6,33.99705869630489,0.631095657228533,0.030203621883369263,0.5713680640574588,0.01631505765028654,0.6095938948857924,0.006415292768557949
lendingclub_imb77,gbdt,most_risky,0.3,6,0.7825574198404307,0.0019679766475033194,0.6104702357599393,0.02271538505493468,0.042142579783941286,0.003174569431375983,0.22094047151987875,0.04543077010986927,189395.6,138.9471122405893,0.21951628956895336,0.00046069330986010966,156.8,11.945710527214365,100.6,10.33440854621105,100.6,10.33440854621105,627.2,40.18332987695271,0.6409723976199988,0.028690051783772798,0.5786837161670124,0.018569587967283193,0.6113971942432131,0.00641812975055323
lendingclub_imb77,gbdt,most_risky,0.3,7,0.7833517801095135,0.003068482474829917,0.6160673158257454,0.01720471809256116,0.04123364457278855,0.0019945310813684956,0.23213463165149065,0.0344094361851223,211003.2,149.19517418468527,0.21964317299759323,0.0002316256855072546,148.6,6.188699378706319,92.8,6.760177512462227,92.8,6.760177512462227,720.0,45.07216435894775,0.6238956332014185,0.022012778020447984,0.579490422248108,0.01353697551745138,0.6052440404226425,0.0035477721149171273
lendingclub_imb77,gbdt,most_risky,0.3,8,0.7835867104260481,0.0015222092007419253,0.6069173889092921,0.026779532974054176,0.040531669326954615,0.0015393943229089764,0.21383477781858434,0.05355906594810834,232589.6,157.05986119948264,0.21969415049774152,0.00031558210139920014,157.4,9.787747442593725,100.2,5.718391382198318,100.2,5.718391382198318,820.2,49.10906230014987,0.6370011935697466,0.01885143863534541,0.5921041735024941,0.02665405808316104,0.6044834458777391,0.003224883382522585
lendingclub_imb77,gbdt,most_risky,0.3,9,0.7827386214375351,0.0016092176728493219,0.5926551241534714,0.023419860181708375,0.03880373368454034,0.0025414825465309384,0.18531024830694282,0.04683972036341675,254180.2,178.79233764342212,0.21979426240335478,0.0003791678993129614,155.0,10.488088481701515,101.8,6.648308055437863,101.8,6.648308055437863,922.0,48.16118769299611,0.6589300567461487,0.05765077850684074,0.6086429282835415,0.027543006365477355,0.6048978828107174,0.0029320735837824723
lendingclub_imb77,gbdt,most_risky,0.3,10,0.782393272520105,0.0007234869681435144,0.5943554781879786,0.022650830715008122,0.03849991891689694,0.0012990259384275083,0.18871095637595733,0.04530166143001622,275780.0,183.57559750686423,0.21966053126356613,0.00017683455644538367,151.8,9.038805230781337,93.4,8.018728078691781,93.4,8.018728078691781,1015.4,46.25256749630227,0.6152304356708357,0.03640454795594152,0.5763888147149997,0.014150403802995959,0.6068946392799166,0.002700630944093527
lendingclub_imb77,gbdt,most_risky,0.5,0,0.7783333333333333,0.0042508169149523285,0.5498069203927795,0.018272480294000127,0.06958523796776397,0.009085847766276408,0.09961384078555902,0.0365449605880003,60000.0,0.0,0.22374666666666668,0.001889789817825133,0.0,0.0,0.0,0.0,0.0,0.0,0.0,0.0,0.0,0.0,0.0,0.0,0.0,0.0
lendingclub_imb77,gbdt,most_risky,0.5,1,0.7807665479680475,0.001693131224645882,0.5659250544966444,0.016373429151909896,0.060552936281039874,0.005855010747380988,0.13185010899328883,0.03274685830381984,81646.8,34.412207136419866,0.22231152570310658,0.0014507862086888918,305.8,34.28848203114277,177.0,14.265342617687105,177.0,14.265342617687105,177.0,14.265342617687105,0.5804274949581766,0.01917410991009853,0.5513573667728234,0.01996126811173891,0.5973138426440805,0.005743111713451137
lendingclub_imb77,gbdt,most_risky,0.5,2,0.7793930429341984,0.0011988300844076104,0.5617610233348204,0.03706650104634065,0.0543260169343381,0.003936828642780994,0.12352204666964077,0.07413300209268137,103321.6,55.75661395745049,0.22154150874843478,0.0006844127742992556,278.0,30.683871985132516,163.4,15.533834040570925,163.4,15.533834040570925,340.4,24.56216602826387,0.5887862647923106,0.022891239425139983,0.5529677429855087,0.027960869536830947,0.5924967694993912,0.008917045571977747
lendingclub_imb77,gbdt,most_risky,0.5,3,0.7810296164645365,0.001853750868565291,0.5719543357416714,0.022821396238883827,0.05757087426783543,0.004598300332150887,0.14390867148334271,0.045642792477767556,124996.4,63.2083855196462,0.22136347966386757,0.0009141069458866044,277.4,13.79492660364672,168.6,12.52198067399882,168.6,12.52198067399882,509.0,35.33411948810951,0.6073610395097387,0.020326069231906618,0.5820266360552206,0.02257569567979769,0.5907102320638805,0.007888658131156752
lendingclub_imb77,gbdt,most_risky,0.5,4,0.7839492798115708,0.0016942718394155158,0.5927142685956066,0.02549190381703111,0.05318421463937347,0.0033480093481305295,0.18542853719121324,0.050983807634062135,146663.2,78.97278012075103,0.2209936402059156,0.0006504317059964473,286.0,18.17965896269785,174.8,11.77709641634983,174.8,11.77709641634983,683.8,42.728210821423346,0.6116325310737254,0.028959707387664197,0.5755992611372496,0.023739032513413867,0.5870515766235364,0.0043381100883389334
lendingclub_imb77,gbdt,most_risky,0.5,5,0.7827528586582986,0.002841097111411757,0.5867455860708946,0.016623797690028422,0.05089822066172924,0.0009640924082719464,0.1734911721417891,0.03324759538005685,168341.4,88.28816455222444,0.22075276205221206,0.0006664399266219444,274.6,32.106074191654145,168.6,19.39845354661036,168.6,19.39845354661036,852.4,51.01274350591233,0.6143017806586297,0.017465529521551004,0.5816007452861356,0.0133135427865341,0.5882155397358768,0.004244970306018451
lendingclub_imb77,gbdt,most_risky,0.5,6,0.7827850078511766,0.002099369525469588,0.5818145263808493,0.010897961445625083,0.049920397517397345,0.0030543411658996047,0.16362905276169853,0.021795922891250152,190026.0,92.90586633792293,0.22066886445972173,0.0005338129890814748,268.2,13.160547101089676,164.6,11.674759098157015,164.6,11.674759098157015,1017.0,50.91659847240387,0.6138053579569691,0.03323696268319415,0.575817898474045,0.014353926091366199,0.589005342667779,0.0036978941798421075
lendingclub_imb77,gbdt,most_risky,0.5,7,0.7825116203229524,0.002339195951720068,0.5896643814322604,0.014912249497035696,0.049623308057579904,0.002769671788591992,0.17932876286452087,0.029824498994071438,211715.0,99.27738916792686,0.22082995989276394,0.0003339948448342885,263.2,9.731392500562285,161.4,7.924645102463577,161.4,7.924645102463577,1178.4,58.234869279496145,0.6131248576300677,0.01565086048989055,0.5778458912054107,0.01716132398366159,0.5876042947081282,0.0016327839370631689
lendingclub_imb77,gbdt,most_risky,0.5,8,0.7833433740176321,0.001617475508149684,0.606666113907695,0.006724299458211124,0.05083747216897204,0.0027070825384036684,0.21333222781539005,0.01344859891642223,233389.8,105.56609304128,0.22090937884322304,0.0003230232514617,277.8,16.619265928433787,171.2,10.401922899156675,171.2,10.401922899156675,1349.6,67.18109853225089,0.6165077871177309,0.020428997839173867,0.5921131043233745,0.016098819839316814,0.5861378198650158,0.0021103112061020943
lendingclub_imb77,gbdt,most_risky,0.5,9,0.7828729336745729,0.0017756086890753002,0.6028183622448462,0.014651715378368138,0.04893221414931,0.00176457637435626,0.20563672448969234,0.029303430756736262,255074.4,127.12316862004734,0.2210334544304126,0.00026306372660463617,267.6,21.972710347155637,168.0,7.7781745930520225,168.0,7.7781745930520225,1517.6,73.35734455390273,0.6294696574812156,0.02822226448220491,0.6119480280571776,0.020187181890543415,0.5850941508180928,0.0029092143502570302
lendingclub_imb77,gbdt,most_risky,0.5,10,0.7821582350298633,0.0011221286090864196,0.5988768234733406,0.014684229243692584,0.04792013776693246,0.0027667606760100275,0.19775364694668113,0.029368458487385198,276775.8,138.88016417041075,0.2209672757610585,7.551641937180761e-05,251.2,12.23519513534622,152.4,3.781534080237805,152.4,3.781534080237805,1670.0,76.48529270389174,0.6074622258448666,0.022766374626217792,0.562043878275993,0.024131283344612304,0.5847142586345557,0.004307977487774566
lendingclub_imb77,gbdt,most_risky,0.75,0,0.7783333333333333,0.0042508169149523285,0.5498069203927795,0.018272480294000127,0.06958523796776397,0.009085847766276408,0.09961384078555902,0.0365449605880003,60000.0,0.0,0.22374666666666668,0.001889789817825133,0.0,0.0,0.0,0.0,0.0,0.0,0.0,0.0,0.0,0.0,0.0,0.0,0.0,0.0
lendingclub_imb77,gbdt,most_risky,0.75,1,0.7804697050118546,0.0019807072598134676,0.5624509489177913,0.024357032799957032,0.06319373339235981,0.0037657860344334627,0.12490189783558277,0.04871406559991403,81799.8,17.108477430795816,0.22293469144928366,0.001512694844874259,458.8,51.591665993646686,262.0,24.259018941416407,262.0,24.259018941416407,262.0,24.259018941416407,0.5721652528953449,0.018889850623669154,0.5513573667728234,0.01996126811173891,0.5757419239865943,0.00415054742133056
lendingclub_imb77,gbdt,most_risky,0.75,2,0.7805326641915956,0.0010922522505433215,0.5813297262169753,0.01766550083673182,0.06315372351556829,0.0034239382719338874,0.1626594524339507,0.035331001673463584,103607.8,30.540137524249964,0.22243897680327226,0.000711107051547336,433.2,45.77881606158027,247.2,20.72920644887305,247.2,20.72920644887305,509.2,43.02557379047954,0.57183542584145,0.021315527153914143,0.5523164679034387,0.021946916532309957,0.5703431387202685,0.005792472289484684
lendingclub_imb77,gbdt,most_risky,0.75,3,0.7812564972465013,0.002074502727403716,0.5770111330105563,0.0074306136009285135,0.06362978356236368,0.005090802295262001,0.15402226602111255,0.01486122720185695,125419.2,27.797481900344888,0.22253382341013897,0.0008803126350732806,423.2,17.739785793520735,253.0,16.673332000533065,253.0,16.673332000533065,762.2,38.53829264510819,0.5973546457445025,0.014346104540693887,0.5727243918540064,0.006784005651104657,0.5693367162071377,0.002785716654704223
lendingclub_imb77,gbdt,most_risky,0.75,4,0.7826747821376413,0.0017920230338940965,0.5829738092792216,0.009330820955422429,0.06260321619511452,0.003942277688562112,0.16594761855844306,0.018661641910844892,147229.0,34.11011580161748,0.22230683937735995,0.0006522057073316758,429.2,22.70902904133068,255.4,15.175638372075166,255.4,15.175638372075166,1017.6,50.03798557096398,0.5951633165102721,0.01901441990224251,0.5799079865055357,0.024712889424421087,0.5686572809815582,0.0018154851694707477
lendingclub_imb77,gbdt,most_risky,0.75,5,0.7806160058036447,0.001638351672875695,0.5835162725149374,0.022997524394222608,0.06112980242637461,0.0022752390427965615,0.1670325450298747,0.04599504878844516,169035.2,36.65651374585687,0.22218101735633758,0.0006394257071680234,440.0,40.26785318340177,258.8,18.912958520548816,258.8,18.912958520548816,1276.4,50.62904304843222,0.5890883887440592,0.018159168142516675,0.5687784746322866,0.018661449069000215,0.5697837260178392,0.002959805984736463
lendingclub_imb77,gbdt,most_risky,0.75,6,0.7806551580402468,0.0013834592014139527,0.5828506192820321,0.024989343541872752,0.05976493769424451,0.00419200140112589,0.16570123856406418,0.04997868708374549,190847.6,45.62126697057247,0.22217837132499735,0.0005422313012370049,419.4,34.099853372118766,251.2,23.101947969814145,251.2,23.101947969814145,1527.6,67.72591822928648,0.5985901526016213,0.009713965887568796,0.572556878714772,0.011378190749241969,0.5708604079853951,0.0034111676089272963
lendingclub_imb77,gbdt,most_risky,0.75,7,0.7815494743674087,0.0014277180198380643,0.5991273515940365,0.003727491409142544,0.06179239941850264,0.0030373741938625374,0.19825470318807312,0.00745498281828509,212664.4,47.410969194902925,0.2223964545923874,0.0003554368929020481,408.2,11.278297743897344,243.2,14.149204924659195,243.2,14.149204924659195,1770.8,71.30007012619272,0.5954965007669143,0.021856823217449185,0.5748168206639059,0.010888359946946835,0.5698066979638468,0.0023283647199775826
lendingclub_imb77,gbdt,most_risky,0.75,8,0.7820297316538387,0.001449051847423093,0.5898281205525515,0.017565504906807975,0.06094475479278534,0.0029624791785033073,0.17965624110510287,0.035131009813616006,234474.4,48.91625496703222,0.22252833662808896,0.0002820142112907266,427.4,31.421330334662795,252.8,11.122050170719424,252.8,11.122050170719424,2023.6,73.45270587255449,0.5928152473112208,0.02815244843777593,0.5869937122576501,0.020194339273236255,0.5682924321872967,0.0021668169025463647
lendingclub_imb77,gbdt,most_risky,0.75,9,0.7816823309460873,0.0008290282445027541,0.5870380706966623,0.013040019908169106,0.06124310130829004,0.0010792744488620474,0.1740761413933245,0.026080039816338153,256285.4,58.286362041215526,0.2227196342921114,0.00022245135902488036,424.8,33.45444664017028,263.6,10.261578825892238,263.6,10.261578825892238,2287.2,82.60871624713707,0.6223667194341407,0.03201471394962292,0.6057534614204794,0.03182059290311883,0.5663507138329975,0.0037154465532902563
lendingclub_imb77,gbdt,most_risky,0.75,10,0.780949177385485,0.001443792887519733,0.594197666068224,0.011911382797214674,0.061845727507115075,0.0015591822279279615,0.188395332136448,0.023822765594429265,278098.6,60.887601365133015,0.22265340315277485,3.837116832376492e-05,417.0,15.700318468107586,240.8,12.33693641063291,240.8,12.33693641063291,2528.0,82.98192574289902,0.5774339751026069,0.0186469705973522,0.5558361641410529,0.02466147704929339,0.5679759981316044,0.002559598198219806
lendingclub_imb77,gbdt,most_risky,1.0,0,0.7783333333333333,0.0042508169149523285,0.5498069203927795,0.018272480294000127,0.06958523796776397,0.009085847766276408,0.09961384078555902,0.0365449605880003,60000.0,0.0,0.22374666666666668,0.001889789817825133,0.0,0.0,0.0,0.0,0.0,0.0,0.0,0.0,0.0,0.0,0.0,0.0,0.0,0.0
lendingclub_imb77,gbdt,most_risky,1.0,1,0.7784027820145202,0.001864224576642871,0.5643240366330871,0.0362632996240194,0.06498180107943541,0.004503900071590359,0.12864807326617428,0.07252659924803878,81952.0,0.0,0.22342590784849667,0.001555905987421446,611.0,68.69861716221077,336.2,31.115912327939228,336.2,31.115912327939228,336.2,31.115912327939228,0.5513573667728234,0.01996126811173891,0.5513573667728234,0.01996126811173891,0.5593967917026672,0.0031733947359317716
lendingclub_imb77,gbdt,most_risky,1.0,2,0.7792117799913383,0.0025523125856160493,0.5757057816406731,0.016996131764485767,0.06464620644168646,0.0054119068927540375,0.1514115632813462,0.033992263528971584,103904.0,0.0,0.22320411148752695,0.0008017483619773971,576.2,71.98749891474215,312.0,33.63777638310833,312.0,33.63777638310833,648.2,60.61930385611502,0.5425525871754593,0.016537293190395968,0.5425525871754593,0.016537293190395968,0.5562950446610144,0.005431451788231805
lendingclub_imb77,gbdt,most_risky,1.0,3,0.7800572064198316,0.001158426186949542,0.584239603418051,0.01307043324854664,0.06773282201710452,0.004327185868296073,0.1684792068361019,0.02614086649709327,125856.0,0.0,0.22347285786931095,0.0009423749464664156,560.4,40.918211104592544,324.0,25.855366947695792,324.0,25.855366947695792,972.2,60.91551526499631,0.5779937962569056,0.010698885496669149,0.5779937962569056,0.010698885496669149,0.5540566729014582,0.003948302944556077
lendingclub_imb77,gbdt,most_risky,1.0,4,0.7811379473648603,0.00377745599760329,0.5619512913239514,0.02320722509135964,0.06801689396228565,0.004456175278554712,0.12390258264790273,0.046414450182719294,147808.0,0.0,0.22340468716172332,0.0006586412945180192,560.6,39.20204076320518,325.2,21.545301111843386,325.2,21.545301111843386,1297.4,66.68807989438595,0.5805354671080468,0.021610129132602237,0.5805354671080468,0.021610129132602237,0.5532884679119803,0.0025615172898901368
lendingclub_imb77,gbdt,most_risky,1.0,5,0.7804842130065974,0.003234039075685911,0.577321751133659,0.02035299921470589,0.06497190251765099,0.002329345793892435,0.154643502267318,0.04070599842941178,169760.0,0.0,0.2233824222431668,0.0006220529919221759,617.6,53.75220925692265,354.0,22.338307903688676,354.0,22.338307903688676,1651.4,68.29202003162597,0.5742865129911837,0.02104395986108107,0.5742865129911837,0.02104395986108107,0.5532236846282144,0.002258960046770392
lendingclub_imb77,gbdt,most_risky,1.0,6,0.7805805492527972,0.002329884559636508,0.5996014718418713,0.006568490206128712,0.06668262146876439,0.0033266955272627857,0.19920294368374247,0.013136980412257408,191712.0,0.0,0.22344141211817728,0.0005404276570043805,576.4,37.40721855471213,327.8,27.234169713798877,327.8,27.234169713798877,1979.2,73.70345989164962,0.5683371689826735,0.019054578788417795,0.5683371689826735,0.019054578788417795,0.5541447135184664,0.002429655749365004
lendingclub_imb77,gbdt,most_risky,1.0,7,0.7802307350291343,0.0007574880994728259,0.585390248529367,0.019228703954988404,0.06729404663231821,0.003153734820599588,0.17078049705873413,0.038457407909976794,213664.0,0.0,0.22371199640557138,0.0003610226313242271,544.2,20.89736825535694,316.8,14.359665734271111,316.8,14.359665734271111,2296.0,81.02160205772286,0.5820654998927765,0.00924614770811352,0.5820654998927765,0.00924614770811352,0.5542762938845198,0.0024763674457124155
lendingclub_imb77,gbdt,most_risky,1.0,8,0.780718954248366,0.002013980060789918,0.5947387937454491,0.030554132094655257,0.06600730019358406,0.0034611535370375353,0.18947758749089838,0.061108264189310486,235616.0,0.0,0.22392961428765448,0.0003005836312822317,580.8,54.20055350270882,340.8,21.335416564951338,340.8,21.335416564951338,2636.8,90.69013176746408,0.5883956381527673,0.027213765561752524,0.5883956381527673,0.027213765561752524,0.5530815564758845,0.001392849642653608
lendingclub_imb77,gbdt,most_risky,1.0,9,0.7793454206623442,0.0028257054054053776,0.5812831378883456,0.01090849521760147,0.067816508361362,0.0016476888713250373,0.16256627577669125,0.02181699043520295,257568.0,0.0,0.22418235184494967,0.00021194872066155102,557.6,61.17842757050886,334.8,29.89481560404747,334.8,29.89481560404747,2971.6,116.99700850876488,0.6015857488214335,0.016747499879687405,0.6015857488214335,0.016747499879687405,0.5509459548339468,0.0026741981149976586
lendingclub_imb77,gbdt,most_risky,1.0,10,0.7785596737263881,0.0022302301676011965,0.5786343882211981,0.010510533049233304,0.06810012802166185,0.0035882458214797396,0.15726877644239606,0.021021066098466636,279520.0,0.0,0.22413423010875788,0.0,558.6,14.38054240979805,317.2,13.791301606447448,317.2,13.791301606447448,3288.8,118.97352646702547,0.5678790399770561,0.02066955137865675,0.5678790399770561,0.02066955137865675,0.5527628697355963,0.0017364660407240512
lendingclub_imb77,gbdt,random,0.0,0,0.7783333333333333,0.0042508169149523285,0.5498069203927795,0.018272480294000127,0.06958523796776397,0.009085847766276408,0.09961384078555902,0.0365449605880003,60000.0,0.0,0.22374666666666668,0.001889789817825133,0.0,0.0,0.0,0.0,0.0,0.0,0.0,0.0,0.0,0.0,0.0,0.0,0.0,0.0
lendingclub_imb77,gbdt,random,0.0,1,0.7804205606822959,0.0026336003199069094,0.5598235800213477,0.03746524848472393,0.05102480437805033,0.0048418626130693355,0.11964716004269531,0.07493049696944798,81341.0,68.69861716221077,0.2209715329491016,0.0013868711278497941,0.0,0.0,0.0,0.0,0.0,0.0,0.0,0.0,0.0,0.0,0.0,0.0,0.0,0.0
lendingclub_imb77,gbdt,random,0.0,2,0.7807579408321149,0.0012740951252633974,0.5800459179564581,0.01311753505658006,0.042333463712951186,0.0023360872590905525,0.16009183591291623,0.026235070113160074,102738.2,131.49410633180315,0.21950193382606714,0.0005214386395364012,0.0,0.0,0.0,0.0,0.0,0.0,0.0,0.0,0.0,0.0,0.0,0.0,0.0,0.0
lendingclub_imb77,gbdt,random,0.0,3,0.7825640231025535,0.002675492401756691,0.5770357859642699,0.023175400873213303,0.034619945046936614,0.0027344654801400776,0.15407157192853965,0.04635080174642659,124158.4,122.13025833101506,0.2188901175998294,0.0006824030076660264,0.0,0.0,0.0,0.0,0.0,0.0,0.0,0.0,0.0,0.0,0.0,0.0,0.0,0.0
lendingclub_imb77,gbdt,random,0.0,4,0.7844838385007898,0.0023347851410558617,0.5635509452661626,0.025499544495007024,0.03223736205232854,0.002698079614175112,0.12710189053232512,0.05099908899001405,145615.8,146.16155445260307,0.2182786837847555,0.0005098537423697983,0.0,0.0,0.0,0.0,0.0,0.0,0.0,0.0,0.0,0.0,0.0,0.0,0.0,0.0
lendingclub_imb77,gbdt,random,0.0,5,0.7842937087282272,0.0019761302917131445,0.5922326502825617,0.008593541701622805,0.02839448573968497,0.0021159576268613175,0.1844653005651233,0.017187083403245627,167055.2,165.99307214459134,0.21781316913337329,0.0005343817762088125,0.0,0.0,0.0,0.0,0.0,0.0,0.0,0.0,0.0,0.0,0.0,0.0,0.0,0.0
lendingclub_imb77,gbdt,random,0.0,6,0.7831903245700764,0.0023592580275751205,0.6042764570477253,0.04466160358128213,0.025584127500729498,0.002976993132485345,0.20855291409545046,0.08932320716256421,188531.6,176.55395775795745,0.2176028680559198,0.0004991235149211693,0.0,0.0,0.0,0.0,0.0,0.0,0.0,0.0,0.0,0.0,0.0,0.0,0.0,0.0
lendingclub_imb77,gbdt,random,0.0,7,0.7831769507779037,0.0014281701800184846,0.6010864015357644,0.02200155119162043,0.023125713323646928,0.002702932817392337,0.202172803071529,0.04400310238324076,210044.0,186.4269293852184,0.2177049179552586,0.00028363101258140045,0.0,0.0,0.0,0.0,0.0,0.0,0.0,0.0,0.0,0.0,0.0,0.0,0.0,0.0
lendingclub_imb77,gbdt,random,0.0,8,0.7835201323382688,0.0016188303912245666,0.6037435329369331,0.03713762756958545,0.0212220096355271,0.0014726728463953164,0.20748706587386612,0.07427525513917094,231552.6,207.16370338454192,0.21776803528983493,0.00039482170546744,0.0,0.0,0.0,0.0,0.0,0.0,0.0,0.0,0.0,0.0,0.0,0.0,0.0,0.0
lendingclub_imb77,gbdt,random,0.0,9,0.7823834005308794,0.0018496803070291426,0.6070238074931857,0.030787006804186244,0.020158317339194896,0.0004197626410838968,0.21404761498637156,0.061574013608372495,253067.6,235.42153682278345,0.21786797338232627,0.00039768422789813904,0.0,0.0,0.0,0.0,0.0,0.0,0.0,0.0,0.0,0.0,0.0,0.0,0.0,0.0
lendingclub_imb77,gbdt,random,0.0,10,0.7827494714420433,0.0017706724965913649,0.5820187366968754,0.01815725114505215,0.018746186611653955,0.0014652978323132467,0.164037473393751,0.0363145022901043,274599.2,254.06140989925902,0.21777618468885854,0.00017044231956660406,0.0,0.0,0.0,0.0,0.0,0.0,0.0,0.0,0.0,0.0,0.0,0.0,0.0,0.0
lendingclub_imb77,gbdt,random,0.01,0,0.7783333333333333,0.0042508169149523285,0.5498069203927795,0.018272480294000127,0.06958523796776397,0.009085847766276408,0.09961384078555902,0.0365449605880003,60000.0,0.0,0.22374666666666668,0.001889789817825133,0.0,0.0,0.0,0.0,0.0,0.0,0.0,0.0,0.0,0.0,0.0,0.0,0.0,0.0
lendingclub_imb77,gbdt,random,0.01,1,0.7810936564109848,0.0012337173827552679,0.557971615395269,0.020132184364914697,0.05082917114174921,0.005006411774661133,0.11594323079053806,0.04026436872982935,81347.6,67.83288288138678,0.22100030289198042,0.0013752558255980213,6.6,0.8944271909999159,3.8,1.3038404810405297,3.8,1.3038404810405297,3.8,1.3038404810405297,0.5988095238095238,0.25628439153097804,0.5513573667728234,0.01996126811173891,0.567863035082534,0.007104877979822017
lendingclub_imb77,gbdt,random,0.01,2,0.7812042899981299,0.0014728656981498113,0.5593659146412093,0.02610142335904792,0.04009296865395763,0.0019645304295496584,0.11873182928241874,0.05220284671809583,102742.6,115.4179362144358,0.21951199331669602,0.00047561575482034407,6.0,0.7071067811865476,2.8,0.8366600265340756,2.8,0.8366600265340756,6.6,1.6733200530681511,0.4723809523809523,0.15380288943380074,0.548927455930492,0.023682676475817604,0.5470718785925638,0.016871411208240428
lendingclub_imb77,gbdt,random,0.01,3,0.7830768442826479,0.0012929653777903692,0.5666106357551334,0.02971040747767217,0.0350384158898134,0.004415029491830438,0.13322127151026664,0.05942081495534425,124186.0,104.06007880066387,0.21892843613775295,0.0007178964545805754,5.6,0.5477225575051663,3.2,0.8366600265340756,3.2,0.8366600265340756,9.8,2.3874672772626644,0.5666666666666667,0.11547005383792511,0.5874112657683298,0.013525864191111044,0.5642276401595356,0.024511744233997965
lendingclub_imb77,gbdt,random,0.01,4,0.7830879246054484,0.0006596476195632072,0.5904011065483654,0.027604390948156667,0.03278446206158426,0.00229041845061552,0.18080221309673092,0.055208781896313286,145633.4,125.53804204303599,0.2182619710454587,0.00048162285060255624,5.8,0.4472135954999579,2.8,0.8366600265340756,2.8,0.8366600265340756,12.6,1.8165902124584952,0.48,0.12605113600792683,0.5883417794811665,0.029280328166665964,0.5437403437088932,0.013687559847706263
lendingclub_imb77,gbdt,random,0.01,5,0.7834566357765045,0.0017921220637166395,0.5737718121005921,0.027139085195050337,0.026446472667312777,0.0036893742028215526,0.1475436242011841,0.05427817039010068,167087.4,130.15682848010738,0.21782029904295291,0.0004891478332046565,5.6,0.547722557505166,3.8,0.8366600265340756,3.8,0.8366600265340756,16.4,2.4083189157584592,0.6866666666666668,0.17094508539944114,0.5865605764261981,0.008558763823993936,0.5449731425157779,0.022395482460511935
lendingclub_imb77,gbdt,random,0.01,6,0.7837907428025274,0.0016111654692968695,0.5954803992779103,0.048939442029612736,0.023840858719703893,0.002285329696220205,0.19096079855582074,0.09787888405922551,188569.6,140.07426601628444,0.2176099134554811,0.00046388266182771176,5.2,0.44721359549995787,3.2,0.8366600265340756,3.2,0.8366600265340756,19.6,2.4083189157584592,0.62,0.17888543819998315,0.5859962073163977,0.027055613807982107,0.55235617004207,0.015095501280230818
lendingclub_imb77,gbdt,random,0.01,7,0.7841743575381248,0.00202024249188851,0.6084942240772678,0.03011324453788532,0.023236027652391196,0.002209275637268966,0.21698844815453575,0.06022648907577069,210102.0,127.44606702445064,0.21774378477849723,0.00026997442394150053,4.8,0.44721359549995787,2.4,0.5477225575051661,2.4,0.5477225575051661,22.0,2.0,0.5,0.09999999999999998,0.5931310970335586,0.01373015689705792,0.5494210621459816,0.020877004199661077
lendingclub_imb77,gbdt,random,0.01,8,0.7843750448478544,0.0012310163564958124,0.5976618315114767,0.03402710091591868,0.02214622840908047,0.0013604329287292697,0.19532366302295334,0.06805420183183739,231622.8,122.0950449445061,0.2178126650915896,0.00035922063295278886,5.0,0.0,2.8,0.4472135954999579,2.8,0.4472135954999579,24.8,1.643167672515498,0.5599999999999999,0.08944271909999155,0.6035175659918306,0.02043686346048584,0.5434434873430614,0.018798901205434367
lendingclub_imb77,gbdt,random,0.01,9,0.7832675975443606,0.0009455283413849352,0.5875335397948828,0.016281786626878986,0.02162046290228146,0.0008366566225525929,0.1750670795897656,0.03256357325375796,253130.0,138.98920821416317,0.21790605059518547,0.0003760182924003173,5.0,0.0,3.0,1.8708286933869707,3.0,1.8708286933869707,27.8,1.0954451150103324,0.6,0.37416573867739417,0.612822738330011,0.017160292461358074,0.5383066955809273,0.017935442476999592
lendingclub_imb77,gbdt,random,0.01,10,0.7844203605273236,0.001334062603284453,0.5723336908767396,0.016942111077083353,0.01936395538831757,0.0012589436353458686,0.1446673817534792,0.03388422215416676,274656.6,127.74505861285014,0.21779556288389954,0.0001296497250973644,5.0,0.0,2.6,1.51657508881031,2.6,1.51657508881031,30.4,2.3021728866442683,0.52,0.30331501776206204,0.5805980790939874,0.014873843165969626,0.5462951147108507,0.01161387681810609
lendingclub_imb77,gbdt,random,0.02,0,0.7783333333333333,0.0042508169149523285,0.5498069203927795,0.018272480294000127,0.06958523796776397,0.009085847766276408,0.09961384078555902,0.0365449605880003,60000.0,0.0,0.22374666666666668,0.001889789817825133,0.0,0.0,0.0,0.0,0.0,0.0,0.0,0.0,0.0,0.0,0.0,0.0,0.0,0.0
lendingclub_imb77,gbdt,random,0.02,1,0.7812302870401092,0.0018210507274974757,0.5710975555315826,0.03289307685999812,0.05038911228742411,0.006153724488240456,0.14219511106316518,0.06578615371999627,81354.0,67.29784543356325,0.22101489678632813,0.0013962711118425764,13.0,1.414213562373095,6.4,2.6076809620810595,6.4,2.6076809620810595,6.4,2.6076809620810595,0.4833333333333334,0.1602948671805945,0.5513573667728234,0.01996126811173891,0.5629866462724421,0.013684577753339047
lendingclub_imb77,gbdt,random,0.02,2,0.7794213218379799,0.002221466663896206,0.5717975836554536,0.02306584649170498,0.03845870095902173,0.0019902561148839905,0.14359516731090743,0.04613169298340993,102759.4,129.89341784709364,0.21954807651676536,0.0005575880641486075,11.6,1.3416407864998738,7.2,2.16794833886788,7.2,2.16794833886788,13.6,4.722287581247038,0.6197202797202797,0.1677406510391917,0.5542017960610147,0.02398459817777078,0.5490877523985341,0.009361808709506139
lendingclub_imb77,gbdt,random,0.02,3,0.7810522306157432,0.002464250858613249,0.569787290327567,0.027135524523189045,0.03487287914814967,0.0023168478399411352,0.13957458065513412,0.054271049046378105,124222.2,121.163938529579,0.21907066792235938,0.0007196754410290341,10.4,0.5477225575051661,6.8,1.3038404810405297,6.8,1.3038404810405297,20.4,4.722287581247038,0.6563636363636364,0.13367037291427492,0.5757037750835694,0.007519289647922935,0.5541140938805388,0.014217416076327758
lendingclub_imb77,gbdt,random,0.02,4,0.7848590326349985,0.0017107020838463855,0.5773109665959639,0.031167535316341317,0.03327325302296029,0.00347519517561996,0.1546219331919278,0.06233507063268263,145684.4,147.27796848136867,0.21841616366770045,0.00047556949748306837,10.4,0.547722557505166,7.6,1.1401754250991378,7.6,1.1401754250991378,28.0,4.847679857416329,0.7345454545454546,0.13101637018402837,0.5940064720536309,0.02149093824957807,0.5620256779196895,0.023144884924856283
lendingclub_imb77,gbdt,random,0.02,5,0.7842489111180011,0.0034259142296634744,0.576068428948173,0.016968082528079034,0.028547949509577075,0.0019110006518297472,0.15213685789634604,0.033936165056158075,167135.4,165.2355893867875,0.21796595574329633,0.0005025652568903372,10.8,0.8366600265340757,4.6,1.51657508881031,4.6,1.51657508881031,32.6,5.029910535983717,0.4203030303030303,0.10706022437726267,0.5763275529182035,0.016296489793548558,0.5496075444156306,0.013794321449467923
lendingclub_imb77,gbdt,random,0.02,6,0.7842574173985973,0.003401673205822467,0.5970834386961335,0.04483984459237942,0.025450332840140987,0.0019663217306663153,0.19416687739226696,0.08967968918475881,188618.8,165.13388507511235,0.21775139349766343,0.0005026144447524406,10.2,0.8366600265340753,5.2,1.3038404810405297,5.2,1.3038404810405297,37.8,6.1400325732035,0.5070707070707071,0.1042803939931676,0.580508006326294,0.03038852265844406,0.5470728032773856,0.01498733778371626
lendingclub_imb77,gbdt,random,0.02,7,0.7826849920886155,0.002697255927604264,0.5901519141176559,0.018142394599524183,0.022438770109687374,0.002182710856931236,0.18030382823531185,0.0362847891990483,210119.4,166.19055328147044,0.21781617054407917,0.0002785075582368523,9.8,0.44721359549995787,5.4,1.140175425099138,5.4,1.140175425099138,43.2,7.014271166700072,0.5488888888888889,0.10140981519204119,0.5915770342103412,0.007001009079925309,0.5428692924051447,0.017893674762797112
lendingclub_imb77,gbdt,random,0.02,8,0.7848508105357638,0.001612319057217189,0.5969090118250722,0.00795953917780115,0.022352190842454288,0.0009368129381405543,0.19381802365014428,0.015919078355602273,231640.6,182.73286513377556,0.21789512651314427,0.0003929957317624027,9.4,0.5477225575051662,5.4,1.140175425099138,5.4,1.140175425099138,48.6,6.8044103344816005,0.58,0.1466498306835237,0.5943689300003885,0.032160368498892734,0.5511486131373452,0.012905041906355387
lendingclub_imb77,gbdt,random,0.02,9,0.782562025229597,0.001776209958404597,0.5908168339918458,0.027757796340778355,0.021065409132683236,0.0011236462163683298,0.18163366798369146,0.05551559268155674,253164.0,218.18570072303422,0.21800384444453186,0.00043400074420636437,9.2,0.8366600265340753,5.6,0.894427190999916,5.6,0.894427190999916,54.2,6.534523701081817,0.6094444444444445,0.08154563972417339,0.6161494414664185,0.029989271523484046,0.5399275007654132,0.010210487915155565
lendingclub_imb77,gbdt,random,0.02,10,0.7824079203323558,0.0013468493473953024,0.5708421951453808,0.025967851944319033,0.01978395756589186,0.0017172691664144903,0.1416843902907617,0.05193570388863802,274700.8,234.96744455349668,0.2178943906030794,0.00020006316048587765,8.8,0.44721359549995815,5.0,1.0,5.0,1.0,59.2,7.293833011524187,0.5666666666666667,0.09938079899999067,0.5849193590196051,0.023773098990762277,0.5374011425387696,0.013103499312532931
lendingclub_imb77,gbdt,random,0.05,0,0.7783333333333333,0.0042508169149523285,0.5498069203927795,0.018272480294000127,0.06958523796776397,0.009085847766276408,0.09961384078555902,0.0365449605880003,60000.0,0.0,0.22374666666666668,0.001889789817825133,0.0,0.0,0.0,0.0,0.0,0.0,0.0,0.0,0.0,0.0,0.0,0.0,0.0,0.0
lendingclub_imb77,gbdt,random,0.05,1,0.7802884856313352,0.0022358501597756326,0.576475160917926,0.012058450631730555,0.052849510951619647,0.006824457390910886,0.152950321835852,0.024116901263461145,81372.0,64.95767852994577,0.2210864094075596,0.0013894418709053103,31.0,3.7416573867739404,16.2,1.3038404810405302,16.2,1.3038404810405302,16.2,1.3038404810405302,0.5246305418719212,0.023415213475162025,0.5513573667728234,0.01996126811173891,0.5674926996983467,0.007503437114345554
lendingclub_imb77,gbdt,random,0.05,2,0.7822071867999447,0.0019155315405620281,0.5644487462122652,0.025407221650933648,0.0409841728422488,0.002485762150868438,0.12889749242453014,0.05081444330186728,102796.6,105.07996954700566,0.21969828887188406,0.0005583044265720413,28.4,2.792848008753788,16.4,3.435112807463534,16.4,3.435112807463534,32.6,4.03732584763727,0.5777739368529135,0.10165257130123782,0.5472990667618379,0.014097020886705391,0.5520037097589536,0.00894837967053397
lendingclub_imb77,gbdt,random,0.05,3,0.781635785778764,0.0014130686961236754,0.5810078100918113,0.03181384859744798,0.03673998664273673,0.002759988623287645,0.16201562018362275,0.06362769719489594,124258.0,106.71222985206693,0.21915249324623026,0.0006975340928055698,26.2,1.30384048104053,16.6,2.408318915758459,16.6,2.408318915758459,49.2,4.147288270665544,0.633004477004477,0.08205439901761602,0.5861717634502768,0.010965512270959448,0.5580150358740869,0.008075431659883345
lendingclub_imb77,gbdt,random,0.05,4,0.7835875393277221,0.0013030662906402873,0.5702959663515521,0.03110528150034228,0.033779906948352714,0.0015280757306849427,0.14059193270310444,0.06221056300068459,145737.4,134.70449138762945,0.2185220714690869,0.00045144490656637146,25.6,1.9493588689617931,14.6,2.073644135332772,14.6,2.073644135332772,63.8,4.2661458015403095,0.5706464228203358,0.07229833369216956,0.5923284434632033,0.024847071578751823,0.5455585330433687,0.008674483673186866
lendingclub_imb77,gbdt,random,0.05,5,0.7836207277248126,0.0014833723091259917,0.595532409500885,0.026799604549561606,0.02884076263090827,0.0028092468299914007,0.19106481900177005,0.05359920909912321,167199.2,143.67741645784113,0.21806704005420013,0.00044494935736210815,26.2,2.3874672772626644,15.2,2.16794833886788,15.2,2.16794833886788,79.0,3.7416573867739413,0.5780946999027958,0.03809038377593402,0.5844153033710972,0.013068417789572998,0.5455916069684255,0.010938201837687116
lendingclub_imb77,gbdt,random,0.05,6,0.7837783513412542,0.0025433064445333424,0.5920191983206248,0.03057656930352484,0.026814515507749957,0.0013153464487326708,0.18403839664124955,0.06115313860704969,188711.6,143.56287821020786,0.21787859245428365,0.0004086894163926608,23.4,1.5165750888103102,13.0,2.5495097567963922,13.0,2.5495097567963922,92.0,5.958187643906492,0.5525569358178053,0.08176523495991599,0.5876262832078794,0.02831185352404941,0.5453496357114362,0.006946890612370882
lendingclub_imb77,gbdt,random,0.05,7,0.7839305149265471,0.0013077675704617866,0.6028187687568914,0.018278480736085456,0.024775256773396974,0.0013751672232061004,0.20563753751378297,0.036556961472170926,210239.6,130.38519854646063,0.21798276861944837,0.00018820152637330392,23.0,1.2247448713915887,15.0,3.7416573867739413,15.0,3.7416573867739413,107.0,5.70087712549569,0.6514150197628459,0.16169193420020073,0.5943430382922089,0.019242426849407464,0.5477161665455565,0.0036472607479890447
lendingclub_imb77,gbdt,random,0.05,8,0.7832057314710192,0.0021028547167581137,0.586153383102227,0.01374161597363115,0.022197391669045444,0.0018168023417929593,0.1723067662044539,0.027483231947262262,231760.2,125.11874359983048,0.21803395293660305,0.0002939813858496613,23.2,1.6431676725154987,12.8,3.271085446759225,12.8,3.271085446759225,119.8,7.429670248402685,0.5521435086652478,0.1404875167569699,0.5995428922533546,0.023346511129024985,0.5391928461979677,0.0054869604487921735
lendingclub_imb77,gbdt,random,0.05,9,0.7826444589513506,0.001830503090933682,0.5957215985361572,0.01735309479429573,0.02191144205376315,0.0009030226546276498,0.19144319707231455,0.034706189588591396,253296.6,139.00107913250187,0.21814411557767674,0.00034947872047912825,22.6,1.6733200530681513,13.4,2.8809720581775866,13.4,2.8809720581775866,133.2,7.726577508832746,0.5895586297760211,0.09572113300204513,0.6178514024764912,0.027573058177102826,0.5433147897399935,0.006845580079244248
lendingclub_imb77,gbdt,random,0.05,10,0.7830786009927234,0.0015906635124740818,0.5882424379684486,0.024829207739854538,0.02105105482121334,0.0019669706426888346,0.17648487593689716,0.049658415479709096,274843.6,137.07041985783022,0.21804905049630663,0.0001307963306157251,21.8,0.44721359549995815,13.4,3.0495901363953815,13.4,3.0495901363953815,146.6,7.503332592921629,0.6155844155844156,0.14354909163849774,0.5786159368781345,0.018668211627648264,0.5436425842710602,0.010833197428065912
lendingclub_imb77,gbdt,random,0.1,0,0.7783333333333333,0.0042508169149523285,0.5498069203927795,0.018272480294000127,0.06958523796776397,0.009085847766276408,0.09961384078555902,0.0365449605880003,60000.0,0.0,0.22374666666666668,0.001889789817825133,0.0,0.0,0.0,0.0,0.0,0.0,0.0,0.0,0.0,0.0,0.0,0.0,0.0,0.0
lendingclub_imb77,gbdt,random,0.1,1,0.781537506504326,0.0028290039246342664,0.5717745013023837,0.026450801286749537,0.05193785360518233,0.006308612354079248,0.14354900260476744,0.0529016025734991,81402.6,61.751923046976685,0.22122439873081898,0.001381873697072443,61.6,6.949820141557623,34.2,2.280350850198275,34.2,2.280350850198275,34.2,2.280350850198275,0.5579190272877615,0.03545442515508239,0.5513573667728234,0.01996126811173891,0.5652360029392989,0.011194284765875811
lendingclub_imb77,gbdt,random,0.1,2,0.7823410958044457,0.0027582259641295848,0.5647766611689531,0.03296834604017016,0.04212412017853468,0.004316458941906789,0.12955332233790617,0.06593669208034023,102860.2,103.42726913150317,0.21987345123727575,0.0005705344418030893,55.4,5.128352561983234,31.0,4.06201920231798,31.0,4.06201920231798,65.2,5.974947698515863,0.5604679141181026,0.05966147407980338,0.5548714837549374,0.020072193599382535,0.5614205985266332,0.003445058314861693
lendingclub_imb77,gbdt,random,0.1,3,0.7828165273799945,0.0027753201507462123,0.5806512138516562,0.010401767580026559,0.0395034082554825,0.0026839993794007585,0.16130242770331252,0.020803535160053097,124348.4,103.59198810719073,0.2193967632480247,0.000722039695364266,52.2,2.489979919597746,32.2,5.805170109479997,32.2,5.805170109479997,97.4,9.208691546577072,0.6194907733775658,0.12063902465509765,0.5817863998492898,0.014888849113925191,0.5526725316158483,0.004646200270746368
lendingclub_imb77,gbdt,random,0.1,4,0.7837359992357598,0.001819766141537033,0.5747504875973599,0.0121172892221582,0.035752388495755634,0.002033199062285406,0.14950097519472,0.024234578444316396,145843.6,121.46727954473617,0.2187907124322209,0.0005278262653869385,51.2,4.8166378315169185,32.4,6.308724118235001,32.4,6.308724118235001,129.8,12.275992831539128,0.6298689017837954,0.08309419458190745,0.5909873877876983,0.01857864119682244,0.5507957912166721,0.0036481350254664127
lendingclub_imb77,gbdt,random,0.1,5,0.7847602954102297,0.0020005630755531197,0.5861817547173465,0.014355711547676342,0.0314533318606438,0.0028633841750970424,0.17236350943469275,0.028711423095352708,167331.8,147.43371391917546,0.21837468411225772,0.0005017135537380308,52.0,4.636809247747852,31.0,2.2360679774997894,31.0,2.2360679774997894,160.8,12.029131306956458,0.5988488269861542,0.05395252782651835,0.5816670079156866,0.015677293481449313,0.5497265342022727,0.012191277457527653
lendingclub_imb77,gbdt,random,0.1,6,0.7825042630102176,0.002310890045797708,0.5965970865991977,0.03044992270796027,0.028122861761441208,0.002874587347184758,0.19319417319839544,0.06089984541592051,188851.0,171.4394936996754,0.21820173811901805,0.00046391612531970197,48.6,3.1304951684997055,29.4,2.4083189157584584,29.4,2.4083189157584584,190.2,14.096098751072933,0.605143557063076,0.03736413280563898,0.5767356209506772,0.02448804171467955,0.5537247935132962,0.006518167739529874
lendingclub_imb77,gbdt,random,0.1,7,0.7832362227703233,0.0019307882399224974,0.5903593717240225,0.021098046326205454,0.02655854480742209,0.0017411912222248293,0.18071874344804506,0.04219609265241092,210396.2,172.73737291044017,0.21833858498448366,0.0002503348894290738,45.4,2.880972058177586,26.6,4.159326868617084,26.6,4.159326868617084,216.8,14.394443372357268,0.5854946061549591,0.07760087542640999,0.5738255172917491,0.013009519403805996,0.5416692999040895,0.0022195633119346434
lendingclub_imb77,gbdt,random,0.1,8,0.7834606730993203,0.0009425456897638809,0.5973077051312178,0.024114544272017507,0.027140015961379698,0.0009723407637480009,0.19461541026243548,0.048229088544035084,231928.2,186.43148875658957,0.21839590277063797,0.00033018970564413535,47.4,2.607680962081059,30.0,0.9999999999999997,30.0,0.9999999999999997,246.8,15.106290080625358,0.6340730902289994,0.032757238313588066,0.5944931689167406,0.01847852177885924,0.5446159354845145,0.007443035427047142
lendingclub_imb77,gbdt,random,0.1,9,0.7832565296500194,0.001689485169422503,0.6007184007716533,0.015382220076712758,0.024882182728012625,0.0018161147683829959,0.20143680154330657,0.030764440153425512,253453.4,219.58324161920672,0.21845330516966613,0.00038981532738003113,48.0,3.6742346141747673,29.2,2.04939015319192,29.2,2.04939015319192,276.0,15.165750888103101,0.6101895206243032,0.051494999261770015,0.6210826399969485,0.020310506072711572,0.546950844338587,0.00557854073675129
lendingclub_imb77,gbdt,random,0.1,10,0.7829747408671629,0.0007511369792005735,0.5787812227463476,0.018089964702383866,0.023473171510458104,0.00063407596392393,0.15756244549269535,0.0361799294047678,275016.6,233.4765512851306,0.21835979820768076,0.0001777406700885862,43.6,1.8165902124584958,25.6,4.669047011971501,25.6,4.669047011971501,301.6,13.221195104830738,0.5876793939685749,0.1058161586602808,0.5752337567922953,0.022227215163784526,0.5447632176730168,0.0033282194299431157
lendingclub_imb77,gbdt,random,0.15,0,0.7783333333333333,0.0042508169149523285,0.5498069203927795,0.018272480294000127,0.06958523796776397,0.009085847766276408,0.09961384078555902,0.0365449605880003,60000.0,0.0,0.22374666666666668,0.001889789817825133,0.0,0.0,0.0,0.0,0.0,0.0,0.0,0.0,0.0,0.0,0.0,0.0,0.0,0.0
lendingclub_imb77,gbdt,random,0.15,1,0.780465415372892,0.0011826084430276993,0.5523680120283895,0.04396192502761431,0.05422102383943359,0.004637286939559259,0.10473602405677893,0.08792385005522863,81433.4,58.34209458015761,0.2213494337773041,0.0013468253301770357,92.4,10.358571330062848,51.2,2.1679483388678804,51.2,2.1679483388678804,51.2,2.1679483388678804,0.5599920336861273,0.06985754308819588,0.5513573667728234,0.01996126811173891,0.5621199067176135,0.0029431805789015553
lendingclub_imb77,gbdt,random,0.15,2,0.7815095238051718,0.0017455515874967385,0.5729071866273542,0.01950809777728224,0.04492170795587701,0.0020755830535245587,0.14581437325470845,0.039016195554564544,102903.2,97.4561439828175,0.22002838713625464,0.0004870706798940511,85.8,7.661592523751182,45.4,4.277849927241488,45.4,4.277849927241488,96.6,4.0373258476372715,0.5312765370829886,0.052851783633619455,0.5468455964622408,0.01661433342570563,0.5520265974773574,0.005136272044662595
lendingclub_imb77,gbdt,random,0.15,3,0.781774310394454,0.001770550915365601,0.5739656795741952,0.028992984377239427,0.03905571002655003,0.0016205686218352545,0.14793135914839034,0.05798596875447887,124405.4,76.5003267966894,0.21956626307185512,0.0007226096442175844,79.8,4.207136793592524,47.0,2.5495097567963922,47.0,2.5495097567963922,143.6,5.856620185738528,0.5895855370610812,0.030848808852603094,0.5797097064719512,0.02021828655765467,0.5574095302169721,0.004079293440801472
lendingclub_imb77,gbdt,random,0.15,4,0.7841884606809888,0.0019411954103253416,0.5712639367609026,0.023153875415418173,0.039119303340389835,0.0031619945449277704,0.1425278735218052,0.04630775083083628,145918.2,92.6887263910737,0.21896933437711988,0.0005192540192763438,78.0,7.44983221287567,44.4,8.049844718999243,44.4,8.049844718999243,188.0,9.246621004453464,0.5681411994359596,0.07897887304163018,0.5874689898298419,0.02056244118025706,0.5488631734479553,0.006115213463477979
lendingclub_imb77,gbdt,random,0.15,5,0.7831533502592972,0.0008325979897076987,0.5883831191331914,0.0331642400915491,0.033332176628882784,0.0031799334648783518,0.17676623826638282,0.06632848018309818,167410.6,117.48106230367706,0.21857998483565927,0.0005589969875386904,81.8,9.549869109050658,47.4,7.127411872482185,47.4,7.127411872482185,235.4,14.67310464761974,0.5781249400009656,0.02548413389521742,0.5676181567753333,0.0127966389130911,0.5495725162854985,0.003426516437456291
lendingclub_imb77,gbdt,random,0.15,6,0.7838097929460723,0.0021917351518156184,0.602193396156624,0.02561111920818951,0.03151795518454881,0.0019696933014041454,0.20438679231324808,0.05122223841637903,188949.8,122.84828041124699,0.2184029339496507,0.0005606095628021972,73.4,1.8165902124584963,40.8,4.969909455915671,40.8,4.969909455915671,276.2,19.110206696946005,0.5557183521549719,0.06465766361459335,0.5782382365921299,0.02247968755666517,0.5547101316025045,0.006523010185599317
lendingclub_imb77,gbdt,random,0.15,7,0.7833991293716742,0.001684066143430956,0.6049108139086107,0.025355385785907094,0.03058419950025836,0.0016358550610264132,0.20982162781722122,0.0507107715718142,210509.0,135.25531412850057,0.21850941268260454,0.0003247891834173245,69.8,2.86356421265527,41.8,3.834057902536163,41.8,3.834057902536163,318.0,21.988633427296023,0.5983516483516483,0.040266917892963584,0.5917307727112503,0.019518485767811757,0.5476724179489493,0.001007206908108604
lendingclub_imb77,gbdt,random,0.15,8,0.7833170170359754,0.002743114353574954,0.5941452602913454,0.01563476715081092,0.02718222539191519,0.0013952163596996625,0.1882905205826908,0.03126953430162183,232056.0,142.76904426380634,0.21856348390125085,0.0003749980835517971,71.8,2.774887385102322,42.0,4.415880433163924,42.0,4.415880433163924,360.0,22.09072203437452,0.5848388305455414,0.05700758462471383,0.5950339359024062,0.027297813220953877,0.5461092892741103,0.005864380203835031
lendingclub_imb77,gbdt,random,0.15,9,0.782936229353648,0.0014207054209783988,0.5991428604192586,0.022046406358020403,0.027478039017269196,0.0013996436745027678,0.1982857208385172,0.04409281271604081,253612.6,160.57023385422042,0.2186687958752957,0.0003076273346919383,70.4,3.0495901363953806,46.2,4.147288270665545,46.2,4.147288270665545,406.2,23.530830839560252,0.6559612735822167,0.04721391354199175,0.6207642246842585,0.027268953357224658,0.549039521161548,0.0054651828575815655
lendingclub_imb77,gbdt,random,0.15,10,0.7817174790636623,0.0008806747624164168,0.5955331240694729,0.020415382978306886,0.02482540855185502,0.0008702216102432963,0.19106624813894588,0.040830765956613724,275178.0,179.20239953750112,0.21857192784717833,0.00011469422832298974,68.6,3.7815340802378064,38.8,1.9235384061671346,38.8,1.9235384061671346,445.0,22.66053838724932,0.5665885658794603,0.03371673565760188,0.566492346613605,0.023019856000294908,0.5493907939802221,0.002926006831772311
lendingclub_imb77,gbdt,random,0.2,0,0.7783333333333333,0.0042508169149523285,0.5498069203927795,0.018272480294000127,0.06958523796776397,0.009085847766276408,0.09961384078555902,0.0365449605880003,60000.0,0.0,0.22374666666666668,0.001889789817825133,0.0,0.0,0.0,0.0,0.0,0.0,0.0,0.0,0.0,0.0,0.0,0.0,0.0,0.0
lendingclub_imb77,gbdt,random,0.2,1,0.7809647176113629,0.0038326898561295477,0.5763748406918661,0.02215365985571293,0.056161715562979754,0.00574526184159257,0.15274968138373207,0.044307319711425826,81463.6,54.797810175222885,0.2215104325858513,0.001379274104523261,122.6,13.903237033151663,71.0,7.211102550927978,71.0,7.211102550927978,71.0,7.211102550927978,0.5813194020823772,0.04863803478388744,0.5513573667728234,0.01996126811173891,0.5570337110445746,0.005139773068736425
lendingclub_imb77,gbdt,random,0.2,2,0.7813235153281639,0.0010433672925647883,0.5675820192855103,0.02900717256065181,0.04503947135563324,0.004017638823633944,0.13516403857102066,0.05801434512130356,102962.6,90.56102914609565,0.22023757205275651,0.0006131949105289476,113.8,10.059821071967434,62.2,5.215361924162119,62.2,5.215361924162119,133.2,9.338094023943002,0.5473814559901647,0.029288011526564826,0.5525811706690212,0.024469133730502867,0.5553198860075248,0.007395429415914462
lendingclub_imb77,gbdt,random,0.2,3,0.7816320528039965,0.0013243556417545576,0.5703876282751449,0.022072142140145714,0.04160645555042075,0.002812957222937825,0.14077525655028983,0.0441442842802913,124499.0,95.32837982468631,0.21985919595832515,0.0008023598702937022,104.4,6.767569726275451,62.8,5.8906705900092575,62.8,5.8906705900092575,196.0,13.83835250309805,0.6012125106381365,0.03463537975137755,0.5783559175430693,0.019951354097659846,0.5553060597953292,0.005733031695859997
lendingclub_imb77,gbdt,random,0.2,4,0.7818536656413968,0.0019940710389185073,0.5728679178797529,0.02632948578973967,0.038802774251632574,0.0019529313835568683,0.14573583575950586,0.052658971579479345,146028.2,129.61558548261453,0.21930036151726937,0.00047512204829648614,106.2,9.808159868191384,64.0,3.240370349203929,64.0,3.240370349203929,260.0,14.628738838327799,0.6049646170672454,0.037096378937550335,0.5825937588387586,0.0136743236567277,0.553347394858911,0.006044169100203391
lendingclub_imb77,gbdt,random,0.2,5,0.7839250349755543,0.0013580860708966413,0.5941613362583162,0.018573263390879023,0.03518681577018684,0.002598495481927605,0.18832267251663232,0.03714652678175797,167555.8,140.78245629338602,0.21891119799831943,0.0004643524694187343,106.6,8.619744775803978,62.4,9.154233993076645,62.4,9.154233993076645,322.4,20.59854363784003,0.5831115548207942,0.04468788549859187,0.5785779003351468,0.017336728468872596,0.5535788616714631,0.0032133614431407455
lendingclub_imb77,gbdt,random,0.2,6,0.7825655426910149,0.001973550937785364,0.5836003340279797,0.026895874869186893,0.031742470470434846,0.001674425713457796,0.1672006680559594,0.05379174973837378,189112.4,143.48100919634317,0.21874414605809095,0.00043082350425373934,99.4,4.669047011971502,57.8,6.016643582596529,57.8,6.016643582596529,380.2,21.924871721403527,0.5807828486180613,0.04236498246720781,0.5766595473581891,0.014496328887025163,0.5501857946656781,0.004129839809629108
lendingclub_imb77,gbdt,random,0.2,7,0.7836645868253568,0.001009325688612265,0.5951177007307416,0.029016295669616055,0.03190451835634842,0.0017732377485091015,0.19023540146148307,0.05803259133923209,210689.2,139.96142325655242,0.21884565603683542,0.0002525057891761233,94.4,1.5165750888103087,56.6,4.615192303685729,56.6,4.615192303685729,436.8,18.403803954617636,0.5996546813379424,0.049186896195505266,0.5922631630366733,0.016899798837082487,0.5465419859438228,0.002808505217812822
lendingclub_imb77,gbdt,random,0.2,8,0.7828121365293035,0.0025879212122263528,0.5981171637508078,0.02429753944539936,0.03156417806587723,0.0017181508929401505,0.19623432750161557,0.04859507889079868,232243.8,153.03006240605163,0.2188845904290364,0.0002654910648595944,99.8,7.854934754662193,62.8,5.890670590009255,62.8,5.890670590009255,499.6,23.19051530259732,0.6297852625196918,0.04334691970235633,0.6024115665137758,0.026281258462730297,0.5480708095608762,0.006309097633075504
lendingclub_imb77,gbdt,random,0.2,9,0.7830728480785227,0.002164242424735742,0.6004977193145504,0.013566800254154108,0.028609811943352374,0.0020997142154549433,0.20099543862910085,0.02713360050830828,253811.0,167.25728683677372,0.21899585735346636,0.000319598749759126,96.6,7.127411872482182,57.8,4.494441010848846,57.8,4.494441010848846,557.4,24.35775030662726,0.6001693474223836,0.05207037653647524,0.602736844060789,0.024207985963179007,0.5490321630146625,0.007266084669435293
lendingclub_imb77,gbdt,random,0.2,10,0.7819091341003039,0.0018559840276571558,0.5807939690341074,0.016881282859656954,0.02762000926984177,0.0030409641037250296,0.16158793806821478,0.033762565719313915,275406.4,175.94402518983728,0.2189055264915667,0.00014387699413991864,89.6,4.9295030175464944,51.2,5.310367218940701,51.2,5.310367218940701,608.6,25.353500744473134,0.5708909000649177,0.04284601959776962,0.5708947917100359,0.020779466902045848,0.5486926603972697,0.0046303562577910224
lendingclub_imb77,gbdt,random,0.3,0,0.7783333333333333,0.0042508169149523285,0.5498069203927795,0.018272480294000127,0.06958523796776397,0.009085847766276408,0.09961384078555902,0.0365449605880003,60000.0,0.0,0.22374666666666668,0.001889789817825133,0.0,0.0,0.0,0.0,0.0,0.0,0.0,0.0,0.0,0.0,0.0,0.0,0.0,0.0
lendingclub_imb77,gbdt,random,0.3,1,0.7796673704576623,0.002373878205369002,0.5567083097058291,0.026352751031449056,0.05640523826358003,0.006361757670661206,0.11341661941165808,0.05270550206289805,81525.0,48.181946826586405,0.2217753332287662,0.0014039222200651477,184.0,20.518284528683193,106.2,9.67987603226405,106.2,9.67987603226405,106.2,9.67987603226405,0.5783500054373499,0.018023211259562317,0.5513573667728234,0.01996126811173891,0.5604887875956819,0.0024755071787796214
lendingclub_imb77,gbdt,random,0.3,2,0.7802691960988066,0.002626073951653466,0.5603736967319761,0.03296112835183587,0.048401834746314557,0.0030437120869062145,0.12074739346395233,0.06592225670367177,103086.6,91.46201397301674,0.22069237365199507,0.0005450823522324306,167.8,20.620378270051205,95.2,10.848963084092414,95.2,10.848963084092414,201.4,12.915107432770355,0.5706790978680261,0.06128953228223721,0.550020116592641,0.014371339940250178,0.555293917681593,0.005337292200382847
lendingclub_imb77,gbdt,random,0.3,3,0.7817945001132438,0.001784444826255287,0.5950413742749115,0.018046663647782197,0.045363583892542414,0.001238090817594937,0.19008274854982304,0.03609332729556438,124652.2,87.98693084770979,0.22032213053602842,0.0007421074016631892,166.2,10.084641788382967,96.6,9.370165420097983,96.6,9.370165420097983,298.0,16.077935190813523,0.5803526168205725,0.026529386504879095,0.573601240209647,0.005400628034046991,0.5526879479722804,0.004296735354644201
lendingclub_imb77,gbdt,random,0.3,4,0.7825599303335171,0.0019177503187620983,0.581789226438345,0.014093754914478594,0.04324811498100778,0.0013142517394281869,0.16357845287668998,0.028187509828957156,146240.4,114.94041934846065,0.21983817018038318,0.0004986855010342665,156.6,13.164345787011214,89.6,6.148170459575759,89.6,6.148170459575759,387.6,17.21336689901194,0.57356624415859,0.03626006457411602,0.5758465900936158,0.016276615296981514,0.5504034844715534,0.004109703962017043
lendingclub_imb77,gbdt,random,0.3,5,0.7827513338539502,0.0024803189640193474,0.5691725484424203,0.005850105492208637,0.03923802552661985,0.0013026357724035156,0.13834509688484053,0.011700210984417222,167813.8,112.81710863162242,0.21948269557695793,0.00048187233822264265,162.8,10.425929215182695,96.8,7.463243262818115,96.8,7.463243262818115,484.4,17.472836060582726,0.5947634718629926,0.02902048319511383,0.5805356015729969,0.008013836117599723,0.5515565089125614,0.004196862444292864
lendingclub_imb77,gbdt,random,0.3,6,0.7818630242476214,0.0026468187256166787,0.5907722320041859,0.043703954645051724,0.037421810213838856,0.0021431793737590552,0.18154446400837182,0.0874079092901035,189406.4,111.44639967267148,0.2193189414535402,0.000467315474706081,155.0,5.656854249492381,89.2,4.969909455915671,89.2,4.969909455915671,573.6,17.91089054179049,0.5752009710521785,0.01371741980600645,0.5747444511053275,0.024389025501128862,0.5511268724432206,0.005867070759193338
lendingclub_imb77,gbdt,random,0.3,7,0.7825017918605255,0.0023384498209250764,0.6045137238500609,0.01783242923890438,0.035476723949025436,0.001652418352352551,0.20902744770012166,0.035664858477808724,211006.2,116.76343605769728,0.2194059110946601,0.00025994905261069286,151.4,5.5497747702046425,87.0,8.514693182963201,87.0,8.514693182963201,660.6,21.41961717678446,0.574035406077378,0.04131927923739806,0.583861157306065,0.014613679565667368,0.5484642673834352,0.002949392588225139
lendingclub_imb77,gbdt,random,0.3,8,0.7819434929399626,0.0027033726256166135,0.5928856287414254,0.019119060682802055,0.03451988244160352,0.0022015662792804606,0.18577125748285064,0.03823812136560413,232611.6,118.3566643666474,0.21948426319337186,0.00039485024564168476,149.0,7.516648189186454,89.4,14.223220451079282,89.4,14.223220451079282,750.0,30.86259872402193,0.5996056146544733,0.08414725288794364,0.5915368289909819,0.009766878119043055,0.5475332638539439,0.0035811037419349262
lendingclub_imb77,gbdt,random,0.3,9,0.7811486186862189,0.001933964502657167,0.5958239384020431,0.014755527021880707,0.034611998622364124,0.0008856824050874371,0.19164787680408613,0.029511054043761413,254215.2,144.9696519965508,0.21961219586306355,0.0003881996122747724,150.0,11.747340124470734,96.6,5.128352561983234,96.6,5.128352561983234,846.6,32.48538132760642,0.6456133847186043,0.03524225056378342,0.609401709935125,0.02761866792854427,0.5499015225034019,0.004119105534187686
lendingclub_imb77,gbdt,random,0.3,10,0.7820504268183599,0.0010200471011834705,0.5899983615954356,0.013689490413392515,0.033244747976825244,0.00116597593428491,0.1799967231908714,0.027378980826785068,275832.2,153.21781880708272,0.2194949696062416,0.00016607549206427863,144.2,7.259476565152614,83.8,6.180614856144977,83.8,6.180614856144977,930.4,31.69858040985431,0.5810331825037707,0.027805397120546464,0.5768317388713564,0.01789530472112271,0.5502737356626909,0.004091067178757897
lendingclub_imb77,gbdt,random,0.5,0,0.7783333333333333,0.0042508169149523285,0.5498069203927795,0.018272480294000127,0.06958523796776397,0.009085847766276408,0.09961384078555902,0.0365449605880003,60000.0,0.0,0.22374666666666668,0.001889789817825133,0.0,0.0,0.0,0.0,0.0,0.0,0.0,0.0,0.0,0.0,0.0,0.0,0.0,0.0
lendingclub_imb77,gbdt,random,0.5,1,0.7808278630059071,0.002095720991986381,0.5667576909147801,0.02291040486522573,0.05807357139516095,0.006464199397856308,0.1335153818295601,0.04582080973045141,81646.8,34.412207136419866,0.22219639303886232,0.0014695633743373807,305.8,34.28848203114277,167.6,14.432601983010544,167.6,14.432601983010544,167.6,14.432601983010544,0.5495289793298672,0.023123568861710173,0.5513573667728234,0.01996126811173891,0.5578828014381138,0.0036104725008931334
lendingclub_imb77,gbdt,random,0.5,2,0.7814737345352722,0.0014681608312368324,0.5740027495426999,0.04133108320760516,0.05493711461625207,0.002302395760177206,0.14800549908539984,0.0826621664152103,103322.2,62.0983091557234,0.22134665761414835,0.0006797001310664755,277.0,36.21463792446363,148.0,20.26079958935481,148.0,20.26079958935481,315.6,30.948344059093046,0.5357471583735187,0.05111525944920313,0.5454884560521821,0.02793893118056073,0.553869627663228,0.004772561896446847
lendingclub_imb77,gbdt,random,0.5,3,0.7832419449809741,0.0019361717896861828,0.5795619176021034,0.012247499927586124,0.052193386752587924,0.004528849129046861,0.15912383520420686,0.02449499985517226,124999.4,57.32625925350642,0.22116926539055987,0.0008808879932573313,275.4,7.300684899377588,164.4,9.762171889492627,164.4,9.762171889492627,480.0,24.72852603775648,0.596914029596374,0.031041301404031142,0.5851087888799394,0.019212780214255366,0.5529924411271063,0.0023211318220978023
lendingclub_imb77,gbdt,random,0.5,4,0.7828860259934665,0.0014369354699758892,0.5906186357867604,0.02951919061887147,0.05066142968591157,0.0030289557347572475,0.18123727157352099,0.05903838123774298,146676.8,73.33621206470642,0.22077808473455224,0.0006267238760991146,275.2,23.28518842526295,156.4,13.740451229854132,156.4,13.740451229854132,636.4,30.85125605222583,0.56872099547177,0.025830739763008963,0.5739177295679427,0.025295126699983038,0.5518080673440049,0.0024251839032290376
lendingclub_imb77,gbdt,random,0.5,5,0.7818853152163567,0.002102659326603704,0.5929261554779452,0.014946454606606312,0.045417370197419774,0.0013425141731836098,0.18585231095589064,0.02989290921321266,168351.2,77.23147026956876,0.22051411335403293,0.0006477397005805862,277.6,30.49262205845867,162.6,15.142654985173504,162.6,15.142654985173504,799.0,25.534290669607422,0.5870687760260221,0.028512482083987784,0.5810406518658753,0.017997686287264756,0.5504256592768609,0.002914965195165403
lendingclub_imb77,gbdt,random,0.5,6,0.7830546555340334,0.0033572516957699203,0.5932154207007676,0.021628057638487897,0.04455749602711655,0.002224457114846802,0.1864308414015353,0.043256115276975766,190050.8,75.71129374142406,0.2204179698135436,0.0005921394556778567,253.2,13.682105101189656,146.8,12.029131306956456,146.8,12.029131306956456,945.8,22.174309459372136,0.5793387016756274,0.02779321268262348,0.5828583497326276,0.026252231109168078,0.5517082687223746,0.004664629120604218
lendingclub_imb77,gbdt,random,0.5,7,0.782336776901241,0.0015159496546712373,0.5960185914076482,0.008943181695168808,0.044514884166967944,0.0030601991907731607,0.19203718281529647,0.017886363390337695,211752.4,66.9387779990084,0.22056519185833628,0.0003578702642701214,250.6,13.520355024924456,144.4,9.813256340277675,144.4,9.813256340277675,1090.2,19.1755052084684,0.5760626618567569,0.020287708337316464,0.5836033424756153,0.01807027762404068,0.5508755584406726,0.002628646919310693
lendingclub_imb77,gbdt,random,0.5,8,0.7819741092187147,0.002271416754876877,0.5880701318918291,0.02167186132055931,0.04324870133355502,0.0020357090434819022,0.17614026378365819,0.043343722641118576,233443.6,60.41771263462022,0.22069054906526916,0.00034514227235726494,261.0,19.811612756158947,157.4,7.924645102463578,157.4,7.924645102463578,1247.6,14.638989036132276,0.6050912170263006,0.04304276982367718,0.5879353510605212,0.026717858630252434,0.5487865674253569,0.0007492766349770911
lendingclub_imb77,gbdt,random,0.5,9,0.7816938359501586,0.0006953443756256968,0.5960760232899446,0.014662537990174569,0.04276076365454874,0.0011234472109316544,0.19215204657988919,0.02932507598034919,255134.8,76.75415298210295,0.2208188869319395,0.0003092583879032118,261.2,17.426990560621757,154.0,6.670832032063169,154.0,6.670832032063169,1401.6,19.552493447128434,0.5911730110968153,0.03729269238064984,0.6041487526870281,0.021389176590957105,0.5494219638148914,0.003675296379707199
lendingclub_imb77,gbdt,random,0.5,10,0.7818862335819643,0.0023364738336194785,0.591735998615655,0.025541330130551484,0.04206272591590938,0.0013699709542154583,0.18347199723131,0.05108266026110291,276840.0,85.34342388256988,0.22073975738300913,0.00011025632033361071,247.4,12.177848742696716,139.8,9.5236547606473,139.8,9.5236547606473,1541.4,24.01666088364495,0.5647364481416561,0.014612999457996314,0.5596406530485778,0.016818077757246936,0.5503920779680089,0.0023166009848591008
lendingclub_imb77,gbdt,random,0.75,0,0.7783333333333333,0.0042508169149523285,0.5498069203927795,0.018272480294000127,0.06958523796776397,0.009085847766276408,0.09961384078555902,0.0365449605880003,60000.0,0.0,0.22374666666666668,0.001889789817825133,0.0,0.0,0.0,0.0,0.0,0.0,0.0,0.0,0.0,0.0,0.0,0.0,0.0,0.0
lendingclub_imb77,gbdt,random,0.75,1,0.780518625690235,0.001716111355312401,0.5647327638685169,0.01819773604721455,0.061806025000836914,0.006644522575856792,0.12946552773703382,0.03639547209442909,81799.8,17.108477430795816,0.222805118212645,0.0015678583370983645,458.8,51.591665993646686,251.4,30.121420949218184,251.4,30.121420949218184,251.4,30.121420949218184,0.547774263916262,0.01904849866236924,0.5513573667728234,0.01996126811173891,0.5591061565730814,0.002980632628709567
lendingclub_imb77,gbdt,random,0.75,2,0.7796439840446652,0.0017512500676368087,0.5646367790430471,0.02272396756327825,0.05997807949400182,0.004441007166105798,0.12927355808609414,0.04544793512655647,103612.4,32.02030605725267,0.22231137318696792,0.000766863034937572,419.2,51.83820984563413,233.2,25.7332469774026,233.2,25.7332469774026,484.6,52.486188659494026,0.5572516316587995,0.017920887467206218,0.5489299963517599,0.022150068140051972,0.5551065500980302,0.005573293985967079
lendingclub_imb77,gbdt,random,0.75,3,0.7806806366568628,0.0018122442814508723,0.5701564890485706,0.009677013074016782,0.060790628013701255,0.0026254041554815612,0.14031297809714124,0.019354026148033627,125426.4,36.080465628922994,0.22233610263832207,0.0009221816457685084,414.6,24.37826901156027,242.0,12.98075498574717,242.0,12.98075498574717,726.6,57.91200221025,0.5839142281178005,0.011387493653601493,0.5848185785165272,0.010192366846523103,0.553694723338608,0.0029699579417786855
lendingclub_imb77,gbdt,random,0.75,4,0.7833494151465288,0.002264075401262631,0.5819201916228197,0.022569108961892348,0.05824620443016065,0.002571725078753311,0.1638403832456395,0.0451382179237847,147235.8,43.30357952871501,0.22209689991049655,0.0006383386337250195,429.4,25.01599488327418,246.0,12.083045973594572,246.0,12.083045973594572,972.6,66.53044415904648,0.5735468771311234,0.025039086962073357,0.5734245706122013,0.023406788113352228,0.5534231391962573,0.0025274934346815733
lendingclub_imb77,gbdt,random,0.75,5,0.7812704712063578,0.0006048994671587245,0.5816766075777006,0.02306450362654526,0.05733044944854384,0.003771806488419069,0.16335321515540108,0.046129007253090465,169047.2,44.678854058714464,0.22195466983204498,0.0006115855513458789,423.2,32.47614509143596,242.8,17.253985046939157,242.8,17.253985046939157,1215.4,66.9201016137902,0.574136694367807,0.019028644656012866,0.5735928448849272,0.017441748251871086,0.5530315220814254,0.0030391993612640298
lendingclub_imb77,gbdt,random,0.75,6,0.7813334987909197,0.0020576096439755354,0.5844172772313927,0.013870197792728198,0.055031988206544646,0.0038920011659154727,0.16883455446278545,0.027740395585456445,190863.8,54.403124910248415,0.22190492530069078,0.0005103235449576872,407.4,32.52383741196601,232.6,18.52835664596297,232.6,18.52835664596297,1448.0,81.33879763065102,0.571288128356009,0.021167177058502733,0.5800947983992734,0.01717524263983408,0.5555983299447078,0.002438652169672164
lendingclub_imb77,gbdt,random,0.75,7,0.7806968148250512,0.0018194866346943098,0.5840786511329529,0.014330124165228046,0.05476180410768881,0.002595494624632848,0.1681573022659057,0.028660248330456096,212685.2,56.720366712491895,0.22213210754353857,0.00033194315751903185,393.2,14.463747785411638,228.0,10.81665382639197,228.0,10.81665382639197,1676.0,87.24391096231298,0.5797879474602583,0.014199104340291471,0.5731958003992406,0.015085094219704193,0.5535862308024082,0.0025599915321715514
lendingclub_imb77,gbdt,random,0.75,8,0.7829615639735314,0.001412120008100978,0.5867256298758432,0.005590189195215752,0.05699332672183817,0.003865342569663553,0.17345125975168638,0.011180378390431438,234500.2,57.71221707749904,0.22227870802574473,0.00028357481906970814,412.8,32.50692233971097,246.4,18.17415747703315,246.4,18.17415747703315,1922.4,89.59520076432665,0.5973402717159342,0.021333292323845496,0.5982677494443216,0.020579496824473784,0.5524393770017568,0.0026212831318376457
lendingclub_imb77,gbdt,random,0.75,9,0.7815863803557122,0.002455865940301383,0.5818980303345025,0.01190242153155936,0.05416401510819666,0.003139355976512665,0.16379606066900493,0.02380484306311869,256315.0,66.24198064672028,0.22245669735056328,0.0002440775598929201,413.4,33.01211898682058,252.0,10.559356040971432,252.0,10.559356040971432,2174.4,98.62200565796667,0.6111326264678356,0.025928078396727724,0.61588766994514,0.026550997993486376,0.5516190499979258,0.0024548386468785815
lendingclub_imb77,gbdt,random,0.75,10,0.7805210752910725,0.001121775467476809,0.5787161028539486,0.02024578779290862,0.05438263432846804,0.0027215224723453127,0.15743220570789704,0.04049157558581725,278133.6,72.90267484805413,0.22237729470456094,5.4911540698400986e-05,401.4,23.985412233272122,229.0,16.462077633154326,229.0,16.462077633154326,2403.4,106.48145378421539,0.5706440345926432,0.025332371813308892,0.570821535556618,0.009765937876358982,0.5511357114337239,0.001976906604088183
lendingclub_imb77,gbdt,random,1.0,0,0.7783333333333333,0.0042508169149523285,0.5498069203927795,0.018272480294000127,0.06958523796776397,0.009085847766276408,0.09961384078555902,0.0365449605880003,60000.0,0.0,0.22374666666666668,0.001889789817825133,0.0,0.0,0.0,0.0,0.0,0.0,0.0,0.0,0.0,0.0,0.0,0.0,0.0,0.0
lendingclub_imb77,gbdt,random,1.0,1,0.779110487462632,0.0017446893209932524,0.5741456484642518,0.030222706743963816,0.06776948735663482,0.005049124768737218,0.1482912969285035,0.06044541348792764,81952.0,0.0,0.22342590784849667,0.001555905987421446,611.0,68.69861716221077,336.2,31.115912327939228,336.2,31.115912327939228,336.2,31.115912327939228,0.5513573667728234,0.01996126811173891,0.5513573667728234,0.01996126811173891,0.5593967917026672,0.0031733947359318154
lendingclub_imb77,gbdt,random,1.0,2,0.7791444107598287,0.0017718680309739732,0.5688073040523325,0.01575863799558337,0.06388309986526243,0.006176713907531227,0.13761460810466505,0.031517275991166764,103904.0,0.0,0.22320411148752695,0.0008017483619773971,583.0,64.33506042586733,317.6,31.0290186760716,317.6,31.0290186760716,653.8,56.69832449023517,0.5456850813033876,0.019732545119072343,0.5456850813033876,0.019732545119072343,0.5557061273403161,0.005305406210689821
lendingclub_imb77,gbdt,random,1.0,3,0.7805418719211823,0.0008335032470496253,0.580664543688188,0.0152577632349345,0.06702296320297516,0.005072927036802893,0.16132908737637594,0.030515526469868992,125856.0,0.0,0.22347285786931095,0.0009423749464664156,556.6,51.582942917208584,320.8,30.768490375707415,320.8,30.768490375707415,974.6,55.1026315161082,0.5763600711335389,0.014640527019690736,0.5763600711335389,0.014640527019690736,0.5533007344081338,0.002790304249656766
lendingclub_imb77,gbdt,random,1.0,4,0.7821798254515933,0.0039046917857210755,0.575192004998501,0.012557297134109,0.06859261737248791,0.004533035395715608,0.15038400999700197,0.025114594268217997,147808.0,0.0,0.22340468716172332,0.0006586412945180192,574.2,35.7309389745078,333.6,23.06078923194088,333.6,23.06078923194088,1308.2,57.837703965492956,0.5809469219251452,0.01737662101281635,0.5809469219251452,0.01737662101281635,0.5526974603693171,0.002620449847929148
lendingclub_imb77,gbdt,random,1.0,5,0.7811086239396795,0.002536187921025101,0.5787479347919645,0.015869865439172914,0.06588193035029546,0.0025557638478512354,0.15749586958392905,0.031739730878345786,169760.0,0.0,0.2233824222431668,0.0006220529919221759,592.2,47.866480965285085,335.4,17.924843095547587,335.4,17.924843095547587,1643.6,61.74787445734472,0.5673889274136157,0.018791168851152867,0.5673889274136157,0.018791168851152867,0.5542359756701984,0.0036444963295952106
lendingclub_imb77,gbdt,random,1.0,6,0.7797355449495345,0.001934840780378561,0.5818968228738022,0.018652829497460714,0.06422485687907878,0.0033995873848517086,0.16379364574760444,0.03730565899492145,191712.0,0.0,0.22344141211817728,0.0005404276570043805,571.4,42.75862486095642,327.6,29.039628096792146,327.6,29.039628096792146,1971.2,65.89537161288338,0.5729757104429414,0.017408337056222422,0.5729757104429414,0.017408337056222422,0.5552666121381675,0.003816760201605487
lendingclub_imb77,gbdt,random,1.0,7,0.7802868977137107,0.0019607428456101805,0.5788041876479583,0.02037472216665537,0.06713046531027207,0.0047377352935349245,0.15760837529591654,0.04074944433331071,213664.0,0.0,0.22371199640557138,0.0003610226313242271,554.4,24.182638400306942,321.4,15.931101656822106,321.4,15.931101656822106,2292.6,67.73699137103749,0.5797917810419944,0.01746793264872372,0.5797917810419944,0.01746793264872372,0.5524526087195427,0.0011956607621518946
lendingclub_imb77,gbdt,random,1.0,8,0.7801459977930566,0.0020530651770083626,0.5781628430925132,0.014502306808612277,0.06639927447215775,0.003907832740560707,0.15632568618502637,0.02900461361722445,235616.0,0.0,0.22392961428765448,0.0003005836312822317,584.8,35.89846793388265,341.2,15.319921670818035,341.2,15.319921670818035,2633.8,76.68572226953336,0.5840580595718725,0.017543550956245976,0.5840580595718725,0.017543550956245976,0.5531079345075731,0.0014804413576585084
lendingclub_imb77,gbdt,random,1.0,9,0.7807896882400901,0.0010906822874973496,0.5762364101939779,0.010470310133122988,0.06851523750022384,0.0013631790703782635,0.15247282038795573,0.020940620266245956,257568.0,0.0,0.22418235184494967,0.00021194872066155102,581.8,39.42968424930637,349.4,14.65605676844901,349.4,14.65605676844901,2983.2,84.55589867064273,0.6014827387869499,0.01995740749409828,0.6014827387869499,0.01995740749409828,0.5534132914832697,0.002765053299939355
lendingclub_imb77,gbdt,random,1.0,10,0.7794290211791643,0.0021907781623526543,0.5751826704225198,0.009990307345081014,0.06776256882127077,0.0020500245306745795,0.15036534084503955,0.019980614690162057,279520.0,0.0,0.22413423010875788,0.0,565.2,15.287249589118368,316.4,16.83151805393679,316.4,16.83151805393679,3299.6,86.46270872462874,0.5596198337986189,0.01993131529768656,0.5596198337986189,0.01993131529768656,0.5533005714310637,0.0015519510598649324
